order_date,category,orders,buyers,products,quantity,revenue
2024-04-16,남성,39,37,40,48,3000870
2024-04-16,자켓/ 베스트,4,4,5,5,613030
2024-04-16,셋업,6,6,6,6,584840
2024-04-16,라운드티,11,11,10,11,559640
2024-04-16,바람막이,4,4,3,4,538490
2024-04-16,긴바지,5,5,4,5,445280
2024-04-16,하이킹,4,4,4,4,400080
2024-04-16,여성,4,4,4,4,342200
2024-04-16,UNKNOWN,2,2,2,2,220020
2024-04-16,가방,3,3,2,3,199200
2024-04-16,등산화,1,1,1,1,163600
2024-04-16,상의,2,2,2,2,107580
2024-04-16,반바지,2,2,2,2,94940
2024-04-16,스니커즈,1,1,1,1,87570
2024-04-16,햇,2,2,1,2,56330
2024-04-16,맨투맨/후드티,1,1,1,1,44500
2024-04-16,장갑,1,1,1,1,33980
2024-04-17,남성,33,32,35,41,2456490
2024-04-17,라운드티,12,12,12,14,704210
2024-04-17,긴바지,8,8,6,8,618890
2024-04-17,자켓/ 베스트,3,3,3,3,440030
2024-04-17,하이킹,3,3,2,3,289170
2024-04-17,등산화,2,2,2,2,253400
2024-04-17,바람막이,2,2,2,2,237170
2024-04-17,UNKNOWN,1,1,1,1,154960
2024-04-17,셋업,1,1,1,1,109600
2024-04-17,반바지,2,2,2,2,107470
2024-04-17,스니커즈,1,1,1,1,79070
2024-04-17,상의,1,1,1,1,66670
2024-04-18,남성,28,28,28,46,2575050
2024-04-18,자켓/ 베스트,7,7,8,8,1197670
2024-04-18,라운드티,8,8,11,12,716560
2024-04-18,긴바지,5,5,4,5,458550
2024-04-18,하이킹,3,3,4,4,403200
2024-04-18,셋업,4,4,4,4,266060
2024-04-18,바람막이,2,2,2,2,172340
2024-04-18,등산화,1,1,1,1,111600
2024-04-18,스니커즈,1,1,1,1,89390
2024-04-18,상의,1,1,1,1,67170
2024-04-18,가방,1,1,1,1,64080
2024-04-18,반바지,1,1,1,1,22500
2024-04-19,남성,27,26,32,45,4954540
2024-04-19,바람막이,4,4,4,17,2709100
2024-04-19,라운드티,9,9,13,14,620750
2024-04-19,자켓/ 베스트,3,3,2,3,382610
2024-04-19,셋업,3,3,3,3,287160
2024-04-19,반바지,4,4,4,5,172220
2024-04-19,여성,2,2,2,2,148180
2024-04-19,긴바지,2,2,2,2,135220
2024-04-19,상의,2,2,2,2,131370
2024-04-19,스니커즈,1,1,1,1,95300
2024-04-19,하이킹,1,1,1,1,94300
2024-04-19,가방,1,1,1,1,69200
2024-04-19,햇,1,1,1,1,33550
2024-04-20,남성,36,36,38,48,3590960
2024-04-20,긴바지,4,4,4,5,562310
2024-04-20,라운드티,8,8,6,8,351900
2024-04-20,셋업,4,4,4,5,344470
2024-04-20,자켓/ 베스트,3,3,3,3,321380
2024-04-20,가방,3,3,2,3,267650
2024-04-20,트레일러닝,2,2,2,2,205100
2024-04-20,반바지,3,3,3,3,168000
2024-04-20,UNKNOWN,1,1,2,2,157410
2024-04-20,하이킹,1,1,1,1,78570
2024-04-20,여성,1,1,1,1,69100
2024-04-20,상의,1,1,1,1,68670
2024-04-20,햇,1,1,1,1,37680
2024-04-21,남성,32,32,34,45,1891460
2024-04-21,셋업,3,3,3,4,341960
2024-04-21,긴바지,5,5,3,5,333110
2024-04-21,하이킹,2,2,2,3,316300
2024-04-21,등산화,1,1,1,1,219000
2024-04-21,UNKNOWN,2,2,3,3,163350
2024-04-21,반바지,2,2,2,2,145980
2024-04-21,상의,2,2,2,2,136710
2024-04-21,자켓/ 베스트,1,1,1,1,114500
2024-04-21,라운드티,2,2,2,2,109880
2024-04-21,트레일러닝,1,1,1,1,91600
2024-04-21,가방,1,1,1,1,46080
2024-04-21,햇,1,1,1,1,40950
2024-04-21,장갑,1,1,1,1,27980
2024-04-22,남성,40,40,42,50,3541110
2024-04-22,자켓/ 베스트,6,5,6,7,1065820
2024-04-22,바람막이,6,6,4,6,661590
2024-04-22,긴바지,6,6,6,6,602200
2024-04-22,라운드티,7,6,8,9,543200
2024-04-22,가방,5,5,3,5,485380
2024-04-22,등산화,4,4,3,4,480150
2024-04-22,하이킹,3,3,3,3,307480
2024-04-22,여성,2,2,2,2,247700
2024-04-22,UNKNOWN,3,3,3,3,217700
2024-04-22,반바지,2,2,2,2,132250
2024-04-22,트레일러닝,1,1,1,1,109000
2024-04-22,카고/조거,1,1,1,1,97350
2024-04-22,셋업,2,2,2,2,91160
2024-04-22,상의,1,1,1,1,49500
2024-04-23,남성,22,21,24,32,1614760
2024-04-23,라운드티,6,6,9,9,500580
2024-04-23,긴바지,4,4,2,4,414880
2024-04-23,등산화,3,3,3,3,376640
2024-04-23,자켓/ 베스트,2,2,2,2,360280
2024-04-23,바람막이,3,3,3,3,324290
2024-04-23,하이킹,3,3,3,3,299330
2024-04-23,셋업,3,3,2,3,283140
2024-04-23,가방,3,3,2,3,201850
2024-04-23,반바지,3,3,3,3,158460
2024-04-23,상의,2,2,2,2,127120
2024-04-23,트레일러닝,1,1,1,1,89600
2024-04-23,스니커즈,1,1,1,1,87570
2024-04-23,UNKNOWN,1,1,1,1,55900
2024-04-23,여성,1,1,1,1,54500
2024-04-23,햇,1,1,1,1,33950
2024-04-24,남성,27,26,28,30,2284390
2024-04-24,긴바지,11,11,7,12,977070
2024-04-24,바람막이,4,4,4,6,550540
2024-04-24,라운드티,8,8,10,11,546180
2024-04-24,트레일러닝,4,3,4,4,402880
2024-04-24,상의,3,3,3,3,223320
2024-04-24,스니커즈,2,2,1,2,166140
2024-04-24,자켓/ 베스트,1,1,1,1,157680
2024-04-24,UNKNOWN,2,2,2,2,120520
2024-04-24,반바지,2,2,2,2,106270
2024-04-24,셋업,1,1,1,1,97060
2024-04-24,하이킹,1,1,1,1,89370
2024-04-24,등산화,1,1,1,1,79500
2024-04-25,남성,25,25,23,28,1929590
2024-04-25,자켓/ 베스트,4,4,3,5,610770
2024-04-25,라운드티,9,9,6,9,528160
2024-04-25,긴바지,4,4,4,4,401970
2024-04-25,트레일러닝,2,2,2,2,200600
2024-04-25,스니커즈,2,2,1,2,178870
2024-04-25,가방,2,2,1,2,166900
2024-04-25,셋업,1,1,1,1,150380
2024-04-25,여성,1,1,1,1,139000
2024-04-25,반바지,2,2,2,2,133200
2024-04-25,하이킹,1,1,1,1,112570
2024-04-25,등산화,1,1,1,1,79500
2024-04-25,상의,1,1,1,1,77980
2024-04-25,UNKNOWN,1,1,1,1,67940
2024-04-25,햇,1,1,1,1,39000
2024-04-26,남성,38,38,42,48,3524620
2024-04-26,긴바지,7,7,7,8,703340
2024-04-26,등산화,6,6,6,6,681720
2024-04-26,하이킹,7,7,3,8,629770
2024-04-26,셋업,7,7,7,7,609360
2024-04-26,라운드티,9,9,12,12,583890
2024-04-26,바람막이,5,5,3,5,536890
2024-04-26,여성,4,4,4,4,421460
2024-04-26,자켓/ 베스트,3,3,2,3,394360
2024-04-26,UNKNOWN,3,3,3,3,281770
2024-04-26,트레일러닝,2,2,1,2,182900
2024-04-26,반바지,4,4,3,4,164210
2024-04-26,스니커즈,1,1,1,1,82480
2024-04-26,상의,1,1,1,1,79200
2024-04-27,남성,35,34,40,46,3668090
2024-04-27,긴바지,6,6,5,6,621000
2024-04-27,라운드티,10,10,9,10,524850
2024-04-27,하이킹,5,5,4,5,402340
2024-04-27,자켓/ 베스트,2,2,2,2,400730
2024-04-27,가방,3,3,2,3,269290
2024-04-27,등산화,2,2,2,2,193180
2024-04-27,상의,3,3,3,3,172220
2024-04-27,바람막이,1,1,1,1,135200
2024-04-27,여성,1,1,1,1,111420
2024-04-27,UNKNOWN,1,1,1,1,99500
2024-04-27,셋업,1,1,1,1,71200
2024-04-27,햇,2,2,2,2,68020
2024-04-27,반바지,1,1,1,1,29630
2024-04-28,남성,43,43,42,47,3167340
2024-04-28,자켓/ 베스트,7,7,6,7,1153010
2024-04-28,라운드티,12,12,14,16,999010
2024-04-28,셋업,6,6,5,6,570050
2024-04-28,하이킹,5,5,5,5,552820
2024-04-28,UNKNOWN,6,6,4,6,482610
2024-04-28,긴바지,6,6,5,6,427690
2024-04-28,상의,5,5,4,6,420120
2024-04-28,가방,3,3,3,3,261390
2024-04-28,바람막이,1,1,1,1,163290
2024-04-28,여성,1,1,1,1,113180
2024-04-28,반바지,2,2,2,2,95160
2024-04-28,트레일러닝,1,1,1,1,87050
2024-04-28,셔츠,1,1,1,1,79040
2024-04-28,햇,1,1,1,1,34740
2024-04-29,남성,30,30,37,42,2374490
2024-04-29,긴바지,6,6,7,8,722130
2024-04-29,셋업,4,4,6,6,322010
2024-04-29,라운드티,7,7,8,8,320320
2024-04-29,바람막이,2,2,2,2,253420
2024-04-29,등산화,3,3,3,3,251840
2024-04-29,UNKNOWN,4,4,2,4,202260
2024-04-29,하이킹,2,2,2,2,158870
2024-04-29,가방,2,2,2,2,150130
2024-04-29,자켓/ 베스트,1,1,1,1,136300
2024-04-29,반바지,2,2,2,2,99980
2024-04-29,스니커즈,1,1,1,1,87570
2024-04-29,카고/조거,1,1,1,1,85020
2024-04-30,남성,43,42,37,48,3557340
2024-04-30,자켓/ 베스트,4,4,3,4,587840
2024-04-30,바람막이,6,5,3,6,521790
2024-04-30,긴바지,7,7,5,7,492880
2024-04-30,라운드티,8,8,10,10,439000
2024-04-30,등산화,3,3,3,3,384900
2024-04-30,하이킹,4,4,3,4,340410
2024-04-30,반바지,5,4,5,6,331500
2024-04-30,여성,5,3,4,5,320230
2024-04-30,UNKNOWN,3,3,3,3,201940
2024-04-30,가방,2,2,2,2,159610
2024-04-30,햇,3,3,1,3,104950
2024-04-30,트레일러닝,1,1,1,1,93600
2024-04-30,카고/조거,1,1,1,1,92320
2024-04-30,상의,1,1,1,1,70340
2024-04-30,셋업,1,1,1,1,67790
2024-05-01,남성,44,44,40,51,3052500
2024-05-01,긴바지,8,8,8,10,948560
2024-05-01,라운드티,10,10,9,12,697020
2024-05-01,여성,6,6,6,6,644830
2024-05-01,등산화,4,4,3,4,370680
2024-05-01,UNKNOWN,4,4,3,4,346260
2024-05-01,하이킹,4,4,3,4,295620
2024-05-01,바람막이,3,3,3,3,258100
2024-05-01,셋업,3,3,2,3,224580
2024-05-01,가방,2,2,2,2,177270
2024-05-01,반바지,1,1,2,2,102600
2024-05-01,맨투맨/후드티,1,1,1,1,85440
2024-05-01,햇,2,2,2,2,67050
2024-05-01,자켓/ 베스트,1,1,1,1,56400
2024-05-02,남성,51,50,55,69,4808320
2024-05-02,라운드티,18,18,17,23,1285100
2024-05-02,긴바지,10,10,10,11,915330
2024-05-02,여성,5,5,4,5,587930
2024-05-02,셋업,3,3,4,4,426800
2024-05-02,하이킹,4,4,3,5,371970
2024-05-02,자켓/ 베스트,2,2,2,2,352290
2024-05-02,UNKNOWN,2,2,3,3,228100
2024-05-02,반바지,3,3,3,3,167740
2024-05-02,상의,2,2,2,2,123520
2024-05-02,가방,1,1,1,1,60080
2024-05-02,셔츠,1,1,1,1,44500
2024-05-02,햇,1,1,1,1,34000
2024-05-03,남성,40,40,37,49,3099110
2024-05-03,라운드티,10,10,12,15,762480
2024-05-03,긴바지,3,3,5,5,497900
2024-05-03,가방,5,5,3,5,400360
2024-05-03,트레일러닝,4,4,3,4,390700
2024-05-03,하이킹,4,4,3,4,318370
2024-05-03,여성,2,2,2,2,280100
2024-05-03,바람막이,2,2,2,2,253780
2024-05-03,자켓/ 베스트,2,2,2,2,252950
2024-05-03,반바지,5,5,4,6,246330
2024-05-03,상의,2,2,2,2,158400
2024-05-03,UNKNOWN,2,2,2,2,145100
2024-05-03,등산화,1,1,1,1,94130
2024-05-03,카고/조거,1,1,1,1,82280
2024-05-03,햇,2,2,2,2,76350
2024-05-04,남성,35,35,30,40,2587260
2024-05-04,긴바지,5,5,4,5,444660
2024-05-04,라운드티,8,8,8,8,390630
2024-05-04,자켓/ 베스트,1,1,1,1,210780
2024-05-04,트레일러닝,2,2,1,2,200600
2024-05-04,여성,2,2,2,2,194880
2024-05-04,등산화,2,2,2,2,194520
2024-05-04,셋업,2,2,3,3,190350
2024-05-04,하이킹,2,2,2,2,150070
2024-05-04,바람막이,1,1,1,1,113180
2024-05-04,가방,1,1,1,1,112200
2024-05-04,반바지,2,2,2,2,104400
2024-05-04,UNKNOWN,1,1,1,1,88670
2024-05-04,폴로티/집업,1,1,1,1,62100
2024-05-05,남성,40,40,33,44,3299710
2024-05-05,바람막이,7,7,7,8,909110
2024-05-05,자켓/ 베스트,5,5,4,5,819250
2024-05-05,라운드티,9,9,11,11,641070
2024-05-05,긴바지,6,6,5,6,457300
2024-05-05,UNKNOWN,2,2,2,4,363850
2024-05-05,하이킹,3,3,3,3,287720
2024-05-05,반바지,4,4,5,5,245330
2024-05-05,방수자켓,2,2,2,2,220070
2024-05-05,셋업,2,2,2,2,187740
2024-05-05,등산화,1,1,1,1,161600
2024-05-05,가방,2,2,2,2,158770
2024-05-05,트레일러닝,1,1,1,1,109000
2024-05-05,맨투맨/후드티,1,1,1,1,80100
2024-05-05,햇,1,1,1,1,45500
2024-05-06,남성,40,39,44,50,4038480
2024-05-06,가방,4,4,3,4,416970
2024-05-06,여성,3,3,2,3,374090
2024-05-06,긴바지,3,3,3,3,280140
2024-05-06,UNKNOWN,3,3,2,3,278800
2024-05-06,스니커즈,2,2,2,2,241700
2024-05-06,라운드티,4,4,4,4,216760
2024-05-06,등산화,2,2,2,2,201270
2024-05-06,상의,3,3,2,3,199100
2024-05-06,자켓/ 베스트,1,1,1,1,164160
2024-05-06,하이킹,1,1,1,1,97300
2024-05-06,바람막이,1,1,1,1,79500
2024-05-06,반바지,2,2,2,2,59000
2024-05-06,셋업,1,1,1,1,53200
2024-05-06,햇,1,1,1,1,35950
2024-05-07,남성,44,44,49,54,2923400
2024-05-07,자켓/ 베스트,6,6,5,6,824550
2024-05-07,라운드티,9,9,10,11,639450
2024-05-07,바람막이,4,4,3,4,470210
2024-05-07,긴바지,6,6,6,6,468420
2024-05-07,등산화,4,4,4,4,450830
2024-05-07,하이킹,4,4,4,4,382100
2024-05-07,여성,2,2,2,2,229070
2024-05-07,UNKNOWN,3,3,3,3,208770
2024-05-07,가방,2,2,2,2,151070
2024-05-07,상의,2,2,2,2,145300
2024-05-07,반바지,4,4,4,4,120420
2024-05-07,스니커즈,1,1,1,1,116600
2024-05-07,햇,2,2,1,2,78630
2024-05-07,폴로티/집업,1,1,1,1,71100
2024-05-07,셋업,1,1,1,1,57900
2024-05-08,남성,40,39,41,46,3435800
2024-05-08,자켓/ 베스트,4,4,4,5,795330
2024-05-08,셋업,7,7,8,8,714350
2024-05-08,바람막이,4,4,4,6,639620
2024-05-08,라운드티,8,8,12,12,552470
2024-05-08,여성,5,5,5,5,521900
2024-05-08,긴바지,6,6,5,6,375090
2024-05-08,등산화,3,3,2,3,345760
2024-05-08,하이킹,4,4,4,4,320370
2024-05-08,UNKNOWN,2,2,2,2,239100
2024-05-08,셔츠,2,2,1,2,122600
2024-05-08,트레일러닝,1,1,1,1,109000
2024-05-08,반바지,2,2,2,2,102270
2024-05-08,맨투맨/후드티,1,1,1,1,87870
2024-05-08,상의,1,1,1,1,73160
2024-05-08,폴로티/집업,1,1,1,1,71100
2024-05-08,가방,1,1,1,1,60850
2024-05-08,햇,1,1,1,1,45500
2024-05-09,남성,29,29,34,34,2161610
2024-05-09,여성,5,5,4,5,610040
2024-05-09,긴바지,6,6,6,6,512250
2024-05-09,자켓/ 베스트,3,3,3,3,466020
2024-05-09,바람막이,3,3,2,3,365240
2024-05-09,UNKNOWN,4,4,4,5,305620
2024-05-09,셋업,3,3,4,4,287570
2024-05-09,상의,2,2,3,3,211090
2024-05-09,트레일러닝,2,2,1,2,188040
2024-05-09,라운드티,3,3,3,3,150990
2024-05-09,하이킹,2,2,2,2,122640
2024-05-09,반바지,2,2,2,2,113820
2024-05-09,스니커즈,1,1,1,1,111600
2024-05-09,카고/조거,1,1,1,1,101430
2024-05-09,등산화,1,1,1,1,91170
2024-05-09,햇,1,1,2,2,79900
2024-05-09,폴로티/집업,1,1,1,1,71100
2024-05-09,가방,1,1,1,1,65120
2024-05-10,남성,46,45,41,65,3641000
2024-05-10,라운드티,6,6,7,20,766410
2024-05-10,긴바지,7,7,7,7,550590
2024-05-10,하이킹,4,4,4,4,370000
2024-05-10,바람막이,2,2,2,2,245230
2024-05-10,반바지,4,4,3,4,197400
2024-05-10,가방,2,2,1,2,159810
2024-05-10,셔츠,1,1,2,2,153770
2024-05-10,등산화,1,1,1,1,147600
2024-05-10,상의,2,2,2,2,124020
2024-05-10,맨투맨/후드티,1,1,1,1,89000
2024-05-10,UNKNOWN,1,1,1,1,76630
2024-05-10,여성,1,1,1,1,74500
2024-05-10,셋업,1,1,1,1,61510
2024-05-10,자켓/ 베스트,1,1,1,1,60260
2024-05-10,햇,2,2,1,2,59020
2024-05-11,남성,38,38,39,44,2919200
2024-05-11,긴바지,5,5,5,6,516810
2024-05-11,자켓/ 베스트,3,3,3,3,488940
2024-05-11,셋업,4,4,5,5,391030
2024-05-11,등산화,3,3,3,3,390380
2024-05-11,라운드티,6,6,8,8,340800
2024-05-11,상의,3,3,4,4,277160
2024-05-11,바람막이,2,2,2,2,218100
2024-05-11,트레일러닝,2,2,2,2,216000
2024-05-11,여성,2,2,2,2,197380
2024-05-11,하이킹,1,1,2,2,185270
2024-05-11,스니커즈,1,1,1,1,120600
2024-05-11,반바지,2,2,2,2,91860
2024-05-11,맨투맨/후드티,1,1,1,1,44500
2024-05-11,햇,1,1,1,1,36950
2024-05-12,남성,41,41,40,48,2595720
2024-05-12,긴바지,10,10,7,10,961600
2024-05-12,등산화,6,6,4,6,667180
2024-05-12,자켓/ 베스트,3,3,3,3,479940
2024-05-12,셋업,4,4,5,5,411520
2024-05-12,라운드티,6,6,8,8,401530
2024-05-12,하이킹,2,2,3,3,383300
2024-05-12,바람막이,3,3,3,3,315350
2024-05-12,가방,4,4,3,4,297300
2024-05-12,반바지,3,3,3,3,167640
2024-05-12,여성,1,1,1,1,120990
2024-05-12,트레일러닝,1,1,1,1,102000
2024-05-12,상의,1,1,1,1,71280
2024-05-12,햇,1,1,1,1,42110
2024-05-12,장갑,1,1,1,1,23110
2024-05-13,남성,34,34,37,42,2946590
2024-05-13,등산화,4,4,2,5,517820
2024-05-13,상의,6,6,4,6,411760
2024-05-13,라운드티,7,7,8,8,397460
2024-05-13,긴바지,4,4,4,4,340120
2024-05-13,하이킹,3,3,3,3,311080
2024-05-13,여성,4,4,4,4,246570
2024-05-13,자켓/ 베스트,2,2,2,2,244480
2024-05-13,바람막이,2,2,2,2,205100
2024-05-13,UNKNOWN,2,2,2,3,191860
2024-05-13,반바지,3,3,3,3,183130
2024-05-13,방수자켓,1,1,1,1,124350
2024-05-13,셋업,2,2,2,2,101360
2024-05-13,가방,1,1,1,1,93780
2024-05-14,남성,30,30,30,33,2524840
2024-05-14,라운드티,8,8,8,9,512330
2024-05-14,스니커즈,5,5,3,5,466430
2024-05-14,긴바지,5,5,4,5,332900
2024-05-14,UNKNOWN,4,4,3,5,294500
2024-05-14,여성,3,3,3,3,292230
2024-05-14,등산화,1,1,1,1,175530
2024-05-14,자켓/ 베스트,1,1,1,1,157680
2024-05-14,셋업,2,2,2,2,134400
2024-05-14,트레일러닝,1,1,1,1,91600
2024-05-14,반바지,2,2,2,2,74500
2024-05-14,가방,1,1,1,1,61790
2024-05-14,바람막이,1,1,1,1,49500
2024-05-15,남성,45,45,44,55,3661450
2024-05-15,자켓/ 베스트,6,6,6,6,1019600
2024-05-15,라운드티,13,13,15,16,884240
2024-05-15,하이킹,5,5,5,7,830400
2024-05-15,등산화,5,5,4,5,711920
2024-05-15,셋업,6,6,6,7,697470
2024-05-15,긴바지,8,8,9,9,685920
2024-05-15,바람막이,4,4,3,4,485380
2024-05-15,스니커즈,4,4,3,4,401590
2024-05-15,트레일러닝,3,3,2,3,290290
2024-05-15,반바지,4,4,4,5,195600
2024-05-15,상의,2,2,1,2,148480
2024-05-15,UNKNOWN,2,2,2,2,93500
2024-05-15,가방,1,1,1,1,62080
2024-05-15,여성,1,1,1,1,61390
2024-05-15,햇,1,1,1,1,33100
2024-05-15,캡,1,1,1,1,23210
2024-05-16,남성,39,38,37,47,3246090
2024-05-16,라운드티,9,9,11,13,722650
2024-05-16,긴바지,7,7,6,7,512520
2024-05-16,UNKNOWN,4,4,4,4,407720
2024-05-16,자켓/ 베스트,2,2,1,2,308250
2024-05-16,등산화,3,3,1,3,283010
2024-05-16,바람막이,2,2,2,2,194680
2024-05-16,반바지,3,3,4,4,150000
2024-05-16,트레일러닝,1,1,1,1,96300
2024-05-16,가방,1,1,1,1,92300
2024-05-17,남성,30,30,31,35,2089870
2024-05-17,라운드티,7,7,8,8,424670
2024-05-17,자켓/ 베스트,3,3,3,3,342960
2024-05-17,긴바지,4,4,3,4,310780
2024-05-17,하이킹,2,2,2,2,249220
2024-05-17,UNKNOWN,2,2,1,2,128000
2024-05-17,셋업,1,1,1,1,99000
2024-05-17,등산화,1,1,1,1,95230
2024-05-17,반바지,1,1,1,1,49000
2024-05-18,남성,34,34,35,39,2409620
2024-05-18,긴바지,4,4,5,5,484230
2024-05-18,등산화,4,4,4,4,467850
2024-05-18,라운드티,5,5,6,7,398900
2024-05-18,하이킹,4,4,3,4,368400
2024-05-18,자켓/ 베스트,1,1,1,1,160380
2024-05-18,반바지,1,1,2,2,140200
2024-05-18,여성,1,1,1,1,102600
2024-05-18,가방,1,1,1,1,87570
2024-05-18,스니커즈,1,1,1,1,79330
2024-05-18,상의,1,1,1,1,74450
2024-05-18,셋업,1,1,1,1,61210
2024-05-18,UNKNOWN,1,1,1,1,34500
2024-05-19,남성,36,36,42,46,3256240
2024-05-19,라운드티,8,8,10,10,538680
2024-05-19,여성,4,4,2,4,525150
2024-05-19,UNKNOWN,5,5,3,5,524230
2024-05-19,긴바지,4,4,5,5,473400
2024-05-19,셋업,2,2,3,3,274380
2024-05-19,하이킹,2,2,2,2,210470
2024-05-19,등산화,2,2,2,2,202970
2024-05-19,반바지,3,3,4,4,176700
2024-05-19,가방,2,2,2,2,158770
2024-05-19,스니커즈,2,2,1,2,143600
2024-05-19,햇,2,2,1,2,72070
2024-05-19,셔츠,1,1,1,1,44500
2024-05-20,남성,41,41,44,71,4490060
2024-05-20,등산화,2,2,2,8,848040
2024-05-20,긴바지,4,4,4,4,339580
2024-05-20,라운드티,5,5,5,5,266400
2024-05-20,UNKNOWN,3,3,3,4,255300
2024-05-20,여성,2,2,2,2,240600
2024-05-20,자켓/ 베스트,1,1,1,1,174420
2024-05-20,셋업,2,2,2,2,151300
2024-05-20,바람막이,1,1,1,1,149350
2024-05-20,하이킹,2,2,1,2,146310
2024-05-20,상의,2,2,1,2,133910
2024-05-20,햇,4,4,1,4,129890
2024-05-20,트레일러닝,1,1,1,1,91600
2024-05-20,가방,1,1,1,1,69910
2024-05-20,장갑,1,1,1,1,39430
2024-05-20,반바지,1,1,1,1,35000
2024-05-21,남성,34,34,42,49,3080760
2024-05-21,긴바지,8,8,8,8,744600
2024-05-21,자켓/ 베스트,3,3,2,3,482060
2024-05-21,라운드티,7,7,8,8,421230
2024-05-21,UNKNOWN,4,4,3,4,370470
2024-05-21,하이킹,2,2,2,2,210470
2024-05-21,바람막이,1,1,1,1,130540
2024-05-21,셋업,2,2,1,2,127400
2024-05-21,트레일러닝,1,1,1,1,104100
2024-05-21,맨투맨/후드티,1,1,1,1,89000
2024-05-21,가방,1,1,1,1,86290
2024-05-21,상의,1,1,1,1,79200
2024-05-21,여성,1,1,1,1,70980
2024-05-21,반바지,1,1,1,1,31650
2024-05-21,햇,1,1,1,1,28100
2024-05-22,남성,30,30,31,34,2384320
2024-05-22,바람막이,3,3,3,3,422950
2024-05-22,라운드티,4,4,9,9,407640
2024-05-22,긴바지,5,5,5,5,354800
2024-05-22,하이킹,3,3,3,3,265480
2024-05-22,가방,3,3,2,3,204900
2024-05-22,햇,4,4,2,5,191710
2024-05-22,자켓/ 베스트,1,1,1,1,153180
2024-05-22,상의,2,2,2,2,150520
2024-05-22,등산화,1,1,1,1,147600
2024-05-22,반바지,3,3,3,3,138320
2024-05-22,여성,1,1,1,1,132580
2024-05-22,UNKNOWN,2,2,2,2,115200
2024-05-22,스니커즈,1,1,1,1,75060
2024-05-22,캡,2,2,1,2,40120
2024-05-23,남성,27,27,29,33,2255470
2024-05-23,긴바지,9,9,11,11,814660
2024-05-23,라운드티,9,9,9,11,530820
2024-05-23,셋업,4,4,4,4,316270
2024-05-23,자켓/ 베스트,2,2,2,2,310860
2024-05-23,하이킹,2,2,2,2,247670
2024-05-23,여성,3,3,3,3,220000
2024-05-23,바람막이,1,1,1,1,116600
2024-05-23,트레일러닝,1,1,1,1,100920
2024-05-23,햇,1,1,2,2,76560
2024-05-23,스니커즈,1,1,1,1,75060
2024-05-23,셔츠,1,1,1,1,74380
2024-05-23,캡,1,1,1,1,35400
2024-05-23,장갑,1,1,1,1,24450
2024-05-24,남성,30,28,31,41,2098340
2024-05-24,라운드티,9,9,9,13,672720
2024-05-24,긴바지,5,5,5,5,470040
2024-05-24,UNKNOWN,5,5,4,6,405190
2024-05-24,하이킹,2,2,1,2,245370
2024-05-24,여성,3,3,3,3,225800
2024-05-24,가방,2,2,2,2,185740
2024-05-24,등산화,1,1,1,1,93670
2024-05-24,상의,1,1,1,1,90860
2024-05-24,스니커즈,1,1,1,1,73060
2024-05-24,바람막이,1,1,1,1,69500
2024-05-24,자켓/ 베스트,1,1,1,1,64260
2024-05-24,셋업,1,1,1,1,61820
2024-05-24,캡,2,2,2,2,58800
2024-05-24,반바지,1,1,1,1,39500
2024-05-25,남성,19,19,24,24,1787330
2024-05-25,라운드티,6,6,7,7,368750
2024-05-25,스니커즈,2,2,2,3,273000
2024-05-25,긴바지,3,3,2,3,245700
2024-05-25,여성,2,2,2,2,167580
2024-05-25,셋업,2,2,2,2,162830
2024-05-25,자켓/ 베스트,1,1,1,1,156380
2024-05-25,UNKNOWN,2,2,2,2,120480
2024-05-25,바람막이,1,1,1,1,101970
2024-05-25,셔츠,1,1,1,1,89000
2024-05-25,하이킹,1,1,1,1,76850
2024-05-25,상의,1,1,1,1,76840
2024-05-25,햇,1,1,1,1,45500
2024-05-26,남성,37,37,35,42,2916240
2024-05-26,라운드티,12,12,15,19,906060
2024-05-26,긴바지,5,5,4,6,656210
2024-05-26,바람막이,5,5,4,5,603950
2024-05-26,여성,4,4,4,5,477280
2024-05-26,가방,4,4,3,4,334180
2024-05-26,자켓/ 베스트,2,2,2,2,276480
2024-05-26,등산화,2,2,2,2,213870
2024-05-26,UNKNOWN,2,2,1,2,130440
2024-05-26,상의,2,2,2,2,124850
2024-05-26,햇,1,1,2,2,79900
2024-05-26,반바지,2,2,2,2,70730
2024-05-26,캡,1,1,1,1,23400
2024-05-26,액세서리,1,1,2,2,7500
2024-05-27,남성,44,43,48,60,3491940
2024-05-27,긴바지,13,13,13,15,1397230
2024-05-27,라운드티,14,14,20,22,1113950
2024-05-27,셋업,8,8,6,8,940790
2024-05-27,여성,4,4,4,4,383280
2024-05-27,자켓/ 베스트,2,2,2,2,350960
2024-05-27,하이킹,3,3,3,3,300630
2024-05-27,반바지,4,4,4,4,191500
2024-05-27,스니커즈,2,2,2,2,156460
2024-05-27,상의,2,2,2,2,155240
2024-05-27,UNKNOWN,2,2,2,2,128700
2024-05-27,등산화,1,1,1,1,111600
2024-05-27,트레일러닝,1,1,1,1,107000
2024-05-27,바람막이,1,1,1,1,95210
2024-05-27,셔츠,1,1,1,1,89000
2024-05-27,폴로티/집업,1,1,1,1,71100
2024-05-27,캡,1,1,1,2,63720
2024-05-27,가방,1,1,1,1,54070
2024-05-27,액세서리,1,1,2,2,15000
2024-05-28,남성,30,28,34,59,3323540
2024-05-28,긴바지,6,6,7,9,857370
2024-05-28,자켓/ 베스트,4,4,4,4,674030
2024-05-28,트레일러닝,4,4,4,5,479900
2024-05-28,라운드티,7,7,8,8,475610
2024-05-28,UNKNOWN,5,5,3,6,440850
2024-05-28,폴로티/집업,3,2,2,9,385100
2024-05-28,하이킹,2,2,3,3,299300
2024-05-28,여성,3,3,3,3,288600
2024-05-28,바람막이,2,2,1,2,208440
2024-05-28,등산화,1,1,1,1,79500
2024-05-28,반바지,2,2,1,2,76020
2024-05-28,셋업,1,1,1,1,70190
2024-05-28,상의,1,1,1,1,65200
2024-05-28,캡,1,1,1,1,35400
2024-05-28,햇,1,1,1,1,33830
2024-05-28,액세서리,1,1,2,2,15000
2024-05-29,남성,26,26,32,37,2168350
2024-05-29,자켓/ 베스트,5,5,5,5,623830
2024-05-29,긴바지,7,7,6,8,575310
2024-05-29,라운드티,8,8,11,13,574680
2024-05-29,UNKNOWN,3,3,3,3,338900
2024-05-29,등산화,3,3,3,3,308630
2024-05-29,가방,3,3,2,3,271930
2024-05-29,여성,2,2,2,2,234200
2024-05-29,바람막이,2,2,1,2,228570
2024-05-29,방수자켓,1,1,1,2,225700
2024-05-29,셋업,2,2,3,3,217600
2024-05-29,상의,2,2,2,2,127400
2024-05-29,반바지,2,2,2,2,74500
2024-05-29,하이킹,1,1,1,1,72700
2024-05-29,캡,2,2,1,2,49220
2024-05-29,햇,1,1,1,1,36710
2024-05-29,액세서리,2,2,2,2,11350
2024-05-30,남성,37,35,40,52,3987430
2024-05-30,긴바지,5,5,5,6,515710
2024-05-30,라운드티,8,7,7,10,451710
2024-05-30,UNKNOWN,4,4,3,5,392210
2024-05-30,셋업,3,3,3,3,251650
2024-05-30,하이킹,1,1,1,1,160300
2024-05-30,바람막이,1,1,1,1,150650
2024-05-30,등산화,1,1,1,1,103200
2024-05-30,맨투맨/후드티,1,1,2,2,89000
2024-05-30,여성,1,1,1,1,74500
2024-05-30,반바지,1,1,1,1,69100
2024-05-30,상의,1,1,1,1,61140
2024-05-30,자켓/ 베스트,1,1,1,1,59500
2024-05-30,가방,1,1,1,1,50340
2024-05-30,햇,1,1,1,1,34550
2024-05-30,액세서리,2,2,3,4,21120
2024-05-30,캡,1,1,1,1,21060
2024-05-31,남성,19,19,27,30,1905470
2024-05-31,긴바지,6,6,7,7,650380
2024-05-31,라운드티,7,7,8,9,454830
2024-05-31,바람막이,3,3,1,3,318040
2024-05-31,하이킹,3,3,3,3,282920
2024-05-31,셋업,2,2,2,2,228500
2024-05-31,자켓/ 베스트,1,1,1,1,165470
2024-05-31,등산화,1,1,1,1,93430
2024-05-31,햇,1,1,2,2,88180
2024-05-31,반바지,1,1,1,1,69100
2024-05-31,액세서리,1,1,3,7,50870
2024-05-31,가방,1,1,1,1,49070
2024-06-01,남성,25,25,33,38,2805120
2024-06-01,바람막이,3,3,3,3,363850
2024-06-01,라운드티,7,7,7,7,344120
2024-06-01,긴바지,3,3,5,5,323440
2024-06-01,등산화,3,3,2,3,278530
2024-06-01,상의,2,2,2,2,143530
2024-06-01,셋업,1,1,1,1,94730
2024-06-01,반바지,1,1,1,1,69100
2024-06-01,가방,1,1,1,1,54070
2024-06-01,UNKNOWN,1,1,1,1,44500
2024-06-01,햇,1,1,1,1,36650
2024-06-01,캡,1,1,1,1,35000
2024-06-02,남성,28,27,35,37,1856300
2024-06-02,라운드티,12,12,11,12,617720
2024-06-02,긴바지,5,5,3,5,438850
2024-06-02,여성,2,2,1,2,242110
2024-06-02,바람막이,2,2,1,2,205580
2024-06-02,자켓/ 베스트,1,1,1,1,160380
2024-06-02,UNKNOWN,2,2,2,2,141880
2024-06-02,셔츠,1,1,1,1,87540
2024-06-02,가방,1,1,1,1,83570
2024-06-02,셋업,1,1,1,1,45200
2024-06-02,반바지,1,1,1,1,31980
2024-06-03,남성,35,35,37,43,2842860
2024-06-03,자켓/ 베스트,3,3,3,3,544290
2024-06-03,라운드티,5,5,6,7,434350
2024-06-03,하이킹,3,3,3,3,368640
2024-06-03,긴바지,5,5,4,5,353860
2024-06-03,등산화,3,3,2,3,305140
2024-06-03,바람막이,2,2,2,2,253970
2024-06-03,가방,3,3,3,3,240740
2024-06-03,셋업,2,2,2,2,231780
2024-06-03,여성,1,1,1,1,115180
2024-06-03,트레일러닝,1,1,1,1,109000
2024-06-03,상의,1,1,1,1,67200
2024-06-03,햇,1,1,1,1,40950
2024-06-03,반바지,1,1,1,1,39200
2024-06-04,남성,32,32,37,45,2432040
2024-06-04,라운드티,14,14,12,16,802430
2024-06-04,긴바지,7,7,7,8,800390
2024-06-04,UNKNOWN,4,4,4,4,393030
2024-06-04,바람막이,2,2,2,2,287280
2024-06-04,등산화,2,2,2,2,262670
2024-06-04,여성,2,2,2,2,247300
2024-06-04,셋업,2,2,2,2,226200
2024-06-04,반바지,4,4,4,4,181840
2024-06-04,가방,2,2,2,2,159690
2024-06-04,하이킹,1,1,1,1,137770
2024-06-04,캡,2,2,2,3,63180
2024-06-04,장갑,1,1,1,1,32000
2024-06-05,남성,17,17,18,18,1280000
2024-06-05,긴바지,5,4,5,5,454060
2024-06-05,라운드티,6,6,7,7,306460
2024-06-05,자켓/ 베스트,2,2,2,2,218680
2024-06-05,여성,2,2,2,2,216730
2024-06-05,등산화,2,2,2,2,205270
2024-06-05,캡,4,4,2,4,106680
2024-06-05,맨투맨/후드티,1,1,1,1,89000
2024-06-05,반바지,1,1,1,1,49000
2024-06-06,남성,29,29,30,34,2421030
2024-06-06,라운드티,11,11,9,11,587700
2024-06-06,긴바지,5,5,5,5,356160
2024-06-06,여성,3,3,3,3,238860
2024-06-06,UNKNOWN,3,3,2,3,213700
2024-06-06,자켓/ 베스트,2,2,2,2,208940
2024-06-06,셋업,2,2,3,3,207360
2024-06-06,바람막이,2,2,2,2,200440
2024-06-06,하이킹,2,2,2,2,151070
2024-06-06,상의,1,1,1,1,70340
2024-06-06,스니커즈,1,1,1,1,65220
2024-06-06,캡,1,1,1,1,31860
2024-06-06,햇,1,1,1,1,19500
2024-06-07,남성,28,28,33,35,2838930
2024-06-07,라운드티,12,12,13,14,691120
2024-06-07,셋업,3,3,3,3,373940
2024-06-07,긴바지,4,4,4,4,325760
2024-06-07,UNKNOWN,4,4,3,4,247440
2024-06-07,바람막이,2,2,2,2,211570
2024-06-07,트레일러닝,1,1,1,1,102900
2024-06-07,카고/조거,1,1,1,1,99240
2024-06-07,등산화,1,1,1,1,93670
2024-06-07,상의,1,1,1,1,75820
2024-06-07,하이킹,1,1,1,1,74700
2024-06-07,폴로티/집업,1,1,1,1,65810
2024-06-07,자켓/ 베스트,1,1,1,1,51320
2024-06-07,셔츠,1,1,1,1,44500
2024-06-07,햇,1,1,1,1,38950
2024-06-08,남성,29,29,30,34,2325090
2024-06-08,긴바지,7,7,6,7,782460
2024-06-08,자켓/ 베스트,3,3,3,3,427420
2024-06-08,라운드티,5,5,5,7,413940
2024-06-08,하이킹,2,2,3,3,373830
2024-06-08,여성,3,3,3,3,331800
2024-06-08,방수자켓,2,2,1,2,248000
2024-06-08,셋업,2,2,2,2,196030
2024-06-08,반바지,2,2,2,2,150100
2024-06-08,등산화,1,1,1,1,107970
2024-06-08,바람막이,1,1,1,1,98410
2024-06-08,가방,1,1,1,1,85570
2024-06-08,UNKNOWN,1,1,1,1,57790
2024-06-09,남성,23,23,26,29,1896460
2024-06-09,긴바지,11,11,10,11,1177770
2024-06-09,라운드티,12,11,11,15,699640
2024-06-09,셋업,4,4,4,4,641360
2024-06-09,여성,2,2,2,2,236280
2024-06-09,하이킹,2,2,2,2,233000
2024-06-09,자켓/ 베스트,2,2,2,2,201320
2024-06-09,바람막이,2,2,2,2,179630
2024-06-09,반바지,4,4,4,5,178700
2024-06-09,등산화,1,1,1,1,117180
2024-06-09,가방,1,1,1,1,87570
2024-06-09,셔츠,1,1,1,1,67830
2024-06-09,UNKNOWN,1,1,1,1,67820
2024-06-09,상의,1,1,1,1,61310
2024-06-09,캡,2,2,1,2,52720
2024-06-09,햇,1,1,1,1,22750
2024-06-10,남성,35,35,35,48,2749060
2024-06-10,라운드티,11,11,13,16,888430
2024-06-10,긴바지,6,6,6,6,628500
2024-06-10,하이킹,3,3,2,3,433840
2024-06-10,트레일러닝,2,2,2,2,192040
2024-06-10,반바지,3,3,3,3,163690
2024-06-10,바람막이,1,1,1,1,148530
2024-06-10,셋업,2,2,1,2,137710
2024-06-10,스니커즈,2,2,1,2,136670
2024-06-10,가방,2,2,2,2,132640
2024-06-10,UNKNOWN,1,1,1,1,99170
2024-06-10,등산화,1,1,1,1,95670
2024-06-10,상의,1,1,1,1,67280
2024-06-10,자켓/ 베스트,1,1,1,1,58500
2024-06-10,맨투맨/후드티,1,1,1,1,54700
2024-06-10,캡,2,2,2,2,45710
2024-06-10,여성,1,1,1,1,34500
2024-06-11,남성,27,27,31,42,1667790
2024-06-11,라운드티,16,16,17,22,991970
2024-06-11,긴바지,4,4,4,4,415490
2024-06-11,여성,2,2,2,2,228600
2024-06-11,셋업,2,2,2,2,191600
2024-06-11,방수자켓,1,1,1,1,129000
2024-06-11,폴로티/집업,2,2,1,2,114730
2024-06-11,반바지,2,2,2,2,86160
2024-06-11,바람막이,1,1,1,1,84500
2024-06-11,햇,2,2,2,2,74050
2024-06-11,가방,1,1,1,1,60300
2024-06-11,캡,1,1,1,1,23400
2024-06-12,남성,33,33,36,47,2487930
2024-06-12,라운드티,12,12,11,15,748590
2024-06-12,긴바지,6,6,4,6,504780
2024-06-12,가방,3,3,2,5,356520
2024-06-12,바람막이,2,2,1,2,263300
2024-06-12,자켓/ 베스트,1,1,1,1,153180
2024-06-12,상의,2,2,2,2,148850
2024-06-12,여성,1,1,1,1,129600
2024-06-12,방수자켓,1,1,1,1,116100
2024-06-12,등산화,1,1,1,1,100170
2024-06-12,셋업,1,1,1,1,95200
2024-06-12,반바지,2,2,2,2,88580
2024-06-12,UNKNOWN,1,1,1,1,60100
2024-06-12,크로스/토트백,1,1,1,1,22250
2024-06-13,남성,36,36,41,51,3500080
2024-06-13,라운드티,12,12,15,19,843000
2024-06-13,긴바지,4,4,5,5,381450
2024-06-13,반바지,4,4,6,6,373500
2024-06-13,여성,3,3,3,3,313100
2024-06-13,하이킹,2,2,2,2,235000
2024-06-13,상의,2,2,2,3,208400
2024-06-13,UNKNOWN,3,3,2,4,200100
2024-06-13,자켓/ 베스트,2,2,2,2,192860
2024-06-13,바람막이,1,1,1,1,98210
2024-06-13,가방,1,1,1,1,87370
2024-06-13,셋업,1,1,1,1,49140
2024-06-13,셔츠,1,1,1,1,44500
2024-06-13,햇,1,1,1,1,42010
2024-06-13,캡,1,1,1,1,19210
2024-06-14,남성,64,62,63,81,5491360
2024-06-14,라운드티,50,49,34,72,2991030
2024-06-14,긴바지,22,22,13,22,1715750
2024-06-14,셋업,14,14,14,18,1603200
2024-06-14,여성,10,10,9,14,806280
2024-06-14,UNKNOWN,6,6,4,6,475900
2024-06-14,자켓/ 베스트,3,3,3,3,394850
2024-06-14,상의,3,3,1,3,206860
2024-06-14,반바지,5,5,4,5,192700
2024-06-14,등산화,2,2,2,2,179670
2024-06-14,바람막이,1,1,1,1,159000
2024-06-14,가방,2,2,2,2,145570
2024-06-14,셔츠,2,2,1,2,124160
2024-06-14,트레일러닝,1,1,1,1,109000
2024-06-14,하이킹,1,1,1,1,71000
2024-06-14,카고/조거,1,1,1,1,64500
2024-06-14,맨투맨/후드티,1,1,1,1,60550
2024-06-14,폴로티/집업,1,1,1,1,53200
2024-06-15,남성,21,21,24,29,1560630
2024-06-15,라운드티,25,25,25,34,1459800
2024-06-15,긴바지,7,7,7,9,708310
2024-06-15,셋업,4,4,4,4,400280
2024-06-15,반바지,3,3,4,4,170130
2024-06-15,하이킹,1,1,1,1,160300
2024-06-15,바람막이,1,1,1,1,138600
2024-06-15,UNKNOWN,2,2,1,2,138000
2024-06-15,여성,2,2,2,2,73490
2024-06-15,상의,1,1,1,1,62370
2024-06-15,캡,1,1,1,1,23400
2024-06-16,남성,42,42,45,56,3116570
2024-06-16,긴바지,17,17,14,19,1501180
2024-06-16,라운드티,23,23,26,33,1395580
2024-06-16,여성,7,7,5,7,653500
2024-06-16,등산화,4,4,4,5,561540
2024-06-16,반바지,7,7,7,9,331450
2024-06-16,자켓/ 베스트,3,3,3,3,327900
2024-06-16,셋업,4,4,3,4,272180
2024-06-16,가방,3,3,2,3,218300
2024-06-16,UNKNOWN,3,3,2,3,174930
2024-06-16,바람막이,1,1,1,1,98580
2024-06-16,하이킹,1,1,1,1,81000
2024-06-16,방수자켓,1,1,1,1,76060
2024-06-16,셔츠,1,1,1,1,71200
2024-06-16,상의,1,1,1,1,57370
2024-06-17,남성,32,31,35,41,2567500
2024-06-17,라운드티,24,24,24,32,1248300
2024-06-17,긴바지,13,13,11,15,1118050
2024-06-17,셋업,6,6,6,6,582420
2024-06-17,자켓/ 베스트,3,3,3,3,483070
2024-06-17,하이킹,2,2,2,3,390100
2024-06-17,여성,5,5,5,5,387350
2024-06-17,UNKNOWN,4,4,2,4,366720
2024-06-17,반바지,6,6,5,7,249640
2024-06-17,가방,3,3,3,3,173520
2024-06-17,상의,2,2,2,2,125730
2024-06-17,등산화,1,1,1,1,94500
2024-06-17,바람막이,1,1,1,1,79270
2024-06-17,스니커즈,1,1,1,1,73060
2024-06-17,맨투맨/후드티,1,1,1,1,62300
2024-06-18,남성,40,39,43,55,3850460
2024-06-18,라운드티,27,27,23,40,1595840
2024-06-18,긴바지,9,9,8,9,742980
2024-06-18,여성,8,8,7,8,688800
2024-06-18,셋업,9,9,6,9,548120
2024-06-18,가방,5,5,3,5,386010
2024-06-18,등산화,1,1,2,2,299070
2024-06-18,UNKNOWN,5,5,3,5,280630
2024-06-18,반바지,6,6,4,6,253070
2024-06-18,하이킹,2,2,2,2,214470
2024-06-18,햇,2,2,3,4,159200
2024-06-18,상의,2,2,2,2,122740
2024-06-18,트레일러닝,1,1,1,1,93600
2024-06-18,방수자켓,1,1,1,1,89210
2024-06-18,맨투맨/후드티,1,1,1,1,62300
2024-06-18,셔츠,1,1,1,1,57080
2024-06-19,남성,53,52,55,74,4439670
2024-06-19,라운드티,27,27,21,39,1630630
2024-06-19,긴바지,11,11,8,14,976980
2024-06-19,UNKNOWN,5,5,4,5,370320
2024-06-19,여성,3,3,3,3,246150
2024-06-19,셋업,4,4,4,4,235860
2024-06-19,반바지,6,6,4,6,190310
2024-06-19,가방,2,2,2,2,139560
2024-06-19,자켓/ 베스트,1,1,1,1,133470
2024-06-19,맨투맨/후드티,2,2,2,2,116370
2024-06-19,트레일러닝,1,1,1,1,107500
2024-06-19,바람막이,1,1,1,1,101970
2024-06-19,셔츠,1,1,1,1,67260
2024-06-19,폴로티/집업,1,1,1,1,56880
2024-06-19,크로스/토트백,1,1,1,1,27500
2024-06-19,캡,1,1,1,1,23400
2024-06-20,남성,37,36,37,43,2184270
2024-06-20,라운드티,29,29,22,34,1433360
2024-06-20,자켓/ 베스트,6,6,5,7,966950
2024-06-20,긴바지,9,9,5,9,743330
2024-06-20,셋업,6,6,5,6,559830
2024-06-20,여성,6,6,5,6,470440
2024-06-20,반바지,5,5,4,6,248960
2024-06-20,가방,3,3,3,3,226470
2024-06-20,UNKNOWN,4,4,4,4,224780
2024-06-20,하이킹,2,2,2,2,207760
2024-06-20,트레일러닝,1,1,1,1,107500
2024-06-20,방수자켓,1,1,1,1,74270
2024-06-20,셔츠,1,1,1,1,64080
2024-06-20,캡,1,1,1,1,21060
2024-06-21,남성,34,34,33,39,2406710
2024-06-21,긴바지,16,16,15,17,1369880
2024-06-21,라운드티,15,14,17,22,891100
2024-06-21,여성,7,7,6,7,493570
2024-06-21,셋업,4,4,5,5,395420
2024-06-21,가방,4,4,3,5,365440
2024-06-21,반바지,4,4,3,4,184320
2024-06-21,UNKNOWN,2,2,2,2,157770
2024-06-21,자켓/ 베스트,1,1,1,1,137970
2024-06-21,바람막이,1,1,1,1,106470
2024-06-21,패딩/슬림다운,1,1,1,1,99500
2024-06-21,등산화,1,1,1,1,94500
2024-06-21,트레일러닝,1,1,1,1,93600
2024-06-21,하이킹,1,1,1,1,69500
2024-06-21,상의,1,1,1,1,69300
2024-06-21,방수자켓,1,1,1,1,64500
2024-06-21,스니커즈,1,1,1,1,64060
2024-06-22,남성,27,27,28,34,2430090
2024-06-22,긴바지,10,10,10,11,895380
2024-06-22,라운드티,13,12,10,14,553070
2024-06-22,여성,4,4,4,5,494370
2024-06-22,자켓/ 베스트,3,3,2,3,409170
2024-06-22,셋업,3,3,3,3,273140
2024-06-22,하이킹,1,1,1,1,137770
2024-06-22,바람막이,1,1,1,1,100970
2024-06-22,트레일러닝,1,1,1,1,90590
2024-06-22,셔츠,1,1,1,1,63270
2024-06-22,맨투맨/후드티,1,1,1,1,53930
2024-06-22,반바지,1,1,1,1,33280
2024-06-23,남성,35,35,35,45,2337080
2024-06-23,라운드티,27,27,17,40,1660960
2024-06-23,긴바지,12,12,13,14,1234580
2024-06-23,셋업,6,6,8,8,949710
2024-06-23,여성,4,4,4,4,363410
2024-06-23,등산화,3,3,2,3,282010
2024-06-23,반바지,5,5,4,5,211250
2024-06-23,자켓/ 베스트,1,1,1,1,200770
2024-06-23,스니커즈,2,2,2,2,195550
2024-06-23,UNKNOWN,3,3,3,3,179160
2024-06-23,가방,2,2,2,2,151070
2024-06-23,하이킹,2,2,2,2,145400
2024-06-23,방수자켓,1,1,1,1,79620
2024-06-23,햇,2,2,2,2,53890
2024-06-24,남성,39,39,39,47,3284120
2024-06-24,긴바지,16,16,13,17,1484170
2024-06-24,라운드티,21,20,18,24,972190
2024-06-24,여성,6,6,6,8,457420
2024-06-24,UNKNOWN,3,3,2,3,425000
2024-06-24,바람막이,2,2,1,2,214100
2024-06-24,셋업,3,3,4,4,213140
2024-06-24,하이킹,2,2,2,2,211150
2024-06-24,자켓/ 베스트,1,1,1,1,186370
2024-06-24,반바지,3,3,3,3,117500
2024-06-24,가방,1,1,1,1,85570
2024-06-24,스니커즈,1,1,1,1,74380
2024-06-24,셔츠,1,1,1,1,69350
2024-06-24,맨투맨/후드티,1,1,1,1,55000
2024-06-24,캡,1,1,1,2,42800
2024-06-25,남성,31,31,32,35,2893820
2024-06-25,긴바지,9,9,8,9,643190
2024-06-25,라운드티,12,12,12,13,486330
2024-06-25,가방,4,4,3,4,310570
2024-06-25,셋업,2,2,2,3,294010
2024-06-25,자켓/ 베스트,2,2,2,2,285620
2024-06-25,바람막이,3,3,2,3,264010
2024-06-25,반바지,6,6,4,6,229390
2024-06-25,UNKNOWN,4,4,4,4,212300
2024-06-25,하이킹,1,1,1,1,135270
2024-06-25,등산화,1,1,1,1,106470
2024-06-25,방수자켓,1,1,1,1,90300
2024-06-25,카고/조거,1,1,1,1,80580
2024-06-25,여성,1,1,1,1,37450
2024-06-26,남성,37,37,35,44,3078470
2024-06-26,라운드티,22,21,18,32,1292450
2024-06-26,긴바지,10,10,9,10,787430
2024-06-26,셋업,5,5,6,6,429920
2024-06-26,반바지,7,7,5,8,293040
2024-06-26,여성,3,3,3,3,214850
2024-06-26,등산화,2,2,2,2,187340
2024-06-26,UNKNOWN,3,3,3,4,178680
2024-06-26,바람막이,1,1,1,1,142330
2024-06-26,가방,1,1,1,1,94950
2024-06-26,트레일러닝,1,1,1,1,93050
2024-06-26,햇,1,1,1,1,35100
2024-06-26,캡,1,1,1,1,22740
2024-06-27,남성,28,28,31,36,2344720
2024-06-27,라운드티,9,9,9,35,1996830
2024-06-27,긴바지,6,6,5,6,380500
2024-06-27,자켓/ 베스트,2,2,2,2,271820
2024-06-27,반바지,4,3,3,4,123800
2024-06-27,등산화,1,1,1,1,93820
2024-06-27,여성,1,1,1,2,86940
2024-06-27,셋업,1,1,1,1,54070
2024-06-27,가방,1,1,1,1,54070
2024-06-27,햇,1,1,1,1,40950
2024-06-27,크로스/토트백,1,1,1,1,25360
2024-06-28,남성,26,26,27,29,1776850
2024-06-28,라운드티,15,15,18,21,862270
2024-06-28,긴바지,10,10,7,10,761930
2024-06-28,셋업,4,4,4,4,267800
2024-06-28,등산화,1,1,1,1,188600
2024-06-28,UNKNOWN,3,3,2,3,171080
2024-06-28,상의,1,1,1,2,122460
2024-06-28,가방,2,2,1,2,110140
2024-06-28,반바지,2,2,2,2,104960
2024-06-28,여성,2,2,2,2,89770
2024-06-28,방수자켓,1,1,1,1,84300
2024-06-29,남성,23,23,19,24,1772110
2024-06-29,긴바지,8,8,7,9,709980
2024-06-29,라운드티,11,11,13,17,677650
2024-06-29,여성,2,2,3,3,323400
2024-06-29,UNKNOWN,2,2,2,2,154370
2024-06-29,자켓/ 베스트,1,1,1,1,150260
2024-06-29,하이킹,1,1,1,1,114570
2024-06-29,반바지,2,2,2,2,102400
2024-06-29,등산화,1,1,1,1,94670
2024-06-29,맨투맨/후드티,1,1,1,1,61070
2024-06-29,셋업,1,1,1,1,57300
2024-06-29,상의,1,1,1,1,55120
2024-06-29,가방,1,1,1,1,52300
2024-06-30,남성,51,51,51,68,5446120
2024-06-30,자켓/ 베스트,6,6,6,6,1045140
2024-06-30,라운드티,19,19,15,24,971420
2024-06-30,긴바지,6,6,7,8,634510
2024-06-30,셋업,3,3,3,3,444300
2024-06-30,여성,3,3,3,3,319580
2024-06-30,가방,4,4,2,4,277700
2024-06-30,등산화,2,2,2,2,217770
2024-06-30,반바지,5,5,4,6,213920
2024-06-30,햇,2,2,3,3,127480
2024-06-30,트레일러닝,1,1,1,1,91600
2024-06-30,상의,1,1,1,1,69300
2024-06-30,셔츠,1,1,1,1,60200
2024-06-30,UNKNOWN,1,1,1,1,34570
2024-07-01,남성,39,39,34,46,3251770
2024-07-01,라운드티,17,17,16,23,982660
2024-07-01,셋업,5,5,4,6,404170
2024-07-01,하이킹,3,3,3,3,377400
2024-07-01,등산화,3,3,3,3,296340
2024-07-01,긴바지,3,3,4,4,278780
2024-07-01,UNKNOWN,3,3,4,4,241720
2024-07-01,자켓/ 베스트,1,1,1,1,146190
2024-07-01,여성,1,1,1,1,142000
2024-07-01,바람막이,1,1,1,1,118300
2024-07-01,반바지,3,3,2,3,118250
2024-07-01,셔츠,1,1,1,1,64080
2024-07-02,남성,33,33,37,68,3305860
2024-07-02,셋업,7,7,6,8,932760
2024-07-02,라운드티,13,13,14,22,875260
2024-07-02,긴바지,6,6,6,6,629130
2024-07-02,자켓/ 베스트,4,4,2,4,563030
2024-07-02,하이킹,3,3,3,3,363490
2024-07-02,여성,4,4,4,4,318840
2024-07-02,가방,3,3,2,3,277880
2024-07-02,반바지,5,5,4,6,204560
2024-07-02,바람막이,1,1,1,1,120310
2024-07-02,등산화,1,1,1,1,95670
2024-07-02,상의,1,1,1,1,62100
2024-07-02,UNKNOWN,1,1,1,1,33280
2024-07-03,남성,35,30,34,40,2682840
2024-07-03,여성,9,5,7,9,745370
2024-07-03,긴바지,8,8,8,10,651540
2024-07-03,라운드티,11,11,9,11,492820
2024-07-03,셋업,6,6,6,6,489090
2024-07-03,하이킹,3,3,3,3,365300
2024-07-03,자켓/ 베스트,2,2,2,2,230370
2024-07-03,등산화,2,2,2,2,201170
2024-07-03,반바지,4,4,3,4,151970
2024-07-03,상의,2,2,1,2,119790
2024-07-03,가방,1,1,1,1,85370
2024-07-03,햇,2,2,1,2,76250
2024-07-03,폴로/집업티,1,1,1,1,56070
2024-07-03,맨투맨/후드티,1,1,1,1,56070
2024-07-03,자켓/베스트,1,1,1,1,47070
2024-07-03,UNKNOWN,1,1,1,1,34500
2024-07-04,남성,31,31,36,44,2559440
2024-07-04,긴바지,10,10,9,11,822870
2024-07-04,바람막이,2,2,3,4,336470
2024-07-04,라운드티,7,7,6,8,310780
2024-07-04,여성,3,3,3,3,300510
2024-07-04,가방,4,4,2,4,251240
2024-07-04,셋업,2,2,1,2,150730
2024-07-04,자켓/ 베스트,1,1,1,1,137970
2024-07-04,UNKNOWN,2,2,2,2,133300
2024-07-04,카고/조거,1,1,1,1,93040
2024-07-04,하이킹,1,1,1,1,74150
2024-07-04,셔츠,1,1,1,1,67990
2024-07-04,폴로티/집업,1,1,1,1,61200
2024-07-04,반바지,1,1,1,1,39200
2024-07-05,남성,29,28,26,32,2892660
2024-07-05,라운드티,15,15,17,19,857840
2024-07-05,여성,8,6,7,9,784860
2024-07-05,긴바지,8,8,7,8,658390
2024-07-05,셋업,4,4,4,4,233940
2024-07-05,반바지,6,6,4,6,231350
2024-07-05,하이킹,1,1,1,1,160300
2024-07-05,등산화,1,1,1,1,109500
2024-07-05,가방,1,1,1,1,87370
2024-07-05,카고/조거,1,1,1,1,79270
2024-07-05,UNKNOWN,1,1,1,1,60630
2024-07-05,햇,1,1,1,1,38950
2024-07-05,크로스/토트백,1,1,1,1,26300
2024-07-06,남성,23,22,25,36,2017920
2024-07-06,라운드티,12,12,12,16,673390
2024-07-06,긴바지,6,6,5,6,436830
2024-07-06,셋업,5,5,4,5,341740
2024-07-06,등산화,1,1,1,1,188600
2024-07-06,바람막이,1,1,1,1,143100
2024-07-06,하이킹,1,1,1,1,137770
2024-07-06,맨투맨/후드티,2,2,2,2,106150
2024-07-06,반바지,3,3,2,3,101830
2024-07-06,가방,2,2,1,2,101640
2024-07-06,패딩/슬림다운,1,1,1,1,99500
2024-07-06,방수자켓,1,1,1,1,79270
2024-07-06,셔츠,1,1,1,1,69200
2024-07-06,여성,2,2,1,2,69000
2024-07-07,남성,23,23,21,24,1740500
2024-07-07,라운드티,7,7,10,13,617360
2024-07-07,긴바지,6,6,6,6,478130
2024-07-07,여성,3,3,3,4,178080
2024-07-07,반바지,3,3,4,4,172480
2024-07-07,UNKNOWN,1,1,1,1,154600
2024-07-07,가방,2,2,1,2,100680
2024-07-07,셋업,2,2,2,2,85400
2024-07-07,맨투맨/후드티,1,1,1,1,62300
2024-07-08,남성,34,33,34,43,2383310
2024-07-08,라운드티,23,23,15,27,983640
2024-07-08,긴바지,10,10,7,10,779460
2024-07-08,여성,7,6,4,7,598430
2024-07-08,셋업,4,4,5,5,558740
2024-07-08,자켓/ 베스트,2,2,2,2,256070
2024-07-08,하이킹,2,2,2,2,229870
2024-07-08,UNKNOWN,3,3,3,3,190230
2024-07-08,가방,2,2,1,2,171140
2024-07-08,반바지,4,4,2,4,168060
2024-07-08,트레일러닝,1,1,1,1,107840
2024-07-08,바람막이,1,1,1,1,79500
2024-07-08,폴로티/집업,1,1,1,1,61910
2024-07-09,남성,25,23,23,30,2149150
2024-07-09,긴바지,6,6,8,8,659260
2024-07-09,여성,8,4,5,8,635220
2024-07-09,UNKNOWN,6,6,3,7,539300
2024-07-09,라운드티,10,10,11,11,414390
2024-07-09,자켓/ 베스트,1,1,1,1,209300
2024-07-09,셋업,4,4,4,4,199960
2024-07-09,반바지,3,3,3,3,152340
2024-07-09,가방,2,2,2,2,149870
2024-07-09,셔츠,2,2,1,2,142400
2024-07-09,하이킹,1,1,1,1,72700
2024-07-10,남성,37,37,44,54,2598590
2024-07-10,라운드티,18,18,17,21,815100
2024-07-10,긴바지,8,8,8,11,732690
2024-07-10,자켓/ 베스트,3,3,2,3,467240
2024-07-10,반바지,5,5,5,6,317820
2024-07-10,셋업,3,3,2,3,237860
2024-07-10,여성,3,3,2,3,213540
2024-07-10,UNKNOWN,3,3,3,3,211500
2024-07-10,가방,2,2,2,2,194450
2024-07-10,폴로티/집업,1,1,1,1,53200
2024-07-11,남성,27,27,25,29,1742580
2024-07-11,라운드티,15,15,15,20,860970
2024-07-11,셋업,8,8,8,9,643530
2024-07-11,긴바지,6,6,7,7,574880
2024-07-11,반바지,6,6,4,6,267930
2024-07-11,여성,3,3,3,3,236170
2024-07-11,자켓/ 베스트,2,2,2,2,225210
2024-07-11,UNKNOWN,2,2,2,2,149310
2024-07-11,방수자켓,1,1,1,1,73050
2024-07-11,하이킹,1,1,1,1,69700
2024-07-11,가방,1,1,1,1,59300
2024-07-11,상의,1,1,1,1,43470
2024-07-11,햇,1,1,1,1,29000
2024-07-12,남성,22,22,22,28,1801300
2024-07-12,라운드티,13,13,11,15,658260
2024-07-12,긴바지,8,8,6,8,586490
2024-07-12,셋업,7,7,5,7,558480
2024-07-12,여성,4,4,4,4,379640
2024-07-12,UNKNOWN,2,2,1,2,199500
2024-07-12,하이킹,2,2,2,2,193820
2024-07-12,맨투맨/후드티,2,2,1,3,168320
2024-07-12,자켓/ 베스트,1,1,1,1,136810
2024-07-12,반바지,2,2,2,2,105800
2024-07-12,방수자켓,1,1,1,1,78650
2024-07-12,상의,1,1,1,1,66360
2024-07-12,크로스/토트백,1,1,1,1,23770
2024-07-12,햇,1,1,1,1,23110
2024-07-13,남성,26,26,25,29,1905400
2024-07-13,라운드티,11,11,12,14,604620
2024-07-13,긴바지,3,3,3,4,240400
2024-07-13,셋업,3,3,4,4,221110
2024-07-13,하이킹,2,2,2,2,195600
2024-07-13,가방,2,2,2,2,185300
2024-07-13,여성,2,2,2,2,148460
2024-07-13,바람막이,1,1,1,1,87100
2024-07-13,햇,1,1,1,1,44710
2024-07-13,반바지,1,1,1,1,31300
2024-07-14,남성,43,42,40,52,2638010
2024-07-14,라운드티,18,18,13,21,805770
2024-07-14,긴바지,9,9,7,9,593320
2024-07-14,여성,4,4,4,4,375670
2024-07-14,UNKNOWN,4,4,4,4,363520
2024-07-14,하이킹,3,3,3,3,328800
2024-07-14,셋업,3,3,3,4,248270
2024-07-14,방수자켓,2,2,1,2,158540
2024-07-14,가방,2,2,1,2,147400
2024-07-14,반바지,2,2,2,2,103460
2024-07-14,햇,2,2,3,3,88380
2024-07-15,남성,37,37,34,43,3159740
2024-07-15,긴바지,8,8,7,8,655090
2024-07-15,라운드티,9,9,10,10,449600
2024-07-15,여성,7,7,6,7,372270
2024-07-15,셋업,4,4,4,4,313710
2024-07-15,자켓/ 베스트,2,2,2,2,246670
2024-07-15,UNKNOWN,3,3,4,4,233920
2024-07-15,가방,3,3,2,3,227440
2024-07-15,반바지,5,5,4,5,207300
2024-07-15,방수자켓,2,2,1,2,157870
2024-07-15,맨투맨/후드티,1,1,2,2,112140
2024-07-15,셔츠,1,1,1,1,71200
2024-07-15,상의,1,1,1,1,65270
2024-07-16,남성,31,31,29,36,2043500
2024-07-16,긴바지,11,11,11,15,1101190
2024-07-16,라운드티,12,12,11,13,556910
2024-07-16,여성,4,4,4,13,396650
2024-07-16,UNKNOWN,4,4,3,4,215180
2024-07-16,반바지,4,4,5,5,199650
2024-07-16,셋업,3,3,3,3,173940
2024-07-16,상의,1,1,2,2,111240
2024-07-16,트레일러닝,1,1,1,1,89600
2024-07-16,자켓/ 베스트,1,1,1,1,86640
2024-07-16,등산화,1,1,1,1,79500
2024-07-16,가방,1,1,1,1,73000
2024-07-17,남성,33,33,36,40,1959740
2024-07-17,긴바지,8,8,7,9,785080
2024-07-17,여성,7,7,8,8,741310
2024-07-17,셋업,5,5,4,5,595890
2024-07-17,라운드티,10,10,12,12,435840
2024-07-17,상의,2,2,2,3,183000
2024-07-17,자켓/ 베스트,1,1,1,1,133470
2024-07-17,하이킹,1,1,1,1,124320
2024-07-17,등산화,1,1,1,1,118300
2024-07-17,반바지,3,3,3,3,112690
2024-07-17,트레일러닝,1,1,1,1,93600
2024-07-17,가방,1,1,1,1,60540
2024-07-18,남성,62,62,51,71,4652230
2024-07-18,라운드티,35,35,28,42,1689190
2024-07-18,긴바지,12,12,12,14,1089240
2024-07-18,여성,8,8,8,9,1062160
2024-07-18,반바지,8,8,7,8,345620
2024-07-18,등산화,3,3,3,3,341360
2024-07-18,바람막이,3,3,2,3,337140
2024-07-18,가방,4,4,4,4,312750
2024-07-18,자켓/ 베스트,2,2,2,2,269440
2024-07-18,셋업,3,3,4,4,226420
2024-07-18,UNKNOWN,2,2,2,2,211900
2024-07-18,상의,3,3,2,3,172050
2024-07-18,햇,3,3,3,3,121640
2024-07-18,트레일러닝,1,1,1,1,103430
2024-07-18,방수자켓,1,1,1,1,76670
2024-07-19,남성,29,29,30,34,2098580
2024-07-19,가방,3,3,2,12,852730
2024-07-19,라운드티,16,16,19,19,708840
2024-07-19,긴바지,8,8,7,9,637500
2024-07-19,여성,5,5,4,5,463610
2024-07-19,셋업,6,6,5,6,353110
2024-07-19,하이킹,3,3,3,3,304070
2024-07-19,자켓/ 베스트,2,2,2,2,266670
2024-07-19,UNKNOWN,4,4,3,4,214890
2024-07-19,반바지,5,5,4,5,205000
2024-07-19,등산화,1,1,1,1,189000
2024-07-19,방수자켓,1,1,1,2,162540
2024-07-19,셔츠,2,2,1,2,122860
2024-07-19,바람막이,1,1,1,1,89100
2024-07-19,상의,1,1,1,1,60370
2024-07-19,맨투맨/후드티,1,1,1,1,56070
2024-07-20,남성,33,32,33,40,2671120
2024-07-20,라운드티,18,18,14,19,771520
2024-07-20,긴바지,7,7,7,8,520370
2024-07-20,반바지,9,9,7,10,392280
2024-07-20,여성,4,4,3,4,367940
2024-07-20,UNKNOWN,3,3,3,3,323770
2024-07-20,자켓/ 베스트,2,2,2,2,260680
2024-07-20,셋업,2,2,2,2,144600
2024-07-20,등산화,1,1,1,1,131470
2024-07-20,하이킹,1,1,1,1,118800
2024-07-20,방수자켓,1,1,1,1,74270
2024-07-20,상의,1,1,1,1,56590
2024-07-20,맨투맨/후드티,1,1,1,1,49070
2024-07-20,크로스/토트백,1,1,1,1,24750
2024-07-21,남성,55,55,49,65,4190010
2024-07-21,긴바지,15,15,14,15,1221210
2024-07-21,라운드티,18,18,13,25,956470
2024-07-21,셋업,11,11,9,12,954340
2024-07-21,여성,3,3,3,3,427100
2024-07-21,자켓/ 베스트,2,2,2,2,280920
2024-07-21,등산화,2,2,2,2,247770
2024-07-21,UNKNOWN,4,4,3,4,236940
2024-07-21,방수자켓,1,1,2,2,180600
2024-07-21,반바지,5,5,2,5,156130
2024-07-21,바람막이,1,1,1,1,106470
2024-07-21,가방,1,1,1,1,63700
2024-07-21,상의,1,1,1,1,50730
2024-07-22,남성,41,41,32,47,3682390
2024-07-22,라운드티,14,14,14,18,840620
2024-07-22,긴바지,6,6,8,8,512900
2024-07-22,가방,4,4,3,4,323940
2024-07-22,여성,3,3,2,3,319260
2024-07-22,셋업,3,3,5,5,297370
2024-07-22,하이킹,3,3,3,3,277210
2024-07-22,등산화,2,2,2,2,230900
2024-07-22,UNKNOWN,3,3,3,3,174240
2024-07-22,방수자켓,1,1,1,1,81350
2024-07-22,반바지,2,2,2,2,70560
2024-07-22,셔츠,1,1,1,1,59580
2024-07-22,크로스/토트백,1,1,1,1,27500
2024-07-23,남성,34,34,37,39,2520150
2024-07-23,라운드티,10,10,11,13,551290
2024-07-23,UNKNOWN,7,7,4,7,412140
2024-07-23,등산화,3,3,3,3,400470
2024-07-23,셋업,5,5,5,5,378940
2024-07-23,긴바지,5,5,3,5,340170
2024-07-23,하이킹,2,2,2,2,241300
2024-07-23,자켓/ 베스트,1,1,1,1,131470
2024-07-23,맨투맨/후드티,2,2,2,2,115760
2024-07-23,바람막이,1,1,1,1,108300
2024-07-23,셔츠,1,1,1,1,70480
2024-07-23,상의,1,1,1,1,62370
2024-07-23,여성,2,2,1,3,46000
2024-07-23,반바지,1,1,1,1,31280
2024-07-23,햇,1,1,1,1,29000
2024-07-23,크로스/토트백,1,1,1,1,27500
2024-07-24,남성,37,37,43,48,3404530
2024-07-24,라운드티,21,21,16,22,965510
2024-07-24,긴바지,6,6,6,6,522700
2024-07-24,여성,4,4,2,4,482070
2024-07-24,자켓/ 베스트,3,3,2,3,418930
2024-07-24,셋업,5,5,5,5,358190
2024-07-24,바람막이,2,2,2,2,234700
2024-07-24,UNKNOWN,3,3,4,4,210860
2024-07-24,하이킹,1,1,1,1,118800
2024-07-24,셔츠,1,1,1,1,63320
2024-07-24,가방,1,1,1,1,60830
2024-07-24,반바지,1,1,1,1,40480
2024-07-25,남성,49,49,41,54,3833080
2024-07-25,라운드티,19,19,15,21,892960
2024-07-25,셋업,6,6,7,8,441620
2024-07-25,반바지,9,9,5,10,407270
2024-07-25,여성,4,4,3,4,327930
2024-07-25,긴바지,3,3,3,3,171950
2024-07-25,방수자켓,2,2,1,2,168560
2024-07-25,등산화,1,1,1,1,135970
2024-07-25,가방,2,2,2,2,126770
2024-07-25,상의,2,2,2,2,117670
2024-07-25,하이킹,1,1,1,1,114800
2024-07-25,폴로티/집업,1,1,2,2,109760
2024-07-25,자켓/ 베스트,1,1,1,1,107000
2024-07-25,맨투맨/후드티,1,1,1,1,62300
2024-07-25,햇,1,1,1,1,43400
2024-07-26,남성,32,32,37,44,2074980
2024-07-26,라운드티,14,14,16,20,887340
2024-07-26,긴바지,8,8,7,9,609280
2024-07-26,셋업,5,5,6,6,507440
2024-07-26,여성,5,5,5,5,472020
2024-07-26,등산화,2,2,1,2,281880
2024-07-26,반바지,5,5,4,6,215990
2024-07-26,상의,2,2,4,4,208400
2024-07-26,자켓/ 베스트,1,1,1,1,148300
2024-07-26,셔츠,1,1,1,1,69320
2024-07-26,햇,2,2,2,2,67490
2024-07-26,UNKNOWN,1,1,1,1,59000
2024-07-26,맨투맨/후드티,1,1,1,1,54080
2024-07-26,크로스/토트백,1,1,1,1,21860
2024-07-27,남성,24,24,25,27,1886140
2024-07-27,여성,7,7,6,8,656380
2024-07-27,셋업,4,4,4,4,262380
2024-07-27,라운드티,6,6,6,6,242900
2024-07-27,긴바지,2,2,2,2,129810
2024-07-27,가방,1,1,1,1,83000
2024-07-27,카고/조거,1,1,1,1,81880
2024-07-27,하이킹,1,1,1,1,72700
2024-07-27,반바지,1,1,1,1,62090
2024-07-27,UNKNOWN,1,1,1,1,55200
2024-07-27,햇,1,1,1,1,31950
2024-07-28,남성,24,24,23,27,1615470
2024-07-28,라운드티,14,13,15,18,851750
2024-07-28,자켓/ 베스트,4,4,5,5,619500
2024-07-28,등산화,4,4,3,4,447780
2024-07-28,긴바지,5,5,5,5,367370
2024-07-28,셋업,3,3,3,4,281820
2024-07-28,하이킹,2,2,2,2,232380
2024-07-28,여성,3,3,3,3,221550
2024-07-28,반바지,4,4,3,4,194770
2024-07-28,UNKNOWN,2,2,2,2,142090
2024-07-28,바람막이,1,1,1,1,99600
2024-07-28,가방,1,1,1,1,74700
2024-07-28,맨투맨/후드티,1,1,1,1,59550
2024-07-28,크로스/토트백,1,1,1,1,24420
2024-07-29,남성,25,25,25,33,1541790
2024-07-29,라운드티,9,9,10,12,501320
2024-07-29,가방,6,6,4,6,443080
2024-07-29,등산화,3,3,2,3,405230
2024-07-29,긴바지,6,6,6,6,402120
2024-07-29,자켓/ 베스트,2,2,2,2,262940
2024-07-29,반바지,5,5,4,6,234200
2024-07-29,셋업,4,4,4,4,200240
2024-07-29,셔츠,2,2,1,2,142400
2024-07-29,UNKNOWN,2,2,1,2,135900
2024-07-29,여성,1,1,1,1,100780
2024-07-29,하이킹,1,1,1,1,93250
2024-07-29,바람막이,1,1,1,1,84500
2024-07-29,상의,1,1,1,1,69300
2024-07-30,남성,30,29,41,47,2648060
2024-07-30,등산화,4,4,4,4,523850
2024-07-30,라운드티,10,10,10,10,422550
2024-07-30,하이킹,4,4,3,4,366490
2024-07-30,반바지,6,6,5,7,288710
2024-07-30,긴바지,4,4,4,4,270420
2024-07-30,여성,4,4,3,4,263670
2024-07-30,가방,3,3,2,3,243070
2024-07-30,셋업,3,3,3,3,143740
2024-07-30,자켓/ 베스트,1,1,1,1,97000
2024-07-30,카고/조거,1,1,1,1,58550
2024-07-30,상의,1,1,1,1,55370
2024-07-30,맨투맨/후드티,1,1,1,1,53780
2024-07-30,크로스/토트백,1,1,1,1,22750
2024-07-30,볼캡,1,1,1,1,15780
2024-07-31,남성,25,25,25,29,1867130
2024-07-31,라운드티,11,11,13,15,585560
2024-07-31,등산화,2,2,3,3,432540
2024-07-31,가방,1,1,1,5,415000
2024-07-31,긴바지,4,4,4,4,289200
2024-07-31,바람막이,2,2,2,2,215500
2024-07-31,하이킹,2,2,2,2,191500
2024-07-31,반바지,4,4,4,5,187850
2024-07-31,맨투맨/후드티,3,3,1,3,173280
2024-07-31,셋업,1,1,2,2,173140
2024-07-31,자켓/ 베스트,1,1,1,1,172370
2024-07-31,여성,1,1,1,1,78480
2024-07-31,상의,1,1,1,1,69300
2024-07-31,햇,1,1,1,1,45500
2024-07-31,볼캡,1,1,1,1,28490
2024-07-31,크로스/토트백,1,1,1,1,27010
2024-08-01,남성,29,28,28,33,2148780
2024-08-01,라운드티,13,13,10,14,518290
2024-08-01,여성,5,5,5,5,376570
2024-08-01,긴바지,4,4,4,6,360410
2024-08-01,셋업,4,4,3,5,336420
2024-08-01,자켓/ 베스트,2,2,2,2,219070
2024-08-01,하이킹,2,2,2,2,208300
2024-08-01,UNKNOWN,2,2,2,2,204280
2024-08-01,가방,2,2,2,2,157070
2024-08-01,등산화,1,1,1,1,133470
2024-08-01,상의,2,2,2,2,121360
2024-08-01,바람막이,1,1,1,1,79500
2024-08-01,반바지,2,2,2,2,71050
2024-08-01,맨투맨/후드티,1,1,1,1,56070
2024-08-02,남성,27,27,29,34,1889880
2024-08-02,라운드티,14,14,14,18,683500
2024-08-02,긴바지,8,8,7,8,485140
2024-08-02,가방,5,5,3,5,370660
2024-08-02,자켓/ 베스트,2,2,2,2,277780
2024-08-02,하이킹,3,3,3,3,260200
2024-08-02,바람막이,2,2,2,2,214170
2024-08-02,셋업,2,2,2,2,101800
2024-08-02,등산화,1,1,1,1,93450
2024-08-02,방수자켓,1,1,1,1,89390
2024-08-02,반바지,2,2,1,3,87810
2024-08-02,맨투맨/후드티,1,1,1,1,62300
2024-08-02,UNKNOWN,1,1,1,1,47080
2024-08-02,여성,1,1,1,1,45040
2024-08-03,남성,18,18,21,22,1310820
2024-08-03,라운드티,15,15,14,16,683180
2024-08-03,긴바지,7,7,7,9,503340
2024-08-03,여성,5,5,4,5,414430
2024-08-03,등산화,3,3,3,3,338280
2024-08-03,가방,3,3,1,3,217810
2024-08-03,반바지,4,4,4,4,167330
2024-08-03,UNKNOWN,2,2,2,2,95440
2024-08-03,셋업,1,1,1,1,76710
2024-08-03,상의,1,1,1,1,62370
2024-08-03,햇,1,1,1,1,44020
2024-08-04,남성,28,28,30,33,2032490
2024-08-04,여성,4,4,2,5,517900
2024-08-04,긴바지,8,8,7,8,516520
2024-08-04,라운드티,9,9,10,12,473030
2024-08-04,가방,4,4,2,4,266330
2024-08-04,등산화,2,2,2,2,200840
2024-08-04,반바지,4,4,4,4,185820
2024-08-04,상의,1,1,2,2,138600
2024-08-04,UNKNOWN,2,2,2,2,122430
2024-08-04,셋업,1,1,1,1,51330
2024-08-05,남성,21,21,22,23,1338330
2024-08-05,라운드티,11,11,12,13,510080
2024-08-05,긴바지,4,4,4,4,384060
2024-08-05,여성,4,4,4,4,361760
2024-08-05,셋업,4,4,3,4,290000
2024-08-05,반바지,4,4,4,4,167300
2024-08-05,UNKNOWN,2,2,2,2,143350
2024-08-05,자켓/ 베스트,1,1,1,1,137770
2024-08-05,트레일러닝,1,1,1,1,109000
2024-08-05,가방,1,1,1,1,74700
2024-08-05,상의,1,1,1,1,59300
2024-08-05,카고/조거,1,1,1,1,54500
2024-08-05,맨투맨/후드티,1,1,1,1,54070
2024-08-06,가방,2,2,3,231,13423000
2024-08-06,남성,27,27,28,41,2308590
2024-08-06,여성,4,4,3,4,409700
2024-08-06,셋업,4,4,5,5,368930
2024-08-06,라운드티,8,8,8,8,334380
2024-08-06,긴바지,4,4,4,4,330800
2024-08-06,등산화,2,2,2,2,229030
2024-08-06,하이킹,2,2,2,2,190000
2024-08-06,자켓/ 베스트,1,1,1,1,109500
2024-08-06,UNKNOWN,2,2,1,2,106860
2024-08-06,트레일러닝,1,1,1,1,91600
2024-08-06,반바지,2,2,2,2,89500
2024-08-06,상의,1,1,1,1,65300
2024-08-06,자켓/베스트,1,1,1,1,45300
2024-08-06,햇,1,1,1,1,33950
2024-08-07,남성,18,18,20,55,3171520
2024-08-07,라운드티,6,6,6,7,291890
2024-08-07,긴바지,3,3,3,3,252380
2024-08-07,여성,2,2,2,2,174770
2024-08-07,셋업,1,1,2,2,129680
2024-08-07,UNKNOWN,2,2,2,2,103500
2024-08-07,반바지,2,2,2,2,82400
2024-08-07,가방,1,1,1,1,56070
2024-08-07,상의,1,1,1,1,39110
2024-08-08,남성,47,47,41,53,2752870
2024-08-08,긴바지,12,12,9,12,828600
2024-08-08,라운드티,11,11,14,16,738290
2024-08-08,셋업,6,6,6,7,466690
2024-08-08,반바지,7,7,6,7,250440
2024-08-08,여성,2,2,2,2,194450
2024-08-08,하이킹,2,2,2,2,155700
2024-08-08,상의,2,2,2,2,133370
2024-08-08,등산화,1,1,1,1,126470
2024-08-08,가방,2,2,2,2,103140
2024-08-09,남성,31,30,37,48,2959100
2024-08-09,UNKNOWN,4,3,3,27,1182650
2024-08-09,등산화,2,2,3,5,532150
2024-08-09,라운드티,8,8,9,9,410970
2024-08-09,자켓/ 베스트,2,2,3,3,345110
2024-08-09,긴바지,5,5,6,6,340910
2024-08-09,여성,2,2,2,2,219980
2024-08-09,반바지,3,3,3,3,123060
2024-08-09,맨투맨/후드티,1,1,1,1,62300
2024-08-09,셋업,1,1,1,1,39500
2024-08-10,남성,31,31,36,46,2095330
2024-08-10,긴바지,4,4,4,4,296670
2024-08-10,하이킹,3,3,3,3,275170
2024-08-10,여성,3,3,3,3,268640
2024-08-10,바람막이,2,2,2,2,229920
2024-08-10,라운드티,6,6,6,6,215040
2024-08-10,가방,2,2,2,2,137240
2024-08-10,반바지,3,3,3,3,115400
2024-08-10,UNKNOWN,2,2,2,2,85570
2024-08-10,햇,2,2,2,2,74500
2024-08-10,셋업,1,1,1,1,49070
2024-08-11,남성,23,23,23,26,1427400
2024-08-11,여성,5,5,5,6,514380
2024-08-11,라운드티,7,7,7,10,424420
2024-08-11,긴바지,5,5,5,5,397040
2024-08-11,등산화,2,2,1,2,274770
2024-08-11,바람막이,2,2,2,2,243120
2024-08-11,반바지,5,5,6,7,224150
2024-08-11,자켓/ 베스트,2,2,2,2,206100
2024-08-11,가방,2,2,2,2,140770
2024-08-11,UNKNOWN,2,2,2,2,130950
2024-08-11,하이킹,1,1,1,1,112570
2024-08-11,상의,1,1,1,1,66120
2024-08-11,셋업,1,1,1,1,37530
2024-08-12,남성,25,25,28,33,1803440
2024-08-12,라운드티,12,12,14,15,574310
2024-08-12,가방,5,5,3,5,328240
2024-08-12,등산화,2,2,1,2,264940
2024-08-12,여성,3,3,3,3,217820
2024-08-12,자켓/ 베스트,1,1,1,1,178870
2024-08-12,UNKNOWN,2,2,3,3,173280
2024-08-12,긴바지,2,2,2,2,140960
2024-08-12,하이킹,1,1,1,1,133820
2024-08-12,셋업,1,1,2,2,99090
2024-08-12,반바지,2,2,2,2,67920
2024-08-12,액세서리,1,1,1,1,7500
2024-08-13,남성,18,18,18,20,1624840
2024-08-13,하이킹,3,3,3,4,352900
2024-08-13,여성,3,3,2,3,320780
2024-08-13,긴바지,3,3,3,3,273650
2024-08-13,등산화,2,2,2,2,258640
2024-08-13,라운드티,4,4,5,5,246380
2024-08-13,가방,2,2,1,3,238700
2024-08-13,UNKNOWN,3,3,3,3,197950
2024-08-13,셋업,2,2,3,3,185070
2024-08-13,반바지,3,3,3,3,105130
2024-08-13,자켓/ 베스트,1,1,1,1,65000
2024-08-13,폴로/집업티,1,1,1,1,62300
2024-08-14,남성,25,25,29,35,2280300
2024-08-14,긴바지,6,6,6,7,448540
2024-08-14,여성,3,3,3,4,326790
2024-08-14,셋업,3,3,3,3,272540
2024-08-14,라운드티,7,7,7,7,252990
2024-08-14,UNKNOWN,2,2,2,2,200510
2024-08-14,하이킹,1,1,1,1,118800
2024-08-14,상의,2,2,2,2,118440
2024-08-14,폴로티/집업,2,2,1,2,116930
2024-08-14,등산화,1,1,1,1,93670
2024-08-14,바람막이,1,1,1,1,93580
2024-08-14,크로스/토트백,1,1,1,2,55000
2024-08-14,반바지,1,1,1,1,35000
2024-08-14,햇,1,1,1,1,28500
2024-08-15,남성,22,22,22,26,1669410
2024-08-15,라운드티,7,7,7,9,418140
2024-08-15,자켓/ 베스트,3,3,2,3,344740
2024-08-15,셋업,3,3,2,3,277250
2024-08-15,등산화,2,2,1,2,275160
2024-08-15,긴바지,3,3,3,3,153180
2024-08-15,가방,2,2,2,2,119770
2024-08-15,하이킹,1,1,1,1,116800
2024-08-15,여성,1,1,1,1,95670
2024-08-15,카고/조거,1,1,1,1,89100
2024-08-15,반바지,1,1,1,1,56880
2024-08-15,UNKNOWN,1,1,1,1,43980
2024-08-15,볼캡,1,1,1,1,25940
2024-08-15,액세서리,1,1,3,4,15000
2024-08-16,남성,29,29,30,33,2041380
2024-08-16,여성,3,3,3,3,273100
2024-08-16,자켓/ 베스트,2,2,2,2,237980
2024-08-16,등산화,2,2,2,2,235770
2024-08-16,가방,3,3,2,3,191970
2024-08-16,라운드티,3,3,4,4,169440
2024-08-16,하이킹,1,1,1,1,137000
2024-08-16,셋업,2,2,2,2,94520
2024-08-16,UNKNOWN,2,2,2,2,89900
2024-08-16,반바지,2,2,2,2,79530
2024-08-16,긴바지,1,1,1,1,69300
2024-08-16,맨투맨/후드티,1,1,1,1,55010
2024-08-16,상의,1,1,1,1,54370
2024-08-16,액세서리,2,2,4,5,35350
2024-08-17,남성,22,22,22,25,1715450
2024-08-17,셋업,6,6,5,6,416390
2024-08-17,라운드티,8,8,10,10,404260
2024-08-17,긴바지,2,2,3,3,212120
2024-08-17,자켓/ 베스트,1,1,1,1,209300
2024-08-17,여성,1,1,1,1,107280
2024-08-17,바람막이,1,1,1,1,100730
2024-08-17,카고/조거,1,1,1,1,91600
2024-08-17,반바지,2,2,2,2,77200
2024-08-17,가방,1,1,1,1,72700
2024-08-17,하이킹,1,1,1,1,60700
2024-08-17,상의,1,1,1,1,57540
2024-08-17,맨투맨/후드티,1,1,1,1,52140
2024-08-17,UNKNOWN,1,1,1,1,49680
2024-08-17,액세서리,1,1,1,1,3750
2024-08-18,남성,27,27,29,33,1797180
2024-08-18,자켓/ 베스트,3,3,2,3,457670
2024-08-18,라운드티,9,9,9,12,431930
2024-08-18,UNKNOWN,5,5,5,5,338630
2024-08-18,하이킹,3,3,3,3,268700
2024-08-18,여성,2,2,1,2,198060
2024-08-18,바람막이,1,1,1,1,139300
2024-08-18,셋업,2,2,2,2,115330
2024-08-18,트레일러닝,1,1,1,1,100440
2024-08-18,상의,1,1,1,1,56770
2024-08-18,맨투맨/후드티,1,1,1,1,44570
2024-08-19,남성,36,36,36,49,2138450
2024-08-19,라운드티,8,8,8,9,358150
2024-08-19,하이킹,3,3,3,3,270800
2024-08-19,긴바지,3,3,3,3,182960
2024-08-19,등산화,1,1,1,1,109500
2024-08-19,여성,1,1,1,1,106280
2024-08-19,반바지,2,2,2,2,95520
2024-08-19,방수자켓,1,1,1,1,90300
2024-08-19,셋업,1,1,1,1,43470
2024-08-19,UNKNOWN,1,1,1,1,30280
2024-08-20,남성,28,28,26,32,2381930
2024-08-20,자켓/ 베스트,2,2,2,2,262940
2024-08-20,여성,3,3,2,4,255360
2024-08-20,가방,3,3,2,3,211770
2024-08-20,등산화,1,1,1,1,173310
2024-08-20,긴바지,3,3,3,3,168940
2024-08-20,라운드티,4,4,4,4,132350
2024-08-20,하이킹,1,1,1,1,114800
2024-08-20,반바지,3,3,3,3,113320
2024-08-20,UNKNOWN,1,1,1,1,71400
2024-08-20,셋업,1,1,1,1,64310
2024-08-21,남성,35,35,35,48,2298700
2024-08-21,라운드티,13,13,14,14,596280
2024-08-21,여성,6,6,6,6,450730
2024-08-21,긴바지,5,5,5,5,419800
2024-08-21,바람막이,2,2,2,2,232200
2024-08-21,하이킹,2,2,2,2,182500
2024-08-21,등산화,1,1,1,1,169000
2024-08-21,가방,2,2,1,2,147700
2024-08-21,셋업,2,2,2,2,117600
2024-08-21,UNKNOWN,2,2,2,2,89570
2024-08-21,반바지,1,1,2,2,69320
2024-08-21,상의,1,1,1,1,64040
2024-08-21,볼캡,2,2,2,2,51440
2024-08-22,남성,43,42,41,51,3871700
2024-08-22,등산화,7,7,3,7,1094630
2024-08-22,여성,4,4,3,4,370170
2024-08-22,라운드티,7,7,7,7,306830
2024-08-22,자켓/ 베스트,2,2,2,2,231570
2024-08-22,긴바지,3,3,3,3,205770
2024-08-22,UNKNOWN,2,2,2,2,145770
2024-08-22,셋업,2,2,2,2,139300
2024-08-22,하이킹,1,1,1,1,135570
2024-08-22,가방,2,2,2,2,128770
2024-08-22,반바지,2,2,2,2,88300
2024-08-22,자켓/베스트,1,1,1,1,48230
2024-08-22,햇,1,1,1,1,34010
2024-08-22,액세서리,1,1,2,2,15000
2024-08-23,남성,19,19,21,24,1947050
2024-08-23,등산화,5,5,2,5,787180
2024-08-23,라운드티,7,7,9,10,446140
2024-08-23,긴바지,3,3,3,3,239870
2024-08-23,셋업,3,3,3,3,191090
2024-08-23,UNKNOWN,2,2,2,2,99700
2024-08-23,여성,1,1,1,1,93670
2024-08-23,하이킹,1,1,1,1,89370
2024-08-23,바람막이,1,1,1,1,88720
2024-08-23,가방,1,1,1,1,57770
2024-08-23,반바지,1,1,1,1,56640
2024-08-24,남성,22,22,22,22,1618000
2024-08-24,셋업,4,4,4,5,377470
2024-08-24,하이킹,3,3,3,3,267580
2024-08-24,여성,2,2,3,3,204510
2024-08-24,라운드티,4,4,5,5,201220
2024-08-24,긴바지,3,3,3,3,196430
2024-08-24,가방,2,2,2,2,135000
2024-08-24,바람막이,1,1,1,1,117430
2024-08-24,맨투맨/후드티,1,1,1,1,56070
2024-08-24,햇,1,1,1,1,43430
2024-08-25,남성,31,31,31,37,2555030
2024-08-25,라운드티,10,10,11,13,497830
2024-08-25,여성,5,5,5,5,395890
2024-08-25,긴바지,5,5,6,6,390260
2024-08-25,하이킹,5,5,4,5,355800
2024-08-25,셋업,4,4,3,4,274050
2024-08-25,바람막이,2,2,2,2,261470
2024-08-25,등산화,2,2,2,2,240970
2024-08-25,반바지,3,3,3,3,119660
2024-08-25,자켓/ 베스트,1,1,1,1,81370
2024-08-25,방수자켓,1,1,1,1,78450
2024-08-25,볼캡,2,2,1,2,51930
2024-08-25,UNKNOWN,1,1,1,1,48750
2024-08-25,크로스/토트백,1,1,1,1,22500
2024-08-25,액세서리,1,1,1,1,6080
2024-08-26,남성,27,27,27,32,1603580
2024-08-26,여성,3,3,3,3,527800
2024-08-26,라운드티,8,8,11,11,428990
2024-08-26,긴바지,5,5,5,5,370660
2024-08-26,하이킹,3,3,3,3,337700
2024-08-26,자켓/ 베스트,2,2,2,2,260670
2024-08-26,트레일러닝,2,2,1,2,206360
2024-08-26,바람막이,2,2,2,2,187160
2024-08-26,가방,2,2,1,2,164000
2024-08-26,상의,3,3,2,3,158650
2024-08-26,UNKNOWN,1,1,1,1,138600
2024-08-26,셋업,1,1,1,1,115120
2024-08-26,맨투맨/후드티,1,1,1,1,62300
2024-08-26,햇,1,1,1,1,40950
2024-08-26,반바지,1,1,1,1,29200
2024-08-26,크로스/토트백,1,1,1,1,27500
2024-08-26,볼캡,1,1,1,1,25510
2024-08-26,액세서리,1,1,1,1,5970
2024-08-27,남성,31,30,40,57,3912380
2024-08-27,하이킹,4,4,3,4,362220
2024-08-27,긴바지,5,5,5,6,340330
2024-08-27,라운드티,4,4,6,6,246330
2024-08-27,여성,2,2,2,2,128120
2024-08-27,바람막이,1,1,1,1,99780
2024-08-27,가방,1,1,1,1,82300
2024-08-27,상의,1,1,1,1,58680
2024-08-27,셋업,1,1,1,1,55300
2024-08-27,맨투맨/후드티,1,1,1,1,51070
2024-08-27,액세서리,1,1,1,1,4940
2024-08-28,남성,24,24,25,31,1838680
2024-08-28,하이킹,4,4,4,4,418100
2024-08-28,등산화,2,2,2,2,353250
2024-08-28,라운드티,7,7,8,8,344850
2024-08-28,바람막이,3,3,2,3,299290
2024-08-28,여성,2,2,1,2,218100
2024-08-28,긴바지,3,3,3,3,202670
2024-08-28,자켓/ 베스트,1,1,1,1,176870
2024-08-28,셋업,2,2,2,2,148410
2024-08-28,UNKNOWN,2,2,2,2,94600
2024-08-28,반바지,2,2,2,2,90280
2024-08-28,가방,1,1,1,1,83000
2024-08-28,상의,1,1,1,1,62370
2024-08-28,햇,1,1,1,1,40950
2024-08-28,액세서리,1,1,1,1,6750
2024-08-29,남성,14,14,16,17,778050
2024-08-29,여성,2,2,3,3,316200
2024-08-29,긴바지,4,4,3,4,262270
2024-08-29,가방,3,3,1,3,220740
2024-08-29,셋업,2,2,2,3,166900
2024-08-29,등산화,1,1,1,1,160600
2024-08-29,UNKNOWN,1,1,1,1,159000
2024-08-29,라운드티,3,3,3,3,110040
2024-08-29,햇,1,1,1,2,81900
2024-08-29,크로스/토트백,1,1,1,1,27500
2024-08-30,남성,26,26,39,43,2011260
2024-08-30,라운드티,6,6,6,10,407260
2024-08-30,가방,3,3,1,3,217830
2024-08-30,긴바지,3,3,3,3,214920
2024-08-30,자켓/ 베스트,1,1,1,1,195030
2024-08-30,바람막이,2,2,2,2,185780
2024-08-30,여성,3,3,4,4,166550
2024-08-30,등산화,1,1,1,1,136600
2024-08-30,자켓/베스트,1,1,1,1,101170
2024-08-30,셋업,1,1,1,1,86600
2024-08-30,상의,1,1,1,1,69300
2024-08-30,방수자켓,1,1,1,1,64500
2024-08-30,반바지,1,1,1,1,55710
2024-08-31,남성,23,23,31,39,1935020
2024-08-31,라운드티,6,6,6,8,328460
2024-08-31,하이킹,3,3,3,3,289150
2024-08-31,긴바지,4,4,4,4,258660
2024-08-31,가방,3,3,1,3,226750
2024-08-31,셋업,2,2,1,4,209320
2024-08-31,자켓/ 베스트,2,2,2,2,200210
2024-08-31,UNKNOWN,3,3,3,3,147770
2024-08-31,등산화,1,1,1,1,132550
2024-08-31,반바지,1,1,2,2,87940
2024-08-31,패딩/슬림다운,1,1,1,1,74500
2024-08-31,여성,1,1,1,1,56070
2024-08-31,폴로티/집업,1,1,1,1,54630
2024-09-01,남성,29,29,33,39,3181020
2024-09-01,셋업,6,4,9,9,706140
2024-09-01,라운드티,7,7,10,11,454760
2024-09-01,등산화,3,3,2,3,363020
2024-09-01,자켓/ 베스트,2,2,2,2,341080
2024-09-01,여성,3,3,3,3,304650
2024-09-01,긴바지,4,4,4,4,258600
2024-09-01,하이킹,2,2,2,2,212180
2024-09-01,반바지,3,3,2,3,128300
2024-09-01,바람막이,1,1,1,1,119860
2024-09-01,가방,1,1,1,1,72700
2024-09-01,셔츠,1,1,1,1,68190
2024-09-01,상의,1,1,1,1,65550
2024-09-01,크로스/토트백,1,1,1,1,31980
2024-09-01,볼캡,1,1,1,1,28100
2024-09-02,남성,22,22,36,60,2736140
2024-09-02,라운드티,6,6,10,12,475560
2024-09-02,여성,5,5,5,6,471800
2024-09-02,자켓/ 베스트,2,2,2,2,282500
2024-09-02,UNKNOWN,2,2,1,7,260450
2024-09-02,셋업,1,1,3,3,163500
2024-09-02,하이킹,2,2,2,2,147400
2024-09-02,가방,2,2,1,2,145400
2024-09-02,긴바지,2,2,2,2,136650
2024-09-02,반바지,2,2,2,2,85670
2024-09-02,상의,1,1,1,1,52910
2024-09-03,남성,31,31,30,36,1822860
2024-09-03,하이킹,4,4,3,4,368780
2024-09-03,라운드티,8,8,9,9,293980
2024-09-03,바람막이,2,2,2,2,185340
2024-09-03,셋업,3,3,3,3,177520
2024-09-03,패딩/슬림다운,1,1,1,1,143450
2024-09-03,자켓/ 베스트,1,1,1,1,128900
2024-09-03,여성,3,3,3,3,120130
2024-09-03,상의,2,2,2,2,113300
2024-09-03,맨투맨/후드티,1,1,1,1,50320
2024-09-03,긴바지,1,1,1,1,49500
2024-09-04,남성,25,25,27,32,1835520
2024-09-04,라운드티,11,11,10,13,678530
2024-09-04,여성,4,4,5,5,532390
2024-09-04,자켓/베스트,3,3,4,4,350220
2024-09-04,긴바지,3,3,4,4,296820
2024-09-04,바람막이,2,2,2,2,174650
2024-09-04,자켓/ 베스트,2,2,2,2,166610
2024-09-04,등산화,1,1,1,1,138600
2024-09-04,셋업,2,2,2,2,137260
2024-09-04,반바지,3,3,2,3,136350
2024-09-04,가방,1,1,1,1,72700
2024-09-04,하이킹,1,1,1,1,70700
2024-09-04,상의,1,1,1,1,62370
2024-09-04,액세서리,2,2,2,3,27050
2024-09-05,남성,41,41,45,59,3310440
2024-09-05,셋업,9,9,7,11,730070
2024-09-05,라운드티,9,9,8,13,551260
2024-09-05,자켓/ 베스트,5,5,5,5,550420
2024-09-05,긴바지,8,8,5,8,530500
2024-09-05,등산화,3,3,3,3,452250
2024-09-05,가방,3,3,1,3,227390
2024-09-05,UNKNOWN,1,1,1,1,156600
2024-09-05,하이킹,2,2,2,2,149240
2024-09-05,상의,2,2,2,2,126830
2024-09-05,패딩/슬림다운,1,1,1,1,100890
2024-09-05,여성,1,1,1,1,100860
2024-09-05,자켓/베스트,1,1,1,1,85050
2024-09-05,액세서리,1,1,1,1,5500
2024-09-06,남성,20,20,24,28,1394260
2024-09-06,하이킹,4,4,3,4,365930
2024-09-06,긴바지,5,5,3,5,346720
2024-09-06,자켓/ 베스트,1,1,1,1,182270
2024-09-06,라운드티,4,4,5,5,175420
2024-09-06,반바지,4,4,3,4,153220
2024-09-06,셋업,1,1,1,1,106270
2024-09-06,바람막이,1,1,1,1,104470
2024-09-06,가방,1,1,1,1,67230
2024-09-06,상의,1,1,1,1,60370
2024-09-06,액세서리,2,2,2,4,42820
2024-09-07,남성,29,29,29,43,1833280
2024-09-07,하이킹,4,4,4,4,414000
2024-09-07,등산화,4,4,3,4,384910
2024-09-07,여성,5,5,5,5,318980
2024-09-07,셋업,4,4,4,4,293750
2024-09-07,자켓/ 베스트,2,2,2,2,278810
2024-09-07,라운드티,6,6,6,7,265220
2024-09-07,긴바지,3,3,3,4,239870
2024-09-07,상의,4,4,2,4,235340
2024-09-07,가방,3,3,2,3,225180
2024-09-07,트레일러닝,2,2,1,2,176000
2024-09-07,바람막이,1,1,1,1,118740
2024-09-07,자켓/베스트,1,1,1,1,115370
2024-09-07,카고/조거,1,1,1,1,104700
2024-09-07,반바지,4,4,3,4,104650
2024-09-07,액세서리,2,2,2,3,25240
2024-09-08,남성,55,54,42,61,3414940
2024-09-08,자켓/ 베스트,4,4,4,4,538490
2024-09-08,라운드티,9,9,13,14,509330
2024-09-08,긴바지,7,7,7,7,449800
2024-09-08,셋업,3,3,6,6,365700
2024-09-08,여성,4,4,4,4,342130
2024-09-08,하이킹,3,3,3,3,262200
2024-09-08,등산화,3,3,2,3,214320
2024-09-08,반바지,4,4,3,4,146440
2024-09-08,바람막이,2,2,1,2,138200
2024-09-08,가방,2,2,1,2,135930
2024-09-08,상의,1,1,1,1,60900
2024-09-08,액세서리,2,2,2,2,13840
2024-09-09,남성,18,18,20,24,1608820
2024-09-09,등산화,4,4,3,4,577770
2024-09-09,긴바지,3,3,4,5,401520
2024-09-09,라운드티,8,8,7,8,393150
2024-09-09,셋업,3,3,3,4,295560
2024-09-09,여성,1,1,1,1,174500
2024-09-09,하이킹,1,1,1,1,137000
2024-09-09,자켓/ 베스트,1,1,1,1,91800
2024-09-09,가방,1,1,1,1,74700
2024-09-09,반바지,1,1,1,1,38560
2024-09-10,남성,27,27,29,34,2854120
2024-09-10,긴바지,3,3,4,4,334250
2024-09-10,라운드티,5,5,6,6,288660
2024-09-10,셋업,4,4,2,4,245740
2024-09-10,가방,3,3,2,3,223380
2024-09-10,등산화,1,1,1,1,109500
2024-09-10,하이킹,1,1,1,1,104300
2024-09-10,패딩/슬림다운,1,1,1,1,101540
2024-09-10,방수자켓,1,1,1,1,80630
2024-09-10,폴로티/집업,1,1,2,2,79000
2024-09-10,자켓/베스트,1,1,1,1,70000
2024-09-10,자켓/ 베스트,1,1,1,1,69300
2024-09-10,맨투맨/후드티,1,1,1,1,57520
2024-09-10,상의,1,1,1,1,57370
2024-09-10,UNKNOWN,1,1,1,1,44500
2024-09-10,반바지,1,1,1,1,35000
2024-09-10,액세서리,1,1,1,1,4950
2024-09-11,남성,40,40,42,56,2464700
2024-09-11,긴바지,9,9,8,9,534000
2024-09-11,라운드티,11,11,12,14,512090
2024-09-11,하이킹,6,6,4,6,488080
2024-09-11,가방,6,6,1,6,422860
2024-09-11,자켓/ 베스트,3,3,3,3,383010
2024-09-11,UNKNOWN,3,3,3,4,338000
2024-09-11,여성,4,4,3,4,243870
2024-09-11,등산화,1,1,1,1,219000
2024-09-11,반바지,4,4,4,4,144630
2024-09-11,바람막이,1,1,1,1,114080
2024-09-11,셋업,2,2,2,2,104800
2024-09-11,상의,1,1,1,1,62960
2024-09-11,자켓/베스트,1,1,1,1,52370
2024-09-12,남성,144,142,109,185,7417490
2024-09-12,라운드티,46,46,31,51,1323000
2024-09-12,긴바지,19,19,14,19,1103120
2024-09-12,셋업,17,17,12,19,1032210
2024-09-12,등산화,3,3,3,8,825750
2024-09-12,하이킹,6,6,5,7,635680
2024-09-12,가방,8,8,2,8,610840
2024-09-12,자켓/ 베스트,3,3,3,3,393610
2024-09-12,여성,6,6,5,6,303750
2024-09-12,UNKNOWN,3,3,3,3,269880
2024-09-12,방수자켓,3,3,2,3,200400
2024-09-12,반바지,8,8,6,8,188470
2024-09-12,맨투맨/후드티,4,4,2,4,150130
2024-09-12,바람막이,1,1,1,1,82890
2024-09-12,상의,2,2,1,2,80000
2024-09-12,트레일러닝,1,1,1,1,79000
2024-09-12,자켓/베스트,2,2,1,2,75960
2024-09-12,셔츠,1,1,1,1,51200
2024-09-12,액세서리,4,4,2,4,28370
2024-09-13,남성,54,54,53,69,3554810
2024-09-13,여성,7,7,6,7,739330
2024-09-13,긴바지,11,11,9,13,705870
2024-09-13,하이킹,6,6,6,7,593140
2024-09-13,라운드티,18,18,16,19,489840
2024-09-13,가방,7,7,2,7,421620
2024-09-13,셋업,7,7,6,7,348130
2024-09-13,자켓/ 베스트,2,2,2,2,230460
2024-09-13,등산화,2,2,2,2,219410
2024-09-13,트레일러닝,2,2,1,2,143710
2024-09-13,UNKNOWN,2,2,2,2,118920
2024-09-13,바람막이,1,1,1,1,106000
2024-09-13,자켓/베스트,1,1,1,1,49770
2024-09-13,반바지,1,1,1,1,40050
2024-09-14,남성,36,36,36,45,1999700
2024-09-14,여성,4,4,4,4,459130
2024-09-14,긴바지,7,7,6,7,406090
2024-09-14,라운드티,11,11,9,11,331060
2024-09-14,셋업,5,5,5,5,327660
2024-09-14,등산화,2,2,2,2,230960
2024-09-14,반바지,4,4,3,4,109340
2024-09-14,자켓/ 베스트,1,1,1,1,95750
2024-09-14,UNKNOWN,1,1,1,1,90670
2024-09-14,자켓/베스트,1,1,1,1,82330
2024-09-14,가방,1,1,1,1,74700
2024-09-14,하이킹,1,1,1,1,74280
2024-09-14,상의,1,1,1,1,51000
2024-09-14,액세서리,1,1,1,1,7220
2024-09-15,남성,35,35,30,39,1547350
2024-09-15,라운드티,16,16,20,23,750850
2024-09-15,셋업,8,8,7,8,656810
2024-09-15,하이킹,5,5,5,5,496020
2024-09-15,여성,6,6,5,6,413350
2024-09-15,긴바지,6,6,3,6,381770
2024-09-15,가방,3,3,1,3,223180
2024-09-15,패딩/슬림다운,1,1,1,1,124550
2024-09-15,셔츠,1,1,1,1,123330
2024-09-15,등산화,1,1,1,1,90670
2024-09-15,반바지,3,3,3,3,79700
2024-09-15,카고/조거,1,1,1,1,74000
2024-09-15,폴로티/집업,1,1,1,1,50840
2024-09-15,상의,1,1,1,1,47270
2024-09-15,장갑,1,1,1,1,16000
2024-09-16,남성,41,41,43,51,2276879
2024-09-16,여성,6,6,6,7,812610
2024-09-16,라운드티,15,15,12,15,422400
2024-09-16,가방,1,1,1,5,387640
2024-09-16,하이킹,3,3,3,3,377100
2024-09-16,긴바지,3,3,3,3,258390
2024-09-16,셋업,4,4,3,4,175330
2024-09-16,UNKNOWN,2,2,1,2,166970
2024-09-16,반바지,2,2,1,2,71960
2024-09-16,상의,1,1,1,1,36100
2024-09-16,맨투맨/후드티,1,1,1,1,33260
2024-09-16,액세서리,1,1,2,2,14060
2024-09-17,남성,28,27,30,40,1203409
2024-09-17,하이킹,3,3,3,3,305800
2024-09-17,여성,4,4,4,4,293230
2024-09-17,라운드티,7,7,6,7,207400
2024-09-17,가방,2,2,1,2,166140
2024-09-17,UNKNOWN,1,1,1,1,152100
2024-09-17,바람막이,1,1,1,1,67060
2024-09-17,반바지,1,1,2,2,66670
2024-09-17,긴바지,1,1,1,1,52210
2024-09-17,장갑,1,1,1,1,21000
2024-09-18,남성,74,74,76,118,4994750
2024-09-18,자켓/ 베스트,9,9,7,9,1347010
2024-09-18,여성,12,12,8,13,1092320
2024-09-18,셋업,9,9,9,9,627420
2024-09-18,라운드티,15,15,19,20,562140
2024-09-18,긴바지,8,8,7,8,471550
2024-09-18,셔츠,2,2,2,3,365080
2024-09-18,하이킹,4,4,3,4,364670
2024-09-18,UNKNOWN,3,3,2,3,279960
2024-09-18,등산화,2,2,2,2,269340
2024-09-18,가방,2,2,2,2,170000
2024-09-18,자켓/베스트,1,1,1,1,96440
2024-09-18,바람막이,1,1,1,1,94609
2024-09-18,반바지,2,2,3,3,92900
2024-09-18,카고/조거,1,1,1,1,70300
2024-09-18,크로스/토트백,1,1,1,1,33250
2024-09-18,상의,1,1,1,1,28300
2024-09-18,폴로티/집업,1,1,1,1,27450
2024-09-19,남성,31,31,32,37,1871220
2024-09-19,라운드티,11,11,12,13,419900
2024-09-19,바람막이,2,2,2,2,275299
2024-09-19,긴바지,5,5,5,5,243180
2024-09-19,카고/조거,1,1,2,2,196200
2024-09-19,가방,3,3,1,3,188700
2024-09-19,여성,3,3,3,3,161520
2024-09-19,하이킹,1,1,1,1,127000
2024-09-19,셋업,2,2,1,2,92590
2024-09-19,자켓/베스트,1,1,1,1,49770
2024-09-19,폴로/집업티,1,1,1,1,42160
2024-09-19,크로스/토트백,1,1,1,1,37040
2024-09-20,남성,42,42,41,57,2599770
2024-09-20,자켓/ 베스트,4,4,5,5,755700
2024-09-20,셋업,4,4,5,5,508740
2024-09-20,하이킹,5,5,5,5,445510
2024-09-20,여성,6,6,6,6,322040
2024-09-20,긴바지,6,6,5,6,301720
2024-09-20,가방,3,3,1,3,202010
2024-09-20,자켓/베스트,2,2,2,2,191000
2024-09-20,바람막이,1,1,1,1,124000
2024-09-20,트레일러닝,1,1,1,1,95000
2024-09-20,방수자켓,1,1,1,1,90300
2024-09-20,라운드티,2,2,2,2,51250
2024-09-20,맨투맨/후드티,1,1,1,1,42300
2024-09-20,폴로/집업티,1,1,1,1,36420
2024-09-20,반바지,1,1,1,1,23100
2024-09-20,액세서리,2,2,1,2,11380
2024-09-21,남성,42,42,46,64,3520540
2024-09-21,여성,7,7,8,8,502520
2024-09-21,셋업,8,8,7,8,502420
2024-09-21,긴바지,5,5,5,5,295780
2024-09-21,라운드티,5,5,3,6,178990
2024-09-21,UNKNOWN,1,1,1,1,159000
2024-09-21,바람막이,2,2,2,2,143080
2024-09-21,셔츠,1,1,1,1,110070
2024-09-21,상의,2,2,2,2,101780
2024-09-21,트레일러닝,1,1,1,1,79000
2024-09-21,하이킹,1,1,1,1,74700
2024-09-21,자켓/ 베스트,1,1,1,1,72550
2024-09-22,남성,382,380,151,529,15719169
2024-09-22,라운드티,107,107,15,109,3019930
2024-09-22,여성,33,33,19,35,2466970
2024-09-22,긴바지,37,37,15,37,2031290
2024-09-22,셋업,26,26,12,26,1564350
2024-09-22,자켓/ 베스트,14,14,8,14,1300920
2024-09-22,바람막이,9,9,3,9,798914
2024-09-22,등산화,6,6,4,6,755710
2024-09-22,UNKNOWN,6,6,3,6,670730
2024-09-22,가방,11,11,1,11,651460
2024-09-22,맨투맨/후드티,12,12,3,12,580090
2024-09-22,상의,9,9,5,9,408540
2024-09-22,자켓/베스트,9,9,3,9,346160
2024-09-22,방수자켓,5,5,2,5,343390
2024-09-22,폴로티/집업,4,4,2,4,321330
2024-09-22,하이킹,4,4,4,4,300350
2024-09-22,액세서리,9,9,4,17,98280
2024-09-22,크로스/토트백,1,1,1,1,40330
2024-09-22,장갑,1,1,1,1,21000
2024-09-23,남성,36,34,34,43,2922010
2024-09-23,등산화,5,5,3,5,467760
2024-09-23,하이킹,3,3,3,3,360300
2024-09-23,여성,3,3,3,3,301370
2024-09-23,자켓/ 베스트,2,2,2,2,298370
2024-09-23,가방,3,3,1,3,225400
2024-09-23,긴바지,2,2,2,2,139470
2024-09-23,자켓/베스트,1,1,1,1,102500
2024-09-23,라운드티,2,2,2,2,84610
2024-09-23,셋업,1,1,1,1,73320
2024-09-24,남성,25,25,27,35,2501150
2024-09-24,자켓/ 베스트,4,4,3,6,531230
2024-09-24,여성,4,4,4,4,352630
2024-09-24,하이킹,3,3,4,4,281500
2024-09-24,셋업,2,2,2,2,254180
2024-09-24,긴바지,2,2,2,2,194600
2024-09-24,등산화,1,1,1,1,163600
2024-09-24,자켓/베스트,1,1,1,1,159000
2024-09-24,셔츠,1,1,1,1,139000
2024-09-24,가방,2,2,1,2,131400
2024-09-24,UNKNOWN,1,1,1,1,95670
2024-09-24,바람막이,1,1,1,1,87100
2024-09-24,방수자켓,1,1,1,1,81270
2024-09-24,상의,1,1,1,1,57430
2024-09-24,라운드티,1,1,1,1,50720
2024-09-24,맨투맨/후드티,1,1,1,1,49570
2024-09-25,남성,19,19,18,23,990620
2024-09-25,여성,7,7,6,7,507720
2024-09-25,하이킹,4,4,4,4,376000
2024-09-25,가방,5,5,2,5,365830
2024-09-25,긴바지,4,4,4,4,354460
2024-09-25,자켓/ 베스트,1,1,1,1,179370
2024-09-25,바람막이,1,1,1,1,117369
2024-09-25,폴로티/집업,1,1,1,1,99000
2024-09-25,등산화,1,1,1,1,93670
2024-09-25,UNKNOWN,1,1,1,1,88670
2024-09-25,셋업,1,1,1,1,66970
2024-09-25,맨투맨/후드티,1,1,1,1,54070
2024-09-25,라운드티,1,1,1,1,43340
2024-09-26,남성,23,23,24,33,1957460
2024-09-26,여성,4,4,4,4,394240
2024-09-26,하이킹,3,3,3,3,306070
2024-09-26,라운드티,5,5,4,6,300390
2024-09-26,자켓/ 베스트,1,1,1,4,212000
2024-09-26,등산화,1,1,1,1,93670
2024-09-26,긴바지,1,1,1,1,88230
2024-09-26,셋업,1,1,1,1,82850
2024-09-26,가방,1,1,1,1,72700
2024-09-27,남성,28,28,26,34,2794330
2024-09-27,자켓/ 베스트,4,4,4,6,898950
2024-09-27,등산화,5,5,4,6,743240
2024-09-27,여성,3,3,3,3,249900
2024-09-27,자켓/베스트,1,1,1,1,152100
2024-09-27,셋업,1,1,2,2,132020
2024-09-27,바람막이,1,1,1,1,105879
2024-09-27,UNKNOWN,1,1,1,1,95670
2024-09-27,폴로티/집업,1,1,1,1,94710
2024-09-27,라운드티,2,2,2,2,77800
2024-09-27,크로스/토트백,1,1,1,1,54840
2024-09-28,남성,22,22,20,22,2369590
2024-09-28,여성,5,5,5,5,619130
2024-09-28,인터체인지 (3 in 1),1,1,1,1,369000
2024-09-28,하이킹,2,2,1,2,253800
2024-09-28,폴로티/집업,2,2,1,2,150810
2024-09-28,가방,2,2,1,2,142400
2024-09-28,라운드티,1,1,2,2,90920
2024-09-28,맨투맨/후드티,1,1,1,1,86920
2024-09-28,셋업,1,1,1,1,62300
2024-09-29,남성,17,17,17,21,1656630
2024-09-29,자켓/ 베스트,5,5,5,9,772870
2024-09-29,여성,9,9,5,9,591360
2024-09-29,등산화,2,2,2,2,187340
2024-09-29,하이킹,2,2,2,2,187250
2024-09-29,바람막이,1,1,1,1,111249
2024-09-29,UNKNOWN,1,1,1,1,95670
2024-09-29,라운드티,1,1,2,2,91360
2024-09-29,폴로티/집업,1,1,1,1,87100
2024-09-30,남성,65,64,29,76,6346320
2024-09-30,여성,27,27,8,31,2914190
2024-09-30,셋업,2,2,2,2,235600
2024-09-30,긴바지,2,2,2,2,183300
2024-09-30,라운드티,3,3,3,3,167400
2024-09-30,자켓/ 베스트,1,1,1,1,119400
2024-09-30,하이킹,1,1,1,1,114500
2024-09-30,자켓/베스트,1,1,1,1,98680
2024-09-30,가방,1,1,1,1,72700
2024-10-01,남성,61,61,43,74,6705330
2024-10-01,여성,24,24,7,26,2767320
2024-10-01,하이킹,4,4,3,4,378000
2024-10-01,등산화,2,2,2,2,263500
2024-10-01,셔츠,1,1,2,2,245700
2024-10-01,셋업,2,2,2,2,226180
2024-10-01,가방,2,2,1,2,137200
2024-10-01,바람막이,1,1,1,1,111329
2024-10-01,자켓/ 베스트,1,1,1,1,102960
2024-10-01,UNKNOWN,1,1,1,1,100170
2024-10-01,트레일러닝,1,1,1,1,99500
2024-10-01,라운드티,2,2,2,2,95470
2024-10-01,긴바지,1,1,1,1,77750
2024-10-01,상의,1,1,1,1,56070
2024-10-02,남성,38,38,42,56,4938770
2024-10-02,여성,10,10,6,11,1321580
2024-10-02,자켓/ 베스트,5,5,5,15,1064360
2024-10-02,하이킹,4,4,4,5,550400
2024-10-02,인터체인지 (3 in 1),1,1,1,1,329500
2024-10-02,셋업,2,2,2,2,184680
2024-10-02,라운드티,2,2,3,3,117440
2024-10-02,등산화,1,1,1,1,79500
2024-10-02,UNKNOWN,1,1,1,1,79500
2024-10-02,가방,1,1,1,1,68000
2024-10-03,남성,33,33,36,42,3538490
2024-10-03,여성,15,15,7,16,1840470
2024-10-03,자켓/ 베스트,6,6,5,6,899520
2024-10-03,등산화,5,4,3,5,533670
2024-10-03,라운드티,5,5,3,5,254000
2024-10-03,긴바지,2,2,2,2,162050
2024-10-03,패딩/슬림다운,1,1,1,1,119500
2024-10-03,하이킹,1,1,1,1,116800
2024-10-03,자켓/베스트,1,1,1,1,109600
2024-10-03,바람막이,1,1,1,1,101969
2024-10-03,가방,1,1,1,1,74700
2024-10-03,셋업,1,1,1,1,62100
2024-10-03,액세서리,1,1,2,3,21840
2024-10-04,남성,31,31,27,38,4094420
2024-10-04,여성,9,9,2,10,1019360
2024-10-04,셋업,3,3,3,3,258050
2024-10-04,자켓/ 베스트,3,3,3,4,253420
2024-10-04,가방,3,3,2,3,234270
2024-10-04,바람막이,2,2,1,2,210648
2024-10-04,하이킹,2,2,2,2,188280
2024-10-05,남성,38,38,35,50,3803679
2024-10-05,여성,15,15,4,15,1494550
2024-10-05,자켓/ 베스트,4,4,4,4,408600
2024-10-05,셋업,2,2,2,2,273530
2024-10-05,하이킹,1,1,1,1,118800
2024-10-05,라운드티,2,2,2,2,103600
2024-10-05,바람막이,1,1,1,1,101969
2024-10-05,맨투맨/후드티,1,1,1,1,97420
2024-10-05,폴로티/집업,1,1,1,1,97420
2024-10-06,남성,39,39,27,44,4493630
2024-10-06,자켓/ 베스트,6,6,4,14,909940
2024-10-06,여성,9,9,7,10,822970
2024-10-06,하이킹,4,4,4,4,453150
2024-10-06,셋업,3,3,2,3,332310
2024-10-06,라운드티,3,3,2,5,239400
2024-10-06,가방,2,2,1,2,138660
2024-10-06,패딩/슬림다운,1,1,1,1,137000
2024-10-06,등산화,1,1,1,1,109500
2024-10-06,트레일러닝,1,1,1,1,99000
2024-10-06,긴바지,1,1,1,1,79000
2024-10-07,남성,32,32,33,41,2834820
2024-10-07,여성,9,9,7,9,869920
2024-10-07,자켓/ 베스트,6,6,6,7,741450
2024-10-07,자켓/베스트,4,4,4,4,411650
2024-10-07,가방,3,3,1,3,210100
2024-10-07,패딩/슬림다운,2,2,2,2,208500
2024-10-07,등산화,2,2,1,2,186840
2024-10-07,하이킹,2,2,2,2,182200
2024-10-07,라운드티,2,2,2,3,134900
2024-10-07,긴바지,1,1,1,1,104300
2024-10-07,트레일러닝,1,1,1,1,103040
2024-10-07,UNKNOWN,1,1,1,1,93670
2024-10-07,셋업,1,1,1,1,69000
2024-10-08,남성,32,32,31,38,3312180
2024-10-08,여성,11,11,5,12,1424440
2024-10-08,자켓/ 베스트,7,6,7,16,1210480
2024-10-08,인터체인지 (3 in 1),1,1,1,1,582100
2024-10-08,하이킹,4,4,3,4,356060
2024-10-08,라운드티,7,7,4,7,325790
2024-10-08,셋업,4,4,3,4,319340
2024-10-08,UNKNOWN,1,1,1,1,178260
2024-10-08,바람막이,1,1,1,1,101969
2024-10-08,등산화,1,1,1,1,79500
2024-10-08,가방,1,1,1,1,73000
2024-10-08,긴바지,1,1,1,1,63480
2024-10-08,크로스/토트백,1,1,1,1,59000
2024-10-08,자켓/베스트,1,1,1,1,55300
2024-10-09,남성,31,30,31,37,2789079
2024-10-09,여성,15,15,12,16,1420510
2024-10-09,하이킹,6,6,3,6,524480
2024-10-09,자켓/ 베스트,4,4,3,4,482430
2024-10-09,미드/롱다운,1,1,1,1,164500
2024-10-09,라운드티,2,2,2,2,100130
2024-10-09,셋업,1,1,1,1,67300
2024-10-09,긴바지,1,1,1,1,58550
2024-10-09,가방,1,1,1,1,56590
2024-10-09,폴로/집업티,1,1,1,1,48630
2024-10-09,상의,1,1,1,1,34470
2024-10-10,남성,34,34,23,37,3123640
2024-10-10,여성,21,21,12,25,2770240
2024-10-10,인터체인지 (3 in 1),2,2,1,2,692100
2024-10-10,자켓/ 베스트,5,5,5,5,502470
2024-10-10,등산화,2,2,1,2,193840
2024-10-10,라운드티,4,4,3,4,189790
2024-10-10,긴바지,2,2,2,2,168920
2024-10-10,셋업,2,2,2,2,161760
2024-10-10,자켓/베스트,2,2,2,2,156900
2024-10-10,UNKNOWN,1,1,1,1,154600
2024-10-10,바람막이,1,1,1,1,113870
2024-10-10,가방,1,1,1,1,87570
2024-10-11,남성,38,37,35,69,5091330
2024-10-11,여성,10,9,11,12,1165930
2024-10-11,셋업,3,3,4,4,340830
2024-10-11,인터체인지 (3 in 1),1,1,1,1,332100
2024-10-11,자켓/ 베스트,3,3,3,3,300100
2024-10-11,폴로티/집업,1,1,1,2,177700
2024-10-11,하이킹,1,1,1,1,137000
2024-10-11,등산화,1,1,1,1,122170
2024-10-11,라운드티,1,1,1,1,53100
2024-10-12,남성,32,32,39,50,3976080
2024-10-12,여성,21,21,13,21,2391050
2024-10-12,자켓/ 베스트,2,2,2,2,298980
2024-10-12,하이킹,2,2,2,2,237600
2024-10-12,바람막이,2,2,2,2,222269
2024-10-12,셋업,2,2,1,2,191740
2024-10-12,라운드티,3,3,2,3,141200
2024-10-12,가방,1,1,1,1,67700
2024-10-13,남성,32,31,32,38,3654570
2024-10-13,여성,10,10,7,11,1472770
2024-10-13,하이킹,6,6,4,6,701400
2024-10-13,등산화,3,3,3,3,487870
2024-10-13,긴바지,3,3,3,4,363420
2024-10-13,미드/롱다운,1,1,1,1,274500
2024-10-13,자켓/ 베스트,2,2,2,2,231530
2024-10-13,셋업,1,1,2,2,171540
2024-10-13,가방,2,2,1,2,138400
2024-10-13,폴로티/집업,1,1,1,1,89100
2024-10-13,라운드티,2,2,2,2,82770
2024-10-14,남성,31,28,35,53,3421840
2024-10-14,패딩/슬림다운,1,1,1,9,1920400
2024-10-14,여성,11,11,8,11,890990
2024-10-14,하이킹,4,4,3,4,383000
2024-10-14,라운드티,4,4,3,4,190440
2024-10-14,자켓/ 베스트,2,2,2,2,159270
2024-10-14,폴로티/집업,2,2,1,2,145600
2024-10-14,가방,2,2,1,2,142500
2024-10-14,바람막이,1,1,1,1,99969
2024-10-14,셋업,1,1,1,1,97300
2024-10-14,등산화,1,1,1,1,79500
2024-10-14,긴바지,1,1,1,1,58070
2024-10-15,남성,39,38,36,60,4746320
2024-10-15,여성,8,8,5,8,1139840
2024-10-15,가방,3,3,1,3,215600
2024-10-15,등산화,1,1,1,1,196100
2024-10-15,하이킹,2,2,2,2,191500
2024-10-15,라운드티,4,4,4,4,183640
2024-10-15,자켓/베스트,1,1,1,1,104810
2024-10-15,UNKNOWN,1,1,1,1,100000
2024-10-15,셋업,1,1,1,1,77000
2024-10-16,남성,55,53,58,73,4562709
2024-10-16,여성,11,11,7,11,1032950
2024-10-16,셋업,4,4,3,4,309370
2024-10-16,자켓/ 베스트,3,3,3,3,200570
2024-10-16,가방,3,3,1,3,196330
2024-10-16,하이킹,2,2,2,2,178840
2024-10-16,긴바지,2,2,2,2,172870
2024-10-16,라운드티,4,4,3,4,169160
2024-10-16,등산화,1,1,1,1,120670
2024-10-16,UNKNOWN,1,1,1,1,90670
2024-10-16,자켓/베스트,2,2,1,2,89580
2024-10-16,맨투맨/후드티,1,1,1,1,71010
2024-10-16,액세서리,2,2,2,2,12910
2024-10-17,남성,46,46,51,60,4481300
2024-10-17,여성,7,7,7,7,681970
2024-10-17,셋업,2,2,2,2,295100
2024-10-17,하이킹,3,3,3,3,286000
2024-10-17,자켓/ 베스트,4,4,4,4,266290
2024-10-17,UNKNOWN,2,2,2,2,250270
2024-10-17,긴바지,2,2,2,2,161760
2024-10-17,등산화,1,1,1,1,146300
2024-10-17,가방,2,2,1,2,145400
2024-10-17,라운드티,3,3,3,3,128330
2024-10-17,바람막이,1,1,1,1,124990
2024-10-17,자켓/베스트,1,1,1,1,99000
2024-10-17,액세서리,1,1,1,1,8840
2024-10-18,남성,35,35,34,43,3270980
2024-10-18,여성,11,11,8,12,1400680
2024-10-18,셋업,5,5,4,6,409900
2024-10-18,하이킹,4,4,4,4,384170
2024-10-18,자켓/베스트,1,1,1,1,128090
2024-10-18,등산화,1,1,1,1,84500
2024-10-18,라운드티,2,2,2,2,83870
2024-10-18,자켓/ 베스트,1,1,1,1,42960
2024-10-19,남성,40,40,42,69,4654740
2024-10-19,여성,4,4,5,5,487280
2024-10-19,인터체인지 (3 in 1),1,1,1,1,321100
2024-10-19,자켓/ 베스트,3,3,3,3,205470
2024-10-19,등산화,2,1,2,2,204000
2024-10-19,하이킹,2,2,2,2,193500
2024-10-19,가방,2,2,1,2,149400
2024-10-19,자켓/베스트,2,2,2,2,89190
2024-10-19,패딩/슬림다운,1,1,1,1,82350
2024-10-19,라운드티,1,1,1,1,41100
2024-10-19,셋업,1,1,1,1,38500
2024-10-20,남성,50,50,44,63,4603279
2024-10-20,여성,11,11,10,11,1044560
2024-10-20,인터체인지 (3 in 1),2,2,2,2,900200
2024-10-20,자켓/ 베스트,7,6,5,8,665250
2024-10-20,하이킹,5,5,4,5,511790
2024-10-20,셋업,4,4,4,4,428640
2024-10-20,등산화,1,1,2,2,388000
2024-10-20,가방,3,3,1,3,213400
2024-10-20,라운드티,4,4,3,4,175710
2024-10-20,UNKNOWN,1,1,1,1,175460
2024-10-20,셔츠,1,1,1,1,139000
2024-10-20,패딩/슬림다운,1,1,1,1,129600
2024-10-20,자켓/베스트,1,1,1,1,115380
2024-10-20,폴로티/집업,1,1,1,1,87740
2024-10-21,남성,38,38,38,51,3873270
2024-10-21,여성,11,11,6,11,1148370
2024-10-21,미드/롱다운,1,1,1,1,274500
2024-10-21,자켓/ 베스트,2,2,2,2,225000
2024-10-21,가방,3,3,1,3,214300
2024-10-21,등산화,2,2,2,2,179000
2024-10-21,부츠,1,1,1,1,138600
2024-10-21,셔츠,1,1,1,1,126190
2024-10-21,하이킹,1,1,1,1,116800
2024-10-21,폴로티/집업,1,1,1,1,99000
2024-10-21,UNKNOWN,1,1,1,1,95670
2024-10-21,자켓/베스트,2,2,1,2,94540
2024-10-21,긴바지,1,1,1,1,79000
2024-10-21,볼캡,1,1,1,1,46100
2024-10-22,남성,35,34,38,49,2864090
2024-10-22,여성,10,10,8,10,1066100
2024-10-22,하이킹,4,4,2,4,445600
2024-10-22,셋업,4,4,4,4,358650
2024-10-22,등산화,2,2,2,2,188170
2024-10-22,부츠,1,1,1,1,148630
2024-10-22,패딩/슬림다운,1,1,1,1,116270
2024-10-22,자켓/베스트,1,1,1,1,116100
2024-10-22,자켓/ 베스트,1,1,1,1,104090
2024-10-22,긴바지,1,1,1,1,101940
2024-10-22,폴로티/집업,1,1,1,1,94670
2024-10-22,라운드티,2,2,2,2,91710
2024-10-22,가방,1,1,1,1,72700
2024-10-23,남성,34,34,31,51,4209200
2024-10-23,자켓/ 베스트,3,3,3,11,2056100
2024-10-23,바람막이,2,2,2,15,1622366
2024-10-23,여성,7,7,6,8,1057620
2024-10-23,인터체인지 (3 in 1),1,1,1,1,316100
2024-10-23,등산화,2,2,2,2,246500
2024-10-23,가방,2,2,1,2,149400
2024-10-23,패딩/슬림다운,1,1,1,1,142980
2024-10-23,셋업,1,1,2,2,138000
2024-10-23,라운드티,3,3,2,3,120670
2024-10-23,하이킹,1,1,1,1,112570
2024-10-23,UNKNOWN,1,1,1,1,99170
2024-10-23,긴바지,1,1,1,1,89370
2024-10-23,자켓/베스트,1,1,1,1,86430
2024-10-24,남성,43,42,40,51,4596970
2024-10-24,여성,10,10,8,10,999770
2024-10-24,UNKNOWN,4,3,3,4,336150
2024-10-24,인터체인지 (3 in 1),1,1,1,1,321100
2024-10-24,미드/롱다운,1,1,1,1,274500
2024-10-24,라운드티,5,5,4,6,257840
2024-10-24,자켓/베스트,2,2,1,2,218000
2024-10-24,하이킹,2,2,2,2,191500
2024-10-24,셋업,1,1,1,1,165100
2024-10-24,바람막이,1,1,1,1,139300
2024-10-24,가방,2,2,1,2,137710
2024-10-24,자켓/ 베스트,2,2,2,2,98700
2024-10-24,등산화,1,1,1,1,93670
2024-10-24,긴바지,1,1,1,1,64500
2024-10-24,볼캡,1,1,1,1,59000
2024-10-25,남성,34,31,36,47,6299310
2024-10-25,여성,5,5,6,7,767700
2024-10-25,하이킹,4,4,4,4,506450
2024-10-25,자켓/ 베스트,3,3,3,3,321890
2024-10-25,인터체인지 (3 in 1),1,1,1,1,321100
2024-10-25,셋업,4,4,4,4,274700
2024-10-25,등산화,2,2,2,2,211470
2024-10-25,자켓/베스트,1,1,1,1,109000
2024-10-25,긴바지,1,1,1,1,71100
2024-10-25,라운드티,1,1,1,1,43030
2024-10-26,남성,33,32,29,41,3895590
2024-10-26,여성,9,9,8,9,1146340
2024-10-26,가방,4,4,1,4,282400
2024-10-26,패딩/슬림다운,1,1,1,1,204100
2024-10-26,하이킹,2,2,2,2,189500
2024-10-26,자켓/ 베스트,2,2,2,2,100700
2024-10-26,긴바지,1,1,1,1,71100
2024-10-26,라운드티,1,1,1,1,57010
2024-10-26,폴로티/집업,1,1,1,1,49500
2024-10-27,남성,44,44,41,57,4615800
2024-10-27,여성,6,6,7,7,744000
2024-10-27,셋업,5,5,6,6,497190
2024-10-27,자켓/ 베스트,3,3,3,3,322170
2024-10-27,등산화,3,3,2,3,301970
2024-10-27,가방,4,4,1,4,283300
2024-10-27,장갑,1,1,1,3,265940
2024-10-27,부츠,2,2,2,2,256560
2024-10-27,하이킹,2,2,2,2,155700
2024-10-27,UNKNOWN,1,1,1,1,88670
2024-10-27,라운드티,2,2,2,2,84590
2024-10-27,긴바지,1,1,1,1,64860
2024-10-27,볼캡,1,1,1,1,44100
2024-10-28,남성,42,40,49,63,6138900
2024-10-28,여성,8,7,7,9,836120
2024-10-28,하이킹,3,3,3,3,299700
2024-10-28,등산화,2,2,1,2,190340
2024-10-28,자켓/ 베스트,2,2,2,2,166800
2024-10-28,가방,2,2,1,2,142400
2024-10-28,패딩/슬림다운,1,1,1,1,119500
2024-10-28,셋업,1,1,1,2,101030
2024-10-28,UNKNOWN,1,1,1,1,99170
2024-10-28,폴로티/집업,1,1,1,1,87100
2024-10-28,셔츠,1,1,1,1,69500
2024-10-28,볼캡,1,1,1,1,51100
2024-10-28,자켓/베스트,1,1,1,1,39600
2024-10-28,액세서리,1,1,1,1,18920
2024-10-29,남성,35,35,41,53,5766580
2024-10-29,여성,10,10,9,12,1976740
2024-10-29,인터체인지 (3 in 1),1,1,1,1,584100
2024-10-29,미드/롱다운,1,1,1,1,487600
2024-10-29,하이킹,5,5,3,5,422900
2024-10-29,자켓/ 베스트,4,4,3,4,378970
2024-10-29,UNKNOWN,2,2,2,2,263170
2024-10-29,셋업,2,2,2,2,230410
2024-10-29,가방,3,3,1,3,210100
2024-10-29,긴바지,2,2,2,2,110740
2024-10-29,폴로티/집업,1,1,1,1,91520
2024-10-29,등산화,1,1,1,1,84500
2024-10-30,남성,28,28,32,42,3871070
2024-10-30,여성,11,11,3,11,781640
2024-10-30,하이킹,4,4,4,4,435540
2024-10-30,자켓/ 베스트,2,2,2,2,332790
2024-10-30,셋업,3,3,3,3,280090
2024-10-30,가방,3,3,1,3,232400
2024-10-30,미드/롱다운,1,1,1,1,164500
2024-10-30,부츠,1,1,1,1,139000
2024-10-30,폴로티/집업,1,1,1,1,99000
2024-10-30,자켓/베스트,1,1,1,1,94000
2024-10-30,등산화,1,1,1,1,90670
2024-10-31,남성,71,70,62,85,7315879
2024-10-31,여성,10,10,8,10,1653840
2024-10-31,하이킹,9,9,7,9,931430
2024-10-31,인터체인지 (3 in 1),1,1,1,1,659000
2024-10-31,자켓/ 베스트,3,3,3,3,435700
2024-10-31,등산화,2,2,1,2,280480
2024-10-31,미드/롱다운,1,1,1,1,279500
2024-10-31,자켓/베스트,2,2,3,3,253300
2024-10-31,UNKNOWN,3,2,2,3,248500
2024-10-31,패딩/슬림다운,2,2,2,2,208800
2024-10-31,바람막이,1,1,1,1,139300
2024-10-31,셔츠,1,1,2,2,139000
2024-10-31,긴바지,1,1,1,1,98360
2024-10-31,셋업,1,1,1,1,97300
2024-10-31,폴로티/집업,1,1,1,1,87100
2024-10-31,가방,1,1,1,1,72700
2024-10-31,라운드티,2,2,1,2,42960
2024-10-31,액세서리,1,1,1,1,18340
2024-11-01,남성,36,35,39,69,5185890
2024-11-01,여성,10,10,10,11,1103320
2024-11-01,등산화,2,2,2,3,358060
2024-11-01,셋업,2,2,2,2,309400
2024-11-01,하이킹,2,2,2,2,245800
2024-11-01,자켓/베스트,1,1,1,1,233100
2024-11-01,UNKNOWN,2,2,2,2,199800
2024-11-01,가방,2,2,1,2,125860
2024-11-01,긴바지,1,1,1,1,104300
2024-11-01,버킷/부니,1,1,1,1,65000
2024-11-01,자켓/ 베스트,1,1,1,1,44500
2024-11-01,라운드티,1,1,1,1,41300
2024-11-02,남성,25,25,29,32,2779980
2024-11-02,여성,8,8,7,8,1252340
2024-11-02,자켓/ 베스트,6,6,6,8,775330
2024-11-02,하이킹,6,6,6,6,696600
2024-11-02,인터체인지 (3 in 1),1,1,1,1,659000
2024-11-02,미드/롱다운,1,1,1,1,279500
2024-11-02,셋업,3,3,3,3,274620
2024-11-02,등산화,2,2,2,2,229920
2024-11-02,긴바지,1,1,1,1,93870
2024-11-02,가방,1,1,1,1,74550
2024-11-02,UNKNOWN,1,1,1,1,68870
2024-11-02,자켓/베스트,1,1,1,1,47770
2024-11-02,라운드티,1,1,1,1,37170
2024-11-03,남성,63,63,63,78,6583620
2024-11-03,여성,11,11,12,12,1742910
2024-11-03,하이킹,6,6,4,6,622450
2024-11-03,자켓/ 베스트,6,6,6,6,618210
2024-11-03,인터체인지 (3 in 1),1,1,1,1,526890
2024-11-03,셋업,3,3,4,4,488330
2024-11-03,미드/롱다운,1,1,1,1,478100
2024-11-03,가방,2,2,1,2,156660
2024-11-03,등산화,1,1,1,1,126470
2024-11-03,바람막이,1,1,1,1,121750
2024-11-03,패딩/슬림다운,1,1,1,1,119500
2024-11-03,UNKNOWN,1,1,1,1,91170
2024-11-03,맨투맨/후드티,1,1,1,1,79200
2024-11-03,폴로/집업티,1,1,1,1,56070
2024-11-03,라운드티,1,1,1,1,35170
2024-11-03,볼캡,1,1,1,1,29500
2024-11-04,남성,35,35,40,58,3731020
2024-11-04,여성,12,12,12,14,1588160
2024-11-04,셋업,6,6,4,6,714790
2024-11-04,등산화,5,5,4,5,573720
2024-11-04,가방,7,7,1,7,536920
2024-11-04,미드/롱다운,1,1,1,1,279500
2024-11-04,하이킹,2,2,1,2,230600
2024-11-04,폴로티/집업,2,2,1,2,176200
2024-11-04,UNKNOWN,1,1,1,1,161100
2024-11-04,라운드티,3,3,3,3,110630
2024-11-04,긴바지,1,1,1,1,100000
2024-11-04,자켓/ 베스트,2,2,2,2,93700
2024-11-04,자켓/베스트,2,2,1,2,93240
2024-11-04,맨투맨/후드티,1,1,1,1,59200
2024-11-04,장갑,1,1,1,1,34570
2024-11-04,액세서리,2,2,1,2,31260
2024-11-05,남성,69,69,64,86,6624560
2024-11-05,여성,16,16,13,17,2616380
2024-11-05,미드/롱다운,1,1,1,1,485100
2024-11-05,인터체인지 (3 in 1),1,1,1,1,316100
2024-11-05,가방,4,4,1,4,312730
2024-11-05,셋업,2,2,2,2,201890
2024-11-05,등산화,2,2,2,2,195180
2024-11-05,하이킹,2,2,2,2,193500
2024-11-05,자켓/ 베스트,1,1,1,1,91800
2024-11-05,라운드티,2,2,2,2,90980
2024-11-05,자켓/베스트,1,1,1,1,55300
2024-11-05,크로스/토트백,1,1,1,1,50190
2024-11-06,남성,63,62,67,110,9659590
2024-11-06,여성,18,18,18,21,3030090
2024-11-06,미드/롱다운,2,2,1,2,768600
2024-11-06,하이킹,3,3,3,3,393700
2024-11-06,등산화,3,3,3,3,350450
2024-11-06,인터체인지 (3 in 1),1,1,1,1,329500
2024-11-06,셋업,2,2,2,2,194810
2024-11-06,맨투맨/후드티,1,1,1,1,63140
2024-11-06,UNKNOWN,1,1,1,1,54000
2024-11-06,볼캡,1,1,1,1,50990
2024-11-06,라운드티,1,1,1,1,37170
2024-11-07,남성,43,42,48,62,4918670
2024-11-07,여성,12,12,11,13,2166350
2024-11-07,하이킹,5,5,3,5,595000
2024-11-07,자켓/ 베스트,4,4,4,4,535370
2024-11-07,셋업,3,3,4,4,261800
2024-11-07,미드/롱다운,1,1,1,1,164500
2024-11-07,가방,2,2,1,2,156530
2024-11-07,패딩/슬림다운,1,1,1,1,134100
2024-11-07,라운드티,2,2,2,3,122210
2024-11-07,UNKNOWN,1,1,1,1,106300
2024-11-07,바람막이,1,1,1,1,104279
2024-11-07,등산화,1,1,1,1,94500
2024-11-07,맨투맨/후드티,1,1,1,1,59780
2024-11-07,볼캡,1,1,1,1,52270
2024-11-07,크로스/토트백,1,1,1,1,29500
2024-11-08,남성,36,35,36,46,4683200
2024-11-08,여성,6,6,5,7,1148970
2024-11-08,셋업,5,5,7,8,719630
2024-11-08,인터체인지 (3 in 1),1,1,1,1,360710
2024-11-08,자켓/ 베스트,3,3,3,3,283020
2024-11-08,미드/롱다운,1,1,1,1,274500
2024-11-08,자켓/베스트,3,3,2,3,223610
2024-11-08,가방,2,2,1,2,159000
2024-11-08,등산화,1,1,1,1,126470
2024-11-08,맨투맨/후드티,1,1,1,1,79200
2024-11-08,라운드티,1,1,1,1,41570
2024-11-09,남성,11,11,12,12,1287080
2024-11-09,여성,8,8,8,10,1158730
2024-11-09,하이킹,6,6,4,7,739000
2024-11-09,부츠,1,1,1,1,157180
2024-11-09,셋업,1,1,1,1,138420
2024-11-09,바람막이,1,1,1,1,103299
2024-11-09,UNKNOWN,1,1,1,1,93670
2024-11-09,가방,1,1,1,1,81000
2024-11-09,볼캡,1,1,1,1,29500
2024-11-10,남성,55,55,50,65,5668330
2024-11-10,여성,8,8,8,8,1281490
2024-11-10,하이킹,5,5,5,6,620420
2024-11-10,셋업,4,4,5,5,600810
2024-11-10,등산화,4,4,3,4,482370
2024-11-10,가방,4,4,1,4,315700
2024-11-10,패딩/슬림다운,1,1,1,1,127600
2024-11-10,자켓/ 베스트,1,1,1,1,108270
2024-11-11,남성,36,35,39,47,3804610
2024-11-11,인터체인지 (3 in 1),1,1,1,1,584100
2024-11-11,여성,4,4,4,4,561620
2024-11-11,하이킹,3,3,2,3,346560
2024-11-11,자켓/ 베스트,3,3,3,3,306100
2024-11-11,등산화,1,1,1,2,222600
2024-11-11,가방,2,2,1,2,151310
2024-11-11,바람막이,1,1,1,1,122590
2024-11-11,폴로티/집업,1,1,1,1,99000
2024-11-11,UNKNOWN,1,1,1,1,95670
2024-11-11,크로스/토트백,1,1,1,1,51100
2024-11-12,남성,44,40,42,52,5056210
2024-11-12,여성,12,12,13,15,1916700
2024-11-12,셋업,5,5,7,7,965480
2024-11-12,등산화,7,7,6,7,766200
2024-11-12,하이킹,6,6,4,6,732670
2024-11-12,가방,4,4,1,4,308740
2024-11-12,자켓/ 베스트,1,1,1,1,115500
2024-11-12,UNKNOWN,1,1,1,1,105160
2024-11-12,라운드티,2,2,2,2,64100
2024-11-12,폴로티/집업,1,1,1,1,62660
2024-11-13,남성,31,29,32,58,3574740
2024-11-13,여성,4,4,6,6,793640
2024-11-13,미드/롱다운,2,2,2,2,771600
2024-11-13,등산화,4,4,3,4,397250
2024-11-13,셋업,2,2,3,4,392600
2024-11-13,하이킹,3,3,2,3,343700
2024-11-13,가방,4,4,1,4,313000
2024-11-13,폴로티/집업,1,1,1,1,88660
2024-11-13,라운드티,1,1,1,1,38300
2024-11-14,남성,40,40,45,53,4447750
2024-11-14,여성,9,9,10,11,1090070
2024-11-14,인터체인지 (3 in 1),2,2,1,2,648700
2024-11-14,하이킹,5,5,3,5,640500
2024-11-14,등산화,4,4,4,4,401690
2024-11-14,셋업,3,3,3,3,291860
2024-11-14,가방,2,2,1,2,141660
2024-11-14,라운드티,3,3,3,3,124990
2024-11-14,UNKNOWN,1,1,1,1,93670
2024-11-14,자켓/베스트,1,1,1,1,63300
2024-11-15,남성,157,157,89,200,17723690
2024-11-15,여성,35,35,21,39,5907210
2024-11-15,미드/롱다운,5,5,1,5,1605000
2024-11-15,셋업,7,7,5,7,864510
2024-11-15,하이킹,7,7,4,7,848910
2024-11-15,맨투맨/후드티,6,6,2,7,507200
2024-11-15,자켓/ 베스트,4,4,3,4,499680
2024-11-15,가방,6,6,1,6,452890
2024-11-15,등산화,2,2,3,3,388870
2024-11-15,UNKNOWN,2,2,2,2,329100
2024-11-15,볼캡,7,7,3,7,294140
2024-11-15,라운드티,6,6,3,7,271240
2024-11-15,패딩/슬림다운,1,1,1,1,118600
2024-11-15,긴바지,1,1,1,1,104300
2024-11-15,캐주얼,1,1,1,1,69000
2024-11-15,크로스/토트백,1,1,1,1,53100
2024-11-16,남성,107,104,66,128,12142370
2024-11-16,여성,23,23,16,25,3537155
2024-11-16,미드/롱다운,3,3,1,3,849540
2024-11-16,하이킹,6,6,5,6,682490
2024-11-16,인터체인지 (3 in 1),1,1,1,1,582100
2024-11-16,등산화,4,4,3,4,441890
2024-11-16,셋업,3,3,3,3,336160
2024-11-16,라운드티,5,5,3,5,178500
2024-11-16,볼캡,4,4,1,4,175920
2024-11-16,UNKNOWN,1,1,1,1,156600
2024-11-16,폴로티/집업,1,1,1,1,99000
2024-11-16,가방,1,1,1,1,83000
2024-11-16,캐주얼,1,1,1,1,69050
2024-11-16,맨투맨/후드티,1,1,1,1,68530
2024-11-16,폴로/집업티,1,1,1,1,47970
2024-11-17,남성,121,119,70,145,13008700
2024-11-17,여성,25,25,18,29,4037225
2024-11-17,미드/롱다운,5,5,1,5,1531600
2024-11-17,하이킹,4,4,4,5,626000
2024-11-17,등산화,5,5,5,5,577220
2024-11-17,셋업,3,3,3,3,248700
2024-11-17,자켓/ 베스트,2,2,2,2,221360
2024-11-17,맨투맨/후드티,2,2,2,2,141030
2024-11-17,UNKNOWN,2,2,2,2,132430
2024-11-17,패딩/슬림다운,1,1,1,1,126600
2024-11-17,부츠,1,1,1,1,123750
2024-11-17,라운드티,3,3,3,3,114370
2024-11-17,폴로티/집업,1,1,1,1,96010
2024-11-17,긴바지,1,1,1,1,89500
2024-11-17,볼캡,2,2,1,2,74000
2024-11-17,가방,1,1,1,1,64800
2024-11-17,장갑,1,1,1,1,49500
2024-11-18,남성,153,150,85,188,15902360
2024-11-18,여성,24,24,16,24,3998525
2024-11-18,미드/롱다운,7,7,4,7,2306760
2024-11-18,셋업,11,11,9,12,1125560
2024-11-18,등산화,4,4,3,5,658045
2024-11-18,볼캡,10,10,3,11,436430
2024-11-18,하이킹,3,3,3,3,277330
2024-11-18,긴바지,1,1,1,1,93510
2024-11-18,폴로티/집업,1,1,1,1,87470
2024-11-18,UNKNOWN,1,1,1,1,82355
2024-11-18,부츠,1,1,1,1,79500
2024-11-18,가방,1,1,1,1,76000
2024-11-18,자켓/ 베스트,1,1,1,1,45990
2024-11-19,남성,139,138,83,183,16012859
2024-11-19,여성,20,20,16,22,3911880
2024-11-19,미드/롱다운,9,9,2,9,2740300
2024-11-19,하이킹,9,9,6,10,1127440
2024-11-19,셋업,4,4,4,4,484420
2024-11-19,볼캡,6,6,2,6,229310
2024-11-19,자켓/ 베스트,2,2,2,2,159200
2024-11-19,맨투맨/후드티,1,1,2,2,158400
2024-11-19,가방,2,2,1,2,135930
2024-11-19,셔츠,1,1,1,1,104330
2024-11-19,폴로티/집업,1,1,1,1,88850
2024-11-19,긴바지,1,1,1,1,70900
2024-11-19,UNKNOWN,1,1,1,1,54000
2024-11-19,라운드티,1,1,1,1,40910
2024-11-19,장갑,1,1,1,1,40600
2024-11-20,남성,120,120,67,155,14599270
2024-11-20,여성,25,25,14,29,4028200
2024-11-20,미드/롱다운,7,6,2,7,2285700
2024-11-20,하이킹,4,4,3,4,511250
2024-11-20,자켓/ 베스트,8,8,2,8,389560
2024-11-20,볼캡,6,6,3,8,349100
2024-11-20,가방,4,4,1,4,293330
2024-11-20,셋업,2,2,2,2,190620
2024-11-20,등산화,2,2,1,2,186150
2024-11-20,라운드티,4,4,3,4,168800
2024-11-20,패딩/슬림다운,1,1,1,1,123960
2024-11-20,긴바지,1,1,1,1,88510
2024-11-20,UNKNOWN,2,2,2,2,87200
2024-11-20,맨투맨/후드티,1,1,1,1,69200
2024-11-20,자켓/베스트,1,1,1,1,44300
2024-11-21,남성,146,146,73,175,16464860
2024-11-21,여성,28,28,18,29,3989820
2024-11-21,미드/롱다운,7,7,2,7,2304500
2024-11-21,셋업,7,7,8,12,984490
2024-11-21,등산화,5,5,4,5,683990
2024-11-21,자켓/ 베스트,4,4,3,4,410770
2024-11-21,볼캡,8,8,2,8,315590
2024-11-21,라운드티,6,6,3,7,268150
2024-11-21,긴바지,2,2,2,2,249400
2024-11-21,가방,3,3,1,3,238810
2024-11-21,하이킹,2,2,2,2,207000
2024-11-21,폴로티/집업,2,2,2,2,160130
2024-11-21,부츠,1,1,1,1,149890
2024-11-21,맨투맨/후드티,2,2,1,2,144370
2024-11-21,패딩/슬림다운,1,1,1,1,123100
2024-11-21,캐주얼,1,1,1,1,63000
2024-11-21,버킷/부니,1,1,1,1,32500
2024-11-22,남성,110,108,69,134,13862140
2024-11-22,여성,21,21,15,22,3266200
2024-11-22,하이킹,8,8,2,8,961180
2024-11-22,셋업,6,6,5,7,794760
2024-11-22,미드/롱다운,2,2,1,2,617970
2024-11-22,UNKNOWN,3,3,2,3,274335
2024-11-22,등산화,2,2,2,2,258660
2024-11-22,자켓/ 베스트,3,3,3,3,198090
2024-11-22,긴바지,2,2,2,2,183550
2024-11-22,볼캡,4,4,2,4,173740
2024-11-22,폴로티/집업,1,1,1,1,76890
2024-11-23,남성,121,118,52,143,12570390
2024-11-23,여성,20,20,10,22,3939500
2024-11-23,미드/롱다운,5,5,3,5,1710900
2024-11-23,하이킹,5,5,5,6,724570
2024-11-23,셋업,4,4,5,6,664030
2024-11-23,볼캡,5,5,2,5,209860
2024-11-23,장갑,2,2,2,2,209300
2024-11-23,등산화,1,1,1,1,133470
2024-11-23,부츠,1,1,1,1,125100
2024-11-23,바람막이,1,1,1,1,99969
2024-11-23,폴로티/집업,1,1,1,1,84450
2024-11-23,라운드티,1,1,2,2,70940
2024-11-24,남성,158,156,95,203,20214620
2024-11-24,여성,26,25,17,26,3916210
2024-11-24,미드/롱다운,7,7,1,7,2130430
2024-11-24,셋업,6,6,6,10,717200
2024-11-24,볼캡,10,10,3,11,430070
2024-11-24,하이킹,3,3,3,3,365950
2024-11-24,패딩/슬림다운,2,2,2,2,227620
2024-11-24,맨투맨/후드티,3,3,1,3,219760
2024-11-24,자켓/ 베스트,2,2,2,2,165270
2024-11-24,가방,2,2,1,2,157620
2024-11-24,부츠,1,1,1,1,136600
2024-11-24,캐주얼,1,1,1,2,111320
2024-11-24,등산화,1,1,1,1,104500
2024-11-24,UNKNOWN,1,1,1,1,88355
2024-11-24,라운드티,1,1,1,1,36170
2024-11-25,남성,112,112,64,135,13951495
2024-11-25,여성,23,22,19,23,4156100
2024-11-25,미드/롱다운,5,5,1,5,1580000
2024-11-25,셋업,4,4,5,7,805460
2024-11-25,볼캡,7,7,3,7,299700
2024-11-25,UNKNOWN,2,2,2,2,243955
2024-11-25,부츠,1,1,2,3,238500
2024-11-25,하이킹,2,2,2,2,191450
2024-11-25,가방,2,2,1,2,164000
2024-11-25,라운드티,2,2,2,2,73570
2024-11-25,맨투맨/후드티,1,1,1,1,69440
2024-11-25,자켓/ 베스트,1,1,1,1,53000
2024-11-25,자켓/베스트,1,1,1,1,47770
2024-11-26,남성,123,122,77,146,12757195
2024-11-26,여성,24,24,20,25,3951005
2024-11-26,미드/롱다운,5,5,2,5,1933400
2024-11-26,인터체인지 (3 in 1),1,1,1,1,659000
2024-11-26,UNKNOWN,6,6,1,6,614910
2024-11-26,볼캡,12,12,2,12,500930
2024-11-26,셋업,2,2,4,4,387600
2024-11-26,하이킹,3,3,3,3,345300
2024-11-26,자켓/베스트,3,3,3,3,334170
2024-11-26,맨투맨/후드티,4,4,2,4,289140
2024-11-26,부츠,3,3,3,3,277600
2024-11-26,등산화,1,1,1,1,133770
2024-11-26,패딩/슬림다운,1,1,1,1,119500
2024-11-26,라운드티,2,2,1,2,69960
2024-11-27,남성,182,178,78,214,21990214
2024-11-27,여성,26,26,18,27,3930455
2024-11-27,미드/롱다운,6,6,3,6,1783410
2024-11-27,하이킹,6,6,4,6,725860
2024-11-27,볼캡,12,12,2,13,520030
2024-11-27,셋업,3,3,3,3,290170
2024-11-27,긴바지,2,2,1,3,268610
2024-11-27,패딩/슬림다운,2,2,1,2,244430
2024-11-27,등산화,2,2,2,2,212970
2024-11-27,부츠,1,1,1,1,159000
2024-11-27,맨투맨/후드티,1,1,2,2,158400
2024-11-27,장갑,1,1,1,1,97120
2024-11-27,라운드티,2,2,1,2,72010
2024-11-27,자켓/ 베스트,1,1,1,1,52130
2024-11-28,남성,143,141,75,173,22144940
2024-11-28,여성,20,20,18,22,3278520
2024-11-28,미드/롱다운,9,9,4,9,3168820
2024-11-28,셋업,7,7,6,8,945170
2024-11-28,부츠,6,6,2,6,768600
2024-11-28,볼캡,9,9,3,10,414590
2024-11-28,하이킹,3,3,3,3,345000
2024-11-28,자켓/베스트,2,2,2,2,198580
2024-11-28,가방,2,2,1,2,162000
2024-11-28,등산화,1,1,1,1,126970
2024-11-28,UNKNOWN,1,1,1,1,108680
2024-11-28,장갑,1,1,1,1,89100
2024-11-28,캐주얼,1,1,1,1,66000
2024-11-28,맨투맨/후드티,1,1,1,1,61510
2024-11-28,폴로티/집업,1,1,1,1,49500
2024-11-28,라운드티,1,1,1,1,45300
2024-11-28,자켓/ 베스트,1,1,1,1,33620
2024-11-29,남성,119,119,73,149,19608990
2024-11-29,여성,16,16,11,16,2037335
2024-11-29,미드/롱다운,6,6,2,6,1799500
2024-11-29,등산화,6,6,4,6,720000
2024-11-29,하이킹,3,3,2,3,399000
2024-11-29,가방,4,4,2,4,315525
2024-11-29,UNKNOWN,2,2,2,2,257750
2024-11-29,자켓/베스트,3,3,3,3,240700
2024-11-29,바람막이,1,1,1,1,232250
2024-11-29,긴바지,1,1,1,1,161100
2024-11-29,패딩/슬림다운,1,1,1,1,127600
2024-11-29,자켓/ 베스트,1,1,2,2,106000
2024-11-29,셋업,1,1,1,1,89460
2024-11-29,폴로티/집업,1,1,1,1,68900
2024-11-29,볼캡,1,1,1,1,45000
2024-11-30,남성,105,105,73,126,12313990
2024-11-30,여성,22,22,15,22,2867010
2024-11-30,미드/롱다운,8,8,1,8,2506380
2024-11-30,등산화,4,4,3,4,465490
2024-11-30,볼캡,9,9,2,9,361420
2024-11-30,하이킹,3,3,3,3,324440
2024-11-30,인터체인지 (3 in 1),1,1,1,1,323100
2024-11-30,셋업,3,3,3,3,274865
2024-11-30,부츠,2,2,2,2,221240
2024-11-30,자켓/베스트,2,2,2,2,172120
2024-11-30,긴바지,1,1,1,1,155100
2024-11-30,패딩/슬림다운,1,1,1,1,115405
2024-11-30,바람막이,1,1,1,1,100005
2024-11-30,폴로티/집업,1,1,1,1,73100
2024-11-30,가방,1,1,1,1,62250
2024-11-30,맨투맨/후드티,1,1,1,1,57240
2024-12-01,남성,307,302,149,389,31318905
2024-12-01,여성,40,39,22,46,5377620
2024-12-01,하이킹,12,12,8,12,1306440
2024-12-01,미드/롱다운,4,4,1,4,1249600
2024-12-01,볼캡,14,13,3,14,529250
2024-12-01,셋업,5,5,5,5,483200
2024-12-01,가방,7,7,1,7,478690
2024-12-01,등산화,4,4,4,4,473520
2024-12-01,라운드티,9,9,4,10,344530
2024-12-01,패딩/슬림다운,1,1,1,1,204100
2024-12-01,자켓/ 베스트,2,2,2,2,186860
2024-12-01,장갑,4,4,4,4,176970
2024-12-01,폴로티/집업,1,1,1,1,84000
2024-12-01,맨투맨/후드티,1,1,1,1,79200
2024-12-01,트레일러닝,1,1,1,1,75650
2024-12-01,긴바지,1,1,1,1,72300
2024-12-01,부츠,1,1,1,1,69500
2024-12-01,UNKNOWN,1,1,1,1,51850
2024-12-02,남성,185,183,78,214,22738604
2024-12-02,여성,17,17,19,19,2396670
2024-12-02,미드/롱다운,4,4,4,4,1349730
2024-12-02,셋업,9,9,6,11,917290
2024-12-02,부츠,7,7,4,7,622990
2024-12-02,등산화,3,3,3,3,396570
2024-12-02,UNKNOWN,4,4,4,4,396480
2024-12-02,하이킹,3,3,2,3,384430
2024-12-02,긴바지,2,2,2,2,220340
2024-12-02,맨투맨/후드티,3,3,2,3,207640
2024-12-02,가방,2,2,1,2,166000
2024-12-02,패딩/슬림다운,1,1,1,1,160150
2024-12-02,폴로티/집업,2,2,2,2,136240
2024-12-02,자켓/ 베스트,1,1,1,1,50560
2024-12-02,자켓/베스트,1,1,1,1,46700
2024-12-02,라운드티,1,1,1,1,41300
2024-12-03,남성,131,129,74,162,17021900
2024-12-03,여성,12,12,10,12,1767540
2024-12-03,미드/롱다운,3,3,2,3,1059560
2024-12-03,UNKNOWN,4,4,4,5,480780
2024-12-03,셋업,5,5,4,5,439340
2024-12-03,부츠,4,4,2,4,378940
2024-12-03,폴로티/집업,4,4,2,5,314710
2024-12-03,등산화,2,2,2,2,248970
2024-12-03,볼캡,4,4,2,4,201350
2024-12-03,긴바지,1,1,1,1,125300
2024-12-03,가방,1,1,1,1,80630
2024-12-03,캐주얼,1,1,1,1,71000
2024-12-03,맨투맨/후드티,1,1,1,1,65550
2024-12-03,자켓/베스트,1,1,1,1,44500
2024-12-03,라운드티,1,1,1,1,38490
2024-12-04,남성,112,110,67,145,13596450
2024-12-04,여성,12,12,12,13,1733310
2024-12-04,하이킹,4,4,4,6,763000
2024-12-04,미드/롱다운,2,2,2,2,735880
2024-12-04,셋업,3,3,4,4,376340
2024-12-04,등산화,2,2,1,2,186470
2024-12-04,패딩/슬림다운,1,1,1,1,127600
2024-12-04,볼캡,2,2,1,2,114000
2024-12-04,부츠,1,1,1,1,111300
2024-12-04,자켓/베스트,1,1,1,1,86380
2024-12-04,가방,1,1,1,1,85570
2024-12-04,버킷/부니,1,1,1,1,61910
2024-12-04,맨투맨/후드티,1,1,1,1,56470
2024-12-04,자켓/ 베스트,1,1,1,1,53000
2024-12-05,남성,79,78,47,90,10196270
2024-12-05,미드/롱다운,7,6,4,7,2053270
2024-12-05,여성,9,9,8,9,1371570
2024-12-05,셋업,3,3,3,3,307020
2024-12-05,등산화,1,1,1,1,128970
2024-12-05,UNKNOWN,1,1,1,1,125300
2024-12-05,하이킹,1,1,1,1,76000
2024-12-05,폴로티/집업,1,1,1,1,64300
2024-12-05,맨투맨/후드티,1,1,1,1,62120
2024-12-05,볼캡,1,1,1,1,51510
2024-12-05,자켓/베스트,1,1,1,1,33870
2024-12-05,라운드티,1,1,1,1,24520
2024-12-06,남성,157,152,79,208,23891770
2024-12-06,부츠,13,13,3,13,3108700
2024-12-06,UNKNOWN,8,8,2,8,3064690
2024-12-06,여성,12,12,10,13,1021880
2024-12-06,미드/롱다운,2,2,2,2,849680
2024-12-06,셋업,6,6,5,6,500260
2024-12-06,가방,2,2,1,5,405950
2024-12-06,하이킹,3,3,3,3,337210
2024-12-06,패딩/슬림다운,1,1,1,1,167300
2024-12-06,긴바지,1,1,1,1,161000
2024-12-06,자켓/ 베스트,2,2,2,2,101550
2024-12-06,볼캡,1,1,1,1,57340
2024-12-06,액세서리,2,2,2,2,19070
2024-12-07,남성,86,86,50,99,10673680
2024-12-07,미드/롱다운,7,7,3,7,2518240
2024-12-07,여성,11,11,9,11,1604050
2024-12-07,셋업,6,6,6,7,612620
2024-12-07,UNKNOWN,2,2,2,2,489930
2024-12-07,부츠,3,3,3,3,465970
2024-12-07,등산화,2,2,2,2,245040
2024-12-07,긴바지,2,2,2,2,236720
2024-12-07,볼캡,2,2,1,2,99000
2024-12-07,가방,1,1,1,1,83000
2024-12-07,폴로티/집업,1,1,1,1,69300
2024-12-07,자켓/베스트,1,1,1,1,59560
2024-12-07,액세서리,1,1,1,1,11000
2024-12-08,남성,131,124,80,155,15853260
2024-12-08,미드/롱다운,8,8,6,8,2736130
2024-12-08,여성,17,17,13,20,2233460
2024-12-08,UNKNOWN,6,6,5,7,1369720
2024-12-08,셋업,5,5,5,6,563270
2024-12-08,부츠,4,4,3,4,373450
2024-12-08,하이킹,3,3,3,3,340000
2024-12-08,자켓/ 베스트,1,1,2,4,212000
2024-12-08,긴바지,1,1,1,1,159110
2024-12-08,패딩/슬림다운,1,1,1,1,157180
2024-12-08,폴로티/집업,2,2,1,2,135920
2024-12-08,볼캡,2,2,2,2,101200
2024-12-08,자켓/베스트,1,1,1,1,99000
2024-12-08,라운드티,2,2,2,2,84680
2024-12-08,가방,1,1,1,1,79790
2024-12-08,맨투맨/후드티,1,1,1,1,55670
2024-12-08,액세서리,4,4,2,5,49970
2024-12-08,장갑,1,1,1,1,28100
2024-12-09,남성,96,96,65,111,12053330
2024-12-09,UNKNOWN,6,6,4,7,1721100
2024-12-09,여성,10,10,8,10,1448120
2024-12-09,미드/롱다운,2,2,2,2,781960
2024-12-09,부츠,7,7,5,8,741190
2024-12-09,인터체인지 (3 in 1),1,1,1,1,584100
2024-12-09,셋업,5,5,5,6,492200
2024-12-09,긴바지,4,4,3,4,471310
2024-12-09,하이킹,4,4,3,4,368700
2024-12-09,패딩/슬림다운,1,1,1,1,144070
2024-12-09,볼캡,2,2,2,2,103920
2024-12-09,트레일러닝,1,1,1,1,102000
2024-12-09,가방,1,1,1,1,76000
2024-12-09,폴로티/집업,1,1,1,1,64620
2024-12-09,자켓/ 베스트,1,1,1,1,51000
2024-12-09,액세서리,1,1,1,1,11000
2024-12-10,남성,93,85,71,116,10684600
2024-12-10,미드/롱다운,8,8,4,8,2742380
2024-12-10,여성,14,14,10,16,2472500
2024-12-10,등산화,3,3,3,3,303190
2024-12-10,가방,3,3,1,3,227000
2024-12-10,긴바지,2,2,1,2,195770
2024-12-10,셋업,3,3,3,3,175880
2024-12-10,패딩/슬림다운,1,1,1,1,144070
2024-12-10,폴로티/집업,2,2,2,2,127340
2024-12-10,바람막이,1,1,1,1,118299
2024-12-10,자켓/ 베스트,2,2,2,2,97500
2024-12-10,액세서리,4,4,3,7,65030
2024-12-10,UNKNOWN,1,1,1,1,38880
2024-12-10,볼캡,1,1,1,1,37500
2024-12-11,남성,94,94,78,177,23451710
2024-12-11,미드/롱다운,11,10,6,12,4419100
2024-12-11,여성,8,8,7,10,1249050
2024-12-11,긴바지,2,2,3,9,985400
2024-12-11,UNKNOWN,2,2,2,2,532170
2024-12-11,하이킹,1,1,2,2,264000
2024-12-11,셋업,3,3,2,3,185750
2024-12-11,패딩/슬림다운,1,1,1,1,167300
2024-12-11,등산화,1,1,1,1,131000
2024-12-11,맨투맨/후드티,1,1,1,1,65450
2024-12-11,폴로티/집업,1,1,1,1,60370
2024-12-11,라운드티,1,1,1,1,31300
2024-12-11,액세서리,1,1,1,1,9900
2024-12-12,남성,78,77,64,96,8669690
2024-12-12,미드/롱다운,6,6,2,6,2007460
2024-12-12,여성,13,13,10,13,1764340
2024-12-12,셋업,8,8,9,12,721960
2024-12-12,하이킹,2,2,2,2,269000
2024-12-12,가방,2,2,1,2,164000
2024-12-12,UNKNOWN,2,2,2,2,162180
2024-12-12,패딩/슬림다운,1,1,1,1,134100
2024-12-12,부츠,1,1,1,1,109620
2024-12-12,볼캡,3,3,2,3,109090
2024-12-12,폴로티/집업,2,2,2,2,106870
2024-12-12,긴바지,1,1,1,1,89500
2024-12-12,액세서리,1,1,1,1,11000
2024-12-13,남성,76,74,53,86,8844960
2024-12-13,미드/롱다운,2,2,2,2,716470
2024-12-13,UNKNOWN,4,4,3,4,570660
2024-12-13,셋업,5,5,4,7,519070
2024-12-13,자켓/베스트,6,6,4,6,441720
2024-12-13,여성,4,4,5,5,408420
2024-12-13,폴로티/집업,3,3,2,3,179830
2024-12-13,긴바지,1,1,1,1,163990
2024-12-13,패딩/슬림다운,1,1,1,1,134100
2024-12-13,등산화,1,1,1,1,130530
2024-12-13,볼캡,2,2,2,2,87480
2024-12-13,라운드티,1,1,1,1,49120
2024-12-13,폴로/집업티,1,1,1,1,49070
2024-12-13,액세서리,2,2,1,5,27500
2024-12-14,남성,65,65,56,89,7639210
2024-12-14,여성,10,10,9,10,1345760
2024-12-14,UNKNOWN,3,3,2,3,932880
2024-12-14,미드/롱다운,1,1,1,1,327870
2024-12-14,인터체인지 (3 in 1),1,1,1,1,221470
2024-12-14,하이킹,2,2,2,2,213000
2024-12-14,부츠,2,2,2,2,196870
2024-12-14,자켓/베스트,2,2,2,2,146680
2024-12-14,등산화,1,1,1,1,139300
2024-12-14,폴로티/집업,2,2,2,2,138600
2024-12-14,긴바지,1,1,1,1,108270
2024-12-14,셋업,1,1,1,1,104300
2024-12-14,캐주얼,1,1,1,1,69790
2024-12-14,액세서리,2,2,2,3,31100
2024-12-15,남성,98,98,84,125,12079050
2024-12-15,여성,16,16,13,19,2251110
2024-12-15,미드/롱다운,6,6,3,6,1624870
2024-12-15,셋업,6,6,6,7,549750
2024-12-15,부츠,5,5,5,6,549600
2024-12-15,등산화,1,1,1,1,189000
2024-12-15,UNKNOWN,3,3,3,3,182030
2024-12-15,폴로티/집업,3,3,1,3,169900
2024-12-15,하이킹,1,1,1,1,130000
2024-12-15,긴바지,1,1,1,1,89500
2024-12-15,가방,1,1,1,1,80060
2024-12-15,액세서리,2,2,2,2,22000
2024-12-16,남성,98,97,76,131,12441280
2024-12-16,미드/롱다운,6,6,5,6,1803000
2024-12-16,셋업,8,7,6,9,860550
2024-12-16,여성,5,5,4,5,556740
2024-12-16,부츠,3,3,2,3,277090
2024-12-16,UNKNOWN,2,2,2,2,143150
2024-12-16,폴로티/집업,2,2,2,2,132380
2024-12-16,하이킹,1,1,1,1,121440
2024-12-16,자켓/베스트,1,1,1,1,109000
2024-12-16,가방,1,1,1,1,73000
2024-12-16,액세서리,2,2,2,2,15950
2024-12-17,남성,74,73,61,92,7753610
2024-12-17,미드/롱다운,5,5,3,8,2115050
2024-12-17,여성,12,12,10,14,1846970
2024-12-17,UNKNOWN,1,1,1,2,221040
2024-12-17,패딩/슬림다운,1,1,1,1,146070
2024-12-17,볼캡,2,2,2,3,140960
2024-12-17,등산화,1,1,1,1,131470
2024-12-17,폴로티/집업,2,2,2,2,129670
2024-12-17,셋업,2,2,2,2,128050
2024-12-17,하이킹,1,1,1,1,125000
2024-12-17,긴바지,1,1,1,1,106270
2024-12-17,자켓/ 베스트,1,1,2,2,106000
2024-12-17,바람막이,1,1,1,1,94970
2024-12-17,부츠,1,1,1,1,93670
2024-12-17,자켓/베스트,1,1,1,1,81380
2024-12-17,가방,1,1,1,1,81000
2024-12-17,캐주얼,1,1,1,1,71000
2024-12-17,라운드티,1,1,1,1,49770
2024-12-17,액세서리,2,2,3,4,39600
2024-12-18,남성,69,68,62,85,7380290
2024-12-18,미드/롱다운,11,11,4,11,3809630
2024-12-18,여성,10,10,9,11,1274900
2024-12-18,셋업,5,5,3,5,580400
2024-12-18,등산화,2,2,2,2,214540
2024-12-18,가방,2,2,1,2,159000
2024-12-18,부츠,2,2,1,2,151270
2024-12-18,하이킹,1,1,1,1,137000
2024-12-18,폴로티/집업,2,2,1,2,129040
2024-12-18,액세서리,1,1,3,6,64860
2024-12-18,볼캡,1,1,1,1,54000
2024-12-19,남성,99,99,72,126,10920410
2024-12-19,미드/롱다운,10,10,5,14,5000570
2024-12-19,여성,16,16,11,16,2550170
2024-12-19,패딩/슬림다운,4,3,1,4,645970
2024-12-19,UNKNOWN,3,3,3,3,585120
2024-12-19,긴바지,3,3,2,3,379510
2024-12-19,셋업,2,2,3,3,305740
2024-12-19,폴로티/집업,3,3,1,3,200970
2024-12-19,부츠,2,2,2,2,192970
2024-12-19,등산화,1,1,1,1,95670
2024-12-19,가방,1,1,1,1,81760
2024-12-19,하이킹,1,1,1,1,74270
2024-12-19,장갑,2,2,1,2,73500
2024-12-19,폴로/집업티,1,1,1,1,62300
2024-12-19,자켓/베스트,1,1,1,1,57920
2024-12-19,볼캡,1,1,1,1,54000
2024-12-19,액세서리,3,3,2,3,20500
2024-12-20,남성,76,75,58,92,8646910
2024-12-20,여성,10,10,10,11,1550250
2024-12-20,미드/롱다운,4,4,2,4,1388090
2024-12-20,UNKNOWN,5,5,4,5,390400
2024-12-20,부츠,3,3,3,3,278760
2024-12-20,긴바지,2,2,1,2,231570
2024-12-20,셋업,1,1,1,1,100720
2024-12-20,등산화,1,1,1,1,94500
2024-12-20,가방,1,1,1,1,81050
2024-12-20,폴로티/집업,1,1,1,1,59870
2024-12-20,자켓/베스트,1,1,1,1,55350
2024-12-20,자켓/ 베스트,1,1,1,1,41080
2024-12-20,액세서리,1,1,1,1,5500
2024-12-21,남성,73,71,61,98,8221530
2024-12-21,미드/롱다운,4,4,3,5,1703760
2024-12-21,여성,10,10,7,10,1423320
2024-12-21,UNKNOWN,3,3,3,4,558630
2024-12-21,셋업,4,4,3,4,355040
2024-12-21,등산화,2,2,1,2,220370
2024-12-21,부츠,2,2,2,2,188430
2024-12-21,폴로티/집업,2,2,1,2,121670
2024-12-21,긴바지,1,1,1,1,108270
2024-12-21,볼캡,1,1,1,2,106000
2024-12-21,액세서리,1,1,3,3,30800
2024-12-22,남성,90,90,61,107,9563973
2024-12-22,미드/롱다운,10,10,5,10,3516520
2024-12-22,여성,21,21,16,21,3147630
2024-12-22,셋업,6,6,4,8,628090
2024-12-22,UNKNOWN,3,3,3,3,315810
2024-12-22,인터체인지 (3 in 1),1,1,1,1,258300
2024-12-22,패딩/슬림다운,1,1,1,1,136600
2024-12-22,폴로티/집업,2,2,2,2,134600
2024-12-22,맨투맨/후드티,2,2,2,2,130970
2024-12-22,하이킹,1,1,1,1,130000
2024-12-22,등산화,1,1,1,1,112570
2024-12-22,긴바지,1,1,1,1,112300
2024-12-22,볼캡,2,2,1,2,111000
2024-12-22,부츠,1,1,1,1,93670
2024-12-22,자켓/베스트,1,1,1,1,83380
2024-12-22,가방,1,1,1,1,81000
2024-12-22,자켓/ 베스트,1,1,1,1,27790
2024-12-22,액세서리,1,1,1,1,11000
2024-12-23,남성,71,70,70,108,11083860
2024-12-23,미드/롱다운,6,6,3,6,2017730
2024-12-23,여성,9,9,8,9,1713840
2024-12-23,셋업,2,2,2,3,359480
2024-12-23,부츠,4,3,3,4,329800
2024-12-23,볼캡,4,4,3,5,210500
2024-12-23,폴로티/집업,3,3,2,3,197670
2024-12-23,하이킹,2,2,2,2,196000
2024-12-23,긴바지,1,1,1,1,123520
2024-12-23,등산화,1,1,1,1,113500
2024-12-23,가방,1,1,1,1,83000
2024-12-23,캐주얼,1,1,1,1,69000
2024-12-24,남성,83,80,66,110,9006980
2024-12-24,미드/롱다운,8,8,4,8,2848270
2024-12-24,여성,9,9,7,9,1249970
2024-12-24,셋업,2,2,3,3,349170
2024-12-24,부츠,2,2,1,2,194970
2024-12-24,폴로티/집업,2,2,1,2,116770
2024-12-24,볼캡,2,2,1,2,104920
2024-12-24,UNKNOWN,1,1,1,1,93670
2024-12-24,액세서리,4,4,3,7,61610
2024-12-24,자켓/베스트,1,1,1,1,56070
2024-12-25,남성,77,75,64,104,8150490
2024-12-25,미드/롱다운,2,2,2,2,791070
2024-12-25,여성,11,11,9,11,706130
2024-12-25,UNKNOWN,3,3,3,3,611500
2024-12-25,셋업,5,5,5,6,604010
2024-12-25,등산화,4,4,4,4,421080
2024-12-25,긴바지,2,2,3,3,291510
2024-12-25,자켓/ 베스트,3,3,2,3,261140
2024-12-25,패딩/슬림다운,2,2,2,2,244600
2024-12-25,폴로티/집업,3,3,2,3,202790
2024-12-25,하이킹,1,1,1,1,83000
2024-12-25,부츠,1,1,1,1,76570
2024-12-25,가방,1,1,1,1,72940
2024-12-25,액세서리,5,5,3,7,67470
2024-12-25,버킷/부니,1,1,1,1,58500
2024-12-25,장갑,1,1,1,1,22170
2024-12-26,남성,83,83,75,102,8111370
2024-12-26,여성,14,14,14,20,1629270
2024-12-26,미드/롱다운,1,1,1,1,336870
2024-12-26,셋업,3,3,3,3,233660
2024-12-26,부츠,2,2,2,2,174240
2024-12-26,장갑,4,4,3,4,171560
2024-12-26,하이킹,1,1,1,1,137000
2024-12-26,등산화,1,1,1,1,90670
2024-12-26,액세서리,7,7,3,10,86940
2024-12-26,가방,1,1,1,1,79000
2024-12-26,라운드티,2,2,2,2,67050
2024-12-26,볼캡,1,1,1,1,53270
2024-12-26,폴로티/집업,1,1,1,1,49810
2024-12-26,UNKNOWN,1,1,1,1,38880
2024-12-26,자켓/ 베스트,1,1,1,1,36240
2024-12-27,남성,66,65,53,77,5841700
2024-12-27,미드/롱다운,5,5,4,5,1749470
2024-12-27,여성,6,6,6,6,527180
2024-12-27,긴바지,4,4,2,4,372170
2024-12-27,패딩/슬림다운,2,2,1,2,277000
2024-12-27,폴로티/집업,5,5,2,5,264300
2024-12-27,하이킹,2,2,2,2,215000
2024-12-27,셋업,2,2,3,3,208180
2024-12-27,부츠,2,2,2,2,170490
2024-12-27,볼캡,3,3,3,3,125670
2024-12-27,등산화,1,1,1,1,120870
2024-12-27,UNKNOWN,1,1,1,1,95670
2024-12-27,액세서리,2,2,2,3,26840
2024-12-28,남성,74,74,66,94,7944740
2024-12-28,여성,7,7,6,9,1146490
2024-12-28,미드/롱다운,1,1,1,1,227880
2024-12-28,셋업,2,2,3,3,219450
2024-12-28,맨투맨/후드티,2,2,1,2,117670
2024-12-28,등산화,1,1,1,1,112890
2024-12-28,긴바지,1,1,1,1,108270
2024-12-28,가방,1,1,1,1,81000
2024-12-28,자켓/베스트,1,1,1,1,56070
2024-12-28,폴로티/집업,1,1,1,1,54420
2024-12-28,볼캡,1,1,1,1,54000
2024-12-28,액세서리,3,3,2,5,48950
2024-12-28,UNKNOWN,1,1,1,1,38390
2024-12-29,남성,81,80,66,122,9579000
2024-12-29,미드/롱다운,4,4,1,4,1372990
2024-12-29,여성,7,7,7,7,1004830
2024-12-29,등산화,4,4,3,4,411480
2024-12-29,긴바지,2,2,2,2,249440
2024-12-29,UNKNOWN,3,3,3,3,240950
2024-12-29,부츠,2,2,2,2,179240
2024-12-29,가방,3,3,1,3,162260
2024-12-29,하이킹,1,1,1,1,137000
2024-12-29,폴로티/집업,2,2,2,2,128070
2024-12-29,셋업,1,1,1,1,114070
2024-12-29,액세서리,3,3,2,5,42220
2024-12-30,남성,59,58,59,72,6940900
2024-12-30,여성,11,11,11,11,1483720
2024-12-30,미드/롱다운,4,4,3,4,1280350
2024-12-30,등산화,2,2,1,4,511260
2024-12-30,셋업,3,3,3,3,172890
2024-12-30,가방,2,2,1,2,157680
2024-12-30,폴로티/집업,2,2,1,2,98870
2024-12-30,부츠,1,1,1,1,93670
2024-12-30,볼캡,1,1,1,1,60000
2024-12-30,라운드티,1,1,1,1,28170
2024-12-30,액세서리,3,3,2,3,25200
2024-12-31,남성,96,92,74,126,8092940
2024-12-31,여성,20,20,11,21,1876060
2024-12-31,미드/롱다운,3,3,1,3,1072960
2024-12-31,UNKNOWN,3,3,3,3,585560
2024-12-31,셋업,4,4,4,6,397620
2024-12-31,등산화,3,3,2,3,372310
2024-12-31,폴로티/집업,3,3,2,3,195580
2024-12-31,하이킹,1,1,1,1,132060
2024-12-31,패딩/슬림다운,1,1,1,1,129920
2024-12-31,부츠,1,1,1,1,87570
2024-12-31,가방,1,1,1,1,83000
2024-12-31,액세서리,4,4,3,4,29950
2024-12-31,장갑,1,1,1,1,19500
2025-01-01,남성,73,71,64,88,7722120
2025-01-01,여성,13,13,11,14,1678250
2025-01-01,등산화,3,3,3,3,358540
2025-01-01,긴바지,3,3,2,3,322260
2025-01-01,셋업,4,4,3,5,302590
2025-01-01,자켓/베스트,2,2,2,2,149380
2025-01-01,UNKNOWN,1,1,1,1,111950
2025-01-01,부츠,1,1,1,1,93670
2025-01-01,폴로티/집업,1,1,1,1,49500
2025-01-01,볼캡,1,1,1,1,47500
2025-01-01,라운드티,1,1,1,1,39930
2025-01-01,액세서리,2,2,2,4,38540
2025-01-02,남성,69,68,62,82,6956060
2025-01-02,여성,19,19,14,23,2416070
2025-01-02,미드/롱다운,4,4,3,4,1491130
2025-01-02,자켓/ 베스트,4,4,4,4,490350
2025-01-02,UNKNOWN,6,6,4,6,363270
2025-01-02,부츠,4,3,3,4,355470
2025-01-02,패딩/슬림다운,1,1,1,2,330280
2025-01-02,셋업,3,3,4,4,271030
2025-01-02,하이킹,2,2,2,2,255000
2025-01-02,긴바지,1,1,1,1,116210
2025-01-02,폴로/집업티,2,2,1,2,116130
2025-01-02,맨투맨/후드티,1,1,1,1,69020
2025-01-02,액세서리,2,2,2,6,60680
2025-01-02,폴로티/집업,1,1,1,1,58370
2025-01-02,볼캡,1,1,1,1,47200
2025-01-03,남성,54,54,47,61,5959640
2025-01-03,여성,9,9,11,12,1509500
2025-01-03,미드/롱다운,4,4,2,4,1455070
2025-01-03,하이킹,3,3,3,3,395000
2025-01-03,셋업,4,4,4,4,361900
2025-01-03,긴바지,1,1,1,1,125300
2025-01-03,액세서리,3,3,3,9,85010
2025-01-03,볼캡,1,1,1,1,52000
2025-01-04,남성,38,38,38,46,4974840
2025-01-04,여성,11,11,12,13,1753950
2025-01-04,미드/롱다운,2,2,1,3,1013110
2025-01-04,셋업,3,3,3,3,331680
2025-01-04,자켓/ 베스트,2,2,2,3,266370
2025-01-04,긴바지,1,1,1,1,157970
2025-01-04,부츠,2,2,2,2,155140
2025-01-04,자켓/베스트,2,2,1,2,114470
2025-01-04,UNKNOWN,1,1,1,1,112770
2025-01-04,볼캡,2,2,2,2,94480
2025-01-04,하이킹,1,1,1,1,81000
2025-01-04,맨투맨/후드티,1,1,1,1,55060
2025-01-04,액세서리,2,2,3,4,38500
2025-01-05,남성,48,48,45,54,4977210
2025-01-05,여성,18,18,15,20,2388770
2025-01-05,미드/롱다운,5,5,4,5,1498640
2025-01-05,부츠,4,4,3,4,350360
2025-01-05,셋업,4,4,4,5,332690
2025-01-05,패딩/슬림다운,1,1,1,1,167300
2025-01-05,긴바지,1,1,1,1,156470
2025-01-05,하이킹,1,1,1,1,132000
2025-01-05,등산화,1,1,1,1,113250
2025-01-05,자켓/ 베스트,1,1,1,1,53000
2025-01-05,볼캡,1,1,1,1,47200
2025-01-05,액세서리,1,1,1,1,10430
2025-01-06,남성,65,63,51,78,6910790
2025-01-06,여성,13,13,13,16,1894650
2025-01-06,등산화,2,2,2,2,275650
2025-01-06,하이킹,2,2,2,2,267000
2025-01-06,셋업,3,3,3,3,250990
2025-01-06,부츠,2,2,1,2,204970
2025-01-06,폴로티/집업,2,2,2,2,117850
2025-01-06,긴바지,1,1,1,1,105040
2025-01-06,UNKNOWN,2,2,2,2,73760
2025-01-06,자켓/베스트,1,1,1,1,54070
2025-01-06,볼캡,1,1,1,1,47200
2025-01-06,장갑,1,1,1,1,42420
2025-01-06,액세서리,3,3,3,3,42320
2025-01-07,남성,68,68,59,77,7097200
2025-01-07,미드/롱다운,6,6,3,6,2172400
2025-01-07,여성,10,10,7,10,1927580
2025-01-07,등산화,4,4,3,4,458080
2025-01-07,셋업,3,3,3,4,356520
2025-01-07,자켓/ 베스트,2,2,3,3,253370
2025-01-07,패딩/슬림다운,1,1,1,1,146070
2025-01-07,장갑,2,2,2,2,145100
2025-01-07,긴바지,1,1,1,1,113300
2025-01-07,볼캡,2,2,2,2,104000
2025-01-07,부츠,1,1,1,1,87300
2025-01-07,가방,1,1,1,1,79000
2025-01-07,맨투맨/후드티,1,1,1,1,69300
2025-01-07,폴로티/집업,1,1,1,1,69300
2025-01-07,액세서리,2,2,2,2,14570
2025-01-08,남성,59,58,57,71,6873800
2025-01-08,미드/롱다운,9,9,3,9,3118130
2025-01-08,여성,19,19,17,20,2381920
2025-01-08,셋업,4,4,4,4,332030
2025-01-08,하이킹,2,2,1,2,244500
2025-01-08,긴바지,2,2,2,2,226570
2025-01-08,자켓/ 베스트,2,2,2,2,142270
2025-01-08,라운드티,2,2,2,2,107820
2025-01-08,등산화,1,1,1,1,99970
2025-01-08,볼캡,2,2,2,2,92480
2025-01-08,액세서리,4,4,3,9,86650
2025-01-08,가방,1,1,1,1,81000
2025-01-09,남성,58,57,60,73,6830350
2025-01-09,미드/롱다운,8,8,5,8,2565250
2025-01-09,여성,13,13,12,14,1683420
2025-01-09,볼캡,3,3,3,11,629000
2025-01-09,셋업,3,3,4,5,539690
2025-01-09,부츠,2,2,2,2,177240
2025-01-09,가방,2,2,1,2,164510
2025-01-09,하이킹,2,2,2,2,160830
2025-01-09,패딩/슬림다운,1,1,1,1,141070
2025-01-09,긴바지,1,1,1,1,125300
2025-01-09,등산화,1,1,1,1,95690
2025-01-09,라운드티,1,1,1,1,57050
2025-01-09,자켓/베스트,1,1,1,1,56070
2025-01-09,맨투맨/후드티,1,1,1,1,52660
2025-01-09,폴로/집업티,1,1,1,1,44500
2025-01-09,자켓/ 베스트,1,1,1,1,38150
2025-01-09,UNKNOWN,1,1,1,1,33200
2025-01-09,장갑,1,1,1,1,32700
2025-01-09,액세서리,1,1,2,2,17800
2025-01-10,남성,60,59,54,66,6407070
2025-01-10,여성,17,15,15,17,2500460
2025-01-10,미드/롱다운,7,7,3,7,2482290
2025-01-10,하이킹,2,2,2,2,255000
2025-01-10,인터체인지 (3 in 1),1,1,1,1,251190
2025-01-10,자켓/ 베스트,2,2,2,2,190000
2025-01-10,라운드티,1,1,1,2,123720
2025-01-10,액세서리,5,5,3,10,109630
2025-01-10,부츠,1,1,1,1,106310
2025-01-10,셋업,2,2,1,2,102510
2025-01-10,폴로티/집업,1,1,1,1,49370
2025-01-11,남성,53,53,51,67,6255910
2025-01-11,여성,11,11,8,12,1156330
2025-01-11,미드/롱다운,2,2,2,2,728350
2025-01-11,셋업,3,3,3,3,289310
2025-01-11,부츠,3,3,2,3,257770
2025-01-11,하이킹,1,1,1,1,125000
2025-01-11,UNKNOWN,2,2,2,3,122280
2025-01-11,액세서리,3,3,1,3,28630
2025-01-12,남성,66,65,64,78,6976320
2025-01-12,여성,12,12,10,14,1292110
2025-01-12,미드/롱다운,3,3,1,3,987610
2025-01-12,하이킹,4,4,3,4,470430
2025-01-12,셋업,3,3,3,3,299600
2025-01-12,자켓/ 베스트,2,2,2,2,281740
2025-01-12,등산화,2,2,1,2,279770
2025-01-12,인터체인지 (3 in 1),1,1,1,1,220870
2025-01-12,UNKNOWN,2,2,2,2,130050
2025-01-12,액세서리,3,3,3,8,83200
2025-01-12,가방,1,1,1,1,76000
2025-01-12,자켓/베스트,1,1,1,1,51070
2025-01-12,볼캡,1,1,1,1,38480
2025-01-13,남성,135,133,102,179,12292950
2025-01-13,여성,28,28,20,32,3296330
2025-01-13,미드/롱다운,3,3,3,3,1132830
2025-01-13,셋업,9,9,7,11,641080
2025-01-13,하이킹,6,6,4,6,585450
2025-01-13,긴바지,5,5,3,5,568690
2025-01-13,UNKNOWN,7,7,6,7,530370
2025-01-13,등산화,5,5,5,5,484400
2025-01-13,액세서리,12,12,5,20,173950
2025-01-13,가방,2,2,1,2,143510
2025-01-13,패딩/슬림다운,1,1,1,1,139000
2025-01-13,볼캡,3,3,2,3,121200
2025-01-13,부츠,1,1,1,1,95670
2025-01-13,자켓/베스트,1,1,1,1,76880
2025-01-13,버킷/부니,1,1,1,1,62510
2025-01-13,자켓/ 베스트,2,2,2,2,53930
2025-01-13,장갑,1,1,1,1,39550
2025-01-13,라운드티,1,1,1,1,30170
2025-01-14,남성,80,80,87,114,9197230
2025-01-14,여성,22,22,15,24,2756130
2025-01-14,미드/롱다운,2,2,2,2,650980
2025-01-14,자켓/ 베스트,5,5,3,7,381170
2025-01-14,패딩/슬림다운,2,2,4,4,360570
2025-01-14,자켓/베스트,2,2,2,2,239330
2025-01-14,하이킹,2,2,2,2,216000
2025-01-14,가방,2,2,1,2,145000
2025-01-14,셋업,2,2,2,2,141330
2025-01-14,긴바지,1,1,1,1,105300
2025-01-14,등산화,1,1,1,1,103430
2025-01-14,볼캡,3,3,2,3,83300
2025-01-14,캐주얼,1,1,1,1,61830
2025-01-14,맨투맨/후드티,1,1,1,1,49500
2025-01-14,액세서리,5,5,3,8,48900
2025-01-14,라운드티,1,1,1,1,38520
2025-01-15,남성,69,68,66,91,6777670
2025-01-15,여성,12,12,8,12,809740
2025-01-15,인터체인지 (3 in 1),1,1,1,1,652530
2025-01-15,미드/롱다운,2,2,2,2,643810
2025-01-15,하이킹,3,3,3,3,282530
2025-01-15,긴바지,2,2,2,2,250270
2025-01-15,가방,2,2,1,2,162000
2025-01-15,등산화,1,1,1,1,115520
2025-01-15,폴로/집업티,1,1,1,1,58970
2025-01-15,액세서리,4,4,3,6,52080
2025-01-15,라운드티,1,1,1,1,33170
2025-01-15,자켓/베스트,1,1,1,1,29070
2025-01-15,장갑,1,1,1,1,28750
2025-01-15,UNKNOWN,1,1,1,1,21600
2025-01-16,남성,66,65,62,82,6146630
2025-01-16,여성,14,14,16,18,2088480
2025-01-16,미드/롱다운,2,2,2,2,703350
2025-01-16,긴바지,4,4,3,5,630640
2025-01-16,셋업,6,6,7,8,608810
2025-01-16,인터체인지 (3 in 1),1,1,1,1,582100
2025-01-16,등산화,2,2,2,2,303750
2025-01-16,자켓/ 베스트,3,3,2,4,167560
2025-01-16,부츠,2,2,2,2,162340
2025-01-16,UNKNOWN,2,2,2,2,149470
2025-01-16,장갑,2,2,2,2,132980
2025-01-16,하이킹,1,1,1,1,128940
2025-01-16,폴로/집업티,2,2,1,2,93300
2025-01-16,가방,1,1,1,1,69000
2025-01-16,액세서리,3,3,2,7,57800
2025-01-16,자켓/베스트,1,1,1,1,54110
2025-01-16,맨투맨/후드티,1,1,1,1,53350
2025-01-16,볼캡,1,1,1,1,38000
2025-01-17,남성,60,60,56,68,4845660
2025-01-17,여성,10,10,9,11,1249900
2025-01-17,미드/롱다운,1,1,1,1,391480
2025-01-17,셋업,5,5,4,5,334150
2025-01-17,하이킹,2,2,2,2,243000
2025-01-17,볼캡,2,2,3,3,149500
2025-01-17,가방,2,2,1,2,140000
2025-01-17,자켓/ 베스트,2,2,2,2,80200
2025-01-17,액세서리,5,5,2,5,75740
2025-01-17,등산화,1,1,1,1,73150
2025-01-17,라운드티,1,1,1,1,29270
2025-01-18,남성,36,36,36,41,3868620
2025-01-18,여성,6,6,4,7,692240
2025-01-18,등산화,2,2,2,2,250340
2025-01-18,셋업,3,3,3,4,214570
2025-01-18,긴바지,2,2,2,2,212870
2025-01-18,부츠,2,2,2,2,176840
2025-01-18,하이킹,1,1,1,1,137000
2025-01-18,자켓/ 베스트,1,1,1,1,95850
2025-01-18,UNKNOWN,1,1,1,1,94590
2025-01-18,자켓/베스트,1,1,1,1,84380
2025-01-18,가방,1,1,1,1,74260
2025-01-18,액세서리,5,5,1,5,40970
2025-01-19,남성,49,49,57,66,4135010
2025-01-19,여성,18,18,17,19,2709090
2025-01-19,미드/롱다운,3,3,2,3,818250
2025-01-19,셋업,4,4,4,5,334620
2025-01-19,부츠,3,3,2,3,274470
2025-01-19,볼캡,3,3,2,3,145830
2025-01-19,하이킹,1,1,1,1,129240
2025-01-19,패딩/슬림다운,1,1,1,1,120560
2025-01-19,자켓/베스트,1,1,1,1,103200
2025-01-19,가방,1,1,1,1,76000
2025-01-19,맨투맨/후드티,1,1,1,1,59940
2025-01-19,장갑,1,1,1,1,41820
2025-01-19,액세서리,3,3,3,3,28180
2025-01-20,남성,50,50,47,57,5161010
2025-01-20,여성,9,9,7,10,921020
2025-01-20,셋업,3,3,4,4,284080
2025-01-20,미드/롱다운,1,1,1,1,239500
2025-01-20,긴바지,1,1,1,1,232590
2025-01-20,부츠,2,2,1,2,181840
2025-01-20,하이킹,2,2,2,2,155000
2025-01-20,패딩/슬림다운,1,1,1,1,146070
2025-01-20,자켓/베스트,1,1,1,1,87930
2025-01-20,UNKNOWN,1,1,1,1,62550
2025-01-20,맨투맨/후드티,1,1,1,1,45050
2025-01-20,액세서리,3,3,2,4,39740
2025-01-20,볼캡,1,1,1,1,30530
2025-01-21,남성,63,62,62,83,7807583
2025-01-21,여성,10,10,8,10,1355480
2025-01-21,UNKNOWN,3,3,3,4,462410
2025-01-21,하이킹,4,4,4,4,412640
2025-01-21,패딩/슬림다운,3,3,3,3,409890
2025-01-21,셋업,3,3,3,4,377170
2025-01-21,자켓/베스트,3,3,3,3,225940
2025-01-21,긴바지,2,2,2,2,221170
2025-01-21,부츠,2,2,2,2,178520
2025-01-21,가방,2,2,1,2,149090
2025-01-21,트레일러닝,1,1,1,1,86950
2025-01-21,등산화,1,1,1,1,84500
2025-01-21,캐주얼,1,1,1,1,71000
2025-01-21,자켓/ 베스트,1,1,1,1,53000
2025-01-22,남성,85,85,74,105,7684430
2025-01-22,여성,11,11,12,16,1307950
2025-01-22,셋업,6,6,7,9,762150
2025-01-22,미드/롱다운,1,1,1,1,391480
2025-01-22,긴바지,2,2,2,2,271240
2025-01-22,자켓/베스트,2,2,1,2,185840
2025-01-22,맨투맨/후드티,3,3,1,3,173020
2025-01-22,바람막이,1,1,1,1,142600
2025-01-22,하이킹,1,1,1,1,137000
2025-01-22,부츠,1,1,1,1,91670
2025-01-22,볼캡,2,2,1,2,80960
2025-01-22,가방,1,1,1,1,79000
2025-01-22,라운드티,2,2,1,2,52690
2025-01-22,장갑,1,1,1,1,47150
2025-01-22,자켓/ 베스트,1,1,1,1,29380
2025-01-23,남성,60,60,50,77,5042970
2025-01-23,여성,21,21,16,21,2514580
2025-01-23,자켓/ 베스트,2,2,2,3,449570
2025-01-23,패딩/슬림다운,3,3,2,3,429020
2025-01-23,하이킹,3,3,2,3,364940
2025-01-23,자켓/베스트,2,2,2,2,346690
2025-01-23,셋업,4,4,4,4,258880
2025-01-23,등산화,1,1,1,1,132540
2025-01-23,긴바지,1,1,1,1,67610
2025-01-23,맨투맨/후드티,1,1,1,1,67300
2025-01-23,가방,1,1,1,1,52200
2025-01-23,볼캡,1,1,1,1,40480
2025-01-24,남성,37,37,42,47,3347110
2025-01-24,여성,7,7,7,7,926953
2025-01-24,미드/롱다운,2,2,2,2,721700
2025-01-24,등산화,4,4,3,4,432090
2025-01-24,하이킹,2,2,2,2,253300
2025-01-24,가방,2,2,1,2,134190
2025-01-24,자켓/베스트,2,2,2,2,74660
2025-01-24,트레일러닝,1,1,1,1,73100
2025-01-24,맨투맨/후드티,1,1,1,1,58600
2025-01-24,셋업,1,1,1,1,50320
2025-01-25,남성,31,31,30,37,2541120
2025-01-25,여성,5,5,5,5,535670
2025-01-25,하이킹,2,2,2,2,262000
2025-01-25,셋업,2,2,2,2,166780
2025-01-25,패딩/슬림다운,1,1,1,1,119000
2025-01-25,맨투맨/후드티,2,2,1,2,115530
2025-01-25,자켓/ 베스트,1,1,1,1,86270
2025-01-25,등산화,1,1,1,1,82470
2025-01-25,라운드티,1,1,1,1,54070
2025-01-26,남성,445,441,200,571,20034660
2025-01-26,여성,62,62,35,65,3991430
2025-01-26,셋업,14,14,8,15,793160
2025-01-26,가방,11,11,1,11,609460
2025-01-26,등산화,5,5,3,5,440650
2025-01-26,UNKNOWN,5,5,5,5,399480
2025-01-26,하이킹,5,5,4,5,368780
2025-01-26,자켓/베스트,6,6,5,6,353000
2025-01-26,맨투맨/후드티,7,7,2,7,286510
2025-01-26,긴바지,2,2,2,2,276920
2025-01-26,자켓/ 베스트,8,8,3,8,257080
2025-01-26,라운드티,10,10,2,10,248540
2025-01-26,패딩/슬림다운,2,2,2,2,189910
2025-01-26,부츠,2,2,2,2,143670
2025-01-26,볼캡,4,4,3,4,95720
2025-01-26,캐주얼,2,2,1,2,79280
2025-01-26,액세서리,6,6,2,6,74830
2025-01-26,트레일러닝,1,1,1,1,67200
2025-01-26,크로스/토트백,2,2,1,2,63760
2025-01-26,장갑,1,1,1,1,29000
2025-01-27,남성,336,336,184,418,17723473
2025-01-27,여성,32,32,20,35,2090150
2025-01-27,셋업,14,14,11,15,994300
2025-01-27,등산화,6,6,5,7,751290
2025-01-27,가방,9,9,1,9,504210
2025-01-27,하이킹,5,5,4,5,424150
2025-01-27,자켓/ 베스트,11,11,3,11,358420
2025-01-27,UNKNOWN,7,7,5,7,343580
2025-01-27,긴바지,5,5,3,5,337240
2025-01-27,볼캡,11,11,3,11,305190
2025-01-27,셔츠,1,1,2,2,196270
2025-01-27,패딩/슬림다운,1,1,1,1,150570
2025-01-27,크로스/토트백,4,4,1,4,145240
2025-01-27,자켓/베스트,3,3,2,3,143970
2025-01-27,장갑,3,3,3,3,108980
2025-01-27,라운드티,4,4,3,4,107960
2025-01-27,액세서리,5,5,2,5,51730
2025-01-27,맨투맨/후드티,1,1,1,1,44170
2025-01-28,남성,134,133,105,170,7446390
2025-01-28,여성,27,27,22,29,2104130
2025-01-28,셋업,9,9,6,9,629950
2025-01-28,UNKNOWN,4,4,4,4,305250
2025-01-28,하이킹,3,3,3,3,234270
2025-01-28,자켓/베스트,3,3,3,3,211730
2025-01-28,가방,4,4,1,4,210280
2025-01-28,부츠,2,2,1,2,171840
2025-01-28,패딩/슬림다운,1,1,1,1,127900
2025-01-28,트레일러닝,1,1,1,1,78100
2025-01-28,라운드티,2,2,1,2,65030
2025-01-28,캐주얼,1,1,1,1,39260
2025-01-28,맨투맨/후드티,1,1,1,1,37370
2025-01-28,크로스/토트백,1,1,1,1,32090
2025-01-28,장갑,1,1,1,1,27000
2025-01-28,자켓/ 베스트,1,1,1,1,22190
2025-01-28,액세서리,1,1,1,1,13820
2025-01-29,남성,91,90,70,108,5505470
2025-01-29,여성,11,11,8,12,1232590
2025-01-29,미드/롱다운,1,1,1,1,336870
2025-01-29,하이킹,4,4,4,4,334050
2025-01-29,등산화,3,3,3,3,293200
2025-01-29,가방,5,5,1,5,250190
2025-01-29,UNKNOWN,5,5,3,5,219940
2025-01-29,셋업,3,3,3,3,215300
2025-01-29,패딩/슬림다운,1,1,1,1,116380
2025-01-29,라운드티,5,5,3,5,104710
2025-01-29,자켓/ 베스트,2,2,2,2,80700
2025-01-29,트레일러닝,1,1,1,1,76100
2025-01-30,남성,148,148,120,169,9892700
2025-01-30,여성,22,22,20,23,2464320
2025-01-30,하이킹,9,9,4,9,802540
2025-01-30,셋업,6,6,7,7,584670
2025-01-30,등산화,4,4,4,4,354490
2025-01-30,부츠,4,4,1,4,338540
2025-01-30,긴바지,2,2,2,2,256270
2025-01-30,가방,5,5,1,5,237620
2025-01-30,UNKNOWN,3,3,3,3,223040
2025-01-30,자켓/베스트,4,4,3,5,216820
2025-01-30,패딩/슬림다운,1,1,1,1,85730
2025-01-30,맨투맨/후드티,1,1,2,2,84260
2025-01-30,볼캡,3,3,2,3,73390
2025-01-30,라운드티,3,3,2,3,70260
2025-01-30,트레일러닝,1,1,1,1,69800
2025-01-30,자켓/ 베스트,2,2,2,2,66060
2025-01-30,장갑,1,1,1,1,29330
2025-01-30,액세서리,1,1,1,1,14040
2025-01-31,남성,698,696,234,835,32431020
2025-01-31,여성,104,104,47,108,6758190
2025-01-31,하이킹,20,20,8,20,1855800
2025-01-31,미드/롱다운,5,4,4,5,1362250
2025-01-31,자켓/ 베스트,33,33,6,34,1260690
2025-01-31,UNKNOWN,19,19,6,19,1121510
2025-01-31,셋업,23,23,9,23,1110610
2025-01-31,가방,15,15,1,15,824920
2025-01-31,등산화,6,6,4,6,586790
2025-01-31,부츠,4,4,2,5,451880
2025-01-31,라운드티,20,20,2,21,439330
2025-01-31,볼캡,17,17,3,17,402860
2025-01-31,패딩/슬림다운,3,3,2,3,388240
2025-01-31,긴바지,4,4,3,4,380190
2025-01-31,자켓/베스트,7,7,4,7,360200
2025-01-31,바람막이,2,2,2,2,336200
2025-01-31,장갑,9,9,3,9,209990
2025-01-31,셔츠,2,2,2,2,204540
2025-01-31,트레일러닝,2,2,1,2,177670
2025-01-31,액세서리,10,10,1,12,158610
2025-01-31,맨투맨/후드티,3,3,2,3,140800
2025-01-31,캐주얼,3,3,1,3,118340
2025-01-31,폴로/집업티,3,3,1,3,113670
2025-01-31,크로스/토트백,3,3,1,3,94020
2025-01-31,버킷/부니,1,1,1,1,31560
2025-02-01,남성,23,23,23,24,2121340
2025-02-01,여성,11,11,9,11,1124480
2025-02-01,미드/롱다운,1,1,1,1,391480
2025-02-01,하이킹,3,3,3,3,318920
2025-02-01,등산화,2,2,2,2,297770
2025-02-01,가방,4,4,1,4,276480
2025-02-01,셋업,2,2,2,2,167080
2025-02-01,자켓/ 베스트,1,1,1,1,74300
2025-02-01,액세서리,1,1,1,2,32600
2025-02-01,UNKNOWN,1,1,1,1,19440
2025-02-02,남성,40,40,38,43,4571040
2025-02-02,여성,10,10,11,13,1886230
2025-02-02,하이킹,6,6,6,7,825160
2025-02-02,미드/롱다운,2,2,1,2,604370
2025-02-02,셋업,1,1,4,4,418480
2025-02-02,긴바지,2,2,2,2,183270
2025-02-02,등산화,1,1,1,1,172600
2025-02-02,UNKNOWN,1,1,1,1,103770
2025-02-02,부츠,1,1,1,1,97210
2025-02-02,자켓/베스트,1,1,1,1,55030
2025-02-03,남성,29,29,29,31,2827400
2025-02-03,하이킹,5,5,3,5,612700
2025-02-03,여성,4,4,4,4,463890
2025-02-03,미드/롱다운,1,1,1,1,288770
2025-02-03,셋업,2,2,2,2,213350
2025-02-03,가방,2,2,1,2,152000
2025-02-03,자켓/베스트,2,2,2,2,112670
2025-02-03,등산화,1,1,1,1,99970
2025-02-03,장갑,1,1,1,1,47300
2025-02-03,UNKNOWN,1,1,1,1,29200
2025-02-04,남성,38,37,34,41,3921300
2025-02-04,여성,11,11,9,11,1511370
2025-02-04,미드/롱다운,2,2,2,2,784070
2025-02-04,등산화,2,2,2,2,293950
2025-02-04,하이킹,3,3,2,3,239000
2025-02-04,가방,2,2,1,2,162000
2025-02-04,폴로티/집업,2,2,1,2,138600
2025-02-04,UNKNOWN,1,1,1,1,109780
2025-02-04,자켓/ 베스트,1,1,1,2,85360
2025-02-04,장갑,1,1,1,1,39000
2025-02-04,액세서리,1,1,1,2,19800
2025-02-04,볼캡,1,1,1,1,18600
2025-02-05,남성,55,54,53,67,5955310
2025-02-05,미드/롱다운,5,5,2,5,1850190
2025-02-05,여성,10,10,11,11,1317380
2025-02-05,UNKNOWN,1,1,1,1,450000
2025-02-05,긴바지,3,3,3,3,377510
2025-02-05,셋업,2,2,3,3,309220
2025-02-05,등산화,2,2,2,2,272430
2025-02-05,가방,2,2,1,2,141520
2025-02-05,자켓/베스트,2,2,2,2,133480
2025-02-05,하이킹,1,1,1,1,123300
2025-02-05,볼캡,2,2,2,2,84390
2025-02-05,라운드티,2,2,1,2,67870
2025-02-05,액세서리,2,2,1,3,29530
2025-02-06,남성,37,36,40,43,5735460
2025-02-06,여성,15,15,13,15,2221820
2025-02-06,인터체인지 (3 in 1),3,3,1,3,642880
2025-02-06,가방,7,7,1,7,504280
2025-02-06,하이킹,3,3,2,3,381600
2025-02-06,미드/롱다운,1,1,1,1,335300
2025-02-06,등산화,2,2,2,2,263770
2025-02-06,긴바지,2,2,2,2,176720
2025-02-06,셋업,1,1,1,1,95690
2025-02-06,부츠,1,1,1,1,79500
2025-02-06,셔츠,1,1,1,1,69500
2025-02-06,자켓/ 베스트,1,1,1,1,47700
2025-02-06,UNKNOWN,1,1,1,1,34880
2025-02-06,액세서리,1,1,1,2,22000
2025-02-07,남성,46,41,45,54,4917360
2025-02-07,하이킹,33,33,7,33,2087520
2025-02-07,여성,11,11,9,12,1855070
2025-02-07,미드/롱다운,2,2,1,2,663740
2025-02-07,등산화,3,3,3,3,376610
2025-02-07,가방,3,3,1,3,216150
2025-02-07,셋업,1,1,2,2,201440
2025-02-07,UNKNOWN,3,3,3,3,142460
2025-02-07,볼캡,3,3,2,3,106420
2025-02-07,액세서리,3,3,3,5,48480
2025-02-08,남성,37,35,35,46,4344020
2025-02-08,여성,5,5,5,5,1188010
2025-02-08,가방,5,5,1,5,384400
2025-02-08,셋업,6,5,4,6,332760
2025-02-08,등산화,2,2,2,2,196640
2025-02-08,하이킹,2,2,2,2,172800
2025-02-08,긴바지,1,1,1,1,163990
2025-02-08,장갑,2,2,2,2,113090
2025-02-08,폴로티/집업,1,1,1,1,69300
2025-02-08,캐주얼,1,1,1,1,66000
2025-02-08,UNKNOWN,2,2,1,2,64230
2025-02-08,맨투맨/후드티,1,1,1,1,58360
2025-02-08,자켓/베스트,1,1,1,1,54070
2025-02-09,남성,63,63,59,80,7863620
2025-02-09,여성,11,11,11,11,1750450
2025-02-09,미드/롱다운,4,4,4,4,1193320
2025-02-09,하이킹,11,11,5,12,760460
2025-02-09,인터체인지 (3 in 1),1,1,1,1,582100
2025-02-09,가방,3,3,1,3,238700
2025-02-09,장갑,2,2,2,2,135560
2025-02-09,긴바지,1,1,1,1,122610
2025-02-09,바람막이,1,1,1,1,104390
2025-02-09,자켓/ 베스트,1,1,1,1,47700
2025-02-09,라운드티,1,1,1,1,35170
2025-02-09,액세서리,3,3,2,3,23300
2025-02-10,남성,51,50,58,111,7178710
2025-02-10,하이킹,14,14,5,14,1059880
2025-02-10,가방,6,6,1,6,482600
2025-02-10,미드/롱다운,1,1,1,1,386480
2025-02-10,셋업,2,2,2,2,235080
2025-02-10,여성,3,3,3,3,144790
2025-02-10,셔츠,1,1,1,1,116950
2025-02-10,자켓/ 베스트,1,1,1,1,112770
2025-02-10,트레일러닝,1,1,1,1,107000
2025-02-10,등산화,1,1,1,1,91670
2025-02-10,자켓/베스트,1,1,1,1,86380
2025-02-10,UNKNOWN,2,2,1,2,71080
2025-02-10,크로스/토트백,1,1,1,1,51300
2025-02-10,볼캡,1,1,1,1,40480
2025-02-10,액세서리,2,2,2,2,37930
2025-02-11,남성,36,36,35,40,4065060
2025-02-11,셋업,8,7,5,15,803640
2025-02-11,미드/롱다운,2,2,2,2,793960
2025-02-11,여성,6,6,7,7,762120
2025-02-11,하이킹,7,6,3,7,423090
2025-02-11,맨투맨/후드티,5,5,2,5,290790
2025-02-11,UNKNOWN,3,3,3,3,261840
2025-02-11,볼캡,2,2,2,2,88080
2025-02-11,등산화,1,1,1,1,80570
2025-02-11,가방,1,1,1,1,76000
2025-02-12,남성,28,28,28,33,2372420
2025-02-12,여성,9,9,10,10,1262230
2025-02-12,미드/롱다운,2,2,2,2,746630
2025-02-12,등산화,2,2,2,2,216080
2025-02-12,부츠,2,2,2,2,188970
2025-02-12,하이킹,2,2,2,2,172050
2025-02-12,UNKNOWN,1,1,1,1,94000
2025-02-12,가방,1,1,1,1,81000
2025-02-12,크로스/토트백,1,1,1,1,51100
2025-02-12,라운드티,1,1,1,1,49500
2025-02-12,셋업,1,1,1,1,45200
2025-02-12,액세서리,3,3,2,3,36050
2025-02-12,볼캡,1,1,1,1,24100
2025-02-13,남성,54,54,49,63,5290280
2025-02-13,여성,9,9,8,9,1086980
2025-02-13,미드/롱다운,3,3,3,3,927500
2025-02-13,가방,10,10,1,10,743550
2025-02-13,셋업,2,2,2,2,280260
2025-02-13,하이킹,3,3,3,3,211230
2025-02-13,맨투맨/후드티,1,1,1,1,69300
2025-02-13,액세서리,3,3,3,4,39470
2025-02-14,남성,53,50,51,72,5596740
2025-02-14,여성,10,10,9,13,1230870
2025-02-14,가방,9,9,1,9,680620
2025-02-14,하이킹,9,9,5,10,664650
2025-02-14,자켓/ 베스트,1,1,1,1,155000
2025-02-14,셋업,1,1,1,1,102920
2025-02-14,라운드티,1,1,1,1,49500
2025-02-14,액세서리,3,3,3,6,47300
2025-02-15,남성,30,30,29,32,3625120
2025-02-15,여성,7,7,5,7,748070
2025-02-15,미드/롱다운,2,2,2,2,742280
2025-02-15,하이킹,7,7,4,7,436290
2025-02-15,UNKNOWN,4,4,2,4,389310
2025-02-15,등산화,3,3,3,3,327160
2025-02-15,셋업,1,1,1,1,104300
2025-02-15,트레일러닝,1,1,1,1,82740
2025-02-15,가방,1,1,1,1,64420
2025-02-15,액세서리,3,3,3,4,48070
2025-02-15,자켓/베스트,1,1,1,1,44870
2025-02-16,남성,49,48,51,60,5609780
2025-02-16,여성,15,15,13,17,2197120
2025-02-16,미드/롱다운,1,1,1,1,395480
2025-02-16,UNKNOWN,4,4,3,4,383180
2025-02-16,하이킹,5,5,3,5,340340
2025-02-16,트레일러닝,1,1,1,1,109000
2025-02-16,등산화,1,1,1,1,84500
2025-02-16,자켓/베스트,1,1,1,1,47920
2025-02-17,남성,49,48,52,67,5663050
2025-02-17,여성,16,15,16,18,2065870
2025-02-17,등산화,4,4,3,4,343440
2025-02-17,셋업,4,4,5,6,324420
2025-02-17,패딩/슬림다운,2,2,1,2,299080
2025-02-17,UNKNOWN,2,2,2,2,233190
2025-02-17,하이킹,2,2,2,2,94910
2025-02-17,맨투맨/후드티,1,1,1,1,65540
2025-02-18,남성,39,38,43,57,4694100
2025-02-18,여성,12,12,11,14,1081900
2025-02-18,미드/롱다운,1,1,1,1,393480
2025-02-18,가방,4,4,1,4,301700
2025-02-18,등산화,2,2,2,2,235800
2025-02-18,하이킹,4,4,2,4,213200
2025-02-18,UNKNOWN,2,2,2,2,197970
2025-02-18,셋업,1,1,2,2,95360
2025-02-18,자켓/베스트,1,1,1,1,79200
2025-02-18,맨투맨/후드티,1,1,1,1,50730
2025-02-18,볼캡,1,1,1,1,35480
2025-02-18,라운드티,1,1,1,1,31300
2025-02-18,액세서리,2,2,2,2,13510
2025-02-19,남성,49,48,56,112,9590200
2025-02-19,여성,13,13,14,37,2541850
2025-02-19,하이킹,4,4,2,4,178980
2025-02-19,셋업,2,2,2,2,143610
2025-02-19,UNKNOWN,1,1,1,1,95670
2025-02-19,가방,1,1,1,1,79000
2025-02-19,상의,1,1,1,1,50230
2025-02-19,액세서리,1,1,1,1,11000
2025-02-20,남성,73,73,62,87,10169313
2025-02-20,여성,34,34,26,38,3955100
2025-02-20,하이킹,10,9,4,10,643930
2025-02-20,미드/롱다운,2,2,2,2,609080
2025-02-20,셋업,3,3,4,4,455760
2025-02-20,UNKNOWN,4,4,2,4,373800
2025-02-20,등산화,2,2,2,2,284950
2025-02-20,부츠,2,2,2,2,189050
2025-02-20,자켓/ 베스트,1,1,1,1,137500
2025-02-20,긴바지,1,1,1,1,108270
2025-02-20,맨투맨/후드티,2,2,2,2,105520
2025-02-20,상의,2,2,1,2,102250
2025-02-20,바람막이,1,1,1,1,85230
2025-02-20,라운드티,2,2,1,2,81970
2025-02-20,자켓/베스트,1,1,1,1,46190
2025-02-20,액세서리,3,3,3,4,38780
2025-02-20,크로스/토트백,1,1,1,1,29500
2025-02-21,남성,54,53,49,61,6082143
2025-02-21,여성,15,15,13,15,1321031
2025-02-21,인터체인지 (3 in 1),1,1,1,1,474480
2025-02-21,하이킹,8,8,4,8,464120
2025-02-21,UNKNOWN,4,4,3,4,417570
2025-02-21,미드/롱다운,1,1,1,1,278448
2025-02-21,긴바지,2,2,2,2,216200
2025-02-21,패딩/슬림다운,1,1,1,1,156430
2025-02-21,자켓/ 베스트,1,1,1,1,155000
2025-02-21,트레일러닝,1,1,1,1,106440
2025-02-21,라운드티,2,2,1,2,74900
2025-02-21,가방,1,1,1,1,69700
2025-02-21,자켓/베스트,1,1,1,1,56070
2025-02-21,셋업,1,1,1,1,36250
2025-02-21,액세서리,1,1,1,1,11000
2025-02-22,남성,33,33,34,43,2883791
2025-02-22,여성,13,13,16,19,1609544
2025-02-22,하이킹,6,6,5,6,445720
2025-02-22,UNKNOWN,2,2,2,2,225270
2025-02-22,가방,3,3,1,3,217700
2025-02-22,긴바지,2,2,2,2,214540
2025-02-22,등산화,1,1,1,1,174600
2025-02-22,장갑,1,1,1,1,127600
2025-02-22,셋업,1,1,1,1,65000
2025-02-22,라운드티,2,2,2,2,59120
2025-02-22,액세서리,1,1,1,1,11000
2025-02-23,남성,54,54,56,68,5972041
2025-02-23,미드/롱다운,4,4,3,4,1376124
2025-02-23,여성,13,13,13,13,1315450
2025-02-23,패딩/슬림다운,3,3,2,3,482830
2025-02-23,하이킹,7,7,3,7,348260
2025-02-23,자켓/ 베스트,2,2,2,2,246990
2025-02-23,긴바지,2,2,2,2,178260
2025-02-23,가방,2,2,1,2,150770
2025-02-23,셋업,1,1,2,2,129000
2025-02-23,UNKNOWN,1,1,1,1,95670
2025-02-23,자켓/베스트,1,1,1,1,90020
2025-02-23,볼캡,2,2,1,2,80960
2025-02-23,라운드티,2,2,1,2,75470
2025-02-23,폴로/집업티,1,1,1,1,52300
2025-02-23,액세서리,1,1,1,1,9060
2025-02-24,남성,46,46,42,53,5985384
2025-02-24,여성,11,11,10,12,1162540
2025-02-24,하이킹,8,8,5,9,697310
2025-02-24,미드/롱다운,1,1,1,1,334870
2025-02-24,가방,4,4,1,4,308000
2025-02-24,패딩/슬림다운,1,1,1,1,150570
2025-02-24,바람막이,1,1,1,1,144274
2025-02-24,긴바지,1,1,1,1,111770
2025-02-24,UNKNOWN,1,1,1,1,111300
2025-02-24,등산화,1,1,1,1,83570
2025-02-24,맨투맨/후드티,1,1,1,1,58460
2025-02-25,남성,42,42,45,53,4865326
2025-02-25,여성,12,12,12,15,1402811
2025-02-25,하이킹,5,5,5,7,606000
2025-02-25,패딩/슬림다운,3,3,2,3,380192
2025-02-25,긴바지,3,3,1,3,347250
2025-02-25,미드/롱다운,1,1,1,1,336870
2025-02-25,인터체인지 (3 in 1),1,1,1,1,228560
2025-02-25,셋업,1,1,2,2,205213
2025-02-25,등산화,1,1,1,1,132300
2025-02-25,라운드티,4,4,2,5,122760
2025-02-25,자켓/베스트,2,2,1,2,103760
2025-02-25,UNKNOWN,1,1,1,1,93670
2025-02-25,부츠,1,1,1,1,93330
2025-02-25,바람막이,1,1,1,1,50699
2025-02-25,액세서리,1,1,1,2,22000
2025-02-26,남성,48,48,53,62,5091056
2025-02-26,여성,9,8,8,9,945636
2025-02-26,하이킹,8,8,3,8,476150
2025-02-26,등산화,3,3,3,3,365540
2025-02-26,긴바지,1,1,1,1,111770
2025-02-26,UNKNOWN,1,1,1,1,91670
2025-02-26,패딩/슬림다운,1,1,1,1,86400
2025-02-26,라운드티,1,1,1,1,49500
2025-02-26,액세서리,1,1,1,1,8980
2025-02-27,남성,43,43,54,97,5257391
2025-02-27,여성,13,13,13,16,2000749
2025-02-27,하이킹,10,10,3,16,832520
2025-02-27,등산화,2,2,2,2,189800
2025-02-27,자켓/베스트,1,1,1,1,121680
2025-02-27,UNKNOWN,1,1,1,1,101300
2025-02-27,패딩/슬림다운,1,1,1,1,98570
2025-02-27,자켓/ 베스트,1,1,1,1,97000
2025-02-27,맨투맨/후드티,1,1,1,1,60380
2025-02-27,라운드티,1,1,1,1,33610
2025-02-28,남성,26,26,27,31,2107525
2025-02-28,여성,12,12,11,13,1144958
2025-02-28,하이킹,4,4,3,4,261720
2025-02-28,UNKNOWN,1,1,1,1,91670
2025-02-28,액세서리,2,2,2,3,26980
2025-03-01,남성,40,40,43,52,3691899
2025-03-01,여성,10,10,13,13,1629269
2025-03-01,하이킹,7,7,2,7,351030
2025-03-01,등산화,2,2,2,2,202980
2025-03-01,UNKNOWN,2,2,1,2,180340
2025-03-01,패딩/슬림다운,1,1,1,1,167300
2025-03-01,셋업,2,2,2,2,166190
2025-03-01,자켓/베스트,1,1,1,1,92880
2025-03-01,라운드티,1,1,2,2,75750
2025-03-01,자켓/ 베스트,1,1,1,1,46520
2025-03-01,액세서리,2,2,2,3,28020
2025-03-02,남성,44,44,42,50,5070426
2025-03-02,여성,13,13,12,15,2123817
2025-03-02,미드/롱다운,1,1,1,1,336873
2025-03-02,긴바지,2,2,1,2,208260
2025-03-02,바람막이,1,1,1,1,100000
2025-03-02,하이킹,2,2,1,2,91000
2025-03-02,UNKNOWN,1,1,1,1,83420
2025-03-02,자켓/ 베스트,1,1,1,1,43000
2025-03-03,남성,58,58,65,83,6213922
2025-03-03,여성,14,14,14,15,1605287
2025-03-03,미드/롱다운,1,1,1,1,327870
2025-03-03,하이킹,4,4,3,4,203070
2025-03-03,자켓/ 베스트,3,3,3,3,166610
2025-03-03,등산화,1,1,1,1,92300
2025-03-03,바람막이,1,1,1,1,92000
2025-03-03,볼캡,1,1,1,1,37550
2025-03-03,액세서리,1,1,1,1,9570
2025-03-04,남성,39,39,40,45,3729842
2025-03-04,여성,9,9,9,9,985756
2025-03-04,미드/롱다운,2,2,2,2,726350
2025-03-04,하이킹,4,4,4,4,366300
2025-03-04,인터체인지 (3 in 1),1,1,1,1,184500
2025-03-04,맨투맨/후드티,1,1,1,1,65680
2025-03-04,액세서리,1,1,1,1,11000
2025-03-05,남성,35,35,37,46,3195653
2025-03-05,여성,9,9,8,9,1135348
2025-03-05,바람막이,5,5,2,6,379140
2025-03-05,하이킹,5,5,3,5,244190
2025-03-05,패딩/슬림다운,2,2,2,2,213070
2025-03-05,셋업,2,2,2,2,197630
2025-03-05,UNKNOWN,2,2,2,2,184340
2025-03-05,자켓/베스트,1,1,1,1,109680
2025-03-05,등산화,1,1,1,1,81030
2025-03-05,라운드티,1,1,1,1,36940
2025-03-05,액세서리,3,3,2,4,36540
2025-03-05,상의,1,1,1,1,34150
2025-03-06,남성,44,44,52,62,6331133
2025-03-06,여성,13,13,12,13,1336003
2025-03-06,하이킹,7,7,4,7,357270
2025-03-06,미드/롱다운,1,1,1,1,321984
2025-03-06,바람막이,2,2,1,2,188190
2025-03-06,등산화,2,2,2,2,183400
2025-03-06,셋업,2,2,1,2,86820
2025-03-07,남성,40,40,40,48,4031517
2025-03-07,여성,9,9,9,10,1221053
2025-03-07,바람막이,5,5,2,5,324350
2025-03-07,하이킹,5,5,2,5,227280
2025-03-07,패딩/슬림다운,2,2,1,2,180290
2025-03-07,상의,2,2,1,2,112000
2025-03-07,UNKNOWN,2,2,2,2,110570
2025-03-07,등산화,1,1,1,1,96000
2025-03-07,긴바지,1,1,1,1,50580
2025-03-07,맨투맨/후드티,1,1,1,1,49500
2025-03-08,남성,40,39,42,55,4241981
2025-03-08,여성,8,8,10,11,963893
2025-03-08,하이킹,3,3,2,3,236270
2025-03-08,패딩/슬림다운,2,2,2,2,184840
2025-03-08,방수자켓,2,2,2,2,130810
2025-03-08,UNKNOWN,1,1,1,1,96220
2025-03-08,등산화,1,1,1,1,96000
2025-03-08,맨투맨/후드티,1,1,1,1,62370
2025-03-08,바람막이,1,1,1,1,56930
2025-03-08,라운드티,1,1,1,1,35960
2025-03-08,액세서리,2,2,2,3,33000
2025-03-09,남성,36,36,41,45,3951188
2025-03-09,여성,14,14,14,15,1221672
2025-03-09,바람막이,6,6,3,6,569158
2025-03-09,자켓/ 베스트,4,4,3,4,346290
2025-03-09,하이킹,4,4,4,4,245000
2025-03-09,인터체인지 (3 in 1),1,1,1,1,232470
2025-03-09,방수자켓,2,2,2,2,144800
2025-03-09,패딩/슬림다운,1,1,1,1,105780
2025-03-09,등산화,1,1,1,1,79500
2025-03-09,맨투맨/후드티,1,1,1,1,58520
2025-03-09,상의,1,1,1,1,53100
2025-03-09,긴바지,1,1,1,1,52540
2025-03-09,액세서리,3,3,3,5,49050
2025-03-09,라운드티,1,1,1,1,39190
2025-03-10,남성,36,36,38,194,11653160
2025-03-10,여성,12,11,11,12,1423260
2025-03-10,바람막이,3,3,2,3,160330
2025-03-10,긴바지,2,2,2,3,154700
2025-03-10,자켓/베스트,2,2,2,2,143910
2025-03-10,하이킹,2,2,2,2,143500
2025-03-10,폴로티/집업,1,1,1,1,92500
2025-03-10,라운드티,2,2,2,2,90800
2025-03-10,방수자켓,1,1,1,1,63780
2025-03-10,자켓/ 베스트,1,1,1,1,51740
2025-03-10,상의,1,1,1,1,44980
2025-03-11,남성,38,38,42,63,4852770
2025-03-11,여성,7,7,7,7,777150
2025-03-11,바람막이,3,3,3,5,279800
2025-03-11,긴바지,3,3,2,3,256390
2025-03-11,등산화,2,2,2,2,220470
2025-03-11,방수자켓,3,3,1,3,200600
2025-03-11,UNKNOWN,1,1,1,1,100170
2025-03-11,셋업,1,1,1,1,59500
2025-03-11,상의,1,1,1,1,54000
2025-03-11,액세서리,1,1,2,2,18000
2025-03-12,남성,33,33,35,38,3445500
2025-03-12,여성,8,8,9,9,1173850
2025-03-12,등산화,2,2,2,2,201630
2025-03-12,상의,3,3,2,3,151300
2025-03-12,하이킹,1,1,1,1,109600
2025-03-12,바람막이,2,2,2,2,104120
2025-03-12,UNKNOWN,1,1,1,1,91670
2025-03-12,셋업,1,1,2,2,89000
2025-03-12,맨투맨/후드티,1,1,1,1,60370
2025-03-12,라운드티,1,1,1,1,18470
2025-03-12,액세서리,1,1,1,1,5300
2025-03-13,남성,48,46,58,75,4946290
2025-03-13,여성,10,10,10,10,831900
2025-03-13,바람막이,7,7,3,7,437710
2025-03-13,하이킹,3,3,2,3,157000
2025-03-13,긴바지,2,2,2,2,99800
2025-03-13,UNKNOWN,1,1,1,1,93670
2025-03-13,자켓/베스트,2,2,1,2,92000
2025-03-13,셋업,2,2,2,2,89700
2025-03-13,상의,2,2,1,2,87010
2025-03-13,등산화,1,1,1,1,79070
2025-03-13,방수자켓,1,1,1,1,69300
2025-03-13,라운드티,2,2,2,2,57670
2025-03-13,액세서리,1,1,3,3,24180
2025-03-14,남성,42,40,43,47,4161110
2025-03-14,여성,6,6,7,7,814540
2025-03-14,긴바지,4,4,4,4,343000
2025-03-14,상의,5,5,2,5,272120
2025-03-14,바람막이,4,4,3,4,260270
2025-03-14,하이킹,3,3,3,3,231000
2025-03-14,셔츠,1,1,1,1,117890
2025-03-14,UNKNOWN,1,1,1,1,93670
2025-03-14,맨투맨/후드티,1,1,1,1,49500
2025-03-15,남성,43,43,42,48,3788950
2025-03-15,여성,9,9,10,10,814220
2025-03-15,하이킹,8,8,6,8,570690
2025-03-15,바람막이,8,8,2,8,500060
2025-03-15,긴바지,5,5,3,5,289950
2025-03-15,UNKNOWN,2,2,1,2,187340
2025-03-15,등산화,2,2,2,2,184800
2025-03-15,상의,3,3,2,3,153110
2025-03-15,자켓/ 베스트,1,1,1,1,53000
2025-03-15,폴로/집업티,1,1,1,1,46060
2025-03-15,액세서리,2,2,1,2,13150
2025-03-16,남성,36,36,49,53,3975900
2025-03-16,여성,8,8,8,8,814840
2025-03-16,하이킹,4,4,3,4,279720
2025-03-16,바람막이,4,4,2,4,241980
2025-03-16,패딩/슬림다운,1,1,2,2,241550
2025-03-16,UNKNOWN,2,2,2,2,197970
2025-03-16,셋업,4,4,2,4,166270
2025-03-16,방수자켓,1,1,2,2,150000
2025-03-16,긴바지,3,3,2,3,135700
2025-03-16,상의,2,2,1,2,106050
2025-03-16,폴로티/집업,1,1,1,1,92500
2025-03-16,등산화,1,1,1,1,84500
2025-03-16,라운드티,2,2,1,2,54770
2025-03-16,자켓/ 베스트,1,1,1,1,43000
2025-03-17,남성,40,40,40,49,3679170
2025-03-17,여성,12,12,11,12,1336810
2025-03-17,하이킹,5,5,4,5,305200
2025-03-17,UNKNOWN,3,3,2,3,279140
2025-03-17,등산화,1,1,1,1,136210
2025-03-17,바람막이,2,2,1,2,116950
2025-03-17,자켓/ 베스트,1,1,1,1,107000
2025-03-17,긴바지,2,2,1,2,105050
2025-03-17,폴로티/집업,1,1,1,1,54500
2025-03-17,라운드티,1,1,1,1,49500
2025-03-18,남성,33,33,36,43,2820659
2025-03-18,여성,7,7,8,8,732650
2025-03-18,바람막이,4,4,3,4,360870
2025-03-18,하이킹,3,3,2,3,187650
2025-03-18,등산화,1,1,1,1,66150
2025-03-18,상의,1,1,1,1,57240
2025-03-18,셋업,1,1,1,1,51420
2025-03-18,긴바지,1,1,1,1,47770
2025-03-19,남성,42,42,44,53,3408420
2025-03-19,바람막이,8,8,4,8,575100
2025-03-19,여성,6,6,5,6,418170
2025-03-19,긴바지,6,6,4,7,379520
2025-03-19,하이킹,6,6,4,6,332240
2025-03-19,UNKNOWN,3,3,1,3,293640
2025-03-19,트레일러닝,1,1,1,1,109000
2025-03-19,상의,1,1,1,1,59000
2025-03-19,자켓/ 베스트,1,1,1,1,46980
2025-03-20,남성,43,43,43,48,3541410
2025-03-20,여성,6,6,6,6,527950
2025-03-20,바람막이,6,6,2,6,501890
2025-03-20,하이킹,6,6,3,6,292410
2025-03-20,등산화,2,2,2,2,200060
2025-03-20,UNKNOWN,2,2,1,2,191340
2025-03-20,긴바지,3,3,3,4,190820
2025-03-20,셔츠,1,1,1,1,125100
2025-03-20,상의,2,2,1,2,111000
2025-03-20,셋업,1,1,1,1,55200
2025-03-20,라운드티,1,1,1,1,39930
2025-03-20,액세서리,1,1,1,1,4500
2025-03-21,남성,38,37,45,58,3855510
2025-03-21,여성,7,7,9,9,918650
2025-03-21,하이킹,7,7,3,7,333050
2025-03-21,상의,3,3,2,3,172720
2025-03-21,바람막이,2,2,1,2,111600
2025-03-21,UNKNOWN,1,1,1,1,90670
2025-03-21,긴바지,1,1,1,1,53000
2025-03-21,셋업,1,1,1,1,44290
2025-03-21,크로스/토트백,1,1,1,1,42310
2025-03-21,자켓/ 베스트,1,1,1,1,26500
2025-03-22,남성,24,24,29,33,2955780
2025-03-22,여성,7,7,7,7,669590
2025-03-22,바람막이,5,5,3,5,314030
2025-03-22,하이킹,4,4,3,5,236150
2025-03-22,등산화,2,2,2,2,198190
2025-03-22,방수자켓,1,1,1,1,77000
2025-03-22,셋업,1,1,1,1,37140
2025-03-22,액세서리,1,1,2,2,18000
2025-03-23,남성,42,41,47,55,4001180
2025-03-23,바람막이,9,9,5,9,531050
2025-03-23,여성,7,7,6,9,396010
2025-03-23,UNKNOWN,3,3,3,3,300640
2025-03-23,방수자켓,3,3,2,3,216340
2025-03-23,긴바지,3,3,2,3,137600
2025-03-23,폴로티/집업,1,1,1,1,92560
2025-03-23,등산화,1,1,1,1,64500
2025-03-23,셋업,1,1,1,1,59500
2025-03-23,상의,1,1,1,1,57180
2025-03-23,크로스/토트백,1,1,1,1,53100
2025-03-23,하이킹,1,1,1,1,48000
2025-03-23,반바지,1,1,1,1,39500
2025-03-23,라운드티,1,1,1,1,36410
2025-03-24,남성,47,47,48,54,3715090
2025-03-24,여성,9,8,12,12,837370
2025-03-24,바람막이,7,7,4,7,427740
2025-03-24,하이킹,5,5,3,5,232000
2025-03-24,긴바지,3,3,3,3,136390
2025-03-24,상의,2,2,1,2,110340
2025-03-24,트레일러닝,1,1,1,1,106060
2025-03-24,셋업,1,1,1,1,52580
2025-03-25,남성,43,43,57,74,4995260
2025-03-25,여성,13,13,14,24,2474220
2025-03-25,바람막이,6,6,4,6,432100
2025-03-25,하이킹,3,3,2,4,197000
2025-03-25,상의,3,3,2,3,162150
2025-03-25,맨투맨/후드티,2,2,1,2,138600
2025-03-25,등산화,1,1,1,1,137790
2025-03-25,긴바지,2,2,2,2,104240
2025-03-25,자켓/ 베스트,1,1,1,1,102000
2025-03-25,UNKNOWN,1,1,1,1,98170
2025-03-25,셋업,1,1,1,1,69500
2025-03-25,라운드티,2,2,1,2,68000
2025-03-25,크로스/토트백,1,1,1,1,20560
2025-03-26,남성,28,28,34,37,2523850
2025-03-26,여성,8,7,9,11,977730
2025-03-26,바람막이,8,8,3,8,515240
2025-03-26,셋업,4,4,5,5,347570
2025-03-26,긴바지,4,4,5,6,313000
2025-03-26,하이킹,2,2,3,3,228000
2025-03-26,UNKNOWN,2,2,1,2,206970
2025-03-26,등산화,1,1,1,1,114570
2025-03-26,상의,1,1,1,1,59000
2025-03-27,남성,30,30,37,65,2920160
2025-03-27,여성,5,5,5,5,323990
2025-03-27,긴바지,4,4,4,5,252140
2025-03-27,등산화,1,1,1,1,177820
2025-03-27,방수자켓,2,2,1,2,152070
2025-03-27,바람막이,2,2,1,2,111000
2025-03-27,셋업,2,2,2,2,107610
2025-03-27,상의,2,2,1,2,90910
2025-03-27,하이킹,1,1,1,1,77000
2025-03-27,반바지,1,1,1,1,39500
2025-03-28,남성,26,26,33,37,2881990
2025-03-28,여성,7,7,7,7,633750
2025-03-28,바람막이,5,5,3,5,377070
2025-03-28,긴바지,6,6,3,6,337490
2025-03-28,UNKNOWN,2,2,2,2,186340
2025-03-28,방수자켓,1,1,1,1,71900
2025-03-28,셋업,1,1,1,1,53000
2025-03-28,장갑,1,1,1,1,21600
2025-03-29,남성,29,29,31,34,2648480
2025-03-29,여성,8,8,7,8,644610
2025-03-29,셋업,3,3,5,5,280460
2025-03-29,바람막이,3,3,2,3,162750
2025-03-29,방수자켓,1,1,1,1,72000
2025-03-29,상의,1,1,1,1,34110
2025-03-29,장갑,1,1,1,1,12500
2025-03-30,남성,26,25,21,28,2209190
2025-03-30,여성,7,7,8,9,771920
2025-03-30,등산화,2,2,4,4,545510
2025-03-30,UNKNOWN,2,2,1,2,184340
2025-03-30,셋업,2,2,2,2,115000
2025-03-30,긴바지,2,2,1,2,95990
2025-03-30,상의,1,1,1,1,58450
2025-03-31,남성,27,27,26,32,2169760
2025-03-31,바람막이,4,4,3,4,301860
2025-03-31,UNKNOWN,3,3,1,3,287510
2025-03-31,하이킹,1,1,1,1,130000
2025-03-31,여성,2,2,2,2,88960
2025-03-31,긴바지,1,1,1,1,52190
2025-03-31,자켓/ 베스트,1,1,1,1,48530
2025-03-31,맨투맨/후드티,1,1,1,1,46880
2025-03-31,라운드티,1,1,1,1,25000
2025-04-01,남성,39,37,45,52,3716710
2025-04-01,여성,8,8,8,10,976130
2025-04-01,바람막이,5,5,2,5,399890
2025-04-01,등산화,3,3,3,3,190280
2025-04-01,방수자켓,2,2,1,2,144050
2025-04-01,긴바지,2,2,2,2,112000
2025-04-01,UNKNOWN,1,1,1,1,95670
2025-04-01,하이킹,1,1,1,1,94000
2025-04-01,상의,1,1,1,1,54000
2025-04-01,반바지,1,1,1,1,44500
2025-04-01,셋업,1,1,1,1,39810
2025-04-01,액세서리,1,1,1,2,15800
2025-04-02,남성,36,35,49,55,3760880
2025-04-02,여성,14,14,12,14,1115390
2025-04-02,하이킹,1,1,1,3,282000
2025-04-02,방수자켓,2,2,1,2,137830
2025-04-02,긴바지,1,1,1,2,122780
2025-04-02,등산화,1,1,1,1,119070
2025-04-02,바람막이,1,1,1,1,101000
2025-04-02,UNKNOWN,1,1,1,1,93670
2025-04-02,라운드티,1,1,1,1,25000
2025-04-03,남성,46,46,55,65,4325325
2025-04-03,여성,7,7,8,8,694950
2025-04-03,긴바지,6,6,4,6,348110
2025-04-03,바람막이,5,5,2,5,334120
2025-04-03,UNKNOWN,2,2,2,2,188340
2025-04-03,등산화,1,1,1,1,131470
2025-04-03,하이킹,1,1,1,1,128000
2025-04-03,셋업,2,2,1,2,111570
2025-04-03,폴로티/집업,1,1,1,1,82900
2025-04-03,라운드티,2,2,2,2,62510
2025-04-03,상의,1,1,1,1,59000
2025-04-03,맨투맨/후드티,1,1,1,1,46000
2025-04-03,액세서리,1,1,1,2,18000
2025-04-03,장갑,1,1,1,1,12500
2025-04-04,남성,42,40,49,179,9389060
2025-04-04,여성,5,5,4,5,297850
2025-04-04,바람막이,3,3,2,3,212000
2025-04-04,UNKNOWN,2,2,2,2,194470
2025-04-04,반바지,3,3,3,3,148380
2025-04-04,라운드티,3,3,4,4,136000
2025-04-04,셋업,2,2,2,2,95870
2025-04-04,긴바지,2,2,2,2,95490
2025-04-04,방수자켓,1,1,1,1,75000
2025-04-04,상의,1,1,1,1,52400
2025-04-04,장갑,1,1,1,1,25000
2025-04-05,남성,28,27,33,34,2129595
2025-04-05,긴바지,7,7,5,7,331780
2025-04-05,여성,4,4,4,4,264210
2025-04-05,자켓/ 베스트,1,1,1,1,179270
2025-04-05,셋업,3,3,3,3,173360
2025-04-05,바람막이,3,3,1,3,166840
2025-04-05,하이킹,1,1,1,1,114500
2025-04-05,UNKNOWN,1,1,1,1,95670
2025-04-05,라운드티,2,2,2,2,64390
2025-04-06,남성,38,38,43,46,2851130
2025-04-06,여성,9,9,11,11,1110470
2025-04-06,긴바지,6,6,5,6,310160
2025-04-06,UNKNOWN,3,3,3,3,298640
2025-04-06,하이킹,1,1,1,1,132500
2025-04-06,바람막이,2,2,1,2,102670
2025-04-06,등산화,1,1,1,1,81070
2025-04-06,라운드티,2,2,2,2,69950
2025-04-06,상의,1,1,1,1,53000
2025-04-06,셋업,1,1,1,1,45680
2025-04-07,남성,38,35,40,74,4596000
2025-04-07,여성,7,7,10,12,861380
2025-04-07,긴바지,6,6,4,7,350790
2025-04-07,등산화,3,3,3,3,290170
2025-04-07,바람막이,3,3,3,3,281800
2025-04-07,반바지,4,4,3,4,235890
2025-04-07,셋업,3,3,3,4,206600
2025-04-07,UNKNOWN,2,2,1,2,188790
2025-04-07,상의,3,3,2,3,167170
2025-04-07,자켓/ 베스트,1,1,1,1,135000
2025-04-07,라운드티,3,3,2,3,97010
2025-04-07,폴로티/집업,1,1,1,1,49500
2025-04-08,남성,35,35,38,41,2992035
2025-04-08,여성,7,7,9,12,845180
2025-04-08,상의,3,3,2,8,450340
2025-04-08,긴바지,5,5,4,6,320570
2025-04-08,바람막이,3,3,3,3,245390
2025-04-08,셋업,3,3,3,4,235750
2025-04-08,등산화,2,2,2,2,218470
2025-04-08,UNKNOWN,1,1,1,2,200340
2025-04-08,트레일러닝,1,1,1,1,107390
2025-04-08,라운드티,3,3,3,3,103120
2025-04-08,카고/조거,1,1,1,1,64480
2025-04-08,맨투맨/후드티,1,1,1,1,51420
2025-04-09,남성,31,31,36,45,2701820
2025-04-09,라운드티,10,10,10,13,513440
2025-04-09,여성,3,3,3,3,330555
2025-04-09,바람막이,1,1,1,1,136600
2025-04-09,상의,2,2,2,2,111740
2025-04-09,하이킹,1,1,1,1,94000
2025-04-09,등산화,1,1,1,1,94000
2025-04-09,긴바지,2,2,2,2,86700
2025-04-09,방수자켓,1,1,1,1,57000
2025-04-09,셋업,1,1,1,1,46000
2025-04-09,UNKNOWN,1,1,1,1,32360
2025-04-09,반바지,1,1,1,1,27900
2025-04-09,장갑,1,1,1,1,25000
2025-04-10,남성,41,41,44,49,3301660
2025-04-10,여성,6,6,7,7,758650
2025-04-10,셋업,3,3,5,6,437870
2025-04-10,상의,5,5,5,6,348050
2025-04-10,반바지,6,6,6,7,263000
2025-04-10,바람막이,2,2,2,2,242700
2025-04-10,등산화,2,2,2,2,215840
2025-04-10,긴바지,3,3,2,3,151480
2025-04-10,라운드티,3,3,4,4,133390
2025-04-10,트레일러닝,1,1,1,1,109000
2025-04-10,셔츠,2,2,2,2,90360
2025-04-10,UNKNOWN,1,1,1,1,86105
2025-04-10,하이킹,1,1,1,1,82000
2025-04-10,맨투맨/후드티,1,1,1,1,53000
2025-04-11,남성,37,37,40,46,3551830
2025-04-11,여성,8,8,8,9,648930
2025-04-11,라운드티,12,12,16,17,631640
2025-04-11,UNKNOWN,4,4,2,4,423450
2025-04-11,바람막이,3,3,3,3,304950
2025-04-11,반바지,5,5,4,7,195990
2025-04-11,긴바지,3,3,2,3,192850
2025-04-11,등산화,2,2,2,2,167705
2025-04-11,셋업,2,2,2,2,107170
2025-04-11,상의,2,2,1,2,91990
2025-04-11,카고/조거,1,1,1,1,58770
2025-04-12,남성,28,28,28,34,2254980
2025-04-12,바람막이,2,2,2,10,1186410
2025-04-12,등산화,3,3,3,3,417480
2025-04-12,긴바지,4,4,4,5,323650
2025-04-12,상의,6,6,2,6,323340
2025-04-12,라운드티,8,8,7,9,302110
2025-04-12,셋업,5,5,3,5,283100
2025-04-12,여성,3,3,3,3,219070
2025-04-12,반바지,3,3,5,5,160560
2025-04-12,UNKNOWN,1,1,1,1,93670
2025-04-12,하이킹,1,1,1,1,87000
2025-04-13,남성,50,50,49,64,4809980
2025-04-13,라운드티,12,12,9,13,433690
2025-04-13,바람막이,4,4,3,4,347590
2025-04-13,긴바지,4,4,4,4,283220
2025-04-13,여성,4,4,4,5,262910
2025-04-13,상의,5,5,4,5,249520
2025-04-13,UNKNOWN,3,3,3,3,232840
2025-04-13,셋업,4,4,2,4,192880
2025-04-13,자켓/ 베스트,1,1,1,1,185000
2025-04-13,반바지,5,5,3,5,156330
2025-04-13,등산화,1,1,1,1,127670
2025-04-13,맨투맨/후드티,2,2,2,2,93180
2025-04-13,셔츠,1,1,1,1,41700
2025-04-13,액세서리,2,2,1,2,14300
2025-04-14,남성,52,51,55,61,4917855
2025-04-14,라운드티,11,11,10,14,464500
2025-04-14,등산화,3,3,3,3,430045
2025-04-14,긴바지,7,7,6,7,425810
2025-04-14,여성,7,7,7,7,417590
2025-04-14,반바지,6,6,5,9,244950
2025-04-14,바람막이,1,1,1,1,92040
2025-04-14,상의,1,1,1,1,59000
2025-04-14,액세서리,1,1,2,2,16000
2025-04-15,남성,48,48,52,68,4071885
2025-04-15,바람막이,4,4,3,4,490650
2025-04-15,라운드티,12,12,12,14,453910
2025-04-15,여성,4,4,3,5,380640
2025-04-15,긴바지,5,5,4,5,268950
2025-04-15,상의,4,4,4,4,213440
2025-04-15,반바지,8,8,3,8,207400
2025-04-15,UNKNOWN,2,2,2,2,113630
2025-04-15,셋업,2,2,1,2,96200
2025-04-15,카고/조거,1,1,1,1,65000
2025-04-15,자켓/ 베스트,1,1,1,1,44000
2025-04-16,남성,38,38,38,54,3729430
2025-04-16,라운드티,13,13,10,16,554700
2025-04-16,여성,6,6,6,6,379040
2025-04-16,긴바지,4,4,3,4,280340
2025-04-16,등산화,2,2,2,2,214175
2025-04-16,반바지,7,7,3,8,210760
2025-04-16,바람막이,2,2,2,2,179830
2025-04-16,스니커즈,2,2,1,2,129440
2025-04-16,하이킹,1,1,1,1,94000
2025-04-16,상의,2,2,2,2,91000
2025-04-16,UNKNOWN,2,2,2,2,63420
2025-04-16,셋업,1,1,1,1,47120
2025-04-16,액세서리,1,1,1,1,7280
2025-04-17,남성,37,37,35,43,2561910
2025-04-17,여성,8,8,8,8,483850
2025-04-17,라운드티,10,10,7,13,391030
2025-04-17,긴바지,6,6,6,6,369800
2025-04-17,반바지,6,6,5,8,255380
2025-04-17,바람막이,3,3,2,3,229850
2025-04-17,하이킹,2,2,2,2,217000
2025-04-17,상의,3,3,3,3,129510
2025-04-17,등산화,1,1,1,1,94500
2025-04-17,가방,1,1,1,1,78000
2025-04-17,카고/조거,1,1,1,1,55000
2025-04-17,자켓/ 베스트,1,1,1,1,53000
2025-04-17,셋업,1,1,1,1,49840
2025-04-17,UNKNOWN,1,1,1,1,28560
2025-04-18,남성,49,49,50,70,4034890
2025-04-18,여성,12,12,12,17,1079810
2025-04-18,라운드티,16,16,11,27,903760
2025-04-18,UNKNOWN,7,7,3,7,452900
2025-04-18,반바지,12,12,6,15,417720
2025-04-18,긴바지,6,6,4,6,324330
2025-04-18,상의,4,4,4,5,238710
2025-04-18,트레일러닝,2,2,1,2,202000
2025-04-18,자켓/ 베스트,1,1,1,1,197000
2025-04-18,바람막이,2,2,2,2,182680
2025-04-18,등산화,2,2,2,2,156500
2025-04-18,셋업,1,1,2,2,106000
2025-04-18,스니커즈,1,1,1,1,69000
2025-04-19,남성,23,22,27,29,1866150
2025-04-19,라운드티,9,9,13,18,614680
2025-04-19,반바지,8,8,5,11,329680
2025-04-19,자켓/ 베스트,2,2,2,2,235540
2025-04-19,여성,4,4,4,4,230680
2025-04-19,등산화,2,2,2,2,225470
2025-04-19,긴바지,4,4,3,4,199000
2025-04-19,하이킹,1,1,1,1,137000
2025-04-19,셋업,1,1,1,1,82170
2025-04-19,UNKNOWN,2,2,1,2,80140
2025-04-19,가방,1,1,1,1,78000
2025-04-19,바람막이,1,1,1,1,64500
2025-04-19,상의,1,1,1,1,58410
2025-04-19,카고/조거,1,1,1,1,49000
2025-04-19,맨투맨/후드티,1,1,1,1,46710
2025-04-19,폴로티/집업,1,1,1,1,44860
2025-04-19,액세서리,2,2,2,3,26880
2025-04-20,남성,27,27,30,36,1968890
2025-04-20,라운드티,19,19,14,26,821660
2025-04-20,반바지,15,15,6,18,549740
2025-04-20,긴바지,5,5,5,6,331370
2025-04-20,UNKNOWN,4,4,4,4,315010
2025-04-20,바람막이,2,2,3,3,211560
2025-04-20,셋업,3,3,2,3,173380
2025-04-20,등산화,1,1,1,1,133470
2025-04-20,스니커즈,2,2,2,2,111000
2025-04-20,상의,2,2,2,2,104000
2025-04-20,여성,3,3,3,3,84000
2025-04-20,가방,1,1,1,1,72250
2025-04-20,맨투맨/후드티,1,1,1,1,46850
2025-04-20,폴로/집업티,1,1,1,1,41000
2025-04-20,셔츠,1,1,1,1,40370
2025-04-20,액세서리,1,1,1,1,7820
2025-04-21,남성,45,44,66,82,5546160
2025-04-21,긴바지,13,13,7,13,796780
2025-04-21,여성,4,4,4,4,435100
2025-04-21,라운드티,11,11,10,13,425020
2025-04-21,바람막이,3,3,3,3,369700
2025-04-21,반바지,9,9,7,12,341220
2025-04-21,UNKNOWN,4,4,3,4,256480
2025-04-21,상의,5,5,4,5,234540
2025-04-21,등산화,2,2,2,2,180500
2025-04-21,자켓/ 베스트,1,1,1,1,173400
2025-04-21,하이킹,1,1,1,1,130000
2025-04-21,트레일러닝,1,1,1,1,105860
2025-04-21,맨투맨/후드티,1,1,1,2,105150
2025-04-21,방수자켓,1,1,1,1,75000
2025-04-21,셔츠,1,1,1,1,53000
2025-04-21,셋업,1,1,1,1,50010
2025-04-22,남성,42,42,41,49,3530260
2025-04-22,여성,4,4,5,6,365660
2025-04-22,긴바지,6,6,5,6,363600
2025-04-22,바람막이,3,3,2,3,309000
2025-04-22,하이킹,3,3,2,3,228000
2025-04-22,상의,4,4,2,4,227530
2025-04-22,UNKNOWN,4,4,2,5,199460
2025-04-22,자켓/ 베스트,1,1,1,1,187000
2025-04-22,라운드티,3,3,3,4,140520
2025-04-22,등산화,1,1,1,1,109600
2025-04-22,가방,1,1,1,1,83000
2025-04-22,스니커즈,1,1,1,1,61020
2025-04-22,셋업,1,1,1,1,53000
2025-04-22,반바지,2,2,2,2,48030
2025-04-23,남성,42,39,49,73,4306510
2025-04-23,긴바지,14,14,6,14,893590
2025-04-23,라운드티,11,11,6,12,460850
2025-04-23,바람막이,4,4,2,4,413810
2025-04-23,여성,5,5,5,7,315210
2025-04-23,하이킹,3,3,3,3,296000
2025-04-23,상의,2,2,2,3,168000
2025-04-23,반바지,5,5,3,5,162300
2025-04-23,셋업,3,3,1,3,133950
2025-04-23,자켓/ 베스트,1,1,2,2,106000
2025-04-23,등산화,1,1,1,1,97000
2025-04-23,폴로/집업티,1,1,1,1,53000
2025-04-23,맨투맨/후드티,1,1,1,1,53000
2025-04-23,UNKNOWN,1,1,1,1,29200
2025-04-24,남성,59,59,65,78,5606470
2025-04-24,여성,16,16,18,20,1618650
2025-04-24,등산화,3,3,2,4,319110
2025-04-24,UNKNOWN,5,5,4,5,316250
2025-04-24,반바지,8,8,3,10,276480
2025-04-24,라운드티,8,8,4,8,266400
2025-04-24,상의,5,5,4,5,247180
2025-04-24,폴로티/집업,2,2,3,3,143500
2025-04-24,긴바지,2,2,2,2,108000
2025-04-24,바람막이,1,1,1,1,106100
2025-04-24,가방,1,1,1,1,72240
2025-04-24,셋업,1,1,1,1,64820
2025-04-25,남성,48,47,50,68,4349430
2025-04-25,여성,10,10,11,35,2656370
2025-04-25,라운드티,10,10,4,12,437140
2025-04-25,긴바지,5,5,3,5,254310
2025-04-25,상의,4,4,3,5,239220
2025-04-25,셋업,3,3,3,3,185660
2025-04-25,UNKNOWN,4,4,3,4,133970
2025-04-25,하이킹,1,1,1,1,133430
2025-04-25,트레일러닝,1,1,1,1,102530
2025-04-25,등산화,1,1,1,1,99500
2025-04-25,반바지,2,2,2,2,74810
2025-04-26,남성,35,35,43,47,3017560
2025-04-26,긴바지,7,7,4,7,394170
2025-04-26,여성,3,3,3,3,391670
2025-04-26,라운드티,8,8,4,8,270120
2025-04-26,등산화,1,1,1,1,174600
2025-04-26,자켓/ 베스트,1,1,1,1,174000
2025-04-26,하이킹,1,1,1,1,130000
2025-04-26,반바지,3,3,2,4,112850
2025-04-26,바람막이,1,1,1,1,97870
2025-04-27,남성,51,51,53,68,4885650
2025-04-27,바람막이,1,1,2,7,997200
2025-04-27,여성,7,7,7,7,622730
2025-04-27,등산화,3,3,3,3,295560
2025-04-27,라운드티,7,7,6,8,271280
2025-04-27,UNKNOWN,3,3,2,3,246090
2025-04-27,셋업,4,4,4,4,237830
2025-04-27,긴바지,3,3,3,4,234410
2025-04-27,상의,4,4,2,4,212300
2025-04-27,자켓/ 베스트,1,1,1,1,172670
2025-04-27,반바지,4,4,2,4,154590
2025-04-27,맨투맨/후드티,2,2,2,2,104130
2025-04-27,하이킹,1,1,1,1,72000
2025-04-27,카고/조거,1,1,1,1,65000
2025-04-28,남성,47,47,50,54,4149980
2025-04-28,여성,11,11,9,11,1200600
2025-04-28,긴바지,8,8,6,9,536220
2025-04-28,등산화,2,2,1,2,269900
2025-04-28,라운드티,5,5,2,5,167470
2025-04-28,자켓/ 베스트,1,1,1,1,167000
2025-04-28,UNKNOWN,2,2,2,2,147800
2025-04-28,반바지,3,3,2,3,121590
2025-04-28,하이킹,1,1,1,1,85000
2025-04-28,셋업,1,1,1,1,75950
2025-04-28,셔츠,1,1,1,1,51410
2025-04-29,남성,25,25,28,36,2595940
2025-04-29,여성,7,7,7,8,439720
2025-04-29,UNKNOWN,4,4,2,4,362680
2025-04-29,긴바지,2,2,2,3,185000
2025-04-29,바람막이,2,2,2,2,162500
2025-04-29,상의,3,3,3,3,153000
2025-04-29,자켓/ 베스트,1,1,1,1,130000
2025-04-29,라운드티,2,2,2,3,101000
2025-04-29,반바지,3,3,1,3,84000
2025-04-29,방수자켓,1,1,1,1,77000
2025-04-29,스니커즈,1,1,1,1,69000
2025-04-30,남성,119,118,101,143,6004800
2025-04-30,여성,23,23,16,28,1291910
2025-04-30,UNKNOWN,10,10,5,11,520460
2025-04-30,반바지,15,15,4,17,415140
2025-04-30,상의,8,8,4,8,317020
2025-04-30,긴바지,6,6,4,6,310350
2025-04-30,라운드티,10,10,3,10,267760
2025-04-30,자켓/ 베스트,2,2,2,2,190060
2025-04-30,폴로티/집업,3,3,2,4,180730
2025-04-30,하이킹,2,2,2,2,154000
2025-04-30,카고/조거,2,2,2,2,118910
2025-04-30,등산화,1,1,1,1,82320
2025-04-30,방수자켓,1,1,1,1,57000
2025-04-30,액세서리,2,2,1,2,10690
2025-05-01,남성,78,78,71,87,4597780
2025-05-01,긴바지,13,13,8,13,616160
2025-05-01,여성,6,6,6,7,608360
2025-05-01,UNKNOWN,9,9,2,9,314330
2025-05-01,반바지,8,8,4,9,231350
2025-05-01,바람막이,2,2,2,2,168500
2025-05-01,자켓/ 베스트,2,2,2,2,109900
2025-05-01,트레일러닝,1,1,1,1,104000
2025-05-01,상의,2,2,2,2,89200
2025-05-01,라운드티,3,3,1,3,88650
2025-05-01,스니커즈,1,1,1,1,64000
2025-05-01,셋업,1,1,1,1,57600
2025-05-01,폴로티/집업,1,1,1,1,45930
2025-05-01,맨투맨/후드티,1,1,1,1,44150
2025-05-02,남성,48,48,50,69,4541590
2025-05-02,등산화,3,3,2,3,265580
2025-05-02,UNKNOWN,4,4,2,4,262010
2025-05-02,상의,3,3,5,5,246000
2025-05-02,긴바지,3,3,3,3,236960
2025-05-02,셋업,1,1,2,2,173100
2025-05-02,여성,3,3,3,3,156440
2025-05-02,반바지,2,2,1,2,72000
2025-05-02,폴로티/집업,1,1,1,1,44330
2025-05-02,라운드티,2,2,2,2,43420
2025-05-02,자켓/ 베스트,1,1,1,1,43000
2025-05-02,셔츠,1,1,1,1,41610
2025-05-03,남성,50,49,60,69,3910160
2025-05-03,긴바지,5,5,4,5,283530
2025-05-03,여성,4,4,4,4,200720
2025-05-03,등산화,2,2,2,2,162140
2025-05-03,바람막이,2,2,2,2,153870
2025-05-03,카고/조거,1,1,2,2,121300
2025-05-03,반바지,3,3,3,3,119470
2025-05-03,상의,3,3,2,3,119000
2025-05-03,라운드티,3,3,2,3,95510
2025-05-03,폴로티/집업,1,1,2,2,87700
2025-05-03,자켓/ 베스트,2,2,2,2,75640
2025-05-04,남성,39,39,48,64,3641560
2025-05-04,여성,5,5,4,5,545760
2025-05-04,UNKNOWN,4,4,3,4,272350
2025-05-04,상의,2,2,2,4,207900
2025-05-04,셋업,2,2,2,2,188070
2025-05-04,등산화,2,2,2,2,159300
2025-05-04,긴바지,3,3,3,3,147280
2025-05-04,트레일러닝,1,1,1,1,104000
2025-05-04,바람막이,1,1,1,1,80300
2025-05-04,반바지,1,1,1,1,47000
2025-05-05,남성,37,37,44,50,2519400
2025-05-05,자켓/ 베스트,3,3,4,4,501910
2025-05-05,긴바지,8,8,5,8,394910
2025-05-05,여성,5,5,5,5,305970
2025-05-05,등산화,2,2,2,2,160390
2025-05-05,셋업,1,1,1,1,123440
2025-05-05,상의,2,2,2,2,92600
2025-05-05,UNKNOWN,2,2,2,2,54040
2025-05-05,라운드티,1,1,1,1,36900
2025-05-05,반바지,1,1,1,1,32820
2025-05-06,남성,69,67,66,89,5879590
2025-05-06,여성,9,9,8,9,751970
2025-05-06,등산화,5,5,4,5,381490
2025-05-06,긴바지,7,7,4,7,359990
2025-05-06,UNKNOWN,5,5,3,6,279620
2025-05-06,바람막이,2,2,2,2,184300
2025-05-06,셋업,1,1,2,2,158040
2025-05-06,상의,3,3,2,3,133090
2025-05-06,하이킹,2,2,1,2,116000
2025-05-06,셔츠,2,2,1,2,65100
2025-05-06,맨투맨/후드티,1,1,1,1,48000
2025-05-06,라운드티,1,1,1,1,39800
2025-05-07,남성,55,55,51,62,4612250
2025-05-07,여성,8,8,8,8,560080
2025-05-07,UNKNOWN,5,5,3,5,382650
2025-05-07,등산화,1,1,1,3,270900
2025-05-07,긴바지,5,5,4,5,244060
2025-05-07,반바지,2,2,3,3,169880
2025-05-07,상의,2,2,2,2,106690
2025-05-07,하이킹,1,1,1,1,63430
2025-05-07,맨투맨/후드티,1,1,1,1,46000
2025-05-07,라운드티,1,1,1,1,28900
2025-05-08,남성,35,35,35,43,3069220
2025-05-08,여성,6,6,6,6,527920
2025-05-08,긴바지,4,4,4,4,217000
2025-05-08,카고/조거,1,1,2,2,112760
2025-05-08,바람막이,1,1,1,1,101000
2025-05-08,상의,2,2,2,2,96500
2025-05-08,UNKNOWN,1,1,1,1,95670
2025-05-08,등산화,1,1,1,1,76770
2025-05-08,스니커즈,1,1,1,1,53270
2025-05-08,맨투맨/후드티,1,1,1,1,52550
2025-05-09,남성,44,42,49,60,3558320
2025-05-09,여성,3,3,3,5,427650
2025-05-09,라운드티,7,7,5,7,228270
2025-05-09,트레일러닝,1,1,1,1,99000
2025-05-09,방수자켓,1,1,1,1,77000
2025-05-09,스니커즈,1,1,1,1,67200
2025-05-09,긴바지,1,1,1,1,58500
2025-05-09,상의,1,1,1,1,46500
2025-05-09,맨투맨/후드티,1,1,1,1,34290
2025-05-10,남성,29,29,32,38,1901350
2025-05-10,여성,6,6,6,6,436550
2025-05-10,긴바지,4,4,3,4,205790
2025-05-10,상의,3,3,1,3,138200
2025-05-10,라운드티,5,5,3,5,126470
2025-05-10,UNKNOWN,1,1,1,1,99350
2025-05-10,셔츠,2,2,1,2,83640
2025-05-10,등산화,1,1,1,1,69770
2025-05-10,반바지,2,2,1,2,67850
2025-05-10,카고/조거,1,1,1,1,58000
2025-05-10,바람막이,1,1,1,1,47000
2025-05-11,남성,274,273,160,332,13929300
2025-05-11,여성,37,37,29,43,2412510
2025-05-11,라운드티,43,43,15,45,1098680
2025-05-11,긴바지,22,22,11,23,1071080
2025-05-11,반바지,38,38,7,39,823710
2025-05-11,셋업,11,11,6,11,557930
2025-05-11,등산화,5,5,5,5,443640
2025-05-11,바람막이,5,5,5,5,356530
2025-05-11,UNKNOWN,4,4,3,5,226410
2025-05-11,상의,3,3,2,4,193260
2025-05-11,트레일러닝,2,2,1,2,191000
2025-05-11,자켓/ 베스트,1,1,1,1,173850
2025-05-11,폴로티/집업,3,3,2,3,155740
2025-05-11,카고/조거,2,2,2,2,125820
2025-05-11,맨투맨/후드티,1,1,1,1,28920
2025-05-12,남성,40,39,49,63,3152860
2025-05-12,여성,5,5,5,5,402770
2025-05-12,하이킹,2,2,3,3,295680
2025-05-12,등산화,1,1,2,2,274700
2025-05-12,바람막이,3,3,3,3,227090
2025-05-12,라운드티,7,7,5,7,199190
2025-05-12,스니커즈,3,3,2,3,184620
2025-05-12,긴바지,2,2,2,3,176000
2025-05-12,반바지,4,4,4,5,130350
2025-05-12,상의,1,1,1,1,54000
2025-05-12,셋업,1,1,1,1,52370
2025-05-13,남성,34,34,35,45,2460120
2025-05-13,여성,5,5,6,6,339970
2025-05-13,상의,3,2,2,3,172000
2025-05-13,긴바지,2,2,2,2,123000
2025-05-13,셋업,1,1,1,1,97900
2025-05-13,라운드티,3,3,2,3,78000
2025-05-13,스니커즈,1,1,1,1,62000
2025-05-13,카고/조거,1,1,1,1,54750
2025-05-13,바람막이,1,1,1,1,51600
2025-05-13,자켓/ 베스트,1,1,1,1,48000
2025-05-13,반바지,1,1,1,1,24500
2025-05-14,남성,29,29,30,34,3104930
2025-05-14,여성,7,7,8,9,686030
2025-05-14,긴바지,4,4,4,5,254740
2025-05-14,UNKNOWN,4,4,4,4,235450
2025-05-14,반바지,5,5,6,7,234000
2025-05-14,셋업,2,2,2,2,109500
2025-05-14,등산화,1,1,1,1,101000
2025-05-14,바람막이,1,1,1,1,94000
2025-05-14,하이킹,1,1,1,1,89400
2025-05-14,라운드티,2,2,1,3,85000
2025-05-14,스니커즈,1,1,1,1,58680
2025-05-15,남성,39,39,49,54,3795160
2025-05-15,자켓/ 베스트,3,3,2,3,255750
2025-05-15,긴바지,4,4,3,4,248000
2025-05-15,반바지,6,6,6,7,245490
2025-05-15,셋업,1,1,2,2,172000
2025-05-15,하이킹,1,1,1,1,137000
2025-05-15,여성,3,3,3,3,137000
2025-05-15,UNKNOWN,2,2,2,2,134670
2025-05-15,바람막이,1,1,1,1,129000
2025-05-15,라운드티,3,3,2,3,110890
2025-05-15,등산화,1,1,1,1,74770
2025-05-15,방수자켓,1,1,1,1,65000
2025-05-15,폴로/집업티,1,1,1,1,53000
2025-05-15,폴로티/집업,1,1,1,1,45000
2025-05-16,남성,39,37,47,62,3409690
2025-05-16,여성,8,8,9,10,918740
2025-05-16,긴바지,4,4,4,4,239780
2025-05-16,스니커즈,3,3,3,3,195640
2025-05-16,라운드티,4,3,3,4,136010
2025-05-16,반바지,3,3,3,4,103640
2025-05-16,폴로티/집업,2,2,2,2,92000
2025-05-16,하이킹,1,1,1,1,87000
2025-05-16,등산화,1,1,1,1,76770
2025-05-16,카고/조거,1,1,1,1,65000
2025-05-16,상의,1,1,1,1,54000
2025-05-17,남성,26,25,26,31,2487020
2025-05-17,여성,4,4,4,4,399070
2025-05-17,등산화,2,2,2,2,260310
2025-05-17,라운드티,3,3,4,4,168720
2025-05-17,하이킹,1,1,1,1,94000
2025-05-17,긴바지,1,1,1,1,65000
2025-05-17,반바지,2,2,2,2,50750
2025-05-18,남성,33,32,37,42,2718870
2025-05-18,여성,4,4,5,6,373490
2025-05-18,긴바지,3,3,2,4,235180
2025-05-18,반바지,3,3,3,3,117790
2025-05-18,UNKNOWN,1,1,1,1,95670
2025-05-18,등산화,1,1,1,1,87900
2025-05-18,라운드티,2,2,2,2,64370
2025-05-18,스니커즈,1,1,1,1,64000
2025-05-18,상의,1,1,1,1,58590
2025-05-19,남성,47,46,50,55,3431670
2025-05-19,여성,4,4,5,5,424270
2025-05-19,라운드티,4,4,4,4,122900
2025-05-19,긴바지,2,2,2,2,106650
2025-05-19,등산화,1,1,1,1,94500
2025-05-19,상의,1,1,1,1,59000
2025-05-19,폴로티/집업,1,1,1,1,49500
2025-05-19,반바지,1,1,1,1,37000
2025-05-20,남성,55,55,73,85,5372240
2025-05-20,여성,6,6,6,6,360820
2025-05-20,긴바지,4,4,3,4,287000
2025-05-20,라운드티,4,4,4,5,175840
2025-05-20,반바지,3,3,2,3,104200
2025-05-20,등산화,1,1,1,1,90300
2025-05-20,상의,1,1,1,1,59000
2025-05-20,셔츠,1,1,1,1,47700
2025-05-20,UNKNOWN,1,1,1,1,31000
2025-05-21,남성,51,48,53,66,3985950
2025-05-21,바람막이,2,1,2,20,2703000
2025-05-21,여성,6,6,7,7,413160
2025-05-21,스니커즈,5,5,3,6,407560
2025-05-21,라운드티,10,10,5,11,359480
2025-05-21,UNKNOWN,3,3,2,3,300640
2025-05-21,반바지,6,6,5,7,263220
2025-05-21,셋업,3,3,3,3,207090
2025-05-21,등산화,2,2,2,2,171740
2025-05-21,긴바지,3,3,2,3,158790
2025-05-21,폴로티/집업,1,1,1,1,93620
2025-05-21,상의,1,1,1,1,54000
2025-05-21,셔츠,1,1,1,1,48000
2025-05-22,남성,38,38,51,59,3915210
2025-05-22,여성,6,6,7,8,685070
2025-05-22,긴바지,5,5,5,6,491530
2025-05-22,라운드티,10,10,7,14,424530
2025-05-22,반바지,7,7,4,7,238200
2025-05-22,셋업,2,2,3,3,211000
2025-05-22,UNKNOWN,1,1,1,1,111300
2025-05-22,등산화,1,1,1,1,74770
2025-05-22,스니커즈,1,1,1,1,69000
2025-05-22,카고/조거,1,1,1,1,60000
2025-05-22,맨투맨/후드티,1,1,1,1,52440
2025-05-23,남성,36,36,39,44,2818210
2025-05-23,여성,5,5,6,6,546100
2025-05-23,라운드티,9,9,7,10,302870
2025-05-23,등산화,2,2,1,2,253740
2025-05-23,UNKNOWN,2,2,2,2,131670
2025-05-23,긴바지,2,2,2,2,96890
2025-05-23,바람막이,1,1,1,1,90300
2025-05-23,반바지,3,3,2,3,84000
2025-05-23,자켓/ 베스트,1,1,1,1,53000
2025-05-23,상의,1,1,1,1,52000
2025-05-24,남성,29,29,32,34,2117030
2025-05-24,여성,6,6,5,6,475540
2025-05-24,스니커즈,10,9,1,10,459070
2025-05-24,긴바지,3,3,3,3,221590
2025-05-24,폴로티/집업,2,2,3,3,174560
2025-05-24,반바지,4,4,3,4,125220
2025-05-24,상의,1,1,1,2,118000
2025-05-24,트레일러닝,1,1,1,1,102000
2025-05-24,바람막이,1,1,1,1,100000
2025-05-24,라운드티,3,3,3,3,83760
2025-05-24,셔츠,1,1,1,1,50430
2025-05-24,셋업,1,1,1,1,48000
2025-05-24,UNKNOWN,1,1,1,1,41000
2025-05-25,남성,36,36,43,45,3151850
2025-05-25,여성,7,7,8,8,894830
2025-05-25,반바지,6,6,6,7,287610
2025-05-25,스니커즈,4,4,2,4,186510
2025-05-25,UNKNOWN,1,1,1,1,95670
2025-05-25,긴바지,2,2,1,2,94000
2025-05-25,등산화,1,1,1,1,83070
2025-05-25,라운드티,2,2,2,3,75960
2025-05-25,상의,1,1,1,1,59000
2025-05-26,남성,57,57,70,98,7029220
2025-05-26,긴바지,6,6,4,7,443100
2025-05-26,스니커즈,8,7,2,9,421800
2025-05-26,여성,5,5,5,5,210330
2025-05-26,UNKNOWN,2,2,2,2,201940
2025-05-26,등산화,1,1,2,2,158040
2025-05-26,트레일러닝,1,1,1,1,107000
2025-05-26,셋업,1,1,1,1,89000
2025-05-26,라운드티,2,2,2,2,65900
2025-05-26,반바지,2,2,2,2,58000
2025-05-27,남성,35,34,41,48,2961690
2025-05-27,등산화,5,5,5,5,645000
2025-05-27,여성,7,7,7,8,546710
2025-05-27,UNKNOWN,3,3,2,3,318220
2025-05-27,스니커즈,5,5,3,5,232020
2025-05-27,긴바지,4,4,3,4,213020
2025-05-27,반바지,5,5,3,5,178550
2025-05-27,라운드티,3,3,2,3,83990
2025-05-27,셋업,1,1,2,2,69000
2025-05-27,폴로티/집업,1,1,1,1,60170
2025-05-27,카고/조거,1,1,1,1,46560
2025-05-28,남성,40,39,41,53,3026630
2025-05-28,스니커즈,10,10,2,10,463190
2025-05-28,여성,5,5,6,6,365940
2025-05-28,UNKNOWN,2,2,2,2,193840
2025-05-28,등산화,2,2,2,2,153540
2025-05-28,라운드티,4,4,3,5,132610
2025-05-28,반바지,3,3,3,3,109390
2025-05-28,바람막이,1,1,1,1,99940
2025-05-28,긴바지,1,1,1,1,41000
2025-05-29,남성,75,74,63,94,6219600
2025-05-29,여성,11,11,12,12,862480
2025-05-29,스니커즈,7,7,2,8,374610
2025-05-29,긴바지,5,5,2,5,297010
2025-05-29,라운드티,6,6,4,9,252810
2025-05-29,UNKNOWN,2,2,2,2,189840
2025-05-29,상의,3,3,2,3,167100
2025-05-29,셋업,2,2,2,2,137000
2025-05-29,바람막이,1,1,1,1,84880
2025-05-29,등산화,1,1,1,1,83070
2025-05-29,반바지,2,2,2,2,79960
2025-05-30,남성,35,34,32,40,2134540
2025-05-30,여성,8,8,9,9,1042950
2025-05-30,긴바지,4,4,3,4,297700
2025-05-30,스니커즈,4,4,2,5,236300
2025-05-30,하이킹,1,1,1,1,125000
2025-05-30,셋업,2,2,2,2,109770
2025-05-30,등산화,1,1,1,1,76770
2025-05-30,라운드티,1,1,1,1,54860
2025-05-31,남성,40,40,43,45,2888950
2025-05-31,여성,6,6,7,7,697230
2025-05-31,스니커즈,12,12,3,13,599530
2025-05-31,등산화,1,1,1,1,162610
2025-05-31,셋업,2,2,2,2,127600
2025-05-31,긴바지,1,1,1,1,65000
2025-05-31,상의,1,1,1,1,59000
2025-06-01,남성,54,54,59,71,3761330
2025-06-01,여성,8,8,8,10,562070
2025-06-01,하이킹,2,2,2,2,274000
2025-06-01,긴바지,2,2,3,4,240640
2025-06-01,스니커즈,5,5,1,5,228510
2025-06-01,셋업,2,2,2,2,113000
2025-06-01,바람막이,1,1,1,1,101700
2025-06-01,라운드티,2,2,1,2,57230
2025-06-01,상의,1,1,1,1,29500
2025-06-02,남성,41,40,45,50,3329450
2025-06-02,여성,10,10,10,13,1022430
2025-06-02,등산화,4,4,3,5,426940
2025-06-02,스니커즈,8,8,2,9,396040
2025-06-02,긴바지,5,5,4,6,325220
2025-06-02,UNKNOWN,2,2,2,2,212710
2025-06-02,바람막이,2,2,2,2,185300
2025-06-02,자켓/ 베스트,1,1,1,1,129000
2025-06-02,라운드티,2,2,2,2,63070
2025-06-02,셋업,1,1,1,1,53000
2025-06-03,남성,38,38,40,48,3206500
2025-06-03,여성,6,6,5,6,360880
2025-06-03,스니커즈,4,4,2,4,190480
2025-06-03,등산화,2,2,2,2,150440
2025-06-03,하이킹,1,1,1,1,90340
2025-06-03,라운드티,2,2,2,2,67300
2025-06-03,반바지,1,1,1,1,65700
2025-06-04,남성,35,35,33,41,2805010
2025-06-04,여성,4,4,5,5,303740
2025-06-04,스니커즈,6,6,1,6,280980
2025-06-04,등산화,2,2,2,2,219820
2025-06-04,셋업,2,2,2,2,139710
2025-06-04,UNKNOWN,1,1,1,1,94770
2025-06-04,상의,1,1,1,1,55900
2025-06-04,긴바지,1,1,1,1,45000
2025-06-04,라운드티,1,1,1,1,41000
2025-06-05,남성,20,20,26,31,1474700
2025-06-05,여성,5,5,6,6,551770
2025-06-05,긴바지,3,3,3,5,343890
2025-06-05,스니커즈,6,6,3,7,334530
2025-06-05,등산화,2,2,2,2,214920
2025-06-05,하이킹,1,1,1,1,94000
2025-06-05,UNKNOWN,1,1,1,1,92770
2025-06-05,라운드티,2,2,2,3,87000
2025-06-05,상의,1,1,1,1,54340
2025-06-06,남성,34,34,37,43,2124740
2025-06-06,UNKNOWN,2,2,2,2,177270
2025-06-06,여성,2,2,2,2,168560
2025-06-06,스니커즈,3,3,1,3,138000
2025-06-06,바람막이,1,1,1,1,135700
2025-06-06,셋업,2,2,2,2,124300
2025-06-06,등산화,1,1,1,1,80170
2025-06-06,폴로티/집업,1,1,1,1,59250
2025-06-06,상의,1,1,1,1,59000
2025-06-06,긴바지,1,1,1,1,43000
2025-06-06,액세서리,1,1,1,1,8400
2025-06-07,남성,42,42,44,52,2678180
2025-06-07,여성,13,13,14,15,1196650
2025-06-07,UNKNOWN,2,2,2,2,187540
2025-06-07,등산화,2,2,2,2,175770
2025-06-07,바람막이,1,1,1,1,92950
2025-06-07,라운드티,2,2,2,2,59750
2025-06-07,셋업,1,1,1,1,53000
2025-06-07,스니커즈,1,1,1,1,49000
2025-06-07,반바지,1,1,1,1,44500
2025-06-08,남성,99,98,91,127,7379660
2025-06-08,여성,18,16,15,20,1400330
2025-06-08,긴바지,6,6,5,6,371560
2025-06-08,UNKNOWN,4,4,3,4,233460
2025-06-08,셋업,3,3,3,3,186900
2025-06-08,바람막이,1,1,1,1,127200
2025-06-08,라운드티,3,3,3,4,126600
2025-06-08,스니커즈,2,2,1,2,87100
2025-06-08,반바지,1,1,1,1,39500
2025-06-09,남성,62,61,68,85,5141030
2025-06-09,여성,14,14,9,25,2723920
2025-06-09,긴바지,2,2,2,3,167710
2025-06-09,UNKNOWN,2,2,2,2,121640
2025-06-09,하이킹,1,1,1,1,86000
2025-06-09,폴로티/집업,1,1,1,1,56270
2025-06-10,남성,60,60,61,77,4671260
2025-06-10,여성,12,12,13,14,1000890
2025-06-10,바람막이,2,2,2,3,263650
2025-06-10,UNKNOWN,3,3,2,3,229820
2025-06-10,등산화,1,1,1,1,88300
2025-06-10,셋업,1,1,1,1,86530
2025-06-10,라운드티,1,1,1,1,45700
2025-06-11,남성,61,61,64,88,5838610
2025-06-11,여성,7,7,7,9,632170
2025-06-11,UNKNOWN,2,2,2,2,151970
2025-06-11,트레일러닝,1,1,1,1,101000
2025-06-11,반바지,1,1,1,1,58680
2025-06-11,셋업,1,1,1,1,56700
2025-06-11,스니커즈,1,1,1,1,47000
2025-06-11,자켓/ 베스트,1,1,1,1,46010
2025-06-12,남성,76,76,73,123,7016040
2025-06-12,여성,4,4,5,5,440200
2025-06-12,등산화,2,2,2,2,211840
2025-06-12,스니커즈,3,3,3,3,133650
2025-06-12,UNKNOWN,2,2,2,2,110880
2025-06-12,바람막이,1,1,1,1,75870
2025-06-12,셋업,1,1,1,1,74910
2025-06-12,반바지,1,1,1,1,61700
2025-06-13,남성,42,42,53,57,3409510
2025-06-13,여성,11,11,11,12,909340
2025-06-13,반바지,3,3,3,3,113000
2025-06-13,스니커즈,2,2,2,2,96000
2025-06-13,등산화,1,1,1,1,75870
2025-06-13,폴로티/집업,1,1,1,1,41900
2025-06-13,상의,1,1,1,1,33120
2025-06-13,라운드티,1,1,1,1,23000
2025-06-14,남성,68,66,62,85,5712880
2025-06-14,여성,10,10,7,11,1016010
2025-06-14,라운드티,8,8,8,8,275250
2025-06-14,바람막이,1,1,1,1,128700
2025-06-14,등산화,1,1,1,1,115390
2025-06-14,맨투맨/후드티,1,1,1,1,50990
2025-06-14,반바지,1,1,1,1,44370
2025-06-14,UNKNOWN,1,1,1,1,43470
2025-06-14,셋업,1,1,1,1,43470
2025-06-15,남성,65,65,70,92,5363650
2025-06-15,여성,13,13,13,16,1224800
2025-06-15,셋업,3,3,4,4,190940
2025-06-15,등산화,1,1,1,1,130570
2025-06-15,긴바지,2,2,2,2,118590
2025-06-15,라운드티,2,2,2,2,90000
2025-06-15,하이킹,1,1,1,1,81000
2025-06-15,스니커즈,1,1,1,1,47700
2025-06-15,반바지,1,1,1,1,36700
2025-06-16,남성,60,58,61,73,4416630
2025-06-16,여성,9,9,8,9,703880
2025-06-16,긴바지,2,2,2,2,152360
2025-06-16,등산화,1,1,1,1,111670
2025-06-16,반바지,2,2,2,2,74000
2025-06-16,폴로티/집업,1,1,1,1,67670
2025-06-16,UNKNOWN,1,1,1,1,54900
2025-06-16,스니커즈,1,1,1,1,41750
2025-06-16,라운드티,1,1,1,1,30970
2025-06-17,남성,57,57,60,188,8135280
2025-06-17,여성,15,15,18,18,1032570
2025-06-17,하이킹,2,2,2,2,218000
2025-06-17,셋업,2,2,2,2,138700
2025-06-17,UNKNOWN,2,2,2,2,126170
2025-06-17,스니커즈,2,2,2,2,92900
2025-06-17,라운드티,3,3,3,3,91790
2025-06-17,반바지,1,1,1,1,69990
2025-06-17,긴바지,1,1,1,1,65000
2025-06-17,상의,1,1,1,1,58180
2025-06-17,액세서리,1,1,1,1,8680
2025-06-18,남성,50,50,58,104,5333980
2025-06-18,여성,11,11,10,12,862580
2025-06-18,스니커즈,5,5,3,6,285500
2025-06-18,등산화,1,1,1,1,130570
2025-06-18,라운드티,2,2,1,2,57040
2025-06-18,셋업,1,1,1,1,53000
2025-06-18,반바지,1,1,1,1,47000
2025-06-18,폴로티/집업,1,1,1,1,47000
2025-06-18,긴바지,1,1,1,1,27100
2025-06-19,남성,65,64,74,90,6001470
2025-06-19,여성,7,7,6,8,704080
2025-06-19,등산화,4,4,4,4,420900
2025-06-19,셋업,1,1,2,2,208050
2025-06-19,셔츠,2,2,1,2,104940
2025-06-19,스니커즈,2,2,1,2,95150
2025-06-19,반바지,2,2,2,2,89690
2025-06-19,긴바지,2,2,2,2,83080
2025-06-19,방수자켓,1,1,1,1,71000
2025-06-19,라운드티,2,2,2,2,50780
2025-06-20,남성,111,106,79,129,9747750
2025-06-20,여성,13,13,8,13,967930
2025-06-20,긴바지,3,3,3,4,216170
2025-06-20,등산화,2,2,2,2,166170
2025-06-20,UNKNOWN,1,1,1,1,71200
2025-06-20,방수자켓,1,1,1,1,71000
2025-06-20,폴로티/집업,1,1,1,1,49500
2025-06-20,스니커즈,1,1,1,1,49000
2025-06-20,셔츠,1,1,1,1,41240
2025-06-21,남성,50,49,51,66,4152520
2025-06-21,여성,7,7,6,7,502840
2025-06-21,등산화,2,2,2,2,174520
2025-06-21,스니커즈,3,3,2,3,141570
2025-06-21,반바지,3,3,2,3,100210
2025-06-21,바람막이,1,1,1,1,89270
2025-06-21,라운드티,2,2,2,2,65090
2025-06-22,남성,58,58,56,69,4953840
2025-06-22,여성,7,7,8,8,678390
2025-06-22,셋업,2,2,2,2,175600
2025-06-22,등산화,2,2,2,2,146740
2025-06-22,UNKNOWN,1,1,1,1,90770
2025-06-22,방수자켓,1,1,1,1,77000
2025-06-22,라운드티,1,1,1,1,31180
2025-06-23,남성,57,57,59,76,4922520
2025-06-23,여성,7,7,6,7,384710
2025-06-23,셔츠,2,2,1,2,105210
2025-06-23,라운드티,3,3,3,3,104000
2025-06-23,UNKNOWN,1,1,1,1,94770
2025-06-23,등산화,1,1,1,1,91000
2025-06-23,반바지,2,2,2,2,84000
2025-06-23,긴바지,1,1,1,1,52210
2025-06-23,스니커즈,1,1,1,1,49000
2025-06-24,남성,50,50,48,62,3822730
2025-06-24,여성,11,11,10,11,1039500
2025-06-24,등산화,2,2,2,2,223490
2025-06-24,UNKNOWN,2,2,1,2,187940
2025-06-24,긴바지,2,2,2,2,113000
2025-06-24,라운드티,2,2,2,2,78600
2025-06-24,스니커즈,1,1,1,1,49000
2025-06-24,반바지,1,1,1,1,29000
2025-06-25,남성,59,59,55,72,4995970
2025-06-25,여성,6,6,6,7,604020
2025-06-25,스니커즈,4,4,2,5,223000
2025-06-25,바람막이,1,1,1,1,104310
2025-06-25,상의,2,2,1,2,92400
2025-06-25,등산화,1,1,1,1,82350
2025-06-25,라운드티,2,2,2,2,67500
2025-06-26,남성,45,43,47,53,3799840
2025-06-26,여성,9,9,8,9,678430
2025-06-26,등산화,4,4,4,4,435300
2025-06-26,UNKNOWN,2,2,2,2,223470
2025-06-26,셋업,2,2,2,2,119730
2025-06-26,라운드티,1,1,2,3,91000
2025-06-26,반바지,2,2,2,2,76000
2025-06-26,셔츠,1,1,1,1,53000
2025-06-26,폴로티/집업,1,1,1,1,47000
2025-06-27,남성,159,148,47,190,10814600
2025-06-27,여성,31,29,14,32,1699800
2025-06-27,스니커즈,4,4,3,4,180570
2025-06-27,자켓/ 베스트,2,2,2,2,163000
2025-06-27,등산화,1,1,1,1,101000
2025-06-27,반바지,2,2,2,2,86500
2025-06-27,긴바지,1,1,1,1,55000
2025-06-28,남성,67,64,60,87,4887680
2025-06-28,여성,14,14,8,14,864950
2025-06-28,반바지,1,1,1,1,30270
2025-06-29,남성,65,63,53,71,3898530
2025-06-29,여성,7,7,9,11,724460
2025-06-29,등산화,2,2,2,2,214470
2025-06-29,UNKNOWN,2,2,2,2,187540
2025-06-29,하이킹,2,2,1,2,174000
2025-06-29,긴바지,2,2,2,2,125240
2025-06-29,셋업,1,1,1,1,61640
2025-06-29,라운드티,1,1,1,1,23750
2025-06-30,남성,79,78,93,149,8198570
2025-06-30,여성,8,8,9,22,1194460
2025-06-30,셋업,1,1,2,13,838500
2025-06-30,셔츠,2,2,2,3,158090
2025-06-30,UNKNOWN,1,1,1,1,92770
2025-06-30,스니커즈,1,1,1,1,49000
2025-06-30,반바지,1,1,1,1,47000
2025-07-01,남성,53,52,65,79,4553300
2025-07-01,여성,9,9,11,12,797720
2025-07-01,UNKNOWN,4,4,4,4,303240
2025-07-01,반바지,3,3,3,4,225390
2025-07-01,등산화,1,1,2,2,169000
2025-07-01,라운드티,1,1,2,2,54860
2025-07-02,남성,65,63,54,86,4496710
2025-07-02,여성,10,10,12,12,990580
2025-07-02,셋업,2,2,2,2,226540
2025-07-02,UNKNOWN,1,1,1,1,111300
2025-07-02,등산화,1,1,1,1,85000
2025-07-02,라운드티,1,1,2,2,82000
2025-07-02,긴바지,1,1,1,1,52670
2025-07-02,상의,1,1,1,1,42000
2025-07-03,남성,60,58,56,76,4128590
2025-07-03,여성,9,9,11,12,954960
2025-07-03,반바지,2,2,2,2,99390
2025-07-03,셋업,2,2,2,2,92750
2025-07-03,셔츠,1,1,1,1,53000
2025-07-03,상의,1,1,1,1,49000
2025-07-03,UNKNOWN,1,1,1,1,40920
2025-07-03,라운드티,1,1,1,1,40000
2025-07-04,남성,85,83,86,123,6546680
2025-07-04,여성,17,17,15,23,1263590
2025-07-04,하이킹,1,1,1,1,126410
2025-07-04,긴바지,2,2,2,2,121640
2025-07-04,셋업,2,2,2,2,84180
2025-07-04,UNKNOWN,1,1,1,1,30460
2025-07-04,액세서리,1,1,1,1,8770
2025-07-05,남성,54,53,60,84,4941320
2025-07-05,여성,20,20,19,23,1580650
2025-07-05,등산화,1,1,1,1,109500
2025-07-05,폴로티/집업,1,1,1,1,69750
2025-07-05,셋업,1,1,1,1,45730
2025-07-05,UNKNOWN,1,1,1,1,44100
2025-07-05,액세서리,1,1,1,1,6960
2025-07-06,남성,75,75,73,100,5417070
2025-07-06,여성,15,15,15,16,1038030
2025-07-06,등산화,2,2,2,2,236630
2025-07-06,UNKNOWN,2,2,2,2,204970
2025-07-06,긴바지,2,2,2,2,133290
2025-07-06,바람막이,1,1,1,1,123450
2025-07-06,라운드티,3,3,3,3,116200
2025-07-06,상의,1,1,2,2,116000
2025-07-06,반바지,2,2,1,2,98000
2025-07-06,셋업,1,1,1,1,48300
2025-07-07,남성,95,94,97,132,7040780
2025-07-07,여성,13,13,12,15,916920
2025-07-07,미드/롱다운,1,1,1,1,265525
2025-07-07,등산화,2,2,1,2,158000
2025-07-07,긴바지,2,2,2,2,119230
2025-07-07,셋업,1,1,1,1,50350
2025-07-08,남성,93,93,90,131,7294695
2025-07-08,여성,13,13,13,14,1061360
2025-07-08,등산화,3,3,2,3,286470
2025-07-08,미드/롱다운,1,1,1,1,265525
2025-07-08,반바지,2,2,2,2,83900
2025-07-08,바람막이,1,1,1,1,74800
2025-07-08,폴로티/집업,1,1,1,1,70230
2025-07-08,카고/조거,1,1,1,1,55000
2025-07-08,상의,1,1,1,1,49000
2025-07-08,긴바지,1,1,1,1,43440
2025-07-08,라운드티,1,1,1,1,38950
2025-07-08,셋업,1,1,1,1,35270
2025-07-09,남성,94,90,105,165,9878725
2025-07-09,미드/롱다운,13,12,5,13,3390210
2025-07-09,여성,14,14,14,15,1011180
2025-07-09,UNKNOWN,6,6,3,6,502270
2025-07-09,등산화,2,2,2,4,314200
2025-07-09,바람막이,2,2,2,2,207475
2025-07-09,라운드티,5,5,5,5,174440
2025-07-09,셋업,3,3,3,3,152960
2025-07-09,상의,3,3,2,3,150550
2025-07-09,부츠,2,2,1,2,123760
2025-07-09,긴바지,2,2,2,2,100190
2025-07-09,방수자켓,1,1,1,1,72060
2025-07-09,반바지,2,2,2,2,61650
2025-07-10,남성,68,68,76,98,6222015
2025-07-10,여성,13,13,15,17,1180660
2025-07-10,미드/롱다운,2,2,2,2,545025
2025-07-10,UNKNOWN,4,4,4,4,303670
2025-07-10,긴바지,3,3,3,3,209530
2025-07-10,셋업,1,1,2,2,161300
2025-07-10,스니커즈,2,2,1,2,98000
2025-07-10,등산화,1,1,1,1,81930
2025-07-10,반바지,2,2,2,2,78030
2025-07-10,폴로티/집업,1,1,1,1,46720
2025-07-10,라운드티,1,1,1,1,24700
2025-07-11,남성,61,61,63,87,4629700
2025-07-11,미드/롱다운,4,4,3,4,1053100
2025-07-11,여성,11,11,13,14,887100
2025-07-11,셋업,2,2,3,3,216480
2025-07-11,UNKNOWN,2,2,2,2,130970
2025-07-11,부츠,2,2,2,2,129165
2025-07-11,라운드티,4,4,3,4,129060
2025-07-11,바람막이,1,1,1,1,79030
2025-07-11,등산화,1,1,1,1,78695
2025-07-11,긴바지,1,1,1,1,46000
2025-07-11,반바지,1,1,1,1,44650
2025-07-12,남성,51,48,61,73,4251850
2025-07-12,여성,9,9,9,12,944260
2025-07-12,미드/롱다운,2,2,2,2,535025
2025-07-12,셋업,5,5,5,5,365220
2025-07-12,UNKNOWN,3,3,3,3,279595
2025-07-12,등산화,2,2,2,2,174245
2025-07-12,긴바지,3,3,3,3,166720
2025-07-12,라운드티,3,3,4,4,164880
2025-07-12,반바지,3,3,3,3,147670
2025-07-12,폴로티/집업,1,1,1,1,75730
2025-07-12,부츠,1,1,1,1,69500
2025-07-12,바람막이,1,1,1,1,57950
2025-07-12,상의,1,1,1,1,57150
2025-07-12,맨투맨/후드티,1,1,1,1,49570
2025-07-12,스니커즈,1,1,1,1,49000
2025-07-13,남성,71,71,83,111,5610630
2025-07-13,여성,10,10,11,14,797810
2025-07-13,미드/롱다운,2,2,2,2,523305
2025-07-13,등산화,1,1,2,2,160550
2025-07-13,자켓/ 베스트,1,1,1,1,117130
2025-07-13,바람막이,1,1,1,1,108700
2025-07-13,긴바지,2,2,2,2,103100
2025-07-13,UNKNOWN,1,1,1,1,94525
2025-07-13,라운드티,2,2,1,2,76960
2025-07-13,반바지,2,2,2,2,67510
2025-07-13,상의,1,1,1,1,55860
2025-07-14,남성,60,54,59,83,6041030
2025-07-14,미드/롱다운,2,2,2,2,524300
2025-07-14,여성,4,4,4,4,228760
2025-07-14,자켓/ 베스트,1,1,1,1,197000
2025-07-14,셋업,2,2,2,4,148680
2025-07-14,트레일러닝,1,1,1,1,109000
2025-07-14,UNKNOWN,1,1,1,1,93670
2025-07-14,바람막이,1,1,1,1,90300
2025-07-14,라운드티,3,3,3,3,79580
2025-07-14,반바지,2,2,2,2,66950
2025-07-14,상의,1,1,1,1,56050
2025-07-14,부츠,1,1,1,1,52500
2025-07-14,스니커즈,1,1,1,1,39500
2025-07-14,긴바지,1,1,1,1,30880
2025-07-15,남성,46,42,55,65,4273895
2025-07-15,여성,10,10,10,10,754080
2025-07-15,미드/롱다운,2,2,2,2,516300
2025-07-15,UNKNOWN,5,5,4,5,500780
2025-07-15,긴바지,4,4,1,4,241160
2025-07-15,자켓/ 베스트,2,2,2,2,206650
2025-07-15,셋업,2,2,2,2,125570
2025-07-15,라운드티,3,3,2,3,87320
2025-07-15,부츠,1,1,1,1,66025
2025-07-15,스니커즈,1,1,1,1,49000
2025-07-15,반바지,1,1,1,1,29000
2025-07-16,남성,70,67,77,108,6876005
2025-07-16,미드/롱다운,5,5,3,6,1577495
2025-07-16,여성,12,12,10,12,1024550
2025-07-16,상의,2,2,2,2,109000
2025-07-16,스니커즈,2,2,2,2,93130
2025-07-16,UNKNOWN,1,1,1,1,92525
2025-07-16,부츠,1,1,1,1,63700
2025-07-16,라운드티,2,2,2,2,55130
2025-07-16,액세서리,1,1,1,1,4500
2025-07-17,남성,104,101,99,168,10132785
2025-07-17,여성,17,16,20,22,1575745
2025-07-17,미드/롱다운,5,5,3,5,1291570
2025-07-17,자켓/ 베스트,3,3,3,3,355470
2025-07-17,라운드티,6,6,7,8,311870
2025-07-17,UNKNOWN,3,3,1,3,273145
2025-07-17,바람막이,2,2,2,2,167610
2025-07-17,셋업,2,2,2,4,151800
2025-07-17,긴바지,2,2,2,2,146140
2025-07-17,상의,2,2,2,2,105500
2025-07-17,반바지,2,2,1,2,94000
2025-07-17,셔츠,2,2,1,2,87600
2025-07-17,등산화,1,1,1,1,80275
2025-07-17,부츠,1,1,1,1,62500
2025-07-18,남성,57,57,60,75,4554175
2025-07-18,미드/롱다운,4,4,4,4,984535
2025-07-18,여성,12,12,13,13,870675
2025-07-18,바람막이,2,2,2,5,370580
2025-07-18,스니커즈,5,5,4,5,238220
2025-07-18,셋업,3,3,3,3,189270
2025-07-18,UNKNOWN,2,2,1,2,183750
2025-07-18,상의,2,2,1,2,111250
2025-07-18,긴바지,2,2,2,2,101350
2025-07-18,반바지,2,2,2,2,97960
2025-07-18,라운드티,3,3,3,3,86990
2025-07-18,등산화,1,1,1,1,77500
2025-07-18,가방,1,1,1,1,76000
2025-07-18,폴로티/집업,1,1,1,1,73080
2025-07-19,남성,53,51,55,64,4148680
2025-07-19,여성,5,5,7,7,507290
2025-07-19,등산화,5,5,4,5,441860
2025-07-19,미드/롱다운,1,1,1,1,279500
2025-07-19,UNKNOWN,2,2,2,2,196895
2025-07-19,폴로티/집업,2,2,3,3,195230
2025-07-19,가방,2,2,1,2,149000
2025-07-19,바람막이,1,1,1,1,127200
2025-07-19,카고/조거,1,1,2,2,121500
2025-07-19,라운드티,2,2,3,4,116050
2025-07-19,부츠,1,1,1,1,58735
2025-07-19,긴바지,1,1,1,1,58380
2025-07-19,반바지,2,2,1,2,55290
2025-07-19,스니커즈,1,1,1,1,44100
2025-07-19,셋업,1,1,1,1,42930
2025-07-20,남성,66,66,79,97,5792265
2025-07-20,여성,10,10,11,12,815710
2025-07-20,UNKNOWN,4,4,2,4,369730
2025-07-20,미드/롱다운,1,1,1,1,265525
2025-07-20,등산화,2,2,2,2,207805
2025-07-20,스니커즈,4,4,2,4,184000
2025-07-20,라운드티,3,3,4,4,140240
2025-07-20,셋업,2,2,2,2,126480
2025-07-20,부츠,2,2,1,2,121225
2025-07-20,바람막이,1,1,1,1,105980
2025-07-20,긴바지,1,1,1,1,63920
2025-07-20,상의,1,1,1,1,50000
2025-07-20,반바지,1,1,1,1,29000
2025-07-20,액세서리,1,1,1,1,8200
2025-07-21,남성,70,68,77,93,5905840
2025-07-21,여성,12,12,11,12,819510
2025-07-21,UNKNOWN,2,2,1,2,206090
2025-07-21,스니커즈,3,3,2,3,135000
2025-07-21,라운드티,2,2,3,3,128680
2025-07-21,바람막이,1,1,1,1,122000
2025-07-21,부츠,1,1,1,1,69500
2025-07-21,긴바지,1,1,1,1,60450
2025-07-22,남성,64,64,87,99,6005145
2025-07-22,미드/롱다운,2,2,2,3,782905
2025-07-22,여성,6,6,6,6,400380
2025-07-22,UNKNOWN,3,3,3,3,202125
2025-07-22,스니커즈,2,2,1,2,89990
2025-07-22,반바지,1,1,1,1,61420
2025-07-22,라운드티,2,2,2,2,52390
2025-07-22,긴바지,1,1,1,1,45410
2025-07-22,상의,1,1,1,1,37000
2025-07-23,남성,63,63,80,152,10295330
2025-07-23,바람막이,1,1,1,4,318580
2025-07-23,여성,4,4,5,5,316730
2025-07-23,미드/롱다운,1,1,1,1,265525
2025-07-23,UNKNOWN,3,3,2,3,241290
2025-07-23,등산화,2,2,2,2,227800
2025-07-23,스니커즈,4,4,3,4,184000
2025-07-23,라운드티,1,1,1,1,29000
2025-07-24,남성,46,45,50,117,8367065
2025-07-24,여성,11,11,13,14,1117270
2025-07-24,미드/롱다운,3,3,2,3,780455
2025-07-24,스니커즈,5,5,4,5,245000
2025-07-24,등산화,2,2,3,3,244840
2025-07-24,셋업,2,2,2,2,88650
2025-07-24,UNKNOWN,1,1,1,1,55200
2025-07-24,셔츠,1,1,1,1,46000
2025-07-24,상의,1,1,1,1,45460
2025-07-24,폴로티/집업,1,1,1,1,45050
2025-07-24,반바지,1,1,1,1,28680
2025-07-24,라운드티,1,1,1,1,25020
2025-07-25,남성,42,41,53,63,3319865
2025-07-25,미드/롱다운,3,3,2,3,767550
2025-07-25,여성,6,6,6,6,305530
2025-07-25,스니커즈,6,6,4,6,290950
2025-07-25,셋업,5,5,4,5,250800
2025-07-25,상의,1,1,2,2,100550
2025-07-25,라운드티,2,2,3,3,94950
2025-07-25,UNKNOWN,1,1,1,1,93670
2025-07-25,등산화,1,1,1,1,88000
2025-07-25,액세서리,1,1,1,1,8690
2025-07-26,남성,64,62,67,85,5203290
2025-07-26,미드/롱다운,3,3,2,3,671695
2025-07-26,여성,8,8,8,8,429910
2025-07-26,부츠,2,2,2,2,119080
2025-07-26,상의,2,2,2,2,96100
2025-07-26,바람막이,1,1,1,1,74770
2025-07-26,UNKNOWN,1,1,1,1,45380
2025-07-26,라운드티,1,1,1,1,25550
2025-07-26,반바지,1,1,1,1,24550
2025-07-27,남성,59,59,65,73,3769500
2025-07-27,여성,7,7,7,7,433120
2025-07-27,미드/롱다운,1,1,1,1,267500
2025-07-27,상의,3,3,1,3,162240
2025-07-27,등산화,2,2,1,2,156550
2025-07-27,UNKNOWN,1,1,1,1,128030
2025-07-27,패딩/슬림다운,1,1,1,1,109560
2025-07-27,라운드티,2,2,2,2,90750
2025-07-27,긴바지,1,1,1,1,50350
2025-07-27,반바지,1,1,1,1,29000
2025-07-28,남성,76,75,83,113,5626895
2025-07-28,등산화,3,2,3,3,306270
2025-07-28,여성,4,4,4,4,159210
2025-07-28,UNKNOWN,1,1,1,1,95670
2025-07-28,셋업,2,2,2,2,87500
2025-07-28,반바지,2,2,2,2,75700
2025-07-28,카고/조거,1,1,1,1,68140
2025-07-28,스니커즈,1,1,1,1,46470
2025-07-28,긴바지,1,1,1,1,43000
2025-07-29,남성,72,72,84,101,5330860
2025-07-29,미드/롱다운,2,2,2,2,519025
2025-07-29,여성,7,7,7,8,401090
2025-07-29,셋업,2,2,2,2,116500
2025-07-29,UNKNOWN,1,1,1,1,100380
2025-07-29,반바지,2,2,1,2,89650
2025-07-29,폴로티/집업,1,1,1,1,79200
2025-07-29,등산화,1,1,1,1,64500
2025-07-29,긴바지,1,1,1,1,58430
2025-07-29,라운드티,1,1,1,1,33250
2025-07-30,남성,68,67,78,92,5258150
2025-07-30,여성,13,13,16,20,1119690
2025-07-30,미드/롱다운,3,3,3,3,772670
2025-07-30,바람막이,1,1,1,9,731430
2025-07-30,셋업,4,4,4,4,243120
2025-07-30,등산화,2,2,2,2,167570
2025-07-30,라운드티,3,2,3,3,131840
2025-07-30,부츠,1,1,1,1,64500
2025-07-31,남성,63,63,70,83,4703390
2025-07-31,여성,19,19,17,23,1585100
2025-07-31,미드/롱다운,2,2,2,2,366615
2025-07-31,긴바지,2,2,3,3,201210
2025-07-31,등산화,2,2,1,2,154775
2025-07-31,카고/조거,2,2,2,2,143100
2025-07-31,바람막이,1,1,1,1,77500
2025-07-31,반바지,1,1,1,1,55170
2025-07-31,셋업,1,1,1,1,51930
2025-08-01,남성,67,67,78,93,4887650
2025-08-01,바람막이,2,2,2,30,2427460
2025-08-01,여성,8,8,9,9,509340
2025-08-01,셋업,5,5,5,9,494310
2025-08-01,긴바지,5,5,3,6,291760
2025-08-01,라운드티,5,5,5,8,239920
2025-08-01,등산화,2,2,2,2,155770
2025-08-01,상의,2,2,2,2,108520
2025-08-01,반바지,1,1,1,1,46410
2025-08-01,자켓/ 베스트,1,1,1,1,33000
2025-08-02,남성,47,47,55,68,3794130
2025-08-02,여성,8,8,7,10,726930
2025-08-02,미드/롱다운,1,1,1,1,330000
2025-08-02,라운드티,3,3,3,10,278870
2025-08-02,반바지,2,2,1,2,93080
2025-08-02,등산화,1,1,1,1,78570
2025-08-02,긴바지,1,1,1,1,69980
2025-08-02,상의,1,1,1,1,56190
2025-08-02,바람막이,1,1,1,1,42940
2025-08-03,남성,65,61,63,78,4941610
2025-08-03,여성,15,15,11,19,1411670
2025-08-03,미드/롱다운,2,2,1,2,613100
2025-08-03,셋업,2,2,2,2,101840
2025-08-03,라운드티,2,2,2,2,80220
2025-08-03,긴바지,1,1,1,1,48000
2025-08-03,상의,1,1,1,1,44000
2025-08-03,자켓/ 베스트,1,1,1,1,23500
2025-08-04,남성,45,45,58,66,3821230
2025-08-04,여성,5,5,5,5,343320
2025-08-04,UNKNOWN,3,3,2,3,290610
2025-08-04,바람막이,1,1,1,1,109980
2025-08-04,긴바지,2,2,2,2,97000
2025-08-04,셋업,1,1,1,1,74500
2025-08-04,상의,1,1,1,1,55780
2025-08-04,맨투맨/후드티,1,1,1,1,49770
2025-08-04,라운드티,1,1,1,1,34250
2025-08-05,남성,50,50,60,74,3795570
2025-08-05,여성,4,4,4,4,178770
2025-08-05,라운드티,3,3,5,5,144900
2025-08-05,셋업,1,1,1,1,109750
2025-08-05,등산화,1,1,1,1,98900
2025-08-05,카고/조거,1,1,1,1,63000
2025-08-05,바람막이,1,1,1,1,54330
2025-08-05,UNKNOWN,1,1,1,1,43200
2025-08-05,폴로티/집업,1,1,1,1,38530
2025-08-06,남성,61,59,64,77,4334750
2025-08-06,여성,11,10,9,11,727750
2025-08-06,셋업,3,2,3,4,148550
2025-08-06,라운드티,4,4,4,4,121110
2025-08-06,등산화,1,1,1,1,86000
2025-08-06,상의,1,1,1,1,57000
2025-08-06,긴바지,1,1,1,1,43000
2025-08-06,폴로티/집업,1,1,1,1,39950
2025-08-07,남성,51,51,58,69,3849390
2025-08-07,여성,13,13,12,16,782590
2025-08-07,바람막이,1,1,2,3,238500
2025-08-07,셋업,4,4,2,4,237620
2025-08-07,자켓/ 베스트,1,1,2,2,200600
2025-08-07,등산화,2,2,2,2,162620
2025-08-07,라운드티,4,4,4,4,102520
2025-08-07,반바지,1,1,1,1,63200
2025-08-07,긴바지,1,1,1,1,50720
2025-08-07,하이킹,1,1,1,1,50000
2025-08-08,남성,38,37,42,210,8740360
2025-08-08,여성,3,3,3,3,294150
2025-08-08,라운드티,3,3,3,3,91640
2025-08-08,부츠,1,1,1,1,76000
2025-08-08,바람막이,1,1,1,1,53100
2025-08-08,셋업,1,1,1,1,51050
2025-08-08,긴바지,1,1,1,1,47700
2025-08-09,남성,43,39,56,67,3954520
2025-08-09,여성,3,2,7,7,473830
2025-08-09,UNKNOWN,3,3,2,3,294140
2025-08-09,등산화,2,2,2,2,219470
2025-08-09,자켓/ 베스트,2,2,2,2,216300
2025-08-09,라운드티,2,2,2,2,88660
2025-08-09,셋업,1,1,1,1,74500
2025-08-09,폴로티/집업,1,1,1,1,54500
2025-08-10,남성,47,45,51,70,3544920
2025-08-10,폴로티/집업,4,4,2,4,289750
2025-08-10,여성,5,5,5,5,244730
2025-08-10,바람막이,1,1,1,1,90300
2025-08-10,라운드티,1,1,1,1,44840
2025-08-10,자켓/ 베스트,1,1,1,1,35000
2025-08-11,남성,37,37,44,52,2347610
2025-08-11,등산화,2,2,2,2,256490
2025-08-11,미드/롱다운,1,1,1,1,190000
2025-08-11,여성,3,3,3,3,185410
2025-08-11,UNKNOWN,1,1,1,1,111300
2025-08-11,라운드티,2,2,2,2,74370
2025-08-11,셋업,1,1,1,1,53050
2025-08-12,남성,37,37,41,47,2597510
2025-08-12,여성,4,4,5,5,278790
2025-08-12,셋업,2,2,3,3,138500
2025-08-12,등산화,1,1,1,1,106470
2025-08-12,UNKNOWN,1,1,1,1,95670
2025-08-12,라운드티,2,2,2,2,61100
2025-08-12,하이킹,1,1,1,1,55000
2025-08-12,반바지,1,1,1,1,40000
2025-08-13,남성,46,45,58,63,3084140
2025-08-13,여성,6,6,6,6,540840
2025-08-13,미드/롱다운,1,1,1,1,192000
2025-08-13,반바지,2,2,2,2,124370
2025-08-13,등산화,1,1,1,1,101000
2025-08-13,UNKNOWN,1,1,1,1,100170
2025-08-13,셋업,2,2,2,2,93310
2025-08-13,자켓/ 베스트,1,1,2,2,66300
2025-08-13,상의,1,1,1,1,48650
2025-08-13,라운드티,2,2,2,2,46650
2025-08-13,긴바지,1,1,1,1,45050
2025-08-13,액세서리,1,1,1,3,23960
2025-08-14,남성,28,28,28,36,1941260
2025-08-14,여성,4,4,4,4,314150
2025-08-14,셋업,1,1,1,1,55200
2025-08-15,남성,37,36,38,48,2502920
2025-08-15,여성,6,6,5,7,390850
2025-08-15,자켓/ 베스트,1,1,1,1,132000
2025-08-15,긴바지,1,1,1,1,49080
2025-08-15,셋업,1,1,1,1,48000
2025-08-15,맨투맨/후드티,1,1,1,1,47700
2025-08-16,남성,41,40,45,54,2884740
2025-08-16,여성,3,3,3,3,268520
2025-08-16,등산화,2,2,2,2,260400
2025-08-16,미드/롱다운,1,1,1,1,190000
2025-08-16,하이킹,3,3,1,3,158000
2025-08-16,폴로티/집업,1,1,1,1,59780
2025-08-16,반바지,1,1,1,1,44160
2025-08-16,자켓/ 베스트,1,1,1,1,37000
2025-08-16,라운드티,1,1,1,1,35200
2025-08-17,남성,48,48,50,64,4112550
2025-08-17,여성,4,4,4,5,309230
2025-08-17,등산화,1,1,1,1,81070
2025-08-17,라운드티,2,2,2,2,56750
2025-08-17,하이킹,1,1,1,1,55000
2025-08-17,상의,1,1,1,1,53100
2025-08-17,액세서리,1,1,1,1,9000
2025-08-18,남성,39,38,43,52,2675160
2025-08-18,여성,2,2,2,2,205200
2025-08-18,패딩/슬림다운,1,1,1,1,114580
2025-08-18,UNKNOWN,1,1,1,1,95670
2025-08-18,긴바지,1,1,1,1,65000
2025-08-18,라운드티,1,1,1,1,49680
2025-08-19,남성,36,36,37,190,10793100
2025-08-19,여성,5,5,5,6,386660
2025-08-19,바람막이,2,2,2,2,159980
2025-08-19,하이킹,2,2,1,2,110000
2025-08-19,UNKNOWN,1,1,1,1,95670
2025-08-19,자켓/ 베스트,2,2,2,2,85790
2025-08-19,상의,1,1,1,1,49670
2025-08-19,셋업,1,1,1,1,48880
2025-08-19,반바지,1,1,1,1,44570
2025-08-20,남성,42,40,47,58,3808010
2025-08-20,바람막이,2,2,3,10,1101090
2025-08-20,여성,7,6,7,8,495050
2025-08-20,미드/롱다운,1,1,1,1,330400
2025-08-20,긴바지,3,3,3,3,196670
2025-08-20,UNKNOWN,2,2,1,2,189340
2025-08-20,부츠,1,1,1,1,73400
2025-08-20,라운드티,2,2,2,2,70050
2025-08-20,하이킹,1,1,1,1,55000
2025-08-20,반바지,1,1,1,1,39350
2025-08-21,남성,51,51,50,60,3693450
2025-08-21,미드/롱다운,1,1,1,1,328000
2025-08-21,하이킹,2,2,1,4,220000
2025-08-21,여성,3,3,3,3,184070
2025-08-21,반바지,2,2,2,2,106610
2025-08-21,등산화,1,1,1,1,84500
2025-08-21,부츠,1,1,1,1,79500
2025-08-21,상의,1,1,1,1,62210
2025-08-21,셋업,1,1,1,1,53000
2025-08-21,라운드티,1,1,1,1,37200
2025-08-22,남성,34,33,40,46,2127620
2025-08-22,미드/롱다운,2,2,2,2,661100
2025-08-22,등산화,2,2,2,2,206670
2025-08-22,UNKNOWN,2,2,1,2,188660
2025-08-22,여성,2,2,2,2,174000
2025-08-22,자켓/ 베스트,1,1,1,2,70000
2025-08-22,셋업,1,1,1,1,53000
2025-08-22,하이킹,1,1,1,1,48000
2025-08-22,라운드티,1,1,1,1,26100
2025-08-23,남성,44,44,47,56,3121940
2025-08-23,여성,5,5,8,8,593550
2025-08-23,미드/롱다운,1,1,1,1,322310
2025-08-23,셋업,2,2,4,4,247480
2025-08-23,UNKNOWN,2,2,2,2,187340
2025-08-23,바람막이,1,1,1,1,88300
2025-08-23,등산화,1,1,1,1,81070
2025-08-23,자켓/ 베스트,2,2,2,2,58000
2025-08-23,상의,1,1,1,1,52000
2025-08-24,남성,44,44,52,58,3618910
2025-08-24,여성,4,4,4,4,351910
2025-08-24,긴바지,3,3,3,3,157720
2025-08-24,자켓/ 베스트,4,4,2,4,140000
2025-08-24,바람막이,1,1,1,1,114480
2025-08-24,패딩/슬림다운,1,1,1,1,109000
2025-08-24,라운드티,2,2,3,3,102000
2025-08-24,UNKNOWN,1,1,1,1,93670
2025-08-24,폴로티/집업,1,1,1,1,43850
2025-08-24,셋업,1,1,1,1,38680
2025-08-25,남성,46,45,55,62,3683500
2025-08-25,자켓/ 베스트,3,3,2,3,241450
2025-08-25,여성,2,2,3,3,232880
2025-08-25,셋업,2,2,1,2,103860
2025-08-25,하이킹,2,2,1,2,96000
2025-08-25,라운드티,2,2,2,2,62350
2025-08-25,긴바지,1,1,1,1,51950
2025-08-26,남성,43,43,51,58,3011080
2025-08-26,자켓/ 베스트,2,2,2,7,240870
2025-08-26,셋업,3,3,3,4,192760
2025-08-26,여성,2,2,2,2,140270
2025-08-26,긴바지,1,1,1,1,65000
2025-08-26,상의,1,1,1,1,59000
2025-08-26,라운드티,1,1,1,1,54270
2025-08-26,반바지,1,1,1,1,54200
2025-08-27,남성,36,36,41,47,2843540
2025-08-27,여성,5,5,5,5,372460
2025-08-27,등산화,2,2,2,2,225600
2025-08-27,반바지,2,2,2,3,127600
2025-08-27,UNKNOWN,1,1,1,1,93670
2025-08-27,폴로티/집업,1,1,1,1,75640
2025-08-27,상의,1,1,1,1,59000
2025-08-27,라운드티,1,1,1,1,48190
2025-08-27,액세서리,1,1,1,1,8730
2025-08-28,남성,49,49,51,64,3600110
2025-08-28,미드/롱다운,2,2,2,2,520000
2025-08-28,셋업,3,3,2,3,273580
2025-08-28,여성,3,3,3,3,270490
2025-08-28,등산화,1,1,1,1,110570
2025-08-28,UNKNOWN,1,1,1,1,102510
2025-08-28,반바지,2,2,2,2,95260
2025-08-28,라운드티,1,1,2,2,85660
2025-08-28,바람막이,1,1,1,1,72640
2025-08-28,상의,1,1,1,1,51820
2025-08-28,자켓/ 베스트,1,1,1,1,35000
2025-08-29,남성,32,32,36,40,2943680
2025-08-29,여성,3,3,3,3,262550
2025-08-29,UNKNOWN,1,1,1,1,111300
2025-08-29,라운드티,2,2,2,2,62090
2025-08-29,상의,1,1,1,1,59000
2025-08-29,셋업,1,1,1,1,46000
2025-08-30,남성,40,40,39,50,3324480
2025-08-30,여성,6,6,6,6,308340
2025-08-30,하이킹,2,2,1,2,104470
2025-08-30,UNKNOWN,1,1,1,1,93670
2025-08-30,폴로티/집업,1,1,1,1,70230
2025-08-30,바람막이,1,1,1,1,52440
2025-08-30,상의,1,1,1,1,52000
2025-08-30,셋업,1,1,1,1,41000
2025-08-30,라운드티,1,1,1,1,32880
2025-08-31,남성,36,36,37,48,2911290
2025-08-31,여성,4,4,4,4,328340
2025-08-31,등산화,2,2,1,2,298240
2025-08-31,셋업,3,3,3,3,186310
2025-08-31,라운드티,3,3,3,3,111700
2025-08-31,상의,1,1,1,1,55430
2025-08-31,하이킹,1,1,1,1,49550
2025-08-31,반바지,1,1,1,1,45760
2025-08-31,자켓/ 베스트,1,1,1,1,27990
2025-09-01,남성,61,60,65,123,6161300
2025-09-01,여성,3,3,2,3,187790
2025-09-01,폴로티/집업,1,1,1,1,79200
2025-09-01,등산화,1,1,1,1,76770
2025-09-01,상의,1,1,1,1,59000
2025-09-01,셋업,1,1,1,1,53380
2025-09-01,UNKNOWN,1,1,1,1,41000
2025-09-01,긴바지,1,1,1,1,37600
2025-09-01,자켓/ 베스트,1,1,1,1,7500
2025-09-02,남성,51,51,56,66,3271550
2025-09-02,여성,4,4,5,5,541580
2025-09-02,등산화,2,2,2,2,221670
2025-09-02,셋업,2,2,3,3,143580
2025-09-02,자켓/ 베스트,1,1,1,1,32820
2025-09-02,긴바지,1,1,1,1,32500
2025-09-02,라운드티,1,1,1,1,30000
2025-09-03,남성,50,50,49,74,4124110
2025-09-03,여성,5,5,5,6,548040
2025-09-03,등산화,2,2,2,2,219760
2025-09-03,라운드티,4,4,5,5,155330
2025-09-03,하이킹,3,3,1,3,151000
2025-09-03,UNKNOWN,1,1,1,1,93670
2025-09-03,셋업,1,1,1,1,47330
2025-09-04,남성,49,49,55,79,3955520
2025-09-04,여성,6,6,6,7,633060
2025-09-04,하이킹,3,3,1,3,161820
2025-09-04,긴바지,3,2,3,3,149000
2025-09-04,등산화,1,1,1,1,114380
2025-09-04,라운드티,3,3,3,3,83500
2025-09-05,남성,46,46,52,61,4107860
2025-09-05,하이킹,3,3,1,3,146000
2025-09-05,여성,2,2,2,2,103100
2025-09-05,등산화,1,1,1,1,97300
2025-09-05,부츠,1,1,1,1,80250
2025-09-05,폴로티/집업,1,1,1,1,74780
2025-09-05,라운드티,1,1,1,1,35000
2025-09-06,남성,42,41,48,55,3268200
2025-09-06,여성,4,4,4,4,321980
2025-09-06,바람막이,1,1,1,1,107980
2025-09-06,UNKNOWN,1,1,1,1,100170
2025-09-06,셋업,1,1,1,1,82240
2025-09-06,하이킹,1,1,1,1,55000
2025-09-06,긴바지,1,1,1,1,48000
2025-09-07,남성,57,57,59,68,4296560
2025-09-07,미드/롱다운,2,2,2,2,657000
2025-09-07,여성,5,5,6,7,508650
2025-09-07,하이킹,5,5,1,6,282000
2025-09-07,긴바지,2,2,2,2,99300
2025-09-07,라운드티,2,2,2,2,66980
2025-09-07,셋업,1,1,1,1,46000
2025-09-07,자켓/ 베스트,1,1,1,1,34900
2025-09-08,남성,56,56,47,66,4897850
2025-09-08,여성,4,4,5,5,302960
2025-09-08,자켓/ 베스트,2,2,2,3,101000
2025-09-08,긴바지,1,1,1,1,89000
2025-09-08,UNKNOWN,1,1,1,1,82170
2025-09-08,등산화,1,1,1,1,81070
2025-09-08,상의,1,1,1,1,50000
2025-09-08,셋업,1,1,1,1,41180
2025-09-08,라운드티,1,1,1,1,41000
2025-09-09,남성,53,42,48,67,5202700
2025-09-09,등산화,8,8,7,9,1261170
2025-09-09,여성,7,7,8,9,757950
2025-09-09,미드/롱다운,1,1,1,1,328000
2025-09-09,라운드티,5,5,6,7,265450
2025-09-09,바람막이,1,1,1,1,124090
2025-09-09,UNKNOWN,1,1,1,1,91670
2025-09-09,부츠,1,1,1,1,76000
2025-09-09,자켓/ 베스트,2,2,2,2,61000
2025-09-09,셋업,1,1,1,1,46740
2025-09-10,남성,35,35,44,52,3267020
2025-09-10,미드/롱다운,3,3,2,3,982000
2025-09-10,여성,6,6,4,6,491650
2025-09-10,등산화,2,2,2,2,263800
2025-09-10,바람막이,2,2,1,2,165070
2025-09-10,자켓/ 베스트,3,3,1,3,96510
2025-09-10,긴바지,1,1,1,1,60540
2025-09-10,셋업,1,1,1,1,44430
2025-09-11,남성,37,37,38,42,2801820
2025-09-11,자켓/ 베스트,4,4,2,6,200000
2025-09-11,상의,2,2,2,2,106380
2025-09-11,셋업,1,1,1,1,99900
2025-09-11,UNKNOWN,1,1,1,1,95670
2025-09-11,여성,1,1,1,1,95000
2025-09-11,라운드티,3,3,3,3,91020
2025-09-11,맨투맨/후드티,1,1,1,1,53000
2025-09-12,남성,27,26,37,42,2970760
2025-09-12,여성,6,6,8,8,519060
2025-09-12,바람막이,3,3,2,3,269030
2025-09-12,UNKNOWN,2,2,1,2,226000
2025-09-12,등산화,1,1,1,1,150540
2025-09-12,셋업,2,2,2,2,94000
2025-09-12,긴바지,1,1,1,1,65000
2025-09-12,상의,1,1,1,1,52000
2025-09-12,라운드티,1,1,1,1,46160
2025-09-13,남성,28,27,31,35,2465340
2025-09-13,여성,4,4,4,4,368290
2025-09-13,바람막이,2,2,2,2,197740
2025-09-13,긴바지,1,1,1,1,58090
2025-09-13,자켓/ 베스트,1,1,1,1,21490
2025-09-14,남성,33,32,39,44,2579050
2025-09-14,여성,4,3,3,4,535400
2025-09-14,바람막이,4,4,3,4,369960
2025-09-14,자켓/ 베스트,3,3,2,3,94340
2025-09-14,카고/조거,1,1,1,1,63770
2025-09-14,상의,1,1,1,1,58780
2025-09-14,셋업,1,1,1,1,50580
2025-09-14,폴로티/집업,1,1,1,1,46110
2025-09-14,UNKNOWN,1,1,1,1,38000
2025-09-14,장갑,1,1,1,1,28280
2025-09-15,남성,100,98,94,144,7386090
2025-09-15,여성,11,10,10,15,1005310
2025-09-15,인터체인지 (3 in 1),1,1,1,1,388000
2025-09-15,미드/롱다운,1,1,1,1,328000
2025-09-15,셋업,4,4,4,4,287600
2025-09-15,긴바지,5,5,3,5,287450
2025-09-15,라운드티,10,10,7,12,257640
2025-09-15,UNKNOWN,2,2,2,2,190880
2025-09-15,등산화,1,1,1,1,153300
2025-09-15,바람막이,1,1,1,1,74770
2025-09-15,폴로티/집업,1,1,1,1,74340
2025-09-15,상의,1,1,1,1,52000
2025-09-15,반바지,1,1,1,1,51350
2025-09-15,자켓/ 베스트,3,3,1,3,47570
2025-09-16,남성,56,56,65,174,12636440
2025-09-16,셋업,6,6,6,7,460990
2025-09-16,여성,4,4,4,4,425240
2025-09-16,미드/롱다운,1,1,1,1,322000
2025-09-16,등산화,3,3,2,3,310040
2025-09-16,바람막이,2,2,2,2,154270
2025-09-16,UNKNOWN,1,1,1,1,67410
2025-09-16,라운드티,2,2,2,2,67230
2025-09-16,맨투맨/후드티,2,2,2,2,60590
2025-09-16,자켓/베스트,1,1,1,1,59600
2025-09-16,반바지,1,1,1,1,56440
2025-09-16,장갑,2,2,1,2,38500
2025-09-16,긴바지,1,1,1,1,33800
2025-09-16,자켓/ 베스트,1,1,1,1,33000
2025-09-16,폴로티/집업,1,1,1,1,29500
2025-09-17,남성,49,49,58,133,6364240
2025-09-17,여성,8,8,7,8,460930
2025-09-17,등산화,4,4,4,4,402710
2025-09-17,UNKNOWN,3,3,1,3,314300
2025-09-17,셋업,4,4,4,4,281850
2025-09-17,긴바지,4,4,3,4,204280
2025-09-17,라운드티,4,4,4,4,134160
2025-09-17,자켓/베스트,1,1,1,1,89420
2025-09-17,상의,1,1,1,1,36470
2025-09-17,자켓/ 베스트,1,1,1,1,34530
2025-09-17,장갑,1,1,1,1,27940
2025-09-18,남성,89,89,71,120,7148900
2025-09-18,여성,18,18,15,26,2253940
2025-09-18,등산화,4,4,4,4,372920
2025-09-18,긴바지,6,6,5,6,275220
2025-09-18,부츠,1,1,1,2,156000
2025-09-18,라운드티,4,4,4,4,124610
2025-09-18,상의,2,2,2,2,112670
2025-09-18,UNKNOWN,1,1,1,1,91170
2025-09-18,바람막이,1,1,1,1,80300
2025-09-18,자켓/ 베스트,3,3,2,3,71470
2025-09-18,반바지,1,1,1,1,47000
2025-09-18,셋업,1,1,1,1,41650
2025-09-18,장갑,1,1,1,1,29000
2025-09-19,남성,76,76,65,109,8765630
2025-09-19,여성,20,20,10,21,2049730
2025-09-19,미드/롱다운,1,1,1,1,331150
2025-09-19,등산화,2,2,2,2,235740
2025-09-19,긴바지,2,2,3,3,147080
2025-09-19,셋업,3,3,3,3,131630
2025-09-19,자켓/ 베스트,2,2,2,3,93260
2025-09-19,패딩/슬림다운,1,1,1,1,74100
2025-09-19,폴로티/집업,1,1,1,1,47000
2025-09-19,장갑,1,1,1,1,28730
2025-09-19,라운드티,1,1,1,1,21710
2025-09-20,남성,38,38,40,52,3587710
2025-09-20,여성,15,15,12,16,1345510
2025-09-20,셋업,2,2,5,5,475110
2025-09-20,인터체인지 (3 in 1),1,1,1,1,395000
2025-09-20,미드/롱다운,1,1,1,1,330000
2025-09-20,바람막이,2,2,2,2,204260
2025-09-20,패딩/슬림다운,2,2,2,2,198090
2025-09-20,라운드티,4,4,3,4,122980
2025-09-20,폴로티/집업,1,1,1,1,68210
2025-09-20,긴바지,1,1,1,1,53000
2025-09-20,장갑,2,2,2,2,38740
2025-09-20,자켓/ 베스트,1,1,1,1,35000
2025-09-20,맨투맨/후드티,1,1,1,1,33000
2025-09-21,남성,78,78,61,97,6212600
2025-09-21,여성,18,18,13,22,2363980
2025-09-21,등산화,4,4,4,4,570830
2025-09-21,셋업,6,6,5,6,345010
2025-09-21,자켓/ 베스트,5,5,2,5,133490
2025-09-21,바람막이,1,1,1,1,127200
2025-09-21,UNKNOWN,1,1,1,1,95670
2025-09-21,라운드티,3,3,2,3,88480
2025-09-21,긴바지,2,2,2,2,86480
2025-09-21,패딩/슬림다운,1,1,1,1,84000
2025-09-21,상의,1,1,1,1,53320
2025-09-21,자켓/베스트,1,1,1,1,45540
2025-09-22,남성,71,71,72,102,6143380
2025-09-22,여성,9,9,13,13,1046910
2025-09-22,라운드티,4,4,3,5,169390
2025-09-22,셋업,2,2,2,2,157930
2025-09-22,등산화,1,1,1,1,153300
2025-09-22,패딩/슬림다운,1,1,1,1,127780
2025-09-22,긴바지,2,2,2,3,121820
2025-09-22,바람막이,1,1,1,1,109980
2025-09-22,폴로티/집업,2,2,1,2,108000
2025-09-22,자켓/ 베스트,3,3,2,3,88970
2025-09-22,UNKNOWN,1,1,1,1,73670
2025-09-22,부츠,1,1,1,1,56000
2025-09-22,맨투맨/후드티,1,1,1,1,39000
2025-09-22,상의,1,1,1,1,37000
2025-09-23,남성,98,95,98,154,7314550
2025-09-23,여성,11,11,11,11,856616
2025-09-23,셋업,5,5,5,6,466280
2025-09-23,UNKNOWN,5,5,3,5,402060
2025-09-23,미드/롱다운,1,1,1,1,335000
2025-09-23,바람막이,3,3,3,3,253050
2025-09-23,긴바지,3,3,3,3,179000
2025-09-23,자켓/ 베스트,6,6,2,7,159210
2025-09-23,패딩/슬림다운,2,2,1,2,141330
2025-09-23,자켓/베스트,3,3,3,3,140890
2025-09-23,등산화,1,1,1,1,122400
2025-09-23,장갑,5,5,1,5,102180
2025-09-23,라운드티,5,5,4,5,85670
2025-09-23,상의,1,1,1,1,36300
2025-09-24,남성,75,74,70,93,5963770
2025-09-24,여성,12,12,12,14,1146670
2025-09-24,자켓/베스트,3,3,2,3,144390
2025-09-24,등산화,1,1,1,1,143100
2025-09-24,패딩/슬림다운,2,2,1,2,136690
2025-09-24,라운드티,4,4,4,4,110160
2025-09-24,폴로티/집업,2,2,2,2,109300
2025-09-24,맨투맨/후드티,2,2,2,2,106000
2025-09-24,UNKNOWN,1,1,1,1,95670
2025-09-24,바람막이,1,1,1,1,91130
2025-09-24,자켓/ 베스트,3,3,2,3,45620
2025-09-24,반바지,1,1,1,1,40030
2025-09-24,셋업,1,1,1,1,32000
2025-09-24,장갑,1,1,1,1,14500
2025-09-25,남성,102,102,85,119,9344940
2025-09-25,여성,18,18,17,21,1995220
2025-09-25,미드/롱다운,1,1,1,1,323000
2025-09-25,라운드티,8,8,6,9,235910
2025-09-25,셋업,5,5,4,5,232900
2025-09-25,자켓/베스트,3,3,3,3,152010
2025-09-25,패딩/슬림다운,2,2,2,2,142830
2025-09-25,등산화,2,2,2,2,133370
2025-09-25,바람막이,1,1,1,1,76770
2025-09-25,긴바지,2,2,2,2,61210
2025-09-25,폴로티/집업,1,1,1,1,36810
2025-09-25,상의,1,1,1,1,34980
2025-09-25,장갑,1,1,1,1,19030
2025-09-25,자켓/ 베스트,1,1,1,1,12970
2025-09-26,남성,65,64,71,93,5839520
2025-09-26,여성,14,14,12,16,1513680
2025-09-26,미드/롱다운,1,1,1,1,294410
2025-09-26,등산화,2,2,2,2,248670
2025-09-26,UNKNOWN,1,1,1,1,95670
2025-09-26,라운드티,2,2,2,2,82010
2025-09-26,부츠,1,1,1,1,71000
2025-09-26,상의,1,1,1,1,39790
2025-09-26,반바지,1,1,1,1,39500
2025-09-26,폴로/집업티,1,1,1,1,26500
2025-09-27,남성,51,51,44,61,4148390
2025-09-27,여성,10,10,10,10,858500
2025-09-27,패딩/슬림다운,2,2,1,2,137910
2025-09-27,자켓/베스트,2,2,2,2,114000
2025-09-27,라운드티,3,3,3,3,90560
2025-09-27,셋업,2,2,1,2,69000
2025-09-27,반바지,1,1,1,1,57370
2025-09-27,긴바지,1,1,1,1,43000
2025-09-27,상의,1,1,1,1,37000
2025-09-27,UNKNOWN,1,1,1,1,17150
2025-09-28,남성,158,157,113,203,9686730
2025-09-28,여성,20,20,19,25,2598380
2025-09-28,셋업,9,9,7,9,414030
2025-09-28,등산화,3,3,3,3,329730
2025-09-28,라운드티,13,13,8,14,316730
2025-09-28,바람막이,3,3,2,3,261720
2025-09-28,긴바지,6,6,6,6,257100
2025-09-28,셔츠,3,3,2,3,230720
2025-09-28,맨투맨/후드티,3,3,2,4,205310
2025-09-28,패딩/슬림다운,2,2,2,2,190500
2025-09-28,미드/롱다운,1,1,1,1,168150
2025-09-28,폴로티/집업,4,4,2,4,163190
2025-09-28,자켓/베스트,2,2,1,2,120390
2025-09-28,상의,2,2,2,2,86580
2025-09-28,장갑,2,2,1,2,38690
2025-09-28,폴로/집업티,1,1,1,1,31000
2025-09-28,반바지,1,1,1,1,25840
2025-09-29,남성,50,50,42,60,4831030
2025-09-29,여성,13,13,10,16,1590170
2025-09-29,UNKNOWN,3,3,1,3,263060
2025-09-29,등산화,2,2,2,2,242670
2025-09-29,자켓/베스트,1,1,2,2,136000
2025-09-29,부츠,1,1,1,1,83000
2025-09-29,셋업,1,1,1,1,43200
2025-09-30,남성,70,68,62,87,6268860
2025-09-30,여성,7,7,7,7,820170
2025-09-30,패딩/슬림다운,2,2,2,2,231000
2025-09-30,바람막이,1,1,1,3,193500
2025-09-30,등산화,1,1,1,1,134900
2025-09-30,셔츠,1,1,1,1,83000
2025-09-30,부츠,1,1,1,1,76000
2025-09-30,폴로티/집업,1,1,1,1,54000
2025-09-30,자켓/베스트,1,1,1,1,54000
2025-09-30,라운드티,1,1,1,1,29000
2025-10-01,남성,191,189,134,252,10227080
2025-10-01,여성,25,25,17,26,1743810
2025-10-01,등산화,6,6,5,6,603660
2025-10-01,셋업,10,10,6,10,449960
2025-10-01,패딩/슬림다운,5,5,4,5,349450
2025-10-01,미드/롱다운,1,1,1,1,322000
2025-10-01,자켓/베스트,2,2,3,4,221360
2025-10-01,폴로티/집업,5,5,2,5,200700
2025-10-01,맨투맨/후드티,4,4,2,4,134970
2025-10-01,라운드티,5,5,4,5,107220
2025-10-01,셔츠,2,2,1,2,104550
2025-10-01,긴바지,3,3,2,3,96750
2025-10-01,상의,3,3,3,3,94890
2025-10-01,부츠,1,1,1,1,78480
2025-10-01,바람막이,1,1,1,1,71910
2025-10-01,반바지,1,1,1,1,23500
2025-10-02,남성,84,84,76,109,5007400
2025-10-02,여성,14,14,9,14,1181580
2025-10-02,등산화,4,4,3,4,386420
2025-10-02,패딩/슬림다운,3,3,3,3,239350
2025-10-02,라운드티,5,5,6,6,190000
2025-10-02,긴바지,4,4,3,4,176410
2025-10-02,셋업,4,4,3,4,157210
2025-10-02,상의,2,2,2,2,95990
2025-10-02,바람막이,1,1,1,1,81270
2025-10-02,부츠,1,1,1,1,75320
2025-10-02,셔츠,1,1,1,1,56220
2025-10-02,폴로티/집업,1,1,1,1,54000
2025-10-02,반바지,1,1,1,1,23500
2025-10-02,크로스/토트백,1,1,1,1,23000
2025-10-03,남성,56,56,61,74,3541480
2025-10-03,여성,11,10,7,13,1018160
2025-10-03,등산화,3,3,3,3,268200
2025-10-03,패딩/슬림다운,2,2,2,2,219300
2025-10-03,셋업,3,3,3,3,188060
2025-10-03,자켓/베스트,2,2,2,2,129870
2025-10-03,폴로티/집업,2,2,2,2,109290
2025-10-03,UNKNOWN,1,1,1,1,93670
2025-10-03,맨투맨/후드티,2,2,2,2,81000
2025-10-03,부츠,1,1,1,1,73350
2025-10-03,긴바지,2,2,2,2,70510
2025-10-03,바람막이,1,1,1,1,68270
2025-10-03,셔츠,1,1,1,1,56470
2025-10-03,라운드티,2,2,2,2,35850
2025-10-03,장갑,1,1,1,1,26270
2025-10-04,남성,48,48,46,58,3429180
2025-10-04,여성,7,7,5,7,621660
2025-10-04,미드/롱다운,1,1,1,1,320000
2025-10-04,UNKNOWN,2,2,2,2,146950
2025-10-04,긴바지,3,3,3,3,133010
2025-10-04,등산화,1,1,1,1,112720
2025-10-04,맨투맨/후드티,2,2,2,2,76380
2025-10-04,라운드티,2,2,2,2,42080
2025-10-04,셋업,1,1,1,1,40620
2025-10-04,자켓/베스트,1,1,1,1,29500
2025-10-04,볼캡,1,1,1,1,22500
2025-10-05,남성,57,57,59,74,3859620
2025-10-05,여성,16,15,13,18,1549140
2025-10-05,셋업,5,5,5,7,423970
2025-10-05,패딩/슬림다운,3,3,3,3,224790
2025-10-05,자켓/베스트,4,4,2,4,212310
2025-10-05,긴바지,3,3,3,3,145000
2025-10-05,등산화,1,1,1,1,81570
2025-10-05,라운드티,3,3,3,3,72120
2025-10-05,폴로티/집업,1,1,1,1,46550
2025-10-05,크로스/토트백,1,1,1,1,27220
2025-10-05,장갑,1,1,1,1,26480
2025-10-06,남성,51,51,52,67,3438120
2025-10-06,여성,10,10,10,11,1010270
2025-10-06,라운드티,4,4,5,5,117490
2025-10-06,바람막이,1,1,1,1,107200
2025-10-06,등산화,1,1,1,1,99000
2025-10-06,맨투맨/후드티,1,1,1,1,58200
2025-10-06,셔츠,1,1,1,1,51850
2025-10-06,셋업,1,1,1,1,31000
2025-10-06,볼캡,1,1,1,1,23000
2025-10-07,남성,56,56,59,72,3925160
2025-10-07,여성,10,10,8,11,1035310
2025-10-07,셋업,5,5,4,5,411280
2025-10-07,패딩/슬림다운,2,2,2,2,210750
2025-10-07,등산화,1,1,1,1,136600
2025-10-07,긴바지,1,1,1,1,72900
2025-10-07,라운드티,2,2,2,3,60760
2025-10-07,장갑,2,2,1,2,31460
2025-10-07,크로스/토트백,1,1,1,1,17500
2025-10-08,남성,43,43,42,52,2762100
2025-10-08,셋업,1,1,2,18,1818000
2025-10-08,여성,15,15,13,16,1524900
2025-10-08,부츠,1,1,2,3,249000
2025-10-08,패딩/슬림다운,2,2,1,2,154310
2025-10-08,자켓/베스트,1,1,2,2,154000
2025-10-08,맨투맨/후드티,3,3,2,3,152000
2025-10-08,등산화,2,2,2,2,150070
2025-10-08,UNKNOWN,1,1,1,1,80700
2025-10-08,상의,1,1,1,1,52000
2025-10-08,폴로티/집업,1,1,1,1,50690
2025-10-08,볼캡,1,1,1,1,28450
2025-10-08,반바지,1,1,1,1,23500
2025-10-08,크로스/토트백,1,1,1,1,23500
2025-10-09,남성,82,82,83,116,7020680
2025-10-09,여성,10,10,10,11,1037530
2025-10-09,셋업,3,3,2,3,283570
2025-10-09,패딩/슬림다운,3,3,2,3,240000
2025-10-09,바람막이,2,2,2,2,212910
2025-10-09,등산화,2,2,2,2,206000
2025-10-09,긴바지,2,2,2,2,130110
2025-10-09,자켓/베스트,1,1,1,1,101000
2025-10-09,라운드티,3,3,3,4,92830
2025-10-09,UNKNOWN,1,1,1,1,81300
2025-10-09,상의,1,1,1,1,59000
2025-10-09,맨투맨/후드티,1,1,1,1,47000
2025-10-09,크로스/토트백,1,1,1,1,17500
2025-10-10,남성,65,65,59,82,4475510
2025-10-10,여성,12,11,11,14,984750
2025-10-10,바람막이,3,3,3,3,322640
2025-10-10,등산화,3,3,2,3,229630
2025-10-10,UNKNOWN,2,2,2,2,166840
2025-10-10,긴바지,2,2,3,3,146300
2025-10-10,상의,3,3,2,3,135500
2025-10-10,패딩/슬림다운,1,1,1,1,121000
2025-10-10,셋업,3,3,3,3,89360
2025-10-10,맨투맨/후드티,2,2,1,2,71900
2025-10-10,자켓/베스트,1,1,1,1,29500
2025-10-10,장갑,1,1,1,1,26150
2025-10-10,크로스/토트백,1,1,1,1,17500
2025-10-11,남성,53,52,52,68,4110910
2025-10-11,여성,7,7,6,7,778280
2025-10-11,등산화,4,4,4,4,340920
2025-10-11,패딩/슬림다운,4,4,3,4,326680
2025-10-11,라운드티,9,9,6,9,208560
2025-10-11,긴바지,4,4,4,4,183090
2025-10-11,셋업,5,5,2,5,169230
2025-10-11,맨투맨/후드티,2,2,1,2,91210
2025-10-11,UNKNOWN,1,1,1,1,86270
2025-10-11,폴로티/집업,2,2,1,2,85020
2025-10-11,상의,2,2,1,2,82800
2025-10-11,볼캡,1,1,1,1,21220
2025-10-12,남성,776,771,296,1018,33111740
2025-10-12,여성,103,103,50,108,5653650
2025-10-12,셋업,31,31,10,33,1264180
2025-10-12,자켓/베스트,22,22,7,23,1174740
2025-10-12,라운드티,51,51,17,54,1133260
2025-10-12,맨투맨/후드티,28,28,4,29,1037340
2025-10-12,패딩/슬림다운,15,15,6,15,993090
2025-10-12,긴바지,17,17,10,17,706970
2025-10-12,상의,15,15,4,15,544820
2025-10-12,등산화,6,6,5,6,544610
2025-10-12,바람막이,6,6,4,6,521500
2025-10-12,볼캡,17,17,4,17,400730
2025-10-12,미드/롱다운,1,1,1,1,301410
2025-10-12,장갑,14,14,2,17,281690
2025-10-12,셔츠,4,4,2,4,236080
2025-10-12,부츠,2,2,2,2,181820
2025-10-12,폴로티/집업,4,4,3,4,150620
2025-10-12,버킷/부니,5,5,2,5,126270
2025-10-12,UNKNOWN,2,2,2,2,110040
2025-10-12,반바지,3,3,2,3,105540
2025-10-12,크로스/토트백,3,3,1,3,52500
2025-10-12,카고/조거,1,1,1,1,41330
2025-10-12,폴로/집업티,1,1,1,1,33000
2025-10-13,남성,51,49,55,57,4995870
2025-10-13,여성,8,8,8,9,1025740
2025-10-13,셋업,6,6,7,8,424340
2025-10-13,긴바지,2,2,2,2,102500
2025-10-13,등산화,1,1,1,1,97160
2025-10-13,부츠,1,1,1,1,73440
2025-10-13,라운드티,2,2,2,2,47330
2025-10-14,남성,36,36,42,50,3437940
2025-10-14,여성,7,7,7,9,657370
2025-10-14,등산화,3,3,4,4,384000
2025-10-14,셋업,2,2,2,2,121170
2025-10-14,부츠,1,1,1,1,108890
2025-10-14,패딩/슬림다운,1,1,1,1,95000
2025-10-14,자켓/베스트,1,1,1,1,55770
2025-10-14,맨투맨/후드티,1,1,1,1,46650
2025-10-14,자켓/ 베스트,1,1,1,1,43000
2025-10-14,버킷/부니,1,1,1,1,37000
2025-10-15,남성,49,48,50,62,4387920
2025-10-15,여성,8,8,7,8,1009320
2025-10-15,패딩/슬림다운,2,2,2,2,225000
2025-10-15,등산화,2,2,2,2,224170
2025-10-15,셋업,2,2,2,2,152000
2025-10-15,바람막이,1,1,1,1,76770
2025-10-15,자켓/베스트,1,1,1,1,59000
2025-10-15,라운드티,2,2,2,2,58000
2025-10-15,맨투맨/후드티,1,1,1,1,52000
2025-10-15,상의,1,1,1,1,39300
2025-10-15,자켓/ 베스트,1,1,1,1,26500
2025-10-16,남성,37,37,40,44,3185710
2025-10-16,여성,6,6,9,9,1255550
2025-10-16,맨투맨/후드티,2,2,2,2,96740
2025-10-16,볼캡,1,1,2,2,90000
2025-10-16,긴바지,2,2,2,2,89000
2025-10-16,셔츠,1,1,1,1,71000
2025-10-16,라운드티,2,2,2,2,67050
2025-10-16,자켓/ 베스트,1,1,1,1,53000
2025-10-16,셋업,1,1,1,1,27950
2025-10-17,남성,55,53,53,62,6149507
2025-10-17,여성,11,11,13,13,1350420
2025-10-17,등산화,2,2,2,2,244870
2025-10-17,UNKNOWN,1,1,1,1,112000
2025-10-17,긴바지,2,2,2,2,94000
2025-10-17,패딩/슬림다운,1,1,1,1,85320
2025-10-17,부츠,1,1,1,1,81000
2025-10-17,자켓/베스트,1,1,1,1,70000
2025-10-17,자켓/ 베스트,1,1,1,1,53000
2025-10-17,맨투맨/후드티,1,1,1,1,51290
2025-10-17,볼캡,1,1,1,1,31000
2025-10-17,라운드티,1,1,1,1,23650
2025-10-18,남성,57,57,56,65,5589160
2025-10-18,여성,15,15,14,16,1501680
2025-10-18,상의,3,3,2,3,160000
2025-10-18,긴바지,1,1,2,2,111430
2025-10-18,패딩/슬림다운,1,1,1,1,93000
2025-10-18,셋업,1,1,1,1,83070
2025-10-18,라운드티,2,2,2,2,64000
2025-10-19,남성,67,66,68,95,6946140
2025-10-19,여성,11,11,10,11,1639570
2025-10-19,패딩/슬림다운,3,3,3,3,256420
2025-10-19,등산화,2,2,2,2,228600
2025-10-19,긴바지,2,2,2,2,91840
2025-10-19,셋업,1,1,1,1,89000
2025-10-19,바람막이,1,1,1,1,76770
2025-10-19,맨투맨/후드티,1,1,1,1,55160
2025-10-19,자켓/ 베스트,1,1,1,1,53000
2025-10-19,라운드티,1,1,1,1,41000
2025-10-20,남성,63,56,66,82,7590730
2025-10-20,여성,13,13,15,17,1684300
2025-10-20,바람막이,3,3,2,3,313660
2025-10-20,등산화,2,2,2,2,238670
2025-10-20,패딩/슬림다운,2,2,1,2,190000
2025-10-20,셋업,3,3,3,3,164040
2025-10-20,자켓/베스트,2,2,1,2,109000
2025-10-20,긴바지,1,1,1,1,79000
2025-10-20,자켓/ 베스트,1,1,1,1,46150
2025-10-20,라운드티,1,1,1,1,35000
2025-10-21,남성,90,89,87,118,9954720
2025-10-21,여성,21,21,21,24,3088310
2025-10-21,셋업,3,3,2,3,304800
2025-10-21,자켓/베스트,4,4,3,5,297980
2025-10-21,미드/롱다운,1,1,1,1,285210
2025-10-21,패딩/슬림다운,2,2,1,2,278140
2025-10-21,등산화,1,1,1,1,117480
2025-10-21,라운드티,2,2,1,2,67230
2025-10-21,맨투맨/후드티,1,1,1,1,59000
2025-10-21,장갑,2,2,1,2,47970
2025-10-21,긴바지,1,1,1,1,47000
2025-10-22,남성,57,57,60,77,6854770
2025-10-22,여성,9,9,9,9,1105140
2025-10-22,셋업,2,2,3,3,406530
2025-10-22,등산화,2,2,2,2,219600
2025-10-22,패딩/슬림다운,2,2,2,2,164170
2025-10-22,상의,2,2,2,2,106000
2025-10-22,긴바지,1,1,1,1,100000
2025-10-22,라운드티,3,3,1,3,95410
2025-10-22,부츠,1,1,1,1,83000
2025-10-22,맨투맨/후드티,2,2,2,2,81000
2025-10-22,자켓/베스트,1,1,1,1,53100
2025-10-22,자켓/ 베스트,1,1,1,1,51000
2025-10-23,남성,61,61,69,86,7293660
2025-10-23,여성,12,12,11,15,1682170
2025-10-23,등산화,3,3,3,3,381460
2025-10-23,패딩/슬림다운,2,2,2,2,208690
2025-10-23,자켓/베스트,3,3,3,3,191150
2025-10-23,셋업,3,3,2,4,149520
2025-10-23,UNKNOWN,1,1,1,1,93670
2025-10-23,라운드티,1,1,1,1,61170
2025-10-23,자켓/ 베스트,1,1,1,1,52690
2025-10-23,버킷/부니,1,1,1,1,32750
2025-10-23,장갑,1,1,1,1,28000
2025-10-24,남성,53,53,65,72,7167220
2025-10-24,여성,10,10,10,13,1138630
2025-10-24,맨투맨/후드티,2,2,2,3,170000
2025-10-24,패딩/슬림다운,2,2,2,2,147200
2025-10-24,자켓/베스트,2,2,1,2,113070
2025-10-24,부츠,1,1,1,1,83000
2025-10-24,셋업,1,1,1,1,39000
2025-10-25,남성,38,37,43,51,4575380
2025-10-25,여성,4,4,5,6,570470
2025-10-25,자켓/베스트,1,1,1,2,118000
2025-10-25,패딩/슬림다운,1,1,1,1,76970
2025-10-25,바람막이,1,1,1,1,75560
2025-10-25,라운드티,1,1,2,2,58000
2025-10-25,자켓/ 베스트,1,1,1,1,51130
2025-10-26,남성,57,57,58,74,7606290
2025-10-26,여성,10,10,7,14,1191460
2025-10-26,등산화,3,3,3,3,343830
2025-10-26,셋업,1,1,1,1,89000
2025-10-26,라운드티,1,1,2,2,68080
2025-10-26,맨투맨/후드티,1,1,1,1,57570
2025-10-26,자켓/베스트,1,1,1,1,56730
2025-10-26,볼캡,1,1,1,1,25000
2025-10-27,남성,87,86,104,128,12826070
2025-10-27,여성,19,19,14,22,1674860
2025-10-27,등산화,5,5,5,5,519930
2025-10-27,셋업,4,4,3,4,330020
2025-10-27,자켓/베스트,2,2,3,3,218600
2025-10-27,자켓/ 베스트,4,4,1,4,185200
2025-10-27,라운드티,3,3,2,5,165000
2025-10-27,볼캡,4,4,3,4,145930
2025-10-27,부츠,1,1,1,1,81980
2025-10-27,패딩/슬림다운,1,1,1,1,77640
2025-10-27,버킷/부니,1,1,1,1,34780
2025-10-27,장갑,1,1,1,1,25300
2025-10-28,남성,60,59,62,78,7570660
2025-10-28,여성,20,19,19,26,3558670
2025-10-28,인터체인지 (3 in 1),2,2,2,2,774320
2025-10-28,등산화,4,4,4,4,476020
2025-10-28,UNKNOWN,3,3,2,3,302640
2025-10-28,미드/롱다운,1,1,1,1,280000
2025-10-28,긴바지,2,2,1,2,209830
2025-10-28,볼캡,2,2,2,3,132000
2025-10-28,자켓/ 베스트,2,2,2,3,123090
2025-10-28,셋업,1,1,1,1,89000
2025-10-28,자켓/베스트,1,1,1,1,72000
2025-10-28,장갑,1,1,1,1,36550
2025-10-29,남성,65,63,68,83,6783700
2025-10-29,여성,19,19,17,29,3315960
2025-10-29,등산화,2,2,2,2,236260
2025-10-29,라운드티,3,3,3,5,177500
2025-10-29,셋업,2,2,2,2,144000
2025-10-29,부츠,1,1,1,1,139770
2025-10-29,바람막이,1,1,1,1,65410
2025-10-29,자켓/ 베스트,1,1,1,1,48100
2025-10-30,남성,50,50,56,185,9222410
2025-10-30,여성,7,7,7,8,1092230
2025-10-30,셋업,2,2,2,2,150400
2025-10-30,자켓/베스트,2,2,2,2,116800
2025-10-30,바람막이,1,1,1,1,74770
2025-10-30,볼캡,1,1,1,1,25850
2025-10-30,라운드티,1,1,1,1,23270
2025-10-31,남성,50,50,53,67,7142550
2025-10-31,여성,10,10,12,12,1335740
2025-10-31,패딩/슬림다운,2,2,2,2,217750
2025-10-31,맨투맨/후드티,2,2,1,2,101710
2025-10-31,라운드티,3,3,1,3,92750
2025-10-31,셋업,1,1,1,1,83530
2025-10-31,자켓/베스트,1,1,1,1,67000
2025-10-31,볼캡,1,1,1,1,39640
2025-10-31,긴바지,1,1,1,1,38060
2025-11-01,남성,37,37,36,44,3389960
2025-11-01,여성,5,5,5,5,453680
2025-11-01,셋업,1,1,2,5,347500
2025-11-01,패딩/슬림다운,2,2,2,2,225000
2025-11-01,부츠,1,1,1,1,203100
2025-11-01,셔츠,1,1,1,1,83000
2025-11-01,맨투맨/후드티,1,1,1,1,57000
2025-11-02,남성,57,56,56,71,6915880
2025-11-02,여성,13,13,13,15,2060800
2025-11-02,부츠,2,2,2,2,208100
2025-11-02,바람막이,1,1,1,1,144050
2025-11-02,등산화,1,1,1,1,138600
2025-11-02,자켓/베스트,1,1,1,1,74740
2025-11-02,볼캡,1,1,1,1,43000
2025-11-02,라운드티,1,1,1,1,35000
2025-11-02,장갑,1,1,1,1,20170
2025-11-03,남성,78,76,68,94,9805440
2025-11-03,여성,14,14,13,16,2166430
2025-11-03,셋업,6,6,5,11,1079690
2025-11-03,인터체인지 (3 in 1),1,1,1,1,385000
2025-11-03,등산화,4,4,3,4,376810
2025-11-03,부츠,3,3,3,3,374570
2025-11-03,맨투맨/후드티,3,3,2,3,155770
2025-11-03,볼캡,3,3,2,3,103510
2025-11-03,자켓/베스트,1,1,1,1,101000
2025-11-03,패딩/슬림다운,1,1,1,1,84000
2025-11-03,버킷/부니,1,1,1,1,38360
2025-11-03,라운드티,1,1,1,1,35000
2025-11-03,장갑,1,1,1,1,28720
2025-11-04,남성,68,65,77,91,9771500
2025-11-04,여성,10,10,11,11,1445800
2025-11-04,셋업,2,2,3,3,301270
2025-11-04,등산화,2,2,1,2,292100
2025-11-04,맨투맨/후드티,3,3,2,3,164870
2025-11-04,라운드티,1,1,1,1,34730
2025-11-04,크로스/토트백,1,1,1,1,28000
2025-11-05,남성,51,50,55,65,5353170
2025-11-05,여성,18,18,21,25,2922700
2025-11-05,패딩/슬림다운,1,1,1,1,137200
2025-11-05,등산화,1,1,1,1,134100
2025-11-05,긴바지,1,1,1,1,96300
2025-11-05,라운드티,2,2,2,2,56230
2025-11-06,남성,46,45,50,59,3928040
2025-11-06,여성,8,8,8,8,1049010
2025-11-06,셋업,1,1,1,1,103380
2025-11-06,등산화,1,1,1,1,94500
2025-11-06,맨투맨/후드티,2,2,2,2,92470
2025-11-06,라운드티,2,2,2,2,68000
2025-11-06,볼캡,1,1,1,1,45000
2025-11-07,남성,39,39,43,50,4252790
2025-11-07,여성,7,7,9,9,914270
2025-11-07,자켓/베스트,2,2,2,2,228000
2025-11-07,패딩/슬림다운,2,2,2,2,226000
2025-11-07,볼캡,2,2,2,3,135000
2025-11-07,셋업,1,1,1,1,64400
2025-11-07,라운드티,1,1,1,1,31720
2025-11-08,남성,30,30,40,43,3393720
2025-11-08,여성,10,10,14,15,1534000
2025-11-08,맨투맨/후드티,2,2,2,2,108550
2025-11-08,등산화,1,1,1,1,99170
2025-11-08,셋업,1,1,1,1,87000
2025-11-08,라운드티,1,1,1,1,23000
2025-11-09,남성,55,55,56,70,5493710
2025-11-09,여성,14,14,12,15,1381500
2025-11-09,셋업,4,4,3,4,374870
2025-11-09,등산화,2,2,2,2,260590
2025-11-09,바람막이,2,2,1,2,149540
2025-11-09,맨투맨/후드티,2,2,2,2,111530
2025-11-09,UNKNOWN,1,1,1,1,93670
2025-11-09,볼캡,1,1,1,1,35000
2025-11-10,남성,70,68,58,75,6769930
2025-11-10,여성,19,18,21,21,2855200
2025-11-10,인터체인지 (3 in 1),1,1,1,1,388080
2025-11-10,셋업,2,2,3,3,273000
2025-11-10,자켓/베스트,2,2,1,2,143000
2025-11-10,등산화,1,1,1,1,138600
2025-11-10,볼캡,3,3,1,3,122360
2025-11-10,맨투맨/후드티,2,2,2,2,110000
2025-11-10,장갑,2,2,2,2,108920
2025-11-10,긴바지,1,1,1,1,95180
2025-11-10,라운드티,1,1,1,1,21000
2025-11-11,남성,64,62,76,105,9264570
2025-11-11,여성,15,15,15,16,2119300
2025-11-11,등산화,4,4,3,4,375810
2025-11-11,부츠,1,1,1,1,137830
2025-11-11,자켓/베스트,2,2,2,2,127000
2025-11-11,셋업,1,1,1,1,109320
2025-11-11,긴바지,1,1,1,1,97130
2025-11-11,라운드티,1,1,1,1,20570
2025-11-11,장갑,1,1,1,1,18000
2025-11-12,남성,58,56,62,100,7465950
2025-11-12,여성,12,12,12,19,1551240
2025-11-12,자켓/베스트,3,3,2,3,195900
2025-11-12,패딩/슬림다운,1,1,1,1,143000
2025-11-12,등산화,1,1,1,1,131470
2025-11-12,맨투맨/후드티,3,3,2,3,125730
2025-11-12,셋업,1,1,1,1,81560
2025-11-12,장갑,2,2,2,2,75450
2025-11-12,볼캡,2,2,1,2,52310
2025-11-12,라운드티,1,1,1,1,35000
2025-11-13,남성,60,59,55,71,7322600
2025-11-13,여성,9,9,8,9,894750
2025-11-13,미드/롱다운,1,1,1,1,282330
2025-11-13,맨투맨/후드티,2,2,1,2,112880
2025-11-13,긴바지,1,1,1,1,95000
2025-11-13,셋업,1,1,1,1,77820
2025-11-14,남성,67,64,67,85,8628280
2025-11-14,여성,12,12,12,13,1831830
2025-11-14,등산화,3,3,3,3,322810
2025-11-14,자켓/베스트,1,1,1,1,68090
2025-11-14,볼캡,1,1,1,1,45000
2025-11-14,장갑,1,1,1,1,29000
2025-11-15,남성,48,48,51,62,8041230
2025-11-15,여성,4,4,4,4,546300
2025-11-15,셋업,2,2,3,3,310430
2025-11-15,미드/롱다운,1,1,1,1,284030
2025-11-15,맨투맨/후드티,2,2,1,2,101000
2025-11-15,등산화,1,1,1,1,97970
2025-11-15,라운드티,2,2,1,2,52290
2025-11-16,남성,49,48,59,72,6393840
2025-11-16,여성,11,11,10,12,1826850
2025-11-16,셋업,5,5,4,6,537320
2025-11-16,맨투맨/후드티,3,3,1,3,152120
2025-11-16,자켓/베스트,1,1,2,2,144000
2025-11-16,등산화,1,1,1,1,114570
2025-11-16,장갑,1,1,1,1,28450
2025-11-17,남성,71,71,77,97,9614740
2025-11-17,여성,20,20,16,24,4841330
2025-11-17,셋업,2,2,3,3,302480
2025-11-17,긴바지,3,3,2,3,300660
2025-11-17,등산화,2,2,2,2,157570
2025-11-17,볼캡,3,3,2,3,104500
2025-11-17,바람막이,1,1,1,1,74770
2025-11-17,크로스/토트백,2,2,1,2,70000
2025-11-17,자켓/베스트,1,1,1,1,66150
2025-11-17,맨투맨/후드티,1,1,1,1,59000
2025-11-18,남성,71,69,68,88,9612120
2025-11-18,여성,25,25,22,26,3666430
2025-11-18,미드/롱다운,1,1,1,1,281000
2025-11-18,맨투맨/후드티,4,4,2,4,209140
2025-11-18,라운드티,2,2,2,2,42750
2025-11-18,버킷/부니,1,1,1,1,35990
2025-11-18,크로스/토트백,1,1,1,1,25000
2025-11-19,남성,81,79,79,119,8974110
2025-11-19,여성,9,9,11,11,1683950
2025-11-19,등산화,2,2,2,2,230540
2025-11-19,긴바지,2,2,2,2,186120
2025-11-19,셋업,2,2,2,2,174210
2025-11-19,패딩/슬림다운,1,1,1,1,84000
2025-11-19,장갑,1,1,1,3,78300
2025-11-19,자켓/베스트,1,1,1,1,64800
2025-11-19,맨투맨/후드티,1,1,1,1,59000
2025-11-19,라운드티,1,1,1,1,33000
2025-11-20,남성,48,48,51,61,6798890
2025-11-20,여성,14,14,12,16,1794260
2025-11-20,셋업,1,1,2,2,169000
2025-11-20,등산화,1,1,1,1,110570
2025-11-20,패딩/슬림다운,1,1,1,1,83000
2025-11-20,맨투맨/후드티,1,1,1,1,53950
2025-11-20,볼캡,1,1,1,1,35000
2025-11-20,크로스/토트백,1,1,1,1,33000
2025-11-21,남성,156,155,117,205,23174495
2025-11-21,여성,25,25,21,28,4120500
2025-11-21,맨투맨/후드티,37,37,2,38,1614760
2025-11-21,셋업,4,4,3,4,346250
2025-11-21,부츠,1,1,1,1,130100
2025-11-21,장갑,3,3,3,3,114060
2025-11-21,볼캡,3,3,2,3,111000
2025-11-21,등산화,1,1,1,1,109500
2025-11-21,패딩/슬림다운,1,1,1,1,75720
2025-11-21,버킷/부니,1,1,1,2,67330
2025-11-21,UNKNOWN,1,1,1,2,15000
2025-11-22,남성,115,114,89,148,18653145
2025-11-22,여성,18,16,14,18,2280690
2025-11-22,셋업,6,6,6,7,604180
2025-11-22,등산화,1,1,1,1,143280
2025-11-22,맨투맨/후드티,2,2,2,2,105110
2025-11-22,UNKNOWN,1,1,1,1,93670
2025-11-22,라운드티,2,2,2,2,55590
2025-11-23,남성,149,146,120,191,19949150
2025-11-23,여성,20,20,20,21,2693640
2025-11-23,자켓/베스트,6,6,3,7,503060
2025-11-23,등산화,5,5,5,5,499160
2025-11-23,셋업,7,7,4,8,411550
2025-11-23,맨투맨/후드티,4,4,2,4,216910
2025-11-23,바람막이,1,1,1,1,114040
2025-11-23,자켓/ 베스트,1,1,1,1,95080
2025-11-23,패딩/슬림다운,1,1,1,1,86780
2025-11-23,상의,1,1,1,1,48880
2025-11-23,긴바지,1,1,1,1,41170
2025-11-23,크로스/토트백,2,2,1,2,40690
2025-11-23,볼캡,1,1,1,1,35000
2025-11-23,라운드티,1,1,1,1,27560
2025-11-23,버킷/부니,1,1,1,1,19900
2025-11-24,남성,104,103,91,139,14896435
2025-11-24,여성,21,21,15,23,3968770
2025-11-24,셋업,11,11,8,12,811600
2025-11-24,긴바지,17,17,2,18,528550
2025-11-24,등산화,2,2,2,2,246040
2025-11-24,패딩/슬림다운,1,1,1,1,136000
2025-11-24,맨투맨/후드티,2,2,1,2,102350
2025-11-24,자켓/베스트,1,1,1,1,87380
2025-11-24,상의,1,1,1,1,58000
2025-11-24,볼캡,1,1,1,1,26000
2025-11-25,남성,129,123,102,179,18066040
2025-11-25,여성,23,23,20,24,3780740
2025-11-25,셋업,10,10,6,13,753780
2025-11-25,인터체인지 (3 in 1),1,1,1,1,355500
2025-11-25,등산화,2,2,2,2,223710
2025-11-25,자켓/베스트,3,3,2,3,175300
2025-11-25,맨투맨/후드티,2,2,2,3,153250
2025-11-25,자켓/ 베스트,1,1,1,1,104150
2025-11-25,바람막이,1,1,1,1,90300
2025-11-25,긴바지,2,2,2,2,85790
2025-11-25,라운드티,1,1,1,1,36170
2025-11-25,장갑,1,1,1,1,17660
2025-11-26,남성,118,115,104,169,21504990
2025-11-26,여성,23,23,20,27,4480745
2025-11-26,셋업,9,9,4,9,613620
2025-11-26,등산화,5,5,4,5,536970
2025-11-26,다운/ 패딩,1,1,1,1,162000
2025-11-26,맨투맨/후드티,3,3,2,3,160870
2025-11-26,긴바지,2,2,2,2,74750
2025-11-26,상의,1,1,1,1,58000
2025-11-26,자켓/ 베스트,1,1,1,1,48180
2025-11-26,볼캡,1,1,1,1,43000
2025-11-26,장갑,1,1,1,1,28340
2025-11-27,남성,142,140,112,221,22067800
2025-11-27,여성,37,37,34,41,5607420
2025-11-27,상의,16,16,2,18,840520
2025-11-27,등산화,5,5,6,6,656480
2025-11-27,다운/ 패딩,2,2,1,2,299200
2025-11-27,긴바지,4,4,3,5,256080
2025-11-27,맨투맨/후드티,3,3,1,3,166310
2025-11-27,볼캡,6,6,3,8,155240
2025-11-27,자켓/ 베스트,2,2,1,2,152750
2025-11-27,패딩/슬림다운,1,1,1,1,143000
2025-11-27,라운드티,4,4,2,4,132850
2025-11-27,셋업,1,1,1,1,109620
2025-11-27,UNKNOWN,1,1,1,1,93670
2025-11-27,장갑,3,3,2,3,83430
2025-11-27,자켓/베스트,1,1,1,1,67000
2025-11-28,남성,119,118,96,194,27947950
2025-11-28,여성,24,24,21,27,4046230
2025-11-28,셋업,3,3,2,10,1467320
2025-11-28,긴바지,6,6,3,6,301400
2025-11-28,자켓/베스트,3,3,3,3,293950
2025-11-28,등산화,2,2,2,2,215350
2025-11-28,볼캡,7,7,2,7,202990
2025-11-28,상의,2,2,1,2,127570
2025-11-28,라운드티,1,1,1,1,69200
2025-11-28,장갑,1,1,1,1,24550
2025-11-29,남성,122,120,78,175,18525980
2025-11-29,여성,21,21,17,21,4055010
2025-11-29,셋업,6,6,5,6,478740
2025-11-29,다운/ 패딩,2,2,1,2,334000
2025-11-29,긴바지,4,4,4,4,296330
2025-11-29,자켓/베스트,2,2,1,2,250750
2025-11-29,등산화,2,2,2,2,227140
2025-11-29,자켓/ 베스트,3,3,2,3,213500
2025-11-29,볼캡,3,3,3,3,98930
2025-11-29,상의,1,1,1,1,63520
2025-11-29,장갑,1,1,1,1,29000
2025-11-30,남성,253,251,148,332,37531550
2025-11-30,여성,35,35,25,42,6178150
2025-11-30,다운/ 패딩,50,50,2,50,5805290
2025-11-30,자켓/ 베스트,14,14,3,14,632070
2025-11-30,등산화,4,4,4,4,480040
2025-11-30,부츠,3,3,2,3,409050
2025-11-30,셋업,7,7,3,7,352480
2025-11-30,맨투맨/후드티,4,4,1,4,216550
2025-11-30,긴바지,4,4,2,4,159400
2025-11-30,라운드티,6,6,2,6,148170
2025-11-30,상의,2,2,2,2,111440
2025-11-30,볼캡,2,2,2,3,102850
2025-11-30,UNKNOWN,2,2,2,2,99870
2025-11-30,패딩/슬림다운,1,1,1,1,84340
2025-11-30,자켓/베스트,1,1,1,1,75870
2025-11-30,장갑,1,1,1,1,29000
2025-12-01,남성,59,59,58,72,6062680
2025-12-01,여성,10,10,10,10,1574030
2025-12-01,셋업,5,5,4,5,279060
2025-12-01,패딩/슬림다운,2,2,2,2,167000
2025-12-01,다운/ 패딩,1,1,1,1,165000
2025-12-01,자켓/ 베스트,2,2,2,2,147000
2025-12-01,상의,1,1,1,1,58000
2025-12-01,맨투맨/후드티,1,1,1,1,49000
2025-12-01,볼캡,1,1,1,1,44800
2025-12-01,긴바지,1,1,1,1,38190
2025-12-01,장갑,1,1,1,1,21500
2025-12-02,남성,59,58,46,106,8653340
2025-12-02,여성,14,14,13,18,1688240
2025-12-02,셋업,4,4,5,6,513700
2025-12-02,미드/롱다운,1,1,1,1,287000
2025-12-02,다운/ 패딩,1,1,1,1,159800
2025-12-02,UNKNOWN,1,1,1,1,99000
2025-12-02,상의,1,1,1,1,65000
2025-12-02,긴바지,1,1,1,1,47000
2025-12-03,남성,90,89,92,224,12989670
2025-12-03,여성,14,14,15,16,1832290
2025-12-03,등산화,3,3,3,3,325110
2025-12-03,부츠,2,2,2,2,206100
2025-12-03,다운/ 패딩,1,1,1,1,159800
2025-12-03,바람막이,1,1,1,1,154800
2025-12-03,볼캡,2,2,2,3,134440
2025-12-03,셋업,2,2,2,2,130000
2025-12-03,긴바지,3,3,1,3,118420
2025-12-03,라운드티,2,2,2,2,88800
2025-12-03,맨투맨/후드티,1,1,1,1,58460
2025-12-03,버킷/부니,1,1,1,1,39000
2025-12-03,크로스/토트백,1,1,1,1,35000
2025-12-03,장갑,1,1,1,1,28980
2025-12-03,자켓/ 베스트,1,1,1,1,27540
2025-12-04,남성,153,150,104,248,33707490
2025-12-04,여성,29,29,24,51,9567300
2025-12-04,셋업,2,2,3,3,325590
2025-12-04,볼캡,4,4,2,5,209150
2025-12-04,등산화,2,2,2,2,192290
2025-12-04,맨투맨/후드티,2,2,2,2,108000
2025-12-04,자켓/베스트,1,1,1,1,77000
2025-12-04,상의,1,1,1,1,59500
2025-12-04,자켓/ 베스트,1,1,1,1,48320
2025-12-04,긴바지,1,1,1,1,44800
2025-12-04,라운드티,1,1,1,1,35000
2025-12-04,장갑,1,1,1,1,29000
2025-12-05,남성,135,133,103,180,16000370
2025-12-05,여성,12,12,12,12,1366030
2025-12-05,등산화,5,5,4,5,582620
2025-12-05,부츠,3,3,2,3,467920
2025-12-05,볼캡,4,4,2,4,160710
2025-12-05,장갑,2,2,1,2,107890
2025-12-05,긴바지,2,2,1,2,84000
2025-12-05,상의,1,1,1,1,58410
2025-12-05,자켓/ 베스트,1,1,1,1,39630
2025-12-06,남성,104,102,79,129,15769120
2025-12-06,여성,21,21,17,25,5071440
2025-12-06,등산화,7,7,7,8,873740
2025-12-06,다운/ 패딩,2,2,1,2,319080
2025-12-06,셋업,3,3,3,3,280800
2025-12-06,장갑,3,3,3,3,128920
2025-12-06,부츠,1,1,1,1,123110
2025-12-06,자켓/베스트,1,1,1,1,70680
2025-12-06,상의,1,1,1,1,65000
2025-12-06,볼캡,1,1,1,1,45000
2025-12-06,긴바지,1,1,1,1,34990
2025-12-07,남성,125,124,87,160,20630040
2025-12-07,여성,30,29,24,33,4669610
2025-12-07,셋업,5,5,5,6,764890
2025-12-07,등산화,4,4,3,4,423910
2025-12-07,인터체인지 (3 in 1),1,1,1,1,388000
2025-12-07,장갑,3,3,2,3,101020
2025-12-07,패딩/슬림다운,1,1,1,1,89000
2025-12-07,부츠,1,1,1,1,74500
2025-12-07,상의,1,1,1,1,58440
2025-12-07,맨투맨/후드티,1,1,1,1,34790
2025-12-08,남성,101,101,84,127,15780690
2025-12-08,여성,11,11,12,13,2124390
2025-12-08,등산화,4,4,4,4,407520
2025-12-08,셋업,2,2,1,2,241380
2025-12-08,UNKNOWN,1,1,1,1,104300
2025-12-08,볼캡,2,2,1,2,80000
2025-12-08,패딩/슬림다운,1,1,1,1,66000
2025-12-08,맨투맨/후드티,1,1,1,1,59000
2025-12-08,상의,1,1,1,1,58500
2025-12-09,남성,89,88,85,123,10543270
2025-12-09,여성,18,18,16,21,3759720
2025-12-09,셋업,4,4,3,4,480170
2025-12-09,등산화,3,3,3,3,311720
2025-12-09,부츠,1,1,1,1,148500
2025-12-09,패딩/슬림다운,1,1,1,1,87550
2025-12-09,라운드티,2,2,1,2,56670
2025-12-10,남성,68,67,66,102,10915010
2025-12-10,여성,12,12,11,13,1688220
2025-12-10,셋업,2,2,4,4,432940
2025-12-10,긴바지,3,3,2,3,134490
2025-12-10,등산화,1,1,1,1,130970
2025-12-10,라운드티,1,1,1,1,35000
2025-12-10,장갑,1,1,1,1,23270
2025-12-10,액세서리,1,1,1,1,22710
2025-12-11,남성,79,79,60,90,10271370
2025-12-11,여성,25,25,19,25,3173620
2025-12-11,부츠,3,3,2,4,558900
2025-12-11,등산화,2,2,2,2,259280
2025-12-11,다운/ 패딩,1,1,1,1,156410
2025-12-11,바람막이,1,1,1,1,129500
2025-12-11,패딩/슬림다운,1,1,1,1,81000
2025-12-11,긴바지,1,1,1,1,47000
2025-12-11,맨투맨/후드티,1,1,1,1,46410
2025-12-11,라운드티,1,1,1,1,20510
2025-12-12,남성,99,93,87,135,20061950
2025-12-12,여성,16,16,15,19,3224920
2025-12-12,등산화,1,1,1,1,114480
2025-12-12,볼캡,3,3,2,3,108000
2025-12-12,패딩/슬림다운,1,1,1,1,73000
2025-12-12,상의,1,1,1,1,48000
2025-12-12,액세서리,1,1,1,1,22300
2025-12-13,남성,87,86,76,114,14194050
2025-12-13,여성,22,22,22,27,4093060
2025-12-13,미드/롱다운,2,2,1,2,369300
2025-12-13,등산화,3,3,2,3,329580
2025-12-13,부츠,1,1,1,1,149000
2025-12-13,상의,1,1,1,1,58000
2025-12-13,볼캡,1,1,1,1,35060
2025-12-13,셋업,1,1,1,1,25100
2025-12-14,남성,117,116,103,150,16298850
2025-12-14,여성,25,25,26,33,5097260
2025-12-14,미드/롱다운,2,2,1,2,651260
2025-12-14,등산화,5,5,5,5,601770
2025-12-14,다운/ 패딩,2,2,1,2,327120
2025-12-14,셋업,2,2,2,2,165330
2025-12-14,부츠,1,1,1,1,131600
2025-12-14,자켓/베스트,1,1,1,1,77000
2025-12-14,라운드티,2,2,1,2,68710
2025-12-14,상의,1,1,1,1,65000
2025-12-14,장갑,1,1,1,1,27070
2025-12-14,맨투맨/후드티,1,1,1,1,24500
2025-12-15,남성,138,137,113,194,18370290
2025-12-15,여성,26,26,20,30,3289480
2025-12-15,셋업,17,17,7,20,1211920
2025-12-15,맨투맨/후드티,13,13,2,15,696670
2025-12-15,미드/롱다운,2,2,2,2,484000
2025-12-15,긴바지,12,12,3,15,471790
2025-12-15,자켓/ 베스트,9,9,3,9,423500
2025-12-15,바람막이,2,2,2,2,252210
2025-12-15,볼캡,6,6,4,8,218870
2025-12-15,상의,5,5,2,5,211120
2025-12-15,자켓/베스트,2,2,3,3,209340
2025-12-15,장갑,3,3,2,3,136920
2025-12-15,등산화,1,1,1,1,109980
2025-12-15,액세서리,2,2,1,2,34000
2025-12-15,UNKNOWN,1,1,1,1,31800
2025-12-15,라운드티,1,1,1,1,27390
2025-12-16,남성,100,99,84,118,12937120
2025-12-16,여성,28,28,24,31,4725580
2025-12-16,미드/롱다운,3,3,2,3,473030
2025-12-16,등산화,3,3,3,3,321310
2025-12-16,셋업,6,6,3,6,294290
2025-12-16,맨투맨/후드티,6,6,2,6,271780
2025-12-16,자켓/베스트,2,2,2,2,116850
2025-12-16,볼캡,4,4,3,4,109240
2025-12-16,UNKNOWN,1,1,1,1,95170
2025-12-16,상의,2,2,2,2,93990
2025-12-16,긴바지,3,3,1,3,91550
2025-12-16,패딩/슬림다운,1,1,1,1,64000
2025-12-16,자켓/ 베스트,1,1,1,1,38000
2025-12-16,라운드티,1,1,1,1,31330
2025-12-16,장갑,1,1,1,1,29000
2025-12-17,남성,84,84,71,136,17137010
2025-12-17,여성,13,12,14,15,2527750
2025-12-17,셋업,11,11,7,13,752660
2025-12-17,미드/롱다운,3,2,3,4,698000
2025-12-17,등산화,5,5,5,5,537590
2025-12-17,긴바지,5,5,3,6,308540
2025-12-17,맨투맨/후드티,4,4,2,5,231580
2025-12-17,볼캡,5,5,2,5,166040
2025-12-17,바람막이,1,1,1,1,124000
2025-12-17,상의,2,2,1,2,95770
2025-12-17,자켓/ 베스트,2,2,1,2,79420
2025-12-17,장갑,1,1,1,1,50340
2025-12-17,UNKNOWN,1,1,1,1,39180
2025-12-17,라운드티,1,1,1,1,35000
2025-12-18,남성,76,76,72,90,8628460
2025-12-18,여성,21,21,19,29,2168700
2025-12-18,미드/롱다운,3,3,2,3,693220
2025-12-18,자켓/베스트,3,2,3,7,561970
2025-12-18,셋업,7,7,6,8,531370
2025-12-18,자켓/ 베스트,9,9,2,11,413690
2025-12-18,등산화,2,2,2,2,222050
2025-12-18,볼캡,6,6,3,7,218650
2025-12-18,부츠,2,2,2,2,216960
2025-12-18,맨투맨/후드티,4,4,2,4,193580
2025-12-18,폴로티/집업,3,3,2,3,166080
2025-12-18,바람막이,1,1,1,1,129000
2025-12-18,라운드티,4,4,2,4,105960
2025-12-18,상의,2,2,1,2,93000
2025-12-18,셔츠,1,1,1,1,67920
2025-12-18,장갑,1,1,1,1,42010
2025-12-18,긴바지,1,1,1,1,25000
2025-12-19,남성,72,70,68,92,11620090
2025-12-19,여성,14,14,14,15,2379810
2025-12-19,다운/ 패딩,2,2,2,2,330720
2025-12-19,셋업,5,5,4,5,278860
2025-12-19,맨투맨/후드티,3,3,2,4,192000
2025-12-19,자켓/ 베스트,4,4,3,4,177330
2025-12-19,상의,3,3,2,3,131250
2025-12-19,부츠,1,1,1,1,107980
2025-12-19,볼캡,3,3,2,3,79920
2025-12-19,폴로티/집업,1,1,1,1,57000
2025-12-19,셔츠,1,1,1,1,34500
2025-12-19,긴바지,1,1,1,1,29170
2025-12-20,남성,63,63,57,77,6900540
2025-12-20,여성,13,13,11,13,2654510
2025-12-20,미드/롱다운,3,3,2,3,711660
2025-12-20,긴바지,7,7,4,8,428320
2025-12-20,등산화,3,3,2,3,313740
2025-12-20,자켓/ 베스트,6,6,4,6,286930
2025-12-20,맨투맨/후드티,4,4,2,5,241360
2025-12-20,부츠,2,2,2,2,197530
2025-12-20,다운/ 패딩,1,1,1,1,165790
2025-12-20,셋업,3,3,3,4,155160
2025-12-20,바람막이,1,1,1,1,86570
2025-12-20,자켓/베스트,1,1,1,1,57000
2025-12-20,상의,1,1,1,1,47000
2025-12-20,폴로티/집업,1,1,1,1,46650
2025-12-20,볼캡,1,1,1,1,35000
2025-12-21,남성,92,91,88,122,10219790
2025-12-21,여성,19,19,17,20,4143100
2025-12-21,자켓/베스트,5,5,5,5,429650
2025-12-21,자켓/ 베스트,7,7,4,7,387900
2025-12-21,부츠,3,2,2,3,336380
2025-12-21,셋업,3,3,4,4,282990
2025-12-21,다운/ 패딩,1,1,1,1,158000
2025-12-21,맨투맨/후드티,3,3,2,3,144580
2025-12-21,볼캡,4,4,2,4,128130
2025-12-21,패딩/슬림다운,1,1,1,1,84000
2025-12-21,긴바지,2,2,2,2,73660
2025-12-21,라운드티,1,1,1,1,35000
2025-12-22,남성,97,96,82,136,13281360
2025-12-22,여성,14,14,14,16,2341900
2025-12-22,자켓/ 베스트,5,5,2,5,338750
2025-12-22,부츠,2,2,2,2,217460
2025-12-22,바람막이,1,1,1,2,180600
2025-12-22,맨투맨/후드티,3,3,2,3,138430
2025-12-22,등산화,1,1,1,1,100780
2025-12-22,패딩/슬림다운,1,1,1,1,82000
2025-12-22,셋업,1,1,1,1,71550
2025-12-22,셔츠,1,1,1,1,60970
2025-12-22,긴바지,2,2,2,2,49770
2025-12-22,상의,1,1,1,1,47000
2025-12-22,자켓/베스트,1,1,1,1,41000
2025-12-22,볼캡,1,1,1,1,37000
2025-12-23,남성,99,97,86,125,10005580
2025-12-23,여성,25,25,19,27,2441960
2025-12-23,자켓/ 베스트,7,7,4,7,521390
2025-12-23,셋업,8,7,4,11,485910
2025-12-23,미드/롱다운,2,2,2,2,362700
2025-12-23,다운/ 패딩,2,2,1,2,330800
2025-12-23,상의,2,2,2,2,96000
2025-12-23,부츠,1,1,1,1,83000
2025-12-23,자켓/베스트,1,1,1,1,82490
2025-12-23,맨투맨/후드티,1,1,1,1,49000
2025-12-23,버킷/부니,1,1,1,1,37570
2025-12-23,볼캡,1,1,1,1,35260
2025-12-23,UNKNOWN,1,1,1,1,35180
2025-12-23,긴바지,1,1,1,1,34280
2025-12-24,남성,68,66,64,109,17089230
2025-12-24,여성,11,11,11,14,1563400
2025-12-24,미드/롱다운,1,1,1,1,215000
2025-12-24,긴바지,3,3,2,3,146610
2025-12-24,자켓/ 베스트,3,3,2,3,133480
2025-12-24,등산화,1,1,1,1,114570
2025-12-24,부츠,1,1,1,1,110480
2025-12-24,라운드티,2,2,1,3,102680
2025-12-24,볼캡,2,2,2,2,62630
2025-12-24,자켓/베스트,1,1,1,1,59000
2025-12-24,상의,1,1,1,1,47000
2025-12-24,맨투맨/후드티,1,1,1,1,44430
2025-12-24,장갑,1,1,1,1,25670
2025-12-25,남성,78,78,71,100,10641370
2025-12-25,여성,23,23,22,27,3896050
2025-12-25,자켓/ 베스트,6,6,6,8,582000
2025-12-25,등산화,4,4,4,4,427590
2025-12-25,인터체인지 (3 in 1),1,1,1,1,324000
2025-12-25,상의,4,4,2,5,225580
2025-12-25,셋업,3,3,3,3,216060
2025-12-25,미드/롱다운,1,1,1,1,208000
2025-12-25,볼캡,3,3,2,3,108560
2025-12-25,부츠,1,1,1,1,107980
2025-12-25,긴바지,2,2,2,2,65610
2025-12-25,패딩/슬림다운,1,1,1,1,64000
2025-12-25,맨투맨/후드티,2,2,1,2,63500
2025-12-25,UNKNOWN,2,2,2,2,41380
2025-12-26,남성,100,100,93,140,16107550
2025-12-26,여성,24,24,24,30,3447020
2025-12-26,셋업,6,6,6,6,574360
2025-12-26,볼캡,5,5,2,9,299730
2025-12-26,자켓/ 베스트,4,4,3,4,189100
2025-12-26,상의,4,4,2,4,181350
2025-12-26,다운/ 패딩,1,1,1,1,154710
2025-12-26,자켓/베스트,2,2,2,2,144690
2025-12-26,맨투맨/후드티,3,3,2,3,135420
2025-12-26,부츠,1,1,1,1,107980
2025-12-26,등산화,1,1,1,1,99500
2025-12-26,긴바지,1,1,1,1,33770
2025-12-26,장갑,1,1,1,1,27420
2025-12-27,남성,77,77,68,95,8627570
2025-12-27,여성,18,18,17,18,2747190
2025-12-27,자켓/ 베스트,7,7,6,7,502500
2025-12-27,미드/롱다운,1,1,1,1,274000
2025-12-27,자켓/베스트,2,2,2,2,191850
2025-12-27,상의,3,3,2,4,177070
2025-12-27,부츠,1,1,1,1,108250
2025-12-27,셋업,1,1,1,1,90990
2025-12-27,맨투맨/후드티,2,2,1,2,88390
2025-12-27,긴바지,2,2,2,2,74000
2025-12-27,패딩/슬림다운,1,1,1,1,64000
2025-12-27,볼캡,1,1,1,1,34540
2025-12-27,장갑,1,1,1,1,27850
2025-12-28,남성,84,84,83,120,10913980
2025-12-28,여성,20,20,19,21,3181060
2025-12-28,부츠,5,5,2,5,544790
2025-12-28,미드/롱다운,2,2,1,2,319000
2025-12-28,긴바지,4,4,4,4,230600
2025-12-28,상의,5,5,2,5,216420
2025-12-28,등산화,2,2,2,2,209180
2025-12-28,다운/ 패딩,1,1,1,1,167000
2025-12-28,바람막이,1,1,1,1,125450
2025-12-28,자켓/ 베스트,1,1,1,1,106000
2025-12-28,UNKNOWN,1,1,1,1,95670
2025-12-28,맨투맨/후드티,2,2,1,2,91280
2025-12-28,셋업,1,1,1,1,64790
2025-12-28,볼캡,1,1,1,1,37000
2025-12-28,라운드티,1,1,1,1,30550
2025-12-29,남성,72,71,67,86,9068030
2025-12-29,여성,23,23,18,26,3533910
2025-12-29,다운/ 패딩,3,3,1,3,454160
2025-12-29,셋업,1,1,1,1,130820
2025-12-29,긴바지,1,1,1,1,106100
2025-12-29,등산화,1,1,1,1,92170
2025-12-29,라운드티,1,1,1,1,18920
2025-12-30,남성,80,79,72,100,9779490
2025-12-30,여성,22,22,11,24,2207880
2025-12-30,등산화,5,5,5,5,492820
2025-12-30,셋업,3,3,2,3,365740
2025-12-30,다운/ 패딩,1,1,1,1,167000
2025-12-30,자켓/ 베스트,2,2,2,2,145000
2025-12-30,상의,2,2,2,2,121000
2025-12-30,맨투맨/후드티,1,1,1,1,52000
2025-12-30,자켓/베스트,1,1,1,1,52000
2025-12-30,라운드티,1,1,1,1,35000
2025-12-31,남성,93,92,84,160,11731040
2025-12-31,여성,21,21,15,25,2262040
2025-12-31,바람막이,10,1,2,10,645000
2025-12-31,인터체인지 (3 in 1),1,1,1,1,393710
2025-12-31,셋업,4,4,4,4,391260
2025-12-31,등산화,2,2,2,2,232610
2025-12-31,맨투맨/후드티,2,2,2,2,114230
2025-12-31,긴바지,1,1,1,1,104650
2025-12-31,상의,2,2,2,2,104000
2025-12-31,셔츠,1,1,1,1,79780
2025-12-31,자켓/ 베스트,1,1,1,1,45250
2026-01-01,남성,84,83,73,101,10597340
2026-01-01,여성,25,25,16,27,2486300
2026-01-01,등산화,2,2,2,2,212350
2026-01-01,자켓/ 베스트,2,2,2,2,212240
2026-01-01,다운/ 패딩,1,1,1,1,167000
2026-01-01,상의,2,2,1,2,129190
2026-01-01,자켓/베스트,1,1,1,1,101000
2026-01-01,볼캡,2,2,2,2,86050
2026-01-01,부츠,1,1,1,1,78000
2026-01-01,맨투맨/후드티,1,1,1,1,54000
2026-01-01,장갑,1,1,1,1,29000
2026-01-01,라운드티,1,1,1,1,18000
2026-01-02,남성,78,78,73,100,9990190
2026-01-02,여성,18,18,14,20,2221170
2026-01-02,셋업,1,1,1,1,140300
2026-01-02,부츠,1,1,1,1,107980
2026-01-02,자켓/ 베스트,1,1,1,1,104000
2026-01-02,장갑,1,1,1,2,51220
2026-01-02,맨투맨/후드티,1,1,1,1,49000
2026-01-02,볼캡,1,1,1,1,44330
2026-01-03,남성,53,53,54,65,6377700
2026-01-03,여성,13,13,12,13,1412650
2026-01-03,등산화,2,2,2,3,354220
2026-01-03,자켓/ 베스트,2,2,1,2,215000
2026-01-03,셋업,2,2,2,2,198690
2026-01-04,남성,76,75,72,89,10198420
2026-01-04,여성,33,32,22,37,3565860
2026-01-04,셋업,2,2,3,4,436340
2026-01-04,등산화,2,2,2,2,186640
2026-01-04,자켓/ 베스트,2,2,2,2,155680
2026-01-04,패딩/슬림다운,1,1,1,1,74090
2026-01-04,자켓/베스트,1,1,1,1,70890
2026-01-04,상의,1,1,1,1,51000
2026-01-04,장갑,1,1,1,1,25710
2026-01-05,남성,70,70,65,86,10683220
2026-01-05,여성,13,13,12,14,1103080
2026-01-05,인터체인지 (3 in 1),1,1,1,1,395000
2026-01-05,부츠,1,1,1,1,179980
2026-01-05,자켓/ 베스트,1,1,1,1,71000
2026-01-05,장갑,1,1,1,1,25940
2026-01-06,남성,51,50,51,64,7019760
2026-01-06,여성,24,23,18,26,3115020
2026-01-06,셋업,4,4,5,5,566150
2026-01-06,상의,4,4,2,4,227660
2026-01-06,자켓/ 베스트,2,2,2,2,177000
2026-01-06,등산화,1,1,1,1,107980
2026-01-06,맨투맨/후드티,2,2,2,2,88920
2026-01-06,액세서리,2,2,3,4,24940
2026-01-06,UNKNOWN,1,1,1,1,11810
2026-01-07,남성,61,60,63,72,9037020
2026-01-07,여성,22,22,20,26,3201160
2026-01-07,등산화,5,5,4,5,525670
2026-01-07,자켓/ 베스트,3,3,2,3,236390
2026-01-07,맨투맨/후드티,2,2,1,2,112310
2026-01-07,셋업,1,1,1,1,89000
2026-01-07,상의,1,1,1,1,65000
2026-01-07,액세서리,3,3,3,6,50910
2026-01-08,남성,69,64,64,78,8785280
2026-01-08,여성,21,21,17,22,3598280
2026-01-08,셋업,3,3,3,3,169000
2026-01-08,다운/ 패딩,1,1,1,1,165000
2026-01-08,자켓/ 베스트,1,1,1,1,104000
2026-01-08,볼캡,2,2,2,2,86900
2026-01-08,장갑,2,2,2,2,78270
2026-01-08,상의,1,1,1,1,65000
2026-01-08,액세서리,4,4,3,7,52020
2026-01-08,라운드티,1,1,1,1,33410
2026-01-09,남성,95,95,74,131,12633910
2026-01-09,여성,31,31,19,33,2982320
2026-01-09,긴바지,4,4,3,4,324200
2026-01-09,미드/롱다운,1,1,1,1,323000
2026-01-09,셋업,2,2,3,3,271210
2026-01-09,부츠,1,1,1,1,161170
2026-01-09,자켓/베스트,2,2,1,2,153120
2026-01-09,액세서리,5,5,3,6,51520
2026-01-09,셔츠,1,1,1,1,48990
2026-01-09,볼캡,1,1,1,1,38000
2026-01-09,라운드티,1,1,1,1,26320
2026-01-10,남성,65,64,51,74,7188010
2026-01-10,여성,15,15,12,16,1739260
2026-01-10,자켓/ 베스트,3,3,3,3,184000
2026-01-10,라운드티,2,2,2,3,93000
2026-01-10,셋업,1,1,1,1,84000
2026-01-10,등산화,1,1,1,1,83070
2026-01-10,액세서리,5,5,3,9,73600
2026-01-10,상의,1,1,1,1,58000
2026-01-10,볼캡,1,1,1,1,35850
2026-01-11,남성,74,74,68,93,7766150
2026-01-11,여성,20,19,14,21,4341420
2026-01-11,등산화,3,3,3,3,313810
2026-01-11,헤비다운/롱다운,1,1,1,1,217230
2026-01-11,미드/롱다운,1,1,1,1,197000
2026-01-11,맨투맨/후드티,3,3,2,3,166290
2026-01-11,셋업,1,1,1,1,106000
2026-01-11,부츠,1,1,1,1,88670
2026-01-11,패딩/슬림다운,1,1,1,1,79320
2026-01-11,긴바지,1,1,1,1,47000
2026-01-11,볼캡,1,1,1,1,45000
2026-01-11,액세서리,1,1,1,1,6720
2026-01-12,남성,77,76,59,89,9638050
2026-01-12,여성,9,9,9,10,1068580
2026-01-12,등산화,4,4,4,4,493020
2026-01-12,자켓/베스트,2,2,2,2,116050
2026-01-12,셋업,1,1,1,1,101000
2026-01-12,장갑,1,1,1,1,40850
2026-01-12,액세서리,2,2,2,4,36000
2026-01-13,남성,70,70,57,84,6799850
2026-01-13,여성,11,11,11,13,1853710
2026-01-13,등산화,6,6,5,7,733840
2026-01-13,셋업,2,2,3,3,275470
2026-01-13,부츠,1,1,1,1,93670
2026-01-13,패딩/슬림다운,1,1,1,1,77350
2026-01-13,맨투맨/후드티,1,1,1,1,53710
2026-01-13,액세서리,2,2,1,2,17250
2026-01-14,남성,71,70,64,84,7764290
2026-01-14,여성,10,10,11,12,1814700
2026-01-14,부츠,2,2,2,2,246840
2026-01-14,등산화,2,2,2,2,228870
2026-01-14,미드/롱다운,1,1,1,1,195000
2026-01-14,셋업,1,1,1,1,105870
2026-01-14,긴바지,1,1,1,1,101460
2026-01-14,자켓/ 베스트,1,1,1,1,49890
2026-01-14,장갑,1,1,1,1,49000
2026-01-14,볼캡,1,1,1,1,42790
2026-01-14,액세서리,4,4,2,4,33300
2026-01-14,버킷/부니,1,1,1,1,32200
2026-01-15,남성,49,48,50,63,4756690
2026-01-15,여성,15,15,15,17,1738540
2026-01-15,상의,2,2,1,2,112850
2026-01-15,셋업,1,1,1,1,109580
2026-01-15,긴바지,1,1,1,1,105300
2026-01-15,등산화,1,1,1,1,95670
2026-01-15,볼캡,1,1,1,1,45000
2026-01-15,액세서리,3,3,2,4,35290
2026-01-16,남성,33,32,38,41,2778520
2026-01-16,여성,10,10,11,12,1672100
2026-01-16,부츠,4,4,2,4,383950
2026-01-16,등산화,2,2,1,2,223440
2026-01-16,다운/ 패딩,1,1,1,1,163000
2026-01-16,패딩/슬림다운,1,1,1,1,86090
2026-01-16,장갑,1,1,1,2,58000
2026-01-16,액세서리,2,2,2,6,48570
2026-01-17,남성,40,40,39,45,4386870
2026-01-17,여성,15,15,19,19,2454050
2026-01-17,셋업,2,2,2,2,216170
2026-01-17,부츠,1,1,1,1,111300
2026-01-17,액세서리,5,5,3,10,82260
2026-01-17,등산화,1,1,1,1,78070
2026-01-17,자켓/베스트,1,1,1,1,74510
2026-01-18,남성,59,59,57,70,7877860
2026-01-18,여성,16,16,14,17,3187910
2026-01-18,등산화,3,3,3,3,322440
2026-01-18,셋업,2,2,2,2,228080
2026-01-18,상의,1,1,1,1,56750
2026-01-18,액세서리,4,4,2,7,53280
2026-01-19,남성,61,61,63,81,7434760
2026-01-19,여성,15,15,14,17,1971670
2026-01-19,셋업,4,4,4,4,398010
2026-01-19,등산화,2,2,2,2,207240
2026-01-19,긴바지,2,2,2,2,205250
2026-01-19,다운/ 패딩,1,1,1,1,165000
2026-01-19,맨투맨/후드티,2,2,2,2,94690
2026-01-19,액세서리,4,4,3,9,77080
2026-01-19,장갑,2,2,2,2,63000
2026-01-19,라운드티,1,1,1,1,29550
2026-01-19,버킷/부니,1,1,1,1,24010
2026-01-20,남성,66,66,62,75,7939570
2026-01-20,여성,16,16,14,16,2313170
2026-01-20,등산화,2,2,2,2,201560
2026-01-20,셋업,1,1,1,1,107510
2026-01-20,볼캡,2,2,2,2,84000
2026-01-20,UNKNOWN,1,1,1,1,39360
2026-01-20,액세서리,3,3,2,4,32640
2026-01-20,라운드티,1,1,1,1,23000
2026-01-21,남성,48,47,57,66,6009000
2026-01-21,여성,14,14,16,19,2636900
2026-01-21,부츠,3,3,3,3,260910
2026-01-21,등산화,2,2,2,2,251840
2026-01-21,다운/ 패딩,1,1,1,1,163120
2026-01-21,자켓/ 베스트,1,1,1,1,106000
2026-01-21,패딩/슬림다운,1,1,1,1,74940
2026-01-21,상의,1,1,1,1,52930
2026-01-21,맨투맨/후드티,1,1,1,1,41350
2026-01-21,라운드티,1,1,1,1,24650
2026-01-21,액세서리,2,2,2,3,20000
2026-01-22,남성,76,75,70,94,8180980
2026-01-22,여성,13,13,13,14,2151630
2026-01-22,등산화,4,4,5,5,540180
2026-01-22,긴바지,3,3,3,3,196820
2026-01-22,자켓/ 베스트,1,1,1,1,104880
2026-01-22,맨투맨/후드티,1,1,1,1,59000
2026-01-22,장갑,1,1,1,1,47670
2026-01-22,액세서리,4,4,2,5,44170
2026-01-23,남성,44,44,43,59,6940260
2026-01-23,여성,15,15,13,16,1608250
2026-01-23,등산화,4,4,3,4,430460
2026-01-23,부츠,1,1,1,1,95670
2026-01-23,맨투맨/후드티,1,1,1,1,47000
2026-01-23,액세서리,3,3,2,6,45850
2026-01-24,남성,49,47,48,59,6440170
2026-01-24,여성,14,14,11,15,2942540
2026-01-24,등산화,2,2,1,2,227140
2026-01-24,다운/ 패딩,1,1,1,1,160000
2026-01-24,셋업,1,1,1,1,144670
2026-01-24,셔츠,1,1,1,1,78830
2026-01-24,액세서리,3,3,2,8,70000
2026-01-24,자켓/베스트,1,1,1,1,51600
2026-01-24,자켓/ 베스트,1,1,1,1,39930
2026-01-25,남성,74,71,65,94,9085560
2026-01-25,여성,6,6,8,8,1105070
2026-01-25,등산화,5,5,4,5,520390
2026-01-25,부츠,1,1,1,1,111300
2026-01-25,맨투맨/후드티,2,2,2,2,105880
2026-01-25,긴바지,1,1,1,1,100600
2026-01-25,액세서리,2,2,1,5,41660
2026-01-26,남성,55,55,46,64,6271560
2026-01-26,여성,20,20,20,23,3201550
2026-01-26,등산화,4,4,2,4,458750
2026-01-26,셋업,2,2,1,2,78000
2026-01-26,자켓/ 베스트,1,1,1,1,46640
2026-01-26,액세서리,4,4,2,5,41670
2026-01-27,남성,51,51,48,66,6797560
2026-01-27,여성,11,11,11,13,1798040
2026-01-27,셋업,2,2,3,3,302700
2026-01-27,등산화,2,2,1,2,225140
2026-01-27,다운/ 패딩,1,1,1,1,167000
2026-01-27,긴바지,1,1,1,1,107000
2026-01-27,자켓/ 베스트,1,1,1,1,104000
2026-01-27,맨투맨/후드티,2,2,2,2,93150
2026-01-27,장갑,2,2,2,2,79890
2026-01-27,액세서리,5,5,2,8,58280
2026-01-27,라운드티,1,1,1,1,22530
2026-01-28,남성,57,57,62,73,7663330
2026-01-28,여성,7,7,7,8,1354920
2026-01-28,등산화,2,2,2,2,200950
2026-01-28,셋업,2,2,1,2,170300
2026-01-28,자켓/ 베스트,1,1,1,1,94500
2026-01-28,패딩/슬림다운,1,1,1,1,81220
2026-01-28,버킷/부니,1,1,1,1,37780
2026-01-28,볼캡,1,1,1,1,35000
2026-01-28,라운드티,1,1,1,1,24980
2026-01-28,액세서리,1,1,1,1,7370
2026-01-29,남성,42,41,51,59,5978316
2026-01-29,여성,8,8,10,11,1398550
2026-01-29,셋업,3,3,3,3,360670
2026-01-29,자켓/베스트,1,1,2,2,322000
2026-01-29,등산화,2,2,2,2,207800
2026-01-29,장갑,3,3,2,3,140740
2026-01-29,라운드티,2,2,2,2,57170
2026-01-29,상의,1,1,1,1,54500
2026-01-29,액세서리,4,4,1,6,53490
2026-01-30,남성,98,97,93,124,9052610
2026-01-30,여성,18,18,24,25,2607770
2026-01-30,등산화,4,4,4,4,419390
2026-01-30,인터체인지 (3 in 1),1,1,1,1,395000
2026-01-30,다운/ 패딩,4,4,2,4,376770
2026-01-30,미드/롱다운,1,1,1,1,325000
2026-01-30,긴바지,5,5,3,6,236440
2026-01-30,맨투맨/후드티,3,3,1,3,154350
2026-01-30,상의,2,2,2,2,123000
2026-01-30,패딩/슬림다운,2,2,2,2,118900
2026-01-30,자켓/ 베스트,4,4,3,4,84267
2026-01-30,액세서리,7,7,1,12,62640
2026-01-30,라운드티,3,3,2,3,47500
2026-01-30,볼캡,1,1,1,1,25000
2026-01-30,장갑,1,1,1,1,14660
2026-01-31,남성,88,86,86,121,10176950
2026-01-31,여성,17,17,18,22,3076790
2026-01-31,등산화,5,5,4,5,561830
2026-01-31,다운/ 패딩,2,2,1,2,217410
2026-01-31,셔츠,2,2,2,2,146670
2026-01-31,맨투맨/후드티,3,3,2,3,141540
2026-01-31,장갑,3,3,2,3,137750
2026-01-31,자켓/ 베스트,7,7,1,7,128093
2026-01-31,패딩/슬림다운,2,2,2,2,119750
2026-01-31,셋업,1,1,1,1,113000
2026-01-31,긴바지,2,2,2,3,101210
2026-01-31,부츠,1,1,1,1,93670
2026-01-31,액세서리,8,8,1,12,79730
2026-01-31,상의,1,1,1,1,41000
2026-01-31,라운드티,1,1,1,1,17500
2026-01-31,UNKNOWN,1,1,1,1,7990
2026-02-01,남성,99,98,84,121,8479680
2026-02-01,여성,21,21,15,21,2175035
2026-02-01,다운/ 패딩,3,3,1,3,288040
2026-02-01,등산화,2,2,2,2,216870
2026-02-01,부츠,1,1,1,1,158670
2026-02-01,자켓/베스트,1,1,1,1,157250
2026-02-01,긴바지,4,4,4,4,146080
2026-02-01,자켓/ 베스트,4,4,1,4,87096
2026-02-01,액세서리,10,10,1,12,82210
2026-02-01,맨투맨/후드티,1,1,1,1,59000
2026-02-01,장갑,1,1,1,2,30610
2026-02-01,볼캡,1,1,1,1,23000
2026-02-01,라운드티,1,1,1,1,17940
2026-02-02,남성,68,68,63,85,7544260
2026-02-02,여성,16,16,12,17,1826310
2026-02-02,등산화,3,3,3,3,334220
2026-02-02,자켓/ 베스트,8,8,2,8,233604
2026-02-02,다운/ 패딩,2,2,1,2,201550
2026-02-02,긴바지,3,3,3,3,109630
2026-02-02,장갑,2,2,1,2,38890
2026-02-02,라운드티,1,1,1,1,17500
2026-02-02,액세서리,2,2,1,2,13050
2026-02-03,남성,66,64,62,83,6976780
2026-02-03,여성,11,11,15,15,1693800
2026-02-03,맨투맨/후드티,2,2,1,3,154060
2026-02-03,패딩/슬림다운,2,2,2,2,152310
2026-02-03,자켓/ 베스트,4,4,1,4,113126
2026-02-03,셋업,1,1,1,1,77760
2026-02-03,자켓/베스트,1,1,1,1,29500
2026-02-03,액세서리,2,2,1,2,12740
2026-02-04,남성,69,69,68,84,7644500
2026-02-04,여성,12,12,12,12,1654000
2026-02-04,다운/ 패딩,3,3,1,3,264210
2026-02-04,등산화,1,1,1,1,128120
2026-02-04,셋업,1,1,1,1,97740
2026-02-04,부츠,1,1,1,1,95670
2026-02-04,액세서리,7,7,1,9,57970
2026-02-04,라운드티,2,2,1,2,52840
2026-02-04,자켓/ 베스트,2,2,1,2,35328
2026-02-04,볼캡,1,1,1,1,15810
2026-02-05,남성,68,67,73,82,7435910
2026-02-05,여성,10,10,9,10,1111030
2026-02-05,다운/ 패딩,3,3,1,3,303550
2026-02-05,등산화,2,2,2,2,214780
2026-02-05,긴바지,4,4,4,4,132920
2026-02-05,맨투맨/후드티,2,2,1,2,87270
2026-02-05,패딩/슬림다운,1,1,1,1,85130
2026-02-05,셔츠,1,1,1,1,66930
2026-02-05,액세서리,5,5,1,10,63220
2026-02-05,장갑,1,1,1,1,52470
2026-02-05,상의,1,1,1,1,31560
2026-02-05,자켓/ 베스트,1,1,1,1,29149
2026-02-05,UNKNOWN,1,1,1,2,10000
2026-02-06,남성,78,78,78,95,5288205
2026-02-06,여성,22,22,21,23,3095129
2026-02-06,자켓/ 베스트,8,8,3,8,373334
2026-02-06,인터체인지 (3 in 1),1,1,1,1,322500
2026-02-06,다운/ 패딩,3,3,1,3,243970
2026-02-06,등산화,1,1,1,1,180910
2026-02-06,셋업,1,1,1,1,139300
2026-02-06,바람막이,1,1,1,1,108620
2026-02-06,라운드티,3,3,2,4,89450
2026-02-06,볼캡,4,4,2,4,49850
2026-02-06,맨투맨/후드티,1,1,1,1,49500
2026-02-06,패딩/슬림다운,1,1,1,1,42250
2026-02-06,셔츠,1,1,1,1,41230
2026-02-06,액세서리,6,6,1,8,28890
2026-02-06,상의,1,1,1,1,21800
2026-02-06,버킷/부니,1,1,1,1,13000
2026-02-06,UNKNOWN,1,1,1,1,5040
2026-02-07,남성,48,48,54,66,5518130
2026-02-07,여성,15,15,20,23,2441400
2026-02-07,긴바지,1,1,1,3,238800
2026-02-07,셋업,1,1,2,2,204000
2026-02-07,등산화,2,2,2,2,168130
2026-02-07,자켓/베스트,2,2,2,2,148180
2026-02-07,자켓/ 베스트,3,3,1,3,80907
2026-02-07,장갑,2,2,2,2,80700
2026-02-07,UNKNOWN,1,1,1,1,62100
2026-02-07,셔츠,1,1,1,1,53550
2026-02-08,남성,58,57,50,66,4530020
2026-02-08,여성,11,11,8,11,601480
2026-02-08,긴바지,2,2,2,2,138400
2026-02-08,자켓/ 베스트,5,5,1,5,100655
2026-02-08,등산화,1,1,1,1,93670
2026-02-08,셋업,1,1,1,1,74500
2026-02-08,부츠,1,1,1,1,72500
2026-02-08,패딩/슬림다운,1,1,1,1,67050
2026-02-08,맨투맨/후드티,1,1,1,1,35050
2026-02-08,볼캡,2,2,2,2,27180
2026-02-08,라운드티,1,1,1,1,19310
2026-02-08,UNKNOWN,1,1,1,1,5040
2026-02-09,남성,72,71,63,89,6574340
2026-02-09,여성,10,10,9,12,858250
2026-02-09,등산화,3,3,3,3,275120
2026-02-09,셋업,3,3,3,3,212220
2026-02-09,자켓/ 베스트,4,4,1,4,118596
2026-02-09,패딩/슬림다운,1,1,2,2,117420
2026-02-09,라운드티,3,3,1,3,57820
2026-02-09,맨투맨/후드티,2,2,1,2,54250
2026-02-09,긴바지,1,1,1,1,33260
2026-02-10,남성,74,74,68,85,7106570
2026-02-10,여성,14,14,11,15,1672000
2026-02-10,등산화,3,3,3,3,336110
2026-02-10,긴바지,2,2,3,3,197410
2026-02-10,미드/롱다운,1,1,1,1,163420
2026-02-10,맨투맨/후드티,3,3,2,3,147740
2026-02-10,패딩/슬림다운,2,2,1,2,133080
2026-02-10,셋업,1,1,1,1,124450
2026-02-10,자켓/ 베스트,3,3,1,3,87977
2026-02-10,라운드티,4,4,2,5,84350
2026-02-10,볼캡,3,3,3,3,74380
2026-02-10,다운/ 패딩,1,1,1,1,63650
2026-02-10,액세서리,6,6,1,12,55320
2026-02-11,남성,61,61,58,74,4942530
2026-02-11,여성,12,12,14,15,1480815
2026-02-11,셋업,4,4,3,4,381100
2026-02-11,등산화,2,2,2,2,265950
2026-02-11,다운/ 패딩,3,3,1,3,241760
2026-02-11,미드/롱다운,1,1,1,1,239500
2026-02-11,자켓/ 베스트,3,3,1,4,100086
2026-02-11,액세서리,6,6,1,17,60720
2026-02-11,맨투맨/후드티,2,2,2,2,60130
2026-02-11,긴바지,1,1,1,1,15650
2026-02-12,남성,106,105,99,126,7440960
2026-02-12,여성,22,22,20,23,2586083
2026-02-12,등산화,6,6,4,6,586240
2026-02-12,다운/ 패딩,3,3,1,3,262950
2026-02-12,긴바지,7,7,5,7,260190
2026-02-12,셋업,3,3,3,3,235600
2026-02-12,미드/롱다운,1,1,1,1,234500
2026-02-12,자켓/ 베스트,9,9,1,9,182701
2026-02-12,UNKNOWN,2,2,2,2,180000
2026-02-12,셔츠,3,3,2,3,174220
2026-02-12,패딩/슬림다운,3,3,2,3,146250
2026-02-12,라운드티,6,6,2,7,133520
2026-02-12,자켓/베스트,2,2,2,2,124880
2026-02-12,액세서리,15,15,1,28,119940
2026-02-12,장갑,2,2,2,2,73320
2026-02-12,맨투맨/후드티,2,2,2,2,57000
2026-02-12,상의,1,1,1,1,39620
2026-02-12,볼캡,2,2,1,2,18570
2026-02-13,남성,57,57,60,68,6349428
2026-02-13,여성,10,10,7,10,741780
2026-02-13,자켓/ 베스트,3,3,2,3,99798
2026-02-13,셋업,2,2,2,2,87770
2026-02-13,등산화,1,1,1,1,72320
2026-02-13,볼캡,3,3,2,3,46080
2026-02-13,액세서리,2,2,1,5,29890
2026-02-14,남성,203,203,150,249,11798020
2026-02-14,여성,34,34,30,38,2598220
2026-02-14,맨투맨/후드티,12,12,2,12,351240
2026-02-14,등산화,3,3,2,3,294800
2026-02-14,패딩/슬림다운,3,3,2,3,280140
2026-02-14,자켓/ 베스트,10,10,2,10,249811
2026-02-14,셔츠,5,5,2,5,219320
2026-02-14,셋업,3,3,2,3,200480
2026-02-14,액세서리,22,22,1,40,129990
2026-02-14,바람막이,1,1,1,1,107500
2026-02-14,라운드티,5,5,2,5,101310
2026-02-14,부츠,1,1,1,1,82300
2026-02-14,볼캡,5,5,2,5,74680
2026-02-14,자켓/베스트,1,1,1,1,64500
2026-02-14,UNKNOWN,4,4,3,4,51990
2026-02-14,상의,2,2,2,2,44340
2026-02-14,장갑,2,2,2,2,43500
2026-02-14,긴바지,2,2,1,2,34060
2026-02-15,남성,83,82,81,96,5236793
2026-02-15,여성,13,13,13,14,1823320
2026-02-15,자켓/베스트,3,3,3,3,265860
2026-02-15,등산화,2,2,2,2,247070
2026-02-15,바람막이,2,2,2,2,219800
2026-02-15,셋업,2,2,2,2,142990
2026-02-15,자켓/ 베스트,7,7,1,7,110113
2026-02-15,상의,2,2,1,3,87800
2026-02-15,액세서리,9,9,1,21,80890
2026-02-15,맨투맨/후드티,2,2,2,2,57000
2026-02-15,셔츠,1,1,1,1,54520
2026-02-15,긴바지,1,1,1,1,17300
2026-02-15,장갑,1,1,1,1,14500
2026-02-16,남성,86,85,74,98,6979394
2026-02-16,여성,18,18,18,22,1346640
2026-02-16,등산화,3,3,3,3,348370
2026-02-16,셋업,3,3,3,3,250540
2026-02-16,맨투맨/후드티,4,4,2,4,132210
2026-02-16,자켓/베스트,2,2,2,2,128180
2026-02-16,액세서리,7,7,1,11,43050
2026-02-16,라운드티,2,2,2,2,32580
2026-02-16,상의,1,1,1,1,28210
2026-02-16,자켓/ 베스트,1,1,1,1,15579
2026-02-16,긴바지,1,1,1,1,13830
2026-02-16,볼캡,1,1,1,1,7940
2026-02-17,남성,214,212,142,279,9648434
2026-02-17,여성,28,28,22,31,1865230
2026-02-17,등산화,4,4,4,4,413390
2026-02-17,맨투맨/후드티,10,10,2,10,284280
2026-02-17,자켓/ 베스트,15,15,1,16,247564
2026-02-17,셋업,3,3,3,3,244100
2026-02-17,바람막이,2,2,2,2,196050
2026-02-17,라운드티,8,8,2,10,175780
2026-02-17,긴바지,5,5,3,5,128740
2026-02-17,UNKNOWN,5,5,2,11,92500
2026-02-17,볼캡,3,3,3,4,81300
2026-02-17,액세서리,13,13,1,25,79860
2026-02-17,상의,2,2,1,2,45400
2026-02-17,셔츠,1,1,1,1,40550
2026-02-17,장갑,1,1,1,1,35100
2026-02-17,부츠,1,1,1,1,34750
2026-02-18,남성,138,138,102,177,8908122
2026-02-18,여성,22,22,16,24,1688476
2026-02-18,등산화,8,8,7,8,942930
2026-02-18,맨투맨/후드티,5,5,2,6,209450
2026-02-18,자켓/ 베스트,8,8,1,9,139841
2026-02-18,라운드티,7,7,2,7,136820
2026-02-18,미드/롱다운,1,1,1,1,134500
2026-02-18,셔츠,2,2,2,2,113080
2026-02-18,자켓/베스트,2,2,1,2,92600
2026-02-18,부츠,1,1,1,1,74300
2026-02-18,셋업,1,1,1,1,72500
2026-02-18,패딩/슬림다운,1,1,1,1,47050
2026-02-18,버킷/부니,2,2,2,3,40750
2026-02-18,상의,1,1,1,1,23600
2026-02-18,볼캡,2,2,1,2,16480
2026-02-18,긴바지,1,1,1,1,13830
2026-02-19,남성,117,117,103,163,7630726
2026-02-19,여성,21,21,23,28,2797082
2026-02-19,등산화,4,4,4,4,395540
2026-02-19,맨투맨/후드티,6,6,2,6,219390
2026-02-19,셔츠,2,2,2,3,142900
2026-02-19,라운드티,3,3,2,3,84180
2026-02-19,자켓/ 베스트,4,4,1,4,83546
2026-02-19,긴바지,2,2,2,3,73870
2026-02-19,자켓/베스트,1,1,1,1,71890
2026-02-19,장갑,1,1,1,1,39000
2026-02-19,UNKNOWN,1,1,1,1,27000
2026-02-19,볼캡,2,2,1,2,15600
2026-02-20,남성,75,74,79,94,6554202
2026-02-20,여성,7,7,8,8,638042
2026-02-20,등산화,2,2,2,2,188570
2026-02-20,셋업,1,1,2,2,183440
2026-02-20,자켓/ 베스트,5,5,2,5,144416
2026-02-20,바람막이,1,1,1,1,124500
2026-02-20,볼캡,3,3,2,3,45590
2026-02-20,라운드티,2,2,2,2,42970
2026-02-20,맨투맨/후드티,1,1,1,1,24750
2026-02-20,상의,1,1,1,1,23600
2026-02-20,긴바지,1,1,1,1,13830
2026-02-21,남성,65,64,69,81,5468958
2026-02-21,여성,5,5,6,6,597620
2026-02-21,맨투맨/후드티,7,7,2,7,199780
2026-02-21,등산화,2,2,2,2,189000
2026-02-21,자켓/ 베스트,5,5,2,5,123836
2026-02-21,긴바지,2,2,2,2,77210
2026-02-21,셔츠,1,1,1,1,42940
2026-02-21,상의,1,1,1,1,23600
2026-02-21,볼캡,1,1,1,1,7800
2026-02-22,남성,597,596,235,749,30051675
2026-02-22,여성,80,79,44,90,5596885
2026-02-22,등산화,11,11,6,11,1109210
2026-02-22,맨투맨/후드티,29,29,2,30,868290
2026-02-22,자켓/ 베스트,41,41,4,42,855502
2026-02-22,라운드티,25,25,3,29,556100
2026-02-22,자켓/베스트,5,5,4,5,482850
2026-02-22,셋업,5,5,6,6,383400
2026-02-22,긴바지,13,13,5,13,326500
2026-02-22,인터체인지 (3 in 1),1,1,1,1,309500
2026-02-22,바람막이,3,3,3,3,221550
2026-02-22,액세서리,29,29,1,41,136010
2026-02-22,셔츠,2,2,1,2,83970
2026-02-22,패딩/슬림다운,2,2,1,2,83640
2026-02-22,부츠,1,1,1,1,82300
2026-02-22,장갑,3,3,2,3,68480
2026-02-22,볼캡,5,5,1,5,42350
2026-02-22,UNKNOWN,5,5,1,8,42130
2026-02-22,상의,1,1,1,1,33580
2026-02-22,버킷/부니,1,1,1,1,13000
2026-02-23,남성,51,50,47,61,5322030
2026-02-23,여성,10,10,12,13,1497130
2026-02-23,등산화,5,5,4,5,532170
2026-02-23,셋업,1,1,2,2,208800
2026-02-23,자켓/ 베스트,2,2,2,2,84799
2026-02-23,부츠,1,1,1,1,79500
2026-02-24,남성,31,31,37,44,3427602
2026-02-24,여성,7,7,10,10,813750
2026-02-24,패딩/슬림다운,1,1,1,2,134100
2026-02-24,자켓/ 베스트,2,2,2,2,131909
2026-02-24,등산화,1,1,1,1,102980
2026-02-24,셋업,1,1,1,1,80720
2026-02-24,액세서리,1,1,1,1,5730
2026-02-25,남성,36,36,42,45,3944144
2026-02-25,여성,10,10,10,10,1267555
2026-02-25,자켓/베스트,2,2,2,2,209000
2026-02-25,셋업,1,1,1,1,118500
2026-02-25,패딩/슬림다운,1,1,1,1,67050
2026-02-25,라운드티,1,1,1,1,17540
2026-02-25,액세서리,2,2,1,2,11940
2026-02-26,남성,49,49,50,71,5705052
2026-02-26,여성,6,6,6,6,665273
2026-02-26,등산화,3,3,3,3,347750
2026-02-26,셋업,1,1,1,1,118050
2026-02-26,바람막이,1,1,1,1,67000
2026-02-26,자켓/ 베스트,2,2,1,2,52298
2026-02-26,긴바지,2,2,1,2,50140
2026-02-26,액세서리,2,2,1,6,36000
2026-02-26,라운드티,1,1,1,1,18270
2026-02-26,UNKNOWN,1,1,1,2,17790
2026-02-27,남성,35,35,40,42,4450643
2026-02-27,여성,6,6,7,7,675506
2026-02-27,셋업,2,2,3,3,288826
2026-02-27,바람막이,2,2,2,2,175250
2026-02-27,자켓/베스트,1,1,1,1,134500
2026-02-27,자켓/ 베스트,1,1,1,1,106000
2026-02-27,등산화,1,1,1,1,81070
2026-02-27,셔츠,1,1,1,1,54850
2026-02-27,긴바지,1,1,1,1,27650
2026-02-28,남성,44,42,45,52,4509566
2026-02-28,여성,10,10,9,10,1466023
2026-02-28,셋업,1,1,1,1,92270
2026-02-28,라운드티,2,2,2,2,47790
2026-02-28,자켓/ 베스트,1,1,1,1,30389
2026-02-28,UNKNOWN,1,1,1,2,18150
2026-02-28,액세서리,1,1,1,1,5050
2026-03-01,남성,35,35,35,43,4351463
2026-03-01,여성,7,6,5,7,1211883
2026-03-01,등산화,2,2,2,2,223180
2026-03-01,셋업,1,1,2,2,207826
2026-03-01,맨투맨/후드티,2,2,1,2,92530
2026-03-01,라운드티,1,1,1,1,28110
2026-03-01,액세서리,1,1,1,1,6000
2026-03-02,남성,36,36,40,45,4556533
2026-03-02,등산화,7,7,6,7,812320
2026-03-02,셋업,1,1,1,1,83000
2026-03-02,여성,1,1,1,1,59132
2026-03-02,라운드티,1,1,2,2,59000
2026-03-02,UNKNOWN,1,1,1,1,38880
2026-03-02,자켓/ 베스트,1,1,1,1,31150
2026-03-02,액세서리,1,1,1,1,5250
2026-03-03,남성,36,36,40,43,4085087
2026-03-03,미드/롱다운,1,1,1,2,472000
2026-03-03,인터체인지 (3 in 1),1,1,1,1,320500
2026-03-03,등산화,3,3,3,3,291860
2026-03-03,여성,2,2,3,3,234050
2026-03-03,긴바지,1,1,1,1,79600
2026-03-03,라운드티,1,1,1,1,27500
2026-03-04,남성,48,47,54,74,5632603
2026-03-04,여성,16,16,13,16,1736620
2026-03-04,인터체인지 (3 in 1),1,1,1,1,329500
2026-03-04,등산화,2,2,2,2,266290
2026-03-04,바람막이,2,2,2,2,240170
2026-03-04,UNKNOWN,2,2,2,9,132780
2026-03-04,긴바지,1,1,1,1,71320
2026-03-04,폴로티/집업,1,1,1,1,65000
2026-03-04,라운드티,2,2,2,2,57000
2026-03-04,장갑,1,1,1,1,29000
2026-03-05,남성,23,22,26,36,3464202
2026-03-05,여성,4,4,5,5,673620
2026-03-05,등산화,3,3,3,3,315290
2026-03-05,셔츠,1,1,2,2,125100
2026-03-05,셋업,1,1,1,1,112000
2026-03-05,맨투맨/후드티,1,1,1,1,36500
2026-03-05,자켓/ 베스트,1,1,1,1,31150
2026-03-06,남성,20,20,26,31,2177000
2026-03-06,여성,11,11,10,14,1135370
2026-03-06,인터체인지 (3 in 1),2,2,1,2,644940
2026-03-06,등산화,2,2,2,2,300060
2026-03-06,셋업,2,2,2,2,195080
2026-03-06,긴바지,4,4,3,4,105400
2026-03-06,라운드티,1,1,1,1,26290
2026-03-07,남성,38,38,41,50,4342305
2026-03-07,여성,4,4,5,5,611510
2026-03-07,등산화,1,1,1,1,96480
2026-03-07,폴로티/집업,1,1,1,1,60770
2026-03-07,라운드티,1,1,1,1,28940
2026-03-07,자켓/ 베스트,1,1,1,1,24050
2026-03-08,남성,43,43,44,52,4484772
2026-03-08,여성,14,14,15,19,1939630
2026-03-08,등산화,7,7,6,7,744750
2026-03-08,라운드티,2,2,2,3,81210
2026-03-08,폴로티/집업,1,1,1,1,53000
2026-03-09,남성,42,42,41,51,4563842
2026-03-09,여성,10,10,10,11,1249740
2026-03-09,등산화,6,6,5,6,639220
2026-03-09,셋업,2,2,1,2,247546
2026-03-09,바람막이,1,1,1,1,120440
2026-03-09,자켓/베스트,1,1,1,1,84500
2026-03-09,셔츠,1,1,1,1,47560
2026-03-09,긴바지,1,1,1,1,25650
2026-03-10,남성,39,39,51,57,5196573
2026-03-10,여성,7,7,7,8,665010
2026-03-10,등산화,3,3,3,3,387920
2026-03-10,맨투맨/후드티,1,1,1,1,49500
2026-03-10,라운드티,1,1,1,1,29500
2026-03-11,남성,42,40,46,48,4928782
2026-03-11,여성,6,6,7,7,600562
2026-03-11,등산화,2,2,2,2,261000
2026-03-11,UNKNOWN,1,1,1,1,66600
2026-03-11,라운드티,2,2,1,2,50570
2026-03-11,긴바지,1,1,1,1,20940
2026-03-12,남성,45,45,46,56,4481100
2026-03-12,여성,11,11,10,12,1315633
2026-03-12,등산화,3,3,3,3,297120
2026-03-12,자켓/베스트,1,1,1,1,131030
2026-03-12,바람막이,1,1,1,1,120400
2026-03-12,라운드티,3,3,1,3,85330
2026-03-12,긴바지,1,1,1,1,29500
2026-03-13,남성,33,33,36,38,2952090
2026-03-13,여성,7,7,6,7,855570
2026-03-13,등산화,2,2,2,2,255450
2026-03-13,셋업,3,3,3,3,249150
2026-03-13,바람막이,1,1,1,1,67750
2026-03-13,패딩/슬림다운,1,1,1,1,66550
2026-03-13,라운드티,1,1,1,1,15500
2026-03-14,남성,41,40,51,57,4137961
2026-03-14,여성,12,12,12,13,1287750
2026-03-14,셋업,1,1,1,1,141350
2026-03-14,등산화,1,1,1,1,112570
2026-03-15,남성,46,45,45,57,4821962
2026-03-15,여성,8,8,8,9,839783
2026-03-15,바람막이,3,3,3,3,274000
2026-03-15,등산화,2,2,2,2,213680
2026-03-15,긴바지,2,2,2,3,80950
2026-03-15,패딩/슬림다운,1,1,1,1,67050
2026-03-15,UNKNOWN,1,1,1,1,64600
2026-03-15,셔츠,1,1,1,1,61720
2026-03-15,폴로티/집업,1,1,1,1,53040
2026-03-15,라운드티,1,1,1,1,29040
2026-03-16,남성,37,37,40,50,4423320
2026-03-16,여성,6,6,7,8,888810
2026-03-16,등산화,5,5,5,5,474520
2026-03-16,셋업,2,2,2,2,210800
2026-03-16,바람막이,1,1,1,1,75020
2026-03-16,패딩/슬림다운,1,1,1,1,67050
2026-03-16,라운드티,2,2,2,2,49250
2026-03-16,폴로티/집업,1,1,1,1,47000
2026-03-16,자켓/ 베스트,1,1,1,1,15730
2026-03-17,남성,34,33,38,42,3335950
2026-03-17,여성,7,7,7,7,778850
2026-03-17,등산화,5,5,5,5,464760
2026-03-17,자켓/베스트,1,1,1,1,84500
2026-03-17,바람막이,1,1,1,1,75000
2026-03-17,자켓/ 베스트,2,2,1,2,54120
2026-03-17,라운드티,1,1,1,1,28300
2026-03-18,남성,46,46,56,75,6080800
2026-03-18,여성,6,6,6,6,563890
2026-03-18,바람막이,3,3,3,3,247690
2026-03-18,등산화,2,2,1,2,206600
2026-03-18,셋업,1,1,2,2,139000
2026-03-18,라운드티,2,2,2,2,52870
2026-03-19,남성,43,42,44,51,3871290
2026-03-19,여성,6,6,6,7,606770
2026-03-19,바람막이,2,2,1,2,176240
2026-03-19,라운드티,2,2,2,3,103240
2026-03-19,등산화,1,1,1,1,60000
2026-03-20,남성,46,46,48,56,5409380
2026-03-20,여성,3,3,3,3,131710
2026-03-20,등산화,1,1,1,1,107390
2026-03-20,라운드티,1,1,1,1,28860
2026-03-21,남성,29,29,31,39,3490890
2026-03-21,여성,9,9,10,11,1571710
2026-03-21,등산화,2,2,2,2,270100
2026-03-21,긴바지,1,1,1,1,27650
2026-03-22,남성,46,46,56,64,3948550
2026-03-22,여성,3,3,3,3,329390
2026-03-22,바람막이,3,3,3,3,245550
2026-03-22,긴바지,2,2,1,2,127180
2026-03-22,등산화,1,1,1,1,81070
2026-03-22,UNKNOWN,1,1,1,1,62100
2026-03-22,폴로티/집업,1,1,1,1,56440
2026-03-23,남성,44,44,48,56,4504100
2026-03-23,등산화,4,4,3,4,482560
2026-03-23,여성,5,5,5,5,481810
2026-03-23,바람막이,2,2,2,2,155000
2026-03-23,긴바지,2,2,1,2,115460
2026-03-23,라운드티,2,2,2,2,63470
2026-03-24,남성,38,38,42,48,3344390
2026-03-24,여성,7,7,8,8,875100
2026-03-24,등산화,3,3,2,3,287050
2026-03-25,남성,45,45,56,65,4550700
2026-03-25,여성,14,14,14,15,1576360
2026-03-25,등산화,2,2,2,2,235180
2026-03-25,긴바지,2,2,2,3,181120
2026-03-25,바람막이,2,2,1,2,140760
2026-03-25,라운드티,3,3,3,3,103810
2026-03-26,남성,42,42,49,58,5729720
2026-03-26,여성,8,8,8,8,711620
2026-03-26,등산화,5,5,5,5,526360
2026-03-26,바람막이,3,3,2,3,217610
2026-03-26,라운드티,4,4,3,4,121660
2026-03-27,남성,32,32,32,36,3668960
2026-03-27,여성,7,7,7,8,898410
2026-03-27,등산화,1,1,1,1,165600
2026-03-27,바람막이,2,2,2,2,145880
2026-03-27,긴바지,2,2,1,2,69350
2026-03-27,라운드티,1,1,1,1,29280
2026-03-28,남성,31,31,36,39,3292580
2026-03-28,여성,6,6,8,8,722670
2026-03-28,등산화,5,5,5,5,608310
2026-03-28,바람막이,2,2,2,3,277600
2026-03-28,긴바지,3,3,1,3,184010
2026-03-28,폴로티/집업,1,1,1,1,59000
2026-03-29,남성,38,38,47,54,3831110
2026-03-29,여성,9,9,8,9,1162790
2026-03-29,등산화,1,1,1,1,132300
2026-03-29,라운드티,2,2,2,2,70500
2026-03-29,긴바지,1,1,1,1,40000
2026-03-30,남성,47,47,50,60,4900120
2026-03-30,여성,8,7,12,12,1411410
2026-03-30,긴바지,4,4,3,5,275300
2026-03-30,등산화,2,2,2,2,195340
2026-03-30,바람막이,2,2,2,2,165000
2026-03-30,라운드티,3,3,2,3,100640
2026-03-31,남성,49,48,62,71,5991770
2026-03-31,여성,15,15,15,18,2395770
2026-03-31,등산화,4,4,4,4,478240
2026-03-31,바람막이,2,2,2,2,179340
2026-03-31,긴바지,2,2,1,2,130000
2026-03-31,셋업,1,1,1,1,31000
2026-03-31,라운드티,1,1,1,1,16980
2026-04-01,남성,57,57,63,77,5849570
2026-04-01,등산화,3,3,3,3,422070
2026-04-01,여성,3,3,3,3,349120
2026-04-01,라운드티,1,1,1,1,57000
2026-04-01,폴로티/집업,1,1,1,1,54000
2026-04-01,셋업,1,1,1,1,39610
2026-04-02,남성,50,49,59,406,23737640
2026-04-02,여성,6,6,6,6,585060
2026-04-02,등산화,2,2,2,2,196780
2026-04-02,긴바지,2,2,1,2,127840
2026-04-02,바람막이,1,1,1,1,64020
2026-04-03,남성,45,44,45,54,3956120
2026-04-03,여성,8,8,10,10,937950
2026-04-03,등산화,3,3,2,3,399560
2026-04-03,바람막이,2,2,2,2,142030
2026-04-03,긴바지,2,2,2,2,87680
2026-04-04,남성,34,34,39,45,3015830
2026-04-04,여성,4,4,4,4,412580
2026-04-04,등산화,2,2,2,2,224550
2026-04-04,긴바지,3,3,2,3,143000
2026-04-04,바람막이,1,1,1,1,70000
2026-04-04,UNKNOWN,1,1,1,1,66600
2026-04-04,폴로티/집업,1,1,1,1,65000
2026-04-04,셋업,1,1,1,1,41000
2026-04-05,남성,43,43,47,57,5770570
2026-04-05,여성,6,6,6,7,783930
2026-04-05,등산화,2,2,2,2,264380
2026-04-05,바람막이,3,3,3,3,240320
2026-04-05,긴바지,2,2,1,2,67370
2026-04-05,라운드티,2,2,2,2,61630
2026-04-05,UNKNOWN,1,1,1,2,20000
2026-04-06,남성,46,46,46,54,4094100
2026-04-06,등산화,6,6,6,7,917550
2026-04-06,여성,3,3,4,4,376880
2026-04-06,긴바지,4,4,3,4,221560
2026-04-06,바람막이,2,2,1,2,137000
2026-04-07,남성,57,57,57,69,5070430
2026-04-07,등산화,3,3,3,3,432910
2026-04-07,여성,3,3,4,4,371070
2026-04-07,바람막이,3,3,3,3,250000
2026-04-07,긴바지,2,2,2,2,81000
2026-04-07,폴로티/집업,1,1,1,1,52000
2026-04-08,남성,50,49,59,70,5251310
2026-04-08,여성,5,5,5,5,468500
2026-04-08,바람막이,4,4,3,4,327460
2026-04-08,등산화,3,3,3,3,312550
2026-04-08,UNKNOWN,1,1,1,1,66600
2026-04-08,라운드티,1,1,2,2,59210
2026-04-09,남성,59,59,71,85,5914350
2026-04-09,여성,11,11,12,14,1228540
2026-04-09,등산화,2,2,2,2,238930
2026-04-09,셋업,2,2,2,2,128810
2026-04-09,폴로티/집업,2,2,2,2,114120
2026-04-09,부츠,1,1,1,1,80600
2026-04-09,바람막이,1,1,1,1,72000
2026-04-09,라운드티,1,1,1,1,31000
2026-04-10,남성,44,44,58,63,5462030
2026-04-10,여성,6,6,7,7,551150
2026-04-10,바람막이,4,4,3,4,283550
2026-04-10,등산화,2,2,2,2,239770
2026-04-10,긴바지,3,3,2,3,170000
2026-04-10,폴로티/집업,2,2,1,2,128950
2026-04-11,남성,45,43,50,58,4856050
2026-04-11,등산화,2,2,1,2,160140
2026-04-11,여성,2,2,2,2,78700
2026-04-11,바람막이,1,1,1,1,72750
2026-04-11,UNKNOWN,1,1,1,1,35800
2026-04-12,남성,68,68,77,96,5922220
2026-04-12,여성,6,6,9,9,896650
2026-04-12,등산화,7,7,6,7,788000
2026-04-12,긴바지,2,2,2,2,105000
2026-04-12,셋업,1,1,1,1,82000
2026-04-12,라운드티,1,1,1,1,49500
2026-04-12,버킷/부니,1,1,1,1,15130
2026-04-13,남성,51,48,59,70,6278780
2026-04-13,여성,6,6,8,8,874090
2026-04-13,등산화,5,5,4,5,529570
2026-04-13,바람막이,2,2,1,2,137060
2026-04-13,UNKNOWN,1,1,1,1,66600
2026-04-13,폴로티/집업,1,1,1,1,54000
2026-04-14,남성,51,50,58,70,5386720
2026-04-14,여성,6,6,7,8,744190
2026-04-14,등산화,4,4,4,4,409900
2026-04-14,바람막이,2,2,2,2,143000
2026-04-14,긴바지,2,2,1,2,125480
2026-04-14,폴로티/집업,1,1,1,1,59000
2026-04-14,셋업,1,1,1,1,39940
2026-04-15,남성,37,37,45,52,3237540
2026-04-15,여성,3,3,3,3,281790
2026-04-15,바람막이,3,3,3,3,225850
2026-04-15,등산화,2,2,2,2,217550
2026-04-15,긴바지,3,3,2,3,135000
2026-04-15,UNKNOWN,1,1,1,1,98190
2026-04-15,셋업,1,1,1,1,37000
2026-04-15,라운드티,1,1,1,1,25000
2026-04-16,남성,87,82,87,114,9031930
2026-04-16,바람막이,16,16,5,16,1060000
2026-04-16,여성,11,11,10,13,938170
2026-04-16,등산화,5,5,3,5,593310
2026-04-16,긴바지,5,5,2,5,270510
2026-04-16,라운드티,2,2,2,2,82450
2026-04-16,UNKNOWN,1,1,1,1,73520
2026-04-16,셋업,1,1,1,1,66720
2026-04-16,폴로티/집업,1,1,1,1,54000
2026-04-17,남성,42,42,48,61,5294410
2026-04-17,여성,12,12,14,16,1294260
2026-04-17,등산화,3,3,3,3,363280
2026-04-17,긴바지,5,5,3,5,272230
2026-04-17,셋업,1,1,2,2,129000
2026-04-17,라운드티,3,3,3,3,118990
2026-04-17,바람막이,1,1,1,1,79500
2026-04-18,남성,52,52,59,74,5975990
2026-04-18,바람막이,6,6,5,7,494280
2026-04-18,여성,4,4,5,5,342330
2026-04-18,등산화,2,2,2,2,315680
2026-04-18,긴바지,3,3,2,4,246050
2026-04-18,셋업,1,1,1,1,86440
2026-04-19,남성,75,75,80,101,7624740
2026-04-19,여성,13,13,14,16,1313570
2026-04-19,등산화,5,5,4,5,617310
2026-04-19,바람막이,6,6,4,6,376140
2026-04-19,긴바지,1,1,1,1,62150
2026-04-20,남성,53,53,64,71,6146640
2026-04-20,여성,12,12,12,14,1207730
2026-04-20,등산화,4,4,4,4,471570
2026-04-20,바람막이,4,4,3,4,262280
2026-04-20,긴바지,2,2,1,2,78200
2026-04-20,UNKNOWN,1,1,1,1,72290
2026-04-20,폴로티/집업,1,1,1,1,46630
2026-04-21,남성,66,64,74,86,6202330
2026-04-21,여성,7,7,7,7,801110
2026-04-21,등산화,2,2,2,2,196660
2026-04-21,바람막이,3,3,1,3,193500
2026-04-21,셋업,2,2,3,3,191820
2026-04-21,부츠,1,1,1,1,85350
2026-04-21,라운드티,1,1,1,1,39000
2026-04-22,남성,45,44,49,56,4842040
2026-04-22,여성,6,6,7,7,660570
2026-04-22,등산화,4,4,4,4,474840
2026-04-22,UNKNOWN,2,2,2,2,139490
2026-04-22,긴바지,2,2,2,2,126670
2026-04-22,반바지,1,1,1,1,45370
2026-04-22,셋업,1,1,1,1,39580
2026-04-23,남성,57,57,74,92,6759880
2026-04-23,여성,15,15,13,23,2095730
2026-04-23,UNKNOWN,2,2,1,16,1347550
2026-04-23,바람막이,4,3,4,8,479080
2026-04-23,등산화,2,2,2,2,267350
2026-04-23,긴바지,2,2,2,2,102250
2026-04-23,셋업,1,1,1,1,51570
2026-04-23,라운드티,1,1,1,1,40370
2026-04-24,남성,53,53,57,69,5399500
2026-04-24,여성,4,4,7,11,1617400
2026-04-24,바람막이,4,3,4,5,323730
2026-04-24,긴바지,3,3,2,3,180730
2026-04-24,등산화,1,1,1,1,107570
2026-04-24,UNKNOWN,1,1,1,1,83130
2026-04-24,라운드티,2,2,2,2,79050
2026-04-25,남성,60,59,62,72,5418750
2026-04-25,여성,7,6,7,7,635490
2026-04-25,바람막이,2,2,3,3,175900
2026-04-25,긴바지,1,1,1,1,56680
2026-04-26,남성,63,59,65,85,5805390
2026-04-26,여성,15,15,12,17,1254440
2026-04-26,등산화,6,6,5,6,714370
2026-04-26,바람막이,4,4,3,4,267710
2026-04-26,긴바지,2,2,2,2,103320
2026-04-26,UNKNOWN,1,1,1,1,64730
2026-04-26,폴로티/집업,1,1,1,1,54500
2026-04-27,남성,65,62,82,100,6296290
2026-04-27,여성,10,10,10,11,1268810
2026-04-27,바람막이,8,8,4,10,652670
2026-04-27,등산화,4,4,3,4,441040
2026-04-27,폴로티/집업,1,1,1,1,47050
2026-04-28,남성,71,71,70,90,6863940
2026-04-28,여성,16,16,14,19,1503720
2026-04-28,등산화,4,4,5,5,571000
2026-04-28,바람막이,4,4,3,4,238300
2026-04-28,라운드티,1,1,1,1,41000
2026-04-29,남성,48,48,49,58,4044180
2026-04-29,여성,7,7,7,8,825320
2026-04-29,바람막이,4,4,2,4,276000
2026-04-29,등산화,2,2,2,2,221590
2026-04-30,남성,55,54,70,83,5291360
2026-04-30,여성,8,8,9,9,851230
2026-04-30,등산화,6,6,5,6,744460
2026-04-30,바람막이,7,7,5,7,443900
2026-04-30,폴로티/집업,1,1,1,1,53580
2026-04-30,긴바지,1,1,1,1,53560
2026-04-30,반바지,1,1,1,1,47000
2026-04-30,셋업,1,1,1,1,41000
2026-05-01,남성,129,126,114,165,9154259
2026-05-01,여성,12,12,11,14,1156478
2026-05-01,등산화,4,4,3,4,360970
2026-05-01,긴바지,7,7,2,7,253730
2026-05-01,바람막이,3,3,2,3,202470
2026-05-01,라운드티,8,8,2,8,192860
2026-05-01,부츠,1,1,1,1,85320
2026-05-01,셋업,3,3,2,3,74200
2026-05-02,남성,83,81,79,110,6222510
2026-05-02,여성,11,11,12,13,1185940
2026-05-02,등산화,4,4,4,4,473210
2026-05-02,바람막이,5,5,4,5,359970
2026-05-02,라운드티,5,5,3,5,83350
2026-05-02,긴바지,3,3,1,3,74970
2026-05-02,폴로티/집업,1,1,1,1,48400
2026-05-03,남성,62,62,68,88,5082380
2026-05-03,여성,9,9,9,10,1163890
2026-05-03,등산화,5,5,5,5,560790
2026-05-03,긴바지,6,6,2,7,234360
2026-05-03,바람막이,3,3,1,3,206900
2026-05-03,라운드티,2,2,1,2,31840
2026-05-03,UNKNOWN,1,1,1,1,5170
2026-05-04,남성,71,70,66,84,5134490
2026-05-04,여성,5,5,6,6,534200
2026-05-04,바람막이,3,3,2,3,199040
2026-05-04,라운드티,4,4,3,5,141980
2026-05-04,등산화,1,1,1,1,117870
2026-05-04,UNKNOWN,1,1,1,1,71100
2026-05-04,셋업,1,1,1,1,36490
2026-05-05,남성,252,251,153,332,13204520
2026-05-05,여성,20,20,20,22,1727340
2026-05-05,등산화,3,3,2,3,323960
2026-05-05,긴바지,8,8,2,8,289730
2026-05-05,라운드티,7,7,4,8,224130
2026-05-05,바람막이,1,1,1,1,78150
2026-05-05,폴로티/집업,1,1,1,1,48750
2026-05-05,셋업,1,1,1,1,27650
2026-05-05,UNKNOWN,1,1,1,1,5000
2026-05-06,남성,106,103,103,135,7199020
2026-05-06,여성,9,9,12,14,1104340
2026-05-06,등산화,4,4,3,4,383450
2026-05-06,바람막이,2,2,2,2,140000
2026-05-06,셋업,2,2,1,2,65910
2026-05-06,폴로티/집업,1,1,1,1,55000
2026-05-06,반바지,1,1,1,1,40590
2026-05-06,긴바지,1,1,1,1,33920
2026-05-07,남성,112,111,113,155,8373320
2026-05-07,여성,8,8,7,9,758460
2026-05-07,등산화,6,6,6,6,638110
2026-05-07,셋업,2,2,3,3,191640
2026-05-07,긴바지,4,4,2,5,173610
2026-05-07,바람막이,2,2,2,2,155370
2026-05-07,라운드티,4,4,3,4,143440
2026-05-07,UNKNOWN,1,1,1,3,15710
2026-05-08,남성,64,63,65,77,4418440
2026-05-08,여성,12,12,11,13,1127640
2026-05-08,등산화,4,4,4,4,472310
2026-05-08,바람막이,3,3,2,3,197290
2026-05-08,긴바지,2,2,1,2,49790
2026-05-09,남성,59,57,53,71,3437390
2026-05-09,여성,9,9,13,13,969760
2026-05-09,등산화,3,3,3,3,299620
2026-05-09,바람막이,2,2,2,2,143100
2026-05-09,긴바지,2,2,2,2,99650
2026-05-09,셋업,1,1,1,1,74500
2026-05-09,폴로티/집업,1,1,1,1,53190
2026-05-10,남성,380,379,207,478,18905990
2026-05-10,여성,34,34,28,37,3123880
2026-05-10,등산화,8,8,6,8,958760
2026-05-10,라운드티,13,13,5,16,498000
2026-05-10,바람막이,6,6,3,6,384640
2026-05-10,긴바지,11,11,2,11,351170
2026-05-10,셋업,7,7,3,7,268520
2026-05-10,반바지,3,3,1,3,126100
2026-05-10,부츠,1,1,1,1,89100
2026-05-10,UNKNOWN,1,1,1,2,10000
2026-05-11,남성,45,45,54,58,4555100
2026-05-11,여성,9,9,9,9,1108660
2026-05-11,바람막이,3,3,3,3,256080
2026-05-11,등산화,2,2,2,2,193050
2026-05-11,긴바지,3,3,1,3,171900
2026-05-11,폴로티/집업,1,1,1,1,52100
2026-05-12,남성,35,35,40,49,3692280
2026-05-12,여성,7,7,6,7,653640
2026-05-12,등산화,4,4,4,4,471820
2026-05-12,라운드티,2,2,2,3,102600
2026-05-12,긴바지,2,2,2,2,101810
2026-05-12,셋업,1,1,1,1,31000
2026-05-13,남성,48,47,49,60,3927910
2026-05-13,여성,5,5,7,8,619150
2026-05-13,등산화,2,2,2,2,202420
2026-05-13,바람막이,1,1,1,1,70350
2026-05-13,긴바지,1,1,1,1,65000
2026-05-13,라운드티,1,1,1,1,33600
2026-05-14,남성,41,41,45,50,3302630
2026-05-14,등산화,7,6,6,9,1061180
2026-05-14,여성,5,5,5,5,339060
2026-05-14,긴바지,2,2,1,2,65000
2026-05-14,라운드티,1,1,1,1,11000
2026-05-15,남성,38,38,55,65,4006730
2026-05-15,바람막이,2,2,2,2,167000
2026-05-15,등산화,1,1,1,1,136780
2026-05-15,긴바지,2,2,2,2,81000
2026-05-16,남성,35,35,46,51,3879130
2026-05-16,여성,7,7,6,7,619800
2026-05-16,등산화,1,1,1,1,109980
2026-05-17,남성,45,44,57,72,4331400
2026-05-17,등산화,4,4,3,4,361260
2026-05-17,여성,3,3,2,3,200970
2026-05-17,라운드티,3,3,1,3,117320
2026-05-18,남성,47,45,61,75,5539030
2026-05-18,여성,5,5,6,6,514640
2026-05-18,등산화,4,4,4,4,511220
2026-05-18,바람막이,1,1,1,1,70670
2026-05-18,긴바지,1,1,1,1,30000
2026-05-18,버킷/부니,1,1,1,1,25620
2026-05-19,남성,56,56,72,87,5720990
2026-05-19,여성,4,4,5,5,486890
2026-05-19,등산화,3,3,3,3,312250
2026-05-19,긴바지,3,3,1,3,96670
2026-05-19,폴로티/집업,1,1,1,1,58070
2026-05-19,UNKNOWN,1,1,1,1,50770
2026-05-19,라운드티,1,1,1,1,22000
2026-05-20,남성,60,60,47,69,6112590
2026-05-20,여성,20,20,7,21,1536610
2026-05-20,등산화,6,6,6,6,739970
2026-05-20,부츠,3,3,1,3,241840
2026-05-20,긴바지,2,2,2,2,101450
2026-05-21,남성,66,65,71,90,6796890
2026-05-21,여성,6,6,5,6,555310
2026-05-21,등산화,1,1,1,1,107980
2026-05-21,긴바지,2,2,2,2,107640
2026-05-21,UNKNOWN,1,1,1,1,9000
2026-05-22,남성,40,40,41,50,3933320
2026-05-22,여성,9,9,9,10,956930
2026-05-22,등산화,1,1,1,1,95670
2026-05-22,폴로티/집업,1,1,1,1,59000
2026-05-22,긴바지,1,1,1,1,49000
2026-05-22,라운드티,1,1,1,1,35000
2026-05-23,남성,37,36,43,51,3674550
2026-05-23,여성,6,6,7,7,603930
2026-05-23,부츠,1,1,1,1,85100
2026-05-23,셋업,1,1,1,1,39860
2026-05-23,라운드티,1,1,1,1,39480
2026-05-24,남성,32,32,36,39,2745020
2026-05-24,여성,7,7,9,9,763640
2026-05-24,UNKNOWN,1,1,1,1,94000
2026-05-24,셋업,1,1,1,1,66670
2026-05-24,바람막이,1,1,1,1,60740
2026-05-25,남성,59,59,69,87,5945530
2026-05-25,여성,5,5,7,7,550880
2026-05-25,라운드티,4,4,3,5,148740
2026-05-25,등산화,1,1,1,1,95780
2026-05-25,긴바지,1,1,1,1,37750
2026-05-26,남성,60,60,74,84,6884840
2026-05-26,여성,6,6,5,6,430630
2026-05-26,등산화,3,3,3,3,296020
2026-05-26,바람막이,1,1,1,1,72110
2026-05-27,남성,63,62,81,98,7220260
2026-05-27,여성,8,8,7,9,811550
2026-05-27,등산화,2,2,3,3,341620
2026-05-27,바람막이,1,1,1,1,77000
2026-05-27,라운드티,1,1,2,2,70000
2026-05-27,긴바지,1,1,1,1,49000
2026-05-28,남성,44,44,56,60,3977280
2026-05-28,여성,6,6,6,6,502630
2026-05-28,긴바지,2,2,2,2,103000
2026-05-28,등산화,1,1,1,1,89000
2026-05-28,부츠,1,1,1,1,88100
2026-05-28,라운드티,1,1,1,1,35980
2026-05-29,남성,84,81,84,126,8552430
2026-05-29,여성,12,12,13,14,1200840
2026-05-29,등산화,1,1,1,1,109980
2026-05-29,라운드티,2,2,3,3,84570
2026-05-29,긴바지,1,1,1,1,49000
2026-05-29,셋업,1,1,1,1,41000
2026-05-30,남성,52,52,64,77,5982560
2026-05-30,여성,6,6,6,6,395930
2026-05-30,등산화,1,1,1,1,136780
2026-05-30,셋업,1,1,1,1,85550
2026-05-31,남성,105,105,122,173,11217370
2026-05-31,여성,15,15,17,17,1486470
2026-05-31,UNKNOWN,3,3,2,5,73440
2026-05-31,긴바지,1,1,1,1,37000
2026-06-01,남성,80,79,85,113,8201820
2026-06-01,여성,10,10,10,10,939120
2026-06-01,등산화,4,4,3,4,425560
2026-06-01,바람막이,2,2,2,2,167000
2026-06-01,긴바지,3,3,2,3,123500
2026-06-01,라운드티,2,2,2,2,81090
2026-06-02,남성,41,40,55,67,5205420
2026-06-02,여성,6,6,6,6,605280
2026-06-02,바람막이,1,1,1,1,77000
