date,channel,spend,platform_revenue,report_ga_revenue
2025-07-01,Criteo,210683.73,1538200.0,381920.0
2025-07-01,Google Ads,0.0,0.0,0.0
2025-07-01,Kakao Moment,0.0,0.0,297360.0
2025-07-01,Meta,1137072.68,1906930.0,81580.0
2025-07-01,Naver Brand Search,273333.33,3836220.0,3183030.0
2025-07-01,Naver Search & Shopping,0.0,0.0,111650.0
2025-07-02,Criteo,1350588.82,1369520.0,984310.0
2025-07-02,Google Ads,0.0,0.0,0.0
2025-07-02,Kakao Moment,0.0,0.0,255520.0
2025-07-02,Meta,2257506.32,1778970.0,87750.0
2025-07-02,Naver Brand Search,273333.33,2298140.0,1815990.0
2025-07-02,Naver Search & Shopping,129798.0,188800.0,0.0
2025-07-03,Criteo,65634.2,1287780.0,291530.0
2025-07-03,Google Ads,0.0,0.0,94840.0
2025-07-03,Kakao Moment,0.0,0.0,403220.0
2025-07-03,Meta,108450.72,2817140.0,0.0
2025-07-03,Naver Brand Search,273333.33,2413550.0,2373070.0
2025-07-03,Naver Search & Shopping,189350.0,425180.0,185500.0
2025-07-04,Criteo,1714682.89,2037090.0,577880.0
2025-07-04,Google Ads,305.76,0.0,165800.0
2025-07-04,Kakao Moment,1577445.0,2568550.0,4072940.0
2025-07-04,Meta,180173.28,3414180.0,92830.0
2025-07-04,Naver Brand Search,273333.33,1678100.0,1173760.0
2025-07-04,Naver Search & Shopping,210679.0,544680.0,142560.0
2025-07-05,Criteo,74934.0,1012510.0,508510.0
2025-07-05,Google Ads,2022.72,0.0,0.0
2025-07-05,Kakao Moment,0.0,282390.0,2867040.0
2025-07-05,Meta,1655887.8,3024990.0,0.0
2025-07-05,Naver Brand Search,273333.33,3561770.0,2401760.0
2025-07-05,Naver Search & Shopping,299366.0,588240.0,318700.0
2025-07-06,Criteo,99253.27,1099870.0,783710.0
2025-07-06,Google Ads,0.0,0.0,131810.0
2025-07-06,Kakao Moment,0.0,1894420.0,811280.0
2025-07-06,Meta,700805.84,4904810.0,471490.0
2025-07-06,Naver Brand Search,273333.33,4358750.0,4037130.0
2025-07-06,Naver Search & Shopping,206530.0,109930.0,37100.0
2025-07-07,Criteo,1370269.32,2222280.0,368580.0
2025-07-07,Google Ads,0.0,0.0,113390.0
2025-07-07,Kakao Moment,0.0,1036480.0,1792320.0
2025-07-07,Meta,637500.48,4764540.0,314090.0
2025-07-07,Naver Brand Search,273333.33,3871915.0,2090780.0
2025-07-07,Naver Search & Shopping,279509.0,207470.0,0.0
2025-07-08,Criteo,1519999.0,2369540.0,631400.0
2025-07-08,Google Ads,494467.68,1484110.0,342270.0
2025-07-08,Kakao Moment,0.0,832180.0,1024685.0
2025-07-08,Meta,769952.16,4214195.0,387365.0
2025-07-08,Naver Brand Search,273333.33,3361770.0,1400760.0
2025-07-08,Naver Search & Shopping,276937.0,548530.0,0.0
2025-07-09,Criteo,104174.9,3339570.0,582800.0
2025-07-09,Google Ads,255171.84,1110347.61,640410.0
2025-07-09,Kakao Moment,0.0,1050770.0,674150.0
2025-07-09,Meta,146688.24,10582875.0,910330.0
2025-07-09,Naver Brand Search,273333.33,7358695.0,6832215.0
2025-07-09,Naver Search & Shopping,396071.0,729370.0,481160.0
2025-07-10,Criteo,389574.68,1413390.0,453780.0
2025-07-10,Google Ads,255926.72,1644587.11,520780.0
2025-07-10,Kakao Moment,0.0,579610.0,434830.0
2025-07-10,Meta,2957887.12,4801985.0,144180.0
2025-07-10,Naver Brand Search,273333.33,3770555.0,1061395.0
2025-07-10,Naver Search & Shopping,320673.0,531600.0,317540.0
2025-07-11,Criteo,678616.91,2617225.0,762380.0
2025-07-11,Google Ads,244220.48,1697214.13,307300.0
2025-07-11,Kakao Moment,0.0,431600.0,494240.0
2025-07-11,Meta,137298.56,4778025.0,413900.0
2025-07-11,Naver Brand Search,273333.33,2543665.0,2205760.0
2025-07-11,Naver Search & Shopping,395573.0,367050.0,364100.0
2025-07-12,Criteo,976872.99,1623915.0,629385.0
2025-07-12,Google Ads,274824.48,1543133.98,571730.0
2025-07-12,Kakao Moment,0.0,482500.0,1361985.0
2025-07-12,Meta,151514.72,5905460.0,514225.0
2025-07-12,Naver Brand Search,273333.33,2804550.0,2066150.0
2025-07-12,Naver Search & Shopping,356372.0,194110.0,178050.0
2025-07-13,Criteo,748389.36,1112900.0,273860.0
2025-07-13,Google Ads,2031214.2,945509.24,835420.0
2025-07-13,Kakao Moment,0.0,281650.0,976130.0
2025-07-13,Meta,265867.96,4737652.0,495430.0
2025-07-13,Naver Brand Search,273333.33,3594695.0,3274955.0
2025-07-13,Naver Search & Shopping,442780.0,504160.0,253670.0
2025-07-14,Criteo,95636.86,1479195.0,188170.0
2025-07-14,Google Ads,279708.8,895551.05,432690.0
2025-07-14,Kakao Moment,0.0,166700.0,328510.0
2025-07-14,Meta,239279.4,7931905.0,331970.0
2025-07-14,Naver Brand Search,273333.33,3906170.0,2282040.0
2025-07-14,Naver Search & Shopping,385845.0,383290.0,160450.0
2025-07-15,Criteo,233970.59,1913635.0,290660.0
2025-07-15,Google Ads,222295.36,850630.0,489270.0
2025-07-15,Kakao Moment,0.0,114930.0,264365.0
2025-07-15,Meta,142475.2,6861940.0,295650.0
2025-07-15,Naver Brand Search,273333.33,3676435.0,1760055.0
2025-07-15,Naver Search & Shopping,257630.0,413180.0,95670.0
2025-07-16,Criteo,151328.36,1855260.0,1154370.0
2025-07-16,Google Ads,265011.04,1021338.57,297550.0
2025-07-16,Kakao Moment,0.0,161000.0,160280.0
2025-07-16,Meta,186223.92,7660200.0,56320.0
2025-07-16,Naver Brand Search,273333.33,3486270.0,2525030.0
2025-07-16,Naver Search & Shopping,238724.0,950220.0,546080.0
2025-07-17,Criteo,175117.17,2943935.0,599500.0
2025-07-17,Google Ads,264544.0,1370099.76,488500.0
2025-07-17,Kakao Moment,1575165.0,5080880.0,5943335.0
2025-07-17,Meta,132780.48,5050295.0,351500.0
2025-07-17,Naver Brand Search,273333.33,4772010.0,2128945.0
2025-07-17,Naver Search & Shopping,351356.0,383610.0,0.0
2025-07-18,Criteo,170959.07,2515750.0,1176830.0
2025-07-18,Google Ads,230504.96,1492885.28,455870.0
2025-07-18,Kakao Moment,0.0,1209660.0,1541480.0
2025-07-18,Meta,143312.96,3313610.0,537625.0
2025-07-18,Naver Brand Search,273333.33,2767405.0,2547850.0
2025-07-18,Naver Search & Shopping,284587.0,878470.0,248760.0
2025-07-19,Criteo,2947731.46,2317395.0,1004980.0
2025-07-19,Google Ads,237700.96,1775132.77,773670.0
2025-07-19,Kakao Moment,0.0,854370.0,878150.0
2025-07-19,Meta,2162025.64,4575155.0,777910.0
2025-07-19,Naver Brand Search,273333.33,2674420.0,2424305.0
2025-07-19,Naver Search & Shopping,245516.0,829210.0,111470.0
2025-07-20,Criteo,180006.5,3302140.0,2293660.0
2025-07-20,Google Ads,267886.08,1495782.58,352780.0
2025-07-20,Kakao Moment,0.0,304935.0,821020.0
2025-07-20,Meta,160000.96,4783615.0,122210.0
2025-07-20,Naver Brand Search,273333.33,3086745.0,1790795.0
2025-07-20,Naver Search & Shopping,369283.0,910420.0,639260.0
2025-07-21,Criteo,167060.0,2321105.0,688675.0
2025-07-21,Google Ads,278006.4,1605299.44,316430.0
2025-07-21,Kakao Moment,0.0,521810.0,894165.0
2025-07-21,Meta,1012166.84,5830540.0,448360.0
2025-07-21,Naver Brand Search,273333.33,2791825.0,1615170.0
2025-07-21,Naver Search & Shopping,339780.0,1014120.0,172670.0
2025-07-22,Criteo,163329.0,1299515.0,603365.0
2025-07-22,Google Ads,228922.4,794245.04,671190.0
2025-07-22,Kakao Moment,0.0,370850.0,1143550.0
2025-07-22,Meta,148853.6,6161440.0,214090.0
2025-07-22,Naver Brand Search,273333.33,3377820.0,1293510.0
2025-07-22,Naver Search & Shopping,308079.0,1587210.0,278370.0
2025-07-23,Criteo,184639.69,2130145.0,650345.0
2025-07-23,Google Ads,261344.16,5928533.6,221600.0
2025-07-23,Kakao Moment,0.0,646060.0,1034645.0
2025-07-23,Meta,146330.24,4310620.0,437050.0
2025-07-23,Naver Brand Search,273333.33,3019905.0,1970790.0
2025-07-23,Naver Search & Shopping,283158.0,671430.0,155950.0
2025-07-24,Criteo,2846939.99,2336320.0,912950.0
2025-07-24,Google Ads,212741.76,1241484.7,821925.0
2025-07-24,Kakao Moment,0.0,304940.0,150520.0
2025-07-24,Meta,154979.2,4058455.0,202200.0
2025-07-24,Naver Brand Search,273333.33,3417060.0,2667065.0
2025-07-24,Naver Search & Shopping,299238.0,832060.0,272640.0
2025-07-25,Criteo,1940961.63,1768905.0,668630.0
2025-07-25,Google Ads,175070.56,367077.96,492680.0
2025-07-25,Kakao Moment,0.0,81370.0,180030.0
2025-07-25,Meta,137346.72,4151970.0,397680.0
2025-07-25,Naver Brand Search,273333.33,2049095.0,2057625.0
2025-07-25,Naver Search & Shopping,377550.0,817955.0,402505.0
2025-07-26,Criteo,151396.21,1592825.0,157550.0
2025-07-26,Google Ads,227240.16,999559.85,563800.0
2025-07-26,Kakao Moment,0.0,353600.0,608770.0
2025-07-26,Meta,192346.08,4639875.0,901935.0
2025-07-26,Naver Brand Search,273333.33,2892375.0,2240705.0
2025-07-26,Naver Search & Shopping,235910.0,439190.0,224830.0
2025-07-27,Criteo,183386.69,2239445.0,756450.0
2025-07-27,Google Ads,2732713.0,1169504.32,402580.0
2025-07-27,Kakao Moment,0.0,37200.0,184585.0
2025-07-27,Meta,67776.8,3428040.0,350400.0
2025-07-27,Naver Brand Search,273333.33,2100265.0,992685.0
2025-07-27,Naver Search & Shopping,335519.0,971030.0,0.0
2025-07-28,Criteo,194286.39,2158820.0,723930.0
2025-07-28,Google Ads,231330.4,1152093.76,279720.0
2025-07-28,Kakao Moment,0.0,108975.0,558275.0
2025-07-28,Meta,130774.4,3040830.0,355750.0
2025-07-28,Naver Brand Search,273333.33,2803410.0,1304015.0
2025-07-28,Naver Search & Shopping,351452.0,545140.0,239450.0
2025-07-29,Criteo,149336.37,2599925.0,1098365.0
2025-07-29,Google Ads,2097454.4,470002.98,7000.0
2025-07-29,Kakao Moment,0.0,147490.0,562270.0
2025-07-29,Meta,141236.48,3639250.0,265880.0
2025-07-29,Naver Brand Search,273333.0,2902320.0,1852300.0
2025-07-29,Naver Search & Shopping,322044.0,634130.0,228700.0
2025-07-30,Criteo,1872854.01,1998760.0,484745.0
2025-07-30,Google Ads,298892.16,2429699.64,1454030.0
2025-07-30,Kakao Moment,0.0,0.0,214350.0
2025-07-30,Meta,719400.36,6035305.0,138590.0
2025-07-30,Naver Brand Search,273333.33,3941010.0,1817150.0
2025-07-30,Naver Search & Shopping,235435.0,752910.0,0.0
2025-07-31,Criteo,165517.55,2137750.0,542175.0
2025-07-31,Google Ads,208047.84,863645.81,857435.0
2025-07-31,Kakao Moment,0.0,0.0,25730.0
2025-07-31,Meta,179637.28,6723605.0,307600.0
2025-07-31,Naver Brand Search,273333.33,4147510.0,3263190.0
2025-07-31,Naver Search & Shopping,377775.0,1517220.0,485140.0
2025-08-01,Criteo,173873.83,2532590.0,796600.0
2025-08-01,Google Ads,210119.84,1646447.78,985410.0
2025-08-01,Kakao Moment,0.0,243550.0,341450.0
2025-08-01,Meta,3574086.08,3667900.0,417320.0
2025-08-01,Naver Brand Search,273333.33,1324280.0,1019770.0
2025-08-01,Naver Search & Shopping,221399.0,873060.0,127170.0
2025-08-02,Criteo,1556233.0,1493870.0,87380.0
2025-08-02,Google Ads,1251270.36,590229.6,414380.0
2025-08-02,Kakao Moment,0.0,206190.0,267890.0
2025-08-02,Meta,2183824.0,2767670.0,261520.0
2025-08-02,Naver Brand Search,240000.0,3747330.0,3418100.0
2025-08-02,Naver Search & Shopping,290485.0,1152860.0,833070.0
2025-08-03,Criteo,1592573.54,1662610.0,671780.0
2025-08-03,Google Ads,153995.52,689820.53,98000.0
2025-08-03,Kakao Moment,0.0,0.0,106400.0
2025-08-03,Meta,2625249.8,3099910.0,378980.0
2025-08-03,Naver Brand Search,240000.0,2129540.0,1725490.0
2025-08-03,Naver Search & Shopping,337107.0,1239160.0,330940.0
2025-08-04,Criteo,2683449.0,1524430.0,416690.0
2025-08-04,Google Ads,2828013.84,532968.32,247800.0
2025-08-04,Kakao Moment,0.0,117200.0,220980.0
2025-08-04,Meta,1504677.88,2873460.0,301850.0
2025-08-04,Naver Brand Search,240000.0,2088370.0,1132280.0
2025-08-04,Naver Search & Shopping,270788.0,472800.0,194450.0
2025-08-05,Criteo,559164.43,1110200.0,292130.0
2025-08-05,Google Ads,1902779.44,1033157.1,309340.0
2025-08-05,Kakao Moment,0.0,65300.0,187870.0
2025-08-05,Meta,2091747.92,3923050.0,308620.0
2025-08-05,Naver Brand Search,240000.0,2596380.0,1365450.0
2025-08-05,Naver Search & Shopping,234503.0,881200.0,35000.0
2025-08-06,Criteo,96461.19,1250320.0,357420.0
2025-08-06,Google Ads,2250109.0,463130.31,39000.0
2025-08-06,Kakao Moment,0.0,239170.0,192370.0
2025-08-06,Meta,4686602.8,3458980.0,89000.0
2025-08-06,Naver Brand Search,240000.0,2645280.0,969690.0
2025-08-06,Naver Search & Shopping,266220.0,353500.0,87370.0
2025-08-07,Criteo,98645.23,2053260.0,263060.0
2025-08-07,Google Ads,2460016.32,305065.29,340040.0
2025-08-07,Kakao Moment,1576845.0,537900.0,1079780.0
2025-08-07,Meta,2737872.32,4603000.0,808970.0
2025-08-07,Naver Brand Search,240000.0,2182490.0,1532920.0
2025-08-07,Naver Search & Shopping,220723.0,455490.0,71200.0
2025-08-08,Criteo,1421233.45,961790.0,314190.0
2025-08-08,Google Ads,144613.28,441482.94,179680.0
2025-08-08,Kakao Moment,0.0,220100.0,604610.0
2025-08-08,Meta,2908803.4,3840290.0,418970.0
2025-08-08,Naver Brand Search,273333.33,1670690.0,1486970.0
2025-08-08,Naver Search & Shopping,189271.0,328320.0,102780.0
2025-08-09,Criteo,1721590.0,1242200.0,617470.0
2025-08-09,Google Ads,113115.52,1166737.73,244540.0
2025-08-09,Kakao Moment,0.0,190800.0,363030.0
2025-08-09,Meta,2925993.24,3309280.0,576370.0
2025-08-09,Naver Brand Search,273333.33,3539570.0,3113830.0
2025-08-09,Naver Search & Shopping,167300.0,487840.0,168730.0
2025-08-10,Criteo,101164.12,1032370.0,220540.0
2025-08-10,Google Ads,1691261.12,997063.25,765040.0
2025-08-10,Kakao Moment,0.0,15000.0,141680.0
2025-08-10,Meta,1015288.12,1377520.0,29100.0
2025-08-10,Naver Brand Search,273333.33,2454590.0,2418120.0
2025-08-10,Naver Search & Shopping,218731.0,613300.0,114200.0
2025-08-11,Criteo,125145.0,970110.0,62100.0
2025-08-11,Google Ads,136865.12,170270.1,38300.0
2025-08-11,Kakao Moment,0.0,173880.0,138870.0
2025-08-11,Meta,649203.52,2188730.0,135290.0
2025-08-11,Naver Brand Search,240000.0,1447620.0,968030.0
2025-08-11,Naver Search & Shopping,291228.0,935730.0,111300.0
2025-08-12,Criteo,93560.64,872950.0,0.0
2025-08-12,Google Ads,139013.28,577420.0,82830.0
2025-08-12,Kakao Moment,0.0,106110.0,356910.0
2025-08-12,Meta,154182.56,1759320.0,74170.0
2025-08-12,Naver Brand Search,240000.0,2224150.0,906270.0
2025-08-12,Naver Search & Shopping,137045.0,695690.0,160470.0
2025-08-13,Criteo,2066264.0,1250050.0,204880.0
2025-08-13,Google Ads,2403018.32,994742.45,772050.0
2025-08-13,Kakao Moment,0.0,128090.0,48650.0
2025-08-13,Meta,820769.72,1434890.0,58950.0
2025-08-13,Naver Brand Search,240000.0,1943900.0,909880.0
2025-08-13,Naver Search & Shopping,87155.0,562910.0,367240.0
2025-08-14,Criteo,92069.97,1200860.0,100780.0
2025-08-14,Google Ads,1647760.36,353519.08,99700.0
2025-08-14,Kakao Moment,0.0,293220.0,246970.0
2025-08-14,Meta,1648965.8,2080170.0,152480.0
2025-08-14,Naver Brand Search,240000.0,1342520.0,1218420.0
2025-08-14,Naver Search & Shopping,125105.0,384900.0,305700.0
2025-08-15,Criteo,723270.03,475150.0,179340.0
2025-08-15,Google Ads,998120.0,300793.61,150580.0
2025-08-15,Kakao Moment,0.0,0.0,137720.0
2025-08-15,Meta,153026.72,1964770.0,569830.0
2025-08-15,Naver Brand Search,240000.0,1271450.0,1271450.0
2025-08-15,Naver GFA,17590.0,0.0,0.0
2025-08-15,Naver Search & Shopping,223474.0,477500.0,128050.0
2025-08-16,Criteo,109811.2,1091970.0,427360.0
2025-08-16,Google Ads,1986554.32,395262.28,275590.0
2025-08-16,Kakao Moment,0.0,0.0,918660.0
2025-08-16,Meta,424476.32,3650620.0,384110.0
2025-08-16,Naver Brand Search,240000.0,1413230.0,1182630.0
2025-08-16,Naver GFA,97373.64,189410.0,0.0
2025-08-16,Naver Search & Shopping,261000.0,470110.0,168520.0
2025-08-17,Criteo,98391.23,1070070.0,135940.0
2025-08-17,Google Ads,184532.32,283726.48,775600.0
2025-08-17,Kakao Moment,0.0,0.0,418680.0
2025-08-17,Meta,243332.4,4497830.0,592420.0
2025-08-17,Naver Brand Search,240000.0,1045110.0,915610.0
2025-08-17,Naver GFA,117707.27,32000.0,0.0
2025-08-17,Naver Search & Shopping,197356.0,389270.0,180720.0
2025-08-18,Criteo,2852500.0,1007920.0,184850.0
2025-08-18,Google Ads,2429384.44,183120.0,116590.0
2025-08-18,Kakao Moment,0.0,0.0,116290.0
2025-08-18,Meta,1741895.08,10098490.0,150770.0
2025-08-18,Naver Brand Search,240000.0,1690160.0,1091500.0
2025-08-18,Naver GFA,104775.45,49680.0,0.0
2025-08-18,Naver Search & Shopping,134821.0,652430.0,44980.0
2025-08-19,Criteo,91333.72,563000.0,229790.0
2025-08-19,Google Ads,3436375.0,827056.51,614360.0
2025-08-19,Kakao Moment,0.0,0.0,71100.0
2025-08-19,Meta,245196.4,3835670.0,236800.0
2025-08-19,Naver Brand Search,240000.0,1811340.0,670920.0
2025-08-19,Naver GFA,137559.09,735510.0,301300.0
2025-08-19,Naver Search & Shopping,148120.0,511670.0,0.0
2025-08-20,Criteo,94515.87,775710.0,235140.0
2025-08-20,Google Ads,159438.72,680188.55,55000.0
2025-08-20,Kakao Moment,0.0,0.0,277240.0
2025-08-20,Meta,163218.72,3312550.0,346370.0
2025-08-20,Naver Brand Search,240000.0,3190230.0,2294200.0
2025-08-20,Naver GFA,122320.91,93800.0,93800.0
2025-08-20,Naver Search & Shopping,238662.0,309080.0,139000.0
2025-08-21,Criteo,620309.54,841470.0,375590.0
2025-08-21,Google Ads,1878390.96,384100.0,619790.0
2025-08-21,Kakao Moment,0.0,0.0,345050.0
2025-08-21,Meta,288991.36,2975560.0,413000.0
2025-08-21,Naver Brand Search,240000.0,2090270.0,1925410.0
2025-08-21,Naver GFA,150329.09,318680.0,163080.0
2025-08-21,Naver Search & Shopping,231587.0,183780.0,183780.0
2025-08-22,Criteo,95373.9,441000.0,316400.0
2025-08-22,Google Ads,2610592.48,228049.62,49000.0
2025-08-22,Kakao Moment,0.0,0.0,20100.0
2025-08-22,Meta,153453.44,3281600.0,1171780.0
2025-08-22,Naver Brand Search,240000.0,2135160.0,1999380.0
2025-08-22,Naver GFA,144097.27,336190.0,265700.0
2025-08-22,Naver Search & Shopping,77354.0,443910.0,192540.0
2025-08-23,Criteo,1777018.0,1042640.0,446170.0
2025-08-23,Google Ads,184710.4,841720.78,626630.0
2025-08-23,Kakao Moment,0.0,0.0,49300.0
2025-08-23,Meta,158089.12,5372760.0,509700.0
2025-08-23,Naver Brand Search,240000.0,2505040.0,2407740.0
2025-08-23,Naver GFA,179787.27,137200.0,106200.0
2025-08-23,Naver Search & Shopping,111635.0,645820.0,0.0
2025-08-24,Criteo,100036.65,646500.0,314690.0
2025-08-24,Google Ads,1070393.04,406060.0,0.0
2025-08-24,Kakao Moment,0.0,0.0,239080.0
2025-08-24,Meta,451376.52,2605950.0,532080.0
2025-08-24,Naver Brand Search,240000.0,2347090.0,1606590.0
2025-08-24,Naver GFA,176379.09,392470.0,197660.0
2025-08-24,Naver Search & Shopping,92408.0,223500.0,0.0
2025-08-25,Criteo,3209646.0,1250600.0,437730.0
2025-08-25,Google Ads,1210082.04,653351.28,253250.0
2025-08-25,Kakao Moment,0.0,96500.0,205100.0
2025-08-25,Meta,317489.12,3031890.0,295170.0
2025-08-25,Naver Brand Search,60000.0,1934110.0,899600.0
2025-08-25,Naver GFA,172093.64,98900.0,0.0
2025-08-25,Naver Search & Shopping,71440.0,613970.0,0.0
2025-08-26,Criteo,408775.74,656170.0,175700.0
2025-08-26,Google Ads,2335989.28,492940.0,152070.0
2025-08-26,Kakao Moment,0.0,0.0,0.0
2025-08-26,Meta,220173.64,2167250.0,266110.0
2025-08-26,Naver Brand Search,240000.0,1615100.0,1082000.0
2025-08-26,Naver GFA,146379.09,358550.0,140200.0
2025-08-26,Naver Search & Shopping,132434.0,93620.0,73600.0
2025-08-27,Criteo,1600603.39,546070.0,65000.0
2025-08-27,Google Ads,182359.52,564540.0,107190.0
2025-08-27,Kakao Moment,0.0,0.0,0.0
2025-08-27,Meta,157495.52,1523600.0,319280.0
2025-08-27,Naver Brand Search,240000.0,2208410.0,1090720.0
2025-08-27,Naver GFA,168719.09,220370.0,0.0
2025-08-27,Naver Search & Shopping,72170.0,408350.0,94500.0
2025-08-28,Criteo,98375.03,1038870.0,363800.0
2025-08-28,Google Ads,1016006.08,393573.76,258220.0
2025-08-28,Kakao Moment,1572315.0,629450.0,730310.0
2025-08-28,Meta,153273.12,1943310.0,215570.0
2025-08-28,Naver Brand Search,240000.0,1745070.0,1340200.0
2025-08-28,Naver GFA,124780.0,289670.0,225070.0
2025-08-28,Naver Search & Shopping,94644.0,430960.0,0.0
2025-08-29,Criteo,1762659.36,938780.0,312510.0
2025-08-29,Google Ads,1706795.6,1054781.6,325300.0
2025-08-29,Kakao Moment,0.0,289140.0,321940.0
2025-08-29,Meta,4083905.24,3426580.0,40770.0
2025-08-29,Naver Brand Search,240000.0,3314130.0,2919800.0
2025-08-29,Naver GFA,128746.36,58100.0,58100.0
2025-08-29,Naver Search & Shopping,118365.0,236030.0,141980.0
2025-08-30,Criteo,903985.93,265800.0,30810.0
2025-08-30,Google Ads,1985510.32,655284.1,560190.0
2025-08-30,Kakao Moment,0.0,442690.0,889740.0
2025-08-30,Meta,3967096.72,2007700.0,410380.0
2025-08-30,Naver Brand Search,240000.0,638210.0,965990.0
2025-08-30,Naver GFA,155821.82,357800.0,255200.0
2025-08-30,Naver Search & Shopping,144018.0,939160.0,183670.0
2025-08-31,Criteo,2169273.0,538940.0,89000.0
2025-08-31,Google Ads,305019.88,477770.0,0.0
2025-08-31,Kakao Moment,0.0,399590.0,242300.0
2025-08-31,Meta,181337.4,1689580.0,115300.0
2025-08-31,Naver Brand Search,240000.0,1942260.0,1549940.0
2025-08-31,Naver GFA,165737.27,274870.0,274870.0
2025-08-31,Naver Search & Shopping,122674.0,461860.0,0.0
2025-09-01,Criteo,936067.54,333800.0,58000.0
2025-09-01,Google Ads,282841.44,451379.63,248970.0
2025-09-01,Kakao Moment,0.0,62620.0,163730.0
2025-09-01,Meta,163191.84,4940870.0,306400.0
2025-09-01,Naver Brand Search,240000.0,1459300.0,1038410.0
2025-09-01,Naver GFA,180503.64,501480.0,218900.0
2025-09-01,Naver Search & Shopping,123171.0,158500.0,154100.0
2025-09-02,Criteo,1451919.49,326000.0,85530.0
2025-09-02,Google Ads,568263.36,495947.06,233400.0
2025-09-02,Kakao Moment,28952.0,8430.0,345000.0
2025-09-02,Meta,1431037.52,3099270.0,57600.0
2025-09-02,Naver Brand Search,240000.0,2588270.0,1061200.0
2025-09-02,Naver GFA,171593.64,262580.0,159580.0
2025-09-02,Naver Search & Shopping,136504.0,398330.0,0.0
2025-09-03,Criteo,99572.84,982240.0,264420.0
2025-09-03,Google Ads,479445.12,744978.9,306600.0
2025-09-03,Kakao Moment,27693.0,89550.0,98350.0
2025-09-03,Meta,152662.72,3015460.0,261970.0
2025-09-03,Naver Brand Search,240000.0,2650380.0,1504830.0
2025-09-03,Naver GFA,179779.09,442220.0,297770.0
2025-09-03,Naver Search & Shopping,130520.0,328770.0,0.0
2025-09-04,Criteo,2079728.0,1733480.0,759410.0
2025-09-04,Google Ads,3272234.92,595720.82,229840.0
2025-09-04,Kakao Moment,30412.0,298200.0,580890.0
2025-09-04,Meta,142713.76,2778140.0,191000.0
2025-09-04,Naver Brand Search,240000.0,1941370.0,1056090.0
2025-09-04,Naver GFA,177941.82,271630.0,60100.0
2025-09-04,Naver Search & Shopping,159784.0,55000.0,0.0
2025-09-05,Criteo,2042295.0,1253770.0,533820.0
2025-09-05,Google Ads,3719481.52,1280967.68,1401470.0
2025-09-05,Kakao Moment,97409.0,0.0,446450.0
2025-09-05,Meta,180992.0,1895880.0,304740.0
2025-09-05,Naver Brand Search,240000.0,1191290.0,1037720.0
2025-09-05,Naver GFA,357815.45,535800.0,343600.0
2025-09-05,Naver Search & Shopping,201566.0,518050.0,136600.0
2025-09-06,Criteo,1632474.49,680970.0,152870.0
2025-09-06,Google Ads,2202602.64,1224986.98,926800.0
2025-09-06,Kakao Moment,30187.0,0.0,0.0
2025-09-06,Meta,506976.0,1708600.0,164880.0
2025-09-06,Naver Brand Search,240000.0,1347960.0,1072160.0
2025-09-06,Naver GFA,765831.82,365770.0,250770.0
2025-09-06,Naver Search & Shopping,94980.0,264300.0,175300.0
2025-09-07,Criteo,2503280.0,729850.0,256740.0
2025-09-07,Google Ads,2831552.64,1854085.87,536960.0
2025-09-07,Kakao Moment,54331.0,0.0,363520.0
2025-09-07,Meta,781659.28,3397750.0,208060.0
2025-09-07,Naver Brand Search,240000.0,1810460.0,1017990.0
2025-09-07,Naver GFA,771686.36,588800.0,363100.0
2025-09-07,Naver Search & Shopping,182357.0,169450.0,0.0
2025-09-08,Criteo,107971.29,540970.0,320990.0
2025-09-08,Google Ads,2217084.2,1116439.19,673190.0
2025-09-08,Kakao Moment,29140.0,0.0,159190.0
2025-09-08,Meta,250636.96,4149510.0,472780.0
2025-09-08,Naver Brand Search,240000.0,1421060.0,850620.0
2025-09-08,Naver GFA,621086.36,565100.0,258300.0
2025-09-08,Naver Search & Shopping,186450.0,213280.0,303360.0
2025-09-09,Criteo,763846.56,537150.0,218700.0
2025-09-09,Google Ads,1279700.88,268020.27,0.0
2025-09-09,Kakao Moment,30073.0,91670.0,310450.0
2025-09-09,Meta,235543.84,5381100.0,266300.0
2025-09-09,Naver Brand Search,240000.0,2110740.0,1072300.0
2025-09-09,Naver GFA,151195.45,447490.0,0.0
2025-09-09,Naver Search & Shopping,129860.0,515770.0,0.0
2025-09-10,Criteo,1171317.52,350900.0,334700.0
2025-09-10,Google Ads,3091248.96,513698.91,55600.0
2025-09-10,Kakao Moment,30081.0,0.0,476170.0
2025-09-10,Meta,222092.64,4555600.0,274200.0
2025-09-10,Naver Brand Search,240000.0,3361520.0,1740950.0
2025-09-10,Naver GFA,56160.0,0.0,0.0
2025-09-10,Naver Search & Shopping,238179.0,195940.0,194000.0
2025-09-11,Criteo,102062.85,597400.0,367960.0
2025-09-11,Google Ads,369148.64,513252.84,174990.0
2025-09-11,Kakao Moment,27890.0,0.0,0.0
2025-09-11,Meta,269835.64,3748855.0,230200.0
2025-09-11,Naver Brand Search,240000.0,1275310.0,821760.0
2025-09-11,Naver GFA,86963.64,672220.0,266200.0
2025-09-11,Naver Search & Shopping,212724.0,0.0,0.0
2025-09-12,Criteo,101417.31,934310.0,365880.0
2025-09-12,Google Ads,1206647.64,2230496.12,1160220.0
2025-09-12,Kakao Moment,29371.0,44000.0,0.0
2025-09-12,Meta,230669.6,1394510.0,205000.0
2025-09-12,Naver Brand Search,240000.0,1543380.0,1366830.0
2025-09-12,Naver GFA,87950.91,227750.0,113200.0
2025-09-12,Naver Search & Shopping,122105.0,379450.0,167700.0
2025-09-13,Criteo,662430.53,415670.0,28590.0
2025-09-13,Google Ads,2470669.24,453606.0,125500.0
2025-09-13,Kakao Moment,30465.0,43550.0,244000.0
2025-09-13,Meta,228510.24,1438300.0,452970.0
2025-09-13,Naver Brand Search,240000.0,1397550.0,1224950.0
2025-09-13,Naver GFA,90945.45,0.0,0.0
2025-09-13,Naver Search & Shopping,86139.0,42750.0,0.0
2025-09-14,Criteo,128483.21,791930.0,349450.0
2025-09-14,Google Ads,2917504.32,1313887.3,0.0
2025-09-14,Kakao Moment,29867.0,0.0,0.0
2025-09-14,Meta,258116.32,2367690.0,0.0
2025-09-14,Naver Brand Search,240000.0,512670.0,472190.0
2025-09-14,Naver GFA,85480.91,442740.0,247570.0
2025-09-14,Naver Search & Shopping,158606.0,765810.0,354200.0
2025-09-15,Criteo,151757.89,1730870.0,721040.0
2025-09-15,Google Ads,2237057.84,1620503.08,367270.0
2025-09-15,Kakao Moment,28919.0,0.0,344690.0
2025-09-15,Meta,246184.96,6181150.0,412050.0
2025-09-15,Naver Brand Search,240000.0,2449490.0,1582560.0
2025-09-15,Naver GFA,88870.91,41700.0,0.0
2025-09-15,Naver Search & Shopping,152443.0,1608700.0,55050.0
2025-09-16,Criteo,69817.88,1665600.0,587840.0
2025-09-16,Google Ads,2204398.88,894918.62,473970.0
2025-09-16,Kakao Moment,29694.0,0.0,384140.0
2025-09-16,Meta,237668.48,11532590.0,311050.0
2025-09-16,Naver Brand Search,240000.0,3353600.0,1616330.0
2025-09-16,Naver GFA,62643.64,50600.0,0.0
2025-09-16,Naver Search & Shopping,220784.0,1926600.0,333130.0
2025-09-17,Criteo,143210.41,1291670.0,383590.0
2025-09-17,Google Ads,1561768.28,400570.0,244600.0
2025-09-17,Kakao Moment,29838.0,0.0,0.0
2025-09-17,Meta,99621.2,5954880.0,0.0
2025-09-17,Naver Brand Search,240000.0,5247450.0,1496250.0
2025-09-17,Naver GFA,62708.18,0.0,0.0
2025-09-17,Naver Search & Shopping,204918.0,374600.0,243450.0
2025-09-18,Criteo,1794638.76,1609800.0,846160.0
2025-09-18,Google Ads,314352.64,1507827.37,71220.0
2025-09-18,Kakao Moment,1608098.0,1812950.0,1604290.0
2025-09-18,Meta,286544.16,8298200.0,744320.0
2025-09-18,Naver Brand Search,240000.0,3137910.0,1475850.0
2025-09-18,Naver GFA,62001.82,582700.0,0.0
2025-09-18,Naver Search & Shopping,235286.0,928130.0,43180.0
2025-09-19,Criteo,1748036.31,1679050.0,1106020.0
2025-09-19,Google Ads,3696778.52,1411024.1,370640.0
2025-09-19,Kakao Moment,30260.0,451270.0,906810.0
2025-09-19,Meta,232182.72,7508170.0,1488000.0
2025-09-19,Naver Brand Search,240000.0,5546030.0,5421840.0
2025-09-19,Naver GFA,62572.73,699250.0,191380.0
2025-09-19,Naver Search & Shopping,193877.0,391870.0,133900.0
2025-09-20,Criteo,109001.45,1916700.0,558090.0
2025-09-20,Google Ads,3150717.68,4324682.19,3123800.0
2025-09-20,Kakao Moment,30339.0,656370.0,573670.0
2025-09-20,Meta,166653.76,5727470.0,693400.0
2025-09-20,Naver Brand Search,240000.0,2603860.0,2616060.0
2025-09-20,Naver GFA,61857.27,534850.0,0.0
2025-09-20,Naver Search & Shopping,166579.0,798320.0,294370.0
2025-09-21,Criteo,1031224.58,1980250.0,535370.0
2025-09-21,Google Ads,1523767.44,1444150.35,325280.0
2025-09-21,Kakao Moment,30684.0,872690.0,601520.0
2025-09-21,Meta,242536.0,9121350.0,1505850.0
2025-09-21,Naver Brand Search,240000.0,3131140.0,1466000.0
2025-09-21,Naver GFA,62855.45,689400.0,504200.0
2025-09-21,Naver Search & Shopping,320507.0,1185030.0,383440.0
2025-09-22,Criteo,1481527.78,1504940.0,344960.0
2025-09-22,Google Ads,2941909.08,1033925.39,126580.0
2025-09-22,Kakao Moment,29397.0,486600.0,343340.0
2025-09-22,Meta,121561.82,4302483.0,968000.0
2025-09-22,Naver Brand Search,1240000.0,2707660.0,1875730.0
2025-09-22,Naver GFA,63686.36,334170.0,171300.0
2025-09-22,Naver Search & Shopping,204931.0,1017260.0,0.0
2025-09-23,Criteo,102858.61,1773530.0,248620.0
2025-09-23,Google Ads,1978474.12,1478702.99,422670.0
2025-09-23,Kakao Moment,29579.0,215170.0,403740.0
2025-09-23,Meta,301789.6,7711548.0,635700.0
2025-09-23,Naver Brand Search,240000.0,4360276.0,3271660.0
2025-09-23,Naver GFA,61909.09,511020.0,59580.0
2025-09-23,Naver Search & Shopping,280236.0,622090.0,0.0
2025-09-24,Criteo,2439530.32,1852500.0,97300.0
2025-09-24,Google Ads,1082851.52,797925.7,76500.0
2025-09-24,Kakao Moment,29253.0,69070.0,171200.0
2025-09-24,Meta,239906.8,7158770.0,396470.0
2025-09-24,Naver Brand Search,240000.0,3324760.0,1588670.0
2025-09-24,Naver GFA,59652.73,752030.0,220300.0
2025-09-24,Naver Search & Shopping,245378.0,898540.0,431600.0
2025-09-25,Criteo,132721.38,2167670.0,395000.0
2025-09-25,Google Ads,1633123.18,37078649.35,436600.0
2025-09-25,Kakao Moment,1633367.0,1668360.0,1672120.0
2025-09-25,Meta,213754.24,7594150.0,381000.0
2025-09-25,Naver Brand Search,240000.0,5160960.0,2550890.0
2025-09-25,Naver GFA,61909.09,511020.0,127600.0
2025-09-25,Naver Search & Shopping,168799.0,500770.0,0.0
2025-09-26,Criteo,117000.82,2049680.0,677940.0
2025-09-26,Google Ads,1862189.52,636121.6,635150.0
2025-09-26,Kakao Moment,30158.0,822220.0,1304980.0
2025-09-26,Meta,228397.12,4833580.0,811000.0
2025-09-26,Naver Brand Search,240000.0,2525020.0,2172450.0
2025-09-26,Naver GFA,58140.0,311640.0,151180.0
2025-09-26,Naver Search & Shopping,184506.0,561920.0,55600.0
2025-09-27,Criteo,110908.82,552600.0,210000.0
2025-09-27,Google Ads,833407.4,413412.66,189250.0
2025-09-27,Kakao Moment,47284.0,142870.0,412940.0
2025-09-27,Meta,230811.84,5049450.0,618600.0
2025-09-27,Naver Brand Search,240000.0,2497570.0,2694890.01
2025-09-27,Naver GFA,64734.55,463380.0,0.0
2025-09-27,Naver Search & Shopping,218231.0,778840.0,0.0
2025-09-28,Criteo,131094.24,3828170.0,334710.0
2025-09-28,Google Ads,2163568.8,1200062.14,397440.0
2025-09-28,Kakao Moment,46934.0,1514890.0,1558630.0
2025-09-28,Meta,256818.24,10716180.0,1025840.0
2025-09-28,Naver Brand Search,240000.0,6414620.0,3347090.0
2025-09-28,Naver GFA,58283.09,664390.0,35280.0
2025-09-28,Naver Search & Shopping,348987.0,1080940.0,327000.0
2025-09-29,Criteo,1329731.64,2185400.0,195240.0
2025-09-29,Google Ads,1853777.36,865389.04,305050.0
2025-09-29,Kakao Moment,29159.0,702410.0,668680.0
2025-09-29,Meta,329612.0,4613430.0,340060.0
2025-09-29,Naver Brand Search,240000.0,2437000.0,1108210.0
2025-09-29,Naver GFA,63472.73,262780.0,129580.0
2025-09-29,Naver Search & Shopping,165922.0,571260.0,0.0
2025-09-30,Criteo,123315.11,1813900.0,592700.0
2025-09-30,Google Ads,1873743.44,752153.72,56290.0
2025-09-30,Kakao Moment,11000.0,412200.0,168620.0
2025-09-30,Meta,235122.72,7252480.0,194000.0
2025-09-30,Naver Brand Search,240000.0,4507960.0,2429470.0
2025-09-30,Naver GFA,62879.45,255720.0,76520.0
2025-09-30,Naver Search & Shopping,133730.0,543650.0,237200.0
2025-10-01,Criteo,2064075.37,2969140.0,248270.0
2025-10-01,Google Ads,1707115.64,978358.8,280170.0
2025-10-01,Kakao Moment,30146.0,934170.0,82440.0
2025-10-01,Meta,234371.2,11446495.0,428100.0
2025-10-01,Naver Brand Search,273333.0,4036960.0,1860470.0
2025-10-01,Naver GFA,66175.45,59000.0,0.0
2025-10-01,Naver Search & Shopping,209311.0,981730.0,445930.0
2025-10-02,Criteo,1716172.73,2544570.0,1037620.0
2025-10-02,Google Ads,2462314.36,1734016.94,300940.0
2025-10-02,Kakao Moment,19794.0,0.0,262460.0
2025-10-02,Meta,189336.0,6777226.0,745340.0
2025-10-02,Naver Brand Search,273333.0,2512250.0,2467380.0
2025-10-02,Naver GFA,60928.18,60280.0,0.0
2025-10-02,Naver Search & Shopping,239716.0,246620.0,266220.0
2025-10-03,Criteo,1775002.0,1954300.0,367390.0
2025-10-03,Google Ads,1200986.96,2275211.92,1198080.0
2025-10-03,Kakao Moment,0.0,143850.0,297680.0
2025-10-03,Meta,183989.12,4199904.0,438700.0
2025-10-03,Naver Brand Search,273333.0,1651660.0,1388380.0
2025-10-03,Naver GFA,60523.64,64600.0,0.0
2025-10-03,Naver Search & Shopping,229068.0,618910.0,181600.0
2025-10-04,Criteo,103873.69,1095800.0,405700.0
2025-10-04,Google Ads,346544.8,2520629.77,882290.0
2025-10-04,Kakao Moment,0.0,21020.0,89600.0
2025-10-04,Meta,174217.12,2359387.0,550600.0
2025-10-04,Naver Brand Search,273333.0,1232940.0,1062990.0
2025-10-04,Naver GFA,54616.36,0.0,0.0
2025-10-04,Naver Search & Shopping,151445.0,403790.0,110000.0
2025-10-05,Criteo,98274.24,1036800.0,301930.0
2025-10-05,Google Ads,896068.24,1717897.65,267290.0
2025-10-05,Kakao Moment,0.0,232090.0,318950.0
2025-10-05,Meta,196378.56,6918802.0,1290120.0
2025-10-05,Naver Brand Search,273333.0,2347290.0,2165040.0
2025-10-05,Naver GFA,57870.0,0.0,0.0
2025-10-05,Naver Search & Shopping,263471.0,535040.0,64000.0
2025-10-06,Criteo,106004.05,1712270.0,525090.0
2025-10-06,Google Ads,2647075.16,1071562.9,456190.0
2025-10-06,Kakao Moment,0.0,55480.0,74500.0
2025-10-06,Meta,217136.64,5440701.0,627070.0
2025-10-06,Naver Brand Search,273333.0,2661810.0,2876210.0
2025-10-06,Naver GFA,62088.18,134600.0,134600.0
2025-10-06,Naver Search & Shopping,168725.0,447070.0,342350.0
2025-10-07,Criteo,2374209.0,1554200.0,363290.0
2025-10-07,Google Ads,826817.08,1008009.25,654680.0
2025-10-07,Kakao Moment,0.0,115300.0,226710.0
2025-10-07,Meta,182846.72,5186136.0,1091820.0
2025-10-07,Naver Brand Search,273333.0,2600440.0,2647660.0
2025-10-07,Naver GFA,61889.09,394100.0,189700.0
2025-10-07,Naver Search & Shopping,287093.0,751610.0,300250.0
2025-10-08,Criteo,2415327.64,2274270.0,488810.0
2025-10-08,Google Ads,2939077.16,2517970.0,2780130.0
2025-10-08,Kakao Moment,0.0,0.0,372670.0
2025-10-08,Meta,232871.52,4095800.0,1088380.0
2025-10-08,Naver Brand Search,273333.0,1580910.0,1128360.0
2025-10-08,Naver GFA,91570.91,317750.0,76300.0
2025-10-08,Naver Search & Shopping,276580.0,443950.0,0.0
2025-10-09,Criteo,170256.88,2188150.0,635520.0
2025-10-09,Google Ads,486589.6,734319.81,439650.0
2025-10-09,Kakao Moment,0.0,139000.0,432250.0
2025-10-09,Meta,277494.56,7559100.0,262750.0
2025-10-09,Naver Brand Search,273333.0,3309010.0,1157990.0
2025-10-09,Naver GFA,88145.45,181180.0,149000.0
2025-10-09,Naver Search & Shopping,277400.0,784450.0,91600.0
2025-10-10,Criteo,172657.01,1889870.0,771380.0
2025-10-10,Google Ads,434144.48,1288038.45,473570.0
2025-10-10,Kakao Moment,0.0,0.0,359000.0
2025-10-10,Meta,265593.44,3911140.0,439000.0
2025-10-10,Naver Brand Search,273333.0,2967660.0,2785280.0
2025-10-10,Naver GFA,88583.64,139700.0,139700.0
2025-10-10,Naver Search & Shopping,292551.0,2440500.0,1120240.0
2025-10-11,Criteo,132840.01,1620070.0,427310.0
2025-10-11,Google Ads,1283066.12,1715636.75,760860.0
2025-10-11,Kakao Moment,0.0,0.0,238820.0
2025-10-11,Meta,260490.72,5612710.0,1033880.0
2025-10-11,Naver Brand Search,273333.0,3125510.0,2383460.0
2025-10-11,Naver GFA,114320.0,154700.0,0.0
2025-10-11,Naver Search & Shopping,316394.0,550100.0,441200.0
2025-10-12,Criteo,1632596.39,8700280.0,1396580.0
2025-10-12,Google Ads,401163.84,3967374.31,912100.0
2025-10-12,Kakao Moment,0.0,840230.0,5621410.0
2025-10-12,Meta,314386.24,21520930.0,573240.0
2025-10-12,Naver Brand Search,273333.0,14352070.0,9097880.0
2025-10-12,Naver GFA,154656.36,567430.0,77000.0
2025-10-12,Naver Search & Shopping,258712.0,1399080.0,201350.0
2025-10-13,Criteo,156378.33,637950.0,173180.0
2025-10-13,Google Ads,394775.36,930474.71,58480.0
2025-10-13,Kakao Moment,0.0,0.0,455720.0
2025-10-13,Meta,283949.12,7001920.0,177600.0
2025-10-13,Naver Brand Search,273333.0,4105210.0,2063780.0
2025-10-13,Naver GFA,120178.18,17000.0,0.0
2025-10-13,Naver Search & Shopping,268879.0,809150.0,64500.0
2025-10-14,Criteo,2542724.58,2142400.0,178200.0
2025-10-14,Google Ads,334824.0,1526242.79,385150.0
2025-10-14,Kakao Moment,0.0,0.0,70060.0
2025-10-14,Meta,355820.84,5908730.0,483880.0
2025-10-14,Naver Brand Search,273333.0,3285070.0,1941780.0
2025-10-14,Naver GFA,117547.27,338650.0,0.0
2025-10-14,Naver Search & Shopping,314686.0,1107200.0,346100.0
2025-10-15,Criteo,4326190.0,939270.0,284270.0
2025-10-15,Google Ads,317396.8,939203.52,113000.0
2025-10-15,Kakao Moment,0.0,0.0,195230.0
2025-10-15,Meta,274944.32,5977057.0,280200.0
2025-10-15,Naver Brand Search,273333.0,2714240.0,1737190.0
2025-10-15,Naver GFA,117478.18,637700.0,0.0
2025-10-15,Naver Search & Shopping,314956.0,359820.0,164970.0
2025-10-16,Criteo,153525.47,1063400.0,659130.0
2025-10-16,Google Ads,1407389.08,442995.67,0.0
2025-10-16,Kakao Moment,0.0,128480.0,215580.0
2025-10-16,Meta,273772.8,4166940.0,197950.0
2025-10-16,Naver Brand Search,273333.0,2709320.0,1620280.0
2025-10-16,Naver GFA,123995.45,920930.0,129600.0
2025-10-16,Naver Search & Shopping,267665.0,725250.0,80600.0
2025-10-17,Criteo,2978081.33,2297518.0,617898.0
2025-10-17,Google Ads,2255694.24,1869713.46,941450.0
2025-10-17,Kakao Moment,1634010.0,2575329.0,3942777.0
2025-10-17,Meta,269988.32,4813660.0,159320.0
2025-10-17,Naver Brand Search,273333.0,3381687.0,2138809.0
2025-10-17,Naver GFA,123463.64,1132140.0,0.0
2025-10-17,Naver Search & Shopping,300796.0,711080.0,57600.0
2025-10-18,Criteo,1300290.59,1524430.0,739530.0
2025-10-18,Google Ads,4064242.12,1129709.88,688400.0
2025-10-18,Kakao Moment,0.0,661060.0,889890.0
2025-10-18,Meta,266780.64,3754340.0,596470.0
2025-10-18,Naver Brand Search,273333.0,3561970.0,1899540.0
2025-10-18,Naver GFA,125248.18,1487630.0,271670.0
2025-10-18,Naver Search & Shopping,220869.0,925420.0,179980.0
2025-10-19,Criteo,168130.21,1130270.0,297890.0
2025-10-19,Google Ads,3218147.56,1398343.36,939040.0
2025-10-19,Kakao Moment,0.0,503340.0,378500.0
2025-10-19,Meta,296619.68,5565640.0,213480.0
2025-10-19,Naver Brand Search,273333.0,3641580.0,3163040.0
2025-10-19,Naver GFA,124995.45,1434850.0,55600.0
2025-10-19,Naver Search & Shopping,370269.0,1075640.0,897680.0
2025-10-20,Criteo,1966008.67,1414580.0,514500.0
2025-10-20,Google Ads,474826.24,1145707.75,409490.0
2025-10-20,Kakao Moment,0.0,155770.0,109580.0
2025-10-20,Meta,286957.44,5642420.0,346350.0
2025-10-20,Naver Brand Search,273333.0,9162900.0,5818549.99
2025-10-20,Naver GFA,124770.91,2282020.0,61780.0
2025-10-20,Naver Search & Shopping,417813.0,757820.0,47570.0
2025-10-21,Criteo,162529.34,1558080.0,648060.0
2025-10-21,Google Ads,3121567.36,1812038.01,1061970.0
2025-10-21,Kakao Moment,0.0,658640.0,691150.0
2025-10-21,Meta,279902.56,9931210.0,446360.0
2025-10-21,Naver Brand Search,273333.0,8436860.0,3273670.0
2025-10-21,Naver GFA,126258.18,5521450.0,37730.0
2025-10-21,Naver Search & Shopping,396385.0,1449460.0,702580.0
2025-10-22,Criteo,2798425.35,1648000.0,564640.0
2025-10-22,Google Ads,2724841.76,820474.16,100300.0
2025-10-22,Kakao Moment,0.0,0.0,100170.0
2025-10-22,Meta,300758.08,5132590.0,233370.0
2025-10-22,Naver Brand Search,273333.0,3848260.0,1525860.0
2025-10-22,Naver GFA,126292.73,1854680.0,318600.0
2025-10-22,Naver Search & Shopping,352747.0,1518450.0,457470.0
2025-10-23,Criteo,150649.39,1821180.0,551550.0
2025-10-23,Google Ads,4228782.64,866805.67,0.0
2025-10-23,Kakao Moment,1634265.0,1644050.0,2770170.0
2025-10-23,Meta,254445.64,8621680.0,795090.0
2025-10-23,Naver Brand Search,273333.0,4872560.0,2390150.0
2025-10-23,Naver GFA,126980.0,2319960.0,167380.0
2025-10-23,Naver Search & Shopping,303395.0,609640.0,0.0
2025-10-24,Criteo,1636951.69,1819470.0,508210.0
2025-10-24,Google Ads,1564786.16,1382047.98,1264470.0
2025-10-24,Kakao Moment,0.0,670830.0,807830.0
2025-10-24,Meta,260830.08,8743720.0,114280.0
2025-10-24,Naver Brand Search,273333.0,5174440.0,5667170.0
2025-10-24,Naver GFA,81009.09,2901130.0,0.0
2025-10-24,Naver Search & Shopping,340659.0,1458280.0,526300.0
2025-10-25,Criteo,3517165.0,826500.0,159000.0
2025-10-25,Google Ads,4140401.32,1949328.31,1016970.0
2025-10-25,Kakao Moment,0.0,239930.0,939850.0
2025-10-25,Meta,273664.16,6468740.0,563170.0
2025-10-25,Naver Brand Search,273333.0,4042220.0,3696320.0
2025-10-25,Naver GFA,63943.64,1061950.0,0.0
2025-10-25,Naver Search & Shopping,436277.0,749070.0,146070.0
2025-10-26,Criteo,170651.92,2200020.0,629310.0
2025-10-26,Google Ads,2242178.76,3325777.02,1400820.0
2025-10-26,Kakao Moment,0.0,881500.0,973770.0
2025-10-26,Meta,316140.16,3990610.0,288140.0
2025-10-26,Naver Brand Search,273333.0,4194750.0,2997050.0
2025-10-26,Naver GFA,23233.0,1075330.0,0.0
2025-10-26,Naver Search & Shopping,306223.0,504910.0,0.0
2025-10-27,Criteo,184264.7,1455500.0,401330.0
2025-10-27,Google Ads,5373909.0,1659203.54,508970.0
2025-10-27,Kakao Moment,0.0,1168590.0,484540.0
2025-10-27,Meta,307118.56,8705450.0,526940.0
2025-10-27,Naver Brand Search,273333.0,7094010.0,4309520.0
2025-10-27,Naver GFA,63308.18,1405570.0,0.0
2025-10-27,Naver Search & Shopping,416654.0,1254690.0,771100.0
2025-10-28,Criteo,2602353.96,1839420.0,443610.0
2025-10-28,Google Ads,3301469.4,2127230.0,622270.0
2025-10-28,Kakao Moment,0.0,450380.0,311300.0
2025-10-28,Meta,300338.08,9803220.0,305740.0
2025-10-28,Naver Brand Search,273333.0,5961630.0,2822570.0
2025-10-28,Naver GFA,63434.55,2493570.0,0.0
2025-10-28,Naver Search & Shopping,364885.0,1620160.0,312640.0
2025-10-29,Criteo,157496.77,4296970.0,431970.0
2025-10-29,Google Ads,2696085.0,3660783.11,3213830.0
2025-10-29,Kakao Moment,0.0,429590.0,159290.0
2025-10-29,Meta,288444.8,6144130.0,292170.0
2025-10-29,Naver Brand Search,273333.0,6401320.0,1866220.0
2025-10-29,Naver GFA,61812.73,3218890.0,0.0
2025-10-29,Naver Search & Shopping,336060.0,1807380.0,673250.0
2025-10-30,Criteo,155535.47,2449300.0,915560.0
2025-10-30,Google Ads,1901536.4,807149.65,0.0
2025-10-30,Kakao Moment,0.0,460000.0,573430.0
2025-10-30,Meta,295738.24,3933120.0,38840.0
2025-10-30,Naver Brand Search,273333.0,4118630.0,2965250.0
2025-10-30,Naver GFA,64116.36,1225840.0,0.0
2025-10-30,Naver Search & Shopping,353975.0,1265600.0,207070.0
2025-10-31,Criteo,4318306.0,491750.0,1095610.0
2025-10-31,Google Ads,606761.72,2213045.73,1700290.0
2025-10-31,Kakao Moment,0.0,0.0,854850.0
2025-10-31,Meta,278517.12,7368350.0,787480.0
2025-10-31,Naver Brand Search,273333.0,6192350.0,5670600.0
2025-10-31,Naver GFA,106145.45,2151850.0,0.0
2025-10-31,Naver Search & Shopping,349594.0,2162780.0,1187730.0
2025-11-01,Criteo,1521152.49,752170.0,87000.0
2025-11-01,Google Ads,366299.36,1804575.06,820710.0
2025-11-01,Kakao Moment,0.0,0.0,0.0
2025-11-01,Meta,245025.76,4058020.0,223700.0
2025-11-01,Naver Brand Search,273333.0,3311030.0,2982920.0
2025-11-01,Naver GFA,121425.45,1308270.0,0.0
2025-11-01,Naver Search & Shopping,367895.0,1077440.0,567140.0
2025-11-02,Criteo,4318306.0,491750.0,384710.0
2025-11-02,Google Ads,431900.0,1923667.65,1398320.0
2025-11-02,Kakao Moment,0.0,0.0,376700.0
2025-11-02,Meta,296405.76,10505860.0,781330.0
2025-11-02,Naver Brand Search,273333.0,4962900.0,4378650.0
2025-11-02,Naver GFA,119619.09,1301690.0,130100.0
2025-11-02,Naver Search & Shopping,298580.0,497020.0,1018350.0
2025-11-03,Criteo,1553743.19,3664570.0,847920.0
2025-11-03,Google Ads,3464200.88,1146752.17,407750.0
2025-11-03,Kakao Moment,1648200.0,927130.0,1027280.0
2025-11-03,Meta,270569.6,9263710.0,678110.0
2025-11-03,Naver Brand Search,273333.0,4834890.0,1840410.0
2025-11-03,Naver GFA,120154.55,2697650.0,0.0
2025-11-03,Naver Search & Shopping,411904.0,1400570.0,607160.0
2025-11-04,Criteo,76689.49,251300.0,0.0
2025-11-04,Google Ads,3073036.0,1902499.01,399110.0
2025-11-04,Kakao Moment,0.0,452080.0,718390.0
2025-11-04,Meta,263997.44,7020180.0,132170.0
2025-11-04,Naver Brand Search,273333.0,5652900.0,1932380.0
2025-11-04,Naver GFA,119740.0,3088680.0,0.0
2025-11-04,Naver Search & Shopping,306911.0,717860.0,1108400.0
2025-11-05,Criteo,203569.33,1857730.0,330150.0
2025-11-05,Google Ads,347956.0,1284555.01,497200.0
2025-11-05,Kakao Moment,0.0,60570.0,317300.0
2025-11-05,Meta,250110.56,5632820.0,378900.0
2025-11-05,Naver Brand Search,273333.0,5025260.0,2331990.0
2025-11-05,Naver GFA,120211.82,1636190.0,68470.0
2025-11-05,Naver Search & Shopping,248768.0,1733830.0,0.0
2025-11-06,Criteo,154014.66,739770.0,94150.0
2025-11-06,Google Ads,1094176.6,508854.85,27450.0
2025-11-06,Kakao Moment,0.0,214370.0,251340.0
2025-11-06,Meta,253977.92,3851240.0,397600.0
2025-11-06,Naver Brand Search,273333.0,3643020.0,2193240.0
2025-11-06,Naver GFA,120749.09,1244680.0,0.0
2025-11-06,Naver Search & Shopping,173800.0,366700.0,0.0
2025-11-07,Criteo,1162456.68,1432230.0,753050.0
2025-11-07,Google Ads,296600.64,1045363.36,413000.0
2025-11-07,Kakao Moment,0.0,0.0,290170.0
2025-11-07,Meta,257032.16,9443050.0,613300.0
2025-11-07,Naver Brand Search,273333.0,4173190.0,3432390.0
2025-11-07,Naver GFA,120965.45,2654460.0,138600.0
2025-11-07,Naver Search & Shopping,245292.0,262280.0,224300.0
2025-11-08,Criteo,2174085.37,860170.0,156600.0
2025-11-08,Google Ads,373243.32,1027884.17,396280.0
2025-11-08,Kakao Moment,0.0,0.0,0.0
2025-11-08,Meta,264517.12,5459290.0,192800.0
2025-11-08,Naver Brand Search,273333.0,3051190.0,3115510.0
2025-11-08,Naver GFA,120515.45,2458210.0,0.0
2025-11-08,Naver Search & Shopping,156531.0,581300.0,0.0
2025-11-09,Criteo,2918472.49,1747850.0,0.0
2025-11-09,Google Ads,696186.16,1294983.64,219630.0
2025-11-09,Kakao Moment,0.0,130410.0,38910.0
2025-11-09,Meta,294543.2,7211310.0,473050.0
2025-11-09,Naver Brand Search,273333.0,3748060.0,1626800.0
2025-11-09,Naver GFA,120988.18,1685200.0,0.0
2025-11-09,Naver Search & Shopping,220213.0,587400.0,0.0
2025-11-10,Criteo,170652.88,354700.0,219720.0
2025-11-10,Google Ads,1056798.16,1164385.87,1025800.0
2025-11-10,Kakao Moment,0.0,17190.0,180600.0
2025-11-10,Meta,278537.28,8738500.0,75600.0
2025-11-10,Naver Brand Search,273333.0,7622320.0,2355090.0
2025-11-10,Naver GFA,120131.82,1665530.0,62300.0
2025-11-10,Naver Search & Shopping,353188.0,1834700.0,353080.0
2025-11-11,Criteo,123084.32,2134960.0,163440.0
2025-11-11,Google Ads,583529.48,680380.14,89000.0
2025-11-11,Kakao Moment,0.0,606610.0,909660.0
2025-11-11,Meta,236322.24,9826890.0,102780.0
2025-11-11,Naver Brand Search,273333.0,5555120.0,1699360.0
2025-11-11,Naver GFA,93775.45,2727980.0,0.0
2025-11-11,Naver Search & Shopping,300336.0,1825310.0,399200.0
2025-11-12,Criteo,4290778.0,7697470.0,529520.0
2025-11-12,Google Ads,1500629.64,864785.68,915810.0
2025-11-12,Kakao Moment,0.0,0.0,86000.0
2025-11-12,Meta,226689.12,12697150.0,1316940.0
2025-11-12,Naver Brand Search,273333.0,6962500.0,6875300.0
2025-11-12,Naver GFA,30025.45,3289260.0,0.0
2025-11-12,Naver Search & Shopping,388530.0,1491100.0,934000.0
2025-11-13,Criteo,111649.44,2605180.0,336690.0
2025-11-13,Google Ads,2065206.04,1417133.09,348510.0
2025-11-13,Kakao Moment,15949.92,0.0,204540.0
2025-11-13,Meta,226225.44,7126610.0,681430.0
2025-11-13,Naver Brand Search,273333.0,2816000.0,1301460.0
2025-11-13,Naver GFA,29878.18,3711700.0,0.0
2025-11-13,Naver Search & Shopping,289273.0,1532740.0,229600.0
2025-11-14,Criteo,152711.05,957740.0,199830.0
2025-11-14,Google Ads,4144287.52,1604409.15,940170.0
2025-11-14,Kakao Moment,0.0,0.0,0.0
2025-11-14,Meta,214583.04,10488860.0,1016580.0
2025-11-14,Naver Brand Search,273333.0,5540890.0,4391970.0
2025-11-14,Naver GFA,29922.73,1862290.0,0.0
2025-11-14,Naver Search & Shopping,360625.0,1000820.0,389900.0
2025-11-15,Criteo,2347008.58,1356280.0,111300.0
2025-11-15,Google Ads,327510.4,410525.35,895170.0
2025-11-15,Kakao Moment,0.0,0.0,14500.0
2025-11-15,Meta,213048.64,5985570.0,456910.0
2025-11-15,Naver Brand Search,273333.0,4077970.0,3682970.0
2025-11-15,Naver GFA,30060.0,785070.0,0.0
2025-11-15,Naver Search & Shopping,359808.0,368100.0,415020.0
2025-11-16,Criteo,163944.77,1967770.0,125790.0
2025-11-16,Google Ads,3632521.52,891695.24,0.0
2025-11-16,Kakao Moment,0.0,0.0,107180.0
2025-11-16,Meta,256299.68,4301800.0,0.0
2025-11-16,Naver Brand Search,273333.0,4329260.0,2246070.0
2025-11-16,Naver GFA,29946.36,1801210.0,0.0
2025-11-16,Naver Search & Shopping,333320.0,1218490.0,207070.0
2025-11-17,Criteo,163572.03,1207870.0,541010.0
2025-11-17,Google Ads,1669115.88,3417990.66,283000.0
2025-11-17,Kakao Moment,0.0,0.0,839100.0
2025-11-17,Meta,116419.0,9984580.0,120600.0
2025-11-17,Naver Brand Search,273333.0,5852500.0,2488850.0
2025-11-17,Naver GFA,30153.64,2753290.0,0.0
2025-11-17,Naver Search & Shopping,434865.0,2027880.0,74500.0
2025-11-18,Criteo,2559018.73,3967720.0,125600.0
2025-11-18,Google Ads,301742.56,2558175.63,260370.0
2025-11-18,Kakao Moment,0.0,0.0,350580.0
2025-11-18,Meta,191413.6,10837610.0,152020.0
2025-11-18,Naver Brand Search,273333.0,6949590.0,3735340.0
2025-11-18,Naver GFA,30077.27,930640.0,0.0
2025-11-18,Naver Search & Shopping,422197.0,1832750.0,336470.0
2025-11-19,Criteo,154846.53,2739170.0,295220.0
2025-11-19,Google Ads,3725097.12,2657606.26,42100.0
2025-11-19,Kakao Moment,0.0,119000.0,789000.0
2025-11-19,Meta,201304.32,13948440.0,450970.0
2025-11-19,Naver Brand Search,273333.0,7106200.0,4174930.0
2025-11-19,Naver GFA,86051.82,2760630.0,0.0
2025-11-19,Naver Search & Shopping,484146.0,1828200.0,0.0
2025-11-20,Criteo,2865238.71,444900.0,111590.0
2025-11-20,Google Ads,1232046.12,1188146.01,395980.0
2025-11-20,Kakao Moment,0.0,0.0,580900.0
2025-11-20,Meta,183281.28,8680440.0,634000.0
2025-11-20,Naver Brand Search,273333.0,1333160.0,1000530.0
2025-11-20,Naver GFA,46218.18,1722450.0,0.0
2025-11-20,Naver Search & Shopping,529186.0,1101620.0,648770.0
2025-11-21,Criteo,152552.36,5368140.0,810780.0
2025-11-21,Google Ads,3929073.52,7081085.53,4396860.0
2025-11-21,Kakao Moment,1689300.0,4554420.0,6156575.0
2025-11-21,Meta,318799.04,21567995.0,1730480.0
2025-11-21,Naver Brand Search,273333.0,14398400.0,10540350.0
2025-11-21,Naver GFA,68371.82,1486420.0,49000.0
2025-11-21,Naver Search & Shopping,567625.0,2644125.0,921380.0
2025-11-21,Toss,100014.0,0.0,0.0
2025-11-22,Criteo,1422820.68,2451350.0,240540.0
2025-11-22,Google Ads,4871140.28,4639607.58,3299680.0
2025-11-22,Kakao Moment,0.0,1023810.0,3331295.0
2025-11-22,Meta,309155.0,11737450.0,575770.0
2025-11-22,Naver Brand Search,273333.0,9243110.0,8153670.0
2025-11-22,Naver GFA,66381.82,747200.0,208600.0
2025-11-22,Naver Search & Shopping,371078.0,3483120.0,2531470.0
2025-11-22,Toss,100024.0,0.0,0.0
2025-11-23,Criteo,161158.38,4722580.0,406300.0
2025-11-23,Google Ads,1598625.36,4052173.91,1034860.0
2025-11-23,Kakao Moment,0.0,1463320.0,1638710.0
2025-11-23,Meta,349674.08,16132619.0,430750.0
2025-11-23,Naver Brand Search,273333.0,14692440.0,6627660.0
2025-11-23,Naver GFA,59566.36,2125210.0,0.0
2025-11-23,Naver Search & Shopping,560129.0,3163740.0,1995180.0
2025-11-23,Toss,100012.0,0.0,0.0
2025-11-24,Criteo,1596665.61,4824095.0,601830.0
2025-11-24,Google Ads,2080314.12,2066038.91,509730.0
2025-11-24,Kakao Moment,0.0,840970.0,720800.0
2025-11-24,Meta,341987.52,16015984.0,480450.0
2025-11-24,Naver Brand Search,273333.0,12548335.0,4611645.0
2025-11-24,Naver GFA,59010.0,1276770.0,0.0
2025-11-24,Naver Search & Shopping,491623.0,1321000.0,899510.0
2025-11-24,Toss,235125.0,0.0,0.0
2025-11-25,Criteo,1057472.42,2788240.0,496490.0
2025-11-25,Google Ads,2726148.32,1852625.58,346170.0
2025-11-25,Kakao Moment,0.0,1154890.0,1149130.0
2025-11-25,Meta,388017.28,14883190.0,722960.0
2025-11-25,Naver Brand Search,273333.0,11969000.0,4963180.0
2025-11-25,Naver GFA,159988.18,1326800.0,0.0
2025-11-25,Naver Search & Shopping,577712.0,3502840.0,1104480.0
2025-11-25,Toss,298131.0,0.0,0.0
2025-11-26,Criteo,3929523.0,3120705.0,754900.0
2025-11-26,Google Ads,2269568.36,2780244.94,2078000.0
2025-11-26,Kakao Moment,90665.0,943220.0,1252095.0
2025-11-26,Meta,352815.68,14905035.0,264790.0
2025-11-26,Naver Brand Search,273333.0,12714385.0,5094215.0
2025-11-26,Naver GFA,165571.82,2097760.0,256400.0
2025-11-26,Naver Search & Shopping,574486.0,3261110.0,860050.0
2025-11-26,Toss,10965.0,0.0,0.0
2025-11-27,Criteo,151649.42,4812430.0,455760.0
2025-11-27,Google Ads,2407093.0,3524640.82,269790.0
2025-11-27,Kakao Moment,1878653.0,6182920.0,5642010.0
2025-11-27,Meta,418971.84,32639588.0,344400.0
2025-11-27,Naver Brand Search,273333.0,12413490.0,4725480.0
2025-11-27,Naver GFA,162653.64,3387500.0,0.0
2025-11-27,Naver Search & Shopping,549277.0,5150270.0,1914510.0
2025-11-27,Toss,300032.0,0.0,0.0
2025-11-28,Criteo,159680.45,3408330.0,656970.0
2025-11-28,Google Ads,2158515.6,3190684.15,1360920.0
2025-11-28,Kakao Moment,455754.0,2460350.0,4028450.0
2025-11-28,Meta,379895.04,14639720.0,473250.0
2025-11-28,Naver Brand Search,273333.0,18495970.0,10726860.0
2025-11-28,Naver GFA,161743.64,4034340.0,0.0
2025-11-28,Naver Search & Shopping,579454.0,3032465.0,2921985.0
2025-11-28,Toss,500035.0,0.0,0.0
2025-11-29,Criteo,139106.51,3795385.0,818880.0
2025-11-29,Google Ads,2195883.72,6640337.82,2375470.0
2025-11-29,Kakao Moment,454426.0,3152300.0,4352370.0
2025-11-29,Meta,13470.0,26061250.0,767805.0
2025-11-29,Naver Brand Search,273333.0,14133035.0,11091985.0
2025-11-29,Naver GFA,159722.73,1321080.0,49050.0
2025-11-29,Naver Search & Shopping,542230.0,3310100.0,2509980.0
2025-11-29,Toss,500183.0,0.0,76550.0
2025-11-30,Criteo,157806.01,7768400.0,1567030.0
2025-11-30,Google Ads,2114901.52,8887346.55,3208500.0
2025-11-30,Kakao Moment,455957.0,6028305.0,3745440.0
2025-11-30,Meta,425314.4,47825850.0,2184340.0
2025-11-30,Naver Brand Search,273333.0,25055355.0,9755390.0
2025-11-30,Naver GFA,159760.0,2574570.0,0.0
2025-11-30,Naver Search & Shopping,564775.0,6637225.0,2028600.0
2025-11-30,Toss,499878.0,0.0,0.0
2025-12-01,Criteo,160103.56,2519970.0,456100.0
2025-12-01,Google Ads,2377308.96,656266.66,152100.0
2025-12-01,Kakao Moment,0.0,902580.0,908340.0
2025-12-01,Meta,267692.32,5565321.0,0.0
2025-12-01,Naver Brand Search,273333.0,4464080.0,1480700.0
2025-12-01,Naver GFA,54594.55,1660450.0,0.0
2025-12-01,Naver Search & Shopping,610573.0,1414310.0,380140.0
2025-12-02,Criteo,1013409.48,1778340.0,893170.0
2025-12-02,Google Ads,1445832.32,2431371.86,26600.0
2025-12-02,Kakao Moment,0.0,154870.0,119050.0
2025-12-02,Meta,254985.92,9713690.0,283240.0
2025-12-02,Naver Brand Search,273333.0,6960960.0,2492819.99
2025-12-02,Naver GFA,54659.09,744730.0,0.0
2025-12-02,Naver Search & Shopping,587113.0,2735170.0,560700.0
2025-12-03,Criteo,149729.8,1100040.0,368510.0
2025-12-03,Google Ads,1978724.32,128409252.37,833120.0
2025-12-03,Kakao Moment,0.0,596030.0,289700.0
2025-12-03,Meta,247842.56,25419630.0,115000.0
2025-12-03,Naver Brand Search,273333.0,8354360.0,3791820.0
2025-12-03,Naver GFA,54551.82,2589040.0,0.0
2025-12-03,Naver Search & Shopping,565345.0,1192510.0,308100.0
2025-12-04,Criteo,1355566.43,4741390.0,1050470.0
2025-12-04,Google Ads,891709.96,3286359.75,985750.0
2025-12-04,Kakao Moment,1919721.0,3659440.0,4148650.0
2025-12-04,Meta,242256.0,21759770.0,785570.0
2025-12-04,Naver Brand Search,273333.0,13787820.0,7216720.0
2025-12-04,Naver GFA,54539.09,2987600.0,0.0
2025-12-04,Naver Search & Shopping,758003.0,6714770.0,2497210.0
2025-12-05,Criteo,2791003.62,5366800.0,1440300.0
2025-12-05,Google Ads,340585.28,4395767.29,1174910.0
2025-12-05,Kakao Moment,218790.0,4068030.0,3614390.0
2025-12-05,Meta,235214.56,20923460.0,2398750.0
2025-12-05,Naver Brand Search,273333.0,11813110.0,10278200.0
2025-12-05,Naver GFA,54655.45,4244600.0,0.0
2025-12-05,Naver Search & Shopping,664921.0,3669560.0,1543380.0
2025-12-06,Criteo,138698.07,829500.0,259200.0
2025-12-06,Google Ads,4123384.48,2307640.28,1277260.0
2025-12-06,Kakao Moment,217368.0,1661020.0,1358170.0
2025-12-06,Meta,255403.68,13155060.0,1209320.0
2025-12-06,Naver Brand Search,273333.0,13183270.0,11759220.0
2025-12-06,Naver GFA,55000.0,1735620.0,0.0
2025-12-06,Naver Search & Shopping,740335.0,4903330.0,4067730.0
2025-12-07,Criteo,157356.8,3856260.0,89000.0
2025-12-07,Google Ads,458370.08,4724864.15,1449580.0
2025-12-07,Kakao Moment,216625.0,1237480.0,871180.0
2025-12-07,Meta,272640.48,15887090.0,1320770.0
2025-12-07,Naver Brand Search,273333.0,11065190.0,5279460.0
2025-12-07,Naver GFA,54611.82,1897210.0,0.0
2025-12-07,Naver Search & Shopping,334963.0,3815320.0,1594520.0
2025-12-08,Criteo,174150.9,2967740.0,355310.0
2025-12-08,Google Ads,4300237.16,2992410.58,1166180.0
2025-12-08,Kakao Moment,447583.0,692250.0,1022110.0
2025-12-08,Meta,273528.64,16338882.0,744860.0
2025-12-08,Naver Brand Search,273333.0,9663180.0,4690920.0
2025-12-08,Naver GFA,459649.56,6140930.0,0.0
2025-12-08,Naver Search & Shopping,530830.0,4261480.0,523400.0
2025-12-09,Criteo,130572.97,2951500.0,71620.0
2025-12-09,Google Ads,470644.16,2464832.91,1284150.0
2025-12-09,Kakao Moment,217391.0,1050360.0,690970.0
2025-12-09,Meta,252680.96,13739120.0,407680.0
2025-12-09,Naver Brand Search,273333.0,10092670.0,3400340.0
2025-12-09,Naver GFA,163660.0,5795240.0,0.0
2025-12-09,Naver Search & Shopping,774337.0,4913750.0,893700.0
2025-12-10,Criteo,2852397.34,2495620.0,333470.0
2025-12-10,Google Ads,2481280.84,1051919.27,106270.0
2025-12-10,Kakao Moment,217988.0,525440.0,272580.0
2025-12-10,Meta,245978.88,8590180.0,753860.0
2025-12-10,Naver Brand Search,273333.0,3838710.0,1908890.0
2025-12-10,Naver GFA,145459.09,3687110.0,0.0
2025-12-10,Naver Search & Shopping,864830.0,3179980.0,833360.0
2025-12-11,Criteo,1419142.92,1275100.0,651370.0
2025-12-11,Google Ads,3141731.16,1816602.98,528550.0
2025-12-11,Kakao Moment,216877.0,633930.0,751360.0
2025-12-11,Meta,252745.92,10405620.0,1302340.0
2025-12-11,Naver Brand Search,273333.0,6845750.0,3488249.99
2025-12-11,Naver GFA,147141.82,3529110.0,0.0
2025-12-11,Naver Search & Shopping,901238.0,3224180.0,1095240.0
2025-12-12,Criteo,2638876.73,2503270.0,952120.0
2025-12-12,Google Ads,5327083.92,2660308.91,1435770.0
2025-12-12,Kakao Moment,1921981.0,1771320.0,5476580.01
2025-12-12,Meta,251984.32,16041070.0,728750.0
2025-12-12,Naver Brand Search,273333.0,11603440.0,9700940.0
2025-12-12,Naver GFA,146000.0,5190120.0,0.0
2025-12-12,Naver Search & Shopping,1002130.0,4995630.0,1763090.0
2025-12-13,Criteo,139605.68,4713620.0,315550.0
2025-12-13,Google Ads,3203539.16,1967977.95,1738100.0
2025-12-13,Kakao Moment,216831.0,1017660.0,2286390.0
2025-12-13,Meta,228413.92,16572690.0,3622160.0
2025-12-13,Naver Brand Search,273333.0,6169840.0,4855220.0
2025-12-13,Naver GFA,146168.18,3363960.0,0.0
2025-12-13,Naver Search & Shopping,983294.0,7232400.0,2308900.0
2025-12-14,Criteo,1905088.34,2171880.0,846730.0
2025-12-14,Google Ads,474542.88,2996632.25,464720.0
2025-12-14,Kakao Moment,218110.0,1561630.0,220860.0
2025-12-14,Meta,268466.24,13222100.0,924520.0
2025-12-14,Naver Brand Search,273333.0,13618920.0,7447400.0
2025-12-14,Naver GFA,145602.73,5164150.0,0.0
2025-12-14,Naver Search & Shopping,581287.0,6906540.0,654050.0
2025-12-15,Criteo,1819107.8,2323080.0,391770.0
2025-12-15,Google Ads,3641010.96,3510353.69,1102710.0
2025-12-15,Kakao Moment,217561.0,1016840.0,1046470.0
2025-12-15,Meta,261331.84,17390480.0,172600.0
2025-12-15,Naver Brand Search,273333.0,13610320.0,7168810.0
2025-12-15,Naver GFA,54654.55,2978850.0,0.0
2025-12-15,Naver Search & Shopping,745555.0,4803650.0,1018780.0
2025-12-15,Toss,17238.0,0.0,0.0
2025-12-16,Criteo,124625.22,2331720.0,292180.0
2025-12-16,Google Ads,2045798.48,2891704.92,578870.0
2025-12-16,Kakao Moment,218711.0,1255800.0,1495230.0
2025-12-16,Meta,259663.04,18505950.0,334440.0
2025-12-16,Naver Brand Search,273333.0,10563320.0,6755260.0
2025-12-16,Naver GFA,54699.09,2561870.0,0.0
2025-12-16,Naver Search & Shopping,629754.0,4143500.0,2218220.0
2025-12-16,Toss,157358.0,0.0,0.0
2025-12-17,Criteo,159277.29,2252310.0,246170.0
2025-12-17,Google Ads,1168715.44,2707754.18,749610.0
2025-12-17,Kakao Moment,217351.0,0.0,10000.0
2025-12-17,Meta,254172.8,23035320.0,1052410.0
2025-12-17,Naver Brand Search,273333.0,13833200.0,3352410.0
2025-12-17,Naver GFA,53370.91,3525510.0,0.0
2025-12-17,Naver Search & Shopping,689991.0,4951800.0,1001480.0
2025-12-17,Toss,158327.0,0.0,0.0
2025-12-18,Criteo,2908797.57,4179580.0,624200.0
2025-12-18,Google Ads,2869110.88,1823716.25,623610.0
2025-12-18,Kakao Moment,215261.0,761950.0,1128200.0
2025-12-18,Meta,259171.36,12963150.0,56650.0
2025-12-18,Naver Brand Search,273333.0,7814020.0,3372250.0
2025-12-18,Naver GFA,53010.91,2766020.0,0.0
2025-12-18,Naver Search & Shopping,715971.0,1896260.0,366380.0
2025-12-18,Toss,158055.0,0.0,0.0
2025-12-19,Criteo,150970.11,3860710.0,200040.0
2025-12-19,Google Ads,320417.0,2244667.27,1617360.0
2025-12-19,Kakao Moment,272872.0,1124210.0,455570.0
2025-12-19,Meta,249173.12,10149270.0,641360.0
2025-12-19,Naver Brand Search,273333.0,6009550.0,5782630.0
2025-12-19,Naver GFA,52399.09,2758820.0,0.0
2025-12-19,Naver Search & Shopping,646853.0,3930480.0,3141240.0
2025-12-19,Toss,159237.0,0.0,0.0
2025-12-20,Criteo,1795682.72,2522420.0,291050.0
2025-12-20,Google Ads,1713197.08,4186207.32,3166640.0
2025-12-20,Kakao Moment,272725.0,362800.0,972940.0
2025-12-20,Meta,250134.08,10287310.0,1312520.0
2025-12-20,Naver Brand Search,273333.0,6446660.0,5653570.0
2025-12-20,Naver GFA,55235.45,3434090.0,0.0
2025-12-20,Naver Search & Shopping,752288.0,2797260.0,354370.0
2025-12-20,Toss,159144.0,0.0,239160.0
2025-12-21,Criteo,159549.02,2845550.0,111080.0
2025-12-21,Google Ads,425847.52,1183734.52,598850.0
2025-12-21,Kakao Moment,243844.0,1175690.0,939290.0
2025-12-21,Meta,282716.0,15863230.0,550080.0
2025-12-21,Naver Brand Search,273333.0,10269970.0,5348590.0
2025-12-21,Naver GFA,53294.55,5561640.0,0.0
2025-12-21,Naver Search & Shopping,778026.0,1253120.0,64600.0
2025-12-21,Toss,159100.0,0.0,0.0
2025-12-22,Criteo,159669.47,1609530.0,90300.0
2025-12-22,Google Ads,2984724.72,1656058.96,341260.0
2025-12-22,Kakao Moment,182547.0,1836470.0,1103640.0
2025-12-22,Meta,270394.88,12613640.0,692020.0
2025-12-22,Naver Brand Search,273333.0,9050260.0,4117710.0
2025-12-22,Naver GFA,51651.82,4102630.0,0.0
2025-12-22,Naver Search & Shopping,687188.0,2639180.0,455200.0
2025-12-23,Criteo,107590.02,3400280.0,194540.0
2025-12-23,Google Ads,930842.56,2194052.58,1322720.0
2025-12-23,Kakao Moment,1926664.0,2118980.0,1783060.0
2025-12-23,Meta,253190.56,10931520.0,101390.0
2025-12-23,Naver Brand Search,273333.0,17755710.0,5881290.0
2025-12-23,Naver GFA,51971.82,5559650.0,0.0
2025-12-23,Naver Search & Shopping,785578.0,3066650.0,643280.0
2025-12-24,Criteo,139461.4,1889400.0,396620.0
2025-12-24,Google Ads,299190.08,1985796.76,1231520.0
2025-12-24,Kakao Moment,227940.0,1661520.0,2370010.0
2025-12-24,Meta,232408.96,7073740.0,374170.0
2025-12-24,Naver Brand Search,273333.0,4814330.0,4623950.0
2025-12-24,Naver GFA,54546.36,2286520.0,0.0
2025-12-24,Naver Search & Shopping,546160.0,2515130.0,660550.0
2025-12-25,Criteo,86618.71,1005680.0,240510.0
2025-12-25,Google Ads,722129.84,2843539.88,492030.0
2025-12-25,Kakao Moment,226644.0,1041600.0,785850.0
2025-12-25,Meta,274387.68,8520200.0,184270.0
2025-12-25,Naver Brand Search,273333.0,6756310.0,2663750.0
2025-12-25,Naver GFA,52314.55,2760030.0,0.0
2025-12-25,Naver Search & Shopping,731149.0,2407880.0,135000.0
2025-12-26,Criteo,2812669.43,2578460.0,591440.0
2025-12-26,Google Ads,1684783.44,6054170.25,4533320.0
2025-12-26,Kakao Moment,163440.0,1749480.0,1602860.0
2025-12-26,Meta,261843.68,15285180.0,1620040.0
2025-12-26,Naver Brand Search,273333.0,7428080.0,6344880.0
2025-12-26,Naver GFA,52631.82,4077440.0,0.0
2025-12-26,Naver Search & Shopping,735734.0,1396620.0,289780.0
2025-12-27,Criteo,119110.69,1298980.0,474540.0
2025-12-27,Google Ads,2560479.68,2457847.2,1610640.0
2025-12-27,Kakao Moment,163074.0,598150.0,492150.0
2025-12-27,Meta,225660.96,8439570.0,779350.0
2025-12-27,Naver Brand Search,273333.0,4371910.0,3621830.01
2025-12-27,Naver GFA,51748.18,3229510.0,0.0
2025-12-27,Naver Search & Shopping,691219.0,1889120.0,560830.0
2025-12-28,Criteo,141499.34,1910310.0,307840.0
2025-12-28,Google Ads,284318.72,1336145.09,627850.0
2025-12-28,Kakao Moment,162694.0,342900.0,1069730.0
2025-12-28,Meta,276885.28,13010470.0,935000.0
2025-12-28,Naver Brand Search,273333.0,8784240.0,4598900.0
2025-12-28,Naver GFA,53281.82,5383200.0,0.0
2025-12-28,Naver Search & Shopping,708657.0,2393160.0,363550.0
2025-12-29,Criteo,1129827.97,2295970.0,174640.0
2025-12-29,Google Ads,228108.16,1738512.83,750130.0
2025-12-29,Kakao Moment,181940.0,1098360.0,399580.0
2025-12-29,Meta,247749.6,8552220.0,436790.0
2025-12-29,Naver Brand Search,273333.0,8310090.0,3716740.0
2025-12-29,Naver GFA,50937.27,2491380.0,0.0
2025-12-29,Naver Search & Shopping,606049.0,2965830.0,434800.0
2025-12-30,Criteo,677338.31,1769560.0,444790.0
2025-12-30,Google Ads,2094506.88,603306.36,397350.0
2025-12-30,Kakao Moment,181840.0,1039660.0,370150.0
2025-12-30,Meta,293398.6,8326400.0,600870.0
2025-12-30,Naver Brand Search,546000.0,7239120.0,5051430.0
2025-12-30,Naver GFA,54190.0,3710300.0,0.0
2025-12-30,Naver Search & Shopping,644850.0,3229790.0,767130.0
2025-12-31,Criteo,1075015.76,5320350.0,609780.0
2025-12-31,Google Ads,2347625.64,1395735.73,1640940.0
2025-12-31,Kakao Moment,181404.0,1471260.0,1605900.0
2025-12-31,Meta,256380.32,11200940.0,1277300.0
2025-12-31,Naver Brand Search,546000.0,6104360.0,5025090.0
2025-12-31,Naver GFA,54587.27,2074240.0,0.0
2025-12-31,Naver Search & Shopping,661671.0,2666890.0,683030.0
2026-01-01,Criteo,132205.73,2124830.0,936810.0
2026-01-01,Google Ads,105850.08,743074.61,716150.0
2026-01-01,Kakao Moment,38000.0,0.0,390780.0
2026-01-01,Meta,300936.16,13227360.0,983580.0
2026-01-01,Naver Brand Search,500000.0,7605150.0,7367710.0
2026-01-01,Naver GFA,43961.82,3812690.0,0.0
2026-01-01,Naver Search & Shopping,161911.0,2577010.0,1147940.0
2026-01-02,Criteo,145721.05,2339140.0,577600.0
2026-01-02,Google Ads,1279857.84,1019472.03,766220.0
2026-01-02,Kakao Moment,38000.0,0.0,862920.0
2026-01-02,Meta,150811.36,6554130.0,321800.0
2026-01-02,Naver Brand Search,500000.0,9526260.0,8749280.0
2026-01-02,Naver GFA,44209.09,3728120.0,0.0
2026-01-02,Naver Search & Shopping,198114.0,1141310.0,322280.0
2026-01-03,Criteo,118455.68,1579990.0,439550.0
2026-01-03,Google Ads,1409662.76,1677245.63,1187490.0
2026-01-03,Kakao Moment,38000.0,0.0,516400.0
2026-01-03,Meta,152405.12,7818174.0,444100.0
2026-01-03,Naver Brand Search,500000.0,4281370.0,2816910.0
2026-01-03,Naver GFA,44347.27,1395900.0,0.0
2026-01-03,Naver Search & Shopping,190699.0,271710.0,35200.0
2026-01-04,Criteo,2108309.66,1292370.0,361800.0
2026-01-04,Google Ads,1149700.0,1011157.32,0.0
2026-01-04,Kakao Moment,38000.0,0.0,148370.0
2026-01-04,Meta,212357.6,8480711.0,475470.0
2026-01-04,Naver Brand Search,576667.0,7437260.0,3188040.0
2026-01-04,Naver GFA,44059.09,3377810.0,0.0
2026-01-04,Naver Search & Shopping,268400.0,1371920.0,439200.0
2026-01-05,Criteo,154873.79,1656450.0,1001120.0
2026-01-05,Google Ads,70106.4,363900.0,0.0
2026-01-05,Kakao Moment,38000.0,0.0,352400.0
2026-01-05,Meta,185666.88,7448370.0,0.0
2026-01-05,Naver Brand Search,576667.0,6303600.0,4965250.0
2026-01-05,Naver GFA,44015.45,2407040.0,0.0
2026-01-05,Naver Search & Shopping,172702.0,580440.0,0.0
2026-01-06,Criteo,603257.96,2647370.0,393320.0
2026-01-06,Google Ads,299164.32,755319.08,751590.0
2026-01-06,Kakao Moment,38000.0,174590.0,243790.0
2026-01-06,Meta,180860.96,10202891.0,966860.0
2026-01-06,Naver Brand Search,576667.0,6192640.0,4007300.0
2026-01-06,Naver GFA,45807.27,2263360.0,0.0
2026-01-06,Naver Search & Shopping,256669.0,2204060.0,674060.0
2026-01-07,Criteo,1049413.88,1273830.0,470760.0
2026-01-07,Google Ads,74858.56,306350.0,71000.0
2026-01-07,Kakao Moment,38000.0,0.0,0.0
2026-01-07,Meta,184754.08,13291648.0,847360.0
2026-01-07,Naver Brand Search,576666.67,6658550.0,3098850.0
2026-01-07,Naver GFA,45565.45,894760.0,0.0
2026-01-07,Naver Search & Shopping,203979.0,552370.0,32000.0
2026-01-08,Criteo,130152.84,3026200.0,257980.0
2026-01-08,Google Ads,296259.72,1094877.15,232100.0
2026-01-08,Kakao Moment,38000.0,43000.0,364500.0
2026-01-08,Meta,177741.76,11274430.0,228280.0
2026-01-08,Naver Brand Search,576666.67,8440530.0,3144160.0
2026-01-08,Naver GFA,45480.91,4209830.0,0.0
2026-01-08,Naver Search & Shopping,264603.0,1665910.0,321750.0
2026-01-09,Criteo,1391712.84,2540810.0,872000.0
2026-01-09,Google Ads,1219190.32,1402883.52,1008960.0
2026-01-09,Kakao Moment,1746545.0,2050730.0,3764190.0
2026-01-09,Meta,165015.2,11342720.0,314300.0
2026-01-09,Naver Brand Search,576666.67,8702510.0,8384620.0
2026-01-09,Naver GFA,43802.73,3798320.0,0.0
2026-01-09,Naver Search & Shopping,221360.0,709980.0,177550.0
2026-01-10,Criteo,3222300.0,712350.0,289260.0
2026-01-10,Google Ads,87122.56,2511079.12,1700350.0
2026-01-10,Kakao Moment,38000.0,421650.0,1084420.0
2026-01-10,Meta,169556.8,6631808.0,627080.0
2026-01-10,Naver Brand Search,576666.67,4240050.0,4187750.0
2026-01-10,Naver GFA,43284.55,2918660.0,0.0
2026-01-10,Naver Search & Shopping,172296.0,810300.0,343920.0
2026-01-11,Criteo,1673456.51,1295180.0,212300.0
2026-01-11,Google Ads,1300226.84,1807379.01,660040.0
2026-01-11,Kakao Moment,38000.0,303040.0,416720.0
2026-01-11,Meta,194707.52,6757890.0,324940.0
2026-01-11,Naver Brand Search,576666.67,9557270.0,4363310.0
2026-01-11,Naver GFA,45450.0,2236490.0,90000.0
2026-01-11,Naver Search & Shopping,211657.0,445170.0,118480.0
2026-01-12,Criteo,147895.23,1922050.0,310440.0
2026-01-12,Google Ads,1457202.92,1372160.57,239450.0
2026-01-12,Kakao Moment,38000.0,1010930.0,560500.0
2026-01-12,Meta,193760.0,5675290.0,463070.0
2026-01-12,Naver Brand Search,576666.67,4594460.0,1775610.0
2026-01-12,Naver GFA,43913.64,1544700.0,0.0
2026-01-12,Naver Search & Shopping,251634.0,1308700.0,444000.0
2026-01-13,Criteo,822571.84,1382420.0,165830.0
2026-01-13,Google Ads,941626.92,785640.31,242400.0
2026-01-13,Kakao Moment,38000.0,158300.0,205600.0
2026-01-13,Meta,176139.04,4679210.0,262070.0
2026-01-13,Naver Brand Search,576666.67,4707980.0,2452630.0
2026-01-13,Naver GFA,44094.55,2247690.0,0.0
2026-01-13,Naver Search & Shopping,213640.0,1386510.0,431710.0
2026-01-14,Criteo,1187818.59,1203540.0,291180.0
2026-01-14,Google Ads,77686.56,1191786.26,127870.0
2026-01-14,Kakao Moment,38000.0,325970.0,203570.0
2026-01-14,Meta,174779.36,3160410.0,982850.0
2026-01-14,Naver Brand Search,576666.67,6527810.0,2154420.0
2026-01-14,Naver GFA,44503.64,2062080.0,0.0
2026-01-14,Naver Search & Shopping,232805.0,1037720.0,428940.0
2026-01-15,Criteo,1023721.39,882430.0,419040.0
2026-01-15,Google Ads,51094.4,444170.75,782270.0
2026-01-15,Kakao Moment,38000.0,299160.0,267950.0
2026-01-15,Meta,171989.44,3531450.0,271380.0
2026-01-15,Naver Brand Search,576666.67,4293260.0,1831810.0
2026-01-15,Naver GFA,42492.73,1568530.0,0.0
2026-01-15,Naver Search & Shopping,185036.0,396580.0,0.0
2026-01-16,Criteo,146497.24,1396250.0,764450.0
2026-01-16,Google Ads,51037.28,0.0,750100.0
2026-01-16,Kakao Moment,38000.0,0.0,434900.0
2026-01-16,Meta,171227.84,1909260.0,66600.0
2026-01-16,Naver Brand Search,576666.67,3584400.0,3236050.0
2026-01-16,Naver GFA,45640.91,2268310.0,0.0
2026-01-16,Naver Search & Shopping,234653.0,669190.0,595660.0
2026-01-17,Criteo,1536083.9,425780.0,84400.0
2026-01-17,Google Ads,57049.44,0.0,367000.0
2026-01-17,Kakao Moment,38000.0,0.0,95000.0
2026-01-17,Meta,171411.52,4071970.0,568970.0
2026-01-17,Naver Brand Search,576666.67,4558010.0,3549180.0
2026-01-17,Naver GFA,45612.73,511130.0,0.0
2026-01-17,Naver Search & Shopping,218080.0,802700.0,513400.0
2026-01-18,Criteo,3792275.0,650840.0,145400.0
2026-01-18,Google Ads,59776.64,0.0,149000.0
2026-01-18,Kakao Moment,38000.0,86150.0,227820.0
2026-01-18,Meta,206781.12,6152230.0,259600.0
2026-01-18,Naver Brand Search,576666.67,5847300.0,2774640.0
2026-01-18,Naver GFA,43080.0,1882380.0,0.0
2026-01-18,Naver Search & Shopping,185015.0,858560.0,238770.0
2026-01-19,Criteo,148332.5,2424650.0,213250.0
2026-01-19,Google Ads,46765.6,0.0,353370.0
2026-01-19,Kakao Moment,38000.0,276290.0,409340.0
2026-01-19,Meta,181949.6,6308750.0,65000.0
2026-01-19,Naver Brand Search,576666.67,6799440.0,3445130.0
2026-01-19,Naver GFA,43385.45,4513150.0,0.0
2026-01-19,Naver Search & Shopping,220720.0,2464330.0,652410.0
2026-01-20,Criteo,120440.26,1832680.0,394470.0
2026-01-20,Google Ads,375775.68,0.0,781800.0
2026-01-20,Kakao Moment,38000.0,0.0,0.0
2026-01-20,Meta,186073.44,3449450.0,149200.0
2026-01-20,Naver Brand Search,576666.67,7900380.0,2468130.0
2026-01-20,Naver GFA,45449.09,2439870.0,0.0
2026-01-20,Naver Search & Shopping,172319.0,1266980.0,145800.0
2026-01-21,Criteo,1126316.46,1862520.0,493220.0
2026-01-21,Google Ads,41162.24,0.0,490770.0
2026-01-21,Kakao Moment,38000.0,229950.0,473770.0
2026-01-21,Meta,169639.68,5998820.0,99970.0
2026-01-21,NAP,82500.0,0.0,0.0
2026-01-21,Naver Brand Search,576666.67,4265900.0,1897790.0
2026-01-21,Naver GFA,43670.0,2698610.0,0.0
2026-01-21,Naver Search & Shopping,222960.0,598900.0,132300.0
2026-01-22,Criteo,2326223.78,1606270.0,179700.0
2026-01-22,Google Ads,379102.0,962697.36,1433430.0
2026-01-22,Kakao Moment,1750010.0,1083700.0,2600850.0
2026-01-22,Meta,166630.24,8295000.0,640680.0
2026-01-22,NAP,90000.0,0.0,0.0
2026-01-22,Naver Brand Search,576666.67,5677780.0,5278620.0
2026-01-22,Naver GFA,45465.45,1988230.0,0.0
2026-01-22,Naver Search & Shopping,152874.0,681480.0,153000.0
2026-01-23,Criteo,141114.69,1180040.0,302600.0
2026-01-23,Google Ads,40237.12,890061.18,690780.0
2026-01-23,Kakao Moment,38000.0,363990.0,794600.0
2026-01-23,Meta,173336.8,4549090.0,321150.0
2026-01-23,NAP,94500.0,0.0,0.0
2026-01-23,Naver Brand Search,576666.67,4784200.0,4689700.0
2026-01-23,Naver GFA,45720.91,1488980.0,0.0
2026-01-23,Naver Search & Shopping,259992.0,474850.0,119050.0
2026-01-24,Criteo,3251180.0,1561300.0,881380.0
2026-01-24,Google Ads,55627.04,472937.93,436370.0
2026-01-24,Kakao Moment,38000.0,215800.0,1183600.0
2026-01-24,Meta,156813.44,3888840.0,316420.0
2026-01-24,NAP,81000.0,0.0,0.0
2026-01-24,Naver Brand Search,576666.67,4821740.0,4414440.0
2026-01-24,Naver GFA,45875.45,1473230.0,0.0
2026-01-24,Naver Search & Shopping,214080.0,535700.0,0.0
2026-01-25,Criteo,141189.9,1593210.0,337100.0
2026-01-25,Google Ads,78139.04,508930.07,692410.0
2026-01-25,Kakao Moment,38000.0,343570.0,157600.0
2026-01-25,Meta,201449.92,6492690.0,1012670.0
2026-01-25,NAP,78000.0,0.0,0.0
2026-01-25,Naver Brand Search,576666.67,5732860.0,4955300.0
2026-01-25,Naver GFA,43270.91,1465920.0,0.0
2026-01-25,Naver Search & Shopping,237785.0,166420.0,593080.0
2026-01-26,Criteo,146756.81,1291380.0,171600.0
2026-01-26,Google Ads,481547.96,930290.0,684790.0
2026-01-26,Kakao Moment,38000.0,56370.0,578730.0
2026-01-26,Meta,180313.28,5551030.0,555670.0
2026-01-26,NAP,96000.0,0.0,0.0
2026-01-26,Naver Brand Search,576666.67,5357460.0,2581160.0
2026-01-26,Naver GFA,36490.0,3567310.0,0.0
2026-01-26,Naver Search & Shopping,221260.0,788470.0,66600.0
2026-01-27,Criteo,118868.04,1581130.0,209670.0
2026-01-27,Google Ads,41949.6,165580.0,0.0
2026-01-27,Kakao Moment,38000.0,152100.0,24840.0
2026-01-27,Meta,134851.36,3257150.0,111200.0
2026-01-27,NAP,79500.0,0.0,0.0
2026-01-27,Naver Brand Search,576666.67,6931770.0,2409090.0
2026-01-27,Naver GFA,36864.55,1754490.0,0.0
2026-01-27,Naver Search & Shopping,171199.0,762570.0,0.0
2026-01-28,Criteo,144133.91,1470520.0,435310.0
2026-01-28,Google Ads,182034.32,1574915.24,0.0
2026-01-28,Kakao Moment,38000.0,0.0,31200.0
2026-01-28,Meta,185541.44,4621010.0,415450.0
2026-01-28,NAP,85500.0,0.0,0.0
2026-01-28,Naver Brand Search,576666.67,5813100.0,1705030.0
2026-01-28,Naver GFA,26640.91,935230.0,0.0
2026-01-28,Naver Search & Shopping,225801.0,1274280.0,109500.0
2026-01-29,Criteo,130920.35,975480.0,633000.0
2026-01-29,Google Ads,46206.72,811010.0,0.0
2026-01-29,Kakao Moment,183551.0,721920.0,263020.0
2026-01-29,Meta,182888.16,6932272.0,264100.0
2026-01-29,NAP,79500.0,0.0,0.0
2026-01-29,Naver Brand Search,576666.67,3655096.0,1513260.0
2026-01-29,Naver GFA,8603.64,1002840.0,0.0
2026-01-29,Naver Search & Shopping,296922.0,1396000.0,81070.0
2026-01-30,Criteo,1110319.83,1664900.0,968790.0
2026-01-30,Google Ads,45314.08,1131072.78,1220190.0
2026-01-30,Kakao Moment,184081.0,222150.0,463930.0
2026-01-30,Meta,194440.96,6775500.0,516050.0
2026-01-30,NAP,78000.0,0.0,0.0
2026-01-30,Naver Brand Search,576666.67,6121679.0,5314827.0
2026-01-30,Naver GFA,8817.27,1278840.0,0.0
2026-01-30,Naver Search & Shopping,249799.0,1528109.0,1124429.0
2026-01-31,Criteo,131954.69,1913329.0,613020.0
2026-01-31,Google Ads,399258.52,368940.0,916170.0
2026-01-31,Kakao Moment,228696.0,182690.0,1304640.0
2026-01-31,Meta,173036.64,10689085.0,1059330.0
2026-01-31,NAP,76500.0,0.0,0.0
2026-01-31,Naver Brand Search,116666.67,6235358.0,6078858.0
2026-01-31,Naver GFA,9021.82,66500.0,0.0
2026-01-31,Naver Search & Shopping,195011.0,1366260.0,818990.0
2026-02-01,Criteo,2065126.69,1895320.0,840270.0
2026-02-01,Google Ads,62207.04,482181.18,976960.0
2026-02-01,Kakao Moment,0.0,36690.0,230730.0
2026-02-01,Meta,196976.64,6852118.0,625900.0
2026-02-01,NAP,76500.0,0.0,0.0
2026-02-01,Naver Brand Search,519809.52,9186959.0,7121239.0
2026-02-01,Naver GFA,31686.0,1404100.0,0.0
2026-02-01,Naver Search & Shopping,130800.0,750770.0,1225250.0
2026-02-02,Criteo,154529.27,2381219.0,794130.0
2026-02-02,Google Ads,541146.72,1032189.0,0.0
2026-02-02,Kakao Moment,0.0,0.0,219570.0
2026-02-02,Meta,217945.28,4760107.0,1028540.0
2026-02-02,NAP,76500.0,0.0,0.0
2026-02-02,Naver Brand Search,519809.52,5442837.0,3735060.0
2026-02-02,Naver GFA,47495.45,1272610.0,0.0
2026-02-02,Naver Search & Shopping,235368.0,1469600.0,104600.0
2026-02-03,Criteo,155667.03,1015729.0,211689.0
2026-02-03,Google Ads,72427.04,266270.0,511670.0
2026-02-03,Kakao Moment,0.0,0.0,202300.0
2026-02-03,Meta,283076.64,5840768.0,955358.0
2026-02-03,NAP,82500.0,0.0,0.0
2026-02-03,Naver Brand Search,496476.19,4436589.0,4124529.0
2026-02-03,Naver GFA,49993.64,2000040.0,0.0
2026-02-03,Naver Search & Shopping,227227.0,412030.0,99000.0
2026-02-04,Criteo,161261.72,1446180.0,211689.0
2026-02-04,Google Ads,70617.12,799580.28,511670.0
2026-02-04,Kakao Moment,0.0,0.0,202300.0
2026-02-04,Meta,295771.84,6496957.0,955358.0
2026-02-04,NAP,76500.0,0.0,0.0
2026-02-04,Naver Brand Search,496476.19,3818470.0,4124529.0
2026-02-04,Naver GFA,46685.45,964980.0,0.0
2026-02-04,Naver Search & Shopping,248651.0,659030.0,99000.0
2026-02-05,Criteo,156326.45,1066320.0,106300.0
2026-02-05,Google Ads,1423667.0,2530000.0,160500.0
2026-02-05,Kakao Moment,0.0,239100.0,516150.0
2026-02-05,Meta,290121.44,6057270.0,261170.0
2026-02-05,NAP,78000.0,0.0,0.0
2026-02-05,Naver Brand Search,496476.19,3769470.0,1464770.0
2026-02-05,Naver GFA,49807.27,568520.0,0.0
2026-02-05,Naver Search & Shopping,210796.0,1604260.0,888250.0
2026-02-06,Criteo,162184.3,1938528.0,876530.0
2026-02-06,Google Ads,564732.44,1260364.65,1142178.0
2026-02-06,Kakao Moment,0.0,237799.0,703949.0
2026-02-06,Meta,319652.48,7888830.0,188249.0
2026-02-06,NAP,76500.0,0.0,0.0
2026-02-06,Naver Brand Search,496476.19,3321329.0,2782159.0
2026-02-06,Naver GFA,64638.18,1309880.0,0.0
2026-02-06,Naver Search & Shopping,205267.0,774150.0,578770.0
2026-02-07,Criteo,2110818.77,1233480.0,36940.0
2026-02-07,Google Ads,93593.92,1771147.09,1354130.0
2026-02-07,Kakao Moment,0.0,0.0,559800.0
2026-02-07,Meta,622795.0,5783888.0,490600.0
2026-02-07,NAP,76500.0,0.0,0.0
2026-02-07,Naver Brand Search,496476.19,4062770.0,3312640.0
2026-02-07,Naver GFA,68558.18,536600.0,0.0
2026-02-07,Naver Search & Shopping,260158.0,1223110.0,651650.0
2026-02-08,Criteo,166883.4,2334068.0,137750.0
2026-02-08,Google Ads,96529.44,1461035.0,0.0
2026-02-08,Kakao Moment,0.0,223500.0,602240.0
2026-02-08,Meta,433168.96,5493498.0,508120.0
2026-02-08,NAP,78000.0,0.0,0.0
2026-02-08,Naver Brand Search,496476.19,3889648.0,2220129.0
2026-02-08,Naver GFA,65226.36,2141980.0,0.0
2026-02-08,Naver Search & Shopping,223834.0,1486480.0,46600.0
2026-02-09,Criteo,174846.82,1151560.0,526350.0
2026-02-09,Google Ads,81226.88,237440.0,305130.0
2026-02-09,Kakao Moment,0.0,0.0,504440.0
2026-02-09,Meta,361136.16,5156801.0,149600.0
2026-02-09,NAP,76500.0,0.0,0.0
2026-02-09,Naver Brand Search,496476.19,4371828.0,2526639.0
2026-02-09,Naver GFA,53664.55,1399140.0,0.0
2026-02-09,Naver Search & Shopping,341630.0,815330.0,0.0
2026-02-10,Criteo,3879977.53,1209810.0,597210.0
2026-02-10,Google Ads,1310378.0,665780.0,192600.0
2026-02-10,Kakao Moment,0.0,0.0,249810.0
2026-02-10,Meta,283277.12,4683143.0,528629.0
2026-02-10,NAP,76500.0,0.0,0.0
2026-02-10,Naver Brand Search,496476.19,4313910.0,2538860.0
2026-02-10,Naver GFA,48277.27,1234330.0,0.0
2026-02-10,Naver Search & Shopping,245724.0,443250.0,0.0
2026-02-11,Criteo,164358.02,2234854.0,240179.0
2026-02-11,Google Ads,78900.64,2085070.0,555570.0
2026-02-11,Kakao Moment,0.0,110799.0,172200.0
2026-02-11,Meta,311962.56,4564731.0,676900.0
2026-02-11,NAP,76500.0,0.0,0.0
2026-02-11,Naver Brand Search,496476.19,3277953.0,2153268.0
2026-02-11,Naver GFA,48424.55,1350000.0,0.0
2026-02-11,Naver Search & Shopping,190350.0,928890.0,0.0
2026-02-12,Criteo,2742698.88,1984978.0,441529.0
2026-02-12,Google Ads,888107.92,936522.0,347750.0
2026-02-12,Kakao Moment,1713615.0,2851662.0,2689987.0
2026-02-12,Meta,330179.36,6415982.0,833380.0
2026-02-12,Naver Brand Search,496476.19,2675372.0,1387034.0
2026-02-12,Naver GFA,46919.09,887080.0,0.0
2026-02-12,Naver Search & Shopping,252324.0,1657790.0,0.0
2026-02-13,Criteo,159674.29,2714998.0,1943578.0
2026-02-13,Google Ads,49869.52,1656513.01,1241480.0
2026-02-13,Kakao Moment,0.0,643770.0,1173810.0
2026-02-13,Meta,291600.96,3710820.0,152910.0
2026-02-13,NAP,76500.0,0.0,0.0
2026-02-13,Naver Brand Search,496476.19,2917770.0,2352740.0
2026-02-13,Naver GFA,52779.09,0.0,0.0
2026-02-13,Naver Search & Shopping,193286.0,940350.0,209570.0
2026-02-14,Criteo,2696714.49,2976654.0,565510.0
2026-02-14,Google Ads,74663.68,929402.67,523960.0
2026-02-14,Kakao Moment,0.0,2336139.0,2403050.0
2026-02-14,Meta,234297.28,10931400.0,375803.0
2026-02-14,NAP,76500.0,0.0,0.0
2026-02-14,Naver Brand Search,496476.19,5272725.0,4383992.0
2026-02-14,Naver GFA,52830.91,521820.0,0.0
2026-02-14,Naver Search & Shopping,220335.0,754070.0,404970.0
2026-02-15,Criteo,158930.46,1270949.0,396010.0
2026-02-15,Google Ads,1755458.0,306155.73,138900.0
2026-02-15,Kakao Moment,0.0,665677.0,822820.0
2026-02-15,Meta,295154.72,7594277.0,578059.0
2026-02-15,Naver Brand Search,496476.19,3702601.0,3391622.0
2026-02-15,Naver GFA,53212.73,514350.0,0.0
2026-02-15,Naver Search & Shopping,182843.0,917760.0,494280.0
2026-02-16,Criteo,1689586.58,1326200.0,505830.0
2026-02-16,Google Ads,60999.68,1684412.05,1681982.0
2026-02-16,Kakao Moment,0.0,389580.0,830530.0
2026-02-16,Meta,336303.6,7994098.0,317920.0
2026-02-16,Naver Brand Search,496476.19,3691642.0,3366390.0
2026-02-16,Naver GFA,52721.82,270330.0,0.0
2026-02-16,Naver Search & Shopping,189644.0,276520.0,406720.0
2026-02-17,Criteo,157884.97,1467400.0,280060.0
2026-02-17,Google Ads,1775268.0,1397415.59,981710.0
2026-02-17,Kakao Moment,0.0,554669.0,2541448.0
2026-02-17,Meta,290948.0,6515765.0,81860.0
2026-02-17,Naver Brand Search,496476.19,4069097.0,3457997.0
2026-02-17,Naver GFA,50385.45,508580.0,0.0
2026-02-17,Naver Search & Shopping,263342.0,457420.0,150240.0
2026-02-18,Criteo,161229.26,1510752.0,204700.0
2026-02-18,Google Ads,111075.92,1558305.41,346932.0
2026-02-18,Kakao Moment,0.0,798199.0,1373037.0
2026-02-18,Meta,339099.04,7805536.0,319972.0
2026-02-18,Naver Brand Search,496476.19,7131653.0,3065892.0
2026-02-18,Naver GFA,66080.91,1061860.0,0.0
2026-02-18,Naver Search & Shopping,295181.0,615300.0,0.0
2026-02-19,Criteo,158035.7,1889031.0,707530.0
2026-02-19,Google Ads,747022.44,863416.77,418380.0
2026-02-19,Kakao Moment,0.0,259830.0,399749.0
2026-02-19,Meta,1465937.44,7668755.0,924450.0
2026-02-19,Naver Brand Search,496476.19,4298262.0,2120470.0
2026-02-19,Naver GFA,24878.0,1026840.0,0.0
2026-02-19,Naver Search & Shopping,283420.0,2149832.0,119050.0
2026-02-20,Criteo,150355.11,1078680.0,231440.0
2026-02-20,Google Ads,1181646.84,412579.63,540680.0
2026-02-20,Kakao Moment,0.0,15500.0,480610.0
2026-02-20,Meta,338327.36,6644343.0,1355820.0
2026-02-20,Naver Brand Search,496476.19,4004769.0,3937479.0
2026-02-20,Naver GFA,70019.09,1189690.0,0.0
2026-02-20,Naver Search & Shopping,319643.0,435830.0,230910.0
2026-02-21,Criteo,1850569.87,1237330.0,455620.0
2026-02-21,Google Ads,1543814.64,535732.36,190879.0
2026-02-21,Kakao Moment,0.0,127490.0,785630.0
2026-02-21,Meta,2084810.96,4790519.0,235052.0
2026-02-21,Naver Brand Search,496476.19,4720100.0,4667810.0
2026-02-21,Naver GFA,70093.64,775390.0,0.0
2026-02-21,Naver Search & Shopping,267833.0,1063320.0,81300.0
2026-02-22,Criteo,1490475.29,4690058.0,1079390.0
2026-02-22,Google Ads,419651.64,2246384.56,277588.0
2026-02-22,Kakao Moment,0.0,188409.0,3997054.0
2026-02-22,Meta,2373082.52,22297173.0,1355019.0
2026-02-22,Naver Brand Search,496476.19,9988666.0,4498715.99
2026-02-22,Naver GFA,70036.36,1671780.0,0.0
2026-02-22,Naver Search & Shopping,229531.0,1440656.0,133150.0
2026-02-23,Criteo,1692913.32,1204722.0,526580.0
2026-02-23,Google Ads,906451.84,1020444.66,90052.0
2026-02-23,Kakao Moment,0.0,169000.0,245800.0
2026-02-23,Meta,312999.68,6036842.0,179910.0
2026-02-23,Naver Brand Search,496476.19,4247036.0,2047126.0
2026-02-23,Naver GFA,51266.36,1105800.0,0.0
2026-02-23,Naver Search & Shopping,195505.0,873652.0,0.0
2026-02-24,Criteo,2535191.68,477140.0,111300.0
2026-02-24,Google Ads,59642.24,172682.0,0.0
2026-02-24,Kakao Moment,0.0,0.0,269440.0
2026-02-24,Meta,277621.12,2799706.0,205703.0
2026-02-24,Naver Brand Search,496476.19,3809659.0,1895059.0
2026-02-24,Naver GFA,50958.18,1844390.0,0.0
2026-02-24,Naver Search & Shopping,204921.0,644600.0,0.0
2026-02-25,Criteo,4459444.0,807810.0,191900.0
2026-02-25,Google Ads,68488.0,262480.0,18000.0
2026-02-25,Kakao Moment,0.0,0.0,364962.0
2026-02-25,Meta,272520.64,3425928.0,66910.0
2026-02-25,Naver Brand Search,496476.19,2424595.0,704312.0
2026-02-25,Naver GFA,53010.0,1266840.0,0.0
2026-02-25,Naver Search & Shopping,255378.0,1190370.0,0.0
2026-02-26,Criteo,164069.07,1470360.0,170580.0
2026-02-26,Google Ads,24749.0,810640.0,6700.0
2026-02-26,Kakao Moment,1713015.0,1001789.0,1648630.0
2026-02-26,Meta,276993.92,3026096.0,18000.0
2026-02-26,Naver Brand Search,496476.19,2571332.0,1282260.0
2026-02-26,Naver GFA,48392.73,582970.0,0.0
2026-02-26,Naver Search & Shopping,260367.0,1007430.0,91000.0
2026-02-27,Criteo,2983563.51,1302750.0,473880.0
2026-02-27,Google Ads,237997.36,1048640.0,323200.0
2026-02-27,Kakao Moment,0.0,477140.0,557380.0
2026-02-27,Meta,254525.6,2422976.0,361188.0
2026-02-27,Naver Brand Search,496476.19,3131055.0,3106555.0
2026-02-27,Naver GFA,52831.82,1346780.0,0.0
2026-02-27,Naver Search & Shopping,225222.0,630000.0,81070.0
2026-02-28,Criteo,2540048.73,1606040.0,267900.0
2026-02-28,Google Ads,652972.0,985850.0,836140.0
2026-02-28,Kakao Moment,0.0,362050.0,1307583.0
2026-02-28,Meta,259672.0,4850579.0,456910.0
2026-02-28,Naver Brand Search,496476.19,1987280.0,1982780.0
2026-02-28,Naver GFA,48920.91,597300.0,0.0
2026-02-28,Naver Search & Shopping,195300.0,522580.0,0.0
2026-03-01,Criteo,162583.22,373980.0,136680.0
2026-03-01,Google Ads,1945220.32,975612.0,702020.0
2026-03-01,Kakao Moment,0.0,104940.0,553736.0
2026-03-01,Meta,385217.28,2642310.0,357040.0
2026-03-01,Naver Brand Search,496476.19,3643303.0,3433623.0
2026-03-01,Naver GFA,49296.36,1061250.0,0.0
2026-03-01,Naver Search & Shopping,224700.0,1073010.0,352650.0
2026-03-02,Criteo,2218470.47,250550.0,171423.0
2026-03-02,Google Ads,217554.4,796510.67,184170.0
2026-03-02,Kakao Moment,0.0,0.0,632260.0
2026-03-02,Meta,354735.36,2617363.0,130153.0
2026-03-02,Naver Brand Search,496476.19,3034237.0,2857905.0
2026-03-02,Naver GFA,50665.45,1445910.0,0.0
2026-03-02,Naver Search & Shopping,229260.0,930150.0,715380.0
2026-03-03,Criteo,3949139.0,855770.0,619300.0
2026-03-03,Google Ads,184261.28,1437111.14,673650.0
2026-03-03,Kakao Moment,0.0,0.0,377320.0
2026-03-03,Meta,297612.0,4477577.0,552450.0
2026-03-03,Naver Brand Search,496476.19,2829153.0,2089513.0
2026-03-03,Naver GFA,48300.91,1207270.0,0.0
2026-03-03,Naver Search & Shopping,215710.0,1045880.0,489550.0
2026-03-04,Criteo,2339489.43,1621490.0,798210.0
2026-03-04,Google Ads,182436.8,951062.24,1530550.0
2026-03-04,Kakao Moment,0.0,0.0,161990.0
2026-03-04,Meta,322599.2,4729780.0,484330.0
2026-03-04,Naver Brand Search,496476.19,3847560.0,2485560.0
2026-03-04,Naver GFA,48338.18,1671850.0,0.0
2026-03-04,Naver Search & Shopping,244140.0,1134890.0,335160.0
2026-03-05,Criteo,143994.37,602610.0,270100.0
2026-03-05,Google Ads,1356154.8,1436509.45,364910.0
2026-03-05,Kakao Moment,0.0,167140.0,120240.0
2026-03-05,Meta,349335.84,2571154.0,224522.0
2026-03-05,Naver Brand Search,306666.66,3193180.0,3300376.0
2026-03-05,Naver GFA,47898.18,740290.0,0.0
2026-03-05,Naver Search & Shopping,228980.0,640800.0,0.0
2026-03-06,Criteo,2783221.62,1292450.0,236470.0
2026-03-06,Google Ads,3500844.52,2045091.97,259860.0
2026-03-06,Kakao Moment,0.0,24760.0,277500.0
2026-03-06,Meta,328194.72,3574703.0,233550.0
2026-03-06,Naver Brand Search,306666.66,2022270.0,2103670.0
2026-03-06,Naver GFA,44886.36,1214580.0,0.0
2026-03-06,Naver Search & Shopping,242658.0,770110.0,177800.0
2026-03-07,Criteo,141455.24,703100.0,377453.0
2026-03-07,Google Ads,242176.92,1486239.84,899760.0
2026-03-07,Kakao Moment,0.0,33000.0,265420.0
2026-03-07,Meta,423050.0,3289693.0,453173.0
2026-03-07,Naver Brand Search,306666.66,2553432.0,1670752.0
2026-03-07,Naver GFA,48700.91,1382800.0,0.0
2026-03-07,Naver Search & Shopping,254458.0,499820.0,693080.0
2026-03-08,Criteo,147561.6,1250670.0,526970.0
2026-03-08,Google Ads,237172.32,1590939.0,710472.0
2026-03-08,Kakao Moment,0.0,0.0,578230.0
2026-03-08,Meta,388582.88,2596170.0,551820.0
2026-03-08,Naver Brand Search,306666.66,3512850.0,2995540.0
2026-03-08,Naver GFA,48270.0,746290.0,0.0
2026-03-08,Naver Search & Shopping,233020.0,918830.0,864320.0
2026-03-09,Criteo,154931.29,1376720.0,569690.0
2026-03-09,Google Ads,4047558.6,974343.74,770572.0
2026-03-09,Kakao Moment,0.0,0.0,347530.0
2026-03-09,Meta,325997.28,3645686.0,384880.0
2026-03-09,Naver Brand Search,306666.66,3243006.0,2745216.0
2026-03-09,Naver GFA,48172.73,420910.0,0.0
2026-03-09,Naver Search & Shopping,256555.0,1247030.0,365420.0
2026-03-10,Criteo,137245.03,818220.0,238000.0
2026-03-10,Google Ads,213906.56,521203.95,640280.0
2026-03-10,Kakao Moment,0.0,501150.0,475740.0
2026-03-10,Meta,306477.92,6147547.0,539200.0
2026-03-10,Naver Brand Search,306666.66,3739573.0,3397993.0
2026-03-10,Naver GFA,49040.91,1063080.0,0.0
2026-03-10,Naver Search & Shopping,196296.0,1129910.0,483820.0
2026-03-11,Criteo,145787.56,1382500.0,427350.0
2026-03-11,Google Ads,1435971.16,1527121.66,1046423.0
2026-03-11,Kakao Moment,0.0,0.0,152250.0
2026-03-11,Meta,322394.24,2691572.0,0.0
2026-03-11,Naver Brand Search,306666.66,3452842.0,3307122.0
2026-03-11,Naver GFA,48441.82,1001610.0,0.0
2026-03-11,Naver Search & Shopping,230480.0,1157702.0,561692.0
2026-03-12,Criteo,143253.04,1238730.0,1115480.0
2026-03-12,Google Ads,3450056.84,666794.97,394120.0
2026-03-12,Kakao Moment,1709295.0,614930.0,1734960.0
2026-03-12,Meta,309703.52,6235189.0,58300.0
2026-03-12,Naver Brand Search,306666.66,2256026.0,2518936.0
2026-03-12,Naver GFA,48295.45,907940.0,0.0
2026-03-12,Naver Search & Shopping,244370.0,1210680.0,181870.0
2026-03-13,Criteo,4046414.0,997580.0,515850.0
2026-03-13,Google Ads,2469612.0,1778025.5,1484610.0
2026-03-13,Kakao Moment,0.0,355170.0,498670.0
2026-03-13,Meta,301191.52,4505293.0,316100.0
2026-03-13,Naver Brand Search,306666.66,2328093.0,2008713.0
2026-03-13,Naver GFA,46646.36,154450.0,0.0
2026-03-13,Naver Search & Shopping,259908.0,350050.0,0.0
2026-03-14,Criteo,1624809.62,957610.0,104300.0
2026-03-14,Google Ads,2877158.44,637256.21,491243.0
2026-03-14,Kakao Moment,0.0,572700.0,783140.0
2026-03-14,Meta,317299.36,3200658.0,401420.0
2026-03-14,Naver Brand Search,306666.66,3257768.0,3326668.0
2026-03-14,Naver GFA,48202.73,928830.0,0.0
2026-03-14,Naver Search & Shopping,186781.0,169170.0,146270.0
2026-03-15,Criteo,151130.16,1032822.0,119000.0
2026-03-15,Google Ads,1764737.08,1016873.06,904380.0
2026-03-15,Kakao Moment,0.0,416000.0,542090.0
2026-03-15,Meta,365365.28,4301796.0,324700.0
2026-03-15,Naver Brand Search,306666.66,3965665.0,3774565.0
2026-03-15,Naver GFA,46316.36,423010.0,0.0
2026-03-15,Naver Search & Shopping,250432.0,1073000.0,55600.0
2026-03-16,Criteo,149526.44,1246870.0,662000.0
2026-03-16,Google Ads,1250998.36,421740.0,312740.0
2026-03-16,Kakao Moment,0.0,857870.0,775610.0
2026-03-16,Meta,333151.84,3103040.0,266450.0
2026-03-16,Naver Brand Search,306666.66,2399600.0,2368430.0
2026-03-16,Naver GFA,48129.09,867260.0,0.0
2026-03-16,Naver Search & Shopping,261091.0,62700.0,434420.0
2026-03-17,Criteo,141163.46,1136350.0,355330.0
2026-03-17,Google Ads,174114.08,151500.0,659780.0
2026-03-17,Kakao Moment,0.0,173950.0,546550.0
2026-03-17,Meta,324279.2,2693070.0,761020.0
2026-03-17,Naver Brand Search,306666.66,2596280.0,2596280.0
2026-03-17,Naver GFA,46469.09,643090.0,0.0
2026-03-17,Naver Search & Shopping,223730.0,707360.0,113100.0
2026-03-18,Criteo,145053.01,1324400.0,241800.0
2026-03-18,Google Ads,1254409.68,1272110.0,892200.0
2026-03-18,Kakao Moment,0.0,473600.0,334600.0
2026-03-18,Meta,321260.8,5368040.0,1319150.0
2026-03-18,Naver Brand Search,306666.66,4098060.0,1952080.0
2026-03-18,Naver GFA,46526.36,389300.0,0.0
2026-03-18,Naver Search & Shopping,231310.0,353210.0,512950.0
2026-03-19,Criteo,3927886.0,612900.0,558950.0
2026-03-19,Google Ads,2040531.12,286302.17,163170.0
2026-03-19,Kakao Moment,0.0,0.0,711540.0
2026-03-19,Meta,316223.04,2913960.0,704190.0
2026-03-19,Naver Brand Search,306666.66,1014640.0,800200.0
2026-03-19,Naver GFA,48498.18,682420.0,0.0
2026-03-19,Naver Search & Shopping,234480.0,1037740.0,148150.0
2026-03-20,Criteo,1455416.45,1190390.0,532960.0
2026-03-20,Google Ads,3656883.0,449238.97,294900.0
2026-03-20,Kakao Moment,0.0,119130.0,892340.0
2026-03-20,Meta,295226.4,2890570.0,710080.0
2026-03-20,Naver Brand Search,306666.66,3455640.0,2891830.0
2026-03-20,Naver GFA,45915.45,955000.0,0.0
2026-03-20,Naver Search & Shopping,253531.0,747900.0,234790.0
2026-03-21,Criteo,2227506.99,666670.0,67600.0
2026-03-21,Google Ads,1214434.52,935191.57,99500.0
2026-03-21,Kakao Moment,0.0,0.0,0.0
2026-03-21,Meta,314511.68,2274670.0,553350.0
2026-03-21,Naver Brand Search,306666.66,3692160.0,3311110.0
2026-03-21,Naver GFA,46305.45,292190.0,0.0
2026-03-21,Naver Search & Shopping,232780.0,437550.0,631670.0
2026-03-22,Criteo,148599.35,1234100.0,477360.0
2026-03-22,Google Ads,3045943.52,1345869.14,530370.0
2026-03-22,Kakao Moment,0.0,0.0,293100.0
2026-03-22,Meta,370667.36,4525230.0,973990.0
2026-03-22,Naver Brand Search,306666.66,4185070.0,3742500.0
2026-03-22,Naver GFA,47142.73,735660.0,0.0
2026-03-22,Naver Search & Shopping,261388.0,616710.0,288350.0
2026-03-23,Criteo,155420.21,186500.0,151210.0
2026-03-23,Google Ads,2869331.72,920020.68,865660.0
2026-03-23,Kakao Moment,0.0,0.0,922040.0
2026-03-23,Meta,341182.24,3143890.0,295890.0
2026-03-23,Naver Brand Search,306666.66,2371890.0,2692050.0
2026-03-23,Naver GFA,46986.36,792940.0,0.0
2026-03-23,Naver Search & Shopping,225000.0,1002860.0,313670.0
2026-03-24,Criteo,1049500.85,689680.0,370910.0
2026-03-24,Google Ads,181196.96,973059.52,680220.0
2026-03-24,Kakao Moment,0.0,0.0,137060.0
2026-03-24,Meta,320876.64,1539660.0,136600.0
2026-03-24,Naver Brand Search,306666.66,2171140.0,1713160.0
2026-03-24,Naver GFA,46535.45,766060.0,0.0
2026-03-24,Naver Search & Shopping,221620.0,1198010.0,153800.0
2026-03-25,Criteo,142145.13,1149800.0,545900.0
2026-03-25,Google Ads,1270268.04,452290.0,712620.0
2026-03-25,Kakao Moment,0.0,59080.0,1241590.0
2026-03-25,Meta,313596.64,4588540.0,274580.0
2026-03-25,Naver Brand Search,306666.66,1934150.0,1498510.0
2026-03-25,Naver GFA,47760.91,1123030.0,0.0
2026-03-25,Naver Search & Shopping,190769.0,1984690.0,867580.0
2026-03-26,Criteo,140959.64,963790.0,833380.0
2026-03-26,Google Ads,165082.4,436010.0,0.0
2026-03-26,Kakao Moment,0.0,0.0,938620.0
2026-03-26,Meta,315987.84,5818670.0,675340.0
2026-03-26,Naver Brand Search,306666.66,3453160.0,3486800.0
2026-03-26,Naver GFA,46300.0,1024570.0,0.0
2026-03-26,Naver Search & Shopping,221400.0,357670.0,351580.0
2026-03-27,Criteo,154134.03,432780.0,386880.0
2026-03-27,Google Ads,1980815.24,927720.0,172230.0
2026-03-27,Kakao Moment,0.0,0.0,154900.0
2026-03-27,Meta,303564.8,1808710.0,732330.0
2026-03-27,Naver Brand Search,306666.66,1586490.0,1287110.0
2026-03-27,Naver GFA,48223.64,479160.0,0.0
2026-03-27,Naver Search & Shopping,248555.0,775130.0,0.0
2026-03-28,Criteo,133842.87,1147400.0,651480.0
2026-03-28,Google Ads,1325983.04,416300.0,252300.0
2026-03-28,Kakao Moment,0.0,0.0,452310.0
2026-03-28,Meta,304997.28,1975960.0,227700.0
2026-03-28,Naver Brand Search,306666.66,2478790.0,2263540.0
2026-03-28,Naver GFA,46587.27,272430.0,0.0
2026-03-28,Naver Search & Shopping,184086.0,688350.0,281280.0
2026-03-29,Criteo,153490.53,581380.0,355980.0
2026-03-29,Google Ads,2571083.76,601020.0,556970.0
2026-03-29,Kakao Moment,0.0,0.0,104100.0
2026-03-29,Meta,372933.12,3387550.0,434900.0
2026-03-29,Naver Brand Search,306666.66,3766130.0,3242910.0
2026-03-29,Naver GFA,46711.82,402260.0,0.0
2026-03-29,Naver Search & Shopping,230560.0,471240.0,0.0
2026-03-30,Criteo,1192054.2,883180.0,546280.0
2026-03-30,Google Ads,2364840.08,447700.0,447700.0
2026-03-30,Kakao Moment,0.0,0.0,653880.0
2026-03-30,Meta,349480.32,6476550.0,573630.0
2026-03-30,Naver Brand Search,306666.66,3185450.0,2909680.0
2026-03-30,Naver GFA,47793.64,312340.0,0.0
2026-03-30,Naver Search & Shopping,231790.0,339780.0,226670.0
2026-03-31,Criteo,3829891.0,2096700.0,477600.0
2026-03-31,Google Ads,3127187.28,199077.08,0.0
2026-03-31,Kakao Moment,0.0,0.0,300100.0
2026-03-31,Meta,361606.56,5356880.0,332000.0
2026-03-31,Naver Brand Search,306666.66,5427590.0,2682690.0
2026-03-31,Naver GFA,46290.0,1135560.0,0.0
2026-03-31,Naver Search & Shopping,235050.0,327070.0,0.0
2026-04-01,Criteo,2777530.97,965960.0,468430.0
2026-04-01,Google Ads,182407.68,302108.08,366630.0
2026-04-01,Kakao Moment,0.0,0.0,537940.0
2026-04-01,Meta,335129.76,4351480.0,424920.0
2026-04-01,Naver Brand Search,306666.67,3598070.0,3321150.0
2026-04-01,Naver GFA,92903.64,1008470.0,0.0
2026-04-01,Naver Search & Shopping,205452.73,918450.0,298200.0
2026-04-02,Criteo,155064.87,1478060.0,626100.0
2026-04-02,Google Ads,1194818.16,1127600.98,686750.0
2026-04-02,Kakao Moment,0.0,0.0,363590.0
2026-04-02,Meta,335830.88,2013790.0,309730.0
2026-04-02,Naver Brand Search,306666.67,3398980.0,3295570.0
2026-04-02,Naver GFA,36112.73,1161320.0,0.0
2026-04-02,Naver Search & Shopping,247321.82,980080.0,532600.0
2026-04-03,Criteo,183738.41,1156270.0,374110.0
2026-04-03,Google Ads,1646212.12,527122.14,68850.0
2026-04-03,Kakao Moment,0.0,0.0,559450.0
2026-04-03,Meta,322258.72,5832320.0,831080.0
2026-04-03,Naver Brand Search,306666.67,3460570.0,3272680.0
2026-04-03,Naver GFA,38481.82,2367900.0,0.0
2026-04-03,Naver Search & Shopping,242290.0,590430.0,261890.0
2026-04-04,Criteo,3743465.0,350200.0,377940.0
2026-04-04,Google Ads,1352439.72,1266431.65,1454980.0
2026-04-04,Kakao Moment,0.0,0.0,124100.0
2026-04-04,Meta,303783.2,1927070.0,569600.0
2026-04-04,Naver Brand Search,306666.67,1732500.0,1522900.0
2026-04-04,Naver GFA,38250.91,2963260.0,0.0
2026-04-04,Naver Search & Shopping,250052.73,807690.0,165080.0
2026-04-05,Criteo,164256.05,1007430.0,454000.0
2026-04-05,Google Ads,920580.72,1213444.3,665150.0
2026-04-05,Kakao Moment,0.0,0.0,360610.0
2026-04-05,Meta,422112.32,6061260.0,623750.0
2026-04-05,Naver Brand Search,306666.67,3020100.0,2400320.0
2026-04-05,Naver GFA,36546.36,1667150.0,0.0
2026-04-05,Naver Search & Shopping,247027.27,831410.0,0.0
2026-04-06,Criteo,177955.22,822770.0,278940.0
2026-04-06,Google Ads,1751302.12,596929.55,47200.0
2026-04-06,Kakao Moment,0.0,0.0,327600.0
2026-04-06,Meta,351861.44,3937110.0,368950.0
2026-04-06,Naver Brand Search,306666.67,2911380.0,2636200.0
2026-04-06,Naver GFA,38038.18,698080.0,0.0
2026-04-06,Naver Search & Shopping,262922.73,853430.0,233400.0
2026-04-07,Criteo,140795.99,2410800.0,1097090.0
2026-04-07,Google Ads,116011.84,750416.0,347910.0
2026-04-07,Kakao Moment,0.0,0.0,575000.0
2026-04-07,Meta,341863.2,2603740.0,337170.0
2026-04-07,Naver Brand Search,306666.67,2328890.0,1900110.0
2026-04-07,Naver GFA,36334.55,1749710.0,0.0
2026-04-07,Naver Search & Shopping,244286.36,2597870.0,788840.0
2026-04-08,Criteo,161894.33,736690.0,619590.0
2026-04-08,Google Ads,1454189.44,640666.93,650680.0
2026-04-08,Kakao Moment,0.0,0.0,141600.0
2026-04-08,Meta,354083.52,2280310.0,334090.0
2026-04-08,Naver Brand Search,306666.67,2955860.0,2493160.0
2026-04-08,Naver GFA,37055.45,630410.0,0.0
2026-04-08,Naver Search & Shopping,232127.27,1397850.0,522670.0
2026-04-09,Criteo,1124137.82,865680.0,314730.0
2026-04-09,Google Ads,124349.12,606543.03,246500.0
2026-04-09,Kakao Moment,1731225.0,1173920.0,2144670.0
2026-04-09,Meta,434616.0,5260790.0,958030.0
2026-04-09,Naver Brand Search,306666.67,3089200.0,3099200.0
2026-04-09,Naver GFA,38260.0,1695200.0,0.0
2026-04-09,Naver Search & Shopping,254530.0,1118850.0,60000.0
2026-04-10,Criteo,165917.23,421380.0,303390.0
2026-04-10,Google Ads,1011251.44,687959.7,236310.0
2026-04-10,Kakao Moment,0.0,610430.0,1435270.0
2026-04-10,Meta,323048.32,4529890.0,284760.0
2026-04-10,Naver Brand Search,306666.67,2064630.0,1657330.0
2026-04-10,Naver GFA,38747.27,1160940.0,0.0
2026-04-10,Naver Search & Shopping,217228.18,1570940.0,872080.0
2026-04-11,Criteo,3986168.0,569090.0,85500.0
2026-04-11,Google Ads,129603.04,709087.3,348940.0
2026-04-11,Kakao Moment,0.0,0.0,596350.0
2026-04-11,Meta,279851.04,3321440.0,81800.0
2026-04-11,Naver Brand Search,306666.67,1761870.0,1407060.0
2026-04-11,Naver GFA,37479.09,911150.0,0.0
2026-04-11,Naver Search & Shopping,207953.64,903620.0,0.0
2026-04-12,Criteo,2636146.43,508570.0,308250.0
2026-04-12,Google Ads,122622.08,1519571.33,351900.0
2026-04-12,Kakao Moment,0.0,0.0,171100.0
2026-04-12,Meta,363007.68,3057170.0,391390.0
2026-04-12,Naver Brand Search,306666.67,2969160.0,2785940.0
2026-04-12,Naver GFA,29018.18,969990.0,0.0
2026-04-12,Naver Search & Shopping,173350.73,504160.0,532500.0
2026-04-13,Criteo,1613046.87,1115600.0,468300.0
2026-04-13,Google Ads,131463.36,522154.63,31930.0
2026-04-13,Kakao Moment,0.0,272950.0,482720.0
2026-04-13,Meta,317569.28,3468940.0,1333630.0
2026-04-13,Naver Brand Search,306666.67,4368100.0,4231520.0
2026-04-13,Naver GFA,29125.45,583100.0,0.0
2026-04-13,Naver Search & Shopping,225090.0,1028850.0,43470.0
2026-04-14,Criteo,137827.53,1562370.0,346700.0
2026-04-14,Google Ads,726562.2,645562.5,592220.0
2026-04-14,Kakao Moment,0.0,41350.0,317610.0
2026-04-14,Meta,316116.64,6093580.0,233890.0
2026-04-14,Naver Brand Search,306666.67,3953220.0,3058110.0
2026-04-14,Naver GFA,10999.0,594880.0,0.0
2026-04-14,Naver Search & Shopping,222071.82,900740.0,518000.0
2026-04-15,Criteo,268836.25,945090.0,258300.0
2026-04-15,Google Ads,3775242.6,617945.89,0.0
2026-04-15,Kakao Moment,0.0,232770.0,0.0
2026-04-15,Meta,341238.24,2781040.0,323000.0
2026-04-15,Naver Brand Search,306666.67,2627840.0,2374280.0
2026-04-15,Naver GFA,28874.55,952210.0,0.0
2026-04-15,Naver Search & Shopping,219220.0,402200.0,257570.0
2026-04-16,Criteo,151362.67,2408780.0,1263640.0
2026-04-16,Google Ads,104391.84,1102427.71,202690.0
2026-04-16,Kakao Moment,0.0,186680.0,368170.0
2026-04-16,Meta,422138.08,5508397.0,363770.0
2026-04-16,Naver Brand Search,306666.67,6550250.0,5551060.0
2026-04-16,Naver GFA,28731.82,1099540.0,0.0
2026-04-16,Naver Search & Shopping,223302.73,898930.0,479040.0
2026-04-17,Criteo,1366523.94,1240300.0,920650.0
2026-04-17,Google Ads,1001012.92,1039585.5,512570.0
2026-04-17,Kakao Moment,0.0,49000.0,793340.0
2026-04-17,Meta,387625.28,3575950.0,544750.0
2026-04-17,Naver Brand Search,306666.67,4161210.0,3637000.0
2026-04-17,Naver GFA,28970.0,997870.0,0.0
2026-04-17,Naver Search & Shopping,205066.36,1298280.0,459500.0
2026-04-18,Criteo,2546670.66,1148780.0,568400.0
2026-04-18,Google Ads,84365.68,461695.63,342850.0
2026-04-18,Kakao Moment,0.0,44100.0,408010.0
2026-04-18,Meta,278115.04,4806180.0,1333970.0
2026-04-18,Naver Brand Search,306666.67,3290010.0,3082710.0
2026-04-18,Naver GFA,28740.91,519850.0,0.0
2026-04-18,Naver Search & Shopping,206973.64,1121650.0,30570.0
2026-04-19,Criteo,157760.67,1490850.0,427510.0
2026-04-19,Google Ads,1512171.72,889532.0,440950.0
2026-04-19,Kakao Moment,0.0,0.0,1043440.0
2026-04-19,Meta,370433.28,4281960.0,667590.0
2026-04-19,Naver Brand Search,306666.67,3711850.0,3449840.0
2026-04-19,Naver GFA,28746.36,500730.0,0.0
2026-04-19,Naver Search & Shopping,217344.55,1223670.0,1141740.0
2026-04-20,Criteo,180595.25,1402580.0,977920.0
2026-04-20,Google Ads,1094207.6,206710.44,279070.0
2026-04-20,Kakao Moment,0.0,0.0,0.0
2026-04-20,Meta,374218.88,7472550.0,1149400.0
2026-04-20,Naver Brand Search,306666.67,3279710.0,3246350.0
2026-04-20,Naver GFA,28500.0,382500.0,0.0
2026-04-20,Naver Search & Shopping,209144.55,1098920.0,883580.0
2026-04-21,Criteo,1550804.79,1957420.0,1226230.0
2026-04-21,Google Ads,1107643.64,1219537.21,473160.0
2026-04-21,Kakao Moment,0.0,0.0,296300.0
2026-04-21,Meta,365431.36,4112270.0,1027750.0
2026-04-21,Naver Brand Search,306666.67,2868640.0,2644640.0
2026-04-21,Naver GFA,28908.18,615180.0,0.0
2026-04-21,Naver Search & Shopping,204107.27,1325180.0,174880.0
2026-04-22,Criteo,181446.89,841000.0,573660.0
2026-04-22,Google Ads,1021106.64,1226832.67,224510.0
2026-04-22,Kakao Moment,0.0,0.0,30320.0
2026-04-22,Meta,419731.2,4033340.0,438150.0
2026-04-22,Naver Brand Search,306666.67,3522800.0,3151630.0
2026-04-22,Naver GFA,28549.09,927760.0,0.0
2026-04-22,Naver Search & Shopping,210472.73,1164380.0,158870.0
2026-04-23,Criteo,1522888.84,10425290.0,187370.0
2026-04-23,Google Ads,1832407.48,1093821.15,643500.0
2026-04-23,Kakao Moment,1751550.0,2238170.0,2691500.0
2026-04-23,Meta,385937.44,3908970.0,600400.0
2026-04-23,Naver Brand Search,306666.67,3743260.0,3333470.0
2026-04-23,Naver GFA,28900.0,819620.0,0.0
2026-04-23,Naver Search & Shopping,201875.45,950630.0,521130.0
2026-04-24,Criteo,1888869.46,769160.0,258430.0
2026-04-24,Google Ads,1258836.6,2527242.67,2254380.0
2026-04-24,Kakao Moment,0.0,567920.0,773310.0
2026-04-24,Meta,540138.0,3072140.0,425890.0
2026-04-24,Naver Brand Search,306666.67,2554980.0,1973650.0
2026-04-24,Naver GFA,28389.09,810450.0,0.0
2026-04-24,Naver Search & Shopping,209356.36,510340.0,189700.0
2026-04-25,Criteo,185693.93,784970.0,519990.0
2026-04-25,Google Ads,599673.76,447594.7,318910.0
2026-04-25,Kakao Moment,0.0,1090380.0,1464850.0
2026-04-25,Meta,364520.8,4703460.0,982420.0
2026-04-25,Naver Brand Search,306666.67,1985930.0,1808360.0
2026-04-25,Naver GFA,28930.91,1027410.0,0.0
2026-04-25,Naver Search & Shopping,205607.27,975130.0,377730.0
2026-04-26,Criteo,2164624.78,955280.0,505260.0
2026-04-26,Google Ads,113681.12,659115.92,557600.0
2026-04-26,Kakao Moment,0.0,929150.0,517760.0
2026-04-26,Meta,755206.0,4865590.0,332370.0
2026-04-26,Naver Brand Search,306666.67,4187730.0,3686760.0
2026-04-26,Naver GFA,29215.45,397480.0,0.0
2026-04-26,Naver Search & Shopping,210347.27,1122910.0,0.0
2026-04-27,Criteo,204591.02,1542330.0,1071070.0
2026-04-27,Google Ads,102811.52,307413.27,188620.0
2026-04-27,Kakao Moment,0.0,589850.0,847440.0
2026-04-27,Meta,373238.88,3849710.0,547490.0
2026-04-27,Naver Brand Search,306666.67,3125280.0,3107320.0
2026-04-27,Naver GFA,29190.0,271700.0,0.0
2026-04-27,Naver Search & Shopping,216300.91,1842650.0,508100.0
2026-04-28,Criteo,290320.81,1820740.0,447510.0
2026-04-28,Google Ads,1367600.68,367992.08,315280.0
2026-04-28,Kakao Moment,0.0,1047880.0,955150.0
2026-04-28,Meta,384358.24,2167130.0,339950.0
2026-04-28,Naver Brand Search,306666.67,3799980.0,2739250.0
2026-04-28,Naver GFA,28620.91,400120.0,0.0
2026-04-28,Naver Search & Shopping,207840.91,1007080.0,1098150.0
2026-04-29,Criteo,251135.67,1203800.0,139700.0
2026-04-29,Google Ads,75796.0,226303.72,119200.0
2026-04-29,Kakao Moment,0.0,773060.0,350320.0
2026-04-29,Meta,401403.52,2347970.0,324780.0
2026-04-29,Naver Brand Search,306666.67,2525970.0,2270490.0
2026-04-29,Naver GFA,29255.45,228790.0,0.0
2026-04-29,Naver Search & Shopping,207972.73,400470.0,161700.0
2026-04-30,Criteo,225412.17,2439010.0,677690.0
2026-04-30,Google Ads,1485998.4,347395.73,327690.0
2026-04-30,Kakao Moment,0.0,171810.0,105100.0
2026-04-30,Meta,412392.96,3358050.0,366700.0
2026-04-30,Naver Brand Search,306666.67,3980620.0,3366490.0
2026-04-30,Naver GFA,46690.0,948570.0,0.0
2026-04-30,Naver Search & Shopping,235245.45,1022910.0,56000.0
2026-05-01,Criteo,171579.48,2439788.0,398219.0
2026-05-01,Google Ads,1134420.36,394893.82,492490.0
2026-05-01,Kakao Moment,0.0,310700.0,928860.0
2026-05-01,Meta,322182.56,5007797.0,570520.0
2026-05-01,Naver Brand Search,273333.33,3961668.0,3748668.0
2026-05-01,Naver GFA,46124.55,1504770.0,0.0
2026-05-01,Naver Search & Shopping,233061.82,1989410.0,123100.0
2026-05-02,Criteo,2365797.32,1318530.0,116950.0
2026-05-02,Google Ads,86011.52,272604.49,216000.0
2026-05-02,Kakao Moment,0.0,216010.0,529020.0
2026-05-02,Meta,286111.84,3392680.0,925180.0
2026-05-02,Naver Brand Search,273333.33,3958640.0,4015340.0
2026-05-02,Naver GFA,47765.45,844050.0,0.0
2026-05-02,Naver Search & Shopping,234512.73,783580.0,325880.0
2026-05-03,Criteo,188728.54,701000.0,129780.0
2026-05-03,Google Ads,1942206.8,1153441.06,510710.0
2026-05-03,Kakao Moment,0.0,165050.0,1006240.0
2026-05-03,Meta,338806.72,2805730.0,657400.0
2026-05-03,Naver Brand Search,273333.33,2416530.0,2363740.0
2026-05-03,Naver GFA,48566.36,1462020.0,0.0
2026-05-03,Naver Search & Shopping,238675.45,1509710.0,120690.0
2026-05-04,Criteo,207841.98,724070.0,415040.0
2026-05-04,Google Ads,2657186.24,822021.0,625420.0
2026-05-04,Kakao Moment,0.0,11500.0,342290.0
2026-05-04,Meta,329204.96,2227980.0,410070.0
2026-05-04,Naver Brand Search,273333.33,3312020.0,2419460.0
2026-05-04,Naver GFA,45513.64,2292630.0,0.0
2026-05-04,Naver Search & Shopping,236772.73,1247970.0,0.0
2026-05-05,Criteo,5214286.0,1872480.0,687930.0
2026-05-05,Google Ads,141208.48,1531838.23,1430920.0
2026-05-05,Kakao Moment,0.0,86370.0,1963640.0
2026-05-05,Meta,377373.92,4927050.0,713080.0
2026-05-05,Naver Brand Search,273333.33,4954410.0,4371710.0
2026-05-05,Naver GFA,47032.73,2466370.0,0.0
2026-05-05,Naver Search & Shopping,249858.18,597610.0,515740.0
2026-05-06,Criteo,199214.65,1276200.0,411600.0
2026-05-06,Google Ads,884600.04,1332901.47,387930.0
2026-05-06,Kakao Moment,0.0,175480.0,663540.0
2026-05-06,Meta,310980.32,4699330.0,706000.0
2026-05-06,Naver Brand Search,273333.33,3371550.0,2701940.0
2026-05-06,Naver GFA,46859.09,1754390.0,0.0
2026-05-06,Naver Search & Shopping,252106.36,1433270.0,258510.0
2026-05-07,Criteo,190294.69,1195270.0,522290.0
2026-05-07,Google Ads,2632305.64,489664.08,869080.0
2026-05-07,Kakao Moment,1777425.0,2253030.0,3320050.0
2026-05-07,Meta,313653.76,2979290.0,1003900.0
2026-05-07,Naver Brand Search,273333.33,2001960.0,1769340.0
2026-05-07,Naver GFA,48595.45,1499560.0,0.0
2026-05-07,Naver Search & Shopping,255058.18,1674620.0,231900.0
2026-05-08,Criteo,203189.83,1010070.0,428100.0
2026-05-08,Google Ads,1637216.76,704742.68,632980.0
2026-05-08,Kakao Moment,0.0,579160.0,788120.0
2026-05-08,Meta,522473.0,1993380.0,232800.0
2026-05-08,Naver Brand Search,273333.33,2557820.0,2332650.0
2026-05-08,Naver GFA,50083.64,1547870.0,0.0
2026-05-08,Naver Search & Shopping,276667.27,948820.0,0.0
2026-05-09,Criteo,3008469.67,882120.0,238080.0
2026-05-09,Google Ads,2999381.92,362479.51,103640.0
2026-05-09,Kakao Moment,0.0,715820.0,1002560.0
2026-05-09,Meta,336238.56,1871940.0,698870.0
2026-05-09,Naver Brand Search,273333.33,2004140.0,2062040.0
2026-05-09,Naver GFA,48124.55,1611130.0,0.0
2026-05-09,Naver Search & Shopping,260904.55,1147160.0,0.0
2026-05-10,Criteo,204119.06,2429600.0,732900.0
2026-05-10,Google Ads,1924374.88,1605259.45,1039380.0
2026-05-10,Kakao Moment,0.0,1717490.0,4875560.0
2026-05-10,Meta,404249.44,7404940.0,775200.0
2026-05-10,Naver Brand Search,273333.33,5540670.0,4898540.0
2026-05-10,Naver GFA,49422.73,1643020.0,0.0
2026-05-10,Naver Search & Shopping,266540.0,387450.0,170410.0
2026-05-11,Criteo,209022.92,757400.0,507300.0
2026-05-11,Google Ads,2433126.08,697399.07,535610.0
2026-05-11,Kakao Moment,0.0,554510.0,674510.0
2026-05-11,Meta,331785.44,3251240.0,902500.0
2026-05-11,Naver Brand Search,273333.33,2165830.0,2306480.0
2026-05-11,Naver GFA,50000.0,1227730.0,0.0
2026-05-11,Naver Search & Shopping,281875.45,691300.0,254550.0
2026-05-12,Criteo,188847.98,1516040.0,300500.0
2026-05-12,Google Ads,135102.24,1254339.5,1180340.0
2026-05-12,Kakao Moment,0.0,0.0,776190.0
2026-05-12,Meta,308527.52,3947190.0,187810.0
2026-05-12,Naver Brand Search,273333.33,4001740.0,3581380.0
2026-05-12,Naver GFA,50930.91,1676060.0,0.0
2026-05-12,Naver Search & Shopping,277344.55,1517310.0,0.0
2026-05-13,Criteo,205646.72,1222300.0,421090.0
2026-05-13,Google Ads,2643052.2,601828.73,757940.0
2026-05-13,Kakao Moment,0.0,825430.0,925540.0
2026-05-13,Meta,323029.28,1777940.0,196200.0
2026-05-13,Naver Brand Search,273333.33,2550750.0,2589130.0
2026-05-13,Naver GFA,47006.36,1534140.0,0.0
2026-05-13,Naver Search & Shopping,279873.64,1861210.0,0.0
2026-05-14,Criteo,198608.3,1456750.0,438160.0
2026-05-14,Google Ads,1607668.76,712541.02,528010.0
2026-05-14,Kakao Moment,0.0,182020.0,155210.0
2026-05-14,Meta,323908.48,2320590.0,428560.0
2026-05-14,Naver Brand Search,273333.33,1261370.0,870820.0
2026-05-14,Naver GFA,50224.55,705840.0,0.0
2026-05-14,Naver Search & Shopping,283944.55,406110.0,204880.0
2026-05-15,Criteo,202367.81,1239600.0,167330.0
2026-05-15,Google Ads,832378.64,303641.98,334590.0
2026-05-15,Kakao Moment,0.0,546100.0,1512700.0
2026-05-15,Meta,306636.96,1256120.0,74820.0
2026-05-15,Naver Brand Search,273333.33,1436450.0,1269950.0
2026-05-15,Naver GFA,47482.73,877690.0,0.0
2026-05-15,Naver Search & Shopping,286000.91,791970.0,118130.0
2026-05-16,Criteo,3052698.96,704160.0,109250.0
2026-05-16,Google Ads,1053305.56,548416.83,0.0
2026-05-16,Kakao Moment,0.0,0.0,277830.0
2026-05-16,Meta,355760.16,2145520.0,559530.0
2026-05-16,Naver Brand Search,273333.33,2458700.0,2393750.0
2026-05-16,Naver GFA,48023.64,594520.0,0.0
2026-05-16,Naver Search & Shopping,266841.82,867790.0,0.0
2026-05-17,Criteo,2902543.51,1226090.0,1050220.0
2026-05-17,Google Ads,2028484.68,169479.0,0.0
2026-05-17,Kakao Moment,0.0,103250.0,110400.0
2026-05-17,Meta,357668.64,1554790.0,103250.0
2026-05-17,Naver Brand Search,273333.33,2720240.0,2230700.0
2026-05-17,Naver GFA,48050.91,1361430.0,0.0
2026-05-17,Naver Search & Shopping,271319.09,972640.0,299660.0
2026-05-18,Criteo,216540.15,502660.0,64170.0
2026-05-18,Google Ads,1590679.72,240907.59,118870.0
2026-05-18,Kakao Moment,0.0,171870.0,373960.0
2026-05-18,Meta,353921.12,3170230.0,554550.0
2026-05-18,Naver Brand Search,273333.33,3120740.0,2616400.0
2026-05-18,Naver GFA,23884.55,829820.0,0.0
2026-05-18,Naver Search & Shopping,230290.0,1115950.0,327860.0
2026-05-19,Criteo,184547.98,888800.0,746040.0
2026-05-19,Google Ads,1420460.92,734194.71,724290.0
2026-05-19,Kakao Moment,0.0,370570.0,62180.0
2026-05-19,Meta,325028.48,3489930.0,588560.0
2026-05-19,Naver Brand Search,273333.33,2930190.0,2434070.0
2026-05-19,Naver GFA,20095.45,898350.0,0.0
2026-05-19,Naver Search & Shopping,219459.09,301370.0,145200.0
2026-05-20,Criteo,198621.81,1158350.0,212250.0
2026-05-20,Google Ads,149867.2,1133992.97,745890.0
2026-05-20,Kakao Moment,0.0,90210.0,820240.0
2026-05-20,Meta,342484.8,3107260.0,755420.0
2026-05-20,Naver Brand Search,273333.33,3225020.0,2982960.0
2026-05-20,Naver GFA,19465.45,719340.0,0.0
2026-05-20,Naver Search & Shopping,215398.18,242750.0,124490.0
2026-05-21,Criteo,2121803.76,820720.0,450740.0
2026-05-21,Google Ads,1773211.28,470237.25,810590.0
2026-05-21,Kakao Moment,0.0,187940.0,639290.0
2026-05-21,Meta,314465.76,2122680.0,56750.0
2026-05-21,Naver Brand Search,273333.33,3181030.0,3192230.0
2026-05-21,Naver GFA,19207.27,454450.0,0.0
2026-05-21,Naver Search & Shopping,194422.73,527370.0,120360.0
2026-05-22,Criteo,2092310.09,1308540.0,287540.0
2026-05-22,Google Ads,719153.56,828936.34,728460.0
2026-05-22,Kakao Moment,0.0,0.0,395450.0
2026-05-22,Meta,315047.04,2107840.0,190600.0
2026-05-22,Naver Brand Search,273333.33,2492660.0,1774530.0
2026-05-22,Naver GFA,20030.91,339050.0,0.0
2026-05-22,Naver Search & Shopping,187438.18,401750.0,613900.0
2026-05-23,Criteo,202287.89,945490.0,273740.0
2026-05-23,Google Ads,137114.88,365168.3,311280.0
2026-05-23,Kakao Moment,0.0,0.0,195000.0
2026-05-23,Meta,342852.16,2695020.0,495080.0
2026-05-23,Naver Brand Search,273333.33,1923800.0,1897800.0
2026-05-23,Naver GFA,19338.18,235420.0,0.0
2026-05-23,Naver Search & Shopping,199190.91,481770.0,26000.0
2026-05-24,Criteo,203226.11,527270.0,326410.0
2026-05-24,Google Ads,161428.96,1137324.92,436170.0
2026-05-24,Kakao Moment,0.0,0.0,57620.0
2026-05-24,Meta,386330.56,1433540.0,494400.0
2026-05-24,Naver Brand Search,273333.33,1469510.0,1311310.0
2026-05-24,Naver GFA,18817.27,767780.0,0.0
2026-05-24,Naver Search & Shopping,206870.0,372810.0,83500.0
2026-05-25,Criteo,213593.1,676000.0,166300.0
2026-05-25,Google Ads,836300.32,242451.38,169670.0
2026-05-25,Kakao Moment,0.0,0.0,714990.0
2026-05-25,Meta,347756.64,3746770.0,854670.0
2026-05-25,Naver Brand Search,273333.33,2645140.0,2462130.0
2026-05-25,Naver GFA,19292.73,310020.0,0.0
2026-05-25,Naver Search & Shopping,204848.18,622590.0,276700.0
2026-05-26,Criteo,195644.48,1053370.0,222330.0
2026-05-26,Kakao Moment,0.0,0.0,474570.0
2026-05-26,Meta,497474.0,4124200.0,633590.0
2026-05-26,Naver Brand Search,273333.33,3709220.0,3768950.0
2026-05-26,Naver GFA,21103.64,873950.0,0.0
2026-05-26,Naver Search & Shopping,217141.82,570000.0,0.0
2026-05-27,Criteo,194563.66,691370.0,0.0
2026-05-27,Google Ads,729673.24,381621.5,378120.0
2026-05-27,Kakao Moment,0.0,0.0,431300.0
2026-05-27,Meta,330246.56,3260640.0,565830.0
2026-05-27,Naver Brand Search,273333.33,3439960.0,3090220.0
2026-05-27,Naver GFA,19073.64,738960.0,0.0
2026-05-27,Naver Search & Shopping,193523.64,1084590.0,388740.0
2026-05-28,Criteo,175408.8,1265780.0,663500.0
2026-05-28,Google Ads,129967.64,150648.21,0.0
2026-05-28,Kakao Moment,0.0,43910.0,195190.0
2026-05-28,Meta,310869.44,2778590.0,772890.0
2026-05-28,Naver Brand Search,273333.33,1846360.0,1333130.0
2026-05-28,Naver GFA,19291.82,601770.0,0.0
2026-05-28,Naver Search & Shopping,192579.09,564890.0,142100.0
2026-05-29,Criteo,1151081.73,1558370.0,640520.0
2026-05-29,Google Ads,990897.04,591768.48,235400.0
2026-05-29,Kakao Moment,1804425.0,4285090.0,4682949.99
2026-05-29,Meta,323785.28,2733630.0,485880.0
2026-05-29,Naver Brand Search,273333.33,2210010.0,1711700.0
2026-05-29,Naver GFA,18944.55,365520.0,0.0
2026-05-29,Naver Search & Shopping,175157.27,551370.0,0.0
2026-05-30,Criteo,2254956.58,748950.0,492240.0
2026-05-30,Google Ads,1035188.76,681870.0,910600.0
2026-05-30,Kakao Moment,0.0,1024190.0,1192850.0
2026-05-30,Meta,281778.56,1575400.0,41420.0
2026-05-30,Naver Brand Search,273333.33,2534090.0,1805200.0
2026-05-30,Naver GFA,20217.27,698480.0,0.0
2026-05-30,Naver Search & Shopping,194280.0,378400.0,245200.0
2026-05-31,Criteo,2521795.73,946090.0,83300.0
2026-05-31,Google Ads,85616.16,1.0,0.0
2026-05-31,Kakao Moment,0.0,2483250.0,813630.0
2026-05-31,Meta,307483.68,3976100.0,390150.0
2026-05-31,Naver Brand Search,273333.33,3393350.0,1428840.0
2026-05-31,Naver GFA,20008.18,332640.0,0.0
2026-05-31,Naver Search & Shopping,198921.82,842130.0,0.0
2026-06-01,Criteo,169014.16,1225070.0,91000.0
2026-06-01,Google Ads,45688.16,644309.02,676250.0
2026-06-01,Kakao Moment,0.0,1639780.0,187340.0
2026-06-01,Meta,355951.68,4672780.0,573360.0
2026-06-01,Naver Brand Search,273333.33,4737200.0,4701170.0
2026-06-01,Naver GFA,18811.82,248280.0,0.0
2026-06-01,Naver Search & Shopping,199780.27,987000.0,203200.0
2026-06-02,Criteo,958101.19,802680.0,394830.0
2026-06-02,Google Ads,448310.88,1481663.63,403520.0
2026-06-02,Kakao Moment,0.0,671700.0,593700.0
2026-06-02,Meta,242172.0,2809490.0,705000.0
2026-06-02,Naver Brand Search,273333.33,1920840.0,1766790.0
2026-06-02,Naver GFA,37485.45,665120.0,0.0
2026-06-02,Naver Search & Shopping,263076.82,2131310.0,963450.0
2026-06-03,Criteo,104077.85,815700.0,480170.0
2026-06-03,Google Ads,301318.0,896436.87,222500.0
2026-06-03,Kakao Moment,254342.0,1154440.0,559600.0
2026-06-03,Meta,337149.12,4716030.0,722730.0
2026-06-03,Naver Brand Search,240000.0,3780060.0,2764350.0
2026-06-03,Naver GFA,41080.0,532780.0,0.0
2026-06-03,Naver Search & Shopping,245647.27,624370.0,615600.0
2026-06-04,Criteo,2814173.77,1595200.0,808590.0
2026-06-04,Google Ads,228883.16,666878.93,598800.0
2026-06-04,Kakao Moment,252208.0,1221180.0,745920.0
2026-06-04,Meta,241679.2,2943440.0,756560.0
2026-06-04,Naver Brand Search,240000.0,3086070.0,2651770.0
2026-06-04,Naver GFA,36365.45,475930.0,0.0
2026-06-04,Naver Search & Shopping,239926.55,1743440.0,998820.0
2026-06-05,Criteo,145506.42,1266970.0,598000.0
2026-06-05,Google Ads,508119.0,8765.34,628890.0
2026-06-05,Kakao Moment,253742.0,1474010.0,906690.0
2026-06-05,Meta,258419.84,5458560.0,426400.0
2026-06-05,Naver Brand Search,240000.0,4620890.0,4343300.0
2026-06-05,Naver GFA,36720.91,623140.0,0.0
2026-06-05,Naver Search & Shopping,208152.73,530820.0,194670.0
2026-06-06,Criteo,147393.88,1027280.0,458710.0
2026-06-06,Google Ads,73848.64,221780.0,371420.0
2026-06-06,Kakao Moment,252884.0,287760.0,651460.0
2026-06-06,Meta,260957.76,1891150.0,385850.0
2026-06-06,Naver Brand Search,240000.0,2625890.0,2329790.0
2026-06-06,Naver GFA,35206.36,625280.0,0.0
2026-06-06,Naver Search & Shopping,226110.0,388960.0,351800.0
2026-06-07,Criteo,2122670.51,892700.0,269670.0
2026-06-07,Google Ads,48594.56,363979.39,796490.0
2026-06-07,Kakao Moment,252189.0,210200.0,379260.0
2026-06-07,Meta,301507.36,3818100.0,935780.0
2026-06-07,Naver Brand Search,240000.0,3229250.0,2598880.0
2026-06-07,Naver GFA,35251.82,38000.0,0.0
2026-06-07,Naver Search & Shopping,290906.0,1136860.0,491740.0
2026-06-08,Criteo,989596.55,999090.0,122100.0
2026-06-08,Google Ads,276225.48,625950.16,529440.0
2026-06-08,Kakao Moment,0.0,54000.0,482110.0
2026-06-08,Meta,263542.72,3942992.0,616170.0
2026-06-08,Naver Brand Search,240000.0,2160070.0,2324070.0
2026-06-08,Naver GFA,48215.45,1010730.0,0.0
2026-06-08,Naver Search & Shopping,316472.82,1463490.0,360100.0
2026-06-09,Criteo,139949.1,678680.0,550740.0
2026-06-09,Google Ads,47356.96,795952.17,593300.0
2026-06-09,Kakao Moment,0.0,0.0,861610.0
2026-06-09,Meta,286037.92,4047990.0,874116.0
2026-06-09,Naver Brand Search,240000.0,1894190.0,1479640.0
2026-06-09,Naver GFA,50280.91,503040.0,0.0
2026-06-09,Naver Search & Shopping,284849.09,1964710.0,436880.0
2026-06-10,Criteo,1171651.82,1487400.0,719930.0
2026-06-10,Google Ads,49103.04,470308.31,354210.0
2026-06-10,Kakao Moment,0.0,331020.0,702460.0
2026-06-10,Meta,270588.64,2504780.0,888930.0
2026-06-10,Naver Brand Search,240000.0,2531000.0,2123720.0
2026-06-10,Naver GFA,17552.0,630210.0,0.0
2026-06-10,Naver Search & Shopping,299460.0,1309410.0,566520.0
2026-06-11,Criteo,148919.27,1541980.0,639180.0
2026-06-11,Google Ads,48973.12,1653050.0,470910.0
2026-06-11,Kakao Moment,542349.0,620740.0,535290.0
2026-06-11,Meta,258594.56,1899810.0,243630.0
2026-06-11,Naver Brand Search,240000.0,2863820.0,2574350.0
2026-06-11,Naver GFA,1258742.91,6292220.0,0.0
2026-06-11,Naver Search & Shopping,286049.09,2868640.0,102780.0
2026-06-12,Criteo,152675.53,701900.0,466860.0
2026-06-12,Google Ads,36812.16,664690.0,389240.0
2026-06-12,Kakao Moment,1816440.0,2381650.0,1736210.0
2026-06-12,Meta,155753.0,2647640.0,236380.0
2026-06-12,Naver Brand Search,240000.0,1970070.0,2007460.0
2026-06-12,Naver GFA,78007.27,1820470.0,0.0
2026-06-12,Naver Search & Shopping,286643.64,2458910.0,409120.0
2026-06-13,Criteo,144681.07,636180.0,233400.0
2026-06-13,Google Ads,56215.04,703711.27,390050.0
2026-06-13,Kakao Moment,0.0,1331840.0,738310.0
2026-06-13,Meta,273894.88,2457230.0,314710.0
2026-06-13,Naver Brand Search,240000.0,2385310.0,1723290.0
2026-06-13,Naver GFA,72343.64,1054880.0,0.0
2026-06-13,Naver Search & Shopping,296314.55,748280.0,66600.0
2026-06-14,Criteo,2223324.52,424140.0,228860.0
2026-06-14,Google Ads,38431.68,483622.99,171410.0
2026-06-14,Kakao Moment,0.0,607580.0,854770.0
2026-06-14,Meta,302236.48,1506760.0,209080.0
2026-06-14,Naver Brand Search,240000.0,2511880.0,1832020.0
2026-06-14,Naver GFA,73589.09,1217600.0,0.0
2026-06-14,Naver Search & Shopping,355238.91,2083010.0,793850.0
2026-06-15,Criteo,160295.22,735020.0,160080.0
2026-06-15,Google Ads,61315.48,339820.0,605040.0
2026-06-15,Kakao Moment,0.0,709670.0,815540.0
2026-06-15,Meta,274059.52,1302820.0,314340.0
2026-06-15,Naver Brand Search,240000.0,1435110.0,1612990.0
2026-06-15,Naver GFA,35040.0,942430.0,0.0
2026-06-15,Naver Search & Shopping,345122.91,1265160.0,189290.0
2026-06-16,Criteo,673944.82,727500.0,162290.0
2026-06-16,Google Ads,523686.96,492003.26,368620.0
2026-06-16,Kakao Moment,0.0,289490.0,373940.0
2026-06-16,Meta,268991.52,2414140.0,493170.0
2026-06-16,Naver Brand Search,240000.0,2768480.0,2766180.0
2026-06-16,Naver GFA,34389.09,710100.0,0.0
2026-06-16,Naver Search & Shopping,261657.27,840530.0,90750.0
2026-06-17,Criteo,148170.55,1103950.0,263440.0
2026-06-17,Google Ads,38725.12,83300.0,498550.0
2026-06-17,Kakao Moment,0.0,1366060.0,345960.0
2026-06-17,Meta,296554.0,1557610.0,231030.0
2026-06-17,Naver Brand Search,240000.0,2910400.0,2645370.0
2026-06-17,Naver GFA,38774.55,888700.0,0.0
2026-06-17,Naver Search & Shopping,258358.18,925820.0,187540.0
2026-06-18,Criteo,150801.43,529400.0,112100.0
2026-06-18,Google Ads,37427.04,550840.4,79000.0
2026-06-18,Kakao Moment,0.0,125920.0,438160.0
2026-06-18,Meta,254022.72,2755210.0,278120.0
2026-06-18,Naver Brand Search,240000.0,2744440.0,2206300.0
2026-06-18,Naver GFA,34505.45,510940.0,0.0
2026-06-18,Naver Search & Shopping,319056.82,1497410.0,128340.0
2026-06-19,Criteo,152759.54,1398530.0,820930.0
2026-06-19,Google Ads,56912.8,360350.0,0.0
2026-06-19,Kakao Moment,0.0,452860.0,382260.0
2026-06-19,Meta,261654.4,1230760.0,398830.0
2026-06-19,Naver Brand Search,240000.0,2371900.0,2498440.0
2026-06-19,Naver GFA,36375.45,615430.0,0.0
2026-06-19,Naver Search & Shopping,326951.73,986280.0,282200.0
2026-06-20,Criteo,2678565.49,222600.0,223260.0
2026-06-20,Google Ads,40975.2,73550.0,0.0
2026-06-20,Kakao Moment,0.0,0.0,117580.0
2026-06-20,Meta,263762.24,4474260.0,1127440.0
2026-06-20,Naver Brand Search,240000.0,2076170.0,1757610.0
2026-06-20,Naver GFA,35389.09,446560.0,0.0
2026-06-20,Naver Search & Shopping,264254.55,1592130.0,1001790.0
2026-06-21,Criteo,150268.46,1016300.0,897500.0
2026-06-21,Google Ads,194642.96,159600.0,0.0
2026-06-21,Kakao Moment,0.0,0.0,448230.0
2026-06-21,Meta,287796.32,3026150.0,502380.0
2026-06-21,Naver Brand Search,240000.0,2802250.0,2637250.0
2026-06-21,Naver GFA,35561.82,869540.0,0.0
2026-06-21,Naver Search & Shopping,269103.64,1144040.0,250540.0
2026-06-22,Criteo,241128.73,267600.0,200110.0
2026-06-22,Google Ads,47717.6,556940.0,0.0
2026-06-22,Kakao Moment,0.0,0.0,286980.0
2026-06-22,Meta,261483.04,2571370.0,33280.0
2026-06-22,Naver Brand Search,240000.0,11153920.0,10932300.0
2026-06-22,Naver GFA,35886.36,374680.0,0.0
2026-06-22,Naver Search & Shopping,282046.36,904030.0,111330.0
2026-06-23,Criteo,1916744.21,689490.0,164940.0
2026-06-23,Google Ads,563324.92,158130.0,0.0
2026-06-23,Kakao Moment,0.0,0.0,92500.0
2026-06-23,Meta,279555.36,2476560.0,568830.0
2026-06-23,Naver Brand Search,240000.0,2869800.0,2941030.0
2026-06-23,Naver GFA,34821.82,765830.0,0.0
2026-06-23,Naver Search & Shopping,271140.0,947140.0,301560.0
2026-06-24,Criteo,1078564.01,607100.0,163940.0
2026-06-24,Google Ads,45268.16,157600.0,0.0
2026-06-24,Kakao Moment,0.0,0.0,246410.0
2026-06-24,Meta,269218.88,3218210.0,366750.0
2026-06-24,Naver Brand Search,240000.0,1794570.0,1757580.0
2026-06-24,Naver GFA,34319.09,495060.0,0.0
2026-06-24,Naver Search & Shopping,307563.27,851190.0,209780.0
2026-06-25,Criteo,150542.43,716500.0,202840.0
2026-06-25,Google Ads,44274.72,406060.0,0.0
2026-06-25,Kakao Moment,0.0,0.0,394050.0
2026-06-25,Meta,277297.44,2258610.0,583350.0
2026-06-25,Naver Brand Search,240000.0,2103640.0,1785300.0
2026-06-25,Naver GFA,34547.27,99490.0,0.0
2026-06-25,Naver Search & Shopping,241737.27,721850.0,147600.0
2026-06-26,Criteo,2970540.88,910400.0,460600.0
2026-06-26,Google Ads,26936.0,171490.0,0.0
2026-06-26,Kakao Moment,1819650.0,2205090.0,2929890.0
2026-06-26,Meta,249362.4,3892270.0,540440.0
2026-06-26,Naver Brand Search,240000.0,1802990.0,1673390.0
2026-06-26,Naver GFA,35604.55,255420.0,0.0
2026-06-26,Naver Search & Shopping,274319.45,1335720.0,716270.0
2026-06-27,Criteo,1975156.33,294700.0,257500.0
2026-06-27,Kakao Moment,0.0,458560.0,629540.0
2026-06-27,Meta,261677.92,3282800.0,870170.0
2026-06-27,Naver Brand Search,240000.0,1686990.0,1625790.0
2026-06-27,Naver GFA,34417.27,674230.0,0.0
2026-06-27,Naver Search & Shopping,285143.45,1032340.0,534310.0
2026-06-28,Criteo,2312692.95,1075550.0,250870.0
2026-06-28,Google Ads,1292.48,49500.0,0.0
2026-06-28,Kakao Moment,0.0,869240.0,888310.0
2026-06-28,Meta,306321.12,2102880.0,548640.0
2026-06-28,Naver Brand Search,240000.0,3434020.0,3314950.0
2026-06-28,Naver GFA,36505.45,406700.0,0.0
2026-06-28,Naver Search & Shopping,251515.45,776070.0,128570.0
2026-06-29,Criteo,159728.22,348340.0,347360.0
2026-06-29,Google Ads,3423128.0,459850.0,459850.0
2026-06-29,Kakao Moment,0.0,195670.0,665610.0
2026-06-29,Meta,843757.16,2394630.0,586590.0
2026-06-29,Naver Brand Search,240000.0,1826550.0,1826550.0
2026-06-29,Naver GFA,35312.73,448490.0,0.0
2026-06-29,Naver Search & Shopping,264397.27,837160.0,314380.0
2026-06-30,Criteo,142092.23,2152460.0,1156820.0
2026-06-30,Google Ads,198747.36,700930.0,391370.0
2026-06-30,Kakao Moment,0.0,518160.0,1166000.0
2026-06-30,Meta,285857.6,2907910.0,525990.0
2026-06-30,Naver Brand Search,240000.0,2879330.0,2172820.0
2026-06-30,Naver GFA,34536.36,927840.0,0.0
2026-06-30,Naver Search & Shopping,249227.27,1205370.0,468600.0
2026-07-01,Criteo,2364842.13,1425960.0,782720.0
2026-07-01,Google Ads,1909042.08,1025854.97,734370.0
2026-07-01,Kakao Moment,0.0,482170.0,461140.0
2026-07-01,Meta,231351.68,4698140.0,983120.0
2026-07-01,Naver Brand Search,240000.0,3579550.0,2814850.0
2026-07-01,Naver GFA,44338.18,582520.0,0.0
2026-07-01,Naver Search & Shopping,245243.64,1136580.0,463450.0
2026-07-02,Criteo,172692.94,1537480.0,821800.0
2026-07-02,Google Ads,301085.72,944710.94,400210.0
2026-07-02,Kakao Moment,1818660.0,2828372.0,3308062.0
2026-07-02,Meta,203499.52,3011410.0,1101390.0
2026-07-02,Naver Brand Search,240000.0,3500799.0,3179288.99
2026-07-02,Naver GFA,40518.18,1452440.0,0.0
2026-07-02,Naver Search & Shopping,245145.45,1036620.0,466440.0
2026-07-03,Criteo,198484.67,867570.0,102990.0
2026-07-03,Google Ads,770499.08,2079570.73,627700.0
2026-07-03,Kakao Moment,0.0,1040920.0,904700.0
2026-07-03,Meta,157651.2,5352270.0,1035880.0
2026-07-03,Naver Brand Search,246666.67,4846960.0,4294980.0
2026-07-03,Naver GFA,38260.0,857080.0,0.0
2026-07-03,Naver Search & Shopping,251692.73,1530200.0,107730.0
2026-07-04,Criteo,2882653.37,1429070.0,744310.0
2026-07-04,Google Ads,148395.52,2014110.59,578200.0
2026-07-04,Kakao Moment,0.0,1108390.0,650540.0
2026-07-04,Meta,176870.4,6238800.0,1038060.0
2026-07-04,Naver Brand Search,246666.67,2194030.0,2158350.0
2026-07-04,Naver GFA,39060.0,138890.0,0.0
2026-07-04,Naver Search & Shopping,265531.82,1095760.0,159200.0
2026-07-05,Criteo,2926670.39,1799860.0,301080.0
2026-07-05,Google Ads,116322.08,766081.86,523190.0
2026-07-05,Kakao Moment,0.0,908440.0,1560430.0
2026-07-05,Meta,226226.56,5733140.0,814220.0
2026-07-05,Naver Brand Search,246666.67,3660780.0,3116780.0
2026-07-05,Naver GFA,39168.18,551760.0,0.0
2026-07-05,Naver Search & Shopping,270198.18,1744910.0,597990.0
2026-07-06,Criteo,207129.42,2080240.0,846310.0
2026-07-06,Google Ads,429058.0,710659.71,774170.0
2026-07-06,Kakao Moment,17678.0,605100.0,378070.0
2026-07-06,Meta,210777.28,4848080.0,1796890.0
2026-07-06,Naver Brand Search,246666.67,2710646.0,2426446.0
2026-07-06,Naver GFA,40041.82,593110.0,0.0
2026-07-06,Naver Search & Shopping,274566.36,1782520.0,526080.0
2026-07-07,Criteo,190667.8,1523190.0,590280.0
2026-07-07,Google Ads,3107187.0,3023345.67,1060460.0
2026-07-07,Kakao Moment,49693.0,282770.0,349580.0
2026-07-07,Meta,217567.84,7248020.0,1183200.0
2026-07-07,Naver Brand Search,246666.67,3647460.0,3570190.0
2026-07-07,Naver GFA,37917.27,251940.0,0.0
2026-07-07,Naver Search & Shopping,267948.18,1308270.0,156240.0
2026-07-08,Criteo,168464.13,2126450.0,1268920.0
2026-07-08,Google Ads,196517.44,2328183.64,362950.0
2026-07-08,Kakao Moment,49460.0,1064070.0,1355100.0
2026-07-08,Meta,226035.04,4472540.0,251720.0
2026-07-08,Naver Brand Search,246666.67,5354540.0,4660640.0
2026-07-08,Naver GFA,39914.55,534330.0,0.0
2026-07-08,Naver Search & Shopping,267179.09,1065380.0,730130.0
2026-07-09,Criteo,4115590.0,842540.0,301690.0
2026-07-09,Google Ads,156843.68,1907186.96,1222120.0
2026-07-09,Kakao Moment,18144.0,148740.0,358850.0
2026-07-09,Meta,216192.48,5420100.0,1452440.0
2026-07-09,Naver Brand Search,246666.67,4016740.0,4025610.0
2026-07-09,Naver GFA,40008.18,881260.0,0.0
2026-07-09,Naver Search & Shopping,263990.0,2002920.0,339660.0
2026-07-10,Criteo,1266530.17,1760190.0,1142770.0
2026-07-10,Google Ads,178550.4,1623495.11,725720.0
2026-07-10,Kakao Moment,18082.0,136560.0,478970.0
2026-07-10,Meta,198405.76,1898810.0,35000.0
2026-07-10,Naver Brand Search,246666.67,2985360.0,2280670.0
2026-07-10,Naver GFA,37839.09,337690.0,0.0
2026-07-10,Naver Search & Shopping,271803.64,1104990.0,439000.0
2026-07-11,Criteo,2103722.61,993550.0,646900.0
2026-07-11,Google Ads,240551.36,1664327.68,275840.0
2026-07-11,Kakao Moment,50007.0,99230.0,436100.0
2026-07-11,Meta,223005.44,1953380.0,382170.0
2026-07-11,Naver Brand Search,246666.67,2650580.0,2226050.0
2026-07-11,Naver GFA,39928.18,736210.0,0.0
2026-07-11,Naver Search & Shopping,252218.18,486040.0,157740.0
2026-07-12,Criteo,2185585.82,1222410.0,415690.0
2026-07-12,Google Ads,2433126.68,2416337.8,1327210.0
2026-07-12,Kakao Moment,18149.0,0.0,542270.0
2026-07-12,Meta,257857.6,3060650.0,528090.0
2026-07-12,Naver Brand Search,246666.67,3040250.0,2679700.0
2026-07-12,Naver GFA,37753.64,938720.0,0.0
2026-07-12,Naver Search & Shopping,259611.82,985860.0,304500.0
2026-07-13,Criteo,164916.45,1157960.0,600480.0
2026-07-13,Google Ads,140064.96,1175010.04,336610.0
2026-07-13,Kakao Moment,49896.0,318300.0,512000.0
2026-07-13,Meta,240494.24,3265630.0,737730.0
2026-07-13,Naver Brand Search,246666.67,2800150.0,2847980.0
2026-07-13,Naver GFA,40060.91,606900.0,0.0
2026-07-13,Naver Search & Shopping,253450.91,1851670.0,476240.0
2026-07-14,Criteo,143959.9,937830.0,532380.0
2026-07-14,Google Ads,193071.2,2512099.79,370260.0
2026-07-14,Kakao Moment,18293.0,0.0,449610.0
2026-07-14,Meta,223216.0,3728770.0,397020.0
2026-07-14,Naver Brand Search,246666.67,3603680.0,3177700.0
2026-07-14,Naver GFA,38400.0,147630.0,0.0
2026-07-14,Naver Search & Shopping,251853.64,840450.0,186350.0
2026-07-15,Criteo,4135142.0,1989580.0,743530.0
2026-07-15,Google Ads,2069609.0,2298795.63,1264590.0
2026-07-15,Kakao Moment,49876.0,181250.0,954250.0
2026-07-15,Meta,202671.84,6347260.0,969990.0
2026-07-15,Naver Brand Search,246666.67,2585540.0,2534620.0
2026-07-15,Naver GFA,38371.82,595720.0,0.0
2026-07-15,Naver Search & Shopping,250503.64,860060.0,225900.0
2026-07-16,Criteo,153828.09,1889550.0,471110.0
2026-07-16,Google Ads,180789.28,1178550.09,1098240.0
2026-07-16,Kakao Moment,18164.0,89820.0,822340.0
2026-07-16,Meta,65200.0,3713556.0,612320.0
2026-07-16,Naver Brand Search,246666.67,3066970.0,3066970.0
2026-07-16,Naver GFA,40122.73,539390.0,0.0
2026-07-16,Naver Search & Shopping,240753.64,833330.0,112680.0
2026-07-17,Criteo,160407.88,921460.0,403780.0
2026-07-17,Google Ads,196649.6,786124.2,59580.0
2026-07-17,Kakao Moment,18122.0,0.0,215460.0
2026-07-17,Meta,236606.72,1763810.0,323330.0
2026-07-17,Naver Brand Search,246666.67,2163970.0,1974590.0
2026-07-17,Naver GFA,38067.27,256250.0,0.0
2026-07-17,Naver Search & Shopping,257139.09,1053830.0,413550.0
2026-07-18,Criteo,147938.23,666550.0,115670.0
2026-07-18,Google Ads,176419.04,2114542.12,151780.0
2026-07-18,Kakao Moment,49468.0,0.0,269460.0
2026-07-18,Meta,198885.12,2242280.0,759140.0
2026-07-18,Naver Brand Search,246666.67,1057290.0,934490.0
2026-07-18,Naver GFA,38070.91,637830.0,0.0
2026-07-18,Naver Search & Shopping,254332.73,331730.0,158870.0
2026-07-19,Criteo,2054003.11,826680.0,343580.0
2026-07-19,Google Ads,798042.84,2113187.42,827960.0
2026-07-19,Kakao Moment,49988.0,12500.0,433300.0
2026-07-19,Meta,236339.04,2057700.0,352300.0
2026-07-19,Naver Brand Search,246666.67,2101580.0,2403210.0
2026-07-19,Naver GFA,37845.45,770900.0,0.0
2026-07-19,Naver Search & Shopping,263922.73,1232930.0,389340.0
2026-07-20,Criteo,175510.77,514580.0,216590.0
2026-07-20,Google Ads,1609793.36,4586189.88,1528010.0
2026-07-20,Kakao Moment,21346.0,162100.0,167580.0
2026-07-20,Meta,226089.92,3037710.0,854400.0
2026-07-20,Naver Brand Search,246666.67,2044630.0,1947170.0
2026-07-20,Naver GFA,48673.64,808050.0,0.0
2026-07-20,Naver Search & Shopping,265183.64,1330790.0,352990.0
2026-07-21,Criteo,188089.56,1804830.0,687280.0
2026-07-21,Google Ads,334899.04,1909763.89,893280.0
2026-07-21,Kakao Moment,59037.0,0.0,297420.0
2026-07-21,Meta,271971.84,4481890.0,908290.0
2026-07-21,Naver Brand Search,246666.67,3396770.0,3232550.0
2026-07-21,Naver GFA,51178.18,1109040.0,0.0
2026-07-21,Naver Search & Shopping,256878.18,882770.0,261480.0
2026-07-22,Criteo,1756070.73,1345200.0,362890.0
2026-07-22,Google Ads,217062.72,2740494.79,1584770.0
2026-07-22,Kakao Moment,59372.0,0.0,42690.0
2026-07-22,Meta,281696.8,3985660.0,839730.0
2026-07-22,Naver Brand Search,246666.67,2382970.0,2078970.0
2026-07-22,Naver GFA,51668.18,702720.0,0.0
2026-07-22,Naver Search & Shopping,255668.18,1001180.0,79600.0
2026-07-23,Criteo,181382.72,973920.0,724530.0
2026-07-23,Google Ads,336456.96,1782684.58,449760.0
2026-07-23,Kakao Moment,59006.0,0.0,110080.0
2026-07-23,Meta,267882.72,1350360.0,0.0
2026-07-23,Naver Brand Search,246666.67,2852480.0,2585220.0
2026-07-23,Naver GFA,48049.09,1559910.0,0.0
2026-07-23,Naver Search & Shopping,206824.27,1101120.0,86380.0
2026-07-24,Criteo,1591828.8,775340.0,266690.0
2026-07-24,Google Ads,266324.8,1584279.75,524070.0
2026-07-24,Kakao Moment,21578.0,103620.0,161570.0
2026-07-24,Meta,263506.88,2641450.0,343910.0
2026-07-24,Naver Brand Search,246666.67,2743260.0,2982780.0
2026-07-24,Naver GFA,47976.36,864240.0,0.0
2026-07-24,Naver Search & Shopping,254752.73,359610.0,0.0
2026-07-25,Criteo,2105396.34,1754280.0,650470.0
2026-07-25,Google Ads,262918.88,1024536.01,47000.0
2026-07-25,Kakao Moment,21402.0,211170.0,285680.0
2026-07-25,Meta,269328.64,2513470.0,473680.0
2026-07-25,Naver Brand Search,246666.67,3456420.0,2610780.0
2026-07-25,Naver GFA,48584.55,367960.0,0.0
2026-07-25,Naver Search & Shopping,245460.91,304080.0,634680.0
2026-07-26,Criteo,189690.84,850780.0,143710.0
2026-07-26,Google Ads,673797.0,1869672.93,627070.0
2026-07-26,Kakao Moment,58797.0,108000.0,324380.0
2026-07-26,Meta,316274.56,2010910.0,219040.0
2026-07-26,Naver Brand Search,246666.67,1824190.0,1738620.0
2026-07-26,Naver GFA,48691.82,364850.0,0.0
2026-07-26,Naver Search & Shopping,248368.18,861270.0,299470.0
2026-07-27,Criteo,1192551.81,521370.0,193770.0
2026-07-27,Google Ads,245542.08,2985604.05,91780.0
2026-07-27,Kakao Moment,21313.0,0.0,150300.0
2026-07-27,Meta,465010.56,3747430.0,513970.0
2026-07-27,Naver Brand Search,246666.67,2149290.0,2192730.0
2026-07-27,Naver GFA,28654.55,840330.0,0.0
2026-07-27,Naver Search & Shopping,217827.27,1174910.0,241700.0
2026-07-28,Criteo,180873.18,775580.0,647550.0
2026-07-28,Google Ads,163727.2,2257708.41,468730.0
2026-07-28,Kakao Moment,59157.0,0.0,60270.0
2026-07-28,Meta,416412.64,1157070.0,169310.0
2026-07-28,Naver Brand Search,246666.67,1683660.0,1678060.0
2026-07-28,Naver GFA,29108.18,802270.0,0.0
2026-07-28,Naver Search & Shopping,213170.0,1063130.0,0.0
2026-07-29,Criteo,184595.14,638880.0,283880.0
2026-07-29,Google Ads,298810.4,1673840.15,828930.0
2026-07-29,Kakao Moment,58681.0,0.0,534210.0
2026-07-29,Meta,397903.52,2175370.0,564830.0
2026-07-29,Naver Brand Search,246666.67,2072620.0,1598740.0
2026-07-29,Naver GFA,28293.64,525250.0,0.0
2026-07-29,Naver Search & Shopping,208219.09,1227950.0,39500.0
2026-07-30,Criteo,1575453.25,1442570.0,1042750.0
2026-07-30,Google Ads,262010.56,3003651.79,1053810.0
2026-07-30,Kakao Moment,1877748.0,1526580.0,2332200.0
2026-07-30,Meta,385305.76,1257080.0,214000.0
2026-07-30,Naver Brand Search,246666.67,1666120.0,1579070.0
2026-07-30,Naver GFA,29133.64,305590.0,0.0
2026-07-30,Naver Search & Shopping,203908.18,666830.0,10800.0
2026-07-31,Criteo,187437.41,1953650.0,407950.0
2026-07-31,Google Ads,1196291.44,1242904.6,498200.0
2026-07-31,Kakao Moment,59071.0,1111930.0,848350.0
2026-07-31,Meta,384081.6,1617110.0,157780.0
2026-07-31,Naver Brand Search,246666.67,2676860.0,2455660.0
2026-07-31,Naver GFA,28203.64,164870.0,0.0
2026-07-31,Naver Search & Shopping,202297.27,334220.0,0.0
2026-08-01,Criteo,174932.28,566240.0,389500.0
2026-08-01,Google Ads,220242.4,1208892.87,168050.0
2026-08-01,Kakao Moment,0.0,367200.0,0.0
2026-08-01,Meta,415630.88,1382800.0,0.0
2026-08-01,Naver Brand Search,240000.0,2241380.0,1990880.0
2026-08-01,Naver GFA,45294.55,423920.0,0.0
2026-08-01,Naver Search & Shopping,218998.18,144680.0,0.0
2026-08-02,Criteo,178367.46,777070.0,254580.0
2026-08-02,Google Ads,243556.32,2369059.1,558640.0
2026-08-02,Kakao Moment,0.0,279200.0,515270.0
2026-08-02,Meta,417590.88,1151780.0,197440.0
2026-08-02,Naver Brand Search,220000.0,2644280.0,2573400.0
2026-08-02,Naver GFA,40187.27,642660.0,0.0
2026-08-02,Naver Search & Shopping,222728.18,767000.0,244220.0
2026-08-03,Criteo,190526.42,2239680.0,398570.0
2026-08-03,Google Ads,248305.12,2697932.98,1048320.0
2026-08-03,Kakao Moment,0.0,591120.0,702870.0
2026-08-03,Meta,474149.76,4789150.0,430860.0
2026-08-03,Naver Brand Search,220000.0,3332370.0,2389840.0
2026-08-03,Naver GFA,38907.27,597740.0,0.0
2026-08-03,Naver Search & Shopping,240345.45,777630.0,161470.0
2026-08-04,Criteo,174464.36,1238250.0,701400.0
2026-08-04,Google Ads,204992.48,994542.12,536500.0
2026-08-04,Kakao Moment,37384.0,534500.0,83120.0
2026-08-04,Meta,458398.08,3141160.0,694670.0
2026-08-04,Naver Brand Search,220000.0,2827840.0,2855090.0
2026-08-04,Naver GFA,42639.09,1205870.0,0.0
2026-08-04,Naver Search & Shopping,237137.27,1583410.0,277860.0
2026-08-05,Criteo,156317.78,477370.0,494620.0
2026-08-05,Google Ads,196591.36,1661238.77,235180.0
2026-08-05,Kakao Moment,38067.0,601000.0,233740.0
2026-08-05,Meta,483695.52,3399250.0,860510.0
2026-08-05,Naver Brand Search,220000.0,2928160.0,2651210.0
2026-08-05,Naver GFA,42720.91,756600.0,0.0
2026-08-05,Naver Search & Shopping,209023.64,797130.0,0.0
2026-08-06,Criteo,163767.49,1163620.0,496990.0
2026-08-06,Google Ads,196416.64,1436754.71,756540.0
2026-08-06,Kakao Moment,38022.0,109490.0,384170.0
2026-08-06,Meta,508391.52,2241320.0,692560.0
2026-08-06,Naver Brand Search,220000.0,2365360.0,2205090.0
2026-08-06,Naver GFA,45179.09,529270.0,0.0
2026-08-06,Naver Search & Shopping,217022.73,1154610.0,139800.0
2026-08-07,Criteo,179109.61,776380.0,558780.0
2026-08-07,Google Ads,185780.0,2471620.31,406500.0
2026-08-07,Kakao Moment,38332.0,363600.0,794750.0
2026-08-07,Meta,543413.92,1957070.0,534040.0
2026-08-07,Naver Brand Search,220000.0,1430310.0,1426780.0
2026-08-07,Naver GFA,44507.27,1530380.0,0.0
2026-08-07,Naver Search & Shopping,209690.91,680610.0,55600.0
2026-08-08,Criteo,177181.09,452210.0,265660.0
2026-08-08,Google Ads,219828.0,948808.11,226550.0
2026-08-08,Kakao Moment,38174.0,0.0,41300.0
2026-08-08,Meta,544492.48,1080300.0,312000.0
2026-08-08,Naver Brand Search,220000.0,846240.0,685880.0
2026-08-08,Naver GFA,49099.09,906260.0,0.0
2026-08-08,Naver Search & Shopping,217426.36,866800.0,193690.0
2026-08-09,Criteo,183570.25,955240.0,693080.0
2026-08-09,Google Ads,222788.16,1454826.9,447090.0
2026-08-09,Kakao Moment,37881.0,0.0,191600.0
2026-08-09,Meta,593381.6,3518010.0,474980.0
2026-08-09,Naver Brand Search,220000.0,1330170.0,1284670.0
2026-08-09,Naver GFA,42314.55,707620.0,0.0
2026-08-09,Naver Search & Shopping,215654.55,990600.0,246290.0
2026-08-10,Criteo,191612.52,547260.0,122300.0
2026-08-10,Google Ads,212806.72,1395982.05,520400.0
2026-08-10,Kakao Moment,38147.0,286480.0,162400.0
2026-08-10,Meta,441247.52,2561060.0,366280.0
2026-08-10,Naver Brand Search,220000.0,2085910.0,2045350.0
2026-08-10,Naver GFA,41817.27,782230.0,0.0
2026-08-10,Naver Search & Shopping,215551.82,598060.0,158580.0
2026-08-11,Criteo,169951.27,1122800.0,606580.0
2026-08-11,Google Ads,216798.4,1412216.14,701610.0
2026-08-11,Kakao Moment,38336.0,0.0,0.0
2026-08-11,Meta,272021.12,2709810.0,534730.0
2026-08-11,Naver Brand Search,220000.0,1628540.0,1588560.0
2026-08-11,Naver GFA,43988.18,517280.0,0.0
2026-08-11,Naver Search & Shopping,217644.55,703150.0,118600.0
2026-08-12,Criteo,178377.92,1540390.0,742390.0
2026-08-12,Google Ads,212800.0,1060960.77,291540.0
2026-08-12,Kakao Moment,38164.0,42480.0,199970.0
2026-08-12,Meta,281224.16,3126580.0,136230.0
2026-08-12,Naver Brand Search,220000.0,2493240.0,1992670.0
2026-08-12,Naver GFA,41805.45,654530.0,0.0
2026-08-12,Naver Search & Shopping,215420.91,1623590.0,142990.0
2026-08-13,Criteo,178190.58,1431440.0,1103900.0
2026-08-13,Google Ads,205004.8,1749323.85,457970.0
2026-08-13,Kakao Moment,37668.0,0.0,113490.0
2026-08-13,Meta,280090.72,3203310.0,522890.0
2026-08-13,Naver Brand Search,220000.0,1203800.0,798010.0
2026-08-13,Naver GFA,72126.36,1555290.0,0.0
2026-08-13,Naver Search & Shopping,184654.55,491240.0,0.0
2026-08-14,Criteo,180643.51,395170.0,428980.0
2026-08-14,Google Ads,225758.4,1452137.98,405940.0
2026-08-14,Kakao Moment,38138.0,0.0,97780.0
2026-08-14,Meta,252551.04,1885240.0,882220.0
2026-08-14,Naver Brand Search,220000.0,1899960.0,1548300.0
2026-08-14,Naver GFA,67499.09,453790.0,0.0
2026-08-14,Naver Search & Shopping,187726.36,372350.0,114570.0
2026-08-15,Criteo,173626.32,595060.0,232550.0
2026-08-15,Google Ads,217228.48,3143387.53,691270.0
2026-08-15,Kakao Moment,38102.0,0.0,760350.0
2026-08-15,Meta,253199.52,2077910.0,303280.0
2026-08-15,Naver Brand Search,220000.0,1028480.0,1044310.0
2026-08-15,Naver GFA,70096.36,1055690.0,0.0
2026-08-15,Naver Search & Shopping,185408.18,478660.0,35280.0
2026-08-16,Criteo,179148.48,1875770.0,458470.0
2026-08-16,Google Ads,220479.84,2844201.29,1627990.0
2026-08-16,Kakao Moment,38409.0,0.0,74000.0
2026-08-16,Meta,317590.56,4320110.0,559140.0
2026-08-16,Naver Brand Search,220000.0,1545350.0,1402950.0
2026-08-16,Naver GFA,71869.09,564440.0,0.0
2026-08-16,Naver Search & Shopping,180545.45,706460.0,172470.0
2026-08-17,Criteo,187907.13,955380.0,317970.0
2026-08-17,Google Ads,217918.4,1617096.72,1191300.0
2026-08-17,Kakao Moment,1851580.0,3409210.0,4255310.0
2026-08-17,Meta,268503.2,3610470.0,120140.0
2026-08-17,Naver Brand Search,220000.0,2648560.0,2441740.0
2026-08-17,Naver GFA,73108.18,1050540.0,0.0
2026-08-17,Naver Search & Shopping,195087.27,461800.0,396090.0
2026-08-18,Criteo,182525.92,572580.0,161430.0
2026-08-18,Google Ads,197691.2,2436915.79,1009140.0
2026-08-18,Kakao Moment,38054.0,1182280.0,629790.0
2026-08-18,Meta,196813.12,2226390.0,598980.0
2026-08-18,Naver Brand Search,220000.0,1681230.0,1169600.0
2026-08-18,Naver GFA,71826.36,1698170.0,0.0
2026-08-18,Naver Search & Shopping,189226.36,605810.0,134420.0
2026-08-19,Criteo,170433.99,734870.0,544380.0
2026-08-19,Google Ads,242725.28,2321854.84,781010.0
2026-08-19,Kakao Moment,38056.0,429830.0,171900.0
2026-08-19,Meta,204336.16,1343710.0,123300.0
2026-08-19,Naver Brand Search,220000.0,2453940.0,2103680.0
2026-08-19,Naver GFA,88366.36,943920.0,0.0
2026-08-19,Naver Search & Shopping,174936.36,641450.0,0.0
2026-08-20,Criteo,184055.03,1367540.0,367980.0
2026-08-20,Google Ads,248165.12,976197.13,454290.0
2026-08-20,Kakao Moment,37886.0,440070.0,220710.0
2026-08-20,Meta,199727.36,1923530.0,539970.0
2026-08-20,Naver Brand Search,220000.0,2778540.0,2880110.0
2026-08-20,Naver GFA,88207.27,867560.0,0.0
2026-08-20,Naver Search & Shopping,171175.45,619170.0,66100.0
2026-08-21,Criteo,183669.62,828670.0,619130.0
2026-08-21,Google Ads,236875.52,3234136.41,1085910.0
2026-08-21,Kakao Moment,38143.0,77400.0,69000.0
2026-08-21,Meta,239040.48,1678480.0,406820.0
2026-08-21,Naver Brand Search,220000.0,1368570.0,1198970.0
2026-08-21,Naver GFA,79493.64,468910.0,0.0
2026-08-21,Naver Search & Shopping,169316.36,337250.0,0.0
2026-08-22,Criteo,186099.76,504550.0,249960.0
2026-08-22,Google Ads,244564.32,2358178.11,104000.0
2026-08-22,Kakao Moment,37849.0,285360.0,239970.0
2026-08-22,Meta,227979.36,2559450.0,772680.0
2026-08-22,Naver Brand Search,220000.0,2448450.0,2158460.0
2026-08-22,Naver GFA,79477.27,790250.0,0.0
2026-08-22,Naver Search & Shopping,172234.55,309890.0,104990.0
2026-08-23,Criteo,182259.01,376730.0,395730.0
2026-08-23,Google Ads,226760.8,3632097.5,150200.0
2026-08-23,Kakao Moment,37792.0,281870.0,541010.0
2026-08-23,Meta,275032.8,1948290.0,379240.0
2026-08-23,Naver Brand Search,220000.0,2250830.0,2154230.0
2026-08-23,Naver GFA,80900.91,2682790.0,0.0
2026-08-23,Naver Search & Shopping,175659.09,759860.0,240350.0
2026-08-24,Criteo,195166.44,782430.0,97280.0
2026-08-24,Google Ads,241052.0,1534972.25,501160.0
2026-08-24,Kakao Moment,37424.0,29340.0,127900.0
2026-08-24,Meta,217244.16,2019740.0,141260.0
2026-08-24,Naver Brand Search,220000.0,1377740.0,1175980.0
2026-08-24,Naver GFA,78239.09,1188480.0,0.0
2026-08-24,Naver Search & Shopping,172125.45,302100.0,280570.0
2026-08-25,Criteo,177070.61,981520.0,454270.0
2026-08-25,Google Ads,228649.12,2433270.39,806730.0
2026-08-25,Kakao Moment,54407.0,201200.0,193780.0
2026-08-25,Meta,207527.04,1387360.0,532550.0
2026-08-25,Naver Brand Search,220000.0,1451830.0,1561940.0
2026-08-25,Naver GFA,82451.82,1114280.0,0.0
2026-08-25,Naver Search & Shopping,168342.73,240800.0,202500.0
2026-08-26,Criteo,184923.03,1109470.0,534030.0
2026-08-26,Google Ads,239127.84,1521117.08,1084640.0
2026-08-26,Kakao Moment,55568.0,117000.0,221300.0
2026-08-26,Meta,186186.56,2099670.0,336880.0
2026-08-26,Naver Brand Search,220000.0,2139010.0,1812700.0
2026-08-26,Naver GFA,84240.91,1459940.0,0.0
2026-08-26,Naver Search & Shopping,167417.27,1263900.0,0.0
2026-08-27,Criteo,180326.22,1923820.0,1027580.0
2026-08-27,Google Ads,247925.44,3377925.91,1239860.0
2026-08-27,Kakao Moment,54809.0,94240.0,92040.0
2026-08-27,Meta,191617.44,1469840.0,313140.0
2026-08-27,Naver Brand Search,220000.0,1166710.0,1357830.0
2026-08-27,Naver GFA,83913.64,1196710.0,0.0
2026-08-27,Naver Search & Shopping,166104.55,639500.0,0.0
2026-08-28,Criteo,184843.48,1200170.0,802620.0
2026-08-28,Google Ads,216247.36,1390069.18,544250.0
2026-08-28,Kakao Moment,54345.0,0.0,93580.0
2026-08-28,Meta,154295.68,1048530.0,233130.0
2026-08-28,Naver Brand Search,220000.0,725250.0,907790.0
2026-08-28,Naver GFA,84109.09,1586610.0,0.0
2026-08-28,Naver Search & Shopping,169095.45,843440.0,34500.0
2026-08-29,Criteo,183401.88,865600.0,658720.0
2026-08-29,Google Ads,237764.8,1338286.17,426576.0
2026-08-29,Kakao Moment,54380.0,0.0,311000.0
2026-08-29,Meta,141048.32,1170150.0,431040.0
2026-08-29,Naver Brand Search,220000.0,1610380.0,1626550.0
2026-08-29,Naver GFA,79340.0,903180.0,0.0
2026-08-29,Naver Search & Shopping,167397.27,851570.0,0.0
2026-08-30,Criteo,187050.6,323690.0,151930.0
2026-08-30,Google Ads,225429.12,1807013.88,415480.0
2026-08-30,Kakao Moment,53794.0,127200.0,214570.0
2026-08-30,Meta,164007.2,1615060.0,188750.0
2026-08-30,Naver Brand Search,220000.0,1791360.0,961430.0
2026-08-30,Naver GFA,80480.91,586590.0,0.0
2026-08-30,Naver Search & Shopping,164849.09,121600.0,0.0
2026-08-31,Criteo,194068.21,3027880.0,523510.0
2026-08-31,Google Ads,208913.6,1027684.34,415680.0
2026-08-31,Kakao Moment,1861652.0,2083630.0,1484960.0
2026-08-31,Meta,174191.36,2882940.0,301690.0
2026-08-31,Naver Brand Search,220000.0,3053760.0,1132810.0
2026-08-31,Naver GFA,84609.09,1397410.0,0.0
2026-08-31,Naver Search & Shopping,168819.09,1048320.0,133290.0
2026-09-01,Criteo,213834.47,1024550.0,710820.0
2026-09-01,Google Ads,326391.52,2665376.83,539290.0
2026-09-01,Kakao Moment,123384.0,972550.0,609850.0
2026-09-01,Meta,226437.12,2139550.0,1068140.0
2026-09-01,Naver Brand Search,220000.0,2802056.0,2621466.0
2026-09-01,Naver GFA,49456.36,806780.0,0.0
2026-09-01,Naver Search & Shopping,167989.09,1150670.0,102100.0
2026-09-02,Criteo,319314.89,778960.0,619590.0
2026-09-02,Google Ads,348712.0,3544875.98,833080.0
2026-09-02,Kakao Moment,124181.0,603190.0,497090.0
2026-09-02,Meta,305606.56,2941830.0,412350.0
2026-09-02,Naver Brand Search,220000.0,2752220.0,2237130.0
2026-09-02,Naver GFA,44961.82,1620330.0,0.0
2026-09-02,Naver Search & Shopping,197955.45,1002010.0,83300.0
2026-09-03,Criteo,212856.43,1024400.0,671310.0
2026-09-03,Google Ads,353320.8,5978595.16,884720.0
2026-09-03,Kakao Moment,127015.0,0.0,0.0
2026-09-03,Meta,445363.52,1548500.0,127750.0
2026-09-03,Naver Brand Search,220000.0,1876040.0,1646000.0
2026-09-03,Naver GFA,44390.0,1293350.0,0.0
2026-09-03,Naver Search & Shopping,195109.09,911730.0,79300.0
2026-09-04,Criteo,260566.34,159000.0,0.0
2026-09-04,Google Ads,408812.32,4343394.31,216800.0
2026-09-04,Kakao Moment,127373.0,1288840.0,1049270.0
2026-09-04,Meta,311766.56,3554820.0,1367970.0
2026-09-04,Naver Brand Search,220000.0,3360080.0,2571080.0
2026-09-04,Naver GFA,44332.73,1615660.0,0.0
2026-09-04,Naver Search & Shopping,249793.64,970100.0,1819400.0
2026-09-05,Criteo,257316.3,762590.0,609760.0
2026-09-05,Google Ads,349799.52,1457546.31,53000.0
2026-09-05,Kakao Moment,125529.0,359140.0,201940.0
2026-09-05,Meta,352535.68,1616380.0,0.0
2026-09-05,Naver Brand Search,220000.0,2767430.0,3089510.0
2026-09-05,Naver GFA,44510.0,1127020.0,0.0
2026-09-05,Naver Search & Shopping,256601.82,1113390.0,0.0
2026-09-06,Criteo,257030.65,693700.0,485290.0
2026-09-06,Google Ads,350370.72,1872694.33,355500.0
2026-09-06,Kakao Moment,126519.0,136600.0,136600.0
2026-09-06,Meta,461428.8,1913350.0,303000.0
2026-09-06,Naver Brand Search,220000.0,2737550.0,2373460.0
2026-09-06,Naver GFA,41372.73,605560.0,0.0
2026-09-06,Naver Search & Shopping,256064.55,196650.0,0.0
2026-09-07,Criteo,276687.31,1807580.0,666150.0
2026-09-07,Google Ads,353472.0,1752547.09,144300.0
2026-09-07,Kakao Moment,126316.0,371800.0,499000.0
2026-09-07,Meta,370835.36,2918220.0,759290.0
2026-09-07,Naver Brand Search,220000.0,2849970.0,2335420.0
2026-09-07,Naver GFA,44432.73,716810.0,0.0
2026-09-07,Naver Search & Shopping,254650.91,763740.0,504680.0
2026-09-08,Criteo,240536.65,370200.0,250250.0
2026-09-08,Google Ads,315516.32,1885619.06,114200.0
2026-09-08,Kakao Moment,126439.0,112680.0,145680.0
2026-09-08,Meta,342385.12,1393350.0,225250.0
2026-09-08,Naver Brand Search,220000.0,3930500.0,3906150.0
2026-09-08,Naver GFA,44910.91,1755980.0,0.0
2026-09-08,Naver Search & Shopping,250013.64,1036540.0,99200.0
2026-09-09,Criteo,271124.55,1272200.0,553730.0
2026-09-09,Google Ads,356316.8,992212.34,578150.0
2026-09-09,Kakao Moment,126362.0,348780.0,938650.0
2026-09-09,Meta,370228.32,2928670.0,265100.0
2026-09-09,Naver Brand Search,220000.0,2070990.0,1482620.0
2026-09-09,Naver GFA,40706.36,918700.0,0.0
2026-09-09,Naver Search & Shopping,254936.36,772610.0,1273500.0
2026-09-10,Criteo,252664.52,1393300.0,725570.0
2026-09-10,Google Ads,338242.24,2396967.8,1108890.0
2026-09-10,Kakao Moment,1946120.0,1592950.0,1751430.0
2026-09-10,Meta,485087.68,3859900.0,1245070.0
2026-09-10,Naver Brand Search,220000.0,4563710.0,4266150.0
2026-09-10,Naver GFA,46620.91,618310.0,0.0
2026-09-10,Naver Search & Shopping,281803.64,2702690.0,718570.0
2026-09-11,Criteo,262617.27,2419900.0,1626120.0
2026-09-11,Google Ads,309000.16,2514279.44,690080.0
2026-09-11,Kakao Moment,140530.0,963410.0,1256190.0
2026-09-11,Meta,555449.44,5924090.0,2090750.0
2026-09-11,Naver Brand Search,220000.0,3922030.0,2104210.0
2026-09-11,Naver GFA,47274.55,569130.0,0.0
2026-09-11,Naver Search & Shopping,275075.45,623150.0,436810.0
2026-09-12,Criteo,251961.87,553800.0,489160.0
2026-09-12,Google Ads,377031.2,1718961.26,322700.0
2026-09-12,Kakao Moment,140256.0,253230.0,131330.0
2026-09-12,Meta,567103.04,3774160.0,815280.0
2026-09-12,Naver Brand Search,220000.0,3482930.0,2979320.0
2026-09-12,Naver GFA,48883.64,779210.0,0.0
2026-09-12,Naver Search & Shopping,251162.73,439150.0,0.0
2026-09-13,Criteo,260564.72,1797800.0,477750.0
2026-09-13,Google Ads,376111.68,3032443.95,1427610.0
2026-09-13,Kakao Moment,139888.0,880750.0,799560.0
2026-09-13,Meta,591606.4,6801930.0,1499500.0
2026-09-13,Naver Brand Search,220000.0,4753400.0,3886160.0
2026-09-13,Naver GFA,43282.73,1628580.0,0.0
2026-09-13,Naver Search & Shopping,295389.09,1059620.0,707470.0
2026-09-14,Criteo,270119.3,1598580.0,628500.0
2026-09-14,Google Ads,335908.16,2153797.12,689050.0
2026-09-14,Kakao Moment,147000.0,565080.0,389500.0
2026-09-14,Meta,687010.24,6925430.0,2111350.0
2026-09-14,Naver Brand Search,220000.0,5473880.0,5125750.0
2026-09-14,Naver GFA,49558.18,1952420.0,0.0
2026-09-14,Naver Search & Shopping,298008.18,1237850.0,525800.0
2026-09-15,Criteo,238075.82,1816080.0,1014390.0
2026-09-15,Google Ads,344660.96,2539274.17,2050050.0
2026-09-15,Kakao Moment,146928.0,2059960.0,1461000.0
2026-09-15,Meta,599259.36,4224490.0,543140.0
2026-09-15,Naver Brand Search,220000.0,4699630.0,3672529.99
2026-09-15,Naver GFA,49973.64,1195760.0,0.0
2026-09-15,Naver Search & Shopping,278545.45,1181980.0,295500.0
2026-09-16,Criteo,256405.98,423990.0,170200.0
2026-09-16,Google Ads,356993.28,1035400.0,172600.0
2026-09-16,Kakao Moment,147100.0,1260730.0,293650.0
2026-09-16,Meta,599739.84,5994660.0,364090.0
2026-09-16,Naver Brand Search,220000.0,2788160.0,735860.0
2026-09-16,Naver GFA,89446.36,507650.0,0.0
2026-09-16,Naver Search & Shopping,281407.27,998360.0,154740.0
