brand,source_url,product_url,name,description,price_text,original_price_text,image_url,sold_out_text,gender_text,season_text,source_category,source_category_url,breadcrumb_text,plp_item_category,plp_gender,listing_name,listing_price_text,listing_image_url,crawled_at
ARCTERYX,https://arcteryx.co.kr/,https://arcteryx.co.kr/products/category/102,아크테릭스코리아 : New Arrivals,아크테릭스코리아 New Arrivals,,,https://public.arcteryx.co.kr/metas/i3V7gA0vwHQIWpOrvXgO9iGyPHb30MmDps9kMJr5.png,,,,,https://arcteryx.co.kr/,https: > arcteryx.co.kr,,,,,,2026-04-18 16:54
ARCTERYX,https://arcteryx.co.kr/,https://arcteryx.co.kr/products/category/97,아크테릭스코리아 : OUTLET,"아크테릭스코리아 OUTLET 아크테릭스, 아웃렛, 시즌오프, 아울렛, outlet, season off, 할인",,,https://public.arcteryx.co.kr/metas/i3V7gA0vwHQIWpOrvXgO9iGyPHb30MmDps9kMJr5.png,,,,,https://arcteryx.co.kr/,https: > arcteryx.co.kr,,,,,,2026-04-18 16:54
ARCTERYX,https://arcteryx.co.kr/,https://arcteryx.co.kr/products/category/223,아크테릭스코리아 : New Arrivals,아크테릭스코리아 New Arrivals,,,https://public.arcteryx.co.kr/metas/i3V7gA0vwHQIWpOrvXgO9iGyPHb30MmDps9kMJr5.png,,,,,https://arcteryx.co.kr/,https: > arcteryx.co.kr,,,,,,2026-04-18 16:54
ARCTERYX,https://arcteryx.co.kr/,https://arcteryx.co.kr/products/category/224,아크테릭스코리아 : New Arrivals,아크테릭스코리아 New Arrivals,,,https://public.arcteryx.co.kr/metas/i3V7gA0vwHQIWpOrvXgO9iGyPHb30MmDps9kMJr5.png,,,,,https://arcteryx.co.kr/,https: > arcteryx.co.kr,,,,,,2026-04-18 16:54
ARCTERYX,https://arcteryx.co.kr/,https://arcteryx.co.kr/products/category/334,아크테릭스코리아 : Shell Jacket,아크테릭스코리아 Shell Jacket,,,https://public.arcteryx.co.kr/metas/i3V7gA0vwHQIWpOrvXgO9iGyPHb30MmDps9kMJr5.png,,,,,https://arcteryx.co.kr/,https: > arcteryx.co.kr,,,,,,2026-04-18 16:54
ARCTERYX,https://arcteryx.co.kr/,https://arcteryx.co.kr/products/category/335,아크테릭스코리아 : Shell Jacket,아크테릭스코리아 Shell Jacket,,,https://public.arcteryx.co.kr/metas/i3V7gA0vwHQIWpOrvXgO9iGyPHb30MmDps9kMJr5.png,,,,,https://arcteryx.co.kr/,https: > arcteryx.co.kr,,,,,,2026-04-18 16:54
ARCTERYX,https://arcteryx.co.kr/,https://arcteryx.co.kr/products/category/145,아크테릭스코리아 : 남성,아크테릭스코리아 남성,,,https://public.arcteryx.co.kr/metas/i3V7gA0vwHQIWpOrvXgO9iGyPHb30MmDps9kMJr5.png,,,,,https://arcteryx.co.kr/,https: > arcteryx.co.kr,,,,,,2026-04-18 16:54
ARCTERYX,https://arcteryx.co.kr/,https://arcteryx.co.kr/products/view/686182,헬리아드 15 백팩,26.03.27 금요일 오전 10:30 출시 3/27-4/1 순차 출고,130000.0,130000.0,https://public.arcteryx.co.kr/metas/i3V7gA0vwHQIWpOrvXgO9iGyPHb30MmDps9kMJr5.png,,,,,https://arcteryx.co.kr/,https: > arcteryx.co.kr,,,,,,2026-04-18 16:54
ARCTERYX,https://arcteryx.co.kr/,https://arcteryx.co.kr/products/view/686259,스쿼미시 후디 남성,,310000.0,310000.0,https://public.arcteryx.co.kr/metas/i3V7gA0vwHQIWpOrvXgO9iGyPHb30MmDps9kMJr5.png,,,,,https://arcteryx.co.kr/,https: > arcteryx.co.kr,,,,,,2026-04-18 16:54
ARCTERYX,https://arcteryx.co.kr/,https://arcteryx.co.kr/products/category/353,아크테릭스코리아 : New Arrivals,아크테릭스코리아 New Arrivals,,,https://public.arcteryx.co.kr/metas/i3V7gA0vwHQIWpOrvXgO9iGyPHb30MmDps9kMJr5.png,,,,,https://arcteryx.co.kr/,https: > arcteryx.co.kr,,,,,,2026-04-18 16:54
ARCTERYX,https://arcteryx.co.kr/,https://arcteryx.co.kr/products/category/216,아크테릭스코리아 : Mantis Series,아크테릭스코리아 Mantis Series,,,https://public.arcteryx.co.kr/metas/i3V7gA0vwHQIWpOrvXgO9iGyPHb30MmDps9kMJr5.png,,,,,https://arcteryx.co.kr/,https: > arcteryx.co.kr,,,,,,2026-04-18 16:54
ARCTERYX,https://arcteryx.co.kr/products/category/53,https://arcteryx.co.kr/products/category/52,아크테릭스코리아 : WOMEN,아크테릭스코리아 WOMEN,,,https://public.arcteryx.co.kr/metas/i3V7gA0vwHQIWpOrvXgO9iGyPHb30MmDps9kMJr5.png,,,,의류,https://arcteryx.co.kr/products/category/53,https: > arcteryx.co.kr > products > category > 53,의류,공용,,,,2026-04-19 16:54
ARCTERYX,https://arcteryx.co.kr/products/category/53,https://arcteryx.co.kr/products/category/1,아크테릭스코리아 :,아크테릭스코리아,,,https://public.arcteryx.co.kr/metas/i3V7gA0vwHQIWpOrvXgO9iGyPHb30MmDps9kMJr5.png,,,,의류,https://arcteryx.co.kr/products/category/53,https: > arcteryx.co.kr > products > category > 53,의류,공용,,,,2026-04-19 16:54
ARCTERYX,https://arcteryx.co.kr/products/category/53,https://arcteryx.co.kr/products/view/686385,아크테릭스코리아 : 크래그 SL 코튼 엠블렘 크루 셔츠 SS 여성,,,,https://public.arcteryx.co.kr/metas/i3V7gA0vwHQIWpOrvXgO9iGyPHb30MmDps9kMJr5.png,,,,의류,https://arcteryx.co.kr/products/category/53,https: > arcteryx.co.kr > products > category > 53,의류,공용,,,,2026-04-19 16:54
ARCTERYX,https://arcteryx.co.kr/products/category/53,https://arcteryx.co.kr/products/view/686303,아크테릭스코리아 : 감마 후디 여성,,,,https://public.arcteryx.co.kr/metas/i3V7gA0vwHQIWpOrvXgO9iGyPHb30MmDps9kMJr5.png,,,,의류,https://arcteryx.co.kr/products/category/53,https: > arcteryx.co.kr > products > category > 53,의류,공용,,,,2026-04-19 16:54
ARCTERYX,https://arcteryx.co.kr/products/category/53,https://arcteryx.co.kr/products/view/686294,아크테릭스코리아 : 스쿼미시 후디 여성,,,,https://public.arcteryx.co.kr/metas/i3V7gA0vwHQIWpOrvXgO9iGyPHb30MmDps9kMJr5.png,,,,의류,https://arcteryx.co.kr/products/category/53,https: > arcteryx.co.kr > products > category > 53,의류,공용,,,,2026-04-19 16:54
ARCTERYX,https://arcteryx.co.kr/products/category/53,https://arcteryx.co.kr/products/view/686299,아크테릭스코리아 : 베타 재킷 여성,,,,https://public.arcteryx.co.kr/metas/i3V7gA0vwHQIWpOrvXgO9iGyPHb30MmDps9kMJr5.png,,,,의류,https://arcteryx.co.kr/products/category/53,https: > arcteryx.co.kr > products > category > 53,의류,공용,,,,2026-04-19 16:54
ARCTERYX,https://arcteryx.co.kr/products/category/53,https://arcteryx.co.kr/products/view/686388,아크테릭스코리아 : 룰라 T-셔츠 SS 여성,,,,https://public.arcteryx.co.kr/metas/i3V7gA0vwHQIWpOrvXgO9iGyPHb30MmDps9kMJr5.png,,,,의류,https://arcteryx.co.kr/products/category/53,https: > arcteryx.co.kr > products > category > 53,의류,공용,,,,2026-04-19 16:54
ARCTERYX,https://arcteryx.co.kr/products/category/53,https://arcteryx.co.kr/products/view/686394,아크테릭스코리아 : 노반 크루 SS 여성,,,,https://public.arcteryx.co.kr/metas/i3V7gA0vwHQIWpOrvXgO9iGyPHb30MmDps9kMJr5.png,,,,의류,https://arcteryx.co.kr/products/category/53,https: > arcteryx.co.kr > products > category > 53,의류,공용,,,,2026-04-19 16:54
ARCTERYX,https://arcteryx.co.kr/products/category/53,https://arcteryx.co.kr/products/view/686342,"아크테릭스코리아 : 노반 쇼츠 3"" 여성",,,,https://public.arcteryx.co.kr/metas/i3V7gA0vwHQIWpOrvXgO9iGyPHb30MmDps9kMJr5.png,,,,의류,https://arcteryx.co.kr/products/category/53,https: > arcteryx.co.kr > products > category > 53,의류,공용,,,,2026-04-19 16:54
ARCTERYX,https://arcteryx.co.kr/products/category/53,https://arcteryx.co.kr/products/view/686293,아크테릭스코리아 : 노반 윈드쉘 후디 여성,,,,https://public.arcteryx.co.kr/metas/i3V7gA0vwHQIWpOrvXgO9iGyPHb30MmDps9kMJr5.png,,,,의류,https://arcteryx.co.kr/products/category/53,https: > arcteryx.co.kr > products > category > 53,의류,공용,,,,2026-04-19 16:54
ARCTERYX,https://arcteryx.co.kr/products/category/53,https://arcteryx.co.kr/products/view/686278,아크테릭스코리아 : 솔라노 재킷 여성,,,,https://public.arcteryx.co.kr/metas/i3V7gA0vwHQIWpOrvXgO9iGyPHb30MmDps9kMJr5.png,,,,의류,https://arcteryx.co.kr/products/category/53,https: > arcteryx.co.kr > products > category > 53,의류,공용,,,,2026-04-19 16:54
ARCTERYX,https://arcteryx.co.kr/products/category/53,https://arcteryx.co.kr/products/view/686287,아크테릭스코리아 : 베타 AR 재킷 여성,,,,https://public.arcteryx.co.kr/metas/i3V7gA0vwHQIWpOrvXgO9iGyPHb30MmDps9kMJr5.png,,,,의류,https://arcteryx.co.kr/products/category/53,https: > arcteryx.co.kr > products > category > 53,의류,공용,,,,2026-04-19 16:54
ARCTERYX,https://arcteryx.co.kr/products/category/53,https://arcteryx.co.kr/products/view/686285,아크테릭스코리아 : 솔라노 후디 여성,,,,https://public.arcteryx.co.kr/metas/i3V7gA0vwHQIWpOrvXgO9iGyPHb30MmDps9kMJr5.png,,,,의류,https://arcteryx.co.kr/products/category/53,https: > arcteryx.co.kr > products > category > 53,의류,공용,,,,2026-04-19 16:54
ARCTERYX,https://arcteryx.co.kr/products/category/53,https://arcteryx.co.kr/products/view/686276,아크테릭스코리아 : 아톰 후디 여성,,,,https://public.arcteryx.co.kr/metas/i3V7gA0vwHQIWpOrvXgO9iGyPHb30MmDps9kMJr5.png,,,,의류,https://arcteryx.co.kr/products/category/53,https: > arcteryx.co.kr > products > category > 53,의류,공용,,,,2026-04-19 16:54
ARCTERYX,https://arcteryx.co.kr/products/category/53,https://arcteryx.co.kr/products/view/686273,아크테릭스코리아 : 인센도 에어쉘 후디 여성,,,,https://public.arcteryx.co.kr/metas/i3V7gA0vwHQIWpOrvXgO9iGyPHb30MmDps9kMJr5.png,,,,의류,https://arcteryx.co.kr/products/category/53,https: > arcteryx.co.kr > products > category > 53,의류,공용,,,,2026-04-19 16:54
ARCTERYX,https://arcteryx.co.kr/products/category/53,https://arcteryx.co.kr/products/view/686477,아크테릭스코리아 : 엔보이 리틀 버드 셔츠 SS 여성,,,,https://public.arcteryx.co.kr/metas/i3V7gA0vwHQIWpOrvXgO9iGyPHb30MmDps9kMJr5.png,,,,의류,https://arcteryx.co.kr/products/category/53,https: > arcteryx.co.kr > products > category > 53,의류,공용,,,,2026-04-19 16:54
ARCTERYX,https://arcteryx.co.kr/products/category/53,https://arcteryx.co.kr/products/view/686392,아크테릭스코리아 : 엔보이 써멀 버드 셔츠 SS 여성,,,,https://public.arcteryx.co.kr/metas/i3V7gA0vwHQIWpOrvXgO9iGyPHb30MmDps9kMJr5.png,,,,의류,https://arcteryx.co.kr/products/category/53,https: > arcteryx.co.kr > products > category > 53,의류,공용,,,,2026-04-19 16:54
ARCTERYX,https://arcteryx.co.kr/products/category/53,https://arcteryx.co.kr/products/view/686465,아크테릭스코리아 : 크래그 코튼 팬츠 여성,,,,https://public.arcteryx.co.kr/metas/i3V7gA0vwHQIWpOrvXgO9iGyPHb30MmDps9kMJr5.png,,,,의류,https://arcteryx.co.kr/products/category/53,https: > arcteryx.co.kr > products > category > 53,의류,공용,,,,2026-04-19 16:54
ARCTERYX,https://arcteryx.co.kr/products/category/53,https://arcteryx.co.kr/products/view/686379,아크테릭스코리아 : 크래그 코튼 리틀 버드 크루 넥 셔츠 SS 여성,,,,https://public.arcteryx.co.kr/metas/i3V7gA0vwHQIWpOrvXgO9iGyPHb30MmDps9kMJr5.png,,,,의류,https://arcteryx.co.kr/products/category/53,https: > arcteryx.co.kr > products > category > 53,의류,공용,,,,2026-04-19 16:54
ARCTERYX,https://arcteryx.co.kr/products/category/53,https://arcteryx.co.kr/products/view/686275,아크테릭스코리아 : 인센도 하이브리드 후디 여성,,,,https://public.arcteryx.co.kr/metas/i3V7gA0vwHQIWpOrvXgO9iGyPHb30MmDps9kMJr5.png,,,,의류,https://arcteryx.co.kr/products/category/53,https: > arcteryx.co.kr > products > category > 53,의류,공용,,,,2026-04-19 16:54
ARCTERYX,https://arcteryx.co.kr/products/category/53,https://arcteryx.co.kr/products/view/686283,아크테릭스코리아 : 롬 하이브리드 재킷 여성,,,,https://public.arcteryx.co.kr/metas/i3V7gA0vwHQIWpOrvXgO9iGyPHb30MmDps9kMJr5.png,,,,의류,https://arcteryx.co.kr/products/category/53,https: > arcteryx.co.kr > products > category > 53,의류,공용,,,,2026-04-19 16:54
ARCTERYX,https://arcteryx.co.kr/products/category/53,https://arcteryx.co.kr/products/view/686466,아크테릭스코리아 : 롬 팬츠 여성,,,,https://public.arcteryx.co.kr/metas/i3V7gA0vwHQIWpOrvXgO9iGyPHb30MmDps9kMJr5.png,,,,의류,https://arcteryx.co.kr/products/category/53,https: > arcteryx.co.kr > products > category > 53,의류,공용,,,,2026-04-19 16:54
ARCTERYX,https://arcteryx.co.kr/products/category/53,https://arcteryx.co.kr/products/view/686330,아크테릭스코리아 : 롬 쇼츠 여성,,,,https://public.arcteryx.co.kr/metas/i3V7gA0vwHQIWpOrvXgO9iGyPHb30MmDps9kMJr5.png,,,,의류,https://arcteryx.co.kr/products/category/53,https: > arcteryx.co.kr > products > category > 53,의류,공용,,,,2026-04-19 16:54
ARCTERYX,https://arcteryx.co.kr/products/category/53,https://arcteryx.co.kr/products/view/686295,아크테릭스코리아 : 스쿼미시 재킷 여성,,,,https://public.arcteryx.co.kr/metas/i3V7gA0vwHQIWpOrvXgO9iGyPHb30MmDps9kMJr5.png,,,,의류,https://arcteryx.co.kr/products/category/53,https: > arcteryx.co.kr > products > category > 53,의류,공용,,,,2026-04-19 16:54
ARCTERYX,https://arcteryx.co.kr/products/category/53,https://arcteryx.co.kr/products/view/686286,아크테릭스코리아 : 베타 SL 재킷 여성,,,,https://public.arcteryx.co.kr/metas/i3V7gA0vwHQIWpOrvXgO9iGyPHb30MmDps9kMJr5.png,,,,의류,https://arcteryx.co.kr/products/category/53,https: > arcteryx.co.kr > products > category > 53,의류,공용,,,,2026-04-19 16:54
ARCTERYX,https://arcteryx.co.kr/products/category/53,https://arcteryx.co.kr/products/view/686331,아크테릭스코리아 : 감마 팬츠 여성,,,,https://public.arcteryx.co.kr/metas/i3V7gA0vwHQIWpOrvXgO9iGyPHb30MmDps9kMJr5.png,,,,의류,https://arcteryx.co.kr/products/category/53,https: > arcteryx.co.kr > products > category > 53,의류,공용,,,,2026-04-19 16:54
ARCTERYX,https://arcteryx.co.kr/products/category/53,https://arcteryx.co.kr/products/view/686380,아크테릭스코리아 : 크래그 코튼 버드 크루 넥 셔츠 LS 여성,,,,https://public.arcteryx.co.kr/metas/i3V7gA0vwHQIWpOrvXgO9iGyPHb30MmDps9kMJr5.png,,,,의류,https://arcteryx.co.kr/products/category/53,https: > arcteryx.co.kr > products > category > 53,의류,공용,,,,2026-04-19 16:54
ARCTERYX,https://arcteryx.co.kr/products/category/53,https://arcteryx.co.kr/products/view/686500,아크테릭스코리아 : 사이펀 후디 여성,,,,https://public.arcteryx.co.kr/metas/i3V7gA0vwHQIWpOrvXgO9iGyPHb30MmDps9kMJr5.png,,,,의류,https://arcteryx.co.kr/products/category/53,https: > arcteryx.co.kr > products > category > 53,의류,공용,,,,2026-04-19 16:54
ARCTERYX,https://arcteryx.co.kr/products/category/53,https://arcteryx.co.kr/products/view/686289,아크테릭스코리아 : 엠블럼 플리스 풀 짚 크롭 후디 여성,,,,https://public.arcteryx.co.kr/metas/i3V7gA0vwHQIWpOrvXgO9iGyPHb30MmDps9kMJr5.png,,,,의류,https://arcteryx.co.kr/products/category/53,https: > arcteryx.co.kr > products > category > 53,의류,공용,,,,2026-04-19 16:54
ARCTERYX,https://arcteryx.co.kr/products/category/53,https://arcteryx.co.kr/products/view/686454,아크테릭스코리아 : 알파 재킷 여성,,,,https://public.arcteryx.co.kr/metas/i3V7gA0vwHQIWpOrvXgO9iGyPHb30MmDps9kMJr5.png,,,,의류,https://arcteryx.co.kr/products/category/53,https: > arcteryx.co.kr > products > category > 53,의류,공용,,,,2026-04-19 16:54
ARCTERYX,https://arcteryx.co.kr/products/category/53,https://arcteryx.co.kr/products/view/686298,아크테릭스코리아 : 알파 SL 아노락 여성,,,,https://public.arcteryx.co.kr/metas/i3V7gA0vwHQIWpOrvXgO9iGyPHb30MmDps9kMJr5.png,,,,의류,https://arcteryx.co.kr/products/category/53,https: > arcteryx.co.kr > products > category > 53,의류,공용,,,,2026-04-19 16:54
ARCTERYX,https://arcteryx.co.kr/products/category/53,https://arcteryx.co.kr/products/view/686277,아크테릭스코리아 : 감마 MX 후디 여성,,,,https://public.arcteryx.co.kr/metas/i3V7gA0vwHQIWpOrvXgO9iGyPHb30MmDps9kMJr5.png,,,,의류,https://arcteryx.co.kr/products/category/53,https: > arcteryx.co.kr > products > category > 53,의류,공용,,,,2026-04-19 16:54
ARCTERYX,https://arcteryx.co.kr/products/category/53,https://arcteryx.co.kr/products/view/686401,아크테릭스코리아 : 엠블럼 플리스 크루 여성,,,,https://public.arcteryx.co.kr/metas/i3V7gA0vwHQIWpOrvXgO9iGyPHb30MmDps9kMJr5.png,,,,의류,https://arcteryx.co.kr/products/category/53,https: > arcteryx.co.kr > products > category > 53,의류,공용,,,,2026-04-19 16:54
ARCTERYX,https://arcteryx.co.kr/products/category/53,https://arcteryx.co.kr/products/view/686274,아크테릭스코리아 : 카이어나이트 후디 여성,,,,https://public.arcteryx.co.kr/metas/i3V7gA0vwHQIWpOrvXgO9iGyPHb30MmDps9kMJr5.png,,,,의류,https://arcteryx.co.kr/products/category/53,https: > arcteryx.co.kr > products > category > 53,의류,공용,,,,2026-04-19 16:54
ARCTERYX,https://arcteryx.co.kr/products/category/53,https://arcteryx.co.kr/products/view/686302,아크테릭스코리아 : 델타 재킷 여성,,,,https://public.arcteryx.co.kr/metas/i3V7gA0vwHQIWpOrvXgO9iGyPHb30MmDps9kMJr5.png,,,,의류,https://arcteryx.co.kr/products/category/53,https: > arcteryx.co.kr > products > category > 53,의류,공용,,,,2026-04-19 16:54
ARCTERYX,https://arcteryx.co.kr/products/category/53,https://arcteryx.co.kr/products/view/686467,아크테릭스코리아 : 니아 팬츠 여성,,,,https://public.arcteryx.co.kr/metas/i3V7gA0vwHQIWpOrvXgO9iGyPHb30MmDps9kMJr5.png,,,,의류,https://arcteryx.co.kr/products/category/53,https: > arcteryx.co.kr > products > category > 53,의류,공용,,,,2026-04-19 16:54
ARCTERYX,https://arcteryx.co.kr/products/category/53,https://arcteryx.co.kr/products/view/686382,아크테릭스코리아 : 아에스타스 크루 넥 풀오버 여성,,,,https://public.arcteryx.co.kr/metas/i3V7gA0vwHQIWpOrvXgO9iGyPHb30MmDps9kMJr5.png,,,,의류,https://arcteryx.co.kr/products/category/53,https: > arcteryx.co.kr > products > category > 53,의류,공용,,,,2026-04-19 16:54
ARCTERYX,https://arcteryx.co.kr/products/category/53,https://arcteryx.co.kr/products/view/686300,아크테릭스코리아 : 세륨 후디 여성,,,,https://public.arcteryx.co.kr/metas/i3V7gA0vwHQIWpOrvXgO9iGyPHb30MmDps9kMJr5.png,,,,의류,https://arcteryx.co.kr/products/category/53,https: > arcteryx.co.kr > products > category > 53,의류,공용,,,,2026-04-19 16:54
ARCTERYX,https://arcteryx.co.kr/products/category/53,https://arcteryx.co.kr/products/view/685748,아크테릭스코리아 : 베타 AR 재킷 여성,,,,https://public.arcteryx.co.kr/metas/i3V7gA0vwHQIWpOrvXgO9iGyPHb30MmDps9kMJr5.png,,,,의류,https://arcteryx.co.kr/products/category/53,https: > arcteryx.co.kr > products > category > 53,의류,공용,,,,2026-04-19 16:54
ARCTERYX,https://arcteryx.co.kr/products/category/53,https://arcteryx.co.kr/products/view/685985,아크테릭스코리아 : 알파 SV 재킷 여성,,,,https://public.arcteryx.co.kr/metas/i3V7gA0vwHQIWpOrvXgO9iGyPHb30MmDps9kMJr5.png,,,,의류,https://arcteryx.co.kr/products/category/53,https: > arcteryx.co.kr > products > category > 53,의류,공용,,,,2026-04-19 16:54
ARCTERYX,https://arcteryx.co.kr/products/category/53,https://arcteryx.co.kr/products/view/686058,아크테릭스코리아 : 감마 팬츠 여성,,,,https://public.arcteryx.co.kr/metas/i3V7gA0vwHQIWpOrvXgO9iGyPHb30MmDps9kMJr5.png,,,,의류,https://arcteryx.co.kr/products/category/53,https: > arcteryx.co.kr > products > category > 53,의류,공용,,,,2026-04-19 16:54
ARCTERYX,https://arcteryx.co.kr/products/category/53,https://arcteryx.co.kr/products/view/685714,아크테릭스코리아 : 베타 SL 재킷 여성,,,,https://public.arcteryx.co.kr/metas/i3V7gA0vwHQIWpOrvXgO9iGyPHb30MmDps9kMJr5.png,,,,의류,https://arcteryx.co.kr/products/category/53,https: > arcteryx.co.kr > products > category > 53,의류,공용,,,,2026-04-19 16:54
ARCTERYX,https://arcteryx.co.kr/products/category/53,https://arcteryx.co.kr/products/view/685759,아크테릭스코리아 : 크래그 코튼 리틀 버드 크루 넥 셔츠 SS 여성,,,,https://public.arcteryx.co.kr/metas/i3V7gA0vwHQIWpOrvXgO9iGyPHb30MmDps9kMJr5.png,,,,의류,https://arcteryx.co.kr/products/category/53,https: > arcteryx.co.kr > products > category > 53,의류,공용,,,,2026-04-19 16:54
ARCTERYX,https://arcteryx.co.kr/products/category/53,https://arcteryx.co.kr/products/view/685747,아크테릭스코리아 : 크래그 코튼 버드 크루 넥 셔츠 LS 여성,,,,https://public.arcteryx.co.kr/metas/i3V7gA0vwHQIWpOrvXgO9iGyPHb30MmDps9kMJr5.png,,,,의류,https://arcteryx.co.kr/products/category/53,https: > arcteryx.co.kr > products > category > 53,의류,공용,,,,2026-04-19 16:54
ARCTERYX,https://arcteryx.co.kr/products/category/53,https://arcteryx.co.kr/products/view/686041,아크테릭스코리아 : 감마 MX 스트레이트 레그 팬츠 여성,,,,https://public.arcteryx.co.kr/metas/i3V7gA0vwHQIWpOrvXgO9iGyPHb30MmDps9kMJr5.png,,,,의류,https://arcteryx.co.kr/products/category/53,https: > arcteryx.co.kr > products > category > 53,의류,공용,,,,2026-04-19 16:54
ARCTERYX,https://arcteryx.co.kr/products/category/53,https://arcteryx.co.kr/products/view/686060,아크테릭스코리아 : 감마 테이퍼드 팬츠 여성,,,,https://public.arcteryx.co.kr/metas/i3V7gA0vwHQIWpOrvXgO9iGyPHb30MmDps9kMJr5.png,,,,의류,https://arcteryx.co.kr/products/category/53,https: > arcteryx.co.kr > products > category > 53,의류,공용,,,,2026-04-19 16:54
ARCTERYX,https://arcteryx.co.kr/products/category/53,https://arcteryx.co.kr/products/view/685978,아크테릭스코리아 : 아톰 SV 후디 여성,VITALITY 색상의 로고는 흰색 입니다.,,,https://public.arcteryx.co.kr/metas/i3V7gA0vwHQIWpOrvXgO9iGyPHb30MmDps9kMJr5.png,,,,의류,https://arcteryx.co.kr/products/category/53,https: > arcteryx.co.kr > products > category > 53,의류,공용,,,,2026-04-19 16:54
ARCTERYX,https://arcteryx.co.kr/products/category/53,https://arcteryx.co.kr/products/view/685980,아크테릭스코리아 : 아톰 재킷 여성,,,,https://public.arcteryx.co.kr/metas/i3V7gA0vwHQIWpOrvXgO9iGyPHb30MmDps9kMJr5.png,,,,의류,https://arcteryx.co.kr/products/category/53,https: > arcteryx.co.kr > products > category > 53,의류,공용,,,,2026-04-19 16:54
ARCTERYX,https://arcteryx.co.kr/products/category/53,https://arcteryx.co.kr/products/view/686008,아크테릭스코리아 : 감마 후디 여성,,,,https://public.arcteryx.co.kr/metas/i3V7gA0vwHQIWpOrvXgO9iGyPHb30MmDps9kMJr5.png,,,,의류,https://arcteryx.co.kr/products/category/53,https: > arcteryx.co.kr > products > category > 53,의류,공용,,,,2026-04-19 16:54
ARCTERYX,https://arcteryx.co.kr/products/category/53,https://arcteryx.co.kr/products/view/685965,아크테릭스코리아 : 프로톤 후디 여성,,,,https://public.arcteryx.co.kr/metas/i3V7gA0vwHQIWpOrvXgO9iGyPHb30MmDps9kMJr5.png,,,,의류,https://arcteryx.co.kr/products/category/53,https: > arcteryx.co.kr > products > category > 53,의류,공용,,,,2026-04-19 16:54
ARCTERYX,https://arcteryx.co.kr/products/category/53,https://arcteryx.co.kr/products/view/686123,아크테릭스코리아 : 로 짚 넥 여성,,,,https://public.arcteryx.co.kr/metas/i3V7gA0vwHQIWpOrvXgO9iGyPHb30MmDps9kMJr5.png,,,,의류,https://arcteryx.co.kr/products/category/53,https: > arcteryx.co.kr > products > category > 53,의류,공용,,,,2026-04-19 16:54
ARCTERYX,https://arcteryx.co.kr/products/category/53,https://arcteryx.co.kr/products/view/686121,아크테릭스코리아 : 테마 써멀 크루 넥 셔츠 LS 여성,,,,https://public.arcteryx.co.kr/metas/i3V7gA0vwHQIWpOrvXgO9iGyPHb30MmDps9kMJr5.png,,,,의류,https://arcteryx.co.kr/products/category/53,https: > arcteryx.co.kr > products > category > 53,의류,공용,,,,2026-04-19 16:54
ARCTERYX,https://arcteryx.co.kr/products/category/53,https://arcteryx.co.kr/products/view/686120,아크테릭스코리아 : 테마 써멀 후디 여성,,,,https://public.arcteryx.co.kr/metas/i3V7gA0vwHQIWpOrvXgO9iGyPHb30MmDps9kMJr5.png,,,,의류,https://arcteryx.co.kr/products/category/53,https: > arcteryx.co.kr > products > category > 53,의류,공용,,,,2026-04-19 16:54
ARCTERYX,https://arcteryx.co.kr/products/category/53,https://arcteryx.co.kr/products/view/686119,아크테릭스코리아 : 룰라 T-셔츠 SS 여성,,,,https://public.arcteryx.co.kr/metas/i3V7gA0vwHQIWpOrvXgO9iGyPHb30MmDps9kMJr5.png,,,,의류,https://arcteryx.co.kr/products/category/53,https: > arcteryx.co.kr > products > category > 53,의류,공용,,,,2026-04-19 16:54
ARCTERYX,https://arcteryx.co.kr/products/category/53,https://arcteryx.co.kr/products/view/686108,아크테릭스코리아 : 카이어나이트 베이스레이어 짚 넥 여성,,,,https://public.arcteryx.co.kr/metas/i3V7gA0vwHQIWpOrvXgO9iGyPHb30MmDps9kMJr5.png,,,,의류,https://arcteryx.co.kr/products/category/53,https: > arcteryx.co.kr > products > category > 53,의류,공용,,,,2026-04-19 16:54
ARCTERYX,https://arcteryx.co.kr/products/category/53,https://arcteryx.co.kr/products/view/686106,아크테릭스코리아 : 카이어나이트 베이스레이어 크루 넥 여성,,,,https://public.arcteryx.co.kr/metas/i3V7gA0vwHQIWpOrvXgO9iGyPHb30MmDps9kMJr5.png,,,,의류,https://arcteryx.co.kr/products/category/53,https: > arcteryx.co.kr > products > category > 53,의류,공용,,,,2026-04-19 16:54
ARCTERYX,https://arcteryx.co.kr/products/category/53,https://arcteryx.co.kr/products/view/686103,아크테릭스코리아 : 사토로 메리노 울 크루 넥 LS 여성,,,,https://public.arcteryx.co.kr/metas/i3V7gA0vwHQIWpOrvXgO9iGyPHb30MmDps9kMJr5.png,,,,의류,https://arcteryx.co.kr/products/category/53,https: > arcteryx.co.kr > products > category > 53,의류,공용,,,,2026-04-19 16:54
ARCTERYX,https://arcteryx.co.kr/products/category/53,https://arcteryx.co.kr/products/view/686105,아크테릭스코리아 : 사토로 SL 메리노 울 크루 넥 LS 여성,,,,https://public.arcteryx.co.kr/metas/i3V7gA0vwHQIWpOrvXgO9iGyPHb30MmDps9kMJr5.png,,,,의류,https://arcteryx.co.kr/products/category/53,https: > arcteryx.co.kr > products > category > 53,의류,공용,,,,2026-04-19 16:54
ARCTERYX,https://arcteryx.co.kr/products/category/53,https://arcteryx.co.kr/products/view/686102,아크테릭스코리아 : 로 크루 넥 LS 여성,,,,https://public.arcteryx.co.kr/metas/i3V7gA0vwHQIWpOrvXgO9iGyPHb30MmDps9kMJr5.png,,,,의류,https://arcteryx.co.kr/products/category/53,https: > arcteryx.co.kr > products > category > 53,의류,공용,,,,2026-04-19 16:54
ARCTERYX,https://arcteryx.co.kr/products/category/53,https://arcteryx.co.kr/products/view/686096,아크테릭스코리아 : 테마 크루 넥 셔츠 LS 여성,,,,https://public.arcteryx.co.kr/metas/i3V7gA0vwHQIWpOrvXgO9iGyPHb30MmDps9kMJr5.png,,,,의류,https://arcteryx.co.kr/products/category/53,https: > arcteryx.co.kr > products > category > 53,의류,공용,,,,2026-04-19 16:54
ARCTERYX,https://arcteryx.co.kr/products/category/53,https://arcteryx.co.kr/products/view/686061,아크테릭스코리아 : 니아 팬츠 여성,,,,https://public.arcteryx.co.kr/metas/i3V7gA0vwHQIWpOrvXgO9iGyPHb30MmDps9kMJr5.png,,,,의류,https://arcteryx.co.kr/products/category/53,https: > arcteryx.co.kr > products > category > 53,의류,공용,,,,2026-04-19 16:54
ARCTERYX,https://arcteryx.co.kr/products/category/53,https://arcteryx.co.kr/products/view/686124,아크테릭스코리아 : 커버트 1/2 짚 넥 여성,,,,https://public.arcteryx.co.kr/metas/i3V7gA0vwHQIWpOrvXgO9iGyPHb30MmDps9kMJr5.png,,,,의류,https://arcteryx.co.kr/products/category/53,https: > arcteryx.co.kr > products > category > 53,의류,공용,,,,2026-04-19 16:54
ARCTERYX,https://arcteryx.co.kr/products/category/53,https://arcteryx.co.kr/products/view/686113,아크테릭스코리아 : 엠블럼 플리스 후디 여성,,,,https://public.arcteryx.co.kr/metas/i3V7gA0vwHQIWpOrvXgO9iGyPHb30MmDps9kMJr5.png,,,,의류,https://arcteryx.co.kr/products/category/53,https: > arcteryx.co.kr > products > category > 53,의류,공용,,,,2026-04-19 16:54
ARCTERYX,https://arcteryx.co.kr/products/category/53,https://arcteryx.co.kr/products/view/686110,아크테릭스코리아 : 아에스타스 풀오버 후디 여성,,,,https://public.arcteryx.co.kr/metas/i3V7gA0vwHQIWpOrvXgO9iGyPHb30MmDps9kMJr5.png,,,,의류,https://arcteryx.co.kr/products/category/53,https: > arcteryx.co.kr > products > category > 53,의류,공용,,,,2026-04-19 16:54
ARCTERYX,https://arcteryx.co.kr/products/category/53,https://arcteryx.co.kr/products/view/686109,아크테릭스코리아 : 엠블럼 플리스 크루 넥 풀오버 여성,,,,https://public.arcteryx.co.kr/metas/i3V7gA0vwHQIWpOrvXgO9iGyPHb30MmDps9kMJr5.png,,,,의류,https://arcteryx.co.kr/products/category/53,https: > arcteryx.co.kr > products > category > 53,의류,공용,,,,2026-04-19 16:54
ARCTERYX,https://arcteryx.co.kr/products/category/53,https://arcteryx.co.kr/products/view/686107,아크테릭스코리아 : 아에스타스 크루 넥 풀오버 여성,,,,https://public.arcteryx.co.kr/metas/i3V7gA0vwHQIWpOrvXgO9iGyPHb30MmDps9kMJr5.png,,,,의류,https://arcteryx.co.kr/products/category/53,https: > arcteryx.co.kr > products > category > 53,의류,공용,,,,2026-04-19 16:54
ARCTERYX,https://arcteryx.co.kr/products/category/53,https://arcteryx.co.kr/products/view/686099,아크테릭스코리아 : 핼럼 메리노 울 후디 여성,,,,https://public.arcteryx.co.kr/metas/i3V7gA0vwHQIWpOrvXgO9iGyPHb30MmDps9kMJr5.png,,,,의류,https://arcteryx.co.kr/products/category/53,https: > arcteryx.co.kr > products > category > 53,의류,공용,,,,2026-04-19 16:54
ARCTERYX,https://arcteryx.co.kr/products/category/53,https://arcteryx.co.kr/products/view/686098,아크테릭스코리아 : 로 짚 넥 프린트 여성,,,,https://public.arcteryx.co.kr/metas/i3V7gA0vwHQIWpOrvXgO9iGyPHb30MmDps9kMJr5.png,,,,의류,https://arcteryx.co.kr/products/category/53,https: > arcteryx.co.kr > products > category > 53,의류,공용,,,,2026-04-19 16:54
ARCTERYX,https://arcteryx.co.kr/products/category/53,https://arcteryx.co.kr/products/view/686064,아크테릭스코리아 : 로 바텀 여성,,,,https://public.arcteryx.co.kr/metas/i3V7gA0vwHQIWpOrvXgO9iGyPHb30MmDps9kMJr5.png,,,,의류,https://arcteryx.co.kr/products/category/53,https: > arcteryx.co.kr > products > category > 53,의류,공용,,,,2026-04-19 16:54
ARCTERYX,https://arcteryx.co.kr/products/category/53,https://arcteryx.co.kr/products/view/686097,아크테릭스코리아 : 로 후디 여성,,,,https://public.arcteryx.co.kr/metas/i3V7gA0vwHQIWpOrvXgO9iGyPHb30MmDps9kMJr5.png,,,,의류,https://arcteryx.co.kr/products/category/53,https: > arcteryx.co.kr > products > category > 53,의류,공용,,,,2026-04-19 16:54
ARCTERYX,https://arcteryx.co.kr/products/category/53,https://arcteryx.co.kr/products/view/686047,아크테릭스코리아 : 베타 팬츠 여성,,,,https://public.arcteryx.co.kr/metas/i3V7gA0vwHQIWpOrvXgO9iGyPHb30MmDps9kMJr5.png,,,,의류,https://arcteryx.co.kr/products/category/53,https: > arcteryx.co.kr > products > category > 53,의류,공용,,,,2026-04-19 16:54
ARCTERYX,https://arcteryx.co.kr/products/category/53,https://arcteryx.co.kr/products/view/686043,아크테릭스코리아 : 카이어나이트 베이스레이어 바텀 여성,,,,https://public.arcteryx.co.kr/metas/i3V7gA0vwHQIWpOrvXgO9iGyPHb30MmDps9kMJr5.png,,,,의류,https://arcteryx.co.kr/products/category/53,https: > arcteryx.co.kr > products > category > 53,의류,공용,,,,2026-04-19 16:54
ARCTERYX,https://arcteryx.co.kr/products/category/53,https://arcteryx.co.kr/products/view/686056,아크테릭스코리아 : 핸툰 팬츠 여성,,,,https://public.arcteryx.co.kr/metas/i3V7gA0vwHQIWpOrvXgO9iGyPHb30MmDps9kMJr5.png,,,,의류,https://arcteryx.co.kr/products/category/53,https: > arcteryx.co.kr > products > category > 53,의류,공용,,,,2026-04-19 16:54
ARCTERYX,https://arcteryx.co.kr/products/category/53,https://arcteryx.co.kr/products/view/686040,아크테릭스코리아 : 로 하이브리드 인슐레이티드 바텀 여성,,,,https://public.arcteryx.co.kr/metas/i3V7gA0vwHQIWpOrvXgO9iGyPHb30MmDps9kMJr5.png,,,,의류,https://arcteryx.co.kr/products/category/53,https: > arcteryx.co.kr > products > category > 53,의류,공용,,,,2026-04-19 16:54
ARCTERYX,https://arcteryx.co.kr/products/category/53,https://arcteryx.co.kr/products/view/686003,아크테릭스코리아 : 세륨 후디 여성,,,,https://public.arcteryx.co.kr/metas/i3V7gA0vwHQIWpOrvXgO9iGyPHb30MmDps9kMJr5.png,,,,의류,https://arcteryx.co.kr/products/category/53,https: > arcteryx.co.kr > products > category > 53,의류,공용,,,,2026-04-19 16:54
ARCTERYX,https://arcteryx.co.kr/products/category/53,https://arcteryx.co.kr/products/view/686037,아크테릭스코리아 : 로 바텀 프린트 여성,,,,https://public.arcteryx.co.kr/metas/i3V7gA0vwHQIWpOrvXgO9iGyPHb30MmDps9kMJr5.png,,,,의류,https://arcteryx.co.kr/products/category/53,https: > arcteryx.co.kr > products > category > 53,의류,공용,,,,2026-04-19 16:54
ARCTERYX,https://arcteryx.co.kr/products/category/53,https://arcteryx.co.kr/products/view/685966,아크테릭스코리아 : 아톰 후디 여성,,,,https://public.arcteryx.co.kr/metas/i3V7gA0vwHQIWpOrvXgO9iGyPHb30MmDps9kMJr5.png,,,,의류,https://arcteryx.co.kr/products/category/53,https: > arcteryx.co.kr > products > category > 53,의류,공용,,,,2026-04-19 16:54
ARCTERYX,https://arcteryx.co.kr/products/category/53,https://arcteryx.co.kr/products/view/685964,아크테릭스코리아 : 카이어나이트 후디 여성,,,,https://public.arcteryx.co.kr/metas/i3V7gA0vwHQIWpOrvXgO9iGyPHb30MmDps9kMJr5.png,,,,의류,https://arcteryx.co.kr/products/category/53,https: > arcteryx.co.kr > products > category > 53,의류,공용,,,,2026-04-19 16:54
ARCTERYX,https://arcteryx.co.kr/products/category/53,https://arcteryx.co.kr/products/view/685963,아크테릭스코리아 : 세륨 미드 코트 여성,,,,https://public.arcteryx.co.kr/metas/i3V7gA0vwHQIWpOrvXgO9iGyPHb30MmDps9kMJr5.png,,,,의류,https://arcteryx.co.kr/products/category/53,https: > arcteryx.co.kr > products > category > 53,의류,공용,,,,2026-04-19 16:54
ARCTERYX,https://arcteryx.co.kr/products/category/53,https://arcteryx.co.kr/products/view/685996,아크테릭스코리아 : 센티넬 재킷 여성,,,,https://public.arcteryx.co.kr/metas/i3V7gA0vwHQIWpOrvXgO9iGyPHb30MmDps9kMJr5.png,,,,의류,https://arcteryx.co.kr/products/category/53,https: > arcteryx.co.kr > products > category > 53,의류,공용,,,,2026-04-19 16:54
ARCTERYX,https://arcteryx.co.kr/products/category/53,https://arcteryx.co.kr/products/view/685993,아크테릭스코리아 : 일렉 SV 1/2 짚 넥 여성,,,,https://public.arcteryx.co.kr/metas/i3V7gA0vwHQIWpOrvXgO9iGyPHb30MmDps9kMJr5.png,,,,의류,https://arcteryx.co.kr/products/category/53,https: > arcteryx.co.kr > products > category > 53,의류,공용,,,,2026-04-19 16:54
ARCTERYX,https://arcteryx.co.kr/products/category/53,https://arcteryx.co.kr/products/view/685987,아크테릭스코리아 : 센티넬 재킷 프린트 여성,,,,https://public.arcteryx.co.kr/metas/i3V7gA0vwHQIWpOrvXgO9iGyPHb30MmDps9kMJr5.png,,,,의류,https://arcteryx.co.kr/products/category/53,https: > arcteryx.co.kr > products > category > 53,의류,공용,,,,2026-04-19 16:54
ARCTERYX,https://arcteryx.co.kr/products/category/53,https://arcteryx.co.kr/products/view/685992,아크테릭스코리아 : 안데사 다운 미드 재킷,,,,https://public.arcteryx.co.kr/metas/i3V7gA0vwHQIWpOrvXgO9iGyPHb30MmDps9kMJr5.png,,,,의류,https://arcteryx.co.kr/products/category/53,https: > arcteryx.co.kr > products > category > 53,의류,공용,,,,2026-04-19 16:54
ARCTERYX,https://arcteryx.co.kr/products/category/53,https://arcteryx.co.kr/products/view/685991,아크테릭스코리아 : 패트라 파카 여성,,,,https://public.arcteryx.co.kr/metas/i3V7gA0vwHQIWpOrvXgO9iGyPHb30MmDps9kMJr5.png,,,,의류,https://arcteryx.co.kr/products/category/53,https: > arcteryx.co.kr > products > category > 53,의류,공용,,,,2026-04-19 16:54
ARCTERYX,https://arcteryx.co.kr/products/category/53,https://arcteryx.co.kr/products/view/686054,아크테릭스코리아 : 안데사 인슐레이티드 팬츠 여성,,,,https://public.arcteryx.co.kr/metas/i3V7gA0vwHQIWpOrvXgO9iGyPHb30MmDps9kMJr5.png,,,,의류,https://arcteryx.co.kr/products/category/53,https: > arcteryx.co.kr > products > category > 53,의류,공용,,,,2026-04-19 16:54
ARCTERYX,https://arcteryx.co.kr/products/category/53,https://arcteryx.co.kr/products/view/685998,아크테릭스코리아 : 솔라노 인슐레이티드 후디 여성,,,,https://public.arcteryx.co.kr/metas/i3V7gA0vwHQIWpOrvXgO9iGyPHb30MmDps9kMJr5.png,,,,의류,https://arcteryx.co.kr/products/category/53,https: > arcteryx.co.kr > products > category > 53,의류,공용,,,,2026-04-19 16:54
ARCTERYX,https://arcteryx.co.kr/products/category/53,https://arcteryx.co.kr/products/view/686149,아크테릭스코리아 : 컨듀잇 다운 재킷 여성,,,,https://public.arcteryx.co.kr/metas/i3V7gA0vwHQIWpOrvXgO9iGyPHb30MmDps9kMJr5.png,,,,의류,https://arcteryx.co.kr/products/category/53,https: > arcteryx.co.kr > products > category > 53,의류,공용,,,,2026-04-19 16:54
ARCTERYX,https://arcteryx.co.kr/products/category/53,https://arcteryx.co.kr/products/view/686148,아크테릭스코리아 : 데카 다운 파카 여성,,,,https://public.arcteryx.co.kr/metas/i3V7gA0vwHQIWpOrvXgO9iGyPHb30MmDps9kMJr5.png,,,,의류,https://arcteryx.co.kr/products/category/53,https: > arcteryx.co.kr > products > category > 53,의류,공용,,,,2026-04-19 16:54
ARCTERYX,https://arcteryx.co.kr/products/category/53,https://arcteryx.co.kr/products/view/686147,아크테릭스코리아 : 데카 다운 봄버 여성,,,,https://public.arcteryx.co.kr/metas/i3V7gA0vwHQIWpOrvXgO9iGyPHb30MmDps9kMJr5.png,,,,의류,https://arcteryx.co.kr/products/category/53,https: > arcteryx.co.kr > products > category > 53,의류,공용,,,,2026-04-19 16:54
ARCTERYX,https://arcteryx.co.kr/products/category/53,https://arcteryx.co.kr/products/view/685180,아크테릭스코리아 : 베타 재킷 여성,,,,https://public.arcteryx.co.kr/metas/i3V7gA0vwHQIWpOrvXgO9iGyPHb30MmDps9kMJr5.png,,,,의류,https://arcteryx.co.kr/products/category/53,https: > arcteryx.co.kr > products > category > 53,의류,공용,,,,2026-04-19 16:54
ARCTERYX,https://arcteryx.co.kr/products/category/53,https://arcteryx.co.kr/products/view/685197,아크테릭스코리아 : 베타 SL 재킷 여성,,,,https://public.arcteryx.co.kr/metas/i3V7gA0vwHQIWpOrvXgO9iGyPHb30MmDps9kMJr5.png,,,,의류,https://arcteryx.co.kr/products/category/53,https: > arcteryx.co.kr > products > category > 53,의류,공용,,,,2026-04-19 16:54
ARCTERYX,https://arcteryx.co.kr/products/category/53,https://arcteryx.co.kr/products/view/685172,아크테릭스코리아 : 알파 SV 재킷 여성,,,,https://public.arcteryx.co.kr/metas/i3V7gA0vwHQIWpOrvXgO9iGyPHb30MmDps9kMJr5.png,,,,의류,https://arcteryx.co.kr/products/category/53,https: > arcteryx.co.kr > products > category > 53,의류,공용,,,,2026-04-19 16:54
ARCTERYX,https://arcteryx.co.kr/products/category/53,https://arcteryx.co.kr/products/view/685164,아크테릭스코리아 : 베타 AR 재킷 여성,,,,https://public.arcteryx.co.kr/metas/i3V7gA0vwHQIWpOrvXgO9iGyPHb30MmDps9kMJr5.png,,,,의류,https://arcteryx.co.kr/products/category/53,https: > arcteryx.co.kr > products > category > 53,의류,공용,,,,2026-04-19 16:54
ARCTERYX,https://arcteryx.co.kr/products/category/53,https://arcteryx.co.kr/products/view/685349,아크테릭스코리아 : 크래그 SL 코튼 블러드 버드 크루 셔츠 SS 여성,,,,https://public.arcteryx.co.kr/metas/i3V7gA0vwHQIWpOrvXgO9iGyPHb30MmDps9kMJr5.png,,,,의류,https://arcteryx.co.kr/products/category/53,https: > arcteryx.co.kr > products > category > 53,의류,공용,,,,2026-04-19 16:54
ARCTERYX,https://arcteryx.co.kr/products/category/53,https://arcteryx.co.kr/products/view/685344,아크테릭스코리아 : 라나 메리노울 크루 셔츠 SS 여성,,,,https://public.arcteryx.co.kr/metas/i3V7gA0vwHQIWpOrvXgO9iGyPHb30MmDps9kMJr5.png,,,,의류,https://arcteryx.co.kr/products/category/53,https: > arcteryx.co.kr > products > category > 53,의류,공용,,,,2026-04-19 16:54
ARCTERYX,https://arcteryx.co.kr/products/category/53,https://arcteryx.co.kr/products/view/685271,아크테릭스코리아 : 감마 SL 팬츠 여성,,,,https://public.arcteryx.co.kr/metas/i3V7gA0vwHQIWpOrvXgO9iGyPHb30MmDps9kMJr5.png,,,,의류,https://arcteryx.co.kr/products/category/53,https: > arcteryx.co.kr > products > category > 53,의류,공용,,,,2026-04-19 16:54
ARCTERYX,https://arcteryx.co.kr/products/category/53,https://arcteryx.co.kr/products/view/685262,아크테릭스코리아 : 감마 유틸리티 팬츠 여성,,,,https://public.arcteryx.co.kr/metas/i3V7gA0vwHQIWpOrvXgO9iGyPHb30MmDps9kMJr5.png,,,,의류,https://arcteryx.co.kr/products/category/53,https: > arcteryx.co.kr > products > category > 53,의류,공용,,,,2026-04-19 16:54
ARCTERYX,https://arcteryx.co.kr/products/category/53,https://arcteryx.co.kr/products/view/685260,"아크테릭스코리아 : 감마 쇼츠 9"" 여성",,,,https://public.arcteryx.co.kr/metas/i3V7gA0vwHQIWpOrvXgO9iGyPHb30MmDps9kMJr5.png,,,,의류,https://arcteryx.co.kr/products/category/53,https: > arcteryx.co.kr > products > category > 53,의류,공용,,,,2026-04-19 16:54
ARCTERYX,https://arcteryx.co.kr/products/category/53,https://arcteryx.co.kr/products/view/685257,아크테릭스코리아 : 감마 테이퍼드 팬츠 여성,,,,https://public.arcteryx.co.kr/metas/i3V7gA0vwHQIWpOrvXgO9iGyPHb30MmDps9kMJr5.png,,,,의류,https://arcteryx.co.kr/products/category/53,https: > arcteryx.co.kr > products > category > 53,의류,공용,,,,2026-04-19 16:54
ARCTERYX,https://arcteryx.co.kr/products/category/53,https://arcteryx.co.kr/products/view/685268,"아크테릭스코리아 : 엣센트 하이라이즈 유틸리티 쇼츠 8"" 여성",,,,https://public.arcteryx.co.kr/metas/i3V7gA0vwHQIWpOrvXgO9iGyPHb30MmDps9kMJr5.png,,,,의류,https://arcteryx.co.kr/products/category/53,https: > arcteryx.co.kr > products > category > 53,의류,공용,,,,2026-04-19 16:54
ARCTERYX,https://arcteryx.co.kr/products/category/53,https://arcteryx.co.kr/products/view/685341,아크테릭스코리아 : 아에스타스 크루 넥 풀오버 여성,,,,https://public.arcteryx.co.kr/metas/i3V7gA0vwHQIWpOrvXgO9iGyPHb30MmDps9kMJr5.png,,,,의류,https://arcteryx.co.kr/products/category/53,https: > arcteryx.co.kr > products > category > 53,의류,공용,,,,2026-04-19 16:54
ARCTERYX,https://arcteryx.co.kr/products/category/53,https://arcteryx.co.kr/products/view/685161,아크테릭스코리아 : 오지 인슐레이티드 재킷,• 1인(계정ID 당) 동일 상품 1개 구매 할 수 있습니다. • 아크테릭스 회원 가입 고객에 한하여 구매 가능합니다.,,,https://public.arcteryx.co.kr/metas/i3V7gA0vwHQIWpOrvXgO9iGyPHb30MmDps9kMJr5.png,,,,의류,https://arcteryx.co.kr/products/category/53,https: > arcteryx.co.kr > products > category > 53,의류,공용,,,,2026-04-19 16:54
ARCTERYX,https://arcteryx.co.kr/products/category/53,https://arcteryx.co.kr/products/view/685325,아크테릭스코리아 : 노반 탱크 여성,,,,https://public.arcteryx.co.kr/metas/i3V7gA0vwHQIWpOrvXgO9iGyPHb30MmDps9kMJr5.png,,,,의류,https://arcteryx.co.kr/products/category/53,https: > arcteryx.co.kr > products > category > 53,의류,공용,,,,2026-04-19 16:54
ARCTERYX,https://arcteryx.co.kr/products/category/53,https://arcteryx.co.kr/products/view/685266,아크테릭스코리아 : 사이펀 팬츠 여성,,,,https://public.arcteryx.co.kr/metas/i3V7gA0vwHQIWpOrvXgO9iGyPHb30MmDps9kMJr5.png,,,,의류,https://arcteryx.co.kr/products/category/53,https: > arcteryx.co.kr > products > category > 53,의류,공용,,,,2026-04-19 16:54
ARCTERYX,https://arcteryx.co.kr/products/category/53,https://arcteryx.co.kr/products/view/685187,아크테릭스코리아 : 리아트리스 재킷 여성,,,,https://public.arcteryx.co.kr/metas/i3V7gA0vwHQIWpOrvXgO9iGyPHb30MmDps9kMJr5.png,,,,의류,https://arcteryx.co.kr/products/category/53,https: > arcteryx.co.kr > products > category > 53,의류,공용,,,,2026-04-19 16:54
ARCTERYX,https://arcteryx.co.kr/products/category/53,https://arcteryx.co.kr/products/view/685179,아크테릭스코리아 : 베타 코트 여성,,,,https://public.arcteryx.co.kr/metas/i3V7gA0vwHQIWpOrvXgO9iGyPHb30MmDps9kMJr5.png,,,,의류,https://arcteryx.co.kr/products/category/53,https: > arcteryx.co.kr > products > category > 53,의류,공용,,,,2026-04-19 16:54
ARCTERYX,https://arcteryx.co.kr/products/category/53,https://arcteryx.co.kr/products/view/685171,아크테릭스코리아 : 노딘 재킷 여성,,,,https://public.arcteryx.co.kr/metas/i3V7gA0vwHQIWpOrvXgO9iGyPHb30MmDps9kMJr5.png,,,,의류,https://arcteryx.co.kr/products/category/53,https: > arcteryx.co.kr > products > category > 53,의류,공용,,,,2026-04-19 16:54
ARCTERYX,https://arcteryx.co.kr/products/category/53,https://arcteryx.co.kr/products/view/685163,아크테릭스코리아 : 알파 라이트웨이트 아노락 여성,,,,https://public.arcteryx.co.kr/metas/i3V7gA0vwHQIWpOrvXgO9iGyPHb30MmDps9kMJr5.png,,,,의류,https://arcteryx.co.kr/products/category/53,https: > arcteryx.co.kr > products > category > 53,의류,공용,,,,2026-04-19 16:54
ARCTERYX,https://arcteryx.co.kr/products/category/53,https://arcteryx.co.kr/products/view/684964,아크테릭스코리아 : 알파 라이트웨이트 파카 여성,,,,https://public.arcteryx.co.kr/metas/i3V7gA0vwHQIWpOrvXgO9iGyPHb30MmDps9kMJr5.png,,,,의류,https://arcteryx.co.kr/products/category/53,https: > arcteryx.co.kr > products > category > 53,의류,공용,,,,2026-04-19 16:54
ARCTERYX,https://arcteryx.co.kr/products/category/53,https://arcteryx.co.kr/products/view/684962,아크테릭스코리아 : 러쉬 인슐레이티드 재킷 여성,,,,https://public.arcteryx.co.kr/metas/i3V7gA0vwHQIWpOrvXgO9iGyPHb30MmDps9kMJr5.png,,,,의류,https://arcteryx.co.kr/products/category/53,https: > arcteryx.co.kr > products > category > 53,의류,공용,,,,2026-04-19 16:54
ARCTERYX,https://arcteryx.co.kr/products/category/53,https://arcteryx.co.kr/products/view/685346,아크테릭스코리아 : 시마 셔츠 LS 여성,,,,https://public.arcteryx.co.kr/metas/i3V7gA0vwHQIWpOrvXgO9iGyPHb30MmDps9kMJr5.png,,,,의류,https://arcteryx.co.kr/products/category/53,https: > arcteryx.co.kr > products > category > 53,의류,공용,,,,2026-04-19 16:54
ARCTERYX,https://arcteryx.co.kr/products/category/53,https://arcteryx.co.kr/products/view/685347,아크테릭스코리아 : 시마 셔츠 SS 여성,,,,https://public.arcteryx.co.kr/metas/i3V7gA0vwHQIWpOrvXgO9iGyPHb30MmDps9kMJr5.png,,,,의류,https://arcteryx.co.kr/products/category/53,https: > arcteryx.co.kr > products > category > 53,의류,공용,,,,2026-04-19 16:54
ARCTERYX,https://arcteryx.co.kr/products/category/53,https://arcteryx.co.kr/products/view/685332,아크테릭스코리아 : 테마 크루 넥 셔츠 SS 여성,,,,https://public.arcteryx.co.kr/metas/i3V7gA0vwHQIWpOrvXgO9iGyPHb30MmDps9kMJr5.png,,,,의류,https://arcteryx.co.kr/products/category/53,https: > arcteryx.co.kr > products > category > 53,의류,공용,,,,2026-04-19 16:54
ARCTERYX,https://arcteryx.co.kr/products/category/53,https://arcteryx.co.kr/products/view/685326,아크테릭스코리아 : 노반 크루 넥 셔츠 SS 여성,,,,https://public.arcteryx.co.kr/metas/i3V7gA0vwHQIWpOrvXgO9iGyPHb30MmDps9kMJr5.png,,,,의류,https://arcteryx.co.kr/products/category/53,https: > arcteryx.co.kr > products > category > 53,의류,공용,,,,2026-04-19 16:54
ARCTERYX,https://arcteryx.co.kr/products/category/53,https://arcteryx.co.kr/products/view/685264,아크테릭스코리아 : 엣셋트 하이라이즈 유틸리티 레깅스 26인치 여성,,,,https://public.arcteryx.co.kr/metas/i3V7gA0vwHQIWpOrvXgO9iGyPHb30MmDps9kMJr5.png,,,,의류,https://arcteryx.co.kr/products/category/53,https: > arcteryx.co.kr > products > category > 53,의류,공용,,,,2026-04-19 16:54
ARCTERYX,https://arcteryx.co.kr/products/category/53,https://arcteryx.co.kr/products/view/685258,"아크테릭스코리아 : 아에스타스 쇼츠 5.5"" 여성",,,,https://public.arcteryx.co.kr/metas/i3V7gA0vwHQIWpOrvXgO9iGyPHb30MmDps9kMJr5.png,,,,의류,https://arcteryx.co.kr/products/category/53,https: > arcteryx.co.kr > products > category > 53,의류,공용,,,,2026-04-19 16:54
ARCTERYX,https://arcteryx.co.kr/products/category/53,https://arcteryx.co.kr/products/view/685253,"아크테릭스코리아 : 노반 쇼츠 3"" 여성",,,,https://public.arcteryx.co.kr/metas/i3V7gA0vwHQIWpOrvXgO9iGyPHb30MmDps9kMJr5.png,,,,의류,https://arcteryx.co.kr/products/category/53,https: > arcteryx.co.kr > products > category > 53,의류,공용,,,,2026-04-19 16:54
ARCTERYX,https://arcteryx.co.kr/products/category/53,https://arcteryx.co.kr/products/view/685411,아크테릭스코리아 : 다이엔 셔츠 LS 여성,,,,https://public.arcteryx.co.kr/metas/i3V7gA0vwHQIWpOrvXgO9iGyPHb30MmDps9kMJr5.png,,,,의류,https://arcteryx.co.kr/products/category/53,https: > arcteryx.co.kr > products > category > 53,의류,공용,,,,2026-04-19 16:54
ARCTERYX,https://arcteryx.co.kr/products/category/53,https://arcteryx.co.kr/products/view/685387,아크테릭스코리아 : 애셋 에어쉘 재킷 여성,,,,https://public.arcteryx.co.kr/metas/i3V7gA0vwHQIWpOrvXgO9iGyPHb30MmDps9kMJr5.png,,,,의류,https://arcteryx.co.kr/products/category/53,https: > arcteryx.co.kr > products > category > 53,의류,공용,,,,2026-04-19 16:54
ARCTERYX,https://arcteryx.co.kr/products/category/53,https://arcteryx.co.kr/products/view/685410,아크테릭스코리아 : 프레임 셔츠 SS 여성,,,,https://public.arcteryx.co.kr/metas/i3V7gA0vwHQIWpOrvXgO9iGyPHb30MmDps9kMJr5.png,,,,의류,https://arcteryx.co.kr/products/category/53,https: > arcteryx.co.kr > products > category > 53,의류,공용,,,,2026-04-19 16:54
ARCTERYX,https://arcteryx.co.kr/products/category/53,https://arcteryx.co.kr/products/view/685384,아크테릭스코리아 : 아세트 SL 재킷 여성,,,,https://public.arcteryx.co.kr/metas/i3V7gA0vwHQIWpOrvXgO9iGyPHb30MmDps9kMJr5.png,,,,의류,https://arcteryx.co.kr/products/category/53,https: > arcteryx.co.kr > products > category > 53,의류,공용,,,,2026-04-19 16:54
ARCTERYX,https://arcteryx.co.kr/products/category/53,https://arcteryx.co.kr/products/view/685401,아크테릭스코리아 : 디아스 팬츠 여성,,,,https://public.arcteryx.co.kr/metas/i3V7gA0vwHQIWpOrvXgO9iGyPHb30MmDps9kMJr5.png,,,,의류,https://arcteryx.co.kr/products/category/53,https: > arcteryx.co.kr > products > category > 53,의류,공용,,,,2026-04-19 16:54
ARCTERYX,https://arcteryx.co.kr/products/category/53,https://arcteryx.co.kr/products/view/685400,아크테릭스코리아 : 벨프리 팬츠 여성,,,,https://public.arcteryx.co.kr/metas/i3V7gA0vwHQIWpOrvXgO9iGyPHb30MmDps9kMJr5.png,,,,의류,https://arcteryx.co.kr/products/category/53,https: > arcteryx.co.kr > products > category > 53,의류,공용,,,,2026-04-19 16:54
ARCTERYX,https://arcteryx.co.kr/products/category/53,https://arcteryx.co.kr/products/view/684812,아크테릭스코리아 : 센티넬 팬츠 여성,,,,https://public.arcteryx.co.kr/metas/i3V7gA0vwHQIWpOrvXgO9iGyPHb30MmDps9kMJr5.png,,,,의류,https://arcteryx.co.kr/products/category/53,https: > arcteryx.co.kr > products > category > 53,의류,공용,,,,2026-04-19 16:54
ARCTERYX,https://arcteryx.co.kr/products/category/53,https://arcteryx.co.kr/products/view/684657,아크테릭스코리아 : 컨듀잇 다운 파카 여성,,,,https://public.arcteryx.co.kr/metas/i3V7gA0vwHQIWpOrvXgO9iGyPHb30MmDps9kMJr5.png,,,,의류,https://arcteryx.co.kr/products/category/53,https: > arcteryx.co.kr > products > category > 53,의류,공용,,,,2026-04-19 16:54
ARCTERYX,https://arcteryx.co.kr/products/category/53,https://arcteryx.co.kr/products/view/684538,아크테릭스코리아 : 다이엔 셔츠 LS 여성,,,,https://public.arcteryx.co.kr/metas/i3V7gA0vwHQIWpOrvXgO9iGyPHb30MmDps9kMJr5.png,,,,의류,https://arcteryx.co.kr/products/category/53,https: > arcteryx.co.kr > products > category > 53,의류,공용,,,,2026-04-19 16:54
ARCTERYX,https://arcteryx.co.kr/products/category/53,https://arcteryx.co.kr/products/view/684651,아크테릭스코리아 : 컨듀잇 다운 재킷 여성,,,,https://public.arcteryx.co.kr/metas/i3V7gA0vwHQIWpOrvXgO9iGyPHb30MmDps9kMJr5.png,,,,의류,https://arcteryx.co.kr/products/category/53,https: > arcteryx.co.kr > products > category > 53,의류,공용,,,,2026-04-19 16:54
ARCTERYX,https://arcteryx.co.kr/products/category/53,https://arcteryx.co.kr/products/view/682842,"아크테릭스코리아 : 엣센트 하이-라이즈 레깅스 28"" 여성",,,,https://public.arcteryx.co.kr/metas/i3V7gA0vwHQIWpOrvXgO9iGyPHb30MmDps9kMJr5.png,,,,의류,https://arcteryx.co.kr/products/category/53,https: > arcteryx.co.kr > products > category > 53,의류,공용,,,,2026-04-19 16:54
ARCTERYX,https://arcteryx.co.kr/products/category/53,https://arcteryx.co.kr/products/view/682840,아크테릭스코리아 : 엣센트 브라 여성,,,,https://public.arcteryx.co.kr/metas/i3V7gA0vwHQIWpOrvXgO9iGyPHb30MmDps9kMJr5.png,,,,의류,https://arcteryx.co.kr/products/category/53,https: > arcteryx.co.kr > products > category > 53,의류,공용,,,,2026-04-19 16:54
ARCTERYX,https://arcteryx.co.kr/products/category/53,https://arcteryx.co.kr/products/view/682841,"아크테릭스코리아 : 엣센트 하이-라이즈 레깅스 26"" 여성",,,,https://public.arcteryx.co.kr/metas/i3V7gA0vwHQIWpOrvXgO9iGyPHb30MmDps9kMJr5.png,,,,의류,https://arcteryx.co.kr/products/category/53,https: > arcteryx.co.kr > products > category > 53,의류,공용,,,,2026-04-19 16:54
ARCTERYX,https://arcteryx.co.kr/products/category/53,https://arcteryx.co.kr/products/view/682878,아크테릭스코리아 : 소리아 롱 라인 브라 여성,,,,https://public.arcteryx.co.kr/metas/i3V7gA0vwHQIWpOrvXgO9iGyPHb30MmDps9kMJr5.png,,,,의류,https://arcteryx.co.kr/products/category/53,https: > arcteryx.co.kr > products > category > 53,의류,공용,,,,2026-04-19 16:54
ARCTERYX,https://arcteryx.co.kr/products/category/53,https://arcteryx.co.kr/products/view/682908,아크테릭스코리아 : 체사 하이브리드 베스트,· 1인당 1개 수량 구매가 가능합니다. · 초과 주문 시 취소 처리가 될 수 있는 점 양해 부탁 드립니다. · 결제 수단은 신용카드만 사용이 가능합니다. · SYSTEM_A DROP5 컬렉션은 1일 기준 최대 5개까지 구매가 가능합니다.,,,https://public.arcteryx.co.kr/metas/i3V7gA0vwHQIWpOrvXgO9iGyPHb30MmDps9kMJr5.png,,,,의류,https://arcteryx.co.kr/products/category/53,https: > arcteryx.co.kr > products > category > 53,의류,공용,,,,2026-04-19 16:54
ARCTERYX,https://arcteryx.co.kr/products/category/53,https://arcteryx.co.kr/products/view/683293,아크테릭스코리아 : 셀라 팬츠 여성,,,,https://public.arcteryx.co.kr/metas/i3V7gA0vwHQIWpOrvXgO9iGyPHb30MmDps9kMJr5.png,,,,의류,https://arcteryx.co.kr/products/category/53,https: > arcteryx.co.kr > products > category > 53,의류,공용,,,,2026-04-19 16:54
ARCTERYX,https://arcteryx.co.kr/products/category/53,https://arcteryx.co.kr/products/view/686524,아크테릭스코리아 : 솔라노 인슐레이티드 후디 여성,,,,https://public.arcteryx.co.kr/metas/i3V7gA0vwHQIWpOrvXgO9iGyPHb30MmDps9kMJr5.png,,,,의류,https://arcteryx.co.kr/products/category/53,https: > arcteryx.co.kr > products > category > 53,의류,공용,,,,2026-04-19 16:54
ARCTERYX,https://arcteryx.co.kr/products/category/53,https://arcteryx.co.kr/products/view/686101,아크테릭스코리아 : 아크워드 코튼 티셔츠 여성,,,,https://public.arcteryx.co.kr/metas/i3V7gA0vwHQIWpOrvXgO9iGyPHb30MmDps9kMJr5.png,,,,의류,https://arcteryx.co.kr/products/category/53,https: > arcteryx.co.kr > products > category > 53,의류,공용,,,,2026-04-19 16:54
ARCTERYX,https://arcteryx.co.kr/products/category/53,https://arcteryx.co.kr/products/view/686328,아크테릭스코리아 : 클라키아 코튼 와이드 레그 팬츠 여성,,,,https://public.arcteryx.co.kr/metas/i3V7gA0vwHQIWpOrvXgO9iGyPHb30MmDps9kMJr5.png,,,,의류,https://arcteryx.co.kr/products/category/53,https: > arcteryx.co.kr > products > category > 53,의류,공용,,,,2026-04-19 16:54
ARCTERYX,https://arcteryx.co.kr/products/category/53,https://arcteryx.co.kr/products/view/686038,아크테릭스코리아 : 감마 MX 팬츠 여성,,,,https://public.arcteryx.co.kr/metas/i3V7gA0vwHQIWpOrvXgO9iGyPHb30MmDps9kMJr5.png,,,,의류,https://arcteryx.co.kr/products/category/53,https: > arcteryx.co.kr > products > category > 53,의류,공용,,,,2026-04-19 16:54
ARCTERYX,https://arcteryx.co.kr/products/category/53,https://arcteryx.co.kr/products/view/685981,아크테릭스코리아 : 러쉬 재킷 여성,,,,https://public.arcteryx.co.kr/metas/i3V7gA0vwHQIWpOrvXgO9iGyPHb30MmDps9kMJr5.png,,,,의류,https://arcteryx.co.kr/products/category/53,https: > arcteryx.co.kr > products > category > 53,의류,공용,,,,2026-04-19 16:54
ARCTERYX,https://arcteryx.co.kr/products/category/53,https://arcteryx.co.kr/products/view/686055,아크테릭스코리아 : 센티넬 팬츠 프린트 여성,,,,https://public.arcteryx.co.kr/metas/i3V7gA0vwHQIWpOrvXgO9iGyPHb30MmDps9kMJr5.png,,,,의류,https://arcteryx.co.kr/products/category/53,https: > arcteryx.co.kr > products > category > 53,의류,공용,,,,2026-04-19 16:54
ARCTERYX,https://arcteryx.co.kr/products/category/53,https://arcteryx.co.kr/products/view/685337,아크테릭스코리아 : 크래그 코튼 리틀 버드 크루 넥 셔츠 SS 여성,,,,https://public.arcteryx.co.kr/metas/i3V7gA0vwHQIWpOrvXgO9iGyPHb30MmDps9kMJr5.png,,,,의류,https://arcteryx.co.kr/products/category/53,https: > arcteryx.co.kr > products > category > 53,의류,공용,,,,2026-04-19 16:54
ARCTERYX,https://arcteryx.co.kr/products/category/53,https://arcteryx.co.kr/products/view/685331,아크테릭스코리아 : 테마 후디 여성,,,,https://public.arcteryx.co.kr/metas/i3V7gA0vwHQIWpOrvXgO9iGyPHb30MmDps9kMJr5.png,,,,의류,https://arcteryx.co.kr/products/category/53,https: > arcteryx.co.kr > products > category > 53,의류,공용,,,,2026-04-19 16:54
ARCTERYX,https://arcteryx.co.kr/products/category/53,https://arcteryx.co.kr/products/view/684047,아크테릭스코리아 : 이포라 재킷 여성,,,,https://public.arcteryx.co.kr/metas/i3V7gA0vwHQIWpOrvXgO9iGyPHb30MmDps9kMJr5.png,,,,의류,https://arcteryx.co.kr/products/category/53,https: > arcteryx.co.kr > products > category > 53,의류,공용,,,,2026-04-19 16:54
ARCTERYX,https://arcteryx.co.kr/products/category/54,https://arcteryx.co.kr/products/category/53,아크테릭스코리아 : 의류,아크테릭스코리아 의류,,,https://public.arcteryx.co.kr/metas/i3V7gA0vwHQIWpOrvXgO9iGyPHb30MmDps9kMJr5.png,,,,쉘재킷,https://arcteryx.co.kr/products/category/54,https: > arcteryx.co.kr > products > category > 54,쉘재킷,공용,,,,2026-04-19 16:54
ARCTERYX,https://arcteryx.co.kr/products/category/53,https://arcteryx.co.kr/products/view/685330,아크테릭스코리아 : 테마 크루 넥 셔츠 LS 여성,,,,https://public.arcteryx.co.kr/metas/i3V7gA0vwHQIWpOrvXgO9iGyPHb30MmDps9kMJr5.png,,,,의류,https://arcteryx.co.kr/products/category/53,https: > arcteryx.co.kr > products > category > 53,의류,공용,,,,2026-04-19 16:54
ARCTERYX,https://arcteryx.co.kr/products/category/61,https://arcteryx.co.kr/products/view/686432,아크테릭스코리아 : 맨티스 26 백팩,,,,https://public.arcteryx.co.kr/metas/i3V7gA0vwHQIWpOrvXgO9iGyPHb30MmDps9kMJr5.png,,,,배낭,https://arcteryx.co.kr/products/category/61,https: > arcteryx.co.kr > products > category > 61,배낭,공용,,,,2026-04-19 16:54
ARCTERYX,https://arcteryx.co.kr/products/category/61,https://arcteryx.co.kr/products/view/686183,아크테릭스코리아 : 헬리아드 크로스바디 백,,,,https://public.arcteryx.co.kr/metas/i3V7gA0vwHQIWpOrvXgO9iGyPHb30MmDps9kMJr5.png,,,,배낭,https://arcteryx.co.kr/products/category/61,https: > arcteryx.co.kr > products > category > 61,배낭,공용,,,,2026-04-19 16:54
ARCTERYX,https://arcteryx.co.kr/products/category/61,https://arcteryx.co.kr/products/view/686451,아크테릭스코리아 : 노반 7 베스트 여성,,,,https://public.arcteryx.co.kr/metas/i3V7gA0vwHQIWpOrvXgO9iGyPHb30MmDps9kMJr5.png,,,,배낭,https://arcteryx.co.kr/products/category/61,https: > arcteryx.co.kr > products > category > 61,배낭,공용,,,,2026-04-19 16:54
ARCTERYX,https://arcteryx.co.kr/products/category/61,https://arcteryx.co.kr/products/view/686491,아크테릭스코리아 : 알파 FL 30 백팩,,,,https://public.arcteryx.co.kr/metas/i3V7gA0vwHQIWpOrvXgO9iGyPHb30MmDps9kMJr5.png,,,,배낭,https://arcteryx.co.kr/products/category/61,https: > arcteryx.co.kr > products > category > 61,배낭,공용,,,,2026-04-19 16:54
ARCTERYX,https://arcteryx.co.kr/products/category/61,https://arcteryx.co.kr/products/view/686520,아크테릭스코리아 : 알파 FL 20 백팩,,,,https://public.arcteryx.co.kr/metas/i3V7gA0vwHQIWpOrvXgO9iGyPHb30MmDps9kMJr5.png,,,,배낭,https://arcteryx.co.kr/products/category/61,https: > arcteryx.co.kr > products > category > 61,배낭,공용,,,,2026-04-19 16:54
ARCTERYX,https://arcteryx.co.kr/products/category/61,https://arcteryx.co.kr/products/view/686516,아크테릭스코리아 : 캐리어 100 더플,,,,https://public.arcteryx.co.kr/metas/i3V7gA0vwHQIWpOrvXgO9iGyPHb30MmDps9kMJr5.png,,,,배낭,https://arcteryx.co.kr/products/category/61,https: > arcteryx.co.kr > products > category > 61,배낭,공용,,,,2026-04-19 16:54
ARCTERYX,https://arcteryx.co.kr/products/category/61,https://arcteryx.co.kr/products/view/686511,아크테릭스코리아 : 맨티스 16 백팩,,,,https://public.arcteryx.co.kr/metas/i3V7gA0vwHQIWpOrvXgO9iGyPHb30MmDps9kMJr5.png,,,,배낭,https://arcteryx.co.kr/products/category/61,https: > arcteryx.co.kr > products > category > 61,배낭,공용,,,,2026-04-19 16:54
ARCTERYX,https://arcteryx.co.kr/products/category/61,https://arcteryx.co.kr/products/view/686492,아크테릭스코리아 : 인덱스 10 기어 오거나이저,,,,https://public.arcteryx.co.kr/metas/i3V7gA0vwHQIWpOrvXgO9iGyPHb30MmDps9kMJr5.png,,,,배낭,https://arcteryx.co.kr/products/category/61,https: > arcteryx.co.kr > products > category > 61,배낭,공용,,,,2026-04-19 16:54
ARCTERYX,https://arcteryx.co.kr/products/category/61,https://arcteryx.co.kr/products/view/686488,아크테릭스코리아 : 맨티스 1 웨이스트 팩,,,,https://public.arcteryx.co.kr/metas/i3V7gA0vwHQIWpOrvXgO9iGyPHb30MmDps9kMJr5.png,,,,배낭,https://arcteryx.co.kr/products/category/61,https: > arcteryx.co.kr > products > category > 61,배낭,공용,,,,2026-04-19 16:54
ARCTERYX,https://arcteryx.co.kr/products/category/61,https://arcteryx.co.kr/products/view/686431,아크테릭스코리아 : 그랜빌 크로스바디 백,,,,https://public.arcteryx.co.kr/metas/i3V7gA0vwHQIWpOrvXgO9iGyPHb30MmDps9kMJr5.png,,,,배낭,https://arcteryx.co.kr/products/category/61,https: > arcteryx.co.kr > products > category > 61,배낭,공용,,,,2026-04-19 16:54
ARCTERYX,https://arcteryx.co.kr/products/category/61,https://arcteryx.co.kr/products/view/686429,아크테릭스코리아 : 그랜빌 30 캐리올 백,,,,https://public.arcteryx.co.kr/metas/i3V7gA0vwHQIWpOrvXgO9iGyPHb30MmDps9kMJr5.png,,,,배낭,https://arcteryx.co.kr/products/category/61,https: > arcteryx.co.kr > products > category > 61,배낭,공용,,,,2026-04-19 16:54
ARCTERYX,https://arcteryx.co.kr/products/category/61,https://arcteryx.co.kr/products/view/686430,아크테릭스코리아 : 그랜빌 25 백팩,,,,https://public.arcteryx.co.kr/metas/i3V7gA0vwHQIWpOrvXgO9iGyPHb30MmDps9kMJr5.png,,,,배낭,https://arcteryx.co.kr/products/category/61,https: > arcteryx.co.kr > products > category > 61,배낭,공용,,,,2026-04-19 16:54
ARCTERYX,https://arcteryx.co.kr/products/category/61,https://arcteryx.co.kr/products/view/686427,아크테릭스코리아 : 캐리어 40 더플,,,,https://public.arcteryx.co.kr/metas/i3V7gA0vwHQIWpOrvXgO9iGyPHb30MmDps9kMJr5.png,,,,배낭,https://arcteryx.co.kr/products/category/61,https: > arcteryx.co.kr > products > category > 61,배낭,공용,,,,2026-04-19 16:54
ARCTERYX,https://arcteryx.co.kr/products/category/61,https://arcteryx.co.kr/products/view/686181,아크테릭스코리아 : 인덱스 40 볼더링 백,,,,https://public.arcteryx.co.kr/metas/i3V7gA0vwHQIWpOrvXgO9iGyPHb30MmDps9kMJr5.png,,,,배낭,https://arcteryx.co.kr/products/category/61,https: > arcteryx.co.kr > products > category > 61,배낭,공용,,,,2026-04-19 16:54
ARCTERYX,https://arcteryx.co.kr/products/category/61,https://arcteryx.co.kr/products/view/686179,아크테릭스코리아 : 맨티스 2 웨이스트 팩,,,,https://public.arcteryx.co.kr/metas/i3V7gA0vwHQIWpOrvXgO9iGyPHb30MmDps9kMJr5.png,,,,배낭,https://arcteryx.co.kr/products/category/61,https: > arcteryx.co.kr > products > category > 61,배낭,공용,,,,2026-04-19 16:54
ARCTERYX,https://arcteryx.co.kr/products/category/61,https://arcteryx.co.kr/products/view/686177,아크테릭스코리아 : 캐리어 45 기어 토트,,,,https://public.arcteryx.co.kr/metas/i3V7gA0vwHQIWpOrvXgO9iGyPHb30MmDps9kMJr5.png,,,,배낭,https://arcteryx.co.kr/products/category/61,https: > arcteryx.co.kr > products > category > 61,배낭,공용,,,,2026-04-19 16:54
ARCTERYX,https://arcteryx.co.kr/products/category/61,https://arcteryx.co.kr/products/view/685833,아크테릭스코리아 : 맨티스 16 백팩,,,,https://public.arcteryx.co.kr/metas/i3V7gA0vwHQIWpOrvXgO9iGyPHb30MmDps9kMJr5.png,,,,배낭,https://arcteryx.co.kr/products/category/61,https: > arcteryx.co.kr > products > category > 61,배낭,공용,,,,2026-04-19 16:54
ARCTERYX,https://arcteryx.co.kr/products/category/61,https://arcteryx.co.kr/products/view/685821,아크테릭스코리아 : 에어리어스 18 백팩,,,,https://public.arcteryx.co.kr/metas/i3V7gA0vwHQIWpOrvXgO9iGyPHb30MmDps9kMJr5.png,,,,배낭,https://arcteryx.co.kr/products/category/61,https: > arcteryx.co.kr > products > category > 61,배낭,공용,,,,2026-04-19 16:54
ARCTERYX,https://arcteryx.co.kr/products/category/61,https://arcteryx.co.kr/products/view/685708,아크테릭스코리아 : 헬리아드 15 백팩,"[Membership Weeks 10% 할인 쿠폰] 적용 불가 상품 1인 4개까지 구매가 가능합니다.배송은 결제 이후 순차적으로 진행될 예정이며, 배송량 증가로 2-3일 지연이 있을 수 있습니다. 상품 중복 구매, 비정상적인 접속, 구매의 경우 자동 주문 취소 처리 및 구매 제한이 될 수 있습니다. 결제 완료 후 색상, 배송지 변경이 불가능하며 변경 요청 시 구매 취소 처리 될 수 있습니다.",,,https://public.arcteryx.co.kr/metas/i3V7gA0vwHQIWpOrvXgO9iGyPHb30MmDps9kMJr5.png,,,,배낭,https://arcteryx.co.kr/products/category/61,https: > arcteryx.co.kr > products > category > 61,배낭,공용,,,,2026-04-19 16:54
ARCTERYX,https://arcteryx.co.kr/products/category/61,https://arcteryx.co.kr/products/view/685705,아크테릭스코리아 : 맨티스 1 웨이스트 팩,,,,https://public.arcteryx.co.kr/metas/i3V7gA0vwHQIWpOrvXgO9iGyPHb30MmDps9kMJr5.png,,,,배낭,https://arcteryx.co.kr/products/category/61,https: > arcteryx.co.kr > products > category > 61,배낭,공용,,,,2026-04-19 16:54
ARCTERYX,https://arcteryx.co.kr/products/category/61,https://arcteryx.co.kr/products/view/685702,아크테릭스코리아 : 맨티스 26 백팩,,,,https://public.arcteryx.co.kr/metas/i3V7gA0vwHQIWpOrvXgO9iGyPHb30MmDps9kMJr5.png,,,,배낭,https://arcteryx.co.kr/products/category/61,https: > arcteryx.co.kr > products > category > 61,배낭,공용,,,,2026-04-19 16:54
ARCTERYX,https://arcteryx.co.kr/products/category/61,https://arcteryx.co.kr/products/view/685704,아크테릭스코리아 : 맨티스 2 웨이스트 팩,,,,https://public.arcteryx.co.kr/metas/i3V7gA0vwHQIWpOrvXgO9iGyPHb30MmDps9kMJr5.png,,,,배낭,https://arcteryx.co.kr/products/category/61,https: > arcteryx.co.kr > products > category > 61,배낭,공용,,,,2026-04-19 16:54
ARCTERYX,https://arcteryx.co.kr/products/category/61,https://arcteryx.co.kr/products/view/685830,아크테릭스코리아 : 헬리아드 크로스바디 백,,,,https://public.arcteryx.co.kr/metas/i3V7gA0vwHQIWpOrvXgO9iGyPHb30MmDps9kMJr5.png,,,,배낭,https://arcteryx.co.kr/products/category/61,https: > arcteryx.co.kr > products > category > 61,배낭,공용,,,,2026-04-19 16:54
ARCTERYX,https://arcteryx.co.kr/products/category/61,https://arcteryx.co.kr/products/view/685816,아크테릭스코리아 : 캐리어 40 더플,,,,https://public.arcteryx.co.kr/metas/i3V7gA0vwHQIWpOrvXgO9iGyPHb30MmDps9kMJr5.png,,,,배낭,https://arcteryx.co.kr/products/category/61,https: > arcteryx.co.kr > products > category > 61,배낭,공용,,,,2026-04-19 16:54
ARCTERYX,https://arcteryx.co.kr/products/category/61,https://arcteryx.co.kr/products/view/685831,아크테릭스코리아 : 마이콘 37 백팩,,,,https://public.arcteryx.co.kr/metas/i3V7gA0vwHQIWpOrvXgO9iGyPHb30MmDps9kMJr5.png,,,,배낭,https://arcteryx.co.kr/products/category/61,https: > arcteryx.co.kr > products > category > 61,배낭,공용,,,,2026-04-19 16:54
ARCTERYX,https://arcteryx.co.kr/products/category/61,https://arcteryx.co.kr/products/view/685834,아크테릭스코리아 : 인덱스 기어 오거나이저,,,,https://public.arcteryx.co.kr/metas/i3V7gA0vwHQIWpOrvXgO9iGyPHb30MmDps9kMJr5.png,,,,배낭,https://arcteryx.co.kr/products/category/61,https: > arcteryx.co.kr > products > category > 61,배낭,공용,,,,2026-04-19 16:54
ARCTERYX,https://arcteryx.co.kr/products/category/61,https://arcteryx.co.kr/products/view/685828,아크테릭스코리아 : 그랜빌 30 캐리올 백,,,,https://public.arcteryx.co.kr/metas/i3V7gA0vwHQIWpOrvXgO9iGyPHb30MmDps9kMJr5.png,,,,배낭,https://arcteryx.co.kr/products/category/61,https: > arcteryx.co.kr > products > category > 61,배낭,공용,,,,2026-04-19 16:54
ARCTERYX,https://arcteryx.co.kr/products/category/61,https://arcteryx.co.kr/products/view/685826,아크테릭스코리아 : 그랜빌 16 백팩,,,,https://public.arcteryx.co.kr/metas/i3V7gA0vwHQIWpOrvXgO9iGyPHb30MmDps9kMJr5.png,,,,배낭,https://arcteryx.co.kr/products/category/61,https: > arcteryx.co.kr > products > category > 61,배낭,공용,,,,2026-04-19 16:54
ARCTERYX,https://arcteryx.co.kr/products/category/61,https://arcteryx.co.kr/products/view/685824,아크테릭스코리아 : 그랜빌 크로스바디 백,,,,https://public.arcteryx.co.kr/metas/i3V7gA0vwHQIWpOrvXgO9iGyPHb30MmDps9kMJr5.png,,,,배낭,https://arcteryx.co.kr/products/category/61,https: > arcteryx.co.kr > products > category > 61,배낭,공용,,,,2026-04-19 16:54
ARCTERYX,https://arcteryx.co.kr/products/category/61,https://arcteryx.co.kr/products/view/685707,아크테릭스코리아 : 캐리어 45 기어 토트,,,,https://public.arcteryx.co.kr/metas/i3V7gA0vwHQIWpOrvXgO9iGyPHb30MmDps9kMJr5.png,,,,배낭,https://arcteryx.co.kr/products/category/61,https: > arcteryx.co.kr > products > category > 61,배낭,공용,,,,2026-04-19 16:54
ARCTERYX,https://arcteryx.co.kr/products/category/61,https://arcteryx.co.kr/products/view/685820,아크테릭스코리아 : 알파 FL 20 백팩,,,,https://public.arcteryx.co.kr/metas/i3V7gA0vwHQIWpOrvXgO9iGyPHb30MmDps9kMJr5.png,,,,배낭,https://arcteryx.co.kr/products/category/61,https: > arcteryx.co.kr > products > category > 61,배낭,공용,,,,2026-04-19 16:54
ARCTERYX,https://arcteryx.co.kr/products/category/61,https://arcteryx.co.kr/products/view/685818,아크테릭스코리아 : 알파 FL 30 백팩,,,,https://public.arcteryx.co.kr/metas/i3V7gA0vwHQIWpOrvXgO9iGyPHb30MmDps9kMJr5.png,,,,배낭,https://arcteryx.co.kr/products/category/61,https: > arcteryx.co.kr > products > category > 61,배낭,공용,,,,2026-04-19 16:54
ARCTERYX,https://arcteryx.co.kr/products/category/61,https://arcteryx.co.kr/products/view/685009,아크테릭스코리아 : 맨티스 1 웨이스트 팩,,,,https://public.arcteryx.co.kr/metas/i3V7gA0vwHQIWpOrvXgO9iGyPHb30MmDps9kMJr5.png,,,,배낭,https://arcteryx.co.kr/products/category/61,https: > arcteryx.co.kr > products > category > 61,배낭,공용,,,,2026-04-19 16:54
ARCTERYX,https://arcteryx.co.kr/products/category/61,https://arcteryx.co.kr/products/view/685006,아크테릭스코리아 : 맨티스 2 웨이스트 팩,,,,https://public.arcteryx.co.kr/metas/i3V7gA0vwHQIWpOrvXgO9iGyPHb30MmDps9kMJr5.png,,,,배낭,https://arcteryx.co.kr/products/category/61,https: > arcteryx.co.kr > products > category > 61,배낭,공용,,,,2026-04-19 16:54
ARCTERYX,https://arcteryx.co.kr/products/category/61,https://arcteryx.co.kr/products/view/685016,아크테릭스코리아 : 그랜빌 16 백팩,,,,https://public.arcteryx.co.kr/metas/i3V7gA0vwHQIWpOrvXgO9iGyPHb30MmDps9kMJr5.png,,,,배낭,https://arcteryx.co.kr/products/category/61,https: > arcteryx.co.kr > products > category > 61,배낭,공용,,,,2026-04-19 16:54
ARCTERYX,https://arcteryx.co.kr/products/category/61,https://arcteryx.co.kr/products/view/685004,아크테릭스코리아 : 이온 라이트 쵸크 백,,,,https://public.arcteryx.co.kr/metas/i3V7gA0vwHQIWpOrvXgO9iGyPHb30MmDps9kMJr5.png,,,,배낭,https://arcteryx.co.kr/products/category/61,https: > arcteryx.co.kr > products > category > 61,배낭,공용,,,,2026-04-19 16:54
ARCTERYX,https://arcteryx.co.kr/products/category/61,https://arcteryx.co.kr/products/view/685007,아크테릭스코리아 : 알파 FL 20 백팩,,,,https://public.arcteryx.co.kr/metas/i3V7gA0vwHQIWpOrvXgO9iGyPHb30MmDps9kMJr5.png,,,,배낭,https://arcteryx.co.kr/products/category/61,https: > arcteryx.co.kr > products > category > 61,배낭,공용,,,,2026-04-19 16:54
ARCTERYX,https://arcteryx.co.kr/products/category/61,https://arcteryx.co.kr/products/view/685014,아크테릭스코리아 : 그랜빌 크로스바디 백,,,,https://public.arcteryx.co.kr/metas/i3V7gA0vwHQIWpOrvXgO9iGyPHb30MmDps9kMJr5.png,,,,배낭,https://arcteryx.co.kr/products/category/61,https: > arcteryx.co.kr > products > category > 61,배낭,공용,,,,2026-04-19 16:54
ARCTERYX,https://arcteryx.co.kr/products/category/61,https://arcteryx.co.kr/products/view/685002,아크테릭스코리아 : 캐리어 75 더플,,,,https://public.arcteryx.co.kr/metas/i3V7gA0vwHQIWpOrvXgO9iGyPHb30MmDps9kMJr5.png,,,,배낭,https://arcteryx.co.kr/products/category/61,https: > arcteryx.co.kr > products > category > 61,배낭,공용,,,,2026-04-19 16:54
ARCTERYX,https://arcteryx.co.kr/products/category/61,https://arcteryx.co.kr/products/view/684516,아크테릭스코리아 : 맨티스 2 웨이스트 팩,,,,https://public.arcteryx.co.kr/metas/i3V7gA0vwHQIWpOrvXgO9iGyPHb30MmDps9kMJr5.png,,,,배낭,https://arcteryx.co.kr/products/category/61,https: > arcteryx.co.kr > products > category > 61,배낭,공용,,,,2026-04-19 16:54
ARCTERYX,https://arcteryx.co.kr/products/category/61,https://arcteryx.co.kr/products/view/685003,아크테릭스코리아 : 알파 FL 30 백팩,,,,https://public.arcteryx.co.kr/metas/i3V7gA0vwHQIWpOrvXgO9iGyPHb30MmDps9kMJr5.png,,,,배낭,https://arcteryx.co.kr/products/category/61,https: > arcteryx.co.kr > products > category > 61,배낭,공용,,,,2026-04-19 16:54
ARCTERYX,https://arcteryx.co.kr/products/category/61,https://arcteryx.co.kr/products/view/684517,아크테릭스코리아 : 맨티스 1 웨이스트 팩,,,,https://public.arcteryx.co.kr/metas/i3V7gA0vwHQIWpOrvXgO9iGyPHb30MmDps9kMJr5.png,,,,배낭,https://arcteryx.co.kr/products/category/61,https: > arcteryx.co.kr > products > category > 61,배낭,공용,,,,2026-04-19 16:54
ARCTERYX,https://arcteryx.co.kr/products/category/61,https://arcteryx.co.kr/products/view/684509,아크테릭스코리아 : 맨티스 30 백팩,,,,https://public.arcteryx.co.kr/metas/i3V7gA0vwHQIWpOrvXgO9iGyPHb30MmDps9kMJr5.png,,,,배낭,https://arcteryx.co.kr/products/category/61,https: > arcteryx.co.kr > products > category > 61,배낭,공용,,,,2026-04-19 16:54
ARCTERYX,https://arcteryx.co.kr/products/category/61,https://arcteryx.co.kr/products/view/686493,아크테릭스코리아 : 그랜빌 10 캐리어 백,,,,https://public.arcteryx.co.kr/metas/i3V7gA0vwHQIWpOrvXgO9iGyPHb30MmDps9kMJr5.png,,,,배낭,https://arcteryx.co.kr/products/category/61,https: > arcteryx.co.kr > products > category > 61,배낭,공용,,,,2026-04-19 16:54
ARCTERYX,https://arcteryx.co.kr/products/category/61,https://arcteryx.co.kr/products/view/686428,아크테릭스코리아 : 그랜빌 숄더 백,,,,https://public.arcteryx.co.kr/metas/i3V7gA0vwHQIWpOrvXgO9iGyPHb30MmDps9kMJr5.png,,,,배낭,https://arcteryx.co.kr/products/category/61,https: > arcteryx.co.kr > products > category > 61,배낭,공용,,,,2026-04-19 16:54
ARCTERYX,https://arcteryx.co.kr/products/category/61,https://arcteryx.co.kr/products/view/686490,아크테릭스코리아 : 알파 SL 30 백팩,,,,https://public.arcteryx.co.kr/metas/i3V7gA0vwHQIWpOrvXgO9iGyPHb30MmDps9kMJr5.png,,,,배낭,https://arcteryx.co.kr/products/category/61,https: > arcteryx.co.kr > products > category > 61,배낭,공용,,,,2026-04-19 16:54
ARCTERYX,https://arcteryx.co.kr/products/category/61,https://arcteryx.co.kr/products/view/686489,아크테릭스코리아 : 에어리어스 18 백팩,,,,https://public.arcteryx.co.kr/metas/i3V7gA0vwHQIWpOrvXgO9iGyPHb30MmDps9kMJr5.png,,,,배낭,https://arcteryx.co.kr/products/category/61,https: > arcteryx.co.kr > products > category > 61,배낭,공용,,,,2026-04-19 16:54
ARCTERYX,https://arcteryx.co.kr/products/category/62,https://arcteryx.co.kr/products/category/61,아크테릭스코리아 : 배낭,아크테릭스코리아 배낭,,,https://public.arcteryx.co.kr/metas/i3V7gA0vwHQIWpOrvXgO9iGyPHb30MmDps9kMJr5.png,,,,데이팩,https://arcteryx.co.kr/products/category/62,https: > arcteryx.co.kr > products > category > 62,데이팩,공용,,,,2026-04-19 16:54
ARCTERYX,https://arcteryx.co.kr/products/category/61,https://arcteryx.co.kr/products/view/686180,아크테릭스코리아 : 컨실 15 백팩,,,,https://public.arcteryx.co.kr/metas/i3V7gA0vwHQIWpOrvXgO9iGyPHb30MmDps9kMJr5.png,,,,배낭,https://arcteryx.co.kr/products/category/61,https: > arcteryx.co.kr > products > category > 61,배낭,공용,,,,2026-04-19 16:54
ARCTERYX,https://arcteryx.co.kr/products/category/65,https://arcteryx.co.kr/products/view/686229,아크테릭스코리아 : 사일렌 2 여성,,,,https://public.arcteryx.co.kr/metas/i3V7gA0vwHQIWpOrvXgO9iGyPHb30MmDps9kMJr5.png,,,,슈즈,https://arcteryx.co.kr/products/category/65,https: > arcteryx.co.kr > products > category > 65,슈즈,공용,,,,2026-04-19 16:54
ARCTERYX,https://arcteryx.co.kr/products/category/65,https://arcteryx.co.kr/products/view/686231,아크테릭스코리아 : 노반 LD 4 여성,,,,https://public.arcteryx.co.kr/metas/i3V7gA0vwHQIWpOrvXgO9iGyPHb30MmDps9kMJr5.png,,,,슈즈,https://arcteryx.co.kr/products/category/65,https: > arcteryx.co.kr > products > category > 65,슈즈,공용,,,,2026-04-19 16:54
ARCTERYX,https://arcteryx.co.kr/products/category/65,https://arcteryx.co.kr/products/view/686441,아크테릭스코리아 : 버텍스 알파인 여성,,,,https://public.arcteryx.co.kr/metas/i3V7gA0vwHQIWpOrvXgO9iGyPHb30MmDps9kMJr5.png,,,,슈즈,https://arcteryx.co.kr/products/category/65,https: > arcteryx.co.kr > products > category > 65,슈즈,공용,,,,2026-04-19 16:54
ARCTERYX,https://arcteryx.co.kr/products/category/65,https://arcteryx.co.kr/products/view/686223,아크테릭스코리아 : 노반 4 니발리스 GTX 여성,,,,https://public.arcteryx.co.kr/metas/i3V7gA0vwHQIWpOrvXgO9iGyPHb30MmDps9kMJr5.png,,,,슈즈,https://arcteryx.co.kr/products/category/65,https: > arcteryx.co.kr > products > category > 65,슈즈,공용,,,,2026-04-19 16:54
ARCTERYX,https://arcteryx.co.kr/products/category/65,https://arcteryx.co.kr/products/view/686230,아크테릭스코리아 : 노반 LD 4 GTX 여성,,,,https://public.arcteryx.co.kr/metas/i3V7gA0vwHQIWpOrvXgO9iGyPHb30MmDps9kMJr5.png,,,,슈즈,https://arcteryx.co.kr/products/category/65,https: > arcteryx.co.kr > products > category > 65,슈즈,공용,,,,2026-04-19 16:54
ARCTERYX,https://arcteryx.co.kr/products/category/65,https://arcteryx.co.kr/products/view/686228,아크테릭스코리아 : 크래그 여성,,,,https://public.arcteryx.co.kr/metas/i3V7gA0vwHQIWpOrvXgO9iGyPHb30MmDps9kMJr5.png,,,,슈즈,https://arcteryx.co.kr/products/category/65,https: > arcteryx.co.kr > products > category > 65,슈즈,공용,,,,2026-04-19 16:54
ARCTERYX,https://arcteryx.co.kr/products/category/65,https://arcteryx.co.kr/products/view/686224,아크테릭스코리아 : 컨실 여성,,,,https://public.arcteryx.co.kr/metas/i3V7gA0vwHQIWpOrvXgO9iGyPHb30MmDps9kMJr5.png,,,,슈즈,https://arcteryx.co.kr/products/category/65,https: > arcteryx.co.kr > products > category > 65,슈즈,공용,,,,2026-04-19 16:54
ARCTERYX,https://arcteryx.co.kr/products/category/65,https://arcteryx.co.kr/products/view/686219,아크테릭스코리아 : 컨실 LT 여성,,,,https://public.arcteryx.co.kr/metas/i3V7gA0vwHQIWpOrvXgO9iGyPHb30MmDps9kMJr5.png,,,,슈즈,https://arcteryx.co.kr/products/category/65,https: > arcteryx.co.kr > products > category > 65,슈즈,공용,,,,2026-04-19 16:54
ARCTERYX,https://arcteryx.co.kr/products/category/65,https://arcteryx.co.kr/products/view/686227,아크테릭스코리아 : 코펙 미드 GTX 여성,,,,https://public.arcteryx.co.kr/metas/i3V7gA0vwHQIWpOrvXgO9iGyPHb30MmDps9kMJr5.png,,,,슈즈,https://arcteryx.co.kr/products/category/65,https: > arcteryx.co.kr > products > category > 65,슈즈,공용,,,,2026-04-19 16:54
ARCTERYX,https://arcteryx.co.kr/products/category/65,https://arcteryx.co.kr/products/view/686226,아크테릭스코리아 : 코펙 GTX 여성,,,,https://public.arcteryx.co.kr/metas/i3V7gA0vwHQIWpOrvXgO9iGyPHb30MmDps9kMJr5.png,,,,슈즈,https://arcteryx.co.kr/products/category/65,https: > arcteryx.co.kr > products > category > 65,슈즈,공용,,,,2026-04-19 16:54
ARCTERYX,https://arcteryx.co.kr/products/category/65,https://arcteryx.co.kr/products/view/686225,아크테릭스코리아 : 컨실 GTX 여성,,,,https://public.arcteryx.co.kr/metas/i3V7gA0vwHQIWpOrvXgO9iGyPHb30MmDps9kMJr5.png,,,,슈즈,https://arcteryx.co.kr/products/category/65,https: > arcteryx.co.kr > products > category > 65,슈즈,공용,,,,2026-04-19 16:54
ARCTERYX,https://arcteryx.co.kr/products/category/65,https://arcteryx.co.kr/products/view/686221,아크테릭스코리아 : 버텍스 알파인 GTX 여성,,,,https://public.arcteryx.co.kr/metas/i3V7gA0vwHQIWpOrvXgO9iGyPHb30MmDps9kMJr5.png,,,,슈즈,https://arcteryx.co.kr/products/category/65,https: > arcteryx.co.kr > products > category > 65,슈즈,공용,,,,2026-04-19 16:54
ARCTERYX,https://arcteryx.co.kr/products/category/65,https://arcteryx.co.kr/products/view/685894,아크테릭스코리아 : 사일렌 프로 여성,,,,https://public.arcteryx.co.kr/metas/i3V7gA0vwHQIWpOrvXgO9iGyPHb30MmDps9kMJr5.png,,,,슈즈,https://arcteryx.co.kr/products/category/65,https: > arcteryx.co.kr > products > category > 65,슈즈,공용,,,,2026-04-19 16:54
ARCTERYX,https://arcteryx.co.kr/products/category/65,https://arcteryx.co.kr/products/view/685893,아크테릭스코리아 : 코펙 미드 GTX 여성,,,,https://public.arcteryx.co.kr/metas/i3V7gA0vwHQIWpOrvXgO9iGyPHb30MmDps9kMJr5.png,,,,슈즈,https://arcteryx.co.kr/products/category/65,https: > arcteryx.co.kr > products > category > 65,슈즈,공용,,,,2026-04-19 16:54
ARCTERYX,https://arcteryx.co.kr/products/category/65,https://arcteryx.co.kr/products/view/685892,아크테릭스코리아 : 코펙 GTX 여성,,,,https://public.arcteryx.co.kr/metas/i3V7gA0vwHQIWpOrvXgO9iGyPHb30MmDps9kMJr5.png,,,,슈즈,https://arcteryx.co.kr/products/category/65,https: > arcteryx.co.kr > products > category > 65,슈즈,공용,,,,2026-04-19 16:54
ARCTERYX,https://arcteryx.co.kr/products/category/65,https://arcteryx.co.kr/products/view/685884,아크테릭스코리아 : 버텍스 알파인 GTX 여성,,,,https://public.arcteryx.co.kr/metas/i3V7gA0vwHQIWpOrvXgO9iGyPHb30MmDps9kMJr5.png,,,,슈즈,https://arcteryx.co.kr/products/category/65,https: > arcteryx.co.kr > products > category > 65,슈즈,공용,,,,2026-04-19 16:54
ARCTERYX,https://arcteryx.co.kr/products/category/65,https://arcteryx.co.kr/products/view/685897,아크테릭스코리아 : 노반 LD 4 GTX 여성,,,,https://public.arcteryx.co.kr/metas/i3V7gA0vwHQIWpOrvXgO9iGyPHb30MmDps9kMJr5.png,,,,슈즈,https://arcteryx.co.kr/products/category/65,https: > arcteryx.co.kr > products > category > 65,슈즈,공용,,,,2026-04-19 16:54
ARCTERYX,https://arcteryx.co.kr/products/category/65,https://arcteryx.co.kr/products/view/685710,아크테릭스코리아 : 컨실 여성,,,,https://public.arcteryx.co.kr/metas/i3V7gA0vwHQIWpOrvXgO9iGyPHb30MmDps9kMJr5.png,,,,슈즈,https://arcteryx.co.kr/products/category/65,https: > arcteryx.co.kr > products > category > 65,슈즈,공용,,,,2026-04-19 16:54
ARCTERYX,https://arcteryx.co.kr/products/category/65,https://arcteryx.co.kr/products/view/685895,아크테릭스코리아 : 크래그 여성,,,,https://public.arcteryx.co.kr/metas/i3V7gA0vwHQIWpOrvXgO9iGyPHb30MmDps9kMJr5.png,,,,슈즈,https://arcteryx.co.kr/products/category/65,https: > arcteryx.co.kr > products > category > 65,슈즈,공용,,,,2026-04-19 16:54
ARCTERYX,https://arcteryx.co.kr/products/category/65,https://arcteryx.co.kr/products/view/685891,아크테릭스코리아 : 컨실 GTX 여성,,,,https://public.arcteryx.co.kr/metas/i3V7gA0vwHQIWpOrvXgO9iGyPHb30MmDps9kMJr5.png,,,,슈즈,https://arcteryx.co.kr/products/category/65,https: > arcteryx.co.kr > products > category > 65,슈즈,공용,,,,2026-04-19 16:54
ARCTERYX,https://arcteryx.co.kr/products/category/65,https://arcteryx.co.kr/products/view/685888,아크테릭스코리아 : 버텍스 스피드 여성,,,,https://public.arcteryx.co.kr/metas/i3V7gA0vwHQIWpOrvXgO9iGyPHb30MmDps9kMJr5.png,,,,슈즈,https://arcteryx.co.kr/products/category/65,https: > arcteryx.co.kr > products > category > 65,슈즈,공용,,,,2026-04-19 16:54
ARCTERYX,https://arcteryx.co.kr/products/category/65,https://arcteryx.co.kr/products/view/685751,아크테릭스코리아 : 크래그 인슐레이티드 여성,,,,https://public.arcteryx.co.kr/metas/i3V7gA0vwHQIWpOrvXgO9iGyPHb30MmDps9kMJr5.png,,,,슈즈,https://arcteryx.co.kr/products/category/65,https: > arcteryx.co.kr > products > category > 65,슈즈,공용,,,,2026-04-19 16:54
ARCTERYX,https://arcteryx.co.kr/products/category/65,https://arcteryx.co.kr/products/view/685712,아크테릭스코리아 : 크래그 멀티 여성,,,,https://public.arcteryx.co.kr/metas/i3V7gA0vwHQIWpOrvXgO9iGyPHb30MmDps9kMJr5.png,,,,슈즈,https://arcteryx.co.kr/products/category/65,https: > arcteryx.co.kr > products > category > 65,슈즈,공용,,,,2026-04-19 16:54
ARCTERYX,https://arcteryx.co.kr/products/category/65,https://arcteryx.co.kr/products/view/685711,아크테릭스코리아 : 노반 LD 4 여성,,,,https://public.arcteryx.co.kr/metas/i3V7gA0vwHQIWpOrvXgO9iGyPHb30MmDps9kMJr5.png,,,,슈즈,https://arcteryx.co.kr/products/category/65,https: > arcteryx.co.kr > products > category > 65,슈즈,공용,,,,2026-04-19 16:54
ARCTERYX,https://arcteryx.co.kr/products/category/65,https://arcteryx.co.kr/products/view/686167,아크테릭스코리아 : 컨실 FL 2 여성,,,,https://public.arcteryx.co.kr/metas/i3V7gA0vwHQIWpOrvXgO9iGyPHb30MmDps9kMJr5.png,,,,슈즈,https://arcteryx.co.kr/products/category/65,https: > arcteryx.co.kr > products > category > 65,슈즈,공용,,,,2026-04-19 16:54
ARCTERYX,https://arcteryx.co.kr/products/category/66,https://arcteryx.co.kr/products/category/65,아크테릭스코리아 : 신발,아크테릭스코리아 신발,,,https://public.arcteryx.co.kr/metas/i3V7gA0vwHQIWpOrvXgO9iGyPHb30MmDps9kMJr5.png,,,,러닝,https://arcteryx.co.kr/products/category/66,https: > arcteryx.co.kr > products > category > 66,러닝,공용,,,,2026-04-19 16:54
ARCTERYX,https://arcteryx.co.kr/products/category/65,https://arcteryx.co.kr/products/view/685093,아크테릭스코리아 : 노반 LD 4 여성,,,,https://public.arcteryx.co.kr/metas/i3V7gA0vwHQIWpOrvXgO9iGyPHb30MmDps9kMJr5.png,,,,슈즈,https://arcteryx.co.kr/products/category/65,https: > arcteryx.co.kr > products > category > 65,슈즈,공용,,,,2026-04-19 16:54
ARCTERYX,https://arcteryx.co.kr/products/category/65,https://arcteryx.co.kr/products/view/685097,아크테릭스코리아 : 사일렌 프로 여성,,,,https://public.arcteryx.co.kr/metas/i3V7gA0vwHQIWpOrvXgO9iGyPHb30MmDps9kMJr5.png,,,,슈즈,https://arcteryx.co.kr/products/category/65,https: > arcteryx.co.kr > products > category > 65,슈즈,공용,,,,2026-04-19 16:54
ARCTERYX,https://arcteryx.co.kr/products/category/69,https://arcteryx.co.kr/products/view/686496,아크테릭스코리아 : 신더틱 울트라라이트웨이트 미드 삭스,,,,https://public.arcteryx.co.kr/metas/i3V7gA0vwHQIWpOrvXgO9iGyPHb30MmDps9kMJr5.png,,,,액세서리,https://arcteryx.co.kr/products/category/69,https: > arcteryx.co.kr > products > category > 69,액세서리,공용,,,,2026-04-19 16:54
ARCTERYX,https://arcteryx.co.kr/products/category/69,https://arcteryx.co.kr/products/view/686440,아크테릭스코리아 : 신더틱 미드 삭스,,,,https://public.arcteryx.co.kr/metas/i3V7gA0vwHQIWpOrvXgO9iGyPHb30MmDps9kMJr5.png,,,,액세서리,https://arcteryx.co.kr/products/category/69,https: > arcteryx.co.kr > products > category > 69,액세서리,공용,,,,2026-04-19 16:54
ARCTERYX,https://arcteryx.co.kr/products/category/69,https://arcteryx.co.kr/products/view/686512,아크테릭스코리아 : 그로토 토크,,,,https://public.arcteryx.co.kr/metas/i3V7gA0vwHQIWpOrvXgO9iGyPHb30MmDps9kMJr5.png,,,,액세서리,https://arcteryx.co.kr/products/category/69,https: > arcteryx.co.kr > products > category > 69,액세서리,공용,,,,2026-04-19 16:54
ARCTERYX,https://arcteryx.co.kr/products/category/69,https://arcteryx.co.kr/products/view/686436,아크테릭스코리아 : 컬러 블록 토크,,,,https://public.arcteryx.co.kr/metas/i3V7gA0vwHQIWpOrvXgO9iGyPHb30MmDps9kMJr5.png,,,,액세서리,https://arcteryx.co.kr/products/category/69,https: > arcteryx.co.kr > products > category > 69,액세서리,공용,,,,2026-04-19 16:54
ARCTERYX,https://arcteryx.co.kr/products/category/69,https://arcteryx.co.kr/products/view/686186,아크테릭스코리아 : 버드 헤드 토크,,,,https://public.arcteryx.co.kr/metas/i3V7gA0vwHQIWpOrvXgO9iGyPHb30MmDps9kMJr5.png,,,,액세서리,https://arcteryx.co.kr/products/category/69,https: > arcteryx.co.kr > products > category > 69,액세서리,공용,,,,2026-04-19 16:54
ARCTERYX,https://arcteryx.co.kr/products/category/69,https://arcteryx.co.kr/products/view/686189,아크테릭스코리아 : 버드 워드 캡,,,,https://public.arcteryx.co.kr/metas/i3V7gA0vwHQIWpOrvXgO9iGyPHb30MmDps9kMJr5.png,,,,액세서리,https://arcteryx.co.kr/products/category/69,https: > arcteryx.co.kr > products > category > 69,액세서리,공용,,,,2026-04-19 16:54
ARCTERYX,https://arcteryx.co.kr/products/category/69,https://arcteryx.co.kr/products/view/686202,아크테릭스코리아 : 신더틱 미드 그로토 삭스,,,,https://public.arcteryx.co.kr/metas/i3V7gA0vwHQIWpOrvXgO9iGyPHb30MmDps9kMJr5.png,,,,액세서리,https://arcteryx.co.kr/products/category/69,https: > arcteryx.co.kr > products > category > 69,액세서리,공용,,,,2026-04-19 16:54
ARCTERYX,https://arcteryx.co.kr/products/category/69,https://arcteryx.co.kr/products/view/686195,아크테릭스코리아 : 사이렉스 캡,,,,https://public.arcteryx.co.kr/metas/i3V7gA0vwHQIWpOrvXgO9iGyPHb30MmDps9kMJr5.png,,,,액세서리,https://arcteryx.co.kr/products/category/69,https: > arcteryx.co.kr > products > category > 69,액세서리,공용,,,,2026-04-19 16:54
ARCTERYX,https://arcteryx.co.kr/products/category/69,https://arcteryx.co.kr/products/view/686438,아크테릭스코리아 : 노반 메쉬 5 패널 캡,,,,https://public.arcteryx.co.kr/metas/i3V7gA0vwHQIWpOrvXgO9iGyPHb30MmDps9kMJr5.png,,,,액세서리,https://arcteryx.co.kr/products/category/69,https: > arcteryx.co.kr > products > category > 69,액세서리,공용,,,,2026-04-19 16:54
ARCTERYX,https://arcteryx.co.kr/products/category/69,https://arcteryx.co.kr/products/view/686190,아크테릭스코리아 : 감마 5 패널 캡,,,,https://public.arcteryx.co.kr/metas/i3V7gA0vwHQIWpOrvXgO9iGyPHb30MmDps9kMJr5.png,,,,액세서리,https://arcteryx.co.kr/products/category/69,https: > arcteryx.co.kr > products > category > 69,액세서리,공용,,,,2026-04-19 16:54
ARCTERYX,https://arcteryx.co.kr/products/category/69,https://arcteryx.co.kr/products/view/686201,아크테릭스코리아 : 메리노 울 미드 삭스,,,,https://public.arcteryx.co.kr/metas/i3V7gA0vwHQIWpOrvXgO9iGyPHb30MmDps9kMJr5.png,,,,액세서리,https://arcteryx.co.kr/products/category/69,https: > arcteryx.co.kr > products > category > 69,액세서리,공용,,,,2026-04-19 16:54
ARCTERYX,https://arcteryx.co.kr/products/category/69,https://arcteryx.co.kr/products/view/686439,아크테릭스코리아 : 메리노 울 그로토 미드 삭스,,,,https://public.arcteryx.co.kr/metas/i3V7gA0vwHQIWpOrvXgO9iGyPHb30MmDps9kMJr5.png,,,,액세서리,https://arcteryx.co.kr/products/category/69,https: > arcteryx.co.kr > products > category > 69,액세서리,공용,,,,2026-04-19 16:54
ARCTERYX,https://arcteryx.co.kr/products/category/69,https://arcteryx.co.kr/products/view/686200,아크테릭스코리아 : 메리노 울 미드 버드 삭스,,,,https://public.arcteryx.co.kr/metas/i3V7gA0vwHQIWpOrvXgO9iGyPHb30MmDps9kMJr5.png,,,,액세서리,https://arcteryx.co.kr/products/category/69,https: > arcteryx.co.kr > products > category > 69,액세서리,공용,,,,2026-04-19 16:54
ARCTERYX,https://arcteryx.co.kr/products/category/69,https://arcteryx.co.kr/products/view/686184,아크테릭스코리아 : 컨베이어 벨트 38,,,,https://public.arcteryx.co.kr/metas/i3V7gA0vwHQIWpOrvXgO9iGyPHb30MmDps9kMJr5.png,,,,액세서리,https://arcteryx.co.kr/products/category/69,https: > arcteryx.co.kr > products > category > 69,액세서리,공용,,,,2026-04-19 16:54
ARCTERYX,https://arcteryx.co.kr/products/category/69,https://arcteryx.co.kr/products/view/685849,아크테릭스코리아 : 메리노 울 미드 삭스,,,,https://public.arcteryx.co.kr/metas/i3V7gA0vwHQIWpOrvXgO9iGyPHb30MmDps9kMJr5.png,,,,액세서리,https://arcteryx.co.kr/products/category/69,https: > arcteryx.co.kr > products > category > 69,액세서리,공용,,,,2026-04-19 16:54
ARCTERYX,https://arcteryx.co.kr/products/category/69,https://arcteryx.co.kr/products/view/686192,아크테릭스코리아 : 버드 워드 토크,,,,https://public.arcteryx.co.kr/metas/i3V7gA0vwHQIWpOrvXgO9iGyPHb30MmDps9kMJr5.png,,,,액세서리,https://arcteryx.co.kr/products/category/69,https: > arcteryx.co.kr > products > category > 69,액세서리,공용,,,,2026-04-19 16:54
ARCTERYX,https://arcteryx.co.kr/products/category/69,https://arcteryx.co.kr/products/view/685848,아크테릭스코리아 : 메리노 울 그로토 미드 삭스,,,,https://public.arcteryx.co.kr/metas/i3V7gA0vwHQIWpOrvXgO9iGyPHb30MmDps9kMJr5.png,,,,액세서리,https://arcteryx.co.kr/products/category/69,https: > arcteryx.co.kr > products > category > 69,액세서리,공용,,,,2026-04-19 16:54
ARCTERYX,https://arcteryx.co.kr/products/category/69,https://arcteryx.co.kr/products/view/685836,아크테릭스코리아 : 고딕 글러브,,,,https://public.arcteryx.co.kr/metas/i3V7gA0vwHQIWpOrvXgO9iGyPHb30MmDps9kMJr5.png,,,,액세서리,https://arcteryx.co.kr/products/category/69,https: > arcteryx.co.kr > products > category > 69,액세서리,공용,,,,2026-04-19 16:54
ARCTERYX,https://arcteryx.co.kr/products/category/69,https://arcteryx.co.kr/products/view/685837,아크테릭스코리아 : 로 글러브,,,,https://public.arcteryx.co.kr/metas/i3V7gA0vwHQIWpOrvXgO9iGyPHb30MmDps9kMJr5.png,,,,액세서리,https://arcteryx.co.kr/products/category/69,https: > arcteryx.co.kr > products > category > 69,액세서리,공용,,,,2026-04-19 16:54
ARCTERYX,https://arcteryx.co.kr/products/category/69,https://arcteryx.co.kr/products/view/685700,아크테릭스코리아 : 스몰 버드 캡,,,,https://public.arcteryx.co.kr/metas/i3V7gA0vwHQIWpOrvXgO9iGyPHb30MmDps9kMJr5.png,,,,액세서리,https://arcteryx.co.kr/products/category/69,https: > arcteryx.co.kr > products > category > 69,액세서리,공용,,,,2026-04-19 16:54
ARCTERYX,https://arcteryx.co.kr/products/category/69,https://arcteryx.co.kr/products/view/685699,아크테릭스코리아 : 감마 5 패널 캡,,,,https://public.arcteryx.co.kr/metas/i3V7gA0vwHQIWpOrvXgO9iGyPHb30MmDps9kMJr5.png,,,,액세서리,https://arcteryx.co.kr/products/category/69,https: > arcteryx.co.kr > products > category > 69,액세서리,공용,,,,2026-04-19 16:54
ARCTERYX,https://arcteryx.co.kr/products/category/69,https://arcteryx.co.kr/products/view/685696,아크테릭스코리아 : 버드 워드 캡,,,,https://public.arcteryx.co.kr/metas/i3V7gA0vwHQIWpOrvXgO9iGyPHb30MmDps9kMJr5.png,,,,액세서리,https://arcteryx.co.kr/products/category/69,https: > arcteryx.co.kr > products > category > 69,액세서리,공용,,,,2026-04-19 16:54
ARCTERYX,https://arcteryx.co.kr/products/category/69,https://arcteryx.co.kr/products/view/685695,아크테릭스코리아 : 에어리어스 5 패널 캡,,,,https://public.arcteryx.co.kr/metas/i3V7gA0vwHQIWpOrvXgO9iGyPHb30MmDps9kMJr5.png,,,,액세서리,https://arcteryx.co.kr/products/category/69,https: > arcteryx.co.kr > products > category > 69,액세서리,공용,,,,2026-04-19 16:54
ARCTERYX,https://arcteryx.co.kr/products/category/69,https://arcteryx.co.kr/products/view/685852,아크테릭스코리아 : 버드 워드 트러커 햇,,,,https://public.arcteryx.co.kr/metas/i3V7gA0vwHQIWpOrvXgO9iGyPHb30MmDps9kMJr5.png,,,,액세서리,https://arcteryx.co.kr/products/category/69,https: > arcteryx.co.kr > products > category > 69,액세서리,공용,,,,2026-04-19 16:54
ARCTERYX,https://arcteryx.co.kr/products/category/69,https://arcteryx.co.kr/products/view/685838,아크테릭스코리아 : 메리노 울 로우 컷 삭스,,,,https://public.arcteryx.co.kr/metas/i3V7gA0vwHQIWpOrvXgO9iGyPHb30MmDps9kMJr5.png,,,,액세서리,https://arcteryx.co.kr/products/category/69,https: > arcteryx.co.kr > products > category > 69,액세서리,공용,,,,2026-04-19 16:54
ARCTERYX,https://arcteryx.co.kr/products/category/69,https://arcteryx.co.kr/products/view/685847,아크테릭스코리아 : 메리노 울 미드 버드 삭스,,,,https://public.arcteryx.co.kr/metas/i3V7gA0vwHQIWpOrvXgO9iGyPHb30MmDps9kMJr5.png,,,,액세서리,https://arcteryx.co.kr/products/category/69,https: > arcteryx.co.kr > products > category > 69,액세서리,공용,,,,2026-04-19 16:54
ARCTERYX,https://arcteryx.co.kr/products/category/69,https://arcteryx.co.kr/products/view/685698,아크테릭스코리아 : 로 헤드밴드,,,,https://public.arcteryx.co.kr/metas/i3V7gA0vwHQIWpOrvXgO9iGyPHb30MmDps9kMJr5.png,,,,액세서리,https://arcteryx.co.kr/products/category/69,https: > arcteryx.co.kr > products > category > 69,액세서리,공용,,,,2026-04-19 16:54
ARCTERYX,https://arcteryx.co.kr/products/category/69,https://arcteryx.co.kr/products/view/685857,아크테릭스코리아 : 벤타 글러브,,,,https://public.arcteryx.co.kr/metas/i3V7gA0vwHQIWpOrvXgO9iGyPHb30MmDps9kMJr5.png,,,,액세서리,https://arcteryx.co.kr/products/category/69,https: > arcteryx.co.kr > products > category > 69,액세서리,공용,,,,2026-04-19 16:54
ARCTERYX,https://arcteryx.co.kr/products/category/69,https://arcteryx.co.kr/products/view/685701,아크테릭스코리아 : 컬러 블록 토크,,,,https://public.arcteryx.co.kr/metas/i3V7gA0vwHQIWpOrvXgO9iGyPHb30MmDps9kMJr5.png,,,,액세서리,https://arcteryx.co.kr/products/category/69,https: > arcteryx.co.kr > products > category > 69,액세서리,공용,,,,2026-04-19 16:54
ARCTERYX,https://arcteryx.co.kr/products/category/69,https://arcteryx.co.kr/products/view/685841,아크테릭스코리아 : 로 토크,,,,https://public.arcteryx.co.kr/metas/i3V7gA0vwHQIWpOrvXgO9iGyPHb30MmDps9kMJr5.png,,,,액세서리,https://arcteryx.co.kr/products/category/69,https: > arcteryx.co.kr > products > category > 69,액세서리,공용,,,,2026-04-19 16:54
ARCTERYX,https://arcteryx.co.kr/products/category/69,https://arcteryx.co.kr/products/view/685860,아크테릭스코리아 : 사토로 메리노 넥 게이터,,,,https://public.arcteryx.co.kr/metas/i3V7gA0vwHQIWpOrvXgO9iGyPHb30MmDps9kMJr5.png,,,,액세서리,https://arcteryx.co.kr/products/category/69,https: > arcteryx.co.kr > products > category > 69,액세서리,공용,,,,2026-04-19 16:54
ARCTERYX,https://arcteryx.co.kr/products/category/69,https://arcteryx.co.kr/products/view/685863,아크테릭스코리아 : 피션 SV 미튼,,,,https://public.arcteryx.co.kr/metas/i3V7gA0vwHQIWpOrvXgO9iGyPHb30MmDps9kMJr5.png,,,,액세서리,https://arcteryx.co.kr/products/category/69,https: > arcteryx.co.kr > products > category > 69,액세서리,공용,,,,2026-04-19 16:54
ARCTERYX,https://arcteryx.co.kr/products/category/69,https://arcteryx.co.kr/products/view/685862,아크테릭스코리아 : 피션 SV 글러브,,,,https://public.arcteryx.co.kr/metas/i3V7gA0vwHQIWpOrvXgO9iGyPHb30MmDps9kMJr5.png,,,,액세서리,https://arcteryx.co.kr/products/category/69,https: > arcteryx.co.kr > products > category > 69,액세서리,공용,,,,2026-04-19 16:54
ARCTERYX,https://arcteryx.co.kr/products/category/69,https://arcteryx.co.kr/products/view/685851,아크테릭스코리아 : 로 토크 프린트,,,,https://public.arcteryx.co.kr/metas/i3V7gA0vwHQIWpOrvXgO9iGyPHb30MmDps9kMJr5.png,,,,액세서리,https://arcteryx.co.kr/products/category/69,https: > arcteryx.co.kr > products > category > 69,액세서리,공용,,,,2026-04-19 16:54
ARCTERYX,https://arcteryx.co.kr/products/category/69,https://arcteryx.co.kr/products/view/685858,아크테릭스코리아 : 벤타 GTX 글러브,,,,https://public.arcteryx.co.kr/metas/i3V7gA0vwHQIWpOrvXgO9iGyPHb30MmDps9kMJr5.png,,,,액세서리,https://arcteryx.co.kr/products/category/69,https: > arcteryx.co.kr > products > category > 69,액세서리,공용,,,,2026-04-19 16:54
ARCTERYX,https://arcteryx.co.kr/products/category/69,https://arcteryx.co.kr/products/view/685850,아크테릭스코리아 : 로 넥 게이터 프린트,,,,https://public.arcteryx.co.kr/metas/i3V7gA0vwHQIWpOrvXgO9iGyPHb30MmDps9kMJr5.png,,,,액세서리,https://arcteryx.co.kr/products/category/69,https: > arcteryx.co.kr > products > category > 69,액세서리,공용,,,,2026-04-19 16:54
ARCTERYX,https://arcteryx.co.kr/products/category/69,https://arcteryx.co.kr/products/view/685845,아크테릭스코리아 : 워드 헤드 토크,,,,https://public.arcteryx.co.kr/metas/i3V7gA0vwHQIWpOrvXgO9iGyPHb30MmDps9kMJr5.png,,,,액세서리,https://arcteryx.co.kr/products/category/69,https: > arcteryx.co.kr > products > category > 69,액세서리,공용,,,,2026-04-19 16:54
ARCTERYX,https://arcteryx.co.kr/products/category/69,https://arcteryx.co.kr/products/view/685846,아크테릭스코리아 : 베타 다운 미튼,,,,https://public.arcteryx.co.kr/metas/i3V7gA0vwHQIWpOrvXgO9iGyPHb30MmDps9kMJr5.png,,,,액세서리,https://arcteryx.co.kr/products/category/69,https: > arcteryx.co.kr > products > category > 69,액세서리,공용,,,,2026-04-19 16:54
ARCTERYX,https://arcteryx.co.kr/products/category/69,https://arcteryx.co.kr/products/view/685861,아크테릭스코리아 : 벤타 미튼,,,,https://public.arcteryx.co.kr/metas/i3V7gA0vwHQIWpOrvXgO9iGyPHb30MmDps9kMJr5.png,,,,액세서리,https://arcteryx.co.kr/products/category/69,https: > arcteryx.co.kr > products > category > 69,액세서리,공용,,,,2026-04-19 16:54
ARCTERYX,https://arcteryx.co.kr/products/category/69,https://arcteryx.co.kr/products/view/685859,아크테릭스코리아 : 사토로 메리노 토크,,,,https://public.arcteryx.co.kr/metas/i3V7gA0vwHQIWpOrvXgO9iGyPHb30MmDps9kMJr5.png,,,,액세서리,https://arcteryx.co.kr/products/category/69,https: > arcteryx.co.kr > products > category > 69,액세서리,공용,,,,2026-04-19 16:54
ARCTERYX,https://arcteryx.co.kr/products/category/69,https://arcteryx.co.kr/products/view/685843,아크테릭스코리아 : 멀로우 토크,,,,https://public.arcteryx.co.kr/metas/i3V7gA0vwHQIWpOrvXgO9iGyPHb30MmDps9kMJr5.png,,,,액세서리,https://arcteryx.co.kr/products/category/69,https: > arcteryx.co.kr > products > category > 69,액세서리,공용,,,,2026-04-19 16:54
ARCTERYX,https://arcteryx.co.kr/products/category/69,https://arcteryx.co.kr/products/view/685839,아크테릭스코리아 : 로 넥 게이터 롱,,,,https://public.arcteryx.co.kr/metas/i3V7gA0vwHQIWpOrvXgO9iGyPHb30MmDps9kMJr5.png,,,,액세서리,https://arcteryx.co.kr/products/category/69,https: > arcteryx.co.kr > products > category > 69,액세서리,공용,,,,2026-04-19 16:54
ARCTERYX,https://arcteryx.co.kr/products/category/69,https://arcteryx.co.kr/products/view/685866,아크테릭스코리아 : 청키 립드 토크,,,,https://public.arcteryx.co.kr/metas/i3V7gA0vwHQIWpOrvXgO9iGyPHb30MmDps9kMJr5.png,,,,액세서리,https://arcteryx.co.kr/products/category/69,https: > arcteryx.co.kr > products > category > 69,액세서리,공용,,,,2026-04-19 16:54
ARCTERYX,https://arcteryx.co.kr/products/category/69,https://arcteryx.co.kr/products/view/685865,아크테릭스코리아 : 그로토 토크,,,,https://public.arcteryx.co.kr/metas/i3V7gA0vwHQIWpOrvXgO9iGyPHb30MmDps9kMJr5.png,,,,액세서리,https://arcteryx.co.kr/products/category/69,https: > arcteryx.co.kr > products > category > 69,액세서리,공용,,,,2026-04-19 16:54
ARCTERYX,https://arcteryx.co.kr/products/category/69,https://arcteryx.co.kr/products/view/685855,아크테릭스코리아 : 립드 토크,,,,https://public.arcteryx.co.kr/metas/i3V7gA0vwHQIWpOrvXgO9iGyPHb30MmDps9kMJr5.png,,,,액세서리,https://arcteryx.co.kr/products/category/69,https: > arcteryx.co.kr > products > category > 69,액세서리,공용,,,,2026-04-19 16:54
ARCTERYX,https://arcteryx.co.kr/products/category/69,https://arcteryx.co.kr/products/view/685853,아크테릭스코리아 : 사토로 메리노 헤드밴드,,,,https://public.arcteryx.co.kr/metas/i3V7gA0vwHQIWpOrvXgO9iGyPHb30MmDps9kMJr5.png,,,,액세서리,https://arcteryx.co.kr/products/category/69,https: > arcteryx.co.kr > products > category > 69,액세서리,공용,,,,2026-04-19 16:54
ARCTERYX,https://arcteryx.co.kr/products/category/69,https://arcteryx.co.kr/products/view/685028,아크테릭스코리아 : 칼버스 캡,,,,https://public.arcteryx.co.kr/metas/i3V7gA0vwHQIWpOrvXgO9iGyPHb30MmDps9kMJr5.png,,,,액세서리,https://arcteryx.co.kr/products/category/69,https: > arcteryx.co.kr > products > category > 69,액세서리,공용,,,,2026-04-19 16:54
ARCTERYX,https://arcteryx.co.kr/products/category/69,https://arcteryx.co.kr/products/view/685040,아크테릭스코리아 : 메리노 울 그로토 미드 삭스,,,,https://public.arcteryx.co.kr/metas/i3V7gA0vwHQIWpOrvXgO9iGyPHb30MmDps9kMJr5.png,,,,액세서리,https://arcteryx.co.kr/products/category/69,https: > arcteryx.co.kr > products > category > 69,액세서리,공용,,,,2026-04-19 16:54
ARCTERYX,https://arcteryx.co.kr/products/category/69,https://arcteryx.co.kr/products/view/685039,아크테릭스코리아 : 메리노 울 미드 버드 삭스,,,,https://public.arcteryx.co.kr/metas/i3V7gA0vwHQIWpOrvXgO9iGyPHb30MmDps9kMJr5.png,,,,액세서리,https://arcteryx.co.kr/products/category/69,https: > arcteryx.co.kr > products > category > 69,액세서리,공용,,,,2026-04-19 16:54
ARCTERYX,https://arcteryx.co.kr/products/category/69,https://arcteryx.co.kr/products/view/685037,아크테릭스코리아 : 버드 트러커 커브드 브림 햇,,,,https://public.arcteryx.co.kr/metas/i3V7gA0vwHQIWpOrvXgO9iGyPHb30MmDps9kMJr5.png,,,,액세서리,https://arcteryx.co.kr/products/category/69,https: > arcteryx.co.kr > products > category > 69,액세서리,공용,,,,2026-04-19 16:54
ARCTERYX,https://arcteryx.co.kr/products/category/69,https://arcteryx.co.kr/products/view/685029,아크테릭스코리아 : 로프 글러브,,,,https://public.arcteryx.co.kr/metas/i3V7gA0vwHQIWpOrvXgO9iGyPHb30MmDps9kMJr5.png,,,,액세서리,https://arcteryx.co.kr/products/category/69,https: > arcteryx.co.kr > products > category > 69,액세서리,공용,,,,2026-04-19 16:54
ARCTERYX,https://arcteryx.co.kr/products/category/69,https://arcteryx.co.kr/products/view/685030,아크테릭스코리아 : 로 글러브,,,,https://public.arcteryx.co.kr/metas/i3V7gA0vwHQIWpOrvXgO9iGyPHb30MmDps9kMJr5.png,,,,액세서리,https://arcteryx.co.kr/products/category/69,https: > arcteryx.co.kr > products > category > 69,액세서리,공용,,,,2026-04-19 16:54
ARCTERYX,https://arcteryx.co.kr/products/category/69,https://arcteryx.co.kr/products/view/685053,아크테릭스코리아 : 스몰 버드 캡,,,,https://public.arcteryx.co.kr/metas/i3V7gA0vwHQIWpOrvXgO9iGyPHb30MmDps9kMJr5.png,,,,액세서리,https://arcteryx.co.kr/products/category/69,https: > arcteryx.co.kr > products > category > 69,액세서리,공용,,,,2026-04-19 16:54
ARCTERYX,https://arcteryx.co.kr/products/category/69,https://arcteryx.co.kr/products/view/685047,아크테릭스코리아 : 신솔라 쉐이드 햇,,,,https://public.arcteryx.co.kr/metas/i3V7gA0vwHQIWpOrvXgO9iGyPHb30MmDps9kMJr5.png,,,,액세서리,https://arcteryx.co.kr/products/category/69,https: > arcteryx.co.kr > products > category > 69,액세서리,공용,,,,2026-04-19 16:54
ARCTERYX,https://arcteryx.co.kr/products/category/69,https://arcteryx.co.kr/products/view/685046,아크테릭스코리아 : 신솔로 버킷 햇,,,,https://public.arcteryx.co.kr/metas/i3V7gA0vwHQIWpOrvXgO9iGyPHb30MmDps9kMJr5.png,,,,액세서리,https://arcteryx.co.kr/products/category/69,https: > arcteryx.co.kr > products > category > 69,액세서리,공용,,,,2026-04-19 16:54
ARCTERYX,https://arcteryx.co.kr/products/category/69,https://arcteryx.co.kr/products/view/685045,아크테릭스코리아 : 시마 5 패널 캡,,,,https://public.arcteryx.co.kr/metas/i3V7gA0vwHQIWpOrvXgO9iGyPHb30MmDps9kMJr5.png,,,,액세서리,https://arcteryx.co.kr/products/category/69,https: > arcteryx.co.kr > products > category > 69,액세서리,공용,,,,2026-04-19 16:54
ARCTERYX,https://arcteryx.co.kr/products/category/69,https://arcteryx.co.kr/products/view/685044,아크테릭스코리아 : 감마 5 패널 캡,,,,https://public.arcteryx.co.kr/metas/i3V7gA0vwHQIWpOrvXgO9iGyPHb30MmDps9kMJr5.png,,,,액세서리,https://arcteryx.co.kr/products/category/69,https: > arcteryx.co.kr > products > category > 69,액세서리,공용,,,,2026-04-19 16:54
ARCTERYX,https://arcteryx.co.kr/products/category/69,https://arcteryx.co.kr/products/view/685041,아크테릭스코리아 : 오지 인슐레이티드 버킷 햇,• 1인(계정ID 당) 동일 상품 1개 구매 할 수 있습니다. • 아크테릭스 회원 가입 고객에 한하여 구매 가능합니다. • SYSTEM_A 전 품목은 할인 혜택이 적용되지 않습니다. • 인위적 조작 또는 비정상적인 접근을 통한 구매는 자동 주문 취소 처리됩니다.,,,https://public.arcteryx.co.kr/metas/i3V7gA0vwHQIWpOrvXgO9iGyPHb30MmDps9kMJr5.png,,,,액세서리,https://arcteryx.co.kr/products/category/69,https: > arcteryx.co.kr > products > category > 69,액세서리,공용,,,,2026-04-19 16:54
ARCTERYX,https://arcteryx.co.kr/products/category/69,https://arcteryx.co.kr/products/view/685033,아크테릭스코리아 : 신더틱 미드 그로토 삭스,,,,https://public.arcteryx.co.kr/metas/i3V7gA0vwHQIWpOrvXgO9iGyPHb30MmDps9kMJr5.png,,,,액세서리,https://arcteryx.co.kr/products/category/69,https: > arcteryx.co.kr > products > category > 69,액세서리,공용,,,,2026-04-19 16:54
ARCTERYX,https://arcteryx.co.kr/products/category/69,https://arcteryx.co.kr/products/view/685032,아크테릭스코리아 : 노반 캡,,,,https://public.arcteryx.co.kr/metas/i3V7gA0vwHQIWpOrvXgO9iGyPHb30MmDps9kMJr5.png,,,,액세서리,https://arcteryx.co.kr/products/category/69,https: > arcteryx.co.kr > products > category > 69,액세서리,공용,,,,2026-04-19 16:54
ARCTERYX,https://arcteryx.co.kr/products/category/69,https://arcteryx.co.kr/products/view/684794,아크테릭스코리아 : 로 넥 게이터 프린트,,,,https://public.arcteryx.co.kr/metas/i3V7gA0vwHQIWpOrvXgO9iGyPHb30MmDps9kMJr5.png,,,,액세서리,https://arcteryx.co.kr/products/category/69,https: > arcteryx.co.kr > products > category > 69,액세서리,공용,,,,2026-04-19 16:54
ARCTERYX,https://arcteryx.co.kr/products/category/69,https://arcteryx.co.kr/products/view/684704,아크테릭스코리아 : 로 라이트웨이트 울 넥 게이터,,,,https://public.arcteryx.co.kr/metas/i3V7gA0vwHQIWpOrvXgO9iGyPHb30MmDps9kMJr5.png,,,,액세서리,https://arcteryx.co.kr/products/category/69,https: > arcteryx.co.kr > products > category > 69,액세서리,공용,,,,2026-04-19 16:54
ARCTERYX,https://arcteryx.co.kr/products/category/69,https://arcteryx.co.kr/products/view/684692,아크테릭스코리아 : 로 넥 게이터 롱,,,,https://public.arcteryx.co.kr/metas/i3V7gA0vwHQIWpOrvXgO9iGyPHb30MmDps9kMJr5.png,,,,액세서리,https://arcteryx.co.kr/products/category/69,https: > arcteryx.co.kr > products > category > 69,액세서리,공용,,,,2026-04-19 16:54
ARCTERYX,https://arcteryx.co.kr/products/category/69,https://arcteryx.co.kr/products/view/684669,아크테릭스코리아 : 칼라비움 5 패널 울 캡,,,,https://public.arcteryx.co.kr/metas/i3V7gA0vwHQIWpOrvXgO9iGyPHb30MmDps9kMJr5.png,,,,액세서리,https://arcteryx.co.kr/products/category/69,https: > arcteryx.co.kr > products > category > 69,액세서리,공용,,,,2026-04-19 16:54
ARCTERYX,https://arcteryx.co.kr/products/category/69,https://arcteryx.co.kr/products/view/684581,아크테릭스코리아 : 로 글러브,,,,https://public.arcteryx.co.kr/metas/i3V7gA0vwHQIWpOrvXgO9iGyPHb30MmDps9kMJr5.png,,,,액세서리,https://arcteryx.co.kr/products/category/69,https: > arcteryx.co.kr > products > category > 69,액세서리,공용,,,,2026-04-19 16:54
ARCTERYX,https://arcteryx.co.kr/products/category/69,https://arcteryx.co.kr/products/view/684501,아크테릭스코리아 : 컨베이어 벨트 38,,,,https://public.arcteryx.co.kr/metas/i3V7gA0vwHQIWpOrvXgO9iGyPHb30MmDps9kMJr5.png,,,,액세서리,https://arcteryx.co.kr/products/category/69,https: > arcteryx.co.kr > products > category > 69,액세서리,공용,,,,2026-04-19 16:54
ARCTERYX,https://arcteryx.co.kr/products/category/69,https://arcteryx.co.kr/products/view/684497,아크테릭스코리아 : 고딕 글러브,,,,https://public.arcteryx.co.kr/metas/i3V7gA0vwHQIWpOrvXgO9iGyPHb30MmDps9kMJr5.png,,,,액세서리,https://arcteryx.co.kr/products/category/69,https: > arcteryx.co.kr > products > category > 69,액세서리,공용,,,,2026-04-19 16:54
ARCTERYX,https://arcteryx.co.kr/products/category/69,https://arcteryx.co.kr/products/view/684496,아크테릭스코리아 : 팔츠 캡,,,,https://public.arcteryx.co.kr/metas/i3V7gA0vwHQIWpOrvXgO9iGyPHb30MmDps9kMJr5.png,,,,액세서리,https://arcteryx.co.kr/products/category/69,https: > arcteryx.co.kr > products > category > 69,액세서리,공용,,,,2026-04-19 16:54
ARCTERYX,https://arcteryx.co.kr/products/category/69,https://arcteryx.co.kr/products/view/684494,아크테릭스코리아 : 스몰 버드 캡,,,,https://public.arcteryx.co.kr/metas/i3V7gA0vwHQIWpOrvXgO9iGyPHb30MmDps9kMJr5.png,,,,액세서리,https://arcteryx.co.kr/products/category/69,https: > arcteryx.co.kr > products > category > 69,액세서리,공용,,,,2026-04-19 16:54
ARCTERYX,https://arcteryx.co.kr/products/category/69,https://arcteryx.co.kr/products/view/684489,아크테릭스코리아 : 퍼포먼스 트러커 햇,,,,https://public.arcteryx.co.kr/metas/i3V7gA0vwHQIWpOrvXgO9iGyPHb30MmDps9kMJr5.png,,,,액세서리,https://arcteryx.co.kr/products/category/69,https: > arcteryx.co.kr > products > category > 69,액세서리,공용,,,,2026-04-19 16:54
ARCTERYX,https://arcteryx.co.kr/products/category/69,https://arcteryx.co.kr/products/view/683966,아크테릭스코리아 : 퍼포먼스 트러커,,,,https://public.arcteryx.co.kr/metas/i3V7gA0vwHQIWpOrvXgO9iGyPHb30MmDps9kMJr5.png,,,,액세서리,https://arcteryx.co.kr/products/category/69,https: > arcteryx.co.kr > products > category > 69,액세서리,공용,,,,2026-04-19 16:54
ARCTERYX,https://arcteryx.co.kr/products/category/69,https://arcteryx.co.kr/products/view/684488,아크테릭스코리아 : 노반 레귤러 브림 햇,,,,https://public.arcteryx.co.kr/metas/i3V7gA0vwHQIWpOrvXgO9iGyPHb30MmDps9kMJr5.png,,,,액세서리,https://arcteryx.co.kr/products/category/69,https: > arcteryx.co.kr > products > category > 69,액세서리,공용,,,,2026-04-19 16:54
ARCTERYX,https://arcteryx.co.kr/products/category/69,https://arcteryx.co.kr/products/view/683965,아크테릭스코리아 : 노반 바이저,,,,https://public.arcteryx.co.kr/metas/i3V7gA0vwHQIWpOrvXgO9iGyPHb30MmDps9kMJr5.png,,,,액세서리,https://arcteryx.co.kr/products/category/69,https: > arcteryx.co.kr > products > category > 69,액세서리,공용,,,,2026-04-19 16:54
ARCTERYX,https://arcteryx.co.kr/products/category/69,https://arcteryx.co.kr/products/view/683964,아크테릭스코리아 : 노반 햇,,,,https://public.arcteryx.co.kr/metas/i3V7gA0vwHQIWpOrvXgO9iGyPHb30MmDps9kMJr5.png,,,,액세서리,https://arcteryx.co.kr/products/category/69,https: > arcteryx.co.kr > products > category > 69,액세서리,공용,,,,2026-04-19 16:54
ARCTERYX,https://arcteryx.co.kr/products/category/69,https://arcteryx.co.kr/products/view/683963,아크테릭스코리아 : 크랜브룩 햇,,,,https://public.arcteryx.co.kr/metas/i3V7gA0vwHQIWpOrvXgO9iGyPHb30MmDps9kMJr5.png,,,,액세서리,https://arcteryx.co.kr/products/category/69,https: > arcteryx.co.kr > products > category > 69,액세서리,공용,,,,2026-04-19 16:54
ARCTERYX,https://arcteryx.co.kr/products/category/69,https://arcteryx.co.kr/products/view/683962,아크테릭스코리아 : 칼버스 캡,,,,https://public.arcteryx.co.kr/metas/i3V7gA0vwHQIWpOrvXgO9iGyPHb30MmDps9kMJr5.png,,,,액세서리,https://arcteryx.co.kr/products/category/69,https: > arcteryx.co.kr > products > category > 69,액세서리,공용,,,,2026-04-19 16:54
ARCTERYX,https://arcteryx.co.kr/products/category/69,https://arcteryx.co.kr/products/view/683931,아크테릭스코리아 : 고어 5 패널 햇,,,,https://public.arcteryx.co.kr/metas/i3V7gA0vwHQIWpOrvXgO9iGyPHb30MmDps9kMJr5.png,,,,액세서리,https://arcteryx.co.kr/products/category/69,https: > arcteryx.co.kr > products > category > 69,액세서리,공용,,,,2026-04-19 16:54
ARCTERYX,https://arcteryx.co.kr/products/category/69,https://arcteryx.co.kr/products/view/683961,아크테릭스코리아 : 버드 커브드 브림 트러커 햇,,,,https://public.arcteryx.co.kr/metas/i3V7gA0vwHQIWpOrvXgO9iGyPHb30MmDps9kMJr5.png,,,,액세서리,https://arcteryx.co.kr/products/category/69,https: > arcteryx.co.kr > products > category > 69,액세서리,공용,,,,2026-04-19 16:54
ARCTERYX,https://arcteryx.co.kr/products/category/69,https://arcteryx.co.kr/products/view/683959,아크테릭스코리아 : 에어리어스 버킷 햇,,,,https://public.arcteryx.co.kr/metas/i3V7gA0vwHQIWpOrvXgO9iGyPHb30MmDps9kMJr5.png,,,,액세서리,https://arcteryx.co.kr/products/category/69,https: > arcteryx.co.kr > products > category > 69,액세서리,공용,,,,2026-04-19 16:54
ARCTERYX,https://arcteryx.co.kr/products/category/69,https://arcteryx.co.kr/products/view/683860,아크테릭스코리아 : 버킷 햇,,,,https://public.arcteryx.co.kr/metas/i3V7gA0vwHQIWpOrvXgO9iGyPHb30MmDps9kMJr5.png,,,,액세서리,https://arcteryx.co.kr/products/category/69,https: > arcteryx.co.kr > products > category > 69,액세서리,공용,,,,2026-04-19 16:54
ARCTERYX,https://arcteryx.co.kr/products/category/69,https://arcteryx.co.kr/products/view/683794,아크테릭스코리아 : 신솔로 햇,,,,https://public.arcteryx.co.kr/metas/i3V7gA0vwHQIWpOrvXgO9iGyPHb30MmDps9kMJr5.png,,,,액세서리,https://arcteryx.co.kr/products/category/69,https: > arcteryx.co.kr > products > category > 69,액세서리,공용,,,,2026-04-19 16:54
ARCTERYX,https://arcteryx.co.kr/products/category/69,https://arcteryx.co.kr/products/view/683028,아크테릭스코리아 : 신솔로 햇,· 과도한 상품 구매를 방지하고자 1인 2개 수량 구매가 가능합니다. · 초과 주문 시 취소 처리가 될 수 있는 점 양해 부탁 드립니다.,,,https://public.arcteryx.co.kr/metas/i3V7gA0vwHQIWpOrvXgO9iGyPHb30MmDps9kMJr5.png,,,,액세서리,https://arcteryx.co.kr/products/category/69,https: > arcteryx.co.kr > products > category > 69,액세서리,공용,,,,2026-04-19 16:54
ARCTERYX,https://arcteryx.co.kr/products/category/69,https://arcteryx.co.kr/products/view/683027,아크테릭스코리아 : 신솔라 햇,,,,https://public.arcteryx.co.kr/metas/i3V7gA0vwHQIWpOrvXgO9iGyPHb30MmDps9kMJr5.png,,,,액세서리,https://arcteryx.co.kr/products/category/69,https: > arcteryx.co.kr > products > category > 69,액세서리,공용,,,,2026-04-19 16:54
ARCTERYX,https://arcteryx.co.kr/products/category/69,https://arcteryx.co.kr/products/view/683025,아크테릭스코리아 : 팔츠 캡 PRINT,,,,https://public.arcteryx.co.kr/metas/i3V7gA0vwHQIWpOrvXgO9iGyPHb30MmDps9kMJr5.png,,,,액세서리,https://arcteryx.co.kr/products/category/69,https: > arcteryx.co.kr > products > category > 69,액세서리,공용,,,,2026-04-19 16:54
ARCTERYX,https://arcteryx.co.kr/products/category/69,https://arcteryx.co.kr/products/view/685036,아크테릭스코리아 : 벤타 글러브,,,,https://public.arcteryx.co.kr/metas/i3V7gA0vwHQIWpOrvXgO9iGyPHb30MmDps9kMJr5.png,,,,액세서리,https://arcteryx.co.kr/products/category/69,https: > arcteryx.co.kr > products > category > 69,액세서리,공용,,,,2026-04-19 16:54
ARCTERYX,https://arcteryx.co.kr/products/category/69,https://arcteryx.co.kr/products/view/684705,아크테릭스코리아 : 로 라이트웨이트 울 바라클라바,,,,https://public.arcteryx.co.kr/metas/i3V7gA0vwHQIWpOrvXgO9iGyPHb30MmDps9kMJr5.png,,,,액세서리,https://arcteryx.co.kr/products/category/69,https: > arcteryx.co.kr > products > category > 69,액세서리,공용,,,,2026-04-19 16:54
ARCTERYX,https://arcteryx.co.kr/products/category/69,https://arcteryx.co.kr/products/view/684588,아크테릭스코리아 : 메리노 울 미드 삭스,,,,https://public.arcteryx.co.kr/metas/i3V7gA0vwHQIWpOrvXgO9iGyPHb30MmDps9kMJr5.png,,,,액세서리,https://arcteryx.co.kr/products/category/69,https: > arcteryx.co.kr > products > category > 69,액세서리,공용,,,,2026-04-19 16:54
ARCTERYX,https://arcteryx.co.kr/products/category/69,https://arcteryx.co.kr/products/view/684580,아크테릭스코리아 : 벤타 미튼,,,,https://public.arcteryx.co.kr/metas/i3V7gA0vwHQIWpOrvXgO9iGyPHb30MmDps9kMJr5.png,,,,액세서리,https://arcteryx.co.kr/products/category/69,https: > arcteryx.co.kr > products > category > 69,액세서리,공용,,,,2026-04-19 16:54
ARCTERYX,https://arcteryx.co.kr/products/category/70,https://arcteryx.co.kr/products/category/69,아크테릭스코리아 : 액세서리,아크테릭스코리아 액세서리,,,https://public.arcteryx.co.kr/metas/i3V7gA0vwHQIWpOrvXgO9iGyPHb30MmDps9kMJr5.png,,,,ACC,https://arcteryx.co.kr/products/category/70,https: > arcteryx.co.kr > products > category > 70,ACC,공용,,,,2026-04-19 16:54
ARCTERYX,https://arcteryx.co.kr/products/category/75,https://arcteryx.co.kr/products/view/686234,아크테릭스코리아 : 이온 SL 초크백,,,,https://public.arcteryx.co.kr/metas/i3V7gA0vwHQIWpOrvXgO9iGyPHb30MmDps9kMJr5.png,,,,클라이밍 장비,https://arcteryx.co.kr/products/category/75,https: > arcteryx.co.kr > products > category > 75,클라이밍 장비,공용,,,,2026-04-19 16:54
ARCTERYX,https://arcteryx.co.kr/products/category/75,https://arcteryx.co.kr/products/view/685703,아크테릭스코리아 : 이온 라이트 쵸크 백,,,,https://public.arcteryx.co.kr/metas/i3V7gA0vwHQIWpOrvXgO9iGyPHb30MmDps9kMJr5.png,,,,클라이밍 장비,https://arcteryx.co.kr/products/category/75,https: > arcteryx.co.kr > products > category > 75,클라이밍 장비,공용,,,,2026-04-19 16:54
ARCTERYX,https://arcteryx.co.kr/products/category/76,https://arcteryx.co.kr/products/category/75,아크테릭스코리아 : 클라이밍 장비,아크테릭스코리아 클라이밍 장비,,,https://public.arcteryx.co.kr/metas/i3V7gA0vwHQIWpOrvXgO9iGyPHb30MmDps9kMJr5.png,,,,하네스,https://arcteryx.co.kr/products/category/76,https: > arcteryx.co.kr > products > category > 76,하네스,공용,,,,2026-04-19 16:54
ARCTERYX,https://arcteryx.co.kr/products/category/75,https://arcteryx.co.kr/products/view/686233,아크테릭스코리아 : 이온 초크 버킷,,,,https://public.arcteryx.co.kr/metas/i3V7gA0vwHQIWpOrvXgO9iGyPHb30MmDps9kMJr5.png,,,,클라이밍 장비,https://arcteryx.co.kr/products/category/75,https: > arcteryx.co.kr > products > category > 75,클라이밍 장비,공용,,,,2026-04-19 16:54
ARCTERYX,https://arcteryx.co.kr/products/category/78,https://arcteryx.co.kr/products/view/685842,아크테릭스코리아 : 메리노 울 그로토 스키 삭스,,,,https://public.arcteryx.co.kr/metas/i3V7gA0vwHQIWpOrvXgO9iGyPHb30MmDps9kMJr5.png,,,,액티비티,https://arcteryx.co.kr/products/category/78,https: > arcteryx.co.kr > products > category > 78,액티비티,공용,,,,2026-04-19 16:54
ARCTERYX,https://arcteryx.co.kr/products/category/78,https://arcteryx.co.kr/products/view/686510,아크테릭스코리아 : 에어리어스 35 백팩,,,,https://public.arcteryx.co.kr/metas/i3V7gA0vwHQIWpOrvXgO9iGyPHb30MmDps9kMJr5.png,,,,액티비티,https://arcteryx.co.kr/products/category/78,https: > arcteryx.co.kr > products > category > 78,액티비티,공용,,,,2026-04-19 16:54
ARCTERYX,https://arcteryx.co.kr/products/category/78,https://arcteryx.co.kr/products/view/685008,아크테릭스코리아 : 오지 인슐레이티드 토트,• 1인(계정ID 당) 동일 상품 1개 구매 할 수 있습니다. • 아크테릭스 회원 가입 고객에 한하여 구매 가능합니다.,,,https://public.arcteryx.co.kr/metas/i3V7gA0vwHQIWpOrvXgO9iGyPHb30MmDps9kMJr5.png,,,,액티비티,https://arcteryx.co.kr/products/category/78,https: > arcteryx.co.kr > products > category > 78,액티비티,공용,,,,2026-04-19 16:54
ARCTERYX,https://arcteryx.co.kr/products/category/78,https://arcteryx.co.kr/products/view/684965,아크테릭스코리아 : 로 헤드밴드,,,,https://public.arcteryx.co.kr/metas/i3V7gA0vwHQIWpOrvXgO9iGyPHb30MmDps9kMJr5.png,,,,액티비티,https://arcteryx.co.kr/products/category/78,https: > arcteryx.co.kr > products > category > 78,액티비티,공용,,,,2026-04-19 16:54
ARCTERYX,https://arcteryx.co.kr/products/category/78,https://arcteryx.co.kr/products/view/685049,아크테릭스코리아 : 에어리어스 5 패널 캡,,,,https://public.arcteryx.co.kr/metas/i3V7gA0vwHQIWpOrvXgO9iGyPHb30MmDps9kMJr5.png,,,,액티비티,https://arcteryx.co.kr/products/category/78,https: > arcteryx.co.kr > products > category > 78,액티비티,공용,,,,2026-04-19 16:54
ARCTERYX,https://arcteryx.co.kr/products/category/78,https://arcteryx.co.kr/products/view/685025,아크테릭스코리아 : 노반 7 베스트 여성,,,,https://public.arcteryx.co.kr/metas/i3V7gA0vwHQIWpOrvXgO9iGyPHb30MmDps9kMJr5.png,,,,액티비티,https://arcteryx.co.kr/products/category/78,https: > arcteryx.co.kr > products > category > 78,액티비티,공용,,,,2026-04-19 16:54
ARCTERYX,https://arcteryx.co.kr/products/category/78,https://arcteryx.co.kr/products/view/685043,아크테릭스코리아 : 버드 워드 캡,,,,https://public.arcteryx.co.kr/metas/i3V7gA0vwHQIWpOrvXgO9iGyPHb30MmDps9kMJr5.png,,,,액티비티,https://arcteryx.co.kr/products/category/78,https: > arcteryx.co.kr > products > category > 78,액티비티,공용,,,,2026-04-19 16:54
ARCTERYX,https://arcteryx.co.kr/products/category/78,https://arcteryx.co.kr/products/view/685026,아크테릭스코리아 : 컨베이어 벨트 38,,,,https://public.arcteryx.co.kr/metas/i3V7gA0vwHQIWpOrvXgO9iGyPHb30MmDps9kMJr5.png,,,,액티비티,https://arcteryx.co.kr/products/category/78,https: > arcteryx.co.kr > products > category > 78,액티비티,공용,,,,2026-04-19 16:54
ARCTERYX,https://arcteryx.co.kr/products/category/78,https://arcteryx.co.kr/products/view/683932,아크테릭스코리아 : 노반 레귤러 브림 햇,,,,https://public.arcteryx.co.kr/metas/i3V7gA0vwHQIWpOrvXgO9iGyPHb30MmDps9kMJr5.png,,,,액티비티,https://arcteryx.co.kr/products/category/78,https: > arcteryx.co.kr > products > category > 78,액티비티,공용,,,,2026-04-19 16:54
ARCTERYX,https://arcteryx.co.kr/products/category/78,https://arcteryx.co.kr/products/view/683911,아크테릭스코리아 : 팔츠 캡,,,,https://public.arcteryx.co.kr/metas/i3V7gA0vwHQIWpOrvXgO9iGyPHb30MmDps9kMJr5.png,,,,액티비티,https://arcteryx.co.kr/products/category/78,https: > arcteryx.co.kr > products > category > 78,액티비티,공용,,,,2026-04-19 16:54
ARCTERYX,https://arcteryx.co.kr/products/category/78,https://arcteryx.co.kr/products/view/683768,아크테릭스코리아 : 노반 바이저,,,,https://public.arcteryx.co.kr/metas/i3V7gA0vwHQIWpOrvXgO9iGyPHb30MmDps9kMJr5.png,,,,액티비티,https://arcteryx.co.kr/products/category/78,https: > arcteryx.co.kr > products > category > 78,액티비티,공용,,,,2026-04-19 16:54
ARCTERYX,https://arcteryx.co.kr/products/category/78,https://arcteryx.co.kr/products/view/683022,아크테릭스코리아 : 헬리아드 벨트 38,,,,https://public.arcteryx.co.kr/metas/i3V7gA0vwHQIWpOrvXgO9iGyPHb30MmDps9kMJr5.png,,,,액티비티,https://arcteryx.co.kr/products/category/78,https: > arcteryx.co.kr > products > category > 78,액티비티,공용,,,,2026-04-19 16:54
ARCTERYX,https://arcteryx.co.kr/products/category/78,https://arcteryx.co.kr/products/view/683960,아크테릭스코리아 : 에어리어스 쉐이드 햇,,,,https://public.arcteryx.co.kr/metas/i3V7gA0vwHQIWpOrvXgO9iGyPHb30MmDps9kMJr5.png,,,,액티비티,https://arcteryx.co.kr/products/category/78,https: > arcteryx.co.kr > products > category > 78,액티비티,공용,,,,2026-04-19 16:54
ARCTERYX,https://arcteryx.co.kr/products/category/78,https://arcteryx.co.kr/products/view/683021,아크테릭스코리아 : 헬리아드 벨트 32,,,,https://public.arcteryx.co.kr/metas/i3V7gA0vwHQIWpOrvXgO9iGyPHb30MmDps9kMJr5.png,,,,액티비티,https://arcteryx.co.kr/products/category/78,https: > arcteryx.co.kr > products > category > 78,액티비티,공용,,,,2026-04-19 16:54
ARCTERYX,https://arcteryx.co.kr/products/category/79,https://arcteryx.co.kr/products/category/78,아크테릭스코리아 :,아크테릭스코리아,,,https://public.arcteryx.co.kr/metas/i3V7gA0vwHQIWpOrvXgO9iGyPHb30MmDps9kMJr5.png,,,,클라임,https://arcteryx.co.kr/products/category/79,https: > arcteryx.co.kr > products > category > 79,클라임,공용,,,,2026-04-19 16:54
ARCTERYX,https://arcteryx.co.kr/products/category/53,https://arcteryx.co.kr/products/view/686504,아크테릭스코리아 : 베타 SV 팬츠 여성,,,,https://public.arcteryx.co.kr/metas/i3V7gA0vwHQIWpOrvXgO9iGyPHb30MmDps9kMJr5.png,,,,의류,https://arcteryx.co.kr/products/category/53,https: > arcteryx.co.kr > products > category > 53,의류,공용,,,,2026-04-27 17:32
ARCTERYX,https://arcteryx.co.kr/products/category/53,https://arcteryx.co.kr/products/view/686503,아크테릭스코리아 : 베타 팬츠 여성,,,,https://public.arcteryx.co.kr/metas/i3V7gA0vwHQIWpOrvXgO9iGyPHb30MmDps9kMJr5.png,,,,의류,https://arcteryx.co.kr/products/category/53,https: > arcteryx.co.kr > products > category > 53,의류,공용,,,,2026-04-27 17:32
ARCTERYX,https://arcteryx.co.kr/products/category/75,https://arcteryx.co.kr/products/view/686497,아크테릭스코리아 : 리토스 SL 하네스,,,,https://public.arcteryx.co.kr/metas/i3V7gA0vwHQIWpOrvXgO9iGyPHb30MmDps9kMJr5.png,,,,클라이밍 장비,https://arcteryx.co.kr/products/category/75,https: > arcteryx.co.kr > products > category > 75,클라이밍 장비,공용,,,,2026-05-08 17:29
ARCTERYX,https://arcteryx.co.kr/products/category/53,https://arcteryx.co.kr/products/view/686332,아크테릭스코리아 : 감마 SL 팬츠 여성,,,,https://public.arcteryx.co.kr/metas/i3V7gA0vwHQIWpOrvXgO9iGyPHb30MmDps9kMJr5.png,,,,의류,https://arcteryx.co.kr/products/category/53,https: > arcteryx.co.kr > products > category > 53,의류,공용,,,,2026-05-12 18:08
ARCTERYX,https://arcteryx.co.kr/products/category/53,https://arcteryx.co.kr/products/view/686281,아크테릭스코리아 : 아톰 SL 재킷 여성,,,,https://public.arcteryx.co.kr/metas/i3V7gA0vwHQIWpOrvXgO9iGyPHb30MmDps9kMJr5.png,,,,의류,https://arcteryx.co.kr/products/category/53,https: > arcteryx.co.kr > products > category > 53,의류,공용,,,,2026-05-12 18:08
ARCTERYX,https://arcteryx.co.kr/products/category/53,https://arcteryx.co.kr/products/view/686282,아크테릭스코리아 : 아톰 SL 후디 여성,,,,https://public.arcteryx.co.kr/metas/i3V7gA0vwHQIWpOrvXgO9iGyPHb30MmDps9kMJr5.png,,,,의류,https://arcteryx.co.kr/products/category/53,https: > arcteryx.co.kr > products > category > 53,의류,공용,,,,2026-05-12 18:08
ARCTERYX,https://arcteryx.co.kr/products/category/53,https://arcteryx.co.kr/products/view/686399,아크테릭스코리아 : 수나 후디 여성,,,,https://public.arcteryx.co.kr/metas/i3V7gA0vwHQIWpOrvXgO9iGyPHb30MmDps9kMJr5.png,,,,의류,https://arcteryx.co.kr/products/category/53,https: > arcteryx.co.kr > products > category > 53,의류,공용,,,,2026-05-21 18:09
ARCTERYX,https://arcteryx.co.kr/products/category/53,https://arcteryx.co.kr/products/view/686288,아크테릭스코리아 : 알파 SV 재킷 여성,,,,https://public.arcteryx.co.kr/metas/i3V7gA0vwHQIWpOrvXgO9iGyPHb30MmDps9kMJr5.png,,,,의류,https://arcteryx.co.kr/products/category/53,https: > arcteryx.co.kr > products > category > 53,의류,공용,,,,2026-05-21 18:09
ARCTERYX,https://arcteryx.co.kr/products/category/53,https://arcteryx.co.kr/products/view/686291,아크테릭스코리아 : 소니 유틸리티 재킷 여성,,,,https://public.arcteryx.co.kr/metas/i3V7gA0vwHQIWpOrvXgO9iGyPHb30MmDps9kMJr5.png,,,,의류,https://arcteryx.co.kr/products/category/53,https: > arcteryx.co.kr > products > category > 53,의류,공용,,,,2026-05-21 18:09
ARCTERYX,https://arcteryx.co.kr/products/category/53,https://arcteryx.co.kr/products/view/686396,아크테릭스코리아 : 수나 크루 셔츠 LS 여성,,,,https://public.arcteryx.co.kr/metas/i3V7gA0vwHQIWpOrvXgO9iGyPHb30MmDps9kMJr5.png,,,,의류,https://arcteryx.co.kr/products/category/53,https: > arcteryx.co.kr > products > category > 53,의류,공용,,,,2026-05-21 18:09
ARCTERYX,https://arcteryx.co.kr/products/category/53,https://arcteryx.co.kr/products/view/686301,아크테릭스코리아 : 세륨 베스트 여성,,,,https://public.arcteryx.co.kr/metas/i3V7gA0vwHQIWpOrvXgO9iGyPHb30MmDps9kMJr5.png,,,,의류,https://arcteryx.co.kr/products/category/53,https: > arcteryx.co.kr > products > category > 53,의류,공용,,,,2026-05-21 18:09
ARCTERYX,https://arcteryx.co.kr/products/category/53,https://arcteryx.co.kr/products/view/686513,아크테릭스코리아 : 세륨 SL 후디 여성,,,,https://public.arcteryx.co.kr/metas/i3V7gA0vwHQIWpOrvXgO9iGyPHb30MmDps9kMJr5.png,,,,의류,https://arcteryx.co.kr/products/category/53,https: > arcteryx.co.kr > products > category > 53,의류,공용,,,,2026-05-21 18:09
ARCTERYX,https://arcteryx.co.kr/products/category/53,https://arcteryx.co.kr/products/view/686280,아크테릭스코리아 : 프로톤 SL 후디 여성,,,,https://public.arcteryx.co.kr/metas/i3V7gA0vwHQIWpOrvXgO9iGyPHb30MmDps9kMJr5.png,,,,의류,https://arcteryx.co.kr/products/category/53,https: > arcteryx.co.kr > products > category > 53,의류,공용,,,,2026-05-21 18:09
ARCTERYX,https://arcteryx.co.kr/products/category/53,https://arcteryx.co.kr/products/view/686455,아크테릭스코리아 : 신솔라 후디 여성,,,,https://public.arcteryx.co.kr/metas/i3V7gA0vwHQIWpOrvXgO9iGyPHb30MmDps9kMJr5.png,,,,의류,https://arcteryx.co.kr/products/category/53,https: > arcteryx.co.kr > products > category > 53,의류,공용,,,,2026-05-28 21:51
ARCTERYX,https://arcteryx.co.kr/products/category/53,https://arcteryx.co.kr/products/view/686505,"아크테릭스코리아 : 감마 쇼츠 6"" 여성",,,,https://public.arcteryx.co.kr/metas/i3V7gA0vwHQIWpOrvXgO9iGyPHb30MmDps9kMJr5.png,,,,의류,https://arcteryx.co.kr/products/category/53,https: > arcteryx.co.kr > products > category > 53,의류,공용,,,,2026-05-28 21:51
ARCTERYX,https://arcteryx.co.kr/products/category/53,https://arcteryx.co.kr/products/view/686341,"아크테릭스코리아 : 감마 쇼츠 9"" 여성",,,,https://public.arcteryx.co.kr/metas/i3V7gA0vwHQIWpOrvXgO9iGyPHb30MmDps9kMJr5.png,,,,의류,https://arcteryx.co.kr/products/category/53,https: > arcteryx.co.kr > products > category > 53,의류,공용,,,,2026-05-28 21:51
ARCTERYX,https://arcteryx.co.kr/products/category/53,https://arcteryx.co.kr/products/view/686398,아크테릭스코리아 : 수나 스피드 버드 크루 셔츠 SS 여성,,,,https://public.arcteryx.co.kr/metas/i3V7gA0vwHQIWpOrvXgO9iGyPHb30MmDps9kMJr5.png,,,,의류,https://arcteryx.co.kr/products/category/53,https: > arcteryx.co.kr > products > category > 53,의류,공용,,,,2026-05-28 21:51
ARCTERYX,https://arcteryx.co.kr/products/category/53,https://arcteryx.co.kr/products/view/686397,아크테릭스코리아 : 수나 크루 셔츠 SS 여성,,,,https://public.arcteryx.co.kr/metas/i3V7gA0vwHQIWpOrvXgO9iGyPHb30MmDps9kMJr5.png,,,,의류,https://arcteryx.co.kr/products/category/53,https: > arcteryx.co.kr > products > category > 53,의류,공용,,,,2026-05-28 21:51
ARCTERYX,https://arcteryx.co.kr/products/category/53,https://arcteryx.co.kr/products/view/686383,아크테릭스코리아 : 시마 셔츠 LS 여성,,,,https://public.arcteryx.co.kr/metas/i3V7gA0vwHQIWpOrvXgO9iGyPHb30MmDps9kMJr5.png,,,,의류,https://arcteryx.co.kr/products/category/53,https: > arcteryx.co.kr > products > category > 53,의류,공용,,,,2026-05-28 21:51
ARCTERYX,https://arcteryx.co.kr/products/category/53,https://arcteryx.co.kr/products/view/686333,"아크테릭스코리아 : 신솔라 쇼츠 5"" 여성",,,,https://public.arcteryx.co.kr/metas/i3V7gA0vwHQIWpOrvXgO9iGyPHb30MmDps9kMJr5.png,,,,의류,https://arcteryx.co.kr/products/category/53,https: > arcteryx.co.kr > products > category > 53,의류,공용,,,,2026-05-28 21:51
ARCTERYX,https://arcteryx.co.kr/products/category/69,https://arcteryx.co.kr/products/view/686194,아크테릭스코리아 : 신솔라 반다나,,,,https://public.arcteryx.co.kr/metas/i3V7gA0vwHQIWpOrvXgO9iGyPHb30MmDps9kMJr5.png,,,,액세서리,https://arcteryx.co.kr/products/category/69,https: > arcteryx.co.kr > products > category > 69,액세서리,공용,,,,2026-05-28 21:51
ARCTERYX,https://arcteryx.co.kr/products/category/69,https://arcteryx.co.kr/products/view/686198,아크테릭스코리아 : 신솔라 쉐이드 햇,,,,https://public.arcteryx.co.kr/metas/i3V7gA0vwHQIWpOrvXgO9iGyPHb30MmDps9kMJr5.png,,,,액세서리,https://arcteryx.co.kr/products/category/69,https: > arcteryx.co.kr > products > category > 69,액세서리,공용,,,,2026-05-28 21:51
ARCTERYX,https://arcteryx.co.kr/products/category/69,https://arcteryx.co.kr/products/view/686495,아크테릭스코리아 : 신솔라 신치 캡,,,,https://public.arcteryx.co.kr/metas/i3V7gA0vwHQIWpOrvXgO9iGyPHb30MmDps9kMJr5.png,,,,액세서리,https://arcteryx.co.kr/products/category/69,https: > arcteryx.co.kr > products > category > 69,액세서리,공용,,,,2026-05-28 21:51
ARCTERYX,https://arcteryx.co.kr/products/category/53,https://arcteryx.co.kr/products/view/686329,"아크테릭스코리아 : 크래그 코튼 쇼츠 9"" 여성",,,,https://public.arcteryx.co.kr/metas/i3V7gA0vwHQIWpOrvXgO9iGyPHb30MmDps9kMJr5.png,,,,의류,https://arcteryx.co.kr/products/category/53,https: > arcteryx.co.kr > products > category > 53,의류,공용,,,,2026-05-28 21:51
ARCTERYX,https://arcteryx.co.kr/products/category/69,https://arcteryx.co.kr/products/view/686197,아크테릭스코리아 : 신솔로 버킷 햇,,,,https://public.arcteryx.co.kr/metas/i3V7gA0vwHQIWpOrvXgO9iGyPHb30MmDps9kMJr5.png,,,,액세서리,https://arcteryx.co.kr/products/category/69,https: > arcteryx.co.kr > products > category > 69,액세서리,공용,,,,2026-05-28 21:51
ARCTERYX,https://arcteryx.co.kr/products/category/69,https://arcteryx.co.kr/products/view/686196,아크테릭스코리아 : 신솔라 쇼츠 브림 버킷 햇,,,,https://public.arcteryx.co.kr/metas/i3V7gA0vwHQIWpOrvXgO9iGyPHb30MmDps9kMJr5.png,,,,액세서리,https://arcteryx.co.kr/products/category/69,https: > arcteryx.co.kr > products > category > 69,액세서리,공용,,,,2026-05-28 21:51
ARCTERYX,https://arcteryx.co.kr/products/category/53,https://arcteryx.co.kr/products/view/686452,아크테릭스코리아 : 콜레 재킷 여성,,,,https://public.arcteryx.co.kr/metas/i3V7gA0vwHQIWpOrvXgO9iGyPHb30MmDps9kMJr5.png,,,,의류,https://arcteryx.co.kr/products/category/53,https: > arcteryx.co.kr > products > category > 53,의류,공용,,,,2026-06-05 18:05
ARCTERYX,https://arcteryx.co.kr/products/category/53,https://arcteryx.co.kr/products/view/686479,아크테릭스코리아 : 올리아 셔츠 LS 여성,,,,https://public.arcteryx.co.kr/metas/i3V7gA0vwHQIWpOrvXgO9iGyPHb30MmDps9kMJr5.png,,,,의류,https://arcteryx.co.kr/products/category/53,https: > arcteryx.co.kr > products > category > 53,의류,공용,,,,2026-06-05 18:05
ARCTERYX,https://arcteryx.co.kr/products/category/53,https://arcteryx.co.kr/products/view/686395,아크테릭스코리아 : 클라키아 SL 코튼 오버셔츠 여성,,,,https://public.arcteryx.co.kr/metas/i3V7gA0vwHQIWpOrvXgO9iGyPHb30MmDps9kMJr5.png,,,,의류,https://arcteryx.co.kr/products/category/53,https: > arcteryx.co.kr > products > category > 53,의류,공용,,,,2026-06-05 18:05
ARCTERYX,https://arcteryx.co.kr/products/category/53,https://arcteryx.co.kr/products/view/686305,아크테릭스코리아 : 노딘 재킷 여성,,,,https://public.arcteryx.co.kr/metas/i3V7gA0vwHQIWpOrvXgO9iGyPHb30MmDps9kMJr5.png,,,,의류,https://arcteryx.co.kr/products/category/53,https: > arcteryx.co.kr > products > category > 53,의류,공용,,,,2026-06-05 18:05
ARCTERYX,https://arcteryx.co.kr/products/category/53,https://arcteryx.co.kr/products/view/686334,아크테릭스코리아 : 올리아 팬츠 여성,,,,https://public.arcteryx.co.kr/metas/i3V7gA0vwHQIWpOrvXgO9iGyPHb30MmDps9kMJr5.png,,,,의류,https://arcteryx.co.kr/products/category/53,https: > arcteryx.co.kr > products > category > 53,의류,공용,,,,2026-06-05 18:05
ARCTERYX,https://arcteryx.co.kr/products/category/53,https://arcteryx.co.kr/products/view/686304,아크테릭스코리아 : 감마 라이트웨이트 후디 여성,,,,https://public.arcteryx.co.kr/metas/i3V7gA0vwHQIWpOrvXgO9iGyPHb30MmDps9kMJr5.png,,,,의류,https://arcteryx.co.kr/products/category/53,https: > arcteryx.co.kr > products > category > 53,의류,공용,,,,2026-06-05 18:05
ARCTERYX,https://arcteryx.co.kr/products/category/53,https://arcteryx.co.kr/products/view/686284,아크테릭스코리아 : 카이어나이트 LT 후디 여성,,,,https://public.arcteryx.co.kr/metas/i3V7gA0vwHQIWpOrvXgO9iGyPHb30MmDps9kMJr5.png,,,,의류,https://arcteryx.co.kr/products/category/53,https: > arcteryx.co.kr > products > category > 53,의류,공용,,,,2026-06-05 18:05
ARCTERYX,https://arcteryx.co.kr/products/category/61,https://arcteryx.co.kr/products/view/686292,아크테릭스코리아 : 소니 유틸리티 베스트 여성,,,,https://public.arcteryx.co.kr/metas/i3V7gA0vwHQIWpOrvXgO9iGyPHb30MmDps9kMJr5.png,,,,배낭,https://arcteryx.co.kr/products/category/61,https: > arcteryx.co.kr > products > category > 61,배낭,공용,,,,2026-06-05 18:05
ARCTERYX,https://arcteryx.co.kr/products/category/69,https://arcteryx.co.kr/products/view/686434,아크테릭스코리아 : 버드 워드 트러커 햇,,,,https://public.arcteryx.co.kr/metas/i3V7gA0vwHQIWpOrvXgO9iGyPHb30MmDps9kMJr5.png,,,,액세서리,https://arcteryx.co.kr/products/category/69,https: > arcteryx.co.kr > products > category > 69,액세서리,공용,,,,2026-06-05 18:05
ARCTERYX,https://arcteryx.co.kr/products/category/69,https://arcteryx.co.kr/products/view/686188,아크테릭스코리아 : 버드 트러커 커브드 브림 햇,,,,https://public.arcteryx.co.kr/metas/i3V7gA0vwHQIWpOrvXgO9iGyPHb30MmDps9kMJr5.png,,,,액세서리,https://arcteryx.co.kr/products/category/69,https: > arcteryx.co.kr > products > category > 69,액세서리,공용,,,,2026-06-05 18:05
ARCTERYX,https://arcteryx.co.kr/products/category/53,https://arcteryx.co.kr/products/view/686456,아크테릭스코리아 : 신솔라 재킷 여성,,,,https://public.arcteryx.co.kr/metas/i3V7gA0vwHQIWpOrvXgO9iGyPHb30MmDps9kMJr5.png,,,,의류,https://arcteryx.co.kr/products/category/53,https: > arcteryx.co.kr > products > category > 53,의류,공용,,,,2026-06-16 19:47
ARCTERYX,https://arcteryx.co.kr/products/category/53,https://arcteryx.co.kr/products/view/686507,아크테릭스코리아 : 올리아 셔츠 SS 여성,,,,https://public.arcteryx.co.kr/metas/i3V7gA0vwHQIWpOrvXgO9iGyPHb30MmDps9kMJr5.png,,,,의류,https://arcteryx.co.kr/products/category/53,https: > arcteryx.co.kr > products > category > 53,의류,공용,,,,2026-06-16 19:47
ARCTERYX,https://arcteryx.co.kr/products/category/53,https://arcteryx.co.kr/products/view/686400,아크테릭스코리아 : 수나 스피드 버드 크롭 셔츠 여성,,,,https://public.arcteryx.co.kr/metas/i3V7gA0vwHQIWpOrvXgO9iGyPHb30MmDps9kMJr5.png,,,,의류,https://arcteryx.co.kr/products/category/53,https: > arcteryx.co.kr > products > category > 53,의류,공용,,,,2026-06-16 19:47
ARCTERYX,https://arcteryx.co.kr/products/category/53,https://arcteryx.co.kr/products/view/686384,아크테릭스코리아 : 시마 셔츠 SS 여성,,,,https://public.arcteryx.co.kr/metas/i3V7gA0vwHQIWpOrvXgO9iGyPHb30MmDps9kMJr5.png,,,,의류,https://arcteryx.co.kr/products/category/53,https: > arcteryx.co.kr > products > category > 53,의류,공용,,,,2026-06-16 19:47
ARCTERYX,https://arcteryx.co.kr/products/category/53,https://arcteryx.co.kr/products/view/686297,아크테릭스코리아 : 나야 크롭드 재킷 여성,,,,https://public.arcteryx.co.kr/metas/i3V7gA0vwHQIWpOrvXgO9iGyPHb30MmDps9kMJr5.png,,,,의류,https://arcteryx.co.kr/products/category/53,https: > arcteryx.co.kr > products > category > 53,의류,공용,,,,2026-06-16 19:47
ARCTERYX,https://arcteryx.co.kr/products/category/53,https://arcteryx.co.kr/products/view/686480,아크테릭스코리아 : 수나 탱크 여성,,,,https://public.arcteryx.co.kr/metas/i3V7gA0vwHQIWpOrvXgO9iGyPHb30MmDps9kMJr5.png,,,,의류,https://arcteryx.co.kr/products/category/53,https: > arcteryx.co.kr > products > category > 53,의류,공용,,,,2026-06-16 19:47
ARCTERYX,https://arcteryx.co.kr/products/category/53,https://arcteryx.co.kr/products/view/686290,아크테릭스코리아 : 나야 크롭드 스토후드 여성,,,,https://public.arcteryx.co.kr/metas/i3V7gA0vwHQIWpOrvXgO9iGyPHb30MmDps9kMJr5.png,,,,의류,https://arcteryx.co.kr/products/category/53,https: > arcteryx.co.kr > products > category > 53,의류,공용,,,,2026-06-16 19:47
ARCTERYX,https://arcteryx.co.kr/products/category/53,https://arcteryx.co.kr/products/view/686508,아크테릭스코리아 : 아세트 SL 재킷 여성,,,,https://public.arcteryx.co.kr/metas/i3V7gA0vwHQIWpOrvXgO9iGyPHb30MmDps9kMJr5.png,,,,의류,https://arcteryx.co.kr/products/category/53,https: > arcteryx.co.kr > products > category > 53,의류,공용,,,,2026-06-16 19:47
ARCTERYX,https://arcteryx.co.kr/products/category/53,https://arcteryx.co.kr/products/view/686424,아크테릭스코리아 : 다이앤트릭 SS 셔츠 여성,,,,https://public.arcteryx.co.kr/metas/i3V7gA0vwHQIWpOrvXgO9iGyPHb30MmDps9kMJr5.png,,,,의류,https://arcteryx.co.kr/products/category/53,https: > arcteryx.co.kr > products > category > 53,의류,공용,,,,2026-06-16 19:47
ARCTERYX,https://arcteryx.co.kr/products/category/78,https://arcteryx.co.kr/products/view/686404,아크테릭스코리아 : 수비다 SS 티 여성,,,,https://public.arcteryx.co.kr/metas/i3V7gA0vwHQIWpOrvXgO9iGyPHb30MmDps9kMJr5.png,,,,액티비티,https://arcteryx.co.kr/products/category/78,https: > arcteryx.co.kr > products > category > 78,액티비티,공용,,,,2026-07-03 17:44
ARCTERYX,https://arcteryx.co.kr/products/category/78,https://arcteryx.co.kr/products/view/686498,아크테릭스코리아 : AR-385a 하네스 여성,,,,https://public.arcteryx.co.kr/metas/i3V7gA0vwHQIWpOrvXgO9iGyPHb30MmDps9kMJr5.png,,,,액티비티,https://arcteryx.co.kr/products/category/78,https: > arcteryx.co.kr > products > category > 78,액티비티,공용,,,,2026-07-03 17:44
ARCTERYX,https://arcteryx.co.kr/products/category/78,https://arcteryx.co.kr/products/view/686403,아크테릭스코리아 : 수비다 재킷 여성,,,,https://public.arcteryx.co.kr/metas/i3V7gA0vwHQIWpOrvXgO9iGyPHb30MmDps9kMJr5.png,,,,액티비티,https://arcteryx.co.kr/products/category/78,https: > arcteryx.co.kr > products > category > 78,액티비티,공용,,,,2026-07-03 17:44
ARCTERYX,https://arcteryx.co.kr/products/category/78,https://arcteryx.co.kr/products/view/686481,아크테릭스코리아 : 수비다 원피스 여성,,,,https://public.arcteryx.co.kr/metas/i3V7gA0vwHQIWpOrvXgO9iGyPHb30MmDps9kMJr5.png,,,,액티비티,https://arcteryx.co.kr/products/category/78,https: > arcteryx.co.kr > products > category > 78,액티비티,공용,,,,2026-07-03 17:44
ARCTERYX,https://arcteryx.co.kr/products/category/53,https://arcteryx.co.kr/products/view/686389,아크테릭스코리아 : 크래그 SL 코튼 히트 맵 크루 SS 여성,,,,https://public.arcteryx.co.kr/metas/i3V7gA0vwHQIWpOrvXgO9iGyPHb30MmDps9kMJr5.png,,,,의류,https://arcteryx.co.kr/products/category/53,https: > arcteryx.co.kr > products > category > 53,의류,공용,,,,2026-07-07 18:10
ARCTERYX,https://arcteryx.co.kr/products/category/53,https://arcteryx.co.kr/products/view/686393,아크테릭스코리아 : 크래그 SL 코튼 히트맵 탱크 여성,,,,https://public.arcteryx.co.kr/metas/i3V7gA0vwHQIWpOrvXgO9iGyPHb30MmDps9kMJr5.png,,,,의류,https://arcteryx.co.kr/products/category/53,https: > arcteryx.co.kr > products > category > 53,의류,공용,,,,2026-07-07 18:10
ARCTERYX,https://arcteryx.co.kr/products/category/53,https://arcteryx.co.kr/products/view/686476,아크테릭스코리아 : 룰라 탱크 여성,,,,https://public.arcteryx.co.kr/metas/i3V7gA0vwHQIWpOrvXgO9iGyPHb30MmDps9kMJr5.png,,,,의류,https://arcteryx.co.kr/products/category/53,https: > arcteryx.co.kr > products > category > 53,의류,공용,,,,2026-07-07 18:10
ARCTERYX,https://arcteryx.co.kr/products/category/53,https://arcteryx.co.kr/products/view/686344,"아크테릭스코리아 : 소니 SL 유틸리티 쇼츠 10"" 여성",,,,https://public.arcteryx.co.kr/metas/i3V7gA0vwHQIWpOrvXgO9iGyPHb30MmDps9kMJr5.png,,,,의류,https://arcteryx.co.kr/products/category/53,https: > arcteryx.co.kr > products > category > 53,의류,공용,,,,2026-07-07 18:10
ARCTERYX,https://arcteryx.co.kr/products/category/53,https://arcteryx.co.kr/products/view/686390,아크테릭스코리아 : 크래그 SL 코튼 블룸 크루 LS 여성,,,,https://public.arcteryx.co.kr/metas/i3V7gA0vwHQIWpOrvXgO9iGyPHb30MmDps9kMJr5.png,,,,의류,https://arcteryx.co.kr/products/category/53,https: > arcteryx.co.kr > products > category > 53,의류,공용,,,,2026-07-07 18:10
ARCTERYX,https://arcteryx.co.kr/products/category/53,https://arcteryx.co.kr/products/view/686391,아크테릭스코리아 : 크래그 SL 코튼 수퍼블룸 크루 SS 여성,,,,https://public.arcteryx.co.kr/metas/i3V7gA0vwHQIWpOrvXgO9iGyPHb30MmDps9kMJr5.png,,,,의류,https://arcteryx.co.kr/products/category/53,https: > arcteryx.co.kr > products > category > 53,의류,공용,,,,2026-07-07 18:10
ARCTERYX,https://arcteryx.co.kr/products/category/53,https://arcteryx.co.kr/products/view/686338,아크테릭스코리아 : 실레네 팬츠 여성,,,,https://public.arcteryx.co.kr/metas/i3V7gA0vwHQIWpOrvXgO9iGyPHb30MmDps9kMJr5.png,,,,의류,https://arcteryx.co.kr/products/category/53,https: > arcteryx.co.kr > products > category > 53,의류,공용,,,,2026-07-07 18:10
ARCTERYX,https://arcteryx.co.kr/products/category/65,https://arcteryx.co.kr/products/view/686232,아크테릭스코리아 : 크래그 아우라 여성,,,,https://public.arcteryx.co.kr/metas/i3V7gA0vwHQIWpOrvXgO9iGyPHb30MmDps9kMJr5.png,,,,슈즈,https://arcteryx.co.kr/products/category/65,https: > arcteryx.co.kr > products > category > 65,슈즈,공용,,,,2026-07-07 18:10
ARCTERYX,https://arcteryx.co.kr/products/category/53,https://arcteryx.co.kr/products/view/686337,"아크테릭스코리아 : 실레네 쇼츠 6"" 여성",,,,https://public.arcteryx.co.kr/metas/i3V7gA0vwHQIWpOrvXgO9iGyPHb30MmDps9kMJr5.png,,,,의류,https://arcteryx.co.kr/products/category/53,https: > arcteryx.co.kr > products > category > 53,의류,공용,,,,2026-07-07 18:10
ARCTERYX,https://arcteryx.co.kr/products/category/69,https://arcteryx.co.kr/products/view/686199,아크테릭스코리아 : 시마 5 패널 캡,,,,https://public.arcteryx.co.kr/metas/i3V7gA0vwHQIWpOrvXgO9iGyPHb30MmDps9kMJr5.png,,,,액세서리,https://arcteryx.co.kr/products/category/69,https: > arcteryx.co.kr > products > category > 69,액세서리,공용,,,,2026-07-07 18:10
ARCTERYX,https://arcteryx.co.kr/products/category/69,https://arcteryx.co.kr/products/view/686435,아크테릭스코리아 : 에어리어스 5 패널 캡,,,,https://public.arcteryx.co.kr/metas/i3V7gA0vwHQIWpOrvXgO9iGyPHb30MmDps9kMJr5.png,,,,액세서리,https://arcteryx.co.kr/products/category/69,https: > arcteryx.co.kr > products > category > 69,액세서리,공용,,,,2026-07-07 18:10
ARCTERYX,https://arcteryx.co.kr/products/category/53,https://arcteryx.co.kr/products/view/686343,"아크테릭스코리아 : 소니 SL 스코트 4"" 여성",,,,https://public.arcteryx.co.kr/metas/i3V7gA0vwHQIWpOrvXgO9iGyPHb30MmDps9kMJr5.png,,,,의류,https://arcteryx.co.kr/products/category/53,https: > arcteryx.co.kr > products > category > 53,의류,공용,,,,2026-07-07 18:10
ARCTERYX,https://arcteryx.co.kr/products/category/53,https://arcteryx.co.kr/products/view/686478,아크테릭스코리아 : 노반 탱크 여성,,,,https://public.arcteryx.co.kr/metas/i3V7gA0vwHQIWpOrvXgO9iGyPHb30MmDps9kMJr5.png,,,,의류,https://arcteryx.co.kr/products/category/53,https: > arcteryx.co.kr > products > category > 53,의류,공용,,,,2026-07-09 18:08
ARCTERYX,https://arcteryx.co.kr/products/category/53,https://arcteryx.co.kr/products/view/686340,아크테릭스코리아 : 알파 SL 팬츠 여성,,,,https://public.arcteryx.co.kr/metas/i3V7gA0vwHQIWpOrvXgO9iGyPHb30MmDps9kMJr5.png,,,,의류,https://arcteryx.co.kr/products/category/53,https: > arcteryx.co.kr > products > category > 53,의류,공용,,,,2026-07-09 18:08
ARCTERYX,https://arcteryx.co.kr/products/category/53,https://arcteryx.co.kr/products/view/686296,아크테릭스코리아 : 베타 SV 재킷 여성,,,,https://public.arcteryx.co.kr/metas/i3V7gA0vwHQIWpOrvXgO9iGyPHb30MmDps9kMJr5.png,,,,의류,https://arcteryx.co.kr/products/category/53,https: > arcteryx.co.kr > products > category > 53,의류,공용,,,,2026-07-09 18:08
ARCTERYX,https://arcteryx.co.kr/products/category/61,https://arcteryx.co.kr/products/view/686521,아크테릭스코리아 : 델라 플라스크 홀더,,,,https://public.arcteryx.co.kr/metas/i3V7gA0vwHQIWpOrvXgO9iGyPHb30MmDps9kMJr5.png,,,,배낭,https://arcteryx.co.kr/products/category/61,https: > arcteryx.co.kr > products > category > 61,배낭,공용,,,,2026-07-16 17:31
ARCTERYX,https://arcteryx.co.kr/products/category/61,https://arcteryx.co.kr/products/view/686178,아크테릭스코리아 : 캐리어 75 더플,,,,https://public.arcteryx.co.kr/metas/i3V7gA0vwHQIWpOrvXgO9iGyPHb30MmDps9kMJr5.png,,,,배낭,https://arcteryx.co.kr/products/category/61,https: > arcteryx.co.kr > products > category > 61,배낭,공용,,,,2026-07-16 17:31
ARCTERYX,https://arcteryx.co.kr/products/category/65,https://arcteryx.co.kr/products/view/686682,아크테릭스코리아 : 컨실 여성,,,,https://public.arcteryx.co.kr/metas/i3V7gA0vwHQIWpOrvXgO9iGyPHb30MmDps9kMJr5.png,,,,슈즈,https://arcteryx.co.kr/products/category/65,https: > arcteryx.co.kr > products > category > 65,슈즈,공용,,,,2026-07-23 17:41
ARCTERYX,https://arcteryx.co.kr/products/category/65,https://arcteryx.co.kr/products/view/686686,아크테릭스코리아 : 코펙 GTX 여성,,,,https://public.arcteryx.co.kr/metas/i3V7gA0vwHQIWpOrvXgO9iGyPHb30MmDps9kMJr5.png,,,,슈즈,https://arcteryx.co.kr/products/category/65,https: > arcteryx.co.kr > products > category > 65,슈즈,공용,,,,2026-07-23 17:41
ARCTERYX,https://arcteryx.co.kr/products/category/65,https://arcteryx.co.kr/products/view/686683,아크테릭스코리아 : 노반 LD 4 여성,,,,https://public.arcteryx.co.kr/metas/i3V7gA0vwHQIWpOrvXgO9iGyPHb30MmDps9kMJr5.png,,,,슈즈,https://arcteryx.co.kr/products/category/65,https: > arcteryx.co.kr > products > category > 65,슈즈,공용,,,,2026-07-23 17:41
ARCTERYX,https://arcteryx.co.kr/products/category/65,https://arcteryx.co.kr/products/view/686220,아크테릭스코리아 : 크래그 인슐레이티드 여성,,,,https://public.arcteryx.co.kr/metas/i3V7gA0vwHQIWpOrvXgO9iGyPHb30MmDps9kMJr5.png,,,,슈즈,https://arcteryx.co.kr/products/category/65,https: > arcteryx.co.kr > products > category > 65,슈즈,공용,,,,2026-07-27 17:53
ARCTERYX,https://arcteryx.co.kr/products/category/65,https://arcteryx.co.kr/products/view/686442,아크테릭스코리아 : 버텍스 스피드 여성,,,,https://public.arcteryx.co.kr/metas/i3V7gA0vwHQIWpOrvXgO9iGyPHb30MmDps9kMJr5.png,,,,슈즈,https://arcteryx.co.kr/products/category/65,https: > arcteryx.co.kr > products > category > 65,슈즈,공용,,,,2026-07-27 17:53
ARCTERYX,https://arcteryx.co.kr/products/category/53,https://arcteryx.co.kr/products/view/686339,"아크테릭스코리아 : 노반 쇼츠 5"" 2-IN-1 여성",,,,https://public.arcteryx.co.kr/metas/i3V7gA0vwHQIWpOrvXgO9iGyPHb30MmDps9kMJr5.png,,,,의류,https://arcteryx.co.kr/products/category/53,https: > arcteryx.co.kr > products > category > 53,의류,공용,,,,2026-07-27 17:53
ARCTERYX,https://arcteryx.co.kr/products/category/65,https://arcteryx.co.kr/products/view/686222,아크테릭스코리아 : 버텍스 스피드 로우 여성,,,,https://public.arcteryx.co.kr/metas/i3V7gA0vwHQIWpOrvXgO9iGyPHb30MmDps9kMJr5.png,,,,슈즈,https://arcteryx.co.kr/products/category/65,https: > arcteryx.co.kr > products > category > 65,슈즈,공용,,,,2026-07-27 17:53
ARCTERYX,https://arcteryx.co.kr/products/category/61,https://arcteryx.co.kr/products/view/682861,아크테릭스코리아 : 맨티스 2 웨이스트팩,,,,https://public.arcteryx.co.kr/metas/i3V7gA0vwHQIWpOrvXgO9iGyPHb30MmDps9kMJr5.png,,,,배낭,https://arcteryx.co.kr/products/category/61,https: > arcteryx.co.kr > products > category > 61,배낭,공용,,,,2026-07-28 17:45
ARCTERYX,https://arcteryx.co.kr/products/category/65,https://arcteryx.co.kr/products/view/685889,아크테릭스코리아 : 버텍스 스피드 로우 여성,,,,https://public.arcteryx.co.kr/metas/i3V7gA0vwHQIWpOrvXgO9iGyPHb30MmDps9kMJr5.png,,,,슈즈,https://arcteryx.co.kr/products/category/65,https: > arcteryx.co.kr > products > category > 65,슈즈,공용,,,,2026-07-30 17:47
ARCTERYX,https://arcteryx.co.kr/products/category/53,https://arcteryx.co.kr/products/view/684797,Arc`teryx Newsletter,,,,/img/arcteryx.svg,,,,의류,https://arcteryx.co.kr/products/category/53,https: > arcteryx.co.kr > products > category > 53,의류,공용,,,,2026-07-31 18:02
ARCTERYX,https://arcteryx.co.kr/products/category/53,https://arcteryx.co.kr/products/view/684804,아크테릭스코리아 : 사토로 메리노 울 크루 넥 LS 여성,,,,https://public.arcteryx.co.kr/metas/i3V7gA0vwHQIWpOrvXgO9iGyPHb30MmDps9kMJr5.png,,,,의류,https://arcteryx.co.kr/products/category/53,https: > arcteryx.co.kr > products > category > 53,의류,공용,,,,2026-07-31 18:02
ARCTERYX,https://arcteryx.co.kr/products/category/53,https://arcteryx.co.kr/products/view/684805,아크테릭스코리아 : 사토로 SL 메리노 울 크루 넥 LS 여성,,,,https://public.arcteryx.co.kr/metas/i3V7gA0vwHQIWpOrvXgO9iGyPHb30MmDps9kMJr5.png,,,,의류,https://arcteryx.co.kr/products/category/53,https: > arcteryx.co.kr > products > category > 53,의류,공용,,,,2026-07-31 18:02
ARCTERYX,https://arcteryx.co.kr/products/category/53,https://arcteryx.co.kr/products/view/684902,아크테릭스코리아 : 로 짚 넥 프린트 여성,,,,https://public.arcteryx.co.kr/metas/i3V7gA0vwHQIWpOrvXgO9iGyPHb30MmDps9kMJr5.png,,,,의류,https://arcteryx.co.kr/products/category/53,https: > arcteryx.co.kr > products > category > 53,의류,공용,,,,2026-07-31 18:02
ARCTERYX,https://arcteryx.co.kr/products/category/53,https://arcteryx.co.kr/products/view/684803,아크테릭스코리아 : 사토로 메리노 울 바텀 여성,,,,https://public.arcteryx.co.kr/metas/i3V7gA0vwHQIWpOrvXgO9iGyPHb30MmDps9kMJr5.png,,,,의류,https://arcteryx.co.kr/products/category/53,https: > arcteryx.co.kr > products > category > 53,의류,공용,,,,2026-07-31 18:02
ARCTERYX,https://arcteryx.co.kr/products/category/53,https://arcteryx.co.kr/products/view/684810,아크테릭스코리아 : 센티넬 인슐레이티드 팬츠 여성,,,,https://public.arcteryx.co.kr/metas/i3V7gA0vwHQIWpOrvXgO9iGyPHb30MmDps9kMJr5.png,,,,의류,https://arcteryx.co.kr/products/category/53,https: > arcteryx.co.kr > products > category > 53,의류,공용,,,,2026-07-31 18:02
ARCTERYX,https://arcteryx.co.kr/products/category/53,https://arcteryx.co.kr/products/view/684779,아크테릭스코리아 : 카이어나이트 베이스레이어 짚 넥 여성,,,,https://public.arcteryx.co.kr/metas/i3V7gA0vwHQIWpOrvXgO9iGyPHb30MmDps9kMJr5.png,,,,의류,https://arcteryx.co.kr/products/category/53,https: > arcteryx.co.kr > products > category > 53,의류,공용,,,,2026-07-31 18:02
ARCTERYX,https://arcteryx.co.kr/products/category/53,https://arcteryx.co.kr/products/view/684727,아크테릭스코리아 : 로 바텀 여성,,,,https://public.arcteryx.co.kr/metas/i3V7gA0vwHQIWpOrvXgO9iGyPHb30MmDps9kMJr5.png,,,,의류,https://arcteryx.co.kr/products/category/53,https: > arcteryx.co.kr > products > category > 53,의류,공용,,,,2026-07-31 18:02
ARCTERYX,https://arcteryx.co.kr/products/category/53,https://arcteryx.co.kr/products/view/684760,아크테릭스코리아 : 감마 MX 스트레이트 레그 팬츠 여성,,,,https://public.arcteryx.co.kr/metas/i3V7gA0vwHQIWpOrvXgO9iGyPHb30MmDps9kMJr5.png,,,,의류,https://arcteryx.co.kr/products/category/53,https: > arcteryx.co.kr > products > category > 53,의류,공용,,,,2026-07-31 18:02
ARCTERYX,https://arcteryx.co.kr/products/category/53,https://arcteryx.co.kr/products/view/684778,아크테릭스코리아 : 카이어나이트 베이스레이어 크루 넥 여성,,,,https://public.arcteryx.co.kr/metas/i3V7gA0vwHQIWpOrvXgO9iGyPHb30MmDps9kMJr5.png,,,,의류,https://arcteryx.co.kr/products/category/53,https: > arcteryx.co.kr > products > category > 53,의류,공용,,,,2026-07-31 18:02
ARCTERYX,https://arcteryx.co.kr/products/category/53,https://arcteryx.co.kr/products/view/684759,아크테릭스코리아 : 감마 MX 팬츠 여성,,,,https://public.arcteryx.co.kr/metas/i3V7gA0vwHQIWpOrvXgO9iGyPHb30MmDps9kMJr5.png,,,,의류,https://arcteryx.co.kr/products/category/53,https: > arcteryx.co.kr > products > category > 53,의류,공용,,,,2026-07-31 18:02
ARCTERYX,https://arcteryx.co.kr/products/category/53,https://arcteryx.co.kr/products/view/684723,"아크테릭스코리아 : 엣센트 웜 하이-라이즈 레깅스 26"" 여성",,,,https://public.arcteryx.co.kr/metas/i3V7gA0vwHQIWpOrvXgO9iGyPHb30MmDps9kMJr5.png,,,,의류,https://arcteryx.co.kr/products/category/53,https: > arcteryx.co.kr > products > category > 53,의류,공용,,,,2026-07-31 18:02
ARCTERYX,https://arcteryx.co.kr/products/category/53,https://arcteryx.co.kr/products/view/684726,아크테릭스코리아 : 로 부츠 컷 바텀 여성,,,,https://public.arcteryx.co.kr/metas/i3V7gA0vwHQIWpOrvXgO9iGyPHb30MmDps9kMJr5.png,,,,의류,https://arcteryx.co.kr/products/category/53,https: > arcteryx.co.kr > products > category > 53,의류,공용,,,,2026-07-31 18:02
ARCTERYX,https://arcteryx.co.kr/products/category/53,https://arcteryx.co.kr/products/view/684706,아크테릭스코리아 : 아톰 후디 여성,,,,https://public.arcteryx.co.kr/metas/i3V7gA0vwHQIWpOrvXgO9iGyPHb30MmDps9kMJr5.png,,,,의류,https://arcteryx.co.kr/products/category/53,https: > arcteryx.co.kr > products > category > 53,의류,공용,,,,2026-07-31 18:02
ARCTERYX,https://arcteryx.co.kr/products/category/53,https://arcteryx.co.kr/products/view/684466,아크테릭스코리아 : 베타 AR 재킷 여성,,,,https://public.arcteryx.co.kr/metas/i3V7gA0vwHQIWpOrvXgO9iGyPHb30MmDps9kMJr5.png,,,,의류,https://arcteryx.co.kr/products/category/53,https: > arcteryx.co.kr > products > category > 53,의류,공용,,,,2026-07-31 18:02
ARCTERYX,https://arcteryx.co.kr/products/category/53,https://arcteryx.co.kr/products/view/684594,아크테릭스코리아 : 솔라노 후디 여성,,,,https://public.arcteryx.co.kr/metas/i3V7gA0vwHQIWpOrvXgO9iGyPHb30MmDps9kMJr5.png,,,,의류,https://arcteryx.co.kr/products/category/53,https: > arcteryx.co.kr > products > category > 53,의류,공용,,,,2026-07-31 18:02
ARCTERYX,https://arcteryx.co.kr/products/category/53,https://arcteryx.co.kr/products/view/684532,아크테릭스코리아 : 아톰 베스트 여성,,,,https://public.arcteryx.co.kr/metas/i3V7gA0vwHQIWpOrvXgO9iGyPHb30MmDps9kMJr5.png,,,,의류,https://arcteryx.co.kr/products/category/53,https: > arcteryx.co.kr > products > category > 53,의류,공용,,,,2026-07-31 18:02
ARCTERYX,https://arcteryx.co.kr/products/category/53,https://arcteryx.co.kr/products/view/684461,아크테릭스코리아 : 프로톤 후디 여성,,,,https://public.arcteryx.co.kr/metas/i3V7gA0vwHQIWpOrvXgO9iGyPHb30MmDps9kMJr5.png,,,,의류,https://arcteryx.co.kr/products/category/53,https: > arcteryx.co.kr > products > category > 53,의류,공용,,,,2026-07-31 18:02
ARCTERYX,https://arcteryx.co.kr/products/category/53,https://arcteryx.co.kr/products/view/684465,아크테릭스코리아 : 베타 AR 재킷 여성 - 스톰후드,,,,https://public.arcteryx.co.kr/metas/i3V7gA0vwHQIWpOrvXgO9iGyPHb30MmDps9kMJr5.png,,,,의류,https://arcteryx.co.kr/products/category/53,https: > arcteryx.co.kr > products > category > 53,의류,공용,,,,2026-07-31 18:02
ARCTERYX,https://arcteryx.co.kr/products/category/53,https://arcteryx.co.kr/products/view/684458,아크테릭스코리아 : 베타 SL 재킷 여성,,,,https://public.arcteryx.co.kr/metas/i3V7gA0vwHQIWpOrvXgO9iGyPHb30MmDps9kMJr5.png,,,,의류,https://arcteryx.co.kr/products/category/53,https: > arcteryx.co.kr > products > category > 53,의류,공용,,,,2026-07-31 18:02
ARCTERYX,https://arcteryx.co.kr/products/category/53,https://arcteryx.co.kr/products/view/684431,아크테릭스코리아 : 로 짚 넥 여성,,,,https://public.arcteryx.co.kr/metas/i3V7gA0vwHQIWpOrvXgO9iGyPHb30MmDps9kMJr5.png,,,,의류,https://arcteryx.co.kr/products/category/53,https: > arcteryx.co.kr > products > category > 53,의류,공용,,,,2026-07-31 18:02
ARCTERYX,https://arcteryx.co.kr/products/category/53,https://arcteryx.co.kr/products/view/683631,"아크테릭스코리아 : [FW23] 엣센트 웜 하이-라이즈 레깅스 26"" 여성",,,,https://public.arcteryx.co.kr/metas/i3V7gA0vwHQIWpOrvXgO9iGyPHb30MmDps9kMJr5.png,,,,의류,https://arcteryx.co.kr/products/category/53,https: > arcteryx.co.kr > products > category > 53,의류,공용,,,,2026-07-31 18:02
ARCTERYX,https://arcteryx.co.kr/products/category/53,https://arcteryx.co.kr/products/view/683619,아크테릭스코리아 : [FW23] 프로톤 팬츠 여성,,,,https://public.arcteryx.co.kr/metas/i3V7gA0vwHQIWpOrvXgO9iGyPHb30MmDps9kMJr5.png,,,,의류,https://arcteryx.co.kr/products/category/53,https: > arcteryx.co.kr > products > category > 53,의류,공용,,,,2026-07-31 18:02
ARCTERYX,https://arcteryx.co.kr/products/category/61,https://arcteryx.co.kr/products/view/684668,아크테릭스코리아 : 맨티스 26 백팩,,,,https://public.arcteryx.co.kr/metas/i3V7gA0vwHQIWpOrvXgO9iGyPHb30MmDps9kMJr5.png,,,,배낭,https://arcteryx.co.kr/products/category/61,https: > arcteryx.co.kr > products > category > 61,배낭,공용,,,,2026-07-31 18:02
ARCTERYX,https://arcteryx.co.kr/products/category/61,https://arcteryx.co.kr/products/view/684570,아크테릭스코리아 : 캐리어 100 더플,,,,https://public.arcteryx.co.kr/metas/i3V7gA0vwHQIWpOrvXgO9iGyPHb30MmDps9kMJr5.png,,,,배낭,https://arcteryx.co.kr/products/category/61,https: > arcteryx.co.kr > products > category > 61,배낭,공용,,,,2026-07-31 18:02
ARCTERYX,https://arcteryx.co.kr/products/category/61,https://arcteryx.co.kr/products/view/684515,아크테릭스코리아 : 알파 FL 20 백팩,,,,https://public.arcteryx.co.kr/metas/i3V7gA0vwHQIWpOrvXgO9iGyPHb30MmDps9kMJr5.png,,,,배낭,https://arcteryx.co.kr/products/category/61,https: > arcteryx.co.kr > products > category > 61,배낭,공용,,,,2026-07-31 18:02
ARCTERYX,https://arcteryx.co.kr/products/category/61,https://arcteryx.co.kr/products/view/683385,아크테릭스코리아 : [FW23] 맨티스 20 백팩,,,,https://public.arcteryx.co.kr/metas/i3V7gA0vwHQIWpOrvXgO9iGyPHb30MmDps9kMJr5.png,,,,배낭,https://arcteryx.co.kr/products/category/61,https: > arcteryx.co.kr > products > category > 61,배낭,공용,,,,2026-07-31 18:02
ARCTERYX,https://arcteryx.co.kr/products/category/61,https://arcteryx.co.kr/products/view/684514,아크테릭스코리아 : 알파 FL 30 백팩,,,,https://public.arcteryx.co.kr/metas/i3V7gA0vwHQIWpOrvXgO9iGyPHb30MmDps9kMJr5.png,,,,배낭,https://arcteryx.co.kr/products/category/61,https: > arcteryx.co.kr > products > category > 61,배낭,공용,,,,2026-07-31 18:02
ARCTERYX,https://arcteryx.co.kr/products/category/65,https://arcteryx.co.kr/products/view/684787,아크테릭스코리아 : 노반 LD3 GTX 여성,,,,https://public.arcteryx.co.kr/metas/i3V7gA0vwHQIWpOrvXgO9iGyPHb30MmDps9kMJr5.png,,,,슈즈,https://arcteryx.co.kr/products/category/65,https: > arcteryx.co.kr > products > category > 65,슈즈,공용,,,,2026-07-31 18:02
ARCTERYX,https://arcteryx.co.kr/products/category/65,https://arcteryx.co.kr/products/view/684776,아크테릭스코리아 : 크래그 인슐레이티드 여성,,,,https://public.arcteryx.co.kr/metas/i3V7gA0vwHQIWpOrvXgO9iGyPHb30MmDps9kMJr5.png,,,,슈즈,https://arcteryx.co.kr/products/category/65,https: > arcteryx.co.kr > products > category > 65,슈즈,공용,,,,2026-07-31 18:02
ARCTERYX,https://arcteryx.co.kr/products/category/65,https://arcteryx.co.kr/products/view/684528,아크테릭스코리아 : 사일렌 여성,,,,https://public.arcteryx.co.kr/metas/i3V7gA0vwHQIWpOrvXgO9iGyPHb30MmDps9kMJr5.png,,,,슈즈,https://arcteryx.co.kr/products/category/65,https: > arcteryx.co.kr > products > category > 65,슈즈,공용,,,,2026-07-31 18:02
ARCTERYX,https://arcteryx.co.kr/products/category/65,https://arcteryx.co.kr/products/view/684211,아크테릭스코리아 : 사일렌 프로 여성,,,,https://public.arcteryx.co.kr/metas/i3V7gA0vwHQIWpOrvXgO9iGyPHb30MmDps9kMJr5.png,,,,슈즈,https://arcteryx.co.kr/products/category/65,https: > arcteryx.co.kr > products > category > 65,슈즈,공용,,,,2026-07-31 18:02
ARCTERYX,https://arcteryx.co.kr/products/category/65,https://arcteryx.co.kr/products/view/684527,아크테릭스코리아 : 버텍스 알파인 여성,,,,https://public.arcteryx.co.kr/metas/i3V7gA0vwHQIWpOrvXgO9iGyPHb30MmDps9kMJr5.png,,,,슈즈,https://arcteryx.co.kr/products/category/65,https: > arcteryx.co.kr > products > category > 65,슈즈,공용,,,,2026-07-31 18:02
ARCTERYX,https://arcteryx.co.kr/products/category/69,https://arcteryx.co.kr/products/view/684730,아크테릭스코리아 : 피션 SV 글러브,,,,https://public.arcteryx.co.kr/metas/i3V7gA0vwHQIWpOrvXgO9iGyPHb30MmDps9kMJr5.png,,,,액세서리,https://arcteryx.co.kr/products/category/69,https: > arcteryx.co.kr > products > category > 69,액세서리,공용,,,,2026-07-31 18:02
ARCTERYX,https://arcteryx.co.kr/products/category/69,https://arcteryx.co.kr/products/view/684781,아크테릭스코리아 : 메리노 울 스키 삭스,,,,https://public.arcteryx.co.kr/metas/i3V7gA0vwHQIWpOrvXgO9iGyPHb30MmDps9kMJr5.png,,,,액세서리,https://arcteryx.co.kr/products/category/69,https: > arcteryx.co.kr > products > category > 69,액세서리,공용,,,,2026-07-31 18:02
ARCTERYX,https://arcteryx.co.kr/products/category/69,https://arcteryx.co.kr/products/view/684700,아크테릭스코리아 : 울 크랜브룩 햇,,,,https://public.arcteryx.co.kr/metas/i3V7gA0vwHQIWpOrvXgO9iGyPHb30MmDps9kMJr5.png,,,,액세서리,https://arcteryx.co.kr/products/category/69,https: > arcteryx.co.kr > products > category > 69,액세서리,공용,,,,2026-07-31 18:02
ARCTERYX,https://arcteryx.co.kr/products/category/69,https://arcteryx.co.kr/products/view/684729,아크테릭스코리아 : 프로톤 햇,,,,https://public.arcteryx.co.kr/metas/i3V7gA0vwHQIWpOrvXgO9iGyPHb30MmDps9kMJr5.png,,,,액세서리,https://arcteryx.co.kr/products/category/69,https: > arcteryx.co.kr > products > category > 69,액세서리,공용,,,,2026-07-31 18:02
ARCTERYX,https://arcteryx.co.kr/products/category/69,https://arcteryx.co.kr/products/view/684587,아크테릭스코리아 : 메리노 울 그로토 미드 삭스,,,,https://public.arcteryx.co.kr/metas/i3V7gA0vwHQIWpOrvXgO9iGyPHb30MmDps9kMJr5.png,,,,액세서리,https://arcteryx.co.kr/products/category/69,https: > arcteryx.co.kr > products > category > 69,액세서리,공용,,,,2026-07-31 18:02
ARCTERYX,https://arcteryx.co.kr/products/category/69,https://arcteryx.co.kr/products/view/684586,아크테릭스코리아 : 메리오 울 미드 버드 삭스,,,,https://public.arcteryx.co.kr/metas/i3V7gA0vwHQIWpOrvXgO9iGyPHb30MmDps9kMJr5.png,,,,액세서리,https://arcteryx.co.kr/products/category/69,https: > arcteryx.co.kr > products > category > 69,액세서리,공용,,,,2026-07-31 18:02
ARCTERYX,https://arcteryx.co.kr/products/category/69,https://arcteryx.co.kr/products/view/684584,아크테릭스코리아 : 로 토크,,,,https://public.arcteryx.co.kr/metas/i3V7gA0vwHQIWpOrvXgO9iGyPHb30MmDps9kMJr5.png,,,,액세서리,https://arcteryx.co.kr/products/category/69,https: > arcteryx.co.kr > products > category > 69,액세서리,공용,,,,2026-07-31 18:02
ARCTERYX,https://arcteryx.co.kr/products/category/69,https://arcteryx.co.kr/products/view/684582,아크테릭스코리아 : 고어 5 패널 캡,,,,https://public.arcteryx.co.kr/metas/i3V7gA0vwHQIWpOrvXgO9iGyPHb30MmDps9kMJr5.png,,,,액세서리,https://arcteryx.co.kr/products/category/69,https: > arcteryx.co.kr > products > category > 69,액세서리,공용,,,,2026-07-31 18:02
ARCTERYX,https://arcteryx.co.kr/products/category/69,https://arcteryx.co.kr/products/view/684578,아크테릭스코리아 : 벤타 AR 글러브,,,,https://public.arcteryx.co.kr/metas/i3V7gA0vwHQIWpOrvXgO9iGyPHb30MmDps9kMJr5.png,,,,액세서리,https://arcteryx.co.kr/products/category/69,https: > arcteryx.co.kr > products > category > 69,액세서리,공용,,,,2026-07-31 18:02
ARCTERYX,https://arcteryx.co.kr/products/category/69,https://arcteryx.co.kr/products/view/684505,아크테릭스코리아 : 신더틱 미드 크루 삭스,,,,https://public.arcteryx.co.kr/metas/i3V7gA0vwHQIWpOrvXgO9iGyPHb30MmDps9kMJr5.png,,,,액세서리,https://arcteryx.co.kr/products/category/69,https: > arcteryx.co.kr > products > category > 69,액세서리,공용,,,,2026-07-31 18:02
ARCTERYX,https://arcteryx.co.kr/products/category/69,https://arcteryx.co.kr/products/view/684502,아크테릭스코리아 : 워드 토크,,,,https://public.arcteryx.co.kr/metas/i3V7gA0vwHQIWpOrvXgO9iGyPHb30MmDps9kMJr5.png,,,,액세서리,https://arcteryx.co.kr/products/category/69,https: > arcteryx.co.kr > products > category > 69,액세서리,공용,,,,2026-07-31 18:02
ARCTERYX,https://arcteryx.co.kr/products/category/69,https://arcteryx.co.kr/products/view/684500,아크테릭스코리아 : 세이버 인덱스 미트,,,,https://public.arcteryx.co.kr/metas/i3V7gA0vwHQIWpOrvXgO9iGyPHb30MmDps9kMJr5.png,,,,액세서리,https://arcteryx.co.kr/products/category/69,https: > arcteryx.co.kr > products > category > 69,액세서리,공용,,,,2026-07-31 18:02
ARCTERYX,https://arcteryx.co.kr/products/category/69,https://arcteryx.co.kr/products/view/684499,아크테릭스코리아 : 로 라이트웨이트 울 토크,,,,https://public.arcteryx.co.kr/metas/i3V7gA0vwHQIWpOrvXgO9iGyPHb30MmDps9kMJr5.png,,,,액세서리,https://arcteryx.co.kr/products/category/69,https: > arcteryx.co.kr > products > category > 69,액세서리,공용,,,,2026-07-31 18:02
ARCTERYX,https://arcteryx.co.kr/products/category/69,https://arcteryx.co.kr/products/view/684493,아크테릭스코리아 : 세이버 글러브,,,,https://public.arcteryx.co.kr/metas/i3V7gA0vwHQIWpOrvXgO9iGyPHb30MmDps9kMJr5.png,,,,액세서리,https://arcteryx.co.kr/products/category/69,https: > arcteryx.co.kr > products > category > 69,액세서리,공용,,,,2026-07-31 18:02
ARCTERYX,https://arcteryx.co.kr/products/category/69,https://arcteryx.co.kr/products/view/684492,아크테릭스코리아 : 세이버 미튼,,,,https://public.arcteryx.co.kr/metas/i3V7gA0vwHQIWpOrvXgO9iGyPHb30MmDps9kMJr5.png,,,,액세서리,https://arcteryx.co.kr/products/category/69,https: > arcteryx.co.kr > products > category > 69,액세서리,공용,,,,2026-07-31 18:02
ARCTERYX,https://arcteryx.co.kr/products/category/69,https://arcteryx.co.kr/products/view/684490,아크테릭스코리아 : 버드 워드 트러커 커브드 햇,,,,https://public.arcteryx.co.kr/metas/i3V7gA0vwHQIWpOrvXgO9iGyPHb30MmDps9kMJr5.png,,,,액세서리,https://arcteryx.co.kr/products/category/69,https: > arcteryx.co.kr > products > category > 69,액세서리,공용,,,,2026-07-31 18:02
ARCTERYX,https://arcteryx.co.kr/products/category/69,https://arcteryx.co.kr/products/view/684639,아크테릭스코리아 : 컨듀잇 다운 스카프,,,,https://public.arcteryx.co.kr/metas/i3V7gA0vwHQIWpOrvXgO9iGyPHb30MmDps9kMJr5.png,,,,액세서리,https://arcteryx.co.kr/products/category/69,https: > arcteryx.co.kr > products > category > 69,액세서리,공용,,,,2026-07-31 18:02
ARCTERYX,https://arcteryx.co.kr/products/category/75,https://arcteryx.co.kr/products/view/684685,아크테릭스코리아 : AR-385a 하네스 여성,,,,https://public.arcteryx.co.kr/metas/i3V7gA0vwHQIWpOrvXgO9iGyPHb30MmDps9kMJr5.png,,,,클라이밍 장비,https://arcteryx.co.kr/products/category/75,https: > arcteryx.co.kr > products > category > 75,클라이밍 장비,공용,,,,2026-07-31 18:02
ARCTERYX,https://arcteryx.co.kr/products/category/78,https://arcteryx.co.kr/products/view/684813,아크테릭스코리아 : 센티넬 릴렉스드 재킷 여성,,,,https://public.arcteryx.co.kr/metas/i3V7gA0vwHQIWpOrvXgO9iGyPHb30MmDps9kMJr5.png,,,,액티비티,https://arcteryx.co.kr/products/category/78,https: > arcteryx.co.kr > products > category > 78,액티비티,공용,,,,2026-07-31 18:02
ARCTERYX,https://arcteryx.co.kr/products/category/78,https://arcteryx.co.kr/products/view/684811,아크테릭스코리아 : 센티넬 재킷 여성,,,,https://public.arcteryx.co.kr/metas/i3V7gA0vwHQIWpOrvXgO9iGyPHb30MmDps9kMJr5.png,,,,액티비티,https://arcteryx.co.kr/products/category/78,https: > arcteryx.co.kr > products > category > 78,액티비티,공용,,,,2026-07-31 18:02
ARCTERYX,https://arcteryx.co.kr/products/category/78,https://arcteryx.co.kr/products/view/684809,아크테릭스코리아 : 센티넬 인슐레이티드 재킷 여성,,,,https://public.arcteryx.co.kr/metas/i3V7gA0vwHQIWpOrvXgO9iGyPHb30MmDps9kMJr5.png,,,,액티비티,https://arcteryx.co.kr/products/category/78,https: > arcteryx.co.kr > products > category > 78,액티비티,공용,,,,2026-07-31 18:02
ARCTERYX,https://arcteryx.co.kr/products/category/78,https://arcteryx.co.kr/products/view/684798,아크테릭스코리아 : 러쉬 재킷 여성,,,,https://public.arcteryx.co.kr/metas/i3V7gA0vwHQIWpOrvXgO9iGyPHb30MmDps9kMJr5.png,,,,액티비티,https://arcteryx.co.kr/products/category/78,https: > arcteryx.co.kr > products > category > 78,액티비티,공용,,,,2026-07-31 18:02
ARCTERYX,https://arcteryx.co.kr/products/category/78,https://arcteryx.co.kr/products/view/683435,아크테릭스코리아 : [FW23] 울 크랜브룩 햇,,,,https://public.arcteryx.co.kr/metas/i3V7gA0vwHQIWpOrvXgO9iGyPHb30MmDps9kMJr5.png,,,,액티비티,https://arcteryx.co.kr/products/category/78,https: > arcteryx.co.kr > products > category > 78,액티비티,공용,,,,2026-07-31 18:02
ARCTERYX,https://arcteryx.co.kr/products/category/78,https://arcteryx.co.kr/products/view/684583,아크테릭스코리아 : 로 바라클라바,,,,https://public.arcteryx.co.kr/metas/i3V7gA0vwHQIWpOrvXgO9iGyPHb30MmDps9kMJr5.png,,,,액티비티,https://arcteryx.co.kr/products/category/78,https: > arcteryx.co.kr > products > category > 78,액티비티,공용,,,,2026-07-31 18:02
ARCTERYX,https://arcteryx.co.kr/products/category/78,https://arcteryx.co.kr/products/view/683423,아크테릭스코리아 : [FW23] 로 글러브,,,,https://public.arcteryx.co.kr/metas/i3V7gA0vwHQIWpOrvXgO9iGyPHb30MmDps9kMJr5.png,,,,액티비티,https://arcteryx.co.kr/products/category/78,https: > arcteryx.co.kr > products > category > 78,액티비티,공용,,,,2026-07-31 18:02
ARCTERYX,https://arcteryx.co.kr/products/category/78,https://arcteryx.co.kr/products/view/683629,아크테릭스코리아 : [FW23] 로 바텀 여성,,,,https://public.arcteryx.co.kr/metas/i3V7gA0vwHQIWpOrvXgO9iGyPHb30MmDps9kMJr5.png,,,,액티비티,https://arcteryx.co.kr/products/category/78,https: > arcteryx.co.kr > products > category > 78,액티비티,공용,,,,2026-07-31 18:02
ARCTERYX,https://arcteryx.co.kr/products/category/78,https://arcteryx.co.kr/products/view/683626,아크테릭스코리아 : [FW23] 센티넬 팬츠 여성,,,,https://public.arcteryx.co.kr/metas/i3V7gA0vwHQIWpOrvXgO9iGyPHb30MmDps9kMJr5.png,,,,액티비티,https://arcteryx.co.kr/products/category/78,https: > arcteryx.co.kr > products > category > 78,액티비티,공용,,,,2026-07-31 18:02
ARCTERYX,https://arcteryx.co.kr/products/category/78,https://arcteryx.co.kr/products/view/683628,아크테릭스코리아 : [FW23] 로 부츠 컷 바텀 여성,,,,https://public.arcteryx.co.kr/metas/i3V7gA0vwHQIWpOrvXgO9iGyPHb30MmDps9kMJr5.png,,,,액티비티,https://arcteryx.co.kr/products/category/78,https: > arcteryx.co.kr > products > category > 78,액티비티,공용,,,,2026-07-31 18:02
ARCTERYX,https://arcteryx.co.kr/products/category/78,https://arcteryx.co.kr/products/view/683578,아크테릭스코리아 : [FW23] 센티넬 인슐레이티드 재킷 여성,,,,https://public.arcteryx.co.kr/metas/i3V7gA0vwHQIWpOrvXgO9iGyPHb30MmDps9kMJr5.png,,,,액티비티,https://arcteryx.co.kr/products/category/78,https: > arcteryx.co.kr > products > category > 78,액티비티,공용,,,,2026-07-31 18:02
ARCTERYX,https://arcteryx.co.kr/products/category/78,https://arcteryx.co.kr/products/view/683625,아크테릭스코리아 : 센티넬 빕 팬츠 여성,,,,https://public.arcteryx.co.kr/metas/i3V7gA0vwHQIWpOrvXgO9iGyPHb30MmDps9kMJr5.png,,,,액티비티,https://arcteryx.co.kr/products/category/78,https: > arcteryx.co.kr > products > category > 78,액티비티,공용,,,,2026-07-31 18:02
ARCTERYX,https://arcteryx.co.kr/products/category/78,https://arcteryx.co.kr/products/view/683465,아크테릭스코리아 : [FW23] 버텍스 GTX,,,,https://public.arcteryx.co.kr/metas/i3V7gA0vwHQIWpOrvXgO9iGyPHb30MmDps9kMJr5.png,,,,액티비티,https://arcteryx.co.kr/products/category/78,https: > arcteryx.co.kr > products > category > 78,액티비티,공용,,,,2026-07-31 18:02
ARCTERYX,https://arcteryx.co.kr/products/category/78,https://arcteryx.co.kr/products/view/683586,아크테릭스코리아 : [FW23] 센티넬 재킷 여성,,,,https://public.arcteryx.co.kr/metas/i3V7gA0vwHQIWpOrvXgO9iGyPHb30MmDps9kMJr5.png,,,,액티비티,https://arcteryx.co.kr/products/category/78,https: > arcteryx.co.kr > products > category > 78,액티비티,공용,,,,2026-07-31 18:02
ARCTERYX,https://arcteryx.co.kr/products/category/78,https://arcteryx.co.kr/products/view/683436,아크테릭스코리아 : [FW23] 울 칼라디움 5 패널 햇,,,,https://public.arcteryx.co.kr/metas/i3V7gA0vwHQIWpOrvXgO9iGyPHb30MmDps9kMJr5.png,,,,액티비티,https://arcteryx.co.kr/products/category/78,https: > arcteryx.co.kr > products > category > 78,액티비티,공용,,,,2026-07-31 18:02
ARCTERYX,https://arcteryx.co.kr/products/category/78,https://arcteryx.co.kr/products/view/683434,아크테릭스코리아 : [FW23] 스몰 버드 햇,,,,https://public.arcteryx.co.kr/metas/i3V7gA0vwHQIWpOrvXgO9iGyPHb30MmDps9kMJr5.png,,,,액티비티,https://arcteryx.co.kr/products/category/78,https: > arcteryx.co.kr > products > category > 78,액티비티,공용,,,,2026-07-31 18:02
ARCTERYX,https://arcteryx.co.kr/products/category/53,https://arcteryx.co.kr/products/view/685995,아크테릭스코리아 : 센티넬 인슐레이티드 재킷 여성,,,,https://public.arcteryx.co.kr/metas/i3V7gA0vwHQIWpOrvXgO9iGyPHb30MmDps9kMJr5.png,,,,의류,https://arcteryx.co.kr/products/category/53,https: > arcteryx.co.kr > products > category > 53,의류,공용,,,,2026-08-04 18:03
ARCTERYX,https://arcteryx.co.kr/products/category/53,https://arcteryx.co.kr/products/view/686046,아크테릭스코리아 : 사토로 메리노 울 바텀 여성,,,,https://public.arcteryx.co.kr/metas/i3V7gA0vwHQIWpOrvXgO9iGyPHb30MmDps9kMJr5.png,,,,의류,https://arcteryx.co.kr/products/category/53,https: > arcteryx.co.kr > products > category > 53,의류,공용,,,,2026-08-04 18:03
ARCTERYX,https://arcteryx.co.kr/products/category/53,https://arcteryx.co.kr/products/view/686118,아크테릭스코리아 : 인센디아 원피스 여성,,,,https://public.arcteryx.co.kr/metas/i3V7gA0vwHQIWpOrvXgO9iGyPHb30MmDps9kMJr5.png,,,,의류,https://arcteryx.co.kr/products/category/53,https: > arcteryx.co.kr > products > category > 53,의류,공용,,,,2026-08-04 18:03
ARCTERYX,https://arcteryx.co.kr/products/category/53,https://arcteryx.co.kr/products/view/686050,아크테릭스코리아 : 노반 레깅스 여성,,,,https://public.arcteryx.co.kr/metas/i3V7gA0vwHQIWpOrvXgO9iGyPHb30MmDps9kMJr5.png,,,,의류,https://arcteryx.co.kr/products/category/53,https: > arcteryx.co.kr > products > category > 53,의류,공용,,,,2026-08-04 18:03
ARCTERYX,https://arcteryx.co.kr/products/category/53,https://arcteryx.co.kr/products/view/685999,아크테릭스코리아 : 토륨 후디 여성,,,,https://public.arcteryx.co.kr/metas/i3V7gA0vwHQIWpOrvXgO9iGyPHb30MmDps9kMJr5.png,,,,의류,https://arcteryx.co.kr/products/category/53,https: > arcteryx.co.kr > products > category > 53,의류,공용,,,,2026-08-04 18:03
ARCTERYX,https://arcteryx.co.kr/products/category/53,https://arcteryx.co.kr/products/view/686267,아크테릭스코리아 : 베타 SL 재킷 남성,,,,https://public.arcteryx.co.kr/metas/i3V7gA0vwHQIWpOrvXgO9iGyPHb30MmDps9kMJr5.png,,,,의류,https://arcteryx.co.kr/products/category/53,https: > arcteryx.co.kr > products > category > 53,의류,공용,,,,2026-08-04 18:03
ARCTERYX,https://arcteryx.co.kr/products/category/53,https://arcteryx.co.kr/products/view/685986,아크테릭스코리아 : 알파 재킷 여성,,,,https://public.arcteryx.co.kr/metas/i3V7gA0vwHQIWpOrvXgO9iGyPHb30MmDps9kMJr5.png,,,,의류,https://arcteryx.co.kr/products/category/53,https: > arcteryx.co.kr > products > category > 53,의류,공용,,,,2026-08-04 18:03
ARCTERYX,https://arcteryx.co.kr/products/category/53,https://arcteryx.co.kr/products/view/685977,아크테릭스코리아 : 아톰 SV 재킷 여성,,,,https://public.arcteryx.co.kr/metas/i3V7gA0vwHQIWpOrvXgO9iGyPHb30MmDps9kMJr5.png,,,,의류,https://arcteryx.co.kr/products/category/53,https: > arcteryx.co.kr > products > category > 53,의류,공용,,,,2026-08-04 18:03
ARCTERYX,https://arcteryx.co.kr/products/category/53,https://arcteryx.co.kr/products/view/685715,아크테릭스코리아 : 베타 재킷 여성,,,,https://public.arcteryx.co.kr/metas/i3V7gA0vwHQIWpOrvXgO9iGyPHb30MmDps9kMJr5.png,,,,의류,https://arcteryx.co.kr/products/category/53,https: > arcteryx.co.kr > products > category > 53,의류,공용,,,,2026-08-04 18:03
ARCTERYX,https://arcteryx.co.kr/products/category/61,https://arcteryx.co.kr/products/view/685819,아크테릭스코리아 : 퀸틱 28 백팩,,,,https://public.arcteryx.co.kr/metas/i3V7gA0vwHQIWpOrvXgO9iGyPHb30MmDps9kMJr5.png,,,,배낭,https://arcteryx.co.kr/products/category/61,https: > arcteryx.co.kr > products > category > 61,배낭,공용,,,,2026-08-04 18:03
ARCTERYX,https://arcteryx.co.kr/products/category/61,https://arcteryx.co.kr/products/view/685706,아크테릭스코리아 : 이온 기어 오거나이저,,,,https://public.arcteryx.co.kr/metas/i3V7gA0vwHQIWpOrvXgO9iGyPHb30MmDps9kMJr5.png,,,,배낭,https://arcteryx.co.kr/products/category/61,https: > arcteryx.co.kr > products > category > 61,배낭,공용,,,,2026-08-04 18:03
ARCTERYX,https://arcteryx.co.kr/products/category/53,https://arcteryx.co.kr/products/view/686843,아크테릭스코리아 : 베타 팬츠 여성,,,,https://public.arcteryx.co.kr/metas/i3V7gA0vwHQIWpOrvXgO9iGyPHb30MmDps9kMJr5.png,,,,의류,https://arcteryx.co.kr/products/category/53,https: > arcteryx.co.kr > products > category > 53,의류,공용,,,,2026-08-05 17:53
ARCTERYX,https://arcteryx.co.kr/products/category/53,https://arcteryx.co.kr/products/view/686800,아크테릭스코리아 : 베타 AR 재킷 여성,,,,https://public.arcteryx.co.kr/metas/i3V7gA0vwHQIWpOrvXgO9iGyPHb30MmDps9kMJr5.png,,,,의류,https://arcteryx.co.kr/products/category/53,https: > arcteryx.co.kr > products > category > 53,의류,공용,,,,2026-08-05 17:53
ARCTERYX,https://arcteryx.co.kr/products/category/53,https://arcteryx.co.kr/products/view/686888,아크테릭스코리아 : 크래그 SL 코튼 히트 맵 크루 SS 여성,,,,https://public.arcteryx.co.kr/metas/i3V7gA0vwHQIWpOrvXgO9iGyPHb30MmDps9kMJr5.png,,,,의류,https://arcteryx.co.kr/products/category/53,https: > arcteryx.co.kr > products > category > 53,의류,공용,,,,2026-08-05 17:53
ARCTERYX,https://arcteryx.co.kr/products/category/53,https://arcteryx.co.kr/products/view/686856,아크테릭스코리아 : 핸툰 팬츠 여성,,,,https://public.arcteryx.co.kr/metas/i3V7gA0vwHQIWpOrvXgO9iGyPHb30MmDps9kMJr5.png,,,,의류,https://arcteryx.co.kr/products/category/53,https: > arcteryx.co.kr > products > category > 53,의류,공용,,,,2026-08-05 17:53
ARCTERYX,https://arcteryx.co.kr/products/category/53,https://arcteryx.co.kr/products/view/686824,아크테릭스코리아 : 베타 SL 재킷,,,,https://public.arcteryx.co.kr/metas/i3V7gA0vwHQIWpOrvXgO9iGyPHb30MmDps9kMJr5.png,,,,의류,https://arcteryx.co.kr/products/category/53,https: > arcteryx.co.kr > products > category > 53,의류,공용,,,,2026-08-05 17:53
ARCTERYX,https://arcteryx.co.kr/products/category/53,https://arcteryx.co.kr/products/view/686893,아크테릭스코리아 : 커버트 1/2 짚 넥 여성,,,,https://public.arcteryx.co.kr/metas/i3V7gA0vwHQIWpOrvXgO9iGyPHb30MmDps9kMJr5.png,,,,의류,https://arcteryx.co.kr/products/category/53,https: > arcteryx.co.kr > products > category > 53,의류,공용,,,,2026-08-05 17:53
ARCTERYX,https://arcteryx.co.kr/products/category/53,https://arcteryx.co.kr/products/view/686904,아크테릭스코리아 : 올레라 크루 넥 풀오버 여성,,,,https://public.arcteryx.co.kr/metas/i3V7gA0vwHQIWpOrvXgO9iGyPHb30MmDps9kMJr5.png,,,,의류,https://arcteryx.co.kr/products/category/53,https: > arcteryx.co.kr > products > category > 53,의류,공용,,,,2026-08-05 17:53
ARCTERYX,https://arcteryx.co.kr/products/category/53,https://arcteryx.co.kr/products/view/686841,아크테릭스코리아 : 클라키아 코튼 와이드 레그 팬츠 여성,,,,https://public.arcteryx.co.kr/metas/i3V7gA0vwHQIWpOrvXgO9iGyPHb30MmDps9kMJr5.png,,,,의류,https://arcteryx.co.kr/products/category/53,https: > arcteryx.co.kr > products > category > 53,의류,공용,,,,2026-08-05 17:53
ARCTERYX,https://arcteryx.co.kr/products/category/53,https://arcteryx.co.kr/products/view/686903,아크테릭스코리아 : 올레라 짚 넥 여성,,,,https://public.arcteryx.co.kr/metas/i3V7gA0vwHQIWpOrvXgO9iGyPHb30MmDps9kMJr5.png,,,,의류,https://arcteryx.co.kr/products/category/53,https: > arcteryx.co.kr > products > category > 53,의류,공용,,,,2026-08-05 17:53
ARCTERYX,https://arcteryx.co.kr/products/category/53,https://arcteryx.co.kr/products/view/686896,아크테릭스코리아 : 엠블럼 플리스 후디 여성,,,,https://public.arcteryx.co.kr/metas/i3V7gA0vwHQIWpOrvXgO9iGyPHb30MmDps9kMJr5.png,,,,의류,https://arcteryx.co.kr/products/category/53,https: > arcteryx.co.kr > products > category > 53,의류,공용,,,,2026-08-05 17:53
ARCTERYX,https://arcteryx.co.kr/products/category/53,https://arcteryx.co.kr/products/view/686891,아크테릭스코리아 : 수나 스피드 버드 크루 셔츠 SS 여성,,,,https://public.arcteryx.co.kr/metas/i3V7gA0vwHQIWpOrvXgO9iGyPHb30MmDps9kMJr5.png,,,,의류,https://arcteryx.co.kr/products/category/53,https: > arcteryx.co.kr > products > category > 53,의류,공용,,,,2026-08-05 17:53
ARCTERYX,https://arcteryx.co.kr/products/category/53,https://arcteryx.co.kr/products/view/686816,아크테릭스코리아 : 감마 후디 여성,,,,https://public.arcteryx.co.kr/metas/i3V7gA0vwHQIWpOrvXgO9iGyPHb30MmDps9kMJr5.png,,,,의류,https://arcteryx.co.kr/products/category/53,https: > arcteryx.co.kr > products > category > 53,의류,공용,,,,2026-08-05 17:53
ARCTERYX,https://arcteryx.co.kr/products/category/53,https://arcteryx.co.kr/products/view/686794,아크테릭스코리아 : 아톰 SL 후디 여성,,,,https://public.arcteryx.co.kr/metas/i3V7gA0vwHQIWpOrvXgO9iGyPHb30MmDps9kMJr5.png,,,,의류,https://arcteryx.co.kr/products/category/53,https: > arcteryx.co.kr > products > category > 53,의류,공용,,,,2026-08-05 17:53
ARCTERYX,https://arcteryx.co.kr/products/category/61,https://arcteryx.co.kr/products/view/686992,아크테릭스코리아 : 베로 20 백팩,,,,https://public.arcteryx.co.kr/metas/i3V7gA0vwHQIWpOrvXgO9iGyPHb30MmDps9kMJr5.png,,,,배낭,https://arcteryx.co.kr/products/category/61,https: > arcteryx.co.kr > products > category > 61,배낭,공용,,,,2026-08-05 17:53
ARCTERYX,https://arcteryx.co.kr/products/category/61,https://arcteryx.co.kr/products/view/686932,아크테릭스코리아 : 헬리아드 크로스바디 백,,,,https://public.arcteryx.co.kr/metas/i3V7gA0vwHQIWpOrvXgO9iGyPHb30MmDps9kMJr5.png,,,,배낭,https://arcteryx.co.kr/products/category/61,https: > arcteryx.co.kr > products > category > 61,배낭,공용,,,,2026-08-05 17:53
ARCTERYX,https://arcteryx.co.kr/products/category/53,https://arcteryx.co.kr/products/view/686792,아크테릭스코리아 : 아톰 후디 여성,,,,https://public.arcteryx.co.kr/metas/i3V7gA0vwHQIWpOrvXgO9iGyPHb30MmDps9kMJr5.png,,,,의류,https://arcteryx.co.kr/products/category/53,https: > arcteryx.co.kr > products > category > 53,의류,공용,,,,2026-08-05 17:53
ARCTERYX,https://arcteryx.co.kr/products/category/61,https://arcteryx.co.kr/products/view/686993,아크테릭스코리아 : 베로 50 백팩,,,,https://public.arcteryx.co.kr/metas/i3V7gA0vwHQIWpOrvXgO9iGyPHb30MmDps9kMJr5.png,,,,배낭,https://arcteryx.co.kr/products/category/61,https: > arcteryx.co.kr > products > category > 61,배낭,공용,,,,2026-08-05 17:53
ARCTERYX,https://arcteryx.co.kr/products/category/61,https://arcteryx.co.kr/products/view/686694,아크테릭스코리아 : 그랜빌 10 캐리어 백,,,,https://public.arcteryx.co.kr/metas/i3V7gA0vwHQIWpOrvXgO9iGyPHb30MmDps9kMJr5.png,,,,배낭,https://arcteryx.co.kr/products/category/61,https: > arcteryx.co.kr > products > category > 61,배낭,공용,,,,2026-08-05 17:53
ARCTERYX,https://arcteryx.co.kr/products/category/61,https://arcteryx.co.kr/products/view/686989,아크테릭스코리아 : 엑시오스 4 크로스바디,,,,https://public.arcteryx.co.kr/metas/i3V7gA0vwHQIWpOrvXgO9iGyPHb30MmDps9kMJr5.png,,,,배낭,https://arcteryx.co.kr/products/category/61,https: > arcteryx.co.kr > products > category > 61,배낭,공용,,,,2026-08-05 17:53
ARCTERYX,https://arcteryx.co.kr/products/category/61,https://arcteryx.co.kr/products/view/686987,아크테릭스코리아 : 알파 FL 30 백팩,,,,https://public.arcteryx.co.kr/metas/i3V7gA0vwHQIWpOrvXgO9iGyPHb30MmDps9kMJr5.png,,,,배낭,https://arcteryx.co.kr/products/category/61,https: > arcteryx.co.kr > products > category > 61,배낭,공용,,,,2026-08-05 17:53
ARCTERYX,https://arcteryx.co.kr/products/category/61,https://arcteryx.co.kr/products/view/686931,아크테릭스코리아 : 맨티스 26 백팩,,,,https://public.arcteryx.co.kr/metas/i3V7gA0vwHQIWpOrvXgO9iGyPHb30MmDps9kMJr5.png,,,,배낭,https://arcteryx.co.kr/products/category/61,https: > arcteryx.co.kr > products > category > 61,배낭,공용,,,,2026-08-05 17:53
ARCTERYX,https://arcteryx.co.kr/products/category/61,https://arcteryx.co.kr/products/view/686695,아크테릭스코리아 : 그랜빌 25 백팩,,,,https://public.arcteryx.co.kr/metas/i3V7gA0vwHQIWpOrvXgO9iGyPHb30MmDps9kMJr5.png,,,,배낭,https://arcteryx.co.kr/products/category/61,https: > arcteryx.co.kr > products > category > 61,배낭,공용,,,,2026-08-05 17:53
ARCTERYX,https://arcteryx.co.kr/products/category/69,https://arcteryx.co.kr/products/view/686707,아크테릭스코리아 : 버드 워드 캡,,,,https://public.arcteryx.co.kr/metas/i3V7gA0vwHQIWpOrvXgO9iGyPHb30MmDps9kMJr5.png,,,,액세서리,https://arcteryx.co.kr/products/category/69,https: > arcteryx.co.kr > products > category > 69,액세서리,공용,,,,2026-08-05 17:53
ARCTERYX,https://arcteryx.co.kr/products/category/61,https://arcteryx.co.kr/products/view/686688,아크테릭스코리아 : 맨티스 2 웨이스트 팩,,,,https://public.arcteryx.co.kr/metas/i3V7gA0vwHQIWpOrvXgO9iGyPHb30MmDps9kMJr5.png,,,,배낭,https://arcteryx.co.kr/products/category/61,https: > arcteryx.co.kr > products > category > 61,배낭,공용,,,,2026-08-05 17:53
ARCTERYX,https://arcteryx.co.kr/products/category/61,https://arcteryx.co.kr/products/view/686692,아크테릭스코리아 : 헬리아드 15 백팩,8월 6일부터 순차 출고,,,https://public.arcteryx.co.kr/metas/i3V7gA0vwHQIWpOrvXgO9iGyPHb30MmDps9kMJr5.png,,,,배낭,https://arcteryx.co.kr/products/category/61,https: > arcteryx.co.kr > products > category > 61,배낭,공용,,,,2026-08-05 17:53
ARCTERYX,https://arcteryx.co.kr/products/category/69,https://arcteryx.co.kr/products/view/686946,아크테릭스코리아 : 오리스 버킷 햇,,,,https://public.arcteryx.co.kr/metas/i3V7gA0vwHQIWpOrvXgO9iGyPHb30MmDps9kMJr5.png,,,,액세서리,https://arcteryx.co.kr/products/category/69,https: > arcteryx.co.kr > products > category > 69,액세서리,공용,,,,2026-08-05 17:53
ARCTERYX,https://arcteryx.co.kr/products/category/69,https://arcteryx.co.kr/products/view/686939,아크테릭스코리아 : 워드 헤드 토크,,,,https://public.arcteryx.co.kr/metas/i3V7gA0vwHQIWpOrvXgO9iGyPHb30MmDps9kMJr5.png,,,,액세서리,https://arcteryx.co.kr/products/category/69,https: > arcteryx.co.kr > products > category > 69,액세서리,공용,,,,2026-08-05 17:53
ARCTERYX,https://arcteryx.co.kr/products/category/69,https://arcteryx.co.kr/products/view/686944,아크테릭스코리아 : 사이렉스 캡,,,,https://public.arcteryx.co.kr/metas/i3V7gA0vwHQIWpOrvXgO9iGyPHb30MmDps9kMJr5.png,,,,액세서리,https://arcteryx.co.kr/products/category/69,https: > arcteryx.co.kr > products > category > 69,액세서리,공용,,,,2026-08-05 17:53
ARCTERYX,https://arcteryx.co.kr/products/category/69,https://arcteryx.co.kr/products/view/686937,아크테릭스코리아 : 컨베이어 벨트 38,,,,https://public.arcteryx.co.kr/metas/i3V7gA0vwHQIWpOrvXgO9iGyPHb30MmDps9kMJr5.png,,,,액세서리,https://arcteryx.co.kr/products/category/69,https: > arcteryx.co.kr > products > category > 69,액세서리,공용,,,,2026-08-05 17:53
ARCTERYX,https://arcteryx.co.kr/products/category/69,https://arcteryx.co.kr/products/view/686722,아크테릭스코리아 : 그로토 토크,,,,https://public.arcteryx.co.kr/metas/i3V7gA0vwHQIWpOrvXgO9iGyPHb30MmDps9kMJr5.png,,,,액세서리,https://arcteryx.co.kr/products/category/69,https: > arcteryx.co.kr > products > category > 69,액세서리,공용,,,,2026-08-05 17:53
ARCTERYX,https://arcteryx.co.kr/products/category/69,https://arcteryx.co.kr/products/view/686702,아크테릭스코리아 : 버드 헤드 토크,,,,https://public.arcteryx.co.kr/metas/i3V7gA0vwHQIWpOrvXgO9iGyPHb30MmDps9kMJr5.png,,,,액세서리,https://arcteryx.co.kr/products/category/69,https: > arcteryx.co.kr > products > category > 69,액세서리,공용,,,,2026-08-05 17:53
ARCTERYX,https://arcteryx.co.kr/products/category/75,https://arcteryx.co.kr/products/view/686990,아크테릭스코리아 : 이온 초크 버킷,,,,https://public.arcteryx.co.kr/metas/i3V7gA0vwHQIWpOrvXgO9iGyPHb30MmDps9kMJr5.png,,,,클라이밍 장비,https://arcteryx.co.kr/products/category/75,https: > arcteryx.co.kr > products > category > 75,클라이밍 장비,공용,,,,2026-08-05 17:53
ARCTERYX,https://arcteryx.co.kr/products/category/69,https://arcteryx.co.kr/products/view/686713,아크테릭스코리아 : 로프 글러브,,,,https://public.arcteryx.co.kr/metas/i3V7gA0vwHQIWpOrvXgO9iGyPHb30MmDps9kMJr5.png,,,,액세서리,https://arcteryx.co.kr/products/category/69,https: > arcteryx.co.kr > products > category > 69,액세서리,공용,,,,2026-08-05 17:53
ARCTERYX,https://arcteryx.co.kr/products/category/53,https://arcteryx.co.kr/products/view/686796,아크테릭스코리아 : 솔라노 후디 여성,,,,https://public.arcteryx.co.kr/metas/i3V7gA0vwHQIWpOrvXgO9iGyPHb30MmDps9kMJr5.png,,,,의류,https://arcteryx.co.kr/products/category/53,https: > arcteryx.co.kr > products > category > 53,의류,공용,,,,2026-08-13 17:13
ARCTERYX,https://arcteryx.co.kr/products/category/53,https://arcteryx.co.kr/products/view/687002,아크테릭스코리아 : 스쿼미시 재킷 여성,,,,https://public.arcteryx.co.kr/metas/i3V7gA0vwHQIWpOrvXgO9iGyPHb30MmDps9kMJr5.png,,,,의류,https://arcteryx.co.kr/products/category/53,https: > arcteryx.co.kr > products > category > 53,의류,공용,,,,2026-08-13 17:13
ARCTERYX,https://arcteryx.co.kr/products/category/53,https://arcteryx.co.kr/products/view/686823,아크테릭스코리아 : 베타 재킷 여성,,,,https://public.arcteryx.co.kr/metas/i3V7gA0vwHQIWpOrvXgO9iGyPHb30MmDps9kMJr5.png,,,,의류,https://arcteryx.co.kr/products/category/53,https: > arcteryx.co.kr > products > category > 53,의류,공용,,,,2026-08-13 17:13
ARCTERYX,https://arcteryx.co.kr/products/category/53,https://arcteryx.co.kr/products/view/686806,아크테릭스코리아 : 감마 재킷 여성,,,,https://public.arcteryx.co.kr/metas/i3V7gA0vwHQIWpOrvXgO9iGyPHb30MmDps9kMJr5.png,,,,의류,https://arcteryx.co.kr/products/category/53,https: > arcteryx.co.kr > products > category > 53,의류,공용,,,,2026-08-13 17:13
ARCTERYX,https://arcteryx.co.kr/products/category/53,https://arcteryx.co.kr/products/view/686803,아크테릭스코리아 : 알파 SV 재킷 여성,,,,https://public.arcteryx.co.kr/metas/i3V7gA0vwHQIWpOrvXgO9iGyPHb30MmDps9kMJr5.png,,,,의류,https://arcteryx.co.kr/products/category/53,https: > arcteryx.co.kr > products > category > 53,의류,공용,,,,2026-08-13 17:13
ARCTERYX,https://arcteryx.co.kr/products/category/53,https://arcteryx.co.kr/products/view/686825,아크테릭스코리아 : 감마 라이트웨이트 후디 여성,,,,https://public.arcteryx.co.kr/metas/i3V7gA0vwHQIWpOrvXgO9iGyPHb30MmDps9kMJr5.png,,,,의류,https://arcteryx.co.kr/products/category/53,https: > arcteryx.co.kr > products > category > 53,의류,공용,,,,2026-08-13 17:13
ARCTERYX,https://arcteryx.co.kr/products/category/53,https://arcteryx.co.kr/products/view/686890,아크테릭스코리아 : 수나 크루 셔츠 LS 여성,,,,https://public.arcteryx.co.kr/metas/i3V7gA0vwHQIWpOrvXgO9iGyPHb30MmDps9kMJr5.png,,,,의류,https://arcteryx.co.kr/products/category/53,https: > arcteryx.co.kr > products > category > 53,의류,공용,,,,2026-08-13 17:13
ARCTERYX,https://arcteryx.co.kr/products/category/53,https://arcteryx.co.kr/products/view/687008,아크테릭스코리아 : 노반 크루 셔츠 LS 여성,,,,https://public.arcteryx.co.kr/metas/i3V7gA0vwHQIWpOrvXgO9iGyPHb30MmDps9kMJr5.png,,,,의류,https://arcteryx.co.kr/products/category/53,https: > arcteryx.co.kr > products > category > 53,의류,공용,,,,2026-08-13 17:13
ARCTERYX,https://arcteryx.co.kr/products/category/53,https://arcteryx.co.kr/products/view/686973,아크테릭스코리아 : 클라키아 AR 팬츠 여성,,,,https://public.arcteryx.co.kr/metas/i3V7gA0vwHQIWpOrvXgO9iGyPHb30MmDps9kMJr5.png,,,,의류,https://arcteryx.co.kr/products/category/53,https: > arcteryx.co.kr > products > category > 53,의류,공용,,,,2026-08-13 17:13
ARCTERYX,https://arcteryx.co.kr/products/category/53,https://arcteryx.co.kr/products/view/686889,아크테릭스코리아 : 클라키아 SL 코튼 오버셔츠 여성,,,,https://public.arcteryx.co.kr/metas/i3V7gA0vwHQIWpOrvXgO9iGyPHb30MmDps9kMJr5.png,,,,의류,https://arcteryx.co.kr/products/category/53,https: > arcteryx.co.kr > products > category > 53,의류,공용,,,,2026-08-13 17:13
ARCTERYX,https://arcteryx.co.kr/products/category/53,https://arcteryx.co.kr/products/view/686892,아크테릭스코리아 : 엠블럼 플리스 크루 여성,,,,https://public.arcteryx.co.kr/metas/i3V7gA0vwHQIWpOrvXgO9iGyPHb30MmDps9kMJr5.png,,,,의류,https://arcteryx.co.kr/products/category/53,https: > arcteryx.co.kr > products > category > 53,의류,공용,,,,2026-08-13 17:13
ARCTERYX,https://arcteryx.co.kr/products/category/53,https://arcteryx.co.kr/products/view/686855,아크테릭스코리아 : 니아 팬츠 여성,,,,https://public.arcteryx.co.kr/metas/i3V7gA0vwHQIWpOrvXgO9iGyPHb30MmDps9kMJr5.png,,,,의류,https://arcteryx.co.kr/products/category/53,https: > arcteryx.co.kr > products > category > 53,의류,공용,,,,2026-08-13 17:13
ARCTERYX,https://arcteryx.co.kr/products/category/53,https://arcteryx.co.kr/products/view/686852,아크테릭스코리아 : 세이디 팬츠 여성,,,,https://public.arcteryx.co.kr/metas/i3V7gA0vwHQIWpOrvXgO9iGyPHb30MmDps9kMJr5.png,,,,의류,https://arcteryx.co.kr/products/category/53,https: > arcteryx.co.kr > products > category > 53,의류,공용,,,,2026-08-13 17:13
ARCTERYX,https://arcteryx.co.kr/products/category/53,https://arcteryx.co.kr/products/view/686854,아크테릭스코리아 : 리우티아 팬츠 여성,,,,https://public.arcteryx.co.kr/metas/i3V7gA0vwHQIWpOrvXgO9iGyPHb30MmDps9kMJr5.png,,,,의류,https://arcteryx.co.kr/products/category/53,https: > arcteryx.co.kr > products > category > 53,의류,공용,,,,2026-08-13 17:13
ARCTERYX,https://arcteryx.co.kr/products/category/53,https://arcteryx.co.kr/products/view/686848,아크테릭스코리아 : 커버트 팬츠 여성,,,,https://public.arcteryx.co.kr/metas/i3V7gA0vwHQIWpOrvXgO9iGyPHb30MmDps9kMJr5.png,,,,의류,https://arcteryx.co.kr/products/category/53,https: > arcteryx.co.kr > products > category > 53,의류,공용,,,,2026-08-13 17:13
ARCTERYX,https://arcteryx.co.kr/products/category/53,https://arcteryx.co.kr/products/view/686845,아크테릭스코리아 : 감마 팬츠 여성,,,,https://public.arcteryx.co.kr/metas/i3V7gA0vwHQIWpOrvXgO9iGyPHb30MmDps9kMJr5.png,,,,의류,https://arcteryx.co.kr/products/category/53,https: > arcteryx.co.kr > products > category > 53,의류,공용,,,,2026-08-13 17:13
ARCTERYX,https://arcteryx.co.kr/products/category/53,https://arcteryx.co.kr/products/view/686798,아크테릭스코리아 : 아톰 재킷 여성,,,,https://public.arcteryx.co.kr/metas/i3V7gA0vwHQIWpOrvXgO9iGyPHb30MmDps9kMJr5.png,,,,의류,https://arcteryx.co.kr/products/category/53,https: > arcteryx.co.kr > products > category > 53,의류,공용,,,,2026-08-13 17:13
ARCTERYX,https://arcteryx.co.kr/products/category/53,https://arcteryx.co.kr/products/view/686815,아크테릭스코리아 : 델타 재킷 여성,,,,https://public.arcteryx.co.kr/metas/i3V7gA0vwHQIWpOrvXgO9iGyPHb30MmDps9kMJr5.png,,,,의류,https://arcteryx.co.kr/products/category/53,https: > arcteryx.co.kr > products > category > 53,의류,공용,,,,2026-08-13 17:13
ARCTERYX,https://arcteryx.co.kr/products/category/53,https://arcteryx.co.kr/products/view/686900,아크테릭스코리아 : 룰라 T-셔츠 LS 여성,,,,https://public.arcteryx.co.kr/metas/i3V7gA0vwHQIWpOrvXgO9iGyPHb30MmDps9kMJr5.png,,,,의류,https://arcteryx.co.kr/products/category/53,https: > arcteryx.co.kr > products > category > 53,의류,공용,,,,2026-08-20 16:46
