order_date,member_grade_label,coupon_flag,coupon_name,coupon_name_source,orders,buyers,quantity,revenue,coupon_amount,aov
2024-04-16,FAMILY,쿠폰 사용,쿠폰명 미확인,coupon_name+order_coupon_name+coupon_code+order_coupon_no+order_product_coupon_name+order_product_coupon_no+product_coupon_type_no,59,57,80,5746160,1554360,97392.54237288136
2024-04-16,FAMILY,쿠폰 미사용,쿠폰 미사용,coupon_name+order_coupon_name+coupon_code+order_coupon_no+order_product_coupon_name+order_product_coupon_no+product_coupon_type_no,16,15,20,1578540,0,98658.75
2024-04-16,SILVER,쿠폰 사용,쿠폰명 미확인,coupon_name+order_coupon_name+coupon_code+order_coupon_no+order_product_coupon_name+order_product_coupon_no+product_coupon_type_no,1,1,1,87570,9730,87570.0
2024-04-16,SILVER,쿠폰 미사용,쿠폰 미사용,coupon_name+order_coupon_name+coupon_code+order_coupon_no+order_product_coupon_name+order_product_coupon_no+product_coupon_type_no,1,1,1,79880,0,79880.0
2024-04-17,FAMILY,쿠폰 사용,쿠폰명 미확인,coupon_name+order_coupon_name+coupon_code+order_coupon_no+order_product_coupon_name+order_product_coupon_no+product_coupon_type_no,43,42,58,4064640,835960,94526.51162790698
2024-04-17,FAMILY,쿠폰 미사용,쿠폰 미사용,coupon_name+order_coupon_name+coupon_code+order_coupon_no+order_product_coupon_name+order_product_coupon_no+product_coupon_type_no,15,15,17,983220,0,65548.0
2024-04-17,GOLD,쿠폰 미사용,쿠폰 미사용,coupon_name+order_coupon_name+coupon_code+order_coupon_no+order_product_coupon_name+order_product_coupon_no+product_coupon_type_no,1,1,1,73000,0,73000.0
2024-04-17,SILVER,쿠폰 사용,쿠폰명 미확인,coupon_name+order_coupon_name+coupon_code+order_coupon_no+order_product_coupon_name+order_product_coupon_no+product_coupon_type_no,1,1,3,396270,45030,396270.0
2024-04-18,FAMILY,쿠폰 사용,쿠폰명 미확인,coupon_name+order_coupon_name+coupon_code+order_coupon_no+order_product_coupon_name+order_product_coupon_no+product_coupon_type_no,36,36,67,4495120,883430,124864.44444444444
2024-04-18,FAMILY,쿠폰 미사용,쿠폰 미사용,coupon_name+order_coupon_name+coupon_code+order_coupon_no+order_product_coupon_name+order_product_coupon_no+product_coupon_type_no,15,15,18,1539130,0,102608.66666666667
2024-04-18,SILVER,쿠폰 사용,쿠폰명 미확인,coupon_name+order_coupon_name+coupon_code+order_coupon_no+order_product_coupon_name+order_product_coupon_no+product_coupon_type_no,1,1,1,109920,12530,109920.0
2024-04-19,FAMILY,쿠폰 미사용,쿠폰 미사용,coupon_name+order_coupon_name+coupon_code+order_coupon_no+order_product_coupon_name+order_product_coupon_no+product_coupon_type_no,20,18,50,6245340,0,312267.0
2024-04-19,FAMILY,쿠폰 사용,쿠폰명 미확인,coupon_name+order_coupon_name+coupon_code+order_coupon_no+order_product_coupon_name+order_product_coupon_no+product_coupon_type_no,32,31,44,3221510,578090,100672.1875
2024-04-19,SILVER,쿠폰 미사용,쿠폰 미사용,coupon_name+order_coupon_name+coupon_code+order_coupon_no+order_product_coupon_name+order_product_coupon_no+product_coupon_type_no,3,3,3,366650,0,122216.66666666667
2024-04-20,FAMILY,쿠폰 사용,쿠폰명 미확인,coupon_name+order_coupon_name+coupon_code+order_coupon_no+order_product_coupon_name+order_product_coupon_no+product_coupon_type_no,44,44,60,4368690,794730,99288.40909090909
2024-04-20,FAMILY,쿠폰 미사용,쿠폰 미사용,coupon_name+order_coupon_name+coupon_code+order_coupon_no+order_product_coupon_name+order_product_coupon_no+product_coupon_type_no,16,16,22,1803840,0,112740.0
2024-04-20,SILVER,쿠폰 사용,쿠폰명 미확인,coupon_name+order_coupon_name+coupon_code+order_coupon_no+order_product_coupon_name+order_product_coupon_no+product_coupon_type_no,1,1,1,50670,5900,50670.0
2024-04-21,FAMILY,쿠폰 사용,쿠폰명 미확인,coupon_name+order_coupon_name+coupon_code+order_coupon_no+order_product_coupon_name+order_product_coupon_no+product_coupon_type_no,35,35,52,2699030,502090,77115.14285714286
2024-04-21,FAMILY,쿠폰 미사용,쿠폰 미사용,coupon_name+order_coupon_name+coupon_code+order_coupon_no+order_product_coupon_name+order_product_coupon_no+product_coupon_type_no,14,14,19,1227790,0,87699.28571428571
2024-04-21,SILVER,쿠폰 미사용,쿠폰 미사용,coupon_name+order_coupon_name+coupon_code+order_coupon_no+order_product_coupon_name+order_product_coupon_no+product_coupon_type_no,1,1,1,52040,0,52040.0
2024-04-22,FAMILY,쿠폰 사용,쿠폰명 미확인,coupon_name+order_coupon_name+coupon_code+order_coupon_no+order_product_coupon_name+order_product_coupon_no+product_coupon_type_no,51,49,63,5012310,1315890,98280.58823529411
2024-04-22,FAMILY,쿠폰 미사용,쿠폰 미사용,coupon_name+order_coupon_name+coupon_code+order_coupon_no+order_product_coupon_name+order_product_coupon_no+product_coupon_type_no,25,23,35,3161050,0,126442.0
2024-04-22,SILVER,쿠폰 미사용,쿠폰 미사용,coupon_name+order_coupon_name+coupon_code+order_coupon_no+order_product_coupon_name+order_product_coupon_no+product_coupon_type_no,2,2,4,458230,0,229115.0
2024-04-23,FAMILY,쿠폰 사용,쿠폰명 미확인,coupon_name+order_coupon_name+coupon_code+order_coupon_no+order_product_coupon_name+order_product_coupon_no+product_coupon_type_no,37,36,50,3123730,1006710,84425.13513513513
2024-04-23,FAMILY,쿠폰 미사용,쿠폰 미사용,coupon_name+order_coupon_name+coupon_code+order_coupon_no+order_product_coupon_name+order_product_coupon_no+product_coupon_type_no,14,13,16,1273480,0,90962.85714285714
2024-04-23,GOLD,쿠폰 미사용,쿠폰 미사용,coupon_name+order_coupon_name+coupon_code+order_coupon_no+order_product_coupon_name+order_product_coupon_no+product_coupon_type_no,1,1,1,139000,0,139000.0
2024-04-23,SILVER,쿠폰 미사용,쿠폰 미사용,coupon_name+order_coupon_name+coupon_code+order_coupon_no+order_product_coupon_name+order_product_coupon_no+product_coupon_type_no,3,3,4,297640,0,99213.33333333333
2024-04-23,SILVER,쿠폰 사용,쿠폰명 미확인,coupon_name+order_coupon_name+coupon_code+order_coupon_no+order_product_coupon_name+order_product_coupon_no+product_coupon_type_no,1,1,1,149000,10000,149000.0
2024-04-24,FAMILY,쿠폰 사용,쿠폰명 미확인,coupon_name+order_coupon_name+coupon_code+order_coupon_no+order_product_coupon_name+order_product_coupon_no+product_coupon_type_no,40,38,54,3979550,1086410,99488.75
2024-04-24,FAMILY,쿠폰 미사용,쿠폰 미사용,coupon_name+order_coupon_name+coupon_code+order_coupon_no+order_product_coupon_name+order_product_coupon_no+product_coupon_type_no,17,16,19,1548070,0,91062.94117647059
2024-04-24,SILVER,쿠폰 미사용,쿠폰 미사용,coupon_name+order_coupon_name+coupon_code+order_coupon_no+order_product_coupon_name+order_product_coupon_no+product_coupon_type_no,3,2,3,273300,0,91100.0
2024-04-25,FAMILY,쿠폰 사용,쿠폰명 미확인,coupon_name+order_coupon_name+coupon_code+order_coupon_no+order_product_coupon_name+order_product_coupon_no+product_coupon_type_no,43,43,48,3782450,794420,87963.95348837209
2024-04-25,FAMILY,쿠폰 미사용,쿠폰 미사용,coupon_name+order_coupon_name+coupon_code+order_coupon_no+order_product_coupon_name+order_product_coupon_no+product_coupon_type_no,7,7,9,789330,0,112761.42857142857
2024-04-25,SILVER,쿠폰 사용,쿠폰명 미확인,coupon_name+order_coupon_name+coupon_code+order_coupon_no+order_product_coupon_name+order_product_coupon_no+product_coupon_type_no,2,2,3,125650,78900,62825.0
2024-04-25,SILVER,쿠폰 미사용,쿠폰 미사용,coupon_name+order_coupon_name+coupon_code+order_coupon_no+order_product_coupon_name+order_product_coupon_no+product_coupon_type_no,1,1,1,119000,0,119000.0
2024-04-26,FAMILY,쿠폰 사용,쿠폰명 미확인,coupon_name+order_coupon_name+coupon_code+order_coupon_no+order_product_coupon_name+order_product_coupon_no+product_coupon_type_no,52,52,66,5283380,933930,101603.46153846153
2024-04-26,FAMILY,쿠폰 미사용,쿠폰 미사용,coupon_name+order_coupon_name+coupon_code+order_coupon_no+order_product_coupon_name+order_product_coupon_no+product_coupon_type_no,28,28,35,2683060,0,95823.57142857143
2024-04-26,GOLD,쿠폰 미사용,쿠폰 미사용,coupon_name+order_coupon_name+coupon_code+order_coupon_no+order_product_coupon_name+order_product_coupon_no+product_coupon_type_no,1,1,1,48200,0,48200.0
2024-04-26,SILVER,쿠폰 미사용,쿠폰 미사용,coupon_name+order_coupon_name+coupon_code+order_coupon_no+order_product_coupon_name+order_product_coupon_no+product_coupon_type_no,4,4,10,861330,0,215332.5
2024-04-27,FAMILY,쿠폰 사용,쿠폰명 미확인,coupon_name+order_coupon_name+coupon_code+order_coupon_no+order_product_coupon_name+order_product_coupon_no+product_coupon_type_no,45,44,56,4339450,686740,96432.22222222222
2024-04-27,FAMILY,쿠폰 미사용,쿠폰 미사용,coupon_name+order_coupon_name+coupon_code+order_coupon_no+order_product_coupon_name+order_product_coupon_no+product_coupon_type_no,19,18,28,2427220,0,127748.42105263157
2024-04-28,FAMILY,쿠폰 사용,쿠폰명 미확인,coupon_name+order_coupon_name+coupon_code+order_coupon_no+order_product_coupon_name+order_product_coupon_no+product_coupon_type_no,63,63,80,6612110,1012210,104954.12698412698
2024-04-28,FAMILY,쿠폰 미사용,쿠폰 미사용,coupon_name+order_coupon_name+coupon_code+order_coupon_no+order_product_coupon_name+order_product_coupon_no+product_coupon_type_no,20,20,27,1854680,0,92734.0
2024-04-28,SILVER,쿠폰 미사용,쿠폰 미사용,coupon_name+order_coupon_name+coupon_code+order_coupon_no+order_product_coupon_name+order_product_coupon_no+product_coupon_type_no,1,1,1,86610,0,86610.0
2024-04-28,SILVER,쿠폰 사용,쿠폰명 미확인,coupon_name+order_coupon_name+coupon_code+order_coupon_no+order_product_coupon_name+order_product_coupon_no+product_coupon_type_no,1,1,1,53100,5900,53100.0
2024-04-29,FAMILY,쿠폰 사용,쿠폰명 미확인,coupon_name+order_coupon_name+coupon_code+order_coupon_no+order_product_coupon_name+order_product_coupon_no+product_coupon_type_no,37,37,60,3636750,1125830,98290.54054054055
2024-04-29,FAMILY,쿠폰 미사용,쿠폰 미사용,coupon_name+order_coupon_name+coupon_code+order_coupon_no+order_product_coupon_name+order_product_coupon_no+product_coupon_type_no,14,14,19,1277910,0,91279.28571428571
2024-04-29,GOLD,쿠폰 사용,쿠폰명 미확인,coupon_name+order_coupon_name+coupon_code+order_coupon_no+order_product_coupon_name+order_product_coupon_no+product_coupon_type_no,2,2,2,159060,41600,79530.0
2024-04-29,SILVER,쿠폰 미사용,쿠폰 미사용,coupon_name+order_coupon_name+coupon_code+order_coupon_no+order_product_coupon_name+order_product_coupon_no+product_coupon_type_no,1,1,1,90620,0,90620.0
2024-04-30,FAMILY,쿠폰 사용,쿠폰명 미확인,coupon_name+order_coupon_name+coupon_code+order_coupon_no+order_product_coupon_name+order_product_coupon_no+product_coupon_type_no,49,46,76,5467830,1404350,111588.36734693877
2024-04-30,FAMILY,쿠폰 미사용,쿠폰 미사용,coupon_name+order_coupon_name+coupon_code+order_coupon_no+order_product_coupon_name+order_product_coupon_no+product_coupon_type_no,23,22,26,1997590,0,86851.73913043478
2024-04-30,SILVER,쿠폰 미사용,쿠폰 미사용,coupon_name+order_coupon_name+coupon_code+order_coupon_no+order_product_coupon_name+order_product_coupon_no+product_coupon_type_no,2,2,2,233230,0,116615.0
2024-04-30,SILVER,쿠폰 사용,쿠폰명 미확인,coupon_name+order_coupon_name+coupon_code+order_coupon_no+order_product_coupon_name+order_product_coupon_no+product_coupon_type_no,1,1,1,67790,17800,67790.0
2024-05-01,FAMILY,쿠폰 사용,쿠폰명 미확인,coupon_name+order_coupon_name+coupon_code+order_coupon_no+order_product_coupon_name+order_product_coupon_no+product_coupon_type_no,53,53,68,4705940,1012470,88791.32075471699
2024-05-01,FAMILY,쿠폰 미사용,쿠폰 미사용,coupon_name+order_coupon_name+coupon_code+order_coupon_no+order_product_coupon_name+order_product_coupon_no+product_coupon_type_no,20,20,30,2186860,0,109343.0
2024-05-01,SILVER,쿠폰 사용,쿠폰명 미확인,coupon_name+order_coupon_name+coupon_code+order_coupon_no+order_product_coupon_name+order_product_coupon_no+product_coupon_type_no,1,1,5,250500,216700,250500.0
2024-05-01,SILVER,쿠폰 미사용,쿠폰 미사용,coupon_name+order_coupon_name+coupon_code+order_coupon_no+order_product_coupon_name+order_product_coupon_no+product_coupon_type_no,2,2,2,183610,0,91805.0
2024-05-02,FAMILY,쿠폰 사용,쿠폰명 미확인,coupon_name+order_coupon_name+coupon_code+order_coupon_no+order_product_coupon_name+order_product_coupon_no+product_coupon_type_no,50,50,78,5264990,1511200,105299.8
2024-05-02,FAMILY,쿠폰 미사용,쿠폰 미사용,coupon_name+order_coupon_name+coupon_code+order_coupon_no+order_product_coupon_name+order_product_coupon_no+product_coupon_type_no,35,35,44,3517770,0,100507.71428571429
2024-05-02,GOLD,쿠폰 미사용,쿠폰 미사용,coupon_name+order_coupon_name+coupon_code+order_coupon_no+order_product_coupon_name+order_product_coupon_no+product_coupon_type_no,4,2,6,506100,0,126525.0
2024-05-02,SILVER,쿠폰 미사용,쿠폰 미사용,coupon_name+order_coupon_name+coupon_code+order_coupon_no+order_product_coupon_name+order_product_coupon_no+product_coupon_type_no,2,2,2,116820,0,58410.0
2024-05-03,FAMILY,쿠폰 사용,쿠폰명 미확인,coupon_name+order_coupon_name+coupon_code+order_coupon_no+order_product_coupon_name+order_product_coupon_no+product_coupon_type_no,46,46,61,4442620,930280,96578.69565217392
2024-05-03,FAMILY,쿠폰 미사용,쿠폰 미사용,coupon_name+order_coupon_name+coupon_code+order_coupon_no+order_product_coupon_name+order_product_coupon_no+product_coupon_type_no,24,24,41,2615720,0,108988.33333333333
2024-05-04,FAMILY,쿠폰 사용,쿠폰명 미확인,coupon_name+order_coupon_name+coupon_code+order_coupon_no+order_product_coupon_name+order_product_coupon_no+product_coupon_type_no,39,39,45,3348610,648160,85861.79487179487
2024-05-04,FAMILY,쿠폰 미사용,쿠폰 미사용,coupon_name+order_coupon_name+coupon_code+order_coupon_no+order_product_coupon_name+order_product_coupon_no+product_coupon_type_no,20,20,25,1586690,0,79334.5
2024-05-04,SILVER,쿠폰 미사용,쿠폰 미사용,coupon_name+order_coupon_name+coupon_code+order_coupon_no+order_product_coupon_name+order_product_coupon_no+product_coupon_type_no,1,1,1,109000,0,109000.0
2024-05-05,FAMILY,쿠폰 사용,쿠폰명 미확인,coupon_name+order_coupon_name+coupon_code+order_coupon_no+order_product_coupon_name+order_product_coupon_no+product_coupon_type_no,50,50,65,5568510,1008320,111370.2
2024-05-05,FAMILY,쿠폰 미사용,쿠폰 미사용,coupon_name+order_coupon_name+coupon_code+order_coupon_no+order_product_coupon_name+order_product_coupon_no+product_coupon_type_no,20,19,25,2033710,0,101685.5
2024-05-05,SILVER,쿠폰 미사용,쿠폰 미사용,coupon_name+order_coupon_name+coupon_code+order_coupon_no+order_product_coupon_name+order_product_coupon_no+product_coupon_type_no,1,1,3,197600,0,197600.0
2024-05-05,SILVER,쿠폰 사용,쿠폰명 미확인,coupon_name+order_coupon_name+coupon_code+order_coupon_no+order_product_coupon_name+order_product_coupon_no+product_coupon_type_no,1,1,3,186300,20700,186300.0
2024-05-06,FAMILY,쿠폰 사용,쿠폰명 미확인,coupon_name+order_coupon_name+coupon_code+order_coupon_no+order_product_coupon_name+order_product_coupon_no+product_coupon_type_no,42,42,49,4305570,698670,102513.57142857143
2024-05-06,FAMILY,쿠폰 미사용,쿠폰 미사용,coupon_name+order_coupon_name+coupon_code+order_coupon_no+order_product_coupon_name+order_product_coupon_no+product_coupon_type_no,20,20,28,2111650,0,105582.5
2024-05-06,SILVER,쿠폰 사용,쿠폰명 미확인,coupon_name+order_coupon_name+coupon_code+order_coupon_no+order_product_coupon_name+order_product_coupon_no+product_coupon_type_no,2,2,4,319200,145000,159600.0
2024-05-07,FAMILY,쿠폰 사용,쿠폰명 미확인,coupon_name+order_coupon_name+coupon_code+order_coupon_no+order_product_coupon_name+order_product_coupon_no+product_coupon_type_no,43,42,62,4247580,1130100,98780.93023255814
2024-05-07,FAMILY,쿠폰 미사용,쿠폰 미사용,coupon_name+order_coupon_name+coupon_code+order_coupon_no+order_product_coupon_name+order_product_coupon_no+product_coupon_type_no,29,29,40,2599310,0,89631.37931034483
2024-05-07,SILVER,쿠폰 미사용,쿠폰 미사용,coupon_name+order_coupon_name+coupon_code+order_coupon_no+order_product_coupon_name+order_product_coupon_no+product_coupon_type_no,4,4,5,490930,0,122732.5
2024-05-08,FAMILY,쿠폰 사용,쿠폰명 미확인,coupon_name+order_coupon_name+coupon_code+order_coupon_no+order_product_coupon_name+order_product_coupon_no+product_coupon_type_no,45,44,73,5356130,1825690,119025.11111111111
2024-05-08,FAMILY,쿠폰 미사용,쿠폰 미사용,coupon_name+order_coupon_name+coupon_code+order_coupon_no+order_product_coupon_name+order_product_coupon_no+product_coupon_type_no,23,23,24,2251850,0,97906.52173913043
2024-05-08,SILVER,쿠폰 사용,쿠폰명 미확인,coupon_name+order_coupon_name+coupon_code+order_coupon_no+order_product_coupon_name+order_product_coupon_no+product_coupon_type_no,2,2,4,394160,44240,197080.0
2024-05-08,SILVER,쿠폰 미사용,쿠폰 미사용,coupon_name+order_coupon_name+coupon_code+order_coupon_no+order_product_coupon_name+order_product_coupon_no+product_coupon_type_no,2,2,3,250000,0,125000.0
2024-05-08,TITANIUM,쿠폰 미사용,쿠폰 미사용,coupon_name+order_coupon_name+coupon_code+order_coupon_no+order_product_coupon_name+order_product_coupon_no+product_coupon_type_no,1,1,3,360000,0,360000.0
2024-05-09,FAMILY,쿠폰 사용,쿠폰명 미확인,coupon_name+order_coupon_name+coupon_code+order_coupon_no+order_product_coupon_name+order_product_coupon_no+product_coupon_type_no,35,35,48,3842290,597770,109779.71428571429
2024-05-09,FAMILY,쿠폰 미사용,쿠폰 미사용,coupon_name+order_coupon_name+coupon_code+order_coupon_no+order_product_coupon_name+order_product_coupon_no+product_coupon_type_no,21,21,30,2130930,0,101472.85714285714
2024-05-09,SILVER,쿠폰 미사용,쿠폰 미사용,coupon_name+order_coupon_name+coupon_code+order_coupon_no+order_product_coupon_name+order_product_coupon_no+product_coupon_type_no,1,1,1,42030,0,42030.0
2024-05-10,FAMILY,쿠폰 사용,쿠폰명 미확인,coupon_name+order_coupon_name+coupon_code+order_coupon_no+order_product_coupon_name+order_product_coupon_no+product_coupon_type_no,37,37,73,4148630,1490460,112125.13513513513
2024-05-10,FAMILY,쿠폰 미사용,쿠폰 미사용,coupon_name+order_coupon_name+coupon_code+order_coupon_no+order_product_coupon_name+order_product_coupon_no+product_coupon_type_no,29,28,36,2321420,0,80048.96551724138
2024-05-10,SILVER,쿠폰 사용,쿠폰명 미확인,coupon_name+order_coupon_name+coupon_code+order_coupon_no+order_product_coupon_name+order_product_coupon_no+product_coupon_type_no,1,1,3,215280,24920,215280.0
2024-05-10,SILVER,쿠폰 미사용,쿠폰 미사용,coupon_name+order_coupon_name+coupon_code+order_coupon_no+order_product_coupon_name+order_product_coupon_no+product_coupon_type_no,2,2,4,91420,0,45710.0
2024-05-11,FAMILY,쿠폰 사용,쿠폰명 미확인,coupon_name+order_coupon_name+coupon_code+order_coupon_no+order_product_coupon_name+order_product_coupon_no+product_coupon_type_no,37,35,52,3741830,958600,101130.54054054055
2024-05-11,FAMILY,쿠폰 미사용,쿠폰 미사용,coupon_name+order_coupon_name+coupon_code+order_coupon_no+order_product_coupon_name+order_product_coupon_no+product_coupon_type_no,22,20,29,2209900,0,100450.0
2024-05-11,GOLD,쿠폰 사용,쿠폰명 미확인,coupon_name+order_coupon_name+coupon_code+order_coupon_no+order_product_coupon_name+order_product_coupon_no+product_coupon_type_no,1,1,1,118600,18400,118600.0
2024-05-11,GOLD,쿠폰 미사용,쿠폰 미사용,coupon_name+order_coupon_name+coupon_code+order_coupon_no+order_product_coupon_name+order_product_coupon_no+product_coupon_type_no,1,1,1,85350,0,85350.0
2024-05-11,SILVER,쿠폰 사용,쿠폰명 미확인,coupon_name+order_coupon_name+coupon_code+order_coupon_no+order_product_coupon_name+order_product_coupon_no+product_coupon_type_no,3,3,3,279300,87700,93100.0
2024-05-12,FAMILY,쿠폰 사용,쿠폰명 미확인,coupon_name+order_coupon_name+coupon_code+order_coupon_no+order_product_coupon_name+order_product_coupon_no+product_coupon_type_no,47,46,68,4780600,1254970,101714.89361702128
2024-05-12,FAMILY,쿠폰 미사용,쿠폰 미사용,coupon_name+order_coupon_name+coupon_code+order_coupon_no+order_product_coupon_name+order_product_coupon_no+product_coupon_type_no,22,22,28,2181970,0,99180.45454545454
2024-05-12,SILVER,쿠폰 미사용,쿠폰 미사용,coupon_name+order_coupon_name+coupon_code+order_coupon_no+order_product_coupon_name+order_product_coupon_no+product_coupon_type_no,2,2,2,78000,0,39000.0
2024-05-13,FAMILY,쿠폰 사용,쿠폰명 미확인,coupon_name+order_coupon_name+coupon_code+order_coupon_no+order_product_coupon_name+order_product_coupon_no+product_coupon_type_no,43,43,59,4385160,936460,101980.46511627907
2024-05-13,FAMILY,쿠폰 미사용,쿠폰 미사용,coupon_name+order_coupon_name+coupon_code+order_coupon_no+order_product_coupon_name+order_product_coupon_no+product_coupon_type_no,19,19,23,1840940,0,96891.57894736843
2024-05-13,SILVER,쿠폰 사용,쿠폰명 미확인,coupon_name+order_coupon_name+coupon_code+order_coupon_no+order_product_coupon_name+order_product_coupon_no+product_coupon_type_no,2,2,4,89360,25000,44680.0
2024-05-14,FAMILY,쿠폰 사용,쿠폰명 미확인,coupon_name+order_coupon_name+coupon_code+order_coupon_no+order_product_coupon_name+order_product_coupon_no+product_coupon_type_no,35,35,42,3263660,536220,93247.42857142857
2024-05-14,FAMILY,쿠폰 미사용,쿠폰 미사용,coupon_name+order_coupon_name+coupon_code+order_coupon_no+order_product_coupon_name+order_product_coupon_no+product_coupon_type_no,19,19,21,1568070,0,82530.0
2024-05-14,SILVER,쿠폰 사용,쿠폰명 미확인,coupon_name+order_coupon_name+coupon_code+order_coupon_no+order_product_coupon_name+order_product_coupon_no+product_coupon_type_no,1,1,5,187500,187500,187500.0
2024-05-14,SILVER,쿠폰 미사용,쿠폰 미사용,coupon_name+order_coupon_name+coupon_code+order_coupon_no+order_product_coupon_name+order_product_coupon_no+product_coupon_type_no,1,1,1,149000,0,149000.0
2024-05-15,FAMILY,쿠폰 사용,쿠폰명 미확인,coupon_name+order_coupon_name+coupon_code+order_coupon_no+order_product_coupon_name+order_product_coupon_no+product_coupon_type_no,52,52,77,6255030,1125010,120289.03846153847
2024-05-15,FAMILY,쿠폰 미사용,쿠폰 미사용,coupon_name+order_coupon_name+coupon_code+order_coupon_no+order_product_coupon_name+order_product_coupon_no+product_coupon_type_no,34,33,43,3355840,0,98701.17647058824
2024-05-15,SILVER,쿠폰 미사용,쿠폰 미사용,coupon_name+order_coupon_name+coupon_code+order_coupon_no+order_product_coupon_name+order_product_coupon_no+product_coupon_type_no,3,3,4,418750,0,139583.33333333334
2024-05-15,SILVER,쿠폰 사용,쿠폰명 미확인,coupon_name+order_coupon_name+coupon_code+order_coupon_no+order_product_coupon_name+order_product_coupon_no+product_coupon_type_no,2,2,4,228800,57200,114400.0
2024-05-15,TITANIUM,쿠폰 사용,쿠폰명 미확인,coupon_name+order_coupon_name+coupon_code+order_coupon_no+order_product_coupon_name+order_product_coupon_no+product_coupon_type_no,1,1,1,27200,9800,27200.0
2024-05-16,FAMILY,쿠폰 사용,쿠폰명 미확인,coupon_name+order_coupon_name+coupon_code+order_coupon_no+order_product_coupon_name+order_product_coupon_no+product_coupon_type_no,36,36,51,3472140,1140350,96448.33333333333
2024-05-16,FAMILY,쿠폰 미사용,쿠폰 미사용,coupon_name+order_coupon_name+coupon_code+order_coupon_no+order_product_coupon_name+order_product_coupon_no+product_coupon_type_no,26,26,28,2170110,0,83465.76923076923
2024-05-16,SILVER,쿠폰 미사용,쿠폰 미사용,coupon_name+order_coupon_name+coupon_code+order_coupon_no+order_product_coupon_name+order_product_coupon_no+product_coupon_type_no,1,1,5,371270,0,371270.0
2024-05-17,FAMILY,쿠폰 사용,쿠폰명 미확인,coupon_name+order_coupon_name+coupon_code+order_coupon_no+order_product_coupon_name+order_product_coupon_no+product_coupon_type_no,26,26,34,2532350,479300,97398.07692307692
2024-05-17,FAMILY,쿠폰 미사용,쿠폰 미사용,coupon_name+order_coupon_name+coupon_code+order_coupon_no+order_product_coupon_name+order_product_coupon_no+product_coupon_type_no,13,13,21,1130380,0,86952.30769230769
2024-05-17,GOLD,쿠폰 미사용,쿠폰 미사용,coupon_name+order_coupon_name+coupon_code+order_coupon_no+order_product_coupon_name+order_product_coupon_no+product_coupon_type_no,1,1,1,87000,0,87000.0
2024-05-17,SILVER,쿠폰 미사용,쿠폰 미사용,coupon_name+order_coupon_name+coupon_code+order_coupon_no+order_product_coupon_name+order_product_coupon_no+product_coupon_type_no,1,1,1,39000,0,39000.0
2024-05-18,FAMILY,쿠폰 사용,쿠폰명 미확인,coupon_name+order_coupon_name+coupon_code+order_coupon_no+order_product_coupon_name+order_product_coupon_no+product_coupon_type_no,34,34,44,3139700,551030,92344.11764705883
2024-05-18,FAMILY,쿠폰 미사용,쿠폰 미사용,coupon_name+order_coupon_name+coupon_code+order_coupon_no+order_product_coupon_name+order_product_coupon_no+product_coupon_type_no,17,17,19,1330800,0,78282.35294117648
2024-05-18,SILVER,쿠폰 미사용,쿠폰 미사용,coupon_name+order_coupon_name+coupon_code+order_coupon_no+order_product_coupon_name+order_product_coupon_no+product_coupon_type_no,2,2,3,205750,0,102875.0
2024-05-18,SILVER,쿠폰 사용,쿠폰명 미확인,coupon_name+order_coupon_name+coupon_code+order_coupon_no+order_product_coupon_name+order_product_coupon_no+product_coupon_type_no,2,2,2,192990,20000,96495.0
2024-05-19,FAMILY,쿠폰 사용,쿠폰명 미확인,coupon_name+order_coupon_name+coupon_code+order_coupon_no+order_product_coupon_name+order_product_coupon_no+product_coupon_type_no,38,38,51,3618510,669470,95223.94736842105
2024-05-19,FAMILY,쿠폰 미사용,쿠폰 미사용,coupon_name+order_coupon_name+coupon_code+order_coupon_no+order_product_coupon_name+order_product_coupon_no+product_coupon_type_no,26,25,35,2677630,0,102985.76923076923
2024-05-19,SILVER,쿠폰 미사용,쿠폰 미사용,coupon_name+order_coupon_name+coupon_code+order_coupon_no+order_product_coupon_name+order_product_coupon_no+product_coupon_type_no,1,1,1,185820,0,185820.0
2024-05-19,SILVER,쿠폰 사용,쿠폰명 미확인,coupon_name+order_coupon_name+coupon_code+order_coupon_no+order_product_coupon_name+order_product_coupon_no+product_coupon_type_no,1,1,1,119200,29800,119200.0
2024-05-20,FAMILY,쿠폰 사용,쿠폰명 미확인,coupon_name+order_coupon_name+coupon_code+order_coupon_no+order_product_coupon_name+order_product_coupon_no+product_coupon_type_no,45,45,83,5813950,848970,129198.88888888889
2024-05-20,FAMILY,쿠폰 미사용,쿠폰 미사용,coupon_name+order_coupon_name+coupon_code+order_coupon_no+order_product_coupon_name+order_product_coupon_no+product_coupon_type_no,18,18,24,1568560,0,87142.22222222222
2024-05-20,SILVER,쿠폰 사용,쿠폰명 미확인,coupon_name+order_coupon_name+coupon_code+order_coupon_no+order_product_coupon_name+order_product_coupon_no+product_coupon_type_no,2,2,2,106960,65400,53480.0
2024-05-20,SILVER,쿠폰 미사용,쿠폰 미사용,coupon_name+order_coupon_name+coupon_code+order_coupon_no+order_product_coupon_name+order_product_coupon_no+product_coupon_type_no,1,1,1,71630,0,71630.0
2024-05-21,FAMILY,쿠폰 사용,쿠폰명 미확인,coupon_name+order_coupon_name+coupon_code+order_coupon_no+order_product_coupon_name+order_product_coupon_no+product_coupon_type_no,35,35,58,3772300,1014700,107780.0
2024-05-21,FAMILY,쿠폰 미사용,쿠폰 미사용,coupon_name+order_coupon_name+coupon_code+order_coupon_no+order_product_coupon_name+order_product_coupon_no+product_coupon_type_no,22,22,23,1976680,0,89849.09090909091
2024-05-21,SILVER,쿠폰 미사용,쿠폰 미사용,coupon_name+order_coupon_name+coupon_code+order_coupon_no+order_product_coupon_name+order_product_coupon_no+product_coupon_type_no,2,2,2,214200,0,107100.0
2024-05-21,SILVER,쿠폰 사용,쿠폰명 미확인,coupon_name+order_coupon_name+coupon_code+order_coupon_no+order_product_coupon_name+order_product_coupon_no+product_coupon_type_no,1,1,1,93670,15630,93670.0
2024-05-22,FAMILY,쿠폰 사용,쿠폰명 미확인,coupon_name+order_coupon_name+coupon_code+order_coupon_no+order_product_coupon_name+order_product_coupon_no+product_coupon_type_no,37,37,48,3440490,671360,92986.21621621621
2024-05-22,FAMILY,쿠폰 미사용,쿠폰 미사용,coupon_name+order_coupon_name+coupon_code+order_coupon_no+order_product_coupon_name+order_product_coupon_no+product_coupon_type_no,18,18,21,1462670,0,81259.44444444444
2024-05-22,SILVER,쿠폰 미사용,쿠폰 미사용,coupon_name+order_coupon_name+coupon_code+order_coupon_no+order_product_coupon_name+order_product_coupon_no+product_coupon_type_no,2,2,4,188270,0,94135.0
2024-05-22,SILVER,쿠폰 사용,쿠폰명 미확인,coupon_name+order_coupon_name+coupon_code+order_coupon_no+order_product_coupon_name+order_product_coupon_no+product_coupon_type_no,1,1,2,92950,19800,92950.0
2024-05-23,FAMILY,쿠폰 사용,쿠폰명 미확인,coupon_name+order_coupon_name+coupon_code+order_coupon_no+order_product_coupon_name+order_product_coupon_no+product_coupon_type_no,38,38,53,3850600,1278700,101331.57894736843
2024-05-23,FAMILY,쿠폰 미사용,쿠폰 미사용,coupon_name+order_coupon_name+coupon_code+order_coupon_no+order_product_coupon_name+order_product_coupon_no+product_coupon_type_no,17,17,20,1302200,0,76600.0
2024-05-23,SILVER,쿠폰 사용,쿠폰명 미확인,coupon_name+order_coupon_name+coupon_code+order_coupon_no+order_product_coupon_name+order_product_coupon_no+product_coupon_type_no,1,1,1,46320,10000,46320.0
2024-05-24,FAMILY,쿠폰 사용,쿠폰명 미확인,coupon_name+order_coupon_name+coupon_code+order_coupon_no+order_product_coupon_name+order_product_coupon_no+product_coupon_type_no,34,30,49,2673510,871790,78632.64705882352
2024-05-24,FAMILY,쿠폰 미사용,쿠폰 미사용,coupon_name+order_coupon_name+coupon_code+order_coupon_no+order_product_coupon_name+order_product_coupon_no+product_coupon_type_no,21,21,32,2181160,0,103864.76190476191
2024-05-25,FAMILY,쿠폰 사용,쿠폰명 미확인,coupon_name+order_coupon_name+coupon_code+order_coupon_no+order_product_coupon_name+order_product_coupon_no+product_coupon_type_no,22,21,28,2112290,518890,96013.18181818182
2024-05-25,FAMILY,쿠폰 미사용,쿠폰 미사용,coupon_name+order_coupon_name+coupon_code+order_coupon_no+order_product_coupon_name+order_product_coupon_no+product_coupon_type_no,14,14,18,1288040,0,92002.85714285714
2024-05-25,SILVER,쿠폰 미사용,쿠폰 미사용,coupon_name+order_coupon_name+coupon_code+order_coupon_no+order_product_coupon_name+order_product_coupon_no+product_coupon_type_no,2,2,2,222880,0,111440.0
2024-05-25,SILVER,쿠폰 사용,쿠폰명 미확인,coupon_name+order_coupon_name+coupon_code+order_coupon_no+order_product_coupon_name+order_product_coupon_no+product_coupon_type_no,1,1,1,49000,10000,49000.0
2024-05-26,FAMILY,쿠폰 사용,쿠폰명 미확인,coupon_name+order_coupon_name+coupon_code+order_coupon_no+order_product_coupon_name+order_product_coupon_no+product_coupon_type_no,43,42,60,4360680,1080550,101411.16279069768
2024-05-26,FAMILY,쿠폰 미사용,쿠폰 미사용,coupon_name+order_coupon_name+coupon_code+order_coupon_no+order_product_coupon_name+order_product_coupon_no+product_coupon_type_no,24,23,31,2161460,0,90060.83333333333
2024-05-26,GOLD,쿠폰 미사용,쿠폰 미사용,coupon_name+order_coupon_name+coupon_code+order_coupon_no+order_product_coupon_name+order_product_coupon_no+product_coupon_type_no,1,1,1,62950,0,62950.0
2024-05-26,SILVER,쿠폰 미사용,쿠폰 미사용,coupon_name+order_coupon_name+coupon_code+order_coupon_no+order_product_coupon_name+order_product_coupon_no+product_coupon_type_no,1,1,4,236000,0,236000.0
2024-05-27,FAMILY,쿠폰 사용,쿠폰명 미확인,coupon_name+order_coupon_name+coupon_code+order_coupon_no+order_product_coupon_name+order_product_coupon_no+product_coupon_type_no,48,47,75,4576220,1097920,95337.91666666667
2024-05-27,FAMILY,쿠폰 미사용,쿠폰 미사용,coupon_name+order_coupon_name+coupon_code+order_coupon_no+order_product_coupon_name+order_product_coupon_no+product_coupon_type_no,26,25,39,3003150,0,115505.76923076923
2024-05-27,GOLD,쿠폰 사용,쿠폰명 미확인,coupon_name+order_coupon_name+coupon_code+order_coupon_no+order_product_coupon_name+order_product_coupon_no+product_coupon_type_no,2,2,3,336760,41450,168380.0
2024-05-27,SILVER,쿠폰 미사용,쿠폰 미사용,coupon_name+order_coupon_name+coupon_code+order_coupon_no+order_product_coupon_name+order_product_coupon_no+product_coupon_type_no,3,3,10,834050,0,278016.6666666667
2024-05-27,TITANIUM,쿠폰 미사용,쿠폰 미사용,coupon_name+order_coupon_name+coupon_code+order_coupon_no+order_product_coupon_name+order_product_coupon_no+product_coupon_type_no,1,1,5,325000,0,325000.0
2024-05-27,TITANIUM,쿠폰 사용,쿠폰명 미확인,coupon_name+order_coupon_name+coupon_code+order_coupon_no+order_product_coupon_name+order_product_coupon_no+product_coupon_type_no,1,1,2,142200,15800,142200.0
2024-05-28,FAMILY,쿠폰 사용,쿠폰명 미확인,coupon_name+order_coupon_name+coupon_code+order_coupon_no+order_product_coupon_name+order_product_coupon_no+product_coupon_type_no,36,33,75,4426500,1995270,122958.33333333333
2024-05-28,FAMILY,쿠폰 미사용,쿠폰 미사용,coupon_name+order_coupon_name+coupon_code+order_coupon_no+order_product_coupon_name+order_product_coupon_no+product_coupon_type_no,19,19,35,2643900,0,139152.63157894736
2024-05-28,SILVER,쿠폰 미사용,쿠폰 미사용,coupon_name+order_coupon_name+coupon_code+order_coupon_no+order_product_coupon_name+order_product_coupon_no+product_coupon_type_no,3,3,5,604670,0,201556.66666666666
2024-05-28,SILVER,쿠폰 사용,쿠폰명 미확인,coupon_name+order_coupon_name+coupon_code+order_coupon_no+order_product_coupon_name+order_product_coupon_no+product_coupon_type_no,1,1,2,132810,16330,132810.0
2024-05-29,FAMILY,쿠폰 사용,쿠폰명 미확인,coupon_name+order_coupon_name+coupon_code+order_coupon_no+order_product_coupon_name+order_product_coupon_no+product_coupon_type_no,28,28,49,3373540,922490,120483.57142857143
2024-05-29,FAMILY,쿠폰 미사용,쿠폰 미사용,coupon_name+order_coupon_name+coupon_code+order_coupon_no+order_product_coupon_name+order_product_coupon_no+product_coupon_type_no,23,23,35,2301130,0,100049.13043478261
2024-05-29,SILVER,쿠폰 미사용,쿠폰 미사용,coupon_name+order_coupon_name+coupon_code+order_coupon_no+order_product_coupon_name+order_product_coupon_no+product_coupon_type_no,3,3,5,271870,0,90623.33333333333
2024-05-29,SILVER,쿠폰 사용,쿠폰명 미확인,coupon_name+order_coupon_name+coupon_code+order_coupon_no+order_product_coupon_name+order_product_coupon_no+product_coupon_type_no,1,1,2,193040,49600,193040.0
2024-05-30,FAMILY,쿠폰 미사용,쿠폰 미사용,coupon_name+order_coupon_name+coupon_code+order_coupon_no+order_product_coupon_name+order_product_coupon_no+product_coupon_type_no,23,23,36,3210260,0,139576.52173913043
2024-05-30,FAMILY,쿠폰 사용,쿠폰명 미확인,coupon_name+order_coupon_name+coupon_code+order_coupon_no+order_product_coupon_name+order_product_coupon_no+product_coupon_type_no,32,28,51,3060750,974580,95648.4375
2024-05-30,SILVER,쿠폰 미사용,쿠폰 미사용,coupon_name+order_coupon_name+coupon_code+order_coupon_no+order_product_coupon_name+order_product_coupon_no+product_coupon_type_no,1,1,5,222160,0,222160.0
2024-05-31,FAMILY,쿠폰 미사용,쿠폰 미사용,coupon_name+order_coupon_name+coupon_code+order_coupon_no+order_product_coupon_name+order_product_coupon_no+product_coupon_type_no,17,16,34,2358410,0,138730.0
2024-05-31,FAMILY,쿠폰 사용,쿠폰명 미확인,coupon_name+order_coupon_name+coupon_code+order_coupon_no+order_product_coupon_name+order_product_coupon_no+product_coupon_type_no,18,18,33,1997850,672770,110991.66666666667
2024-06-01,FAMILY,쿠폰 사용,쿠폰명 미확인,coupon_name+order_coupon_name+coupon_code+order_coupon_no+order_product_coupon_name+order_product_coupon_no+product_coupon_type_no,31,31,50,3617140,930020,116681.93548387097
2024-06-01,FAMILY,쿠폰 미사용,쿠폰 미사용,coupon_name+order_coupon_name+coupon_code+order_coupon_no+order_product_coupon_name+order_product_coupon_no+product_coupon_type_no,10,10,14,975500,0,97550.0
2024-06-02,FAMILY,쿠폰 사용,쿠폰명 미확인,coupon_name+order_coupon_name+coupon_code+order_coupon_no+order_product_coupon_name+order_product_coupon_no+product_coupon_type_no,31,31,36,2388250,464410,77040.32258064517
2024-06-02,FAMILY,쿠폰 미사용,쿠폰 미사용,coupon_name+order_coupon_name+coupon_code+order_coupon_no+order_product_coupon_name+order_product_coupon_no+product_coupon_type_no,18,17,24,1192520,0,66251.11111111111
2024-06-02,SILVER,쿠폰 미사용,쿠폰 미사용,coupon_name+order_coupon_name+coupon_code+order_coupon_no+order_product_coupon_name+order_product_coupon_no+product_coupon_type_no,2,2,4,244910,0,122455.0
2024-06-02,SILVER,쿠폰 사용,쿠폰명 미확인,coupon_name+order_coupon_name+coupon_code+order_coupon_no+order_product_coupon_name+order_product_coupon_no+product_coupon_type_no,1,1,1,85430,23800,85430.0
2024-06-03,FAMILY,쿠폰 사용,쿠폰명 미확인,coupon_name+order_coupon_name+coupon_code+order_coupon_no+order_product_coupon_name+order_product_coupon_no+product_coupon_type_no,34,34,43,2975970,734530,87528.5294117647
2024-06-03,FAMILY,쿠폰 미사용,쿠폰 미사용,coupon_name+order_coupon_name+coupon_code+order_coupon_no+order_product_coupon_name+order_product_coupon_no+product_coupon_type_no,19,19,30,2629670,0,138403.68421052632
2024-06-03,GOLD,쿠폰 미사용,쿠폰 미사용,coupon_name+order_coupon_name+coupon_code+order_coupon_no+order_product_coupon_name+order_product_coupon_no+product_coupon_type_no,1,1,1,130240,0,130240.0
2024-06-03,SILVER,쿠폰 사용,쿠폰명 미확인,coupon_name+order_coupon_name+coupon_code+order_coupon_no+order_product_coupon_name+order_product_coupon_no+product_coupon_type_no,1,1,2,211280,28920,211280.0
2024-06-04,FAMILY,쿠폰 사용,쿠폰명 미확인,coupon_name+order_coupon_name+coupon_code+order_coupon_no+order_product_coupon_name+order_product_coupon_no+product_coupon_type_no,39,39,64,3720090,663430,95386.92307692308
2024-06-04,FAMILY,쿠폰 미사용,쿠폰 미사용,coupon_name+order_coupon_name+coupon_code+order_coupon_no+order_product_coupon_name+order_product_coupon_no+product_coupon_type_no,22,22,25,1885030,0,85683.18181818182
2024-06-04,SILVER,쿠폰 미사용,쿠폰 미사용,coupon_name+order_coupon_name+coupon_code+order_coupon_no+order_product_coupon_name+order_product_coupon_no+product_coupon_type_no,1,1,2,348000,0,348000.0
2024-06-04,SILVER,쿠폰 사용,쿠폰명 미확인,coupon_name+order_coupon_name+coupon_code+order_coupon_no+order_product_coupon_name+order_product_coupon_no+product_coupon_type_no,1,1,1,72700,8900,72700.0
2024-06-05,FAMILY,쿠폰 사용,쿠폰명 미확인,coupon_name+order_coupon_name+coupon_code+order_coupon_no+order_product_coupon_name+order_product_coupon_no+product_coupon_type_no,20,20,24,1560990,368720,78049.5
2024-06-05,FAMILY,쿠폰 미사용,쿠폰 미사용,coupon_name+order_coupon_name+coupon_code+order_coupon_no+order_product_coupon_name+order_product_coupon_no+product_coupon_type_no,14,13,17,1287660,0,91975.71428571429
2024-06-05,SILVER,쿠폰 미사용,쿠폰 미사용,coupon_name+order_coupon_name+coupon_code+order_coupon_no+order_product_coupon_name+order_product_coupon_no+product_coupon_type_no,1,1,1,77230,0,77230.0
2024-06-06,FAMILY,쿠폰 사용,쿠폰명 미확인,coupon_name+order_coupon_name+coupon_code+order_coupon_no+order_product_coupon_name+order_product_coupon_no+product_coupon_type_no,41,41,52,3723140,788960,90808.29268292683
2024-06-06,FAMILY,쿠폰 미사용,쿠폰 미사용,coupon_name+order_coupon_name+coupon_code+order_coupon_no+order_product_coupon_name+order_product_coupon_no+product_coupon_type_no,11,11,13,848980,0,77180.0
2024-06-06,GOLD,쿠폰 미사용,쿠폰 미사용,coupon_name+order_coupon_name+coupon_code+order_coupon_no+order_product_coupon_name+order_product_coupon_no+product_coupon_type_no,1,1,1,53000,0,53000.0
2024-06-06,SILVER,쿠폰 사용,쿠폰명 미확인,coupon_name+order_coupon_name+coupon_code+order_coupon_no+order_product_coupon_name+order_product_coupon_no+product_coupon_type_no,1,1,2,110060,12640,110060.0
2024-06-06,SILVER,쿠폰 미사용,쿠폰 미사용,coupon_name+order_coupon_name+coupon_code+order_coupon_no+order_product_coupon_name+order_product_coupon_no+product_coupon_type_no,1,1,1,37000,0,37000.0
2024-06-07,FAMILY,쿠폰 사용,쿠폰명 미확인,coupon_name+order_coupon_name+coupon_code+order_coupon_no+order_product_coupon_name+order_product_coupon_no+product_coupon_type_no,35,35,44,3484700,540490,99562.85714285714
2024-06-07,FAMILY,쿠폰 미사용,쿠폰 미사용,coupon_name+order_coupon_name+coupon_code+order_coupon_no+order_product_coupon_name+order_product_coupon_no+product_coupon_type_no,18,18,22,1427260,0,79292.22222222222
2024-06-07,GOLD,쿠폰 미사용,쿠폰 미사용,coupon_name+order_coupon_name+coupon_code+order_coupon_no+order_product_coupon_name+order_product_coupon_no+product_coupon_type_no,1,1,1,35000,0,35000.0
2024-06-07,SILVER,쿠폰 미사용,쿠폰 미사용,coupon_name+order_coupon_name+coupon_code+order_coupon_no+order_product_coupon_name+order_product_coupon_no+product_coupon_type_no,2,2,2,195300,0,97650.0
2024-06-07,SILVER,쿠폰 사용,쿠폰명 미확인,coupon_name+order_coupon_name+coupon_code+order_coupon_no+order_product_coupon_name+order_product_coupon_no+product_coupon_type_no,2,2,2,193410,27300,96705.0
2024-06-08,FAMILY,쿠폰 사용,쿠폰명 미확인,coupon_name+order_coupon_name+coupon_code+order_coupon_no+order_product_coupon_name+order_product_coupon_no+product_coupon_type_no,29,28,32,2723920,470850,93928.27586206897
2024-06-08,FAMILY,쿠폰 미사용,쿠폰 미사용,coupon_name+order_coupon_name+coupon_code+order_coupon_no+order_product_coupon_name+order_product_coupon_no+product_coupon_type_no,13,13,28,2056500,0,158192.3076923077
2024-06-08,SILVER,쿠폰 미사용,쿠폰 미사용,coupon_name+order_coupon_name+coupon_code+order_coupon_no+order_product_coupon_name+order_product_coupon_no+product_coupon_type_no,4,4,6,657130,0,164282.5
2024-06-08,SILVER,쿠폰 사용,쿠폰명 미확인,coupon_name+order_coupon_name+coupon_code+order_coupon_no+order_product_coupon_name+order_product_coupon_no+product_coupon_type_no,1,1,1,160860,18900,160860.0
2024-06-09,FAMILY,쿠폰 사용,쿠폰명 미확인,coupon_name+order_coupon_name+coupon_code+order_coupon_no+order_product_coupon_name+order_product_coupon_no+product_coupon_type_no,38,38,53,3705210,884090,97505.52631578948
2024-06-09,FAMILY,쿠폰 미사용,쿠폰 미사용,coupon_name+order_coupon_name+coupon_code+order_coupon_no+order_product_coupon_name+order_product_coupon_no+product_coupon_type_no,16,16,21,1922940,0,120183.75
2024-06-09,GOLD,쿠폰 미사용,쿠폰 미사용,coupon_name+order_coupon_name+coupon_code+order_coupon_no+order_product_coupon_name+order_product_coupon_no+product_coupon_type_no,1,1,2,54000,0,54000.0
2024-06-09,SILVER,쿠폰 미사용,쿠폰 미사용,coupon_name+order_coupon_name+coupon_code+order_coupon_no+order_product_coupon_name+order_product_coupon_no+product_coupon_type_no,3,2,4,239190,0,79730.0
2024-06-10,FAMILY,쿠폰 사용,쿠폰명 미확인,coupon_name+order_coupon_name+coupon_code+order_coupon_no+order_product_coupon_name+order_product_coupon_no+product_coupon_type_no,42,42,56,3382410,844680,80533.57142857143
2024-06-10,FAMILY,쿠폰 미사용,쿠폰 미사용,coupon_name+order_coupon_name+coupon_code+order_coupon_no+order_product_coupon_name+order_product_coupon_no+product_coupon_type_no,21,20,29,2246780,0,106989.52380952382
2024-06-10,SILVER,쿠폰 미사용,쿠폰 미사용,coupon_name+order_coupon_name+coupon_code+order_coupon_no+order_product_coupon_name+order_product_coupon_no+product_coupon_type_no,3,3,6,262150,0,87383.33333333333
2024-06-10,SILVER,쿠폰 사용,쿠폰명 미확인,coupon_name+order_coupon_name+coupon_code+order_coupon_no+order_product_coupon_name+order_product_coupon_no+product_coupon_type_no,2,2,2,175300,35700,87650.0
2024-06-11,FAMILY,쿠폰 사용,쿠폰명 미확인,coupon_name+order_coupon_name+coupon_code+order_coupon_no+order_product_coupon_name+order_product_coupon_no+product_coupon_type_no,33,33,54,2867280,751550,86887.27272727272
2024-06-11,FAMILY,쿠폰 미사용,쿠폰 미사용,coupon_name+order_coupon_name+coupon_code+order_coupon_no+order_product_coupon_name+order_product_coupon_no+product_coupon_type_no,16,16,27,1162310,0,72644.375
2024-06-11,SILVER,쿠폰 사용,쿠폰명 미확인,coupon_name+order_coupon_name+coupon_code+order_coupon_no+order_product_coupon_name+order_product_coupon_no+product_coupon_type_no,1,1,1,38000,10000,38000.0
2024-06-12,FAMILY,쿠폰 사용,쿠폰명 미확인,coupon_name+order_coupon_name+coupon_code+order_coupon_no+order_product_coupon_name+order_product_coupon_no+product_coupon_type_no,37,37,54,3464990,628750,93648.37837837837
2024-06-12,FAMILY,쿠폰 미사용,쿠폰 미사용,coupon_name+order_coupon_name+coupon_code+order_coupon_no+order_product_coupon_name+order_product_coupon_no+product_coupon_type_no,20,20,31,1725710,0,86285.5
2024-06-12,SILVER,쿠폰 미사용,쿠폰 미사용,coupon_name+order_coupon_name+coupon_code+order_coupon_no+order_product_coupon_name+order_product_coupon_no+product_coupon_type_no,1,1,1,84450,0,84450.0
2024-06-13,FAMILY,쿠폰 사용,쿠폰명 미확인,coupon_name+order_coupon_name+coupon_code+order_coupon_no+order_product_coupon_name+order_product_coupon_no+product_coupon_type_no,38,38,63,3841680,853330,101096.84210526316
2024-06-13,FAMILY,쿠폰 미사용,쿠폰 미사용,coupon_name+order_coupon_name+coupon_code+order_coupon_no+order_product_coupon_name+order_product_coupon_no+product_coupon_type_no,19,19,25,1836070,0,96635.26315789473
2024-06-13,GOLD,쿠폰 미사용,쿠폰 미사용,coupon_name+order_coupon_name+coupon_code+order_coupon_no+order_product_coupon_name+order_product_coupon_no+product_coupon_type_no,1,1,2,114240,0,114240.0
2024-06-13,SILVER,쿠폰 미사용,쿠폰 미사용,coupon_name+order_coupon_name+coupon_code+order_coupon_no+order_product_coupon_name+order_product_coupon_no+product_coupon_type_no,3,3,6,454040,0,151346.66666666666
2024-06-13,SILVER,쿠폰 사용,쿠폰명 미확인,coupon_name+order_coupon_name+coupon_code+order_coupon_no+order_product_coupon_name+order_product_coupon_no+product_coupon_type_no,2,2,5,341900,273000,170950.0
2024-06-14,FAMILY,쿠폰 미사용,쿠폰 미사용,coupon_name+order_coupon_name+coupon_code+order_coupon_no+order_product_coupon_name+order_product_coupon_no+product_coupon_type_no,79,79,126,8345970,0,105645.18987341772
2024-06-14,FAMILY,쿠폰 사용,쿠폰명 미확인,coupon_name+order_coupon_name+coupon_code+order_coupon_no+order_product_coupon_name+order_product_coupon_no+product_coupon_type_no,50,49,83,4871380,1054260,97427.6
2024-06-14,GOLD,쿠폰 미사용,쿠폰 미사용,coupon_name+order_coupon_name+coupon_code+order_coupon_no+order_product_coupon_name+order_product_coupon_no+product_coupon_type_no,5,4,9,387280,0,77456.0
2024-06-14,SILVER,쿠폰 미사용,쿠폰 미사용,coupon_name+order_coupon_name+coupon_code+order_coupon_no+order_product_coupon_name+order_product_coupon_no+product_coupon_type_no,8,7,18,1239950,0,154993.75
2024-06-15,FAMILY,쿠폰 사용,쿠폰명 미확인,coupon_name+order_coupon_name+coupon_code+order_coupon_no+order_product_coupon_name+order_product_coupon_no+product_coupon_type_no,33,33,57,3221500,630120,97621.21212121213
2024-06-15,FAMILY,쿠폰 미사용,쿠폰 미사용,coupon_name+order_coupon_name+coupon_code+order_coupon_no+order_product_coupon_name+order_product_coupon_no+product_coupon_type_no,19,18,25,1380990,0,72683.68421052632
2024-06-15,SILVER,쿠폰 미사용,쿠폰 미사용,coupon_name+order_coupon_name+coupon_code+order_coupon_no+order_product_coupon_name+order_product_coupon_no+product_coupon_type_no,2,2,4,220820,0,110410.0
2024-06-15,SILVER,쿠폰 사용,쿠폰명 미확인,coupon_name+order_coupon_name+coupon_code+order_coupon_no+order_product_coupon_name+order_product_coupon_no+product_coupon_type_no,2,2,2,72000,20000,36000.0
2024-06-16,FAMILY,쿠폰 사용,쿠폰명 미확인,coupon_name+order_coupon_name+coupon_code+order_coupon_no+order_product_coupon_name+order_product_coupon_no+product_coupon_type_no,57,57,94,5401850,1051540,94769.29824561403
2024-06-16,FAMILY,쿠폰 미사용,쿠폰 미사용,coupon_name+order_coupon_name+coupon_code+order_coupon_no+order_product_coupon_name+order_product_coupon_no+product_coupon_type_no,32,29,50,3320090,0,103752.8125
2024-06-16,SILVER,쿠폰 미사용,쿠폰 미사용,coupon_name+order_coupon_name+coupon_code+order_coupon_no+order_product_coupon_name+order_product_coupon_no+product_coupon_type_no,3,3,3,215400,0,71800.0
2024-06-17,FAMILY,쿠폰 미사용,쿠폰 미사용,coupon_name+order_coupon_name+coupon_code+order_coupon_no+order_product_coupon_name+order_product_coupon_no+product_coupon_type_no,39,38,58,4069360,0,104342.56410256411
2024-06-17,FAMILY,쿠폰 사용,쿠폰명 미확인,coupon_name+order_coupon_name+coupon_code+order_coupon_no+order_product_coupon_name+order_product_coupon_no+product_coupon_type_no,45,44,66,3858160,927520,85736.88888888889
2024-06-17,SILVER,쿠폰 미사용,쿠폰 미사용,coupon_name+order_coupon_name+coupon_code+order_coupon_no+order_product_coupon_name+order_product_coupon_no+product_coupon_type_no,1,1,1,74010,0,74010.0
2024-06-18,FAMILY,쿠폰 사용,쿠폰명 미확인,coupon_name+order_coupon_name+coupon_code+order_coupon_no+order_product_coupon_name+order_product_coupon_no+product_coupon_type_no,62,62,81,4942060,776810,79710.64516129032
2024-06-18,FAMILY,쿠폰 미사용,쿠폰 미사용,coupon_name+order_coupon_name+coupon_code+order_coupon_no+order_product_coupon_name+order_product_coupon_no+product_coupon_type_no,33,32,57,3662300,0,110978.78787878787
2024-06-18,GOLD,쿠폰 사용,쿠폰명 미확인,coupon_name+order_coupon_name+coupon_code+order_coupon_no+order_product_coupon_name+order_product_coupon_no+product_coupon_type_no,1,1,5,428000,47940,428000.0
2024-06-18,SILVER,쿠폰 사용,쿠폰명 미확인,coupon_name+order_coupon_name+coupon_code+order_coupon_no+order_product_coupon_name+order_product_coupon_no+product_coupon_type_no,2,2,6,223640,27430,111820.0
2024-06-18,SILVER,쿠폰 미사용,쿠폰 미사용,coupon_name+order_coupon_name+coupon_code+order_coupon_no+order_product_coupon_name+order_product_coupon_no+product_coupon_type_no,2,2,2,187580,0,93790.0
2024-06-19,FAMILY,쿠폰 미사용,쿠폰 미사용,coupon_name+order_coupon_name+coupon_code+order_coupon_no+order_product_coupon_name+order_product_coupon_no+product_coupon_type_no,39,38,69,3856060,0,98873.33333333333
2024-06-19,FAMILY,쿠폰 사용,쿠폰명 미확인,coupon_name+order_coupon_name+coupon_code+order_coupon_no+order_product_coupon_name+order_product_coupon_no+product_coupon_type_no,50,50,66,3767970,713090,75359.4
2024-06-19,SILVER,쿠폰 미사용,쿠폰 미사용,coupon_name+order_coupon_name+coupon_code+order_coupon_no+order_product_coupon_name+order_product_coupon_no+product_coupon_type_no,5,5,13,784760,0,156952.0
2024-06-19,SILVER,쿠폰 사용,쿠폰명 미확인,coupon_name+order_coupon_name+coupon_code+order_coupon_no+order_product_coupon_name+order_product_coupon_no+product_coupon_type_no,2,2,8,455040,55560,227520.0
2024-06-20,FAMILY,쿠폰 사용,쿠폰명 미확인,coupon_name+order_coupon_name+coupon_code+order_coupon_no+order_product_coupon_name+order_product_coupon_no+product_coupon_type_no,61,60,78,4620240,988260,75741.6393442623
2024-06-20,FAMILY,쿠폰 미사용,쿠폰 미사용,coupon_name+order_coupon_name+coupon_code+order_coupon_no+order_product_coupon_name+order_product_coupon_no+product_coupon_type_no,30,30,40,2467270,0,82242.33333333333
2024-06-20,SILVER,쿠폰 미사용,쿠폰 미사용,coupon_name+order_coupon_name+coupon_code+order_coupon_no+order_product_coupon_name+order_product_coupon_no+product_coupon_type_no,2,2,3,242500,0,121250.0
2024-06-20,SILVER,쿠폰 사용,쿠폰명 미확인,coupon_name+order_coupon_name+coupon_code+order_coupon_no+order_product_coupon_name+order_product_coupon_no+product_coupon_type_no,2,2,3,203050,22660,101525.0
2024-06-21,FAMILY,쿠폰 사용,쿠폰명 미확인,coupon_name+order_coupon_name+coupon_code+order_coupon_no+order_product_coupon_name+order_product_coupon_no+product_coupon_type_no,46,46,65,4030270,1171330,87614.56521739131
2024-06-21,FAMILY,쿠폰 미사용,쿠폰 미사용,coupon_name+order_coupon_name+coupon_code+order_coupon_no+order_product_coupon_name+order_product_coupon_no+product_coupon_type_no,25,23,38,2535870,0,101434.8
2024-06-21,SILVER,쿠폰 사용,쿠폰명 미확인,coupon_name+order_coupon_name+coupon_code+order_coupon_no+order_product_coupon_name+order_product_coupon_no+product_coupon_type_no,2,2,3,254690,87400,127345.0
2024-06-21,SILVER,쿠폰 미사용,쿠폰 미사용,coupon_name+order_coupon_name+coupon_code+order_coupon_no+order_product_coupon_name+order_product_coupon_no+product_coupon_type_no,3,3,4,242780,0,80926.66666666667
2024-06-22,FAMILY,쿠폰 사용,쿠폰명 미확인,coupon_name+order_coupon_name+coupon_code+order_coupon_no+order_product_coupon_name+order_product_coupon_no+product_coupon_type_no,34,34,48,3375780,489820,99287.64705882352
2024-06-22,FAMILY,쿠폰 미사용,쿠폰 미사용,coupon_name+order_coupon_name+coupon_code+order_coupon_no+order_product_coupon_name+order_product_coupon_no+product_coupon_type_no,20,19,25,1970250,0,98512.5
2024-06-22,SILVER,쿠폰 미사용,쿠폰 미사용,coupon_name+order_coupon_name+coupon_code+order_coupon_no+order_product_coupon_name+order_product_coupon_no+product_coupon_type_no,2,2,3,189000,0,94500.0
2024-06-23,FAMILY,쿠폰 사용,쿠폰명 미확인,coupon_name+order_coupon_name+coupon_code+order_coupon_no+order_product_coupon_name+order_product_coupon_no+product_coupon_type_no,52,52,83,4840240,1000800,93081.53846153847
2024-06-23,FAMILY,쿠폰 미사용,쿠폰 미사용,coupon_name+order_coupon_name+coupon_code+order_coupon_no+order_product_coupon_name+order_product_coupon_no+product_coupon_type_no,29,29,44,2903900,0,100134.4827586207
2024-06-23,SILVER,쿠폰 미사용,쿠폰 미사용,coupon_name+order_coupon_name+coupon_code+order_coupon_no+order_product_coupon_name+order_product_coupon_no+product_coupon_type_no,2,2,5,300320,0,150160.0
2024-06-24,FAMILY,쿠폰 사용,쿠폰명 미확인,coupon_name+order_coupon_name+coupon_code+order_coupon_no+order_product_coupon_name+order_product_coupon_no+product_coupon_type_no,51,51,67,4575000,992670,89705.88235294117
2024-06-24,FAMILY,쿠폰 미사용,쿠폰 미사용,coupon_name+order_coupon_name+coupon_code+order_coupon_no+order_product_coupon_name+order_product_coupon_no+product_coupon_type_no,38,37,49,3258260,0,85743.68421052632
2024-06-24,GOLD,쿠폰 미사용,쿠폰 미사용,coupon_name+order_coupon_name+coupon_code+order_coupon_no+order_product_coupon_name+order_product_coupon_no+product_coupon_type_no,1,1,1,59000,0,59000.0
2024-06-25,FAMILY,쿠폰 사용,쿠폰명 미확인,coupon_name+order_coupon_name+coupon_code+order_coupon_no+order_product_coupon_name+order_product_coupon_no+product_coupon_type_no,37,37,51,3490300,772040,94332.43243243243
2024-06-25,FAMILY,쿠폰 미사용,쿠폰 미사용,coupon_name+order_coupon_name+coupon_code+order_coupon_no+order_product_coupon_name+order_product_coupon_no+product_coupon_type_no,22,22,29,2371010,0,107773.18181818182
2024-06-25,SILVER,쿠폰 사용,쿠폰명 미확인,coupon_name+order_coupon_name+coupon_code+order_coupon_no+order_product_coupon_name+order_product_coupon_no+product_coupon_type_no,1,1,4,208000,187300,208000.0
2024-06-26,FAMILY,쿠폰 사용,쿠폰명 미확인,coupon_name+order_coupon_name+coupon_code+order_coupon_no+order_product_coupon_name+order_product_coupon_no+product_coupon_type_no,49,48,68,4155940,928390,84815.10204081633
2024-06-26,FAMILY,쿠폰 미사용,쿠폰 미사용,coupon_name+order_coupon_name+coupon_code+order_coupon_no+order_product_coupon_name+order_product_coupon_no+product_coupon_type_no,29,29,40,2408320,0,83045.5172413793
2024-06-26,GOLD,쿠폰 미사용,쿠폰 미사용,coupon_name+order_coupon_name+coupon_code+order_coupon_no+order_product_coupon_name+order_product_coupon_no+product_coupon_type_no,1,1,1,62300,0,62300.0
2024-06-26,SILVER,쿠폰 사용,쿠폰명 미확인,coupon_name+order_coupon_name+coupon_code+order_coupon_no+order_product_coupon_name+order_product_coupon_no+product_coupon_type_no,1,1,5,223790,25310,223790.0
2024-06-27,FAMILY,쿠폰 사용,쿠폰명 미확인,coupon_name+order_coupon_name+coupon_code+order_coupon_no+order_product_coupon_name+order_product_coupon_no+product_coupon_type_no,26,25,61,3967620,629170,152600.76923076922
2024-06-27,FAMILY,쿠폰 미사용,쿠폰 미사용,coupon_name+order_coupon_name+coupon_code+order_coupon_no+order_product_coupon_name+order_product_coupon_no+product_coupon_type_no,13,13,21,995480,0,76575.38461538461
2024-06-27,GOLD,쿠폰 미사용,쿠폰 미사용,coupon_name+order_coupon_name+coupon_code+order_coupon_no+order_product_coupon_name+order_product_coupon_no+product_coupon_type_no,1,1,1,69680,0,69680.0
2024-06-27,SILVER,쿠폰 미사용,쿠폰 미사용,coupon_name+order_coupon_name+coupon_code+order_coupon_no+order_product_coupon_name+order_product_coupon_no+product_coupon_type_no,3,3,6,413100,0,137700.0
2024-06-27,SILVER,쿠폰 사용,쿠폰명 미확인,coupon_name+order_coupon_name+coupon_code+order_coupon_no+order_product_coupon_name+order_product_coupon_no+product_coupon_type_no,1,1,1,27000,10000,27000.0
2024-06-28,FAMILY,쿠폰 사용,쿠폰명 미확인,coupon_name+order_coupon_name+coupon_code+order_coupon_no+order_product_coupon_name+order_product_coupon_no+product_coupon_type_no,32,32,52,2937700,517930,91803.125
2024-06-28,FAMILY,쿠폰 미사용,쿠폰 미사용,coupon_name+order_coupon_name+coupon_code+order_coupon_no+order_product_coupon_name+order_product_coupon_no+product_coupon_type_no,20,19,21,1303090,0,65154.5
2024-06-28,SILVER,쿠폰 사용,쿠폰명 미확인,coupon_name+order_coupon_name+coupon_code+order_coupon_no+order_product_coupon_name+order_product_coupon_no+product_coupon_type_no,2,2,3,232370,38730,116185.0
2024-06-28,SILVER,쿠폰 미사용,쿠폰 미사용,coupon_name+order_coupon_name+coupon_code+order_coupon_no+order_product_coupon_name+order_product_coupon_no+product_coupon_type_no,1,1,1,67000,0,67000.0
2024-06-29,FAMILY,쿠폰 사용,쿠폰명 미확인,coupon_name+order_coupon_name+coupon_code+order_coupon_no+order_product_coupon_name+order_product_coupon_no+product_coupon_type_no,31,31,35,2407830,417010,77671.93548387097
2024-06-29,FAMILY,쿠폰 미사용,쿠폰 미사용,coupon_name+order_coupon_name+coupon_code+order_coupon_no+order_product_coupon_name+order_product_coupon_no+product_coupon_type_no,16,16,27,1776230,0,111014.375
2024-06-29,GOLD,쿠폰 미사용,쿠폰 미사용,coupon_name+order_coupon_name+coupon_code+order_coupon_no+order_product_coupon_name+order_product_coupon_no+product_coupon_type_no,1,1,1,69000,0,69000.0
2024-06-29,SILVER,쿠폰 미사용,쿠폰 미사용,coupon_name+order_coupon_name+coupon_code+order_coupon_no+order_product_coupon_name+order_product_coupon_no+product_coupon_type_no,1,1,1,72140,0,72140.0
2024-06-30,FAMILY,쿠폰 사용,쿠폰명 미확인,coupon_name+order_coupon_name+coupon_code+order_coupon_no+order_product_coupon_name+order_product_coupon_no+product_coupon_type_no,45,45,65,4959120,915740,110202.66666666667
2024-06-30,FAMILY,쿠폰 미사용,쿠폰 미사용,coupon_name+order_coupon_name+coupon_code+order_coupon_no+order_product_coupon_name+order_product_coupon_no+product_coupon_type_no,47,47,65,4785190,0,101812.55319148937
2024-06-30,SILVER,쿠폰 미사용,쿠폰 미사용,coupon_name+order_coupon_name+coupon_code+order_coupon_no+order_product_coupon_name+order_product_coupon_no+product_coupon_type_no,1,1,1,209300,0,209300.0
2024-07-01,FAMILY,쿠폰 사용,쿠폰명 미확인,coupon_name+order_coupon_name+coupon_code+order_coupon_no+order_product_coupon_name+order_product_coupon_no+product_coupon_type_no,46,46,64,4367240,937620,94940.0
2024-07-01,FAMILY,쿠폰 미사용,쿠폰 미사용,coupon_name+order_coupon_name+coupon_code+order_coupon_no+order_product_coupon_name+order_product_coupon_no+product_coupon_type_no,22,22,28,1828250,0,83102.27272727272
2024-07-01,SILVER,쿠폰 미사용,쿠폰 미사용,coupon_name+order_coupon_name+coupon_code+order_coupon_no+order_product_coupon_name+order_product_coupon_no+product_coupon_type_no,2,2,3,163800,0,81900.0
2024-07-01,SILVER,쿠폰 사용,쿠폰명 미확인,coupon_name+order_coupon_name+coupon_code+order_coupon_no+order_product_coupon_name+order_product_coupon_no+product_coupon_type_no,1,1,1,62370,6930,62370.0
2024-07-02,FAMILY,쿠폰 사용,쿠폰명 미확인,coupon_name+order_coupon_name+coupon_code+order_coupon_no+order_product_coupon_name+order_product_coupon_no+product_coupon_type_no,45,44,101,5365260,1024440,119228.0
2024-07-02,FAMILY,쿠폰 미사용,쿠폰 미사용,coupon_name+order_coupon_name+coupon_code+order_coupon_no+order_product_coupon_name+order_product_coupon_no+product_coupon_type_no,17,17,22,2017120,0,118654.11764705883
2024-07-02,SILVER,쿠폰 미사용,쿠폰 미사용,coupon_name+order_coupon_name+coupon_code+order_coupon_no+order_product_coupon_name+order_product_coupon_no+product_coupon_type_no,2,2,3,218490,0,109245.0
2024-07-02,SILVER,쿠폰 사용,쿠폰명 미확인,coupon_name+order_coupon_name+coupon_code+order_coupon_no+order_product_coupon_name+order_product_coupon_no+product_coupon_type_no,2,2,2,181300,16230,90650.0
2024-07-03,FAMILY,쿠폰 사용,쿠폰명 미확인,coupon_name+order_coupon_name+coupon_code+order_coupon_no+order_product_coupon_name+order_product_coupon_no+product_coupon_type_no,49,40,64,4242230,1550970,86576.12244897959
2024-07-03,FAMILY,쿠폰 미사용,쿠폰 미사용,coupon_name+order_coupon_name+coupon_code+order_coupon_no+order_product_coupon_name+order_product_coupon_no+product_coupon_type_no,23,21,30,2138560,0,92980.86956521739
2024-07-03,SILVER,쿠폰 사용,쿠폰명 미확인,coupon_name+order_coupon_name+coupon_code+order_coupon_no+order_product_coupon_name+order_product_coupon_no+product_coupon_type_no,1,1,1,69500,41700,69500.0
2024-07-03,SILVER,쿠폰 미사용,쿠폰 미사용,coupon_name+order_coupon_name+coupon_code+order_coupon_no+order_product_coupon_name+order_product_coupon_no+product_coupon_type_no,1,1,1,35300,0,35300.0
2024-07-04,FAMILY,쿠폰 사용,쿠폰명 미확인,coupon_name+order_coupon_name+coupon_code+order_coupon_no+order_product_coupon_name+order_product_coupon_no+product_coupon_type_no,33,33,47,3076920,923620,93240.0
2024-07-04,FAMILY,쿠폰 미사용,쿠폰 미사용,coupon_name+order_coupon_name+coupon_code+order_coupon_no+order_product_coupon_name+order_product_coupon_no+product_coupon_type_no,21,21,26,1737430,0,82734.76190476191
2024-07-04,GOLD,쿠폰 미사용,쿠폰 미사용,coupon_name+order_coupon_name+coupon_code+order_coupon_no+order_product_coupon_name+order_product_coupon_no+product_coupon_type_no,2,2,3,122700,0,61350.0
2024-07-04,SILVER,쿠폰 미사용,쿠폰 미사용,coupon_name+order_coupon_name+coupon_code+order_coupon_no+order_product_coupon_name+order_product_coupon_no+product_coupon_type_no,1,1,1,66880,0,66880.0
2024-07-04,TITANIUM,쿠폰 사용,쿠폰명 미확인,coupon_name+order_coupon_name+coupon_code+order_coupon_no+order_product_coupon_name+order_product_coupon_no+product_coupon_type_no,1,1,7,334960,42440,334960.0
2024-07-05,FAMILY,쿠폰 사용,쿠폰명 미확인,coupon_name+order_coupon_name+coupon_code+order_coupon_no+order_product_coupon_name+order_product_coupon_no+product_coupon_type_no,39,36,48,3781690,1005840,96966.41025641025
2024-07-05,FAMILY,쿠폰 미사용,쿠폰 미사용,coupon_name+order_coupon_name+coupon_code+order_coupon_no+order_product_coupon_name+order_product_coupon_no+product_coupon_type_no,20,20,32,2262250,0,113112.5
2024-07-05,SILVER,쿠폰 사용,쿠폰명 미확인,coupon_name+order_coupon_name+coupon_code+order_coupon_no+order_product_coupon_name+order_product_coupon_no+product_coupon_type_no,1,1,4,138000,99300,138000.0
2024-07-05,SILVER,쿠폰 미사용,쿠폰 미사용,coupon_name+order_coupon_name+coupon_code+order_coupon_no+order_product_coupon_name+order_product_coupon_no+product_coupon_type_no,1,1,1,39420,0,39420.0
2024-07-06,FAMILY,쿠폰 사용,쿠폰명 미확인,coupon_name+order_coupon_name+coupon_code+order_coupon_no+order_product_coupon_name+order_product_coupon_no+product_coupon_type_no,32,31,44,2916590,573970,91143.4375
2024-07-06,FAMILY,쿠폰 미사용,쿠폰 미사용,coupon_name+order_coupon_name+coupon_code+order_coupon_no+order_product_coupon_name+order_product_coupon_no+product_coupon_type_no,18,18,23,1505350,0,83630.55555555556
2024-07-06,SILVER,쿠폰 사용,쿠폰명 미확인,coupon_name+order_coupon_name+coupon_code+order_coupon_no+order_product_coupon_name+order_product_coupon_no+product_coupon_type_no,2,1,11,144000,144000,72000.0
2024-07-07,FAMILY,쿠폰 사용,쿠폰명 미확인,coupon_name+order_coupon_name+coupon_code+order_coupon_no+order_product_coupon_name+order_product_coupon_no+product_coupon_type_no,26,26,35,2146080,329420,82541.53846153847
2024-07-07,FAMILY,쿠폰 미사용,쿠폰 미사용,coupon_name+order_coupon_name+coupon_code+order_coupon_no+order_product_coupon_name+order_product_coupon_no+product_coupon_type_no,12,12,21,1299950,0,108329.16666666667
2024-07-07,SILVER,쿠폰 미사용,쿠폰 미사용,coupon_name+order_coupon_name+coupon_code+order_coupon_no+order_product_coupon_name+order_product_coupon_no+product_coupon_type_no,1,1,1,143500,0,143500.0
2024-07-08,FAMILY,쿠폰 사용,쿠폰명 미확인,coupon_name+order_coupon_name+coupon_code+order_coupon_no+order_product_coupon_name+order_product_coupon_no+product_coupon_type_no,52,50,75,4300310,1028020,82698.26923076923
2024-07-08,FAMILY,쿠폰 미사용,쿠폰 미사용,coupon_name+order_coupon_name+coupon_code+order_coupon_no+order_product_coupon_name+order_product_coupon_no+product_coupon_type_no,25,25,30,2032250,0,81290.0
2024-07-08,SILVER,쿠폰 미사용,쿠폰 미사용,coupon_name+order_coupon_name+coupon_code+order_coupon_no+order_product_coupon_name+order_product_coupon_no+product_coupon_type_no,2,1,2,156140,0,78070.0
2024-07-08,SILVER,쿠폰 사용,쿠폰명 미확인,coupon_name+order_coupon_name+coupon_code+order_coupon_no+order_product_coupon_name+order_product_coupon_no+product_coupon_type_no,1,1,1,79500,79500,79500.0
2024-07-09,FAMILY,쿠폰 미사용,쿠폰 미사용,coupon_name+order_coupon_name+coupon_code+order_coupon_no+order_product_coupon_name+order_product_coupon_no+product_coupon_type_no,27,27,36,2600620,0,96319.25925925926
2024-07-09,FAMILY,쿠폰 사용,쿠폰명 미확인,coupon_name+order_coupon_name+coupon_code+order_coupon_no+order_product_coupon_name+order_product_coupon_no+product_coupon_type_no,29,23,37,2421330,1163670,83494.13793103448
2024-07-09,SILVER,쿠폰 미사용,쿠폰 미사용,coupon_name+order_coupon_name+coupon_code+order_coupon_no+order_product_coupon_name+order_product_coupon_no+product_coupon_type_no,3,3,3,260270,0,86756.66666666667
2024-07-09,SILVER,쿠폰 사용,쿠폰명 미확인,coupon_name+order_coupon_name+coupon_code+order_coupon_no+order_product_coupon_name+order_product_coupon_no+product_coupon_type_no,1,1,1,41670,10000,41670.0
2024-07-10,FAMILY,쿠폰 사용,쿠폰명 미확인,coupon_name+order_coupon_name+coupon_code+order_coupon_no+order_product_coupon_name+order_product_coupon_no+product_coupon_type_no,39,39,49,2837100,640290,72746.15384615384
2024-07-10,FAMILY,쿠폰 미사용,쿠폰 미사용,coupon_name+order_coupon_name+coupon_code+order_coupon_no+order_product_coupon_name+order_product_coupon_no+product_coupon_type_no,38,37,47,2532220,0,66637.36842105263
2024-07-10,SILVER,쿠폰 사용,쿠폰명 미확인,coupon_name+order_coupon_name+coupon_code+order_coupon_no+order_product_coupon_name+order_product_coupon_no+product_coupon_type_no,1,1,6,103570,11730,103570.0
2024-07-10,TITANIUM,쿠폰 미사용,쿠폰 미사용,coupon_name+order_coupon_name+coupon_code+order_coupon_no+order_product_coupon_name+order_product_coupon_no+product_coupon_type_no,1,1,5,369100,0,369100.0
2024-07-11,FAMILY,쿠폰 사용,쿠폰명 미확인,coupon_name+order_coupon_name+coupon_code+order_coupon_no+order_product_coupon_name+order_product_coupon_no+product_coupon_type_no,40,40,47,2878960,604610,71974.0
2024-07-11,FAMILY,쿠폰 미사용,쿠폰 미사용,coupon_name+order_coupon_name+coupon_code+order_coupon_no+order_product_coupon_name+order_product_coupon_no+product_coupon_type_no,22,22,30,1785350,0,81152.27272727272
2024-07-11,SILVER,쿠폰 미사용,쿠폰 미사용,coupon_name+order_coupon_name+coupon_code+order_coupon_no+order_product_coupon_name+order_product_coupon_no+product_coupon_type_no,2,2,6,310790,0,155395.0
2024-07-12,FAMILY,쿠폰 사용,쿠폰명 미확인,coupon_name+order_coupon_name+coupon_code+order_coupon_no+order_product_coupon_name+order_product_coupon_no+product_coupon_type_no,31,31,42,3161610,457220,101987.41935483871
2024-07-12,FAMILY,쿠폰 미사용,쿠폰 미사용,coupon_name+order_coupon_name+coupon_code+order_coupon_no+order_product_coupon_name+order_product_coupon_no+product_coupon_type_no,21,21,28,1503500,0,71595.23809523809
2024-07-12,GOLD,쿠폰 사용,쿠폰명 미확인,coupon_name+order_coupon_name+coupon_code+order_coupon_no+order_product_coupon_name+order_product_coupon_no+product_coupon_type_no,1,1,1,47190,15930,47190.0
2024-07-12,SILVER,쿠폰 미사용,쿠폰 미사용,coupon_name+order_coupon_name+coupon_code+order_coupon_no+order_product_coupon_name+order_product_coupon_no+product_coupon_type_no,2,2,5,268010,0,134005.0
2024-07-13,FAMILY,쿠폰 사용,쿠폰명 미확인,coupon_name+order_coupon_name+coupon_code+order_coupon_no+order_product_coupon_name+order_product_coupon_no+product_coupon_type_no,23,23,28,1758600,327410,76460.86956521739
2024-07-13,FAMILY,쿠폰 미사용,쿠폰 미사용,coupon_name+order_coupon_name+coupon_code+order_coupon_no+order_product_coupon_name+order_product_coupon_no+product_coupon_type_no,19,19,26,1558790,0,82041.57894736843
2024-07-13,SILVER,쿠폰 미사용,쿠폰 미사용,coupon_name+order_coupon_name+coupon_code+order_coupon_no+order_product_coupon_name+order_product_coupon_no+product_coupon_type_no,3,3,6,346610,0,115536.66666666667
2024-07-14,FAMILY,쿠폰 사용,쿠폰명 미확인,coupon_name+order_coupon_name+coupon_code+order_coupon_no+order_product_coupon_name+order_product_coupon_no+product_coupon_type_no,46,46,55,3246640,535750,70579.13043478261
2024-07-14,FAMILY,쿠폰 미사용,쿠폰 미사용,coupon_name+order_coupon_name+coupon_code+order_coupon_no+order_product_coupon_name+order_product_coupon_no+product_coupon_type_no,37,35,43,2155860,0,58266.48648648649
2024-07-14,GOLD,쿠폰 미사용,쿠폰 미사용,coupon_name+order_coupon_name+coupon_code+order_coupon_no+order_product_coupon_name+order_product_coupon_no+product_coupon_type_no,1,1,1,115500,0,115500.0
2024-07-14,SILVER,쿠폰 미사용,쿠폰 미사용,coupon_name+order_coupon_name+coupon_code+order_coupon_no+order_product_coupon_name+order_product_coupon_no+product_coupon_type_no,3,3,7,333140,0,111046.66666666667
2024-07-15,FAMILY,쿠폰 사용,쿠폰명 미확인,coupon_name+order_coupon_name+coupon_code+order_coupon_no+order_product_coupon_name+order_product_coupon_no+product_coupon_type_no,39,39,47,3362960,704620,86229.7435897436
2024-07-15,FAMILY,쿠폰 미사용,쿠폰 미사용,coupon_name+order_coupon_name+coupon_code+order_coupon_no+order_product_coupon_name+order_product_coupon_no+product_coupon_type_no,35,35,39,2655160,0,75861.71428571429
2024-07-15,SILVER,쿠폰 미사용,쿠폰 미사용,coupon_name+order_coupon_name+coupon_code+order_coupon_no+order_product_coupon_name+order_product_coupon_no+product_coupon_type_no,2,2,6,254100,0,127050.0
2024-07-16,FAMILY,쿠폰 사용,쿠폰명 미확인,coupon_name+order_coupon_name+coupon_code+order_coupon_no+order_product_coupon_name+order_product_coupon_no+product_coupon_type_no,42,42,64,3532680,735890,84111.42857142857
2024-07-16,FAMILY,쿠폰 미사용,쿠폰 미사용,coupon_name+order_coupon_name+coupon_code+order_coupon_no+order_product_coupon_name+order_product_coupon_no+product_coupon_type_no,20,18,22,1008670,0,50433.5
2024-07-16,SILVER,쿠폰 미사용,쿠폰 미사용,coupon_name+order_coupon_name+coupon_code+order_coupon_no+order_product_coupon_name+order_product_coupon_no+product_coupon_type_no,2,2,3,118820,0,59410.0
2024-07-16,SILVER,쿠폰 사용,쿠폰명 미확인,coupon_name+order_coupon_name+coupon_code+order_coupon_no+order_product_coupon_name+order_product_coupon_no+product_coupon_type_no,2,2,2,91630,20000,45815.0
2024-07-16,TITANIUM,쿠폰 미사용,쿠폰 미사용,coupon_name+order_coupon_name+coupon_code+order_coupon_no+order_product_coupon_name+order_product_coupon_no+product_coupon_type_no,1,1,4,375200,0,375200.0
2024-07-17,FAMILY,쿠폰 미사용,쿠폰 미사용,coupon_name+order_coupon_name+coupon_code+order_coupon_no+order_product_coupon_name+order_product_coupon_no+product_coupon_type_no,33,32,41,2896230,0,87764.54545454546
2024-07-17,FAMILY,쿠폰 사용,쿠폰명 미확인,coupon_name+order_coupon_name+coupon_code+order_coupon_no+order_product_coupon_name+order_product_coupon_no+product_coupon_type_no,26,26,37,2183370,579960,83975.76923076923
2024-07-17,GOLD,쿠폰 미사용,쿠폰 미사용,coupon_name+order_coupon_name+coupon_code+order_coupon_no+order_product_coupon_name+order_product_coupon_no+product_coupon_type_no,1,1,1,47530,0,47530.0
2024-07-17,SILVER,쿠폰 사용,쿠폰명 미확인,coupon_name+order_coupon_name+coupon_code+order_coupon_no+order_product_coupon_name+order_product_coupon_no+product_coupon_type_no,1,1,5,197500,128400,197500.0
2024-07-17,TITANIUM,쿠폰 사용,쿠폰명 미확인,coupon_name+order_coupon_name+coupon_code+order_coupon_no+order_product_coupon_name+order_product_coupon_no+product_coupon_type_no,1,1,1,19150,10000,19150.0
2024-07-18,FAMILY,쿠폰 사용,쿠폰명 미확인,coupon_name+order_coupon_name+coupon_code+order_coupon_no+order_product_coupon_name+order_product_coupon_no+product_coupon_type_no,102,102,133,8727850,1293160,85567.1568627451
2024-07-18,FAMILY,쿠폰 미사용,쿠폰 미사용,coupon_name+order_coupon_name+coupon_code+order_coupon_no+order_product_coupon_name+order_product_coupon_no+product_coupon_type_no,23,23,29,1784640,0,77593.04347826086
2024-07-18,SILVER,쿠폰 사용,쿠폰명 미확인,coupon_name+order_coupon_name+coupon_code+order_coupon_no+order_product_coupon_name+order_product_coupon_no+product_coupon_type_no,3,3,6,355080,45800,118360.0
2024-07-18,SILVER,쿠폰 미사용,쿠폰 미사용,coupon_name+order_coupon_name+coupon_code+order_coupon_no+order_product_coupon_name+order_product_coupon_no+product_coupon_type_no,1,1,2,143670,0,143670.0
2024-07-19,FAMILY,쿠폰 사용,쿠폰명 미확인,coupon_name+order_coupon_name+coupon_code+order_coupon_no+order_product_coupon_name+order_product_coupon_no+product_coupon_type_no,65,65,90,5420100,834900,83386.15384615384
2024-07-19,FAMILY,쿠폰 미사용,쿠폰 미사용,coupon_name+order_coupon_name+coupon_code+order_coupon_no+order_product_coupon_name+order_product_coupon_no+product_coupon_type_no,7,7,8,717110,0,102444.28571428571
2024-07-19,GOLD,쿠폰 미사용,쿠폰 미사용,coupon_name+order_coupon_name+coupon_code+order_coupon_no+order_product_coupon_name+order_product_coupon_no+product_coupon_type_no,1,1,1,119200,0,119200.0
2024-07-19,SILVER,쿠폰 사용,쿠폰명 미확인,coupon_name+order_coupon_name+coupon_code+order_coupon_no+order_product_coupon_name+order_product_coupon_no+product_coupon_type_no,4,4,7,489330,55560,122332.5
2024-07-19,SILVER,쿠폰 미사용,쿠폰 미사용,coupon_name+order_coupon_name+coupon_code+order_coupon_no+order_product_coupon_name+order_product_coupon_no+product_coupon_type_no,1,1,1,39200,0,39200.0
2024-07-20,FAMILY,쿠폰 사용,쿠폰명 미확인,coupon_name+order_coupon_name+coupon_code+order_coupon_no+order_product_coupon_name+order_product_coupon_no+product_coupon_type_no,63,63,79,4806980,715750,76301.26984126984
2024-07-20,FAMILY,쿠폰 미사용,쿠폰 미사용,coupon_name+order_coupon_name+coupon_code+order_coupon_no+order_product_coupon_name+order_product_coupon_no+product_coupon_type_no,9,9,12,931450,0,103494.44444444444
2024-07-20,SILVER,쿠폰 사용,쿠폰명 미확인,coupon_name+order_coupon_name+coupon_code+order_coupon_no+order_product_coupon_name+order_product_coupon_no+product_coupon_type_no,2,2,3,168800,19770,84400.0
2024-07-21,FAMILY,쿠폰 사용,쿠폰명 미확인,coupon_name+order_coupon_name+coupon_code+order_coupon_no+order_product_coupon_name+order_product_coupon_no+product_coupon_type_no,87,87,115,7578850,1058100,87113.2183908046
2024-07-21,FAMILY,쿠폰 미사용,쿠폰 미사용,coupon_name+order_coupon_name+coupon_code+order_coupon_no+order_product_coupon_name+order_product_coupon_no+product_coupon_type_no,14,14,19,1285830,0,91845.0
2024-07-21,SILVER,쿠폰 사용,쿠폰명 미확인,coupon_name+order_coupon_name+coupon_code+order_coupon_no+order_product_coupon_name+order_product_coupon_no+product_coupon_type_no,4,4,4,207710,24450,51927.5
2024-07-22,FAMILY,쿠폰 사용,쿠폰명 미확인,coupon_name+order_coupon_name+coupon_code+order_coupon_no+order_product_coupon_name+order_product_coupon_no+product_coupon_type_no,43,43,51,3916390,592230,91078.83720930232
2024-07-22,FAMILY,쿠폰 미사용,쿠폰 미사용,coupon_name+order_coupon_name+coupon_code+order_coupon_no+order_product_coupon_name+order_product_coupon_no+product_coupon_type_no,30,30,46,2862230,0,95407.66666666667
2024-07-22,SILVER,쿠폰 미사용,쿠폰 미사용,coupon_name+order_coupon_name+coupon_code+order_coupon_no+order_product_coupon_name+order_product_coupon_no+product_coupon_type_no,1,1,1,119200,0,119200.0
2024-07-23,FAMILY,쿠폰 미사용,쿠폰 미사용,coupon_name+order_coupon_name+coupon_code+order_coupon_no+order_product_coupon_name+order_product_coupon_no+product_coupon_type_no,30,30,46,2840790,0,94693.0
2024-07-23,FAMILY,쿠폰 사용,쿠폰명 미확인,coupon_name+order_coupon_name+coupon_code+order_coupon_no+order_product_coupon_name+order_product_coupon_no+product_coupon_type_no,31,31,33,2213170,363870,71392.58064516129
2024-07-23,SILVER,쿠폰 사용,쿠폰명 미확인,coupon_name+order_coupon_name+coupon_code+order_coupon_no+order_product_coupon_name+order_product_coupon_no+product_coupon_type_no,2,2,4,292830,70500,146415.0
2024-07-23,SILVER,쿠폰 미사용,쿠폰 미사용,coupon_name+order_coupon_name+coupon_code+order_coupon_no+order_product_coupon_name+order_product_coupon_no+product_coupon_type_no,3,3,3,119830,0,39943.333333333336
2024-07-24,FAMILY,쿠폰 사용,쿠폰명 미확인,coupon_name+order_coupon_name+coupon_code+order_coupon_no+order_product_coupon_name+order_product_coupon_no+product_coupon_type_no,44,44,59,3933490,561200,89397.5
2024-07-24,FAMILY,쿠폰 미사용,쿠폰 미사용,coupon_name+order_coupon_name+coupon_code+order_coupon_no+order_product_coupon_name+order_product_coupon_no+product_coupon_type_no,29,29,32,2523240,0,87008.27586206897
2024-07-24,GOLD,쿠폰 미사용,쿠폰 미사용,coupon_name+order_coupon_name+coupon_code+order_coupon_no+order_product_coupon_name+order_product_coupon_no+product_coupon_type_no,2,2,3,205660,0,102830.0
2024-07-24,SILVER,쿠폰 미사용,쿠폰 미사용,coupon_name+order_coupon_name+coupon_code+order_coupon_no+order_product_coupon_name+order_product_coupon_no+product_coupon_type_no,1,1,3,166890,0,166890.0
2024-07-24,SILVER,쿠폰 사용,쿠폰명 미확인,coupon_name+order_coupon_name+coupon_code+order_coupon_no+order_product_coupon_name+order_product_coupon_no+product_coupon_type_no,1,1,1,51640,13800,51640.0
2024-07-25,FAMILY,쿠폰 사용,쿠폰명 미확인,coupon_name+order_coupon_name+coupon_code+order_coupon_no+order_product_coupon_name+order_product_coupon_no+product_coupon_type_no,51,51,68,4379640,712090,85875.29411764706
2024-07-25,FAMILY,쿠폰 미사용,쿠폰 미사용,coupon_name+order_coupon_name+coupon_code+order_coupon_no+order_product_coupon_name+order_product_coupon_no+product_coupon_type_no,34,34,44,2617100,0,76973.5294117647
2024-07-25,GOLD,쿠폰 미사용,쿠폰 미사용,coupon_name+order_coupon_name+coupon_code+order_coupon_no+order_product_coupon_name+order_product_coupon_no+product_coupon_type_no,1,1,1,64300,0,64300.0
2024-07-26,FAMILY,쿠폰 미사용,쿠폰 미사용,coupon_name+order_coupon_name+coupon_code+order_coupon_no+order_product_coupon_name+order_product_coupon_no+product_coupon_type_no,35,34,57,3344730,0,95563.71428571429
2024-07-26,FAMILY,쿠폰 사용,쿠폰명 미확인,coupon_name+order_coupon_name+coupon_code+order_coupon_no+order_product_coupon_name+order_product_coupon_no+product_coupon_type_no,29,29,43,2157080,422340,74382.06896551725
2024-07-26,SILVER,쿠폰 사용,쿠폰명 미확인,coupon_name+order_coupon_name+coupon_code+order_coupon_no+order_product_coupon_name+order_product_coupon_no+product_coupon_type_no,1,1,3,175570,19730,175570.0
2024-07-27,FAMILY,쿠폰 사용,쿠폰명 미확인,coupon_name+order_coupon_name+coupon_code+order_coupon_no+order_product_coupon_name+order_product_coupon_no+product_coupon_type_no,30,30,34,2335900,344300,77863.33333333333
2024-07-27,FAMILY,쿠폰 미사용,쿠폰 미사용,coupon_name+order_coupon_name+coupon_code+order_coupon_no+order_product_coupon_name+order_product_coupon_no+product_coupon_type_no,11,11,15,1021900,0,92900.0
2024-07-27,SILVER,쿠폰 사용,쿠폰명 미확인,coupon_name+order_coupon_name+coupon_code+order_coupon_no+order_product_coupon_name+order_product_coupon_no+product_coupon_type_no,2,2,3,172380,25660,86190.0
2024-07-27,SILVER,쿠폰 미사용,쿠폰 미사용,coupon_name+order_coupon_name+coupon_code+order_coupon_no+order_product_coupon_name+order_product_coupon_no+product_coupon_type_no,1,1,1,34250,0,34250.0
2024-07-28,FAMILY,쿠폰 사용,쿠폰명 미확인,coupon_name+order_coupon_name+coupon_code+order_coupon_no+order_product_coupon_name+order_product_coupon_no+product_coupon_type_no,31,31,47,3284300,549180,105945.16129032258
2024-07-28,FAMILY,쿠폰 미사용,쿠폰 미사용,coupon_name+order_coupon_name+coupon_code+order_coupon_no+order_product_coupon_name+order_product_coupon_no+product_coupon_type_no,25,24,26,1740740,0,69629.6
2024-07-28,SILVER,쿠폰 미사용,쿠폰 미사용,coupon_name+order_coupon_name+coupon_code+order_coupon_no+order_product_coupon_name+order_product_coupon_no+product_coupon_type_no,2,2,4,168020,0,84010.0
2024-07-28,SILVER,쿠폰 사용,쿠폰명 미확인,coupon_name+order_coupon_name+coupon_code+order_coupon_no+order_product_coupon_name+order_product_coupon_no+product_coupon_type_no,1,1,1,39690,4720,39690.0
2024-07-29,FAMILY,쿠폰 사용,쿠폰명 미확인,coupon_name+order_coupon_name+coupon_code+order_coupon_no+order_product_coupon_name+order_product_coupon_no+product_coupon_type_no,32,32,36,2500480,430200,78140.0
2024-07-29,FAMILY,쿠폰 미사용,쿠폰 미사용,coupon_name+order_coupon_name+coupon_code+order_coupon_no+order_product_coupon_name+order_product_coupon_no+product_coupon_type_no,30,30,42,2025110,0,67503.66666666667
2024-07-29,SILVER,쿠폰 사용,쿠폰명 미확인,coupon_name+order_coupon_name+coupon_code+order_coupon_no+order_product_coupon_name+order_product_coupon_no+product_coupon_type_no,1,1,1,48120,13800,48120.0
2024-07-29,SILVER,쿠폰 미사용,쿠폰 미사용,coupon_name+order_coupon_name+coupon_code+order_coupon_no+order_product_coupon_name+order_product_coupon_no+product_coupon_type_no,1,1,1,43340,0,43340.0
2024-07-30,FAMILY,쿠폰 사용,쿠폰명 미확인,coupon_name+order_coupon_name+coupon_code+order_coupon_no+order_product_coupon_name+order_product_coupon_no+product_coupon_type_no,36,36,54,2841200,762080,78922.22222222222
2024-07-30,FAMILY,쿠폰 미사용,쿠폰 미사용,coupon_name+order_coupon_name+coupon_code+order_coupon_no+order_product_coupon_name+order_product_coupon_no+product_coupon_type_no,26,26,33,2056320,0,79089.23076923077
2024-07-30,GOLD,쿠폰 미사용,쿠폰 미사용,coupon_name+order_coupon_name+coupon_code+order_coupon_no+order_product_coupon_name+order_product_coupon_no+product_coupon_type_no,1,1,1,149860,0,149860.0
2024-07-30,SILVER,쿠폰 미사용,쿠폰 미사용,coupon_name+order_coupon_name+coupon_code+order_coupon_no+order_product_coupon_name+order_product_coupon_no+product_coupon_type_no,2,2,3,329410,0,164705.0
2024-07-30,SILVER,쿠폰 사용,쿠폰명 미확인,coupon_name+order_coupon_name+coupon_code+order_coupon_no+order_product_coupon_name+order_product_coupon_no+product_coupon_type_no,1,1,1,97000,10000,97000.0
2024-07-31,FAMILY,쿠폰 미사용,쿠폰 미사용,coupon_name+order_coupon_name+coupon_code+order_coupon_no+order_product_coupon_name+order_product_coupon_no+product_coupon_type_no,24,23,38,2328870,0,97036.25
2024-07-31,FAMILY,쿠폰 사용,쿠폰명 미확인,coupon_name+order_coupon_name+coupon_code+order_coupon_no+order_product_coupon_name+order_product_coupon_no+product_coupon_type_no,27,27,33,2029440,334400,75164.44444444444
2024-07-31,SILVER,쿠폰 사용,쿠폰명 미확인,coupon_name+order_coupon_name+coupon_code+order_coupon_no+order_product_coupon_name+order_product_coupon_no+product_coupon_type_no,3,3,4,454600,64290,151533.33333333334
2024-07-31,SILVER,쿠폰 미사용,쿠폰 미사용,coupon_name+order_coupon_name+coupon_code+order_coupon_no+order_product_coupon_name+order_product_coupon_no+product_coupon_type_no,1,1,1,138940,0,138940.0
2024-08-01,FAMILY,쿠폰 사용,쿠폰명 미확인,coupon_name+order_coupon_name+coupon_code+order_coupon_no+order_product_coupon_name+order_product_coupon_no+product_coupon_type_no,47,45,58,3735010,934510,79468.29787234042
2024-08-01,FAMILY,쿠폰 미사용,쿠폰 미사용,coupon_name+order_coupon_name+coupon_code+order_coupon_no+order_product_coupon_name+order_product_coupon_no+product_coupon_type_no,9,9,11,755880,0,83986.66666666667
2024-08-01,SILVER,쿠폰 사용,쿠폰명 미확인,coupon_name+order_coupon_name+coupon_code+order_coupon_no+order_product_coupon_name+order_product_coupon_no+product_coupon_type_no,4,4,9,499750,112450,124937.5
2024-08-02,FAMILY,쿠폰 사용,쿠폰명 미확인,coupon_name+order_coupon_name+coupon_code+order_coupon_no+order_product_coupon_name+order_product_coupon_no+product_coupon_type_no,36,36,53,3054320,645640,84842.22222222222
2024-08-02,FAMILY,쿠폰 미사용,쿠폰 미사용,coupon_name+order_coupon_name+coupon_code+order_coupon_no+order_product_coupon_name+order_product_coupon_no+product_coupon_type_no,20,20,26,1386210,0,69310.5
2024-08-02,SILVER,쿠폰 사용,쿠폰명 미확인,coupon_name+order_coupon_name+coupon_code+order_coupon_no+order_product_coupon_name+order_product_coupon_no+product_coupon_type_no,1,1,2,216040,29560,216040.0
2024-08-02,SILVER,쿠폰 미사용,쿠폰 미사용,coupon_name+order_coupon_name+coupon_code+order_coupon_no+order_product_coupon_name+order_product_coupon_no+product_coupon_type_no,1,1,1,51630,0,51630.0
2024-08-03,FAMILY,쿠폰 사용,쿠폰명 미확인,coupon_name+order_coupon_name+coupon_code+order_coupon_no+order_product_coupon_name+order_product_coupon_no+product_coupon_type_no,29,28,43,2347410,593800,80945.1724137931
2024-08-03,FAMILY,쿠폰 미사용,쿠폰 미사용,coupon_name+order_coupon_name+coupon_code+order_coupon_no+order_product_coupon_name+order_product_coupon_no+product_coupon_type_no,15,15,21,1349670,0,89978.0
2024-08-03,GOLD,쿠폰 사용,쿠폰명 미확인,coupon_name+order_coupon_name+coupon_code+order_coupon_no+order_product_coupon_name+order_product_coupon_no+product_coupon_type_no,1,1,1,45760,5520,45760.0
2024-08-03,SILVER,쿠폰 사용,쿠폰명 미확인,coupon_name+order_coupon_name+coupon_code+order_coupon_no+order_product_coupon_name+order_product_coupon_no+product_coupon_type_no,1,1,1,101890,44520,101890.0
2024-08-03,SILVER,쿠폰 미사용,쿠폰 미사용,coupon_name+order_coupon_name+coupon_code+order_coupon_no+order_product_coupon_name+order_product_coupon_no+product_coupon_type_no,1,1,1,69000,0,69000.0
2024-08-04,FAMILY,쿠폰 사용,쿠폰명 미확인,coupon_name+order_coupon_name+coupon_code+order_coupon_no+order_product_coupon_name+order_product_coupon_no+product_coupon_type_no,42,42,57,3465080,625180,82501.90476190476
2024-08-04,FAMILY,쿠폰 미사용,쿠폰 미사용,coupon_name+order_coupon_name+coupon_code+order_coupon_no+order_product_coupon_name+order_product_coupon_no+product_coupon_type_no,13,13,15,975410,0,75031.53846153847
2024-08-04,SILVER,쿠폰 미사용,쿠폰 미사용,coupon_name+order_coupon_name+coupon_code+order_coupon_no+order_product_coupon_name+order_product_coupon_no+product_coupon_type_no,1,1,1,64800,0,64800.0
2024-08-05,FAMILY,쿠폰 사용,쿠폰명 미확인,coupon_name+order_coupon_name+coupon_code+order_coupon_no+order_product_coupon_name+order_product_coupon_no+product_coupon_type_no,28,28,32,1940910,348010,69318.21428571429
2024-08-05,FAMILY,쿠폰 미사용,쿠폰 미사용,coupon_name+order_coupon_name+coupon_code+order_coupon_no+order_product_coupon_name+order_product_coupon_no+product_coupon_type_no,18,18,23,1463470,0,81303.88888888889
2024-08-05,GOLD,쿠폰 미사용,쿠폰 미사용,coupon_name+order_coupon_name+coupon_code+order_coupon_no+order_product_coupon_name+order_product_coupon_no+product_coupon_type_no,1,1,2,35800,0,35800.0
2024-08-05,SILVER,쿠폰 미사용,쿠폰 미사용,coupon_name+order_coupon_name+coupon_code+order_coupon_no+order_product_coupon_name+order_product_coupon_no+product_coupon_type_no,2,2,3,244040,0,122020.0
2024-08-06,FAMILY,쿠폰 사용,쿠폰명 미확인,coupon_name+order_coupon_name+coupon_code+order_coupon_no+order_product_coupon_name+order_product_coupon_no+product_coupon_type_no,28,28,273,16002880,1375820,571531.4285714285
2024-08-06,FAMILY,쿠폰 미사용,쿠폰 미사용,coupon_name+order_coupon_name+coupon_code+order_coupon_no+order_product_coupon_name+order_product_coupon_no+product_coupon_type_no,17,16,20,1348130,0,79301.76470588235
2024-08-06,GOLD,쿠폰 미사용,쿠폰 미사용,coupon_name+order_coupon_name+coupon_code+order_coupon_no+order_product_coupon_name+order_product_coupon_no+product_coupon_type_no,1,1,3,129000,0,129000.0
2024-08-06,SILVER,쿠폰 사용,쿠폰명 미확인,coupon_name+order_coupon_name+coupon_code+order_coupon_no+order_product_coupon_name+order_product_coupon_no+product_coupon_type_no,4,4,7,436090,165300,109022.5
2024-08-06,SILVER,쿠폰 미사용,쿠폰 미사용,coupon_name+order_coupon_name+coupon_code+order_coupon_no+order_product_coupon_name+order_product_coupon_no+product_coupon_type_no,2,2,3,220340,0,110170.0
2024-08-07,FAMILY,쿠폰 사용,쿠폰명 미확인,coupon_name+order_coupon_name+coupon_code+order_coupon_no+order_product_coupon_name+order_product_coupon_no+product_coupon_type_no,15,15,54,3136120,447820,209074.66666666666
2024-08-07,FAMILY,쿠폰 미사용,쿠폰 미사용,coupon_name+order_coupon_name+coupon_code+order_coupon_no+order_product_coupon_name+order_product_coupon_no+product_coupon_type_no,15,15,18,983700,0,65580.0
2024-08-07,GOLD,쿠폰 사용,쿠폰명 미확인,coupon_name+order_coupon_name+coupon_code+order_coupon_no+order_product_coupon_name+order_product_coupon_no+product_coupon_type_no,1,1,1,47200,11800,47200.0
2024-08-07,SILVER,쿠폰 사용,쿠폰명 미확인,coupon_name+order_coupon_name+coupon_code+order_coupon_no+order_product_coupon_name+order_product_coupon_no+product_coupon_type_no,2,2,2,134300,26700,67150.0
2024-08-08,FAMILY,쿠폰 사용,쿠폰명 미확인,coupon_name+order_coupon_name+coupon_code+order_coupon_no+order_product_coupon_name+order_product_coupon_no+product_coupon_type_no,53,53,62,3413540,637190,64406.41509433962
2024-08-08,FAMILY,쿠폰 미사용,쿠폰 미사용,coupon_name+order_coupon_name+coupon_code+order_coupon_no+order_product_coupon_name+order_product_coupon_no+product_coupon_type_no,27,27,33,1828150,0,67709.25925925926
2024-08-08,GOLD,쿠폰 미사용,쿠폰 미사용,coupon_name+order_coupon_name+coupon_code+order_coupon_no+order_product_coupon_name+order_product_coupon_no+product_coupon_type_no,1,1,3,196700,0,196700.0
2024-08-08,SILVER,쿠폰 미사용,쿠폰 미사용,coupon_name+order_coupon_name+coupon_code+order_coupon_no+order_product_coupon_name+order_product_coupon_no+product_coupon_type_no,2,2,3,139830,0,69915.0
2024-08-08,TITANIUM,쿠폰 미사용,쿠폰 미사용,coupon_name+order_coupon_name+coupon_code+order_coupon_no+order_product_coupon_name+order_product_coupon_no+product_coupon_type_no,1,1,3,171800,0,171800.0
2024-08-09,FAMILY,쿠폰 사용,쿠폰명 미확인,coupon_name+order_coupon_name+coupon_code+order_coupon_no+order_product_coupon_name+order_product_coupon_no+product_coupon_type_no,26,26,47,3190460,582340,122710.0
2024-08-09,FAMILY,쿠폰 미사용,쿠폰 미사용,coupon_name+order_coupon_name+coupon_code+order_coupon_no+order_product_coupon_name+order_product_coupon_no+product_coupon_type_no,20,19,22,1420470,0,71023.5
2024-08-09,SILVER,쿠폰 사용,쿠폰명 미확인,coupon_name+order_coupon_name+coupon_code+order_coupon_no+order_product_coupon_name+order_product_coupon_no+product_coupon_type_no,4,3,36,1604800,948400,401200.0
2024-08-10,FAMILY,쿠폰 사용,쿠폰명 미확인,coupon_name+order_coupon_name+coupon_code+order_coupon_no+order_product_coupon_name+order_product_coupon_no+product_coupon_type_no,37,37,56,2796710,600890,75586.75675675676
2024-08-10,FAMILY,쿠폰 미사용,쿠폰 미사용,coupon_name+order_coupon_name+coupon_code+order_coupon_no+order_product_coupon_name+order_product_coupon_no+product_coupon_type_no,13,12,15,872710,0,67131.53846153847
2024-08-10,SILVER,쿠폰 미사용,쿠폰 미사용,coupon_name+order_coupon_name+coupon_code+order_coupon_no+order_product_coupon_name+order_product_coupon_no+product_coupon_type_no,2,2,3,173130,0,86565.0
2024-08-11,FAMILY,쿠폰 사용,쿠폰명 미확인,coupon_name+order_coupon_name+coupon_code+order_coupon_no+order_product_coupon_name+order_product_coupon_no+product_coupon_type_no,38,38,46,3014250,489390,79322.36842105263
2024-08-11,FAMILY,쿠폰 미사용,쿠폰 미사용,coupon_name+order_coupon_name+coupon_code+order_coupon_no+order_product_coupon_name+order_product_coupon_no+product_coupon_type_no,17,17,20,1148240,0,67543.5294117647
2024-08-11,SILVER,쿠폰 미사용,쿠폰 미사용,coupon_name+order_coupon_name+coupon_code+order_coupon_no+order_product_coupon_name+order_product_coupon_no+product_coupon_type_no,1,1,1,36830,0,36830.0
2024-08-12,FAMILY,쿠폰 사용,쿠폰명 미확인,coupon_name+order_coupon_name+coupon_code+order_coupon_no+order_product_coupon_name+order_product_coupon_no+product_coupon_type_no,30,30,43,2535700,369380,84523.33333333333
2024-08-12,FAMILY,쿠폰 미사용,쿠폰 미사용,coupon_name+order_coupon_name+coupon_code+order_coupon_no+order_product_coupon_name+order_product_coupon_no+product_coupon_type_no,19,19,23,1178490,0,62025.78947368421
2024-08-12,SILVER,쿠폰 미사용,쿠폰 미사용,coupon_name+order_coupon_name+coupon_code+order_coupon_no+order_product_coupon_name+order_product_coupon_no+product_coupon_type_no,1,1,4,276000,0,276000.0
2024-08-13,FAMILY,쿠폰 사용,쿠폰명 미확인,coupon_name+order_coupon_name+coupon_code+order_coupon_no+order_product_coupon_name+order_product_coupon_no+product_coupon_type_no,28,28,33,2326430,335360,83086.78571428571
2024-08-13,FAMILY,쿠폰 미사용,쿠폰 미사용,coupon_name+order_coupon_name+coupon_code+order_coupon_no+order_product_coupon_name+order_product_coupon_no+product_coupon_type_no,13,13,18,1604910,0,123454.61538461539
2024-08-14,FAMILY,쿠폰 미사용,쿠폰 미사용,coupon_name+order_coupon_name+coupon_code+order_coupon_no+order_product_coupon_name+order_product_coupon_no+product_coupon_type_no,24,24,39,2299020,0,95792.5
2024-08-14,FAMILY,쿠폰 사용,쿠폰명 미확인,coupon_name+order_coupon_name+coupon_code+order_coupon_no+order_product_coupon_name+order_product_coupon_no+product_coupon_type_no,22,22,28,2071190,369400,94145.0
2024-08-14,SILVER,쿠폰 미사용,쿠폰 미사용,coupon_name+order_coupon_name+coupon_code+order_coupon_no+order_product_coupon_name+order_product_coupon_no+product_coupon_type_no,2,2,2,71380,0,35690.0
2024-08-15,FAMILY,쿠폰 사용,쿠폰명 미확인,coupon_name+order_coupon_name+coupon_code+order_coupon_no+order_product_coupon_name+order_product_coupon_no+product_coupon_type_no,31,31,34,2549060,379320,82227.74193548386
2024-08-15,FAMILY,쿠폰 미사용,쿠폰 미사용,coupon_name+order_coupon_name+coupon_code+order_coupon_no+order_product_coupon_name+order_product_coupon_no+product_coupon_type_no,13,13,21,918520,0,70655.38461538461
2024-08-15,GOLD,쿠폰 미사용,쿠폰 미사용,coupon_name+order_coupon_name+coupon_code+order_coupon_no+order_product_coupon_name+order_product_coupon_no+product_coupon_type_no,1,1,2,207500,0,207500.0
2024-08-15,SILVER,쿠폰 미사용,쿠폰 미사용,coupon_name+order_coupon_name+coupon_code+order_coupon_no+order_product_coupon_name+order_product_coupon_no+product_coupon_type_no,1,1,1,25940,0,25940.0
2024-08-16,FAMILY,쿠폰 사용,쿠폰명 미확인,coupon_name+order_coupon_name+coupon_code+order_coupon_no+order_product_coupon_name+order_product_coupon_no+product_coupon_type_no,32,32,39,2670330,358970,83447.8125
2024-08-16,FAMILY,쿠폰 미사용,쿠폰 미사용,coupon_name+order_coupon_name+coupon_code+order_coupon_no+order_product_coupon_name+order_product_coupon_no+product_coupon_type_no,14,14,19,855350,0,61096.42857142857
2024-08-16,GOLD,쿠폰 미사용,쿠폰 미사용,coupon_name+order_coupon_name+coupon_code+order_coupon_no+order_product_coupon_name+order_product_coupon_no+product_coupon_type_no,1,1,2,97350,0,97350.0
2024-08-16,SILVER,쿠폰 미사용,쿠폰 미사용,coupon_name+order_coupon_name+coupon_code+order_coupon_no+order_product_coupon_name+order_product_coupon_no+product_coupon_type_no,1,1,1,99140,0,99140.0
2024-08-16,SILVER,쿠폰 사용,쿠폰명 미확인,coupon_name+order_coupon_name+coupon_code+order_coupon_no+order_product_coupon_name+order_product_coupon_no+product_coupon_type_no,1,1,1,42450,10000,42450.0
2024-08-17,FAMILY,쿠폰 사용,쿠폰명 미확인,coupon_name+order_coupon_name+coupon_code+order_coupon_no+order_product_coupon_name+order_product_coupon_no+product_coupon_type_no,31,31,38,2468850,363180,79640.32258064517
2024-08-17,FAMILY,쿠폰 미사용,쿠폰 미사용,coupon_name+order_coupon_name+coupon_code+order_coupon_no+order_product_coupon_name+order_product_coupon_no+product_coupon_type_no,16,16,17,1125320,0,70332.5
2024-08-17,SILVER,쿠폰 미사용,쿠폰 미사용,coupon_name+order_coupon_name+coupon_code+order_coupon_no+order_product_coupon_name+order_product_coupon_no+product_coupon_type_no,1,1,1,36670,0,36670.0
2024-08-18,FAMILY,쿠폰 사용,쿠폰명 미확인,coupon_name+order_coupon_name+coupon_code+order_coupon_no+order_product_coupon_name+order_product_coupon_no+product_coupon_type_no,32,32,40,2293390,355250,71668.4375
2024-08-18,FAMILY,쿠폰 미사용,쿠폰 미사용,coupon_name+order_coupon_name+coupon_code+order_coupon_no+order_product_coupon_name+order_product_coupon_no+product_coupon_type_no,17,17,20,1408870,0,82874.70588235294
2024-08-18,GOLD,쿠폰 미사용,쿠폰 미사용,coupon_name+order_coupon_name+coupon_code+order_coupon_no+order_product_coupon_name+order_product_coupon_no+product_coupon_type_no,1,1,2,74740,0,74740.0
2024-08-18,SILVER,쿠폰 미사용,쿠폰 미사용,coupon_name+order_coupon_name+coupon_code+order_coupon_no+order_product_coupon_name+order_product_coupon_no+product_coupon_type_no,2,2,2,171580,0,85790.0
2024-08-19,FAMILY,쿠폰 사용,쿠폰명 미확인,coupon_name+order_coupon_name+coupon_code+order_coupon_no+order_product_coupon_name+order_product_coupon_no+product_coupon_type_no,33,33,44,2295010,391350,69545.75757575757
2024-08-19,FAMILY,쿠폰 미사용,쿠폰 미사용,coupon_name+order_coupon_name+coupon_code+order_coupon_no+order_product_coupon_name+order_product_coupon_no+product_coupon_type_no,18,17,19,952900,0,52938.88888888889
2024-08-19,SILVER,쿠폰 사용,쿠폰명 미확인,coupon_name+order_coupon_name+coupon_code+order_coupon_no+order_product_coupon_name+order_product_coupon_no+product_coupon_type_no,2,2,7,101500,83700,50750.0
2024-08-19,SILVER,쿠폰 미사용,쿠폰 미사용,coupon_name+order_coupon_name+coupon_code+order_coupon_no+order_product_coupon_name+order_product_coupon_no+product_coupon_type_no,1,1,1,76300,0,76300.0
2024-08-20,FAMILY,쿠폰 사용,쿠폰명 미확인,coupon_name+order_coupon_name+coupon_code+order_coupon_no+order_product_coupon_name+order_product_coupon_no+product_coupon_type_no,26,26,32,2275580,378370,87522.30769230769
2024-08-20,FAMILY,쿠폰 미사용,쿠폰 미사용,coupon_name+order_coupon_name+coupon_code+order_coupon_no+order_product_coupon_name+order_product_coupon_no+product_coupon_type_no,18,18,20,1574120,0,87451.11111111111
2024-08-20,SILVER,쿠폰 미사용,쿠폰 미사용,coupon_name+order_coupon_name+coupon_code+order_coupon_no+order_product_coupon_name+order_product_coupon_no+product_coupon_type_no,2,2,2,73830,0,36915.0
2024-08-20,SILVER,쿠폰 사용,쿠폰명 미확인,coupon_name+order_coupon_name+coupon_code+order_coupon_no+order_product_coupon_name+order_product_coupon_no+product_coupon_type_no,1,1,1,26900,7800,26900.0
2024-08-21,FAMILY,쿠폰 사용,쿠폰명 미확인,coupon_name+order_coupon_name+coupon_code+order_coupon_no+order_product_coupon_name+order_product_coupon_no+product_coupon_type_no,41,41,57,3093500,497990,75451.21951219512
2024-08-21,FAMILY,쿠폰 미사용,쿠폰 미사용,coupon_name+order_coupon_name+coupon_code+order_coupon_no+order_product_coupon_name+order_product_coupon_no+product_coupon_type_no,18,18,25,1373300,0,76294.44444444444
2024-08-21,GOLD,쿠폰 사용,쿠폰명 미확인,coupon_name+order_coupon_name+coupon_code+order_coupon_no+order_product_coupon_name+order_product_coupon_no+product_coupon_type_no,1,1,1,47200,11800,47200.0
2024-08-21,SILVER,쿠폰 미사용,쿠폰 미사용,coupon_name+order_coupon_name+coupon_code+order_coupon_no+order_product_coupon_name+order_product_coupon_no+product_coupon_type_no,4,4,5,242610,0,60652.5
2024-08-21,SILVER,쿠폰 사용,쿠폰명 미확인,coupon_name+order_coupon_name+coupon_code+order_coupon_no+order_product_coupon_name+order_product_coupon_no+product_coupon_type_no,1,1,1,132270,36000,132270.0
2024-08-22,FAMILY,쿠폰 사용,쿠폰명 미확인,coupon_name+order_coupon_name+coupon_code+order_coupon_no+order_product_coupon_name+order_product_coupon_no+product_coupon_type_no,39,39,50,4709450,1260520,120755.1282051282
2024-08-22,FAMILY,쿠폰 미사용,쿠폰 미사용,coupon_name+order_coupon_name+coupon_code+order_coupon_no+order_product_coupon_name+order_product_coupon_no+product_coupon_type_no,24,24,33,1881120,0,78380.0
2024-08-22,SILVER,쿠폰 미사용,쿠폰 미사용,coupon_name+order_coupon_name+coupon_code+order_coupon_no+order_product_coupon_name+order_product_coupon_no+product_coupon_type_no,3,3,4,225050,0,75016.66666666667
2024-08-23,FAMILY,쿠폰 사용,쿠폰명 미확인,coupon_name+order_coupon_name+coupon_code+order_coupon_no+order_product_coupon_name+order_product_coupon_no+product_coupon_type_no,23,23,27,2621910,462050,113996.08695652174
2024-08-23,FAMILY,쿠폰 미사용,쿠폰 미사용,coupon_name+order_coupon_name+coupon_code+order_coupon_no+order_product_coupon_name+order_product_coupon_no+product_coupon_type_no,12,12,17,1013790,0,84482.5
2024-08-23,SILVER,쿠폰 사용,쿠폰명 미확인,coupon_name+order_coupon_name+coupon_code+order_coupon_no+order_product_coupon_name+order_product_coupon_no+product_coupon_type_no,1,1,8,461500,56500,461500.0
2024-08-24,FAMILY,쿠폰 미사용,쿠폰 미사용,coupon_name+order_coupon_name+coupon_code+order_coupon_no+order_product_coupon_name+order_product_coupon_no+product_coupon_type_no,17,17,24,1662150,0,97773.5294117647
2024-08-24,FAMILY,쿠폰 사용,쿠폰명 미확인,coupon_name+order_coupon_name+coupon_code+order_coupon_no+order_product_coupon_name+order_product_coupon_no+product_coupon_type_no,21,21,21,1497160,207890,71293.33333333333
2024-08-24,SILVER,쿠폰 미사용,쿠폰 미사용,coupon_name+order_coupon_name+coupon_code+order_coupon_no+order_product_coupon_name+order_product_coupon_no+product_coupon_type_no,1,1,1,57830,0,57830.0
2024-08-25,FAMILY,쿠폰 사용,쿠폰명 미확인,coupon_name+order_coupon_name+coupon_code+order_coupon_no+order_product_coupon_name+order_product_coupon_no+product_coupon_type_no,37,37,49,3172230,759490,85735.94594594595
2024-08-25,FAMILY,쿠폰 미사용,쿠폰 미사용,coupon_name+order_coupon_name+coupon_code+order_coupon_no+order_product_coupon_name+order_product_coupon_no+product_coupon_type_no,19,19,28,1511370,0,79545.78947368421
2024-08-25,SILVER,쿠폰 미사용,쿠폰 미사용,coupon_name+order_coupon_name+coupon_code+order_coupon_no+order_product_coupon_name+order_product_coupon_no+product_coupon_type_no,3,3,4,516330,0,172110.0
2024-08-25,SILVER,쿠폰 사용,쿠폰명 미확인,coupon_name+order_coupon_name+coupon_code+order_coupon_no+order_product_coupon_name+order_product_coupon_no+product_coupon_type_no,1,1,3,180110,20790,180110.0
2024-08-26,FAMILY,쿠폰 사용,쿠폰명 미확인,coupon_name+order_coupon_name+coupon_code+order_coupon_no+order_product_coupon_name+order_product_coupon_no+product_coupon_type_no,29,29,38,2547930,412340,87859.6551724138
2024-08-26,FAMILY,쿠폰 미사용,쿠폰 미사용,coupon_name+order_coupon_name+coupon_code+order_coupon_no+order_product_coupon_name+order_product_coupon_no+product_coupon_type_no,26,26,33,1980800,0,76184.61538461539
2024-08-26,GOLD,쿠폰 미사용,쿠폰 미사용,coupon_name+order_coupon_name+coupon_code+order_coupon_no+order_product_coupon_name+order_product_coupon_no+product_coupon_type_no,1,1,1,61330,0,61330.0
2024-08-26,SILVER,쿠폰 미사용,쿠폰 미사용,coupon_name+order_coupon_name+coupon_code+order_coupon_no+order_product_coupon_name+order_product_coupon_no+product_coupon_type_no,1,1,1,100660,0,100660.0
2024-08-27,FAMILY,쿠폰 사용,쿠폰명 미확인,coupon_name+order_coupon_name+coupon_code+order_coupon_no+order_product_coupon_name+order_product_coupon_no+product_coupon_type_no,29,29,52,3936300,2221940,135734.4827586207
2024-08-27,FAMILY,쿠폰 미사용,쿠폰 미사용,coupon_name+order_coupon_name+coupon_code+order_coupon_no+order_product_coupon_name+order_product_coupon_no+product_coupon_type_no,16,15,28,1376150,0,86009.375
2024-08-27,SILVER,쿠폰 미사용,쿠폰 미사용,coupon_name+order_coupon_name+coupon_code+order_coupon_no+order_product_coupon_name+order_product_coupon_no+product_coupon_type_no,1,1,1,29000,0,29000.0
2024-08-28,FAMILY,쿠폰 사용,쿠폰명 미확인,coupon_name+order_coupon_name+coupon_code+order_coupon_no+order_product_coupon_name+order_product_coupon_no+product_coupon_type_no,34,34,43,3111100,500900,91502.94117647059
2024-08-28,FAMILY,쿠폰 미사용,쿠폰 미사용,coupon_name+order_coupon_name+coupon_code+order_coupon_no+order_product_coupon_name+order_product_coupon_no+product_coupon_type_no,9,9,12,801170,0,89018.88888888889
2024-08-28,SILVER,쿠폰 사용,쿠폰명 미확인,coupon_name+order_coupon_name+coupon_code+order_coupon_no+order_product_coupon_name+order_product_coupon_no+product_coupon_type_no,3,3,8,396600,353600,132200.0
2024-08-28,SILVER,쿠폰 미사용,쿠폰 미사용,coupon_name+order_coupon_name+coupon_code+order_coupon_no+order_product_coupon_name+order_product_coupon_no+product_coupon_type_no,1,1,1,69300,0,69300.0
2024-08-29,FAMILY,쿠폰 미사용,쿠폰 미사용,coupon_name+order_coupon_name+coupon_code+order_coupon_no+order_product_coupon_name+order_product_coupon_no+product_coupon_type_no,15,15,19,1168900,0,77926.66666666667
2024-08-29,FAMILY,쿠폰 사용,쿠폰명 미확인,coupon_name+order_coupon_name+coupon_code+order_coupon_no+order_product_coupon_name+order_product_coupon_no+product_coupon_type_no,15,15,18,1055130,252370,70342.0
2024-08-29,SILVER,쿠폰 미사용,쿠폰 미사용,coupon_name+order_coupon_name+coupon_code+order_coupon_no+order_product_coupon_name+order_product_coupon_no+product_coupon_type_no,1,1,1,59170,0,59170.0
2024-08-30,FAMILY,쿠폰 사용,쿠폰명 미확인,coupon_name+order_coupon_name+coupon_code+order_coupon_no+order_product_coupon_name+order_product_coupon_no+product_coupon_type_no,21,21,42,2289800,636610,109038.09523809524
2024-08-30,FAMILY,쿠폰 미사용,쿠폰 미사용,coupon_name+order_coupon_name+coupon_code+order_coupon_no+order_product_coupon_name+order_product_coupon_no+product_coupon_type_no,20,20,24,1320550,0,66027.5
2024-08-30,GOLD,쿠폰 사용,쿠폰명 미확인,coupon_name+order_coupon_name+coupon_code+order_coupon_no+order_product_coupon_name+order_product_coupon_no+product_coupon_type_no,1,1,4,160000,29800,160000.0
2024-08-30,SILVER,쿠폰 미사용,쿠폰 미사용,coupon_name+order_coupon_name+coupon_code+order_coupon_no+order_product_coupon_name+order_product_coupon_no+product_coupon_type_no,2,2,2,142160,0,71080.0
2024-08-31,FAMILY,쿠폰 사용,쿠폰명 미확인,coupon_name+order_coupon_name+coupon_code+order_coupon_no+order_product_coupon_name+order_product_coupon_no+product_coupon_type_no,27,27,49,2941720,435600,108952.5925925926
2024-08-31,FAMILY,쿠폰 미사용,쿠폰 미사용,coupon_name+order_coupon_name+coupon_code+order_coupon_no+order_product_coupon_name+order_product_coupon_no+product_coupon_type_no,11,11,15,781210,0,71019.09090909091
2024-08-31,SILVER,쿠폰 사용,쿠폰명 미확인,coupon_name+order_coupon_name+coupon_code+order_coupon_no+order_product_coupon_name+order_product_coupon_no+product_coupon_type_no,1,1,1,44500,44500,44500.0
2024-08-31,TITANIUM,쿠폰 사용,쿠폰명 미확인,coupon_name+order_coupon_name+coupon_code+order_coupon_no+order_product_coupon_name+order_product_coupon_no+product_coupon_type_no,1,1,7,233600,20000,233600.0
2024-09-01,FAMILY,쿠폰 사용,쿠폰명 미확인,coupon_name+order_coupon_name+coupon_code+order_coupon_no+order_product_coupon_name+order_product_coupon_no+product_coupon_type_no,31,29,57,4730350,568640,152591.93548387097
2024-09-01,FAMILY,쿠폰 미사용,쿠폰 미사용,coupon_name+order_coupon_name+coupon_code+order_coupon_no+order_product_coupon_name+order_product_coupon_no+product_coupon_type_no,17,17,20,1107980,0,65175.294117647056
2024-09-01,SILVER,쿠폰 사용,쿠폰명 미확인,coupon_name+order_coupon_name+coupon_code+order_coupon_no+order_product_coupon_name+order_product_coupon_no+product_coupon_type_no,2,2,4,328800,36520,164400.0
2024-09-01,SILVER,쿠폰 미사용,쿠폰 미사용,coupon_name+order_coupon_name+coupon_code+order_coupon_no+order_product_coupon_name+order_product_coupon_no+product_coupon_type_no,1,1,1,169000,0,169000.0
2024-09-02,FAMILY,쿠폰 사용,쿠폰명 미확인,coupon_name+order_coupon_name+coupon_code+order_coupon_no+order_product_coupon_name+order_product_coupon_no+product_coupon_type_no,29,29,89,4401150,1211520,151763.7931034483
2024-09-02,FAMILY,쿠폰 미사용,쿠폰 미사용,coupon_name+order_coupon_name+coupon_code+order_coupon_no+order_product_coupon_name+order_product_coupon_no+product_coupon_type_no,7,7,7,387910,0,55415.71428571428
2024-09-02,SILVER,쿠폰 사용,쿠폰명 미확인,coupon_name+order_coupon_name+coupon_code+order_coupon_no+order_product_coupon_name+order_product_coupon_no+product_coupon_type_no,1,1,3,168920,45600,168920.0
2024-09-03,FAMILY,쿠폰 사용,쿠폰명 미확인,coupon_name+order_coupon_name+coupon_code+order_coupon_no+order_product_coupon_name+order_product_coupon_no+product_coupon_type_no,23,23,28,2012460,486230,87498.26086956522
2024-09-03,FAMILY,쿠폰 미사용,쿠폰 미사용,coupon_name+order_coupon_name+coupon_code+order_coupon_no+order_product_coupon_name+order_product_coupon_no+product_coupon_type_no,25,25,32,1163840,0,46553.6
2024-09-03,SILVER,쿠폰 사용,쿠폰명 미확인,coupon_name+order_coupon_name+coupon_code+order_coupon_no+order_product_coupon_name+order_product_coupon_no+product_coupon_type_no,3,3,3,277780,32900,92593.33333333333
2024-09-04,FAMILY,쿠폰 사용,쿠폰명 미확인,coupon_name+order_coupon_name+coupon_code+order_coupon_no+order_product_coupon_name+order_product_coupon_no+product_coupon_type_no,26,26,46,3244150,426950,124775.0
2024-09-04,FAMILY,쿠폰 미사용,쿠폰 미사용,coupon_name+order_coupon_name+coupon_code+order_coupon_no+order_product_coupon_name+order_product_coupon_no+product_coupon_type_no,19,19,23,1135670,0,59772.10526315789
2024-09-04,SILVER,쿠폰 사용,쿠폰명 미확인,coupon_name+order_coupon_name+coupon_code+order_coupon_no+order_product_coupon_name+order_product_coupon_no+product_coupon_type_no,1,1,3,208760,20000,208760.0
2024-09-04,SILVER,쿠폰 미사용,쿠폰 미사용,coupon_name+order_coupon_name+coupon_code+order_coupon_no+order_product_coupon_name+order_product_coupon_no+product_coupon_type_no,2,2,2,91190,0,45595.0
2024-09-05,FAMILY,쿠폰 사용,쿠폰명 미확인,coupon_name+order_coupon_name+coupon_code+order_coupon_no+order_product_coupon_name+order_product_coupon_no+product_coupon_type_no,47,46,76,5067790,901230,107825.31914893616
2024-09-05,FAMILY,쿠폰 미사용,쿠폰 미사용,coupon_name+order_coupon_name+coupon_code+order_coupon_no+order_product_coupon_name+order_product_coupon_no+product_coupon_type_no,18,18,30,1656080,0,92004.44444444444
2024-09-05,SILVER,쿠폰 사용,쿠폰명 미확인,coupon_name+order_coupon_name+coupon_code+order_coupon_no+order_product_coupon_name+order_product_coupon_no+product_coupon_type_no,2,2,4,271440,30000,135720.0
2024-09-05,SILVER,쿠폰 미사용,쿠폰 미사용,coupon_name+order_coupon_name+coupon_code+order_coupon_no+order_product_coupon_name+order_product_coupon_no+product_coupon_type_no,1,1,1,81990,0,81990.0
2024-09-06,FAMILY,쿠폰 사용,쿠폰명 미확인,coupon_name+order_coupon_name+coupon_code+order_coupon_no+order_product_coupon_name+order_product_coupon_no+product_coupon_type_no,24,24,36,2350830,559890,97951.25
2024-09-06,FAMILY,쿠폰 미사용,쿠폰 미사용,coupon_name+order_coupon_name+coupon_code+order_coupon_no+order_product_coupon_name+order_product_coupon_no+product_coupon_type_no,14,14,18,640650,0,45760.71428571428
2024-09-06,SILVER,쿠폰 미사용,쿠폰 미사용,coupon_name+order_coupon_name+coupon_code+order_coupon_no+order_product_coupon_name+order_product_coupon_no+product_coupon_type_no,1,1,1,7500,0,7500.0
2024-09-07,FAMILY,쿠폰 사용,쿠폰명 미확인,coupon_name+order_coupon_name+coupon_code+order_coupon_no+order_product_coupon_name+order_product_coupon_no+product_coupon_type_no,40,40,57,3303890,536170,82597.25
2024-09-07,FAMILY,쿠폰 미사용,쿠폰 미사용,coupon_name+order_coupon_name+coupon_code+order_coupon_no+order_product_coupon_name+order_product_coupon_no+product_coupon_type_no,18,18,27,1104920,0,61384.444444444445
2024-09-07,SILVER,쿠폰 사용,쿠폰명 미확인,coupon_name+order_coupon_name+coupon_code+order_coupon_no+order_product_coupon_name+order_product_coupon_no+product_coupon_type_no,2,2,7,678030,76600,339015.0
2024-09-07,SILVER,쿠폰 미사용,쿠폰 미사용,coupon_name+order_coupon_name+coupon_code+order_coupon_no+order_product_coupon_name+order_product_coupon_no+product_coupon_type_no,1,1,1,47200,0,47200.0
2024-09-08,FAMILY,쿠폰 사용,쿠폰명 미확인,coupon_name+order_coupon_name+coupon_code+order_coupon_no+order_product_coupon_name+order_product_coupon_no+product_coupon_type_no,48,47,61,4647490,604440,96822.70833333333
2024-09-08,FAMILY,쿠폰 미사용,쿠폰 미사용,coupon_name+order_coupon_name+coupon_code+order_coupon_no+order_product_coupon_name+order_product_coupon_no+product_coupon_type_no,30,30,34,1261100,0,42036.666666666664
2024-09-08,SILVER,쿠폰 사용,쿠폰명 미확인,coupon_name+order_coupon_name+coupon_code+order_coupon_no+order_product_coupon_name+order_product_coupon_no+product_coupon_type_no,1,1,14,533040,37200,533040.0
2024-09-08,SILVER,쿠폰 미사용,쿠폰 미사용,coupon_name+order_coupon_name+coupon_code+order_coupon_no+order_product_coupon_name+order_product_coupon_no+product_coupon_type_no,3,3,4,150590,0,50196.666666666664
2024-09-09,FAMILY,쿠폰 사용,쿠폰명 미확인,coupon_name+order_coupon_name+coupon_code+order_coupon_no+order_product_coupon_name+order_product_coupon_no+product_coupon_type_no,21,21,32,2765330,703050,131682.38095238095
2024-09-09,FAMILY,쿠폰 미사용,쿠폰 미사용,coupon_name+order_coupon_name+coupon_code+order_coupon_no+order_product_coupon_name+order_product_coupon_no+product_coupon_type_no,12,12,18,1028050,0,85670.83333333333
2024-09-10,FAMILY,쿠폰 사용,쿠폰명 미확인,coupon_name+order_coupon_name+coupon_code+order_coupon_no+order_product_coupon_name+order_product_coupon_no+product_coupon_type_no,27,27,39,2995420,848890,110941.48148148147
2024-09-10,FAMILY,쿠폰 미사용,쿠폰 미사용,coupon_name+order_coupon_name+coupon_code+order_coupon_no+order_product_coupon_name+order_product_coupon_no+product_coupon_type_no,12,12,17,1253010,0,104417.5
2024-09-10,GOLD,쿠폰 사용,쿠폰명 미확인,coupon_name+order_coupon_name+coupon_code+order_coupon_no+order_product_coupon_name+order_product_coupon_no+product_coupon_type_no,1,1,2,159250,53600,159250.0
2024-09-10,GOLD,쿠폰 미사용,쿠폰 미사용,coupon_name+order_coupon_name+coupon_code+order_coupon_no+order_product_coupon_name+order_product_coupon_no+product_coupon_type_no,1,1,1,57520,0,57520.0
2024-09-10,SILVER,쿠폰 사용,쿠폰명 미확인,coupon_name+order_coupon_name+coupon_code+order_coupon_no+order_product_coupon_name+order_product_coupon_no+product_coupon_type_no,2,2,5,294560,39800,147280.0
2024-09-11,FAMILY,쿠폰 사용,쿠폰명 미확인,coupon_name+order_coupon_name+coupon_code+order_coupon_no+order_product_coupon_name+order_product_coupon_no+product_coupon_type_no,43,43,74,4252480,670890,98894.88372093023
2024-09-11,FAMILY,쿠폰 미사용,쿠폰 미사용,coupon_name+order_coupon_name+coupon_code+order_coupon_no+order_product_coupon_name+order_product_coupon_no+product_coupon_type_no,29,29,36,1720780,0,59337.24137931035
2024-09-11,SILVER,쿠폰 사용,쿠폰명 미확인,coupon_name+order_coupon_name+coupon_code+order_coupon_no+order_product_coupon_name+order_product_coupon_no+product_coupon_type_no,1,1,1,91590,43000,91590.0
2024-09-11,TITANIUM,쿠폰 미사용,쿠폰 미사용,coupon_name+order_coupon_name+coupon_code+order_coupon_no+order_product_coupon_name+order_product_coupon_no+product_coupon_type_no,1,1,1,19600,0,19600.0
2024-09-12,FAMILY,쿠폰 사용,쿠폰명 미확인,coupon_name+order_coupon_name+coupon_code+order_coupon_no+order_product_coupon_name+order_product_coupon_no+product_coupon_type_no,84,84,128,7801740,1593220,92877.85714285714
2024-09-12,FAMILY,쿠폰 미사용,쿠폰 미사용,coupon_name+order_coupon_name+coupon_code+order_coupon_no+order_product_coupon_name+order_product_coupon_no+product_coupon_type_no,160,158,191,5906380,0,36914.875
2024-09-12,GOLD,쿠폰 미사용,쿠폰 미사용,coupon_name+order_coupon_name+coupon_code+order_coupon_no+order_product_coupon_name+order_product_coupon_no+product_coupon_type_no,1,1,2,73780,0,73780.0
2024-09-12,SILVER,쿠폰 사용,쿠폰명 미확인,coupon_name+order_coupon_name+coupon_code+order_coupon_no+order_product_coupon_name+order_product_coupon_no+product_coupon_type_no,7,7,12,992570,158400,141795.7142857143
2024-09-12,SILVER,쿠폰 미사용,쿠폰 미사용,coupon_name+order_coupon_name+coupon_code+order_coupon_no+order_product_coupon_name+order_product_coupon_no+product_coupon_type_no,2,2,2,77280,0,38640.0
2024-09-13,FAMILY,쿠폰 사용,쿠폰명 미확인,coupon_name+order_coupon_name+coupon_code+order_coupon_no+order_product_coupon_name+order_product_coupon_no+product_coupon_type_no,55,55,79,5228150,746940,95057.27272727272
2024-09-13,FAMILY,쿠폰 미사용,쿠폰 미사용,coupon_name+order_coupon_name+coupon_code+order_coupon_no+order_product_coupon_name+order_product_coupon_no+product_coupon_type_no,45,45,52,2094470,0,46543.77777777778
2024-09-13,GOLD,쿠폰 사용,쿠폰명 미확인,coupon_name+order_coupon_name+coupon_code+order_coupon_no+order_product_coupon_name+order_product_coupon_no+product_coupon_type_no,1,1,1,78840,37800,78840.0
2024-09-13,SILVER,쿠폰 사용,쿠폰명 미확인,coupon_name+order_coupon_name+coupon_code+order_coupon_no+order_product_coupon_name+order_product_coupon_no+product_coupon_type_no,2,2,4,226560,37800,113280.0
2024-09-13,SILVER,쿠폰 미사용,쿠폰 미사용,coupon_name+order_coupon_name+coupon_code+order_coupon_no+order_product_coupon_name+order_product_coupon_no+product_coupon_type_no,3,3,4,133040,0,44346.666666666664
2024-09-14,FAMILY,쿠폰 미사용,쿠폰 미사용,coupon_name+order_coupon_name+coupon_code+order_coupon_no+order_product_coupon_name+order_product_coupon_no+product_coupon_type_no,41,41,52,1953130,0,47637.31707317073
2024-09-14,FAMILY,쿠폰 사용,쿠폰명 미확인,coupon_name+order_coupon_name+coupon_code+order_coupon_no+order_product_coupon_name+order_product_coupon_no+product_coupon_type_no,23,23,28,1933630,334830,84070.86956521739
2024-09-14,SILVER,쿠폰 사용,쿠폰명 미확인,coupon_name+order_coupon_name+coupon_code+order_coupon_no+order_product_coupon_name+order_product_coupon_no+product_coupon_type_no,2,2,3,153130,40000,76565.0
2024-09-14,TITANIUM,쿠폰 사용,쿠폰명 미확인,coupon_name+order_coupon_name+coupon_code+order_coupon_no+order_product_coupon_name+order_product_coupon_no+product_coupon_type_no,1,1,2,300000,83600,300000.0
2024-09-15,FAMILY,쿠폰 사용,쿠폰명 미확인,coupon_name+order_coupon_name+coupon_code+order_coupon_no+order_product_coupon_name+order_product_coupon_no+product_coupon_type_no,32,32,46,2546970,361730,79592.8125
2024-09-15,FAMILY,쿠폰 미사용,쿠폰 미사용,coupon_name+order_coupon_name+coupon_code+order_coupon_no+order_product_coupon_name+order_product_coupon_no+product_coupon_type_no,38,38,49,2215890,0,58312.89473684211
2024-09-15,SILVER,쿠폰 사용,쿠폰명 미확인,coupon_name+order_coupon_name+coupon_code+order_coupon_no+order_product_coupon_name+order_product_coupon_no+product_coupon_type_no,1,1,2,230950,20000,230950.0
2024-09-15,SILVER,쿠폰 미사용,쿠폰 미사용,coupon_name+order_coupon_name+coupon_code+order_coupon_no+order_product_coupon_name+order_product_coupon_no+product_coupon_type_no,2,2,3,81880,0,40940.0
2024-09-16,FAMILY,쿠폰 사용,쿠폰명 미확인,coupon_name+order_coupon_name+coupon_code+order_coupon_no+order_product_coupon_name+order_product_coupon_no+product_coupon_type_no,27,27,34,2325059,395560,86113.29629629629
2024-09-16,FAMILY,쿠폰 미사용,쿠폰 미사용,coupon_name+order_coupon_name+coupon_code+order_coupon_no+order_product_coupon_name+order_product_coupon_no+product_coupon_type_no,41,41,55,2137820,0,52141.95121951219
2024-09-16,SILVER,쿠폰 미사용,쿠폰 미사용,coupon_name+order_coupon_name+coupon_code+order_coupon_no+order_product_coupon_name+order_product_coupon_no+product_coupon_type_no,1,1,1,337800,0,337800.0
2024-09-16,SILVER,쿠폰 사용,쿠폰명 미확인,coupon_name+order_coupon_name+coupon_code+order_coupon_no+order_product_coupon_name+order_product_coupon_no+product_coupon_type_no,2,2,6,232020,67400,116010.0
2024-09-17,FAMILY,쿠폰 사용,쿠폰명 미확인,coupon_name+order_coupon_name+coupon_code+order_coupon_no+order_product_coupon_name+order_product_coupon_no+product_coupon_type_no,24,24,29,1648549,272990,68689.54166666667
2024-09-17,FAMILY,쿠폰 미사용,쿠폰 미사용,coupon_name+order_coupon_name+coupon_code+order_coupon_no+order_product_coupon_name+order_product_coupon_no+product_coupon_type_no,21,20,31,786010,0,37429.04761904762
2024-09-17,SILVER,쿠폰 미사용,쿠폰 미사용,coupon_name+order_coupon_name+coupon_code+order_coupon_no+order_product_coupon_name+order_product_coupon_no+product_coupon_type_no,1,1,1,20000,0,20000.0
2024-09-17,TITANIUM,쿠폰 사용,쿠폰명 미확인,coupon_name+order_coupon_name+coupon_code+order_coupon_no+order_product_coupon_name+order_product_coupon_no+product_coupon_type_no,1,1,1,80460,25800,80460.0
2024-09-18,FAMILY,쿠폰 사용,쿠폰명 미확인,coupon_name+order_coupon_name+coupon_code+order_coupon_no+order_product_coupon_name+order_product_coupon_no+product_coupon_type_no,77,76,130,8291279,1266080,107678.94805194806
2024-09-18,FAMILY,쿠폰 미사용,쿠폰 미사용,coupon_name+order_coupon_name+coupon_code+order_coupon_no+order_product_coupon_name+order_product_coupon_no+product_coupon_type_no,48,48,65,2083030,0,43396.458333333336
2024-09-18,SILVER,쿠폰 사용,쿠폰명 미확인,coupon_name+order_coupon_name+coupon_code+order_coupon_no+order_product_coupon_name+order_product_coupon_no+product_coupon_type_no,3,3,3,454350,111600,151450.0
2024-09-18,SILVER,쿠폰 미사용,쿠폰 미사용,coupon_name+order_coupon_name+coupon_code+order_coupon_no+order_product_coupon_name+order_product_coupon_no+product_coupon_type_no,1,1,2,158830,0,158830.0
2024-09-19,FAMILY,쿠폰 사용,쿠폰명 미확인,coupon_name+order_coupon_name+coupon_code+order_coupon_no+order_product_coupon_name+order_product_coupon_no+product_coupon_type_no,25,25,31,2120660,440600,84826.4
2024-09-19,FAMILY,쿠폰 미사용,쿠폰 미사용,coupon_name+order_coupon_name+coupon_code+order_coupon_no+order_product_coupon_name+order_product_coupon_no+product_coupon_type_no,31,31,37,1344569,0,43373.1935483871
2024-09-19,GOLD,쿠폰 사용,쿠폰명 미확인,coupon_name+order_coupon_name+coupon_code+order_coupon_no+order_product_coupon_name+order_product_coupon_no+product_coupon_type_no,1,1,1,127000,10000,127000.0
2024-09-19,SILVER,쿠폰 미사용,쿠폰 미사용,coupon_name+order_coupon_name+coupon_code+order_coupon_no+order_product_coupon_name+order_product_coupon_no+product_coupon_type_no,2,2,2,112350,0,56175.0
2024-09-20,FAMILY,쿠폰 사용,쿠폰명 미확인,coupon_name+order_coupon_name+coupon_code+order_coupon_no+order_product_coupon_name+order_product_coupon_no+product_coupon_type_no,30,30,37,2853820,469930,95127.33333333333
2024-09-20,FAMILY,쿠폰 미사용,쿠폰 미사용,coupon_name+order_coupon_name+coupon_code+order_coupon_no+order_product_coupon_name+order_product_coupon_no+product_coupon_type_no,39,39,57,2623230,0,67262.30769230769
2024-09-20,GOLD,쿠폰 미사용,쿠폰 미사용,coupon_name+order_coupon_name+coupon_code+order_coupon_no+order_product_coupon_name+order_product_coupon_no+product_coupon_type_no,1,1,2,119040,0,119040.0
2024-09-20,GOLD,쿠폰 사용,쿠폰명 미확인,coupon_name+order_coupon_name+coupon_code+order_coupon_no+order_product_coupon_name+order_product_coupon_no+product_coupon_type_no,1,1,1,102000,33800,102000.0
2024-09-20,SILVER,쿠폰 미사용,쿠폰 미사용,coupon_name+order_coupon_name+coupon_code+order_coupon_no+order_product_coupon_name+order_product_coupon_no+product_coupon_type_no,1,1,1,59490,0,59490.0
2024-09-20,TITANIUM,쿠폰 미사용,쿠폰 미사용,coupon_name+order_coupon_name+coupon_code+order_coupon_no+order_product_coupon_name+order_product_coupon_no+product_coupon_type_no,1,1,1,42660,0,42660.0
2024-09-21,FAMILY,쿠폰 사용,쿠폰명 미확인,coupon_name+order_coupon_name+coupon_code+order_coupon_no+order_product_coupon_name+order_product_coupon_no+product_coupon_type_no,28,28,42,2882420,870690,102943.57142857143
2024-09-21,FAMILY,쿠폰 미사용,쿠폰 미사용,coupon_name+order_coupon_name+coupon_code+order_coupon_no+order_product_coupon_name+order_product_coupon_no+product_coupon_type_no,39,39,51,2344950,0,60126.92307692308
2024-09-21,GOLD,쿠폰 미사용,쿠폰 미사용,coupon_name+order_coupon_name+coupon_code+order_coupon_no+order_product_coupon_name+order_product_coupon_no+product_coupon_type_no,1,1,2,57000,0,57000.0
2024-09-21,GOLD,쿠폰 사용,쿠폰명 미확인,coupon_name+order_coupon_name+coupon_code+order_coupon_no+order_product_coupon_name+order_product_coupon_no+product_coupon_type_no,1,1,2,34170,14000,34170.0
2024-09-21,SILVER,쿠폰 미사용,쿠폰 미사용,coupon_name+order_coupon_name+coupon_code+order_coupon_no+order_product_coupon_name+order_product_coupon_no+product_coupon_type_no,3,3,3,421890,0,140630.0
2024-09-22,FAMILY,쿠폰 미사용,쿠폰 미사용,coupon_name+order_coupon_name+coupon_code+order_coupon_no+order_product_coupon_name+order_product_coupon_no+product_coupon_type_no,571,569,745,25087985,0,43936.926444833625
2024-09-22,FAMILY,쿠폰 사용,쿠폰명 미확인,coupon_name+order_coupon_name+coupon_code+order_coupon_no+order_product_coupon_name+order_product_coupon_no+product_coupon_type_no,74,73,84,5782048,1005340,78135.78378378379
2024-09-22,GOLD,쿠폰 미사용,쿠폰 미사용,coupon_name+order_coupon_name+coupon_code+order_coupon_no+order_product_coupon_name+order_product_coupon_no+product_coupon_type_no,2,2,2,106370,0,53185.0
2024-09-22,SILVER,쿠폰 미사용,쿠폰 미사용,coupon_name+order_coupon_name+coupon_code+order_coupon_no+order_product_coupon_name+order_product_coupon_no+product_coupon_type_no,8,8,9,447310,0,55913.75
2024-09-22,SILVER,쿠폰 사용,쿠폰명 미확인,coupon_name+order_coupon_name+coupon_code+order_coupon_no+order_product_coupon_name+order_product_coupon_no+product_coupon_type_no,1,1,4,15200,8000,15200.0
2024-09-23,FAMILY,쿠폰 사용,쿠폰명 미확인,coupon_name+order_coupon_name+coupon_code+order_coupon_no+order_product_coupon_name+order_product_coupon_no+product_coupon_type_no,32,31,43,3464440,855040,108263.75
2024-09-23,FAMILY,쿠폰 미사용,쿠폰 미사용,coupon_name+order_coupon_name+coupon_code+order_coupon_no+order_product_coupon_name+order_product_coupon_no+product_coupon_type_no,19,19,19,1219670,0,64193.15789473684
2024-09-23,SILVER,쿠폰 미사용,쿠폰 미사용,coupon_name+order_coupon_name+coupon_code+order_coupon_no+order_product_coupon_name+order_product_coupon_no+product_coupon_type_no,2,2,2,251500,0,125750.0
2024-09-23,SILVER,쿠폰 사용,쿠폰명 미확인,coupon_name+order_coupon_name+coupon_code+order_coupon_no+order_product_coupon_name+order_product_coupon_no+product_coupon_type_no,1,1,1,39500,39500,39500.0
2024-09-24,FAMILY,쿠폰 사용,쿠폰명 미확인,coupon_name+order_coupon_name+coupon_code+order_coupon_no+order_product_coupon_name+order_product_coupon_no+product_coupon_type_no,34,34,44,3720900,688900,109438.23529411765
2024-09-24,FAMILY,쿠폰 미사용,쿠폰 미사용,coupon_name+order_coupon_name+coupon_code+order_coupon_no+order_product_coupon_name+order_product_coupon_no+product_coupon_type_no,11,11,16,1099130,0,99920.90909090909
2024-09-24,GOLD,쿠폰 미사용,쿠폰 미사용,coupon_name+order_coupon_name+coupon_code+order_coupon_no+order_product_coupon_name+order_product_coupon_no+product_coupon_type_no,1,1,1,139000,0,139000.0
2024-09-24,SILVER,쿠폰 미사용,쿠폰 미사용,coupon_name+order_coupon_name+coupon_code+order_coupon_no+order_product_coupon_name+order_product_coupon_no+product_coupon_type_no,2,2,2,127020,0,63510.0
2024-09-24,SILVER,쿠폰 사용,쿠폰명 미확인,coupon_name+order_coupon_name+coupon_code+order_coupon_no+order_product_coupon_name+order_product_coupon_no+product_coupon_type_no,1,1,1,44000,11000,44000.0
2024-09-25,FAMILY,쿠폰 사용,쿠폰명 미확인,coupon_name+order_coupon_name+coupon_code+order_coupon_no+order_product_coupon_name+order_product_coupon_no+product_coupon_type_no,33,33,38,2517560,435650,76289.69696969698
2024-09-25,FAMILY,쿠폰 미사용,쿠폰 미사용,coupon_name+order_coupon_name+coupon_code+order_coupon_no+order_product_coupon_name+order_product_coupon_no+product_coupon_type_no,7,7,9,521669,0,74524.14285714286
2024-09-25,SILVER,쿠폰 미사용,쿠폰 미사용,coupon_name+order_coupon_name+coupon_code+order_coupon_no+order_product_coupon_name+order_product_coupon_no+product_coupon_type_no,3,3,3,224860,0,74953.33333333333
2024-09-25,SILVER,쿠폰 사용,쿠폰명 미확인,coupon_name+order_coupon_name+coupon_code+order_coupon_no+order_product_coupon_name+order_product_coupon_no+product_coupon_type_no,1,1,1,73000,10000,73000.0
2024-09-26,FAMILY,쿠폰 사용,쿠폰명 미확인,coupon_name+order_coupon_name+coupon_code+order_coupon_no+order_product_coupon_name+order_product_coupon_no+product_coupon_type_no,27,27,37,2679430,609270,99238.14814814815
2024-09-26,FAMILY,쿠폰 미사용,쿠폰 미사용,coupon_name+order_coupon_name+coupon_code+order_coupon_no+order_product_coupon_name+order_product_coupon_no+product_coupon_type_no,11,11,16,762810,0,69346.36363636363
2024-09-26,SILVER,쿠폰 사용,쿠폰명 미확인,coupon_name+order_coupon_name+coupon_code+order_coupon_no+order_product_coupon_name+order_product_coupon_no+product_coupon_type_no,1,1,1,65370,10000,65370.0
2024-09-27,FAMILY,쿠폰 사용,쿠폰명 미확인,coupon_name+order_coupon_name+coupon_code+order_coupon_no+order_product_coupon_name+order_product_coupon_no+product_coupon_type_no,26,26,33,3324199,726960,127853.80769230769
2024-09-27,FAMILY,쿠폰 미사용,쿠폰 미사용,coupon_name+order_coupon_name+coupon_code+order_coupon_no+order_product_coupon_name+order_product_coupon_no+product_coupon_type_no,12,11,19,1591510,0,132625.83333333334
2024-09-27,GOLD,쿠폰 사용,쿠폰명 미확인,coupon_name+order_coupon_name+coupon_code+order_coupon_no+order_product_coupon_name+order_product_coupon_no+product_coupon_type_no,1,1,1,43510,11800,43510.0
2024-09-27,SILVER,쿠폰 미사용,쿠폰 미사용,coupon_name+order_coupon_name+coupon_code+order_coupon_no+order_product_coupon_name+order_product_coupon_no+product_coupon_type_no,1,1,1,229620,0,229620.0
2024-09-27,SILVER,쿠폰 사용,쿠폰명 미확인,coupon_name+order_coupon_name+coupon_code+order_coupon_no+order_product_coupon_name+order_product_coupon_no+product_coupon_type_no,2,2,4,210600,151400,105300.0
2024-09-28,FAMILY,쿠폰 사용,쿠폰명 미확인,coupon_name+order_coupon_name+coupon_code+order_coupon_no+order_product_coupon_name+order_product_coupon_no+product_coupon_type_no,24,24,25,2479500,362860,103312.5
2024-09-28,FAMILY,쿠폰 미사용,쿠폰 미사용,coupon_name+order_coupon_name+coupon_code+order_coupon_no+order_product_coupon_name+order_product_coupon_no+product_coupon_type_no,8,7,10,1338710,0,167338.75
2024-09-28,SILVER,쿠폰 사용,쿠폰명 미확인,coupon_name+order_coupon_name+coupon_code+order_coupon_no+order_product_coupon_name+order_product_coupon_no+product_coupon_type_no,2,2,2,190580,41800,95290.0
2024-09-28,SILVER,쿠폰 미사용,쿠폰 미사용,coupon_name+order_coupon_name+coupon_code+order_coupon_no+order_product_coupon_name+order_product_coupon_no+product_coupon_type_no,1,1,1,136080,0,136080.0
2024-09-29,FAMILY,쿠폰 사용,쿠폰명 미확인,coupon_name+order_coupon_name+coupon_code+order_coupon_no+order_product_coupon_name+order_product_coupon_no+product_coupon_type_no,29,29,32,2941880,432300,101444.13793103448
2024-09-29,FAMILY,쿠폰 미사용,쿠폰 미사용,coupon_name+order_coupon_name+coupon_code+order_coupon_no+order_product_coupon_name+order_product_coupon_no+product_coupon_type_no,9,9,16,838949,0,93216.55555555556
2024-09-30,FAMILY,쿠폰 사용,쿠폰명 미확인,coupon_name+order_coupon_name+coupon_code+order_coupon_no+order_product_coupon_name+order_product_coupon_no+product_coupon_type_no,61,61,79,6698190,1311890,109806.39344262295
2024-09-30,FAMILY,쿠폰 미사용,쿠폰 미사용,coupon_name+order_coupon_name+coupon_code+order_coupon_no+order_product_coupon_name+order_product_coupon_no+product_coupon_type_no,31,29,37,3342460,0,107821.29032258065
2024-09-30,SILVER,쿠폰 미사용,쿠폰 미사용,coupon_name+order_coupon_name+coupon_code+order_coupon_no+order_product_coupon_name+order_product_coupon_no+product_coupon_type_no,1,1,1,119000,0,119000.0
2024-09-30,SILVER,쿠폰 사용,쿠폰명 미확인,coupon_name+order_coupon_name+coupon_code+order_coupon_no+order_product_coupon_name+order_product_coupon_no+product_coupon_type_no,1,1,1,92440,23800,92440.0
2024-10-01,FAMILY,쿠폰 사용,쿠폰명 미확인,coupon_name+order_coupon_name+coupon_code+order_coupon_no+order_product_coupon_name+order_product_coupon_no+product_coupon_type_no,69,69,92,8713730,1358130,126285.9420289855
2024-10-01,FAMILY,쿠폰 미사용,쿠폰 미사용,coupon_name+order_coupon_name+coupon_code+order_coupon_no+order_product_coupon_name+order_product_coupon_no+product_coupon_type_no,16,16,20,1889879,0,118117.4375
2024-10-01,SILVER,쿠폰 미사용,쿠폰 미사용,coupon_name+order_coupon_name+coupon_code+order_coupon_no+order_product_coupon_name+order_product_coupon_no+product_coupon_type_no,4,4,6,598870,0,149717.5
2024-10-01,SILVER,쿠폰 사용,쿠폰명 미확인,coupon_name+order_coupon_name+coupon_code+order_coupon_no+order_product_coupon_name+order_product_coupon_no+product_coupon_type_no,2,1,2,164000,108000,82000.0
2024-10-02,FAMILY,쿠폰 사용,쿠폰명 미확인,coupon_name+order_coupon_name+coupon_code+order_coupon_no+order_product_coupon_name+order_product_coupon_no+product_coupon_type_no,28,28,50,4082950,1126580,145819.64285714287
2024-10-02,FAMILY,쿠폰 미사용,쿠폰 미사용,coupon_name+order_coupon_name+coupon_code+order_coupon_no+order_product_coupon_name+order_product_coupon_no+product_coupon_type_no,26,26,37,3865600,0,148676.92307692306
2024-10-02,SILVER,쿠폰 사용,쿠폰명 미확인,coupon_name+order_coupon_name+coupon_code+order_coupon_no+order_product_coupon_name+order_product_coupon_no+product_coupon_type_no,3,3,4,524680,486500,174893.33333333334
2024-10-02,SILVER,쿠폰 미사용,쿠폰 미사용,coupon_name+order_coupon_name+coupon_code+order_coupon_no+order_product_coupon_name+order_product_coupon_no+product_coupon_type_no,2,2,3,122500,0,61250.0
2024-10-02,TITANIUM,쿠폰 미사용,쿠폰 미사용,coupon_name+order_coupon_name+coupon_code+order_coupon_no+order_product_coupon_name+order_product_coupon_no+product_coupon_type_no,1,1,2,138000,0,138000.0
2024-10-03,FAMILY,쿠폰 사용,쿠폰명 미확인,coupon_name+order_coupon_name+coupon_code+order_coupon_no+order_product_coupon_name+order_product_coupon_no+product_coupon_type_no,40,39,45,4409129,1365330,110228.225
2024-10-03,FAMILY,쿠폰 미사용,쿠폰 미사용,coupon_name+order_coupon_name+coupon_code+order_coupon_no+order_product_coupon_name+order_product_coupon_no+product_coupon_type_no,20,20,35,2962480,0,148124.0
2024-10-03,GOLD,쿠폰 사용,쿠폰명 미확인,coupon_name+order_coupon_name+coupon_code+order_coupon_no+order_product_coupon_name+order_product_coupon_no+product_coupon_type_no,1,1,1,38300,10000,38300.0
2024-10-03,SILVER,쿠폰 미사용,쿠폰 미사용,coupon_name+order_coupon_name+coupon_code+order_coupon_no+order_product_coupon_name+order_product_coupon_no+product_coupon_type_no,3,3,4,424800,0,141600.0
2024-10-04,FAMILY,쿠폰 미사용,쿠폰 미사용,coupon_name+order_coupon_name+coupon_code+order_coupon_no+order_product_coupon_name+order_product_coupon_no+product_coupon_type_no,20,20,29,2988400,0,149420.0
2024-10-04,FAMILY,쿠폰 사용,쿠폰명 미확인,coupon_name+order_coupon_name+coupon_code+order_coupon_no+order_product_coupon_name+order_product_coupon_no+product_coupon_type_no,24,24,30,2687699,403600,111987.45833333333
2024-10-04,SILVER,쿠폰 사용,쿠폰명 미확인,coupon_name+order_coupon_name+coupon_code+order_coupon_no+order_product_coupon_name+order_product_coupon_no+product_coupon_type_no,1,1,1,104349,10000,104349.0
2024-10-04,TITANIUM,쿠폰 미사용,쿠폰 미사용,coupon_name+order_coupon_name+coupon_code+order_coupon_no+order_product_coupon_name+order_product_coupon_no+product_coupon_type_no,1,1,2,478000,0,478000.0
2024-10-05,FAMILY,쿠폰 사용,쿠폰명 미확인,coupon_name+order_coupon_name+coupon_code+order_coupon_no+order_product_coupon_name+order_product_coupon_no+product_coupon_type_no,42,42,48,4475889,688550,106568.78571428571
2024-10-05,FAMILY,쿠폰 미사용,쿠폰 미사용,coupon_name+order_coupon_name+coupon_code+order_coupon_no+order_product_coupon_name+order_product_coupon_no+product_coupon_type_no,10,10,16,911829,0,91182.9
2024-10-05,GOLD,쿠폰 사용,쿠폰명 미확인,coupon_name+order_coupon_name+coupon_code+order_coupon_no+order_product_coupon_name+order_product_coupon_no+product_coupon_type_no,1,1,1,63200,15800,63200.0
2024-10-05,SILVER,쿠폰 미사용,쿠폰 미사용,coupon_name+order_coupon_name+coupon_code+order_coupon_no+order_product_coupon_name+order_product_coupon_no+product_coupon_type_no,4,4,11,973950,0,243487.5
2024-10-05,SILVER,쿠폰 사용,쿠폰명 미확인,coupon_name+order_coupon_name+coupon_code+order_coupon_no+order_product_coupon_name+order_product_coupon_no+product_coupon_type_no,1,1,1,74700,8300,74700.0
2024-10-06,FAMILY,쿠폰 사용,쿠폰명 미확인,coupon_name+order_coupon_name+coupon_code+order_coupon_no+order_product_coupon_name+order_product_coupon_no+product_coupon_type_no,48,48,56,5367480,934820,111822.5
2024-10-06,FAMILY,쿠폰 미사용,쿠폰 미사용,coupon_name+order_coupon_name+coupon_code+order_coupon_no+order_product_coupon_name+order_product_coupon_no+product_coupon_type_no,16,16,29,2364080,0,147755.0
2024-10-06,GOLD,쿠폰 미사용,쿠폰 미사용,coupon_name+order_coupon_name+coupon_code+order_coupon_no+order_product_coupon_name+order_product_coupon_no+product_coupon_type_no,1,1,1,83000,0,83000.0
2024-10-07,FAMILY,쿠폰 사용,쿠폰명 미확인,coupon_name+order_coupon_name+coupon_code+order_coupon_no+order_product_coupon_name+order_product_coupon_no+product_coupon_type_no,37,37,49,3677570,717870,99393.78378378379
2024-10-07,FAMILY,쿠폰 미사용,쿠폰 미사용,coupon_name+order_coupon_name+coupon_code+order_coupon_no+order_product_coupon_name+order_product_coupon_no+product_coupon_type_no,19,19,23,2098320,0,110437.8947368421
2024-10-07,GOLD,쿠폰 미사용,쿠폰 미사용,coupon_name+order_coupon_name+coupon_code+order_coupon_no+order_product_coupon_name+order_product_coupon_no+product_coupon_type_no,1,1,1,139000,0,139000.0
2024-10-07,SILVER,쿠폰 사용,쿠폰명 미확인,coupon_name+order_coupon_name+coupon_code+order_coupon_no+order_product_coupon_name+order_product_coupon_no+product_coupon_type_no,2,2,4,235500,59200,117750.0
2024-10-08,FAMILY,쿠폰 미사용,쿠폰 미사용,coupon_name+order_coupon_name+coupon_code+order_coupon_no+order_product_coupon_name+order_product_coupon_no+product_coupon_type_no,29,28,50,4246350,0,146425.8620689655
2024-10-08,FAMILY,쿠폰 사용,쿠폰명 미확인,coupon_name+order_coupon_name+coupon_code+order_coupon_no+order_product_coupon_name+order_product_coupon_no+product_coupon_type_no,28,28,36,3650939,608490,130390.67857142857
2024-10-08,SILVER,쿠폰 사용,쿠폰명 미확인,coupon_name+order_coupon_name+coupon_code+order_coupon_no+order_product_coupon_name+order_product_coupon_no+product_coupon_type_no,1,1,3,243610,32290,243610.0
2024-10-09,FAMILY,쿠폰 사용,쿠폰명 미확인,coupon_name+order_coupon_name+coupon_code+order_coupon_no+order_product_coupon_name+order_product_coupon_no+product_coupon_type_no,37,37,43,3604549,801880,97420.24324324324
2024-10-09,FAMILY,쿠폰 미사용,쿠폰 미사용,coupon_name+order_coupon_name+coupon_code+order_coupon_no+order_product_coupon_name+order_product_coupon_no+product_coupon_type_no,18,18,19,1760010,0,97778.33333333333
2024-10-09,GOLD,쿠폰 미사용,쿠폰 미사용,coupon_name+order_coupon_name+coupon_code+order_coupon_no+order_product_coupon_name+order_product_coupon_no+product_coupon_type_no,1,1,1,126110,0,126110.0
2024-10-09,SILVER,쿠폰 사용,쿠폰명 미확인,coupon_name+order_coupon_name+coupon_code+order_coupon_no+order_product_coupon_name+order_product_coupon_no+product_coupon_type_no,2,1,8,256000,256000,128000.0
2024-10-10,FAMILY,쿠폰 미사용,쿠폰 미사용,coupon_name+order_coupon_name+coupon_code+order_coupon_no+order_product_coupon_name+order_product_coupon_no+product_coupon_type_no,39,39,46,4976560,0,127604.10256410256
2024-10-10,FAMILY,쿠폰 사용,쿠폰명 미확인,coupon_name+order_coupon_name+coupon_code+order_coupon_no+order_product_coupon_name+order_product_coupon_no+product_coupon_type_no,27,27,37,3240140,606950,120005.18518518518
2024-10-10,SILVER,쿠폰 미사용,쿠폰 미사용,coupon_name+order_coupon_name+coupon_code+order_coupon_no+order_product_coupon_name+order_product_coupon_no+product_coupon_type_no,1,1,1,99000,0,99000.0
2024-10-11,FAMILY,쿠폰 사용,쿠폰명 미확인,coupon_name+order_coupon_name+coupon_code+order_coupon_no+order_product_coupon_name+order_product_coupon_no+product_coupon_type_no,34,32,69,5225360,2243840,153687.0588235294
2024-10-11,FAMILY,쿠폰 미사용,쿠폰 미사용,coupon_name+order_coupon_name+coupon_code+order_coupon_no+order_product_coupon_name+order_product_coupon_no+product_coupon_type_no,20,19,22,2255500,0,112775.0
2024-10-11,SILVER,쿠폰 사용,쿠폰명 미확인,coupon_name+order_coupon_name+coupon_code+order_coupon_no+order_product_coupon_name+order_product_coupon_no+product_coupon_type_no,1,1,3,239400,57600,239400.0
2024-10-12,FAMILY,쿠폰 사용,쿠폰명 미확인,coupon_name+order_coupon_name+coupon_code+order_coupon_no+order_product_coupon_name+order_product_coupon_no+product_coupon_type_no,34,34,44,4670929,1028680,137380.26470588235
2024-10-12,FAMILY,쿠폰 미사용,쿠폰 미사용,coupon_name+order_coupon_name+coupon_code+order_coupon_no+order_product_coupon_name+order_product_coupon_no+product_coupon_type_no,21,21,30,2423850,0,115421.42857142857
2024-10-12,GOLD,쿠폰 사용,쿠폰명 미확인,coupon_name+order_coupon_name+coupon_code+order_coupon_no+order_product_coupon_name+order_product_coupon_no+product_coupon_type_no,1,1,2,272140,69600,272140.0
2024-10-12,GOLD,쿠폰 미사용,쿠폰 미사용,coupon_name+order_coupon_name+coupon_code+order_coupon_no+order_product_coupon_name+order_product_coupon_no+product_coupon_type_no,1,1,5,109300,0,109300.0
2024-10-12,SILVER,쿠폰 사용,쿠폰명 미확인,coupon_name+order_coupon_name+coupon_code+order_coupon_no+order_product_coupon_name+order_product_coupon_no+product_coupon_type_no,1,1,2,50400,5600,50400.0
2024-10-13,FAMILY,쿠폰 사용,쿠폰명 미확인,coupon_name+order_coupon_name+coupon_code+order_coupon_no+order_product_coupon_name+order_product_coupon_no+product_coupon_type_no,35,35,38,4788140,986740,136804.0
2024-10-13,FAMILY,쿠폰 미사용,쿠폰 미사용,coupon_name+order_coupon_name+coupon_code+order_coupon_no+order_product_coupon_name+order_product_coupon_no+product_coupon_type_no,21,21,30,2573330,0,122539.52380952382
2024-10-13,GOLD,쿠폰 미사용,쿠폰 미사용,coupon_name+order_coupon_name+coupon_code+order_coupon_no+order_product_coupon_name+order_product_coupon_no+product_coupon_type_no,2,1,2,110400,0,55200.0
2024-10-13,SILVER,쿠폰 미사용,쿠폰 미사용,coupon_name+order_coupon_name+coupon_code+order_coupon_no+order_product_coupon_name+order_product_coupon_no+product_coupon_type_no,1,1,2,196000,0,196000.0
2024-10-14,FAMILY,쿠폰 사용,쿠폰명 미확인,coupon_name+order_coupon_name+coupon_code+order_coupon_no+order_product_coupon_name+order_product_coupon_no+product_coupon_type_no,39,36,74,6378929,1766040,163562.28205128206
2024-10-14,FAMILY,쿠폰 미사용,쿠폰 미사용,coupon_name+order_coupon_name+coupon_code+order_coupon_no+order_product_coupon_name+order_product_coupon_no+product_coupon_type_no,11,11,13,1051970,0,95633.63636363637
2024-10-14,SILVER,쿠폰 미사용,쿠폰 미사용,coupon_name+order_coupon_name+coupon_code+order_coupon_no+order_product_coupon_name+order_product_coupon_no+product_coupon_type_no,2,2,4,157980,0,78990.0
2024-10-15,FAMILY,쿠폰 사용,쿠폰명 미확인,coupon_name+order_coupon_name+coupon_code+order_coupon_no+order_product_coupon_name+order_product_coupon_no+product_coupon_type_no,28,28,42,4008080,564410,143145.7142857143
2024-10-15,FAMILY,쿠폰 미사용,쿠폰 미사용,coupon_name+order_coupon_name+coupon_code+order_coupon_no+order_product_coupon_name+order_product_coupon_no+product_coupon_type_no,29,28,34,2407910,0,83031.37931034483
2024-10-15,GOLD,쿠폰 사용,쿠폰명 미확인,coupon_name+order_coupon_name+coupon_code+order_coupon_no+order_product_coupon_name+order_product_coupon_no+product_coupon_type_no,1,1,1,14500,10000,14500.0
2024-10-15,SILVER,쿠폰 사용,쿠폰명 미확인,coupon_name+order_coupon_name+coupon_code+order_coupon_no+order_product_coupon_name+order_product_coupon_no+product_coupon_type_no,1,1,2,295470,77600,295470.0
2024-10-15,SILVER,쿠폰 미사용,쿠폰 미사용,coupon_name+order_coupon_name+coupon_code+order_coupon_no+order_product_coupon_name+order_product_coupon_no+product_coupon_type_no,1,1,2,228850,0,228850.0
2024-10-16,FAMILY,쿠폰 사용,쿠폰명 미확인,coupon_name+order_coupon_name+coupon_code+order_coupon_no+order_product_coupon_name+order_product_coupon_no+product_coupon_type_no,69,68,91,5652909,1485340,81926.21739130435
2024-10-16,FAMILY,쿠폰 미사용,쿠폰 미사용,coupon_name+order_coupon_name+coupon_code+order_coupon_no+order_product_coupon_name+order_product_coupon_no+product_coupon_type_no,7,7,10,985000,0,140714.2857142857
2024-10-16,SILVER,쿠폰 사용,쿠폰명 미확인,coupon_name+order_coupon_name+coupon_code+order_coupon_no+order_product_coupon_name+order_product_coupon_no+product_coupon_type_no,5,5,6,465730,61330,93146.0
2024-10-16,SILVER,쿠폰 미사용,쿠폰 미사용,coupon_name+order_coupon_name+coupon_code+order_coupon_no+order_product_coupon_name+order_product_coupon_no+product_coupon_type_no,2,2,2,104000,0,52000.0
2024-10-17,FAMILY,쿠폰 사용,쿠폰명 미확인,coupon_name+order_coupon_name+coupon_code+order_coupon_no+order_product_coupon_name+order_product_coupon_no+product_coupon_type_no,39,39,63,5129760,1003900,131532.3076923077
2024-10-17,FAMILY,쿠폰 미사용,쿠폰 미사용,coupon_name+order_coupon_name+coupon_code+order_coupon_no+order_product_coupon_name+order_product_coupon_no+product_coupon_type_no,22,22,23,1565990,0,71181.36363636363
2024-10-17,SILVER,쿠폰 사용,쿠폰명 미확인,coupon_name+order_coupon_name+coupon_code+order_coupon_no+order_product_coupon_name+order_product_coupon_no+product_coupon_type_no,2,2,2,290800,34200,145400.0
2024-10-17,SILVER,쿠폰 미사용,쿠폰 미사용,coupon_name+order_coupon_name+coupon_code+order_coupon_no+order_product_coupon_name+order_product_coupon_no+product_coupon_type_no,1,1,1,89000,0,89000.0
2024-10-18,FAMILY,쿠폰 사용,쿠폰명 미확인,coupon_name+order_coupon_name+coupon_code+order_coupon_no+order_product_coupon_name+order_product_coupon_no+product_coupon_type_no,41,41,48,4029950,652120,98291.46341463414
2024-10-18,FAMILY,쿠폰 미사용,쿠폰 미사용,coupon_name+order_coupon_name+coupon_code+order_coupon_no+order_product_coupon_name+order_product_coupon_no+product_coupon_type_no,13,13,21,1758200,0,135246.15384615384
2024-10-18,SILVER,쿠폰 미사용,쿠폰 미사용,coupon_name+order_coupon_name+coupon_code+order_coupon_no+order_product_coupon_name+order_product_coupon_no+product_coupon_type_no,1,1,1,17000,0,17000.0
2024-10-19,FAMILY,쿠폰 사용,쿠폰명 미확인,coupon_name+order_coupon_name+coupon_code+order_coupon_no+order_product_coupon_name+order_product_coupon_no+product_coupon_type_no,34,33,58,4758190,1079550,139946.76470588235
2024-10-19,FAMILY,쿠폰 미사용,쿠폰 미사용,coupon_name+order_coupon_name+coupon_code+order_coupon_no+order_product_coupon_name+order_product_coupon_no+product_coupon_type_no,19,19,27,1082960,0,56997.89473684211
2024-10-19,GOLD,쿠폰 미사용,쿠폰 미사용,coupon_name+order_coupon_name+coupon_code+order_coupon_no+order_product_coupon_name+order_product_coupon_no+product_coupon_type_no,1,1,1,25000,0,25000.0
2024-10-19,SILVER,쿠폰 사용,쿠폰명 미확인,coupon_name+order_coupon_name+coupon_code+order_coupon_no+order_product_coupon_name+order_product_coupon_no+product_coupon_type_no,3,3,3,600480,174520,200160.0
2024-10-20,FAMILY,쿠폰 사용,쿠폰명 미확인,coupon_name+order_coupon_name+coupon_code+order_coupon_no+order_product_coupon_name+order_product_coupon_no+product_coupon_type_no,55,55,72,6086909,943940,110671.07272727272
2024-10-20,FAMILY,쿠폰 미사용,쿠폰 미사용,coupon_name+order_coupon_name+coupon_code+order_coupon_no+order_product_coupon_name+order_product_coupon_no+product_coupon_type_no,20,20,25,2430290,0,121514.5
2024-10-20,GOLD,쿠폰 사용,쿠폰명 미확인,coupon_name+order_coupon_name+coupon_code+order_coupon_no+order_product_coupon_name+order_product_coupon_no+product_coupon_type_no,1,1,1,119200,29800,119200.0
2024-10-20,SILVER,쿠폰 사용,쿠폰명 미확인,coupon_name+order_coupon_name+coupon_code+order_coupon_no+order_product_coupon_name+order_product_coupon_no+product_coupon_type_no,4,3,6,686520,92130,171630.0
2024-10-20,SILVER,쿠폰 미사용,쿠폰 미사용,coupon_name+order_coupon_name+coupon_code+order_coupon_no+order_product_coupon_name+order_product_coupon_no+product_coupon_type_no,3,3,3,255090,0,85030.0
2024-10-21,FAMILY,쿠폰 사용,쿠폰명 미확인,coupon_name+order_coupon_name+coupon_code+order_coupon_no+order_product_coupon_name+order_product_coupon_no+product_coupon_type_no,41,41,54,4274170,1355030,104248.0487804878
2024-10-21,FAMILY,쿠폰 미사용,쿠폰 미사용,coupon_name+order_coupon_name+coupon_code+order_coupon_no+order_product_coupon_name+order_product_coupon_no+product_coupon_type_no,17,17,19,2088100,0,122829.41176470589
2024-10-21,GOLD,쿠폰 미사용,쿠폰 미사용,coupon_name+order_coupon_name+coupon_code+order_coupon_no+order_product_coupon_name+order_product_coupon_no+product_coupon_type_no,1,1,1,21300,0,21300.0
2024-10-21,SILVER,쿠폰 미사용,쿠폰 미사용,coupon_name+order_coupon_name+coupon_code+order_coupon_no+order_product_coupon_name+order_product_coupon_no+product_coupon_type_no,2,2,4,226350,0,113175.0
2024-10-21,SILVER,쿠폰 사용,쿠폰명 미확인,coupon_name+order_coupon_name+coupon_code+order_coupon_no+order_product_coupon_name+order_product_coupon_no+product_coupon_type_no,1,1,1,100420,25800,100420.0
2024-10-22,FAMILY,쿠폰 사용,쿠폰명 미확인,coupon_name+order_coupon_name+coupon_code+order_coupon_no+order_product_coupon_name+order_product_coupon_no+product_coupon_type_no,30,30,38,2756080,664270,91869.33333333333
2024-10-22,FAMILY,쿠폰 미사용,쿠폰 미사용,coupon_name+order_coupon_name+coupon_code+order_coupon_no+order_product_coupon_name+order_product_coupon_no+product_coupon_type_no,24,24,30,2083270,0,86802.91666666667
2024-10-22,SILVER,쿠폰 사용,쿠폰명 미확인,coupon_name+order_coupon_name+coupon_code+order_coupon_no+order_product_coupon_name+order_product_coupon_no+product_coupon_type_no,4,3,7,660260,516930,165065.0
2024-10-22,SILVER,쿠폰 미사용,쿠폰 미사용,coupon_name+order_coupon_name+coupon_code+order_coupon_no+order_product_coupon_name+order_product_coupon_no+product_coupon_type_no,1,1,1,11110,0,11110.0
2024-10-22,TITANIUM,쿠폰 미사용,쿠폰 미사용,coupon_name+order_coupon_name+coupon_code+order_coupon_no+order_product_coupon_name+order_product_coupon_no+product_coupon_type_no,1,1,2,258000,0,258000.0
2024-10-23,FAMILY,쿠폰 사용,쿠폰명 미확인,coupon_name+order_coupon_name+coupon_code+order_coupon_no+order_product_coupon_name+order_product_coupon_no+product_coupon_type_no,29,29,57,5533806,728350,190820.89655172414
2024-10-23,FAMILY,쿠폰 미사용,쿠폰 미사용,coupon_name+order_coupon_name+coupon_code+order_coupon_no+order_product_coupon_name+order_product_coupon_no+product_coupon_type_no,21,21,37,3874300,0,184490.47619047618
2024-10-23,GOLD,쿠폰 사용,쿠폰명 미확인,coupon_name+order_coupon_name+coupon_code+order_coupon_no+order_product_coupon_name+order_product_coupon_no+product_coupon_type_no,1,1,1,183200,45800,183200.0
2024-10-23,SILVER,쿠폰 미사용,쿠폰 미사용,coupon_name+order_coupon_name+coupon_code+order_coupon_no+order_product_coupon_name+order_product_coupon_no+product_coupon_type_no,1,1,4,716000,0,716000.0
2024-10-23,TITANIUM,쿠폰 사용,쿠폰명 미확인,coupon_name+order_coupon_name+coupon_code+order_coupon_no+order_product_coupon_name+order_product_coupon_no+product_coupon_type_no,1,1,1,139170,35800,139170.0
2024-10-24,FAMILY,쿠폰 사용,쿠폰명 미확인,coupon_name+order_coupon_name+coupon_code+order_coupon_no+order_product_coupon_name+order_product_coupon_no+product_coupon_type_no,40,38,53,4838990,1559370,120974.75
2024-10-24,FAMILY,쿠폰 미사용,쿠폰 미사용,coupon_name+order_coupon_name+coupon_code+order_coupon_no+order_product_coupon_name+order_product_coupon_no+product_coupon_type_no,27,27,30,2245120,0,83152.5925925926
2024-10-24,SILVER,쿠폰 사용,쿠폰명 미확인,coupon_name+order_coupon_name+coupon_code+order_coupon_no+order_product_coupon_name+order_product_coupon_no+product_coupon_type_no,2,2,3,869700,166100,434850.0
2024-10-25,FAMILY,쿠폰 사용,쿠폰명 미확인,coupon_name+order_coupon_name+coupon_code+order_coupon_no+order_product_coupon_name+order_product_coupon_no+product_coupon_type_no,29,28,44,5274500,725750,181879.3103448276
2024-10-25,FAMILY,쿠폰 미사용,쿠폰 미사용,coupon_name+order_coupon_name+coupon_code+order_coupon_no+order_product_coupon_name+order_product_coupon_no+product_coupon_type_no,18,16,21,2861120,0,158951.11111111112
2024-10-25,SILVER,쿠폰 미사용,쿠폰 미사용,coupon_name+order_coupon_name+coupon_code+order_coupon_no+order_product_coupon_name+order_product_coupon_no+product_coupon_type_no,1,1,3,477130,0,477130.0
2024-10-25,SILVER,쿠폰 사용,쿠폰명 미확인,coupon_name+order_coupon_name+coupon_code+order_coupon_no+order_product_coupon_name+order_product_coupon_no+product_coupon_type_no,1,1,2,134000,134000,134000.0
2024-10-25,TITANIUM,쿠폰 미사용,쿠폰 미사용,coupon_name+order_coupon_name+coupon_code+order_coupon_no+order_product_coupon_name+order_product_coupon_no+product_coupon_type_no,1,1,1,179000,0,179000.0
2024-10-26,FAMILY,쿠폰 사용,쿠폰명 미확인,coupon_name+order_coupon_name+coupon_code+order_coupon_no+order_product_coupon_name+order_product_coupon_no+product_coupon_type_no,31,30,40,4015440,1417440,129530.32258064517
2024-10-26,FAMILY,쿠폰 미사용,쿠폰 미사용,coupon_name+order_coupon_name+coupon_code+order_coupon_no+order_product_coupon_name+order_product_coupon_no+product_coupon_type_no,16,16,19,1741200,0,108825.0
2024-10-26,GOLD,쿠폰 사용,쿠폰명 미확인,coupon_name+order_coupon_name+coupon_code+order_coupon_no+order_product_coupon_name+order_product_coupon_no+product_coupon_type_no,1,1,1,156600,22400,156600.0
2024-10-26,SILVER,쿠폰 사용,쿠폰명 미확인,coupon_name+order_coupon_name+coupon_code+order_coupon_no+order_product_coupon_name+order_product_coupon_no+product_coupon_type_no,1,1,1,73000,10000,73000.0
2024-10-26,SILVER,쿠폰 미사용,쿠폰 미사용,coupon_name+order_coupon_name+coupon_code+order_coupon_no+order_product_coupon_name+order_product_coupon_no+product_coupon_type_no,1,1,1,10000,0,10000.0
2024-10-27,FAMILY,쿠폰 사용,쿠폰명 미확인,coupon_name+order_coupon_name+coupon_code+order_coupon_no+order_product_coupon_name+order_product_coupon_no+product_coupon_type_no,49,49,68,5770690,818460,117769.1836734694
2024-10-27,FAMILY,쿠폰 미사용,쿠폰 미사용,coupon_name+order_coupon_name+coupon_code+order_coupon_no+order_product_coupon_name+order_product_coupon_no+product_coupon_type_no,15,15,19,1392920,0,92861.33333333333
2024-10-27,GOLD,쿠폰 사용,쿠폰명 미확인,coupon_name+order_coupon_name+coupon_code+order_coupon_no+order_product_coupon_name+order_product_coupon_no+product_coupon_type_no,1,1,3,156000,19000,156000.0
2024-10-27,SILVER,쿠폰 미사용,쿠폰 미사용,coupon_name+order_coupon_name+coupon_code+order_coupon_no+order_product_coupon_name+order_product_coupon_no+product_coupon_type_no,1,1,1,204910,0,204910.0
2024-10-27,SILVER,쿠폰 사용,쿠폰명 미확인,coupon_name+order_coupon_name+coupon_code+order_coupon_no+order_product_coupon_name+order_product_coupon_no+product_coupon_type_no,1,1,1,200330,23900,200330.0
2024-10-28,FAMILY,쿠폰 사용,쿠폰명 미확인,coupon_name+order_coupon_name+coupon_code+order_coupon_no+order_product_coupon_name+order_product_coupon_no+product_coupon_type_no,47,44,74,6863770,1906390,146037.6595744681
2024-10-28,FAMILY,쿠폰 미사용,쿠폰 미사용,coupon_name+order_coupon_name+coupon_code+order_coupon_no+order_product_coupon_name+order_product_coupon_no+product_coupon_type_no,12,12,14,1340310,0,111692.5
2024-10-28,SILVER,쿠폰 사용,쿠폰명 미확인,coupon_name+order_coupon_name+coupon_code+order_coupon_no+order_product_coupon_name+order_product_coupon_no+product_coupon_type_no,1,1,1,87100,9900,87100.0
2024-10-28,SILVER,쿠폰 미사용,쿠폰 미사용,coupon_name+order_coupon_name+coupon_code+order_coupon_no+order_product_coupon_name+order_product_coupon_no+product_coupon_type_no,1,1,1,69000,0,69000.0
2024-10-29,FAMILY,쿠폰 사용,쿠폰명 미확인,coupon_name+order_coupon_name+coupon_code+order_coupon_no+order_product_coupon_name+order_product_coupon_no+product_coupon_type_no,50,50,71,9202460,2039650,184049.2
2024-10-29,FAMILY,쿠폰 미사용,쿠폰 미사용,coupon_name+order_coupon_name+coupon_code+order_coupon_no+order_product_coupon_name+order_product_coupon_no+product_coupon_type_no,8,8,8,713930,0,89241.25
2024-10-29,GOLD,쿠폰 사용,쿠폰명 미확인,coupon_name+order_coupon_name+coupon_code+order_coupon_no+order_product_coupon_name+order_product_coupon_no+product_coupon_type_no,1,1,1,151200,37800,151200.0
2024-10-29,GOLD,쿠폰 미사용,쿠폰 미사용,coupon_name+order_coupon_name+coupon_code+order_coupon_no+order_product_coupon_name+order_product_coupon_no+product_coupon_type_no,1,1,1,115040,0,115040.0
2024-10-29,SILVER,쿠폰 사용,쿠폰명 미확인,coupon_name+order_coupon_name+coupon_code+order_coupon_no+order_product_coupon_name+order_product_coupon_no+product_coupon_type_no,1,1,3,164490,20000,164490.0
2024-10-29,SILVER,쿠폰 미사용,쿠폰 미사용,coupon_name+order_coupon_name+coupon_code+order_coupon_no+order_product_coupon_name+order_product_coupon_no+product_coupon_type_no,1,1,2,91210,0,91210.0
2024-10-29,TITANIUM,쿠폰 사용,쿠폰명 미확인,coupon_name+order_coupon_name+coupon_code+order_coupon_no+order_product_coupon_name+order_product_coupon_no+product_coupon_type_no,1,1,1,169000,10000,169000.0
2024-10-30,FAMILY,쿠폰 사용,쿠폰명 미확인,coupon_name+order_coupon_name+coupon_code+order_coupon_no+order_product_coupon_name+order_product_coupon_no+product_coupon_type_no,39,39,56,4754810,1171210,121918.20512820513
2024-10-30,FAMILY,쿠폰 미사용,쿠폰 미사용,coupon_name+order_coupon_name+coupon_code+order_coupon_no+order_product_coupon_name+order_product_coupon_no+product_coupon_type_no,10,10,11,989680,0,98968.0
2024-10-30,SILVER,쿠폰 사용,쿠폰명 미확인,coupon_name+order_coupon_name+coupon_code+order_coupon_no+order_product_coupon_name+order_product_coupon_no+product_coupon_type_no,3,3,3,776210,158500,258736.66666666666
2024-10-31,FAMILY,쿠폰 사용,쿠폰명 미확인,coupon_name+order_coupon_name+coupon_code+order_coupon_no+order_product_coupon_name+order_product_coupon_no+product_coupon_type_no,54,53,67,6062550,1842010,112269.44444444444
2024-10-31,FAMILY,쿠폰 미사용,쿠폰 미사용,coupon_name+order_coupon_name+coupon_code+order_coupon_no+order_product_coupon_name+order_product_coupon_no+product_coupon_type_no,44,43,55,6054729,0,137607.47727272726
2024-10-31,GOLD,쿠폰 미사용,쿠폰 미사용,coupon_name+order_coupon_name+coupon_code+order_coupon_no+order_product_coupon_name+order_product_coupon_no+product_coupon_type_no,1,1,1,103910,0,103910.0
2024-10-31,SILVER,쿠폰 미사용,쿠폰 미사용,coupon_name+order_coupon_name+coupon_code+order_coupon_no+order_product_coupon_name+order_product_coupon_no+product_coupon_type_no,4,4,4,547860,0,136965.0
2024-10-31,SILVER,쿠폰 사용,쿠폰명 미확인,coupon_name+order_coupon_name+coupon_code+order_coupon_no+order_product_coupon_name+order_product_coupon_no+product_coupon_type_no,1,1,1,20500,2500,20500.0
2024-10-31,TITANIUM,쿠폰 미사용,쿠폰 미사용,coupon_name+order_coupon_name+coupon_code+order_coupon_no+order_product_coupon_name+order_product_coupon_no+product_coupon_type_no,1,1,1,171940,0,171940.0
2024-11-01,FAMILY,쿠폰 사용,쿠폰명 미확인,coupon_name+order_coupon_name+coupon_code+order_coupon_no+order_product_coupon_name+order_product_coupon_no+product_coupon_type_no,34,34,60,5579470,841830,164102.0588235294
2024-11-01,FAMILY,쿠폰 미사용,쿠폰 미사용,coupon_name+order_coupon_name+coupon_code+order_coupon_no+order_product_coupon_name+order_product_coupon_no+product_coupon_type_no,20,19,27,1838330,0,91916.5
2024-11-01,GOLD,쿠폰 사용,쿠폰명 미확인,coupon_name+order_coupon_name+coupon_code+order_coupon_no+order_product_coupon_name+order_product_coupon_no+product_coupon_type_no,1,1,1,119370,33800,119370.0
2024-11-01,SILVER,쿠폰 사용,쿠폰명 미확인,coupon_name+order_coupon_name+coupon_code+order_coupon_no+order_product_coupon_name+order_product_coupon_no+product_coupon_type_no,2,2,3,261860,50540,130930.0
2024-11-01,SILVER,쿠폰 미사용,쿠폰 미사용,coupon_name+order_coupon_name+coupon_code+order_coupon_no+order_product_coupon_name+order_product_coupon_no+product_coupon_type_no,3,3,5,217300,0,72433.33333333333
2024-11-02,FAMILY,쿠폰 사용,쿠폰명 미확인,coupon_name+order_coupon_name+coupon_code+order_coupon_no+order_product_coupon_name+order_product_coupon_no+product_coupon_type_no,28,28,30,3189210,455770,113900.35714285714
2024-11-02,FAMILY,쿠폰 미사용,쿠폰 미사용,coupon_name+order_coupon_name+coupon_code+order_coupon_no+order_product_coupon_name+order_product_coupon_no+product_coupon_type_no,20,19,27,2944160,0,147208.0
2024-11-02,GOLD,쿠폰 사용,쿠폰명 미확인,coupon_name+order_coupon_name+coupon_code+order_coupon_no+order_product_coupon_name+order_product_coupon_no+product_coupon_type_no,1,1,6,682650,75850,682650.0
2024-11-02,SILVER,쿠폰 사용,쿠폰명 미확인,coupon_name+order_coupon_name+coupon_code+order_coupon_no+order_product_coupon_name+order_product_coupon_no+product_coupon_type_no,1,1,3,453500,453500,453500.0
2024-11-03,FAMILY,쿠폰 사용,쿠폰명 미확인,coupon_name+order_coupon_name+coupon_code+order_coupon_no+order_product_coupon_name+order_product_coupon_no+product_coupon_type_no,54,54,71,6564660,1375970,121567.77777777778
2024-11-03,FAMILY,쿠폰 미사용,쿠폰 미사용,coupon_name+order_coupon_name+coupon_code+order_coupon_no+order_product_coupon_name+order_product_coupon_no+product_coupon_type_no,28,28,33,3449230,0,123186.78571428571
2024-11-03,GOLD,쿠폰 사용,쿠폰명 미확인,coupon_name+order_coupon_name+coupon_code+order_coupon_no+order_product_coupon_name+order_product_coupon_no+product_coupon_type_no,1,1,2,678000,169600,678000.0
2024-11-03,GOLD,쿠폰 미사용,쿠폰 미사용,coupon_name+order_coupon_name+coupon_code+order_coupon_no+order_product_coupon_name+order_product_coupon_no+product_coupon_type_no,1,1,1,53000,0,53000.0
2024-11-03,SILVER,쿠폰 미사용,쿠폰 미사용,coupon_name+order_coupon_name+coupon_code+order_coupon_no+order_product_coupon_name+order_product_coupon_no+product_coupon_type_no,6,6,8,837990,0,139665.0
2024-11-03,SILVER,쿠폰 사용,쿠폰명 미확인,coupon_name+order_coupon_name+coupon_code+order_coupon_no+order_product_coupon_name+order_product_coupon_no+product_coupon_type_no,2,2,2,123170,45130,61585.0
2024-11-03,TITANIUM,쿠폰 미사용,쿠폰 미사용,coupon_name+order_coupon_name+coupon_code+order_coupon_no+order_product_coupon_name+order_product_coupon_no+product_coupon_type_no,1,1,1,169950,0,169950.0
2024-11-04,FAMILY,쿠폰 사용,쿠폰명 미확인,coupon_name+order_coupon_name+coupon_code+order_coupon_no+order_product_coupon_name+order_product_coupon_no+product_coupon_type_no,41,41,66,5200440,1372620,126840.0
2024-11-04,FAMILY,쿠폰 미사용,쿠폰 미사용,coupon_name+order_coupon_name+coupon_code+order_coupon_no+order_product_coupon_name+order_product_coupon_no+product_coupon_type_no,27,27,32,2375180,0,87969.62962962964
2024-11-04,GOLD,쿠폰 미사용,쿠폰 미사용,coupon_name+order_coupon_name+coupon_code+order_coupon_no+order_product_coupon_name+order_product_coupon_no+product_coupon_type_no,1,1,1,115730,0,115730.0
2024-11-04,SILVER,쿠폰 미사용,쿠폰 미사용,coupon_name+order_coupon_name+coupon_code+order_coupon_no+order_product_coupon_name+order_product_coupon_no+product_coupon_type_no,2,2,8,681270,0,340635.0
2024-11-04,SILVER,쿠폰 사용,쿠폰명 미확인,coupon_name+order_coupon_name+coupon_code+order_coupon_no+order_product_coupon_name+order_product_coupon_no+product_coupon_type_no,1,1,1,141990,35800,141990.0
2024-11-05,FAMILY,쿠폰 사용,쿠폰명 미확인,coupon_name+order_coupon_name+coupon_code+order_coupon_no+order_product_coupon_name+order_product_coupon_no+product_coupon_type_no,54,54,70,7067100,1444570,130872.22222222222
2024-11-05,FAMILY,쿠폰 미사용,쿠폰 미사용,coupon_name+order_coupon_name+coupon_code+order_coupon_no+order_product_coupon_name+order_product_coupon_no+product_coupon_type_no,34,33,40,3044380,0,89540.58823529411
2024-11-05,GOLD,쿠폰 미사용,쿠폰 미사용,coupon_name+order_coupon_name+coupon_code+order_coupon_no+order_product_coupon_name+order_product_coupon_no+product_coupon_type_no,3,3,5,542970,0,180990.0
2024-11-05,SILVER,쿠폰 미사용,쿠폰 미사용,coupon_name+order_coupon_name+coupon_code+order_coupon_no+order_product_coupon_name+order_product_coupon_no+product_coupon_type_no,2,2,2,371040,0,185520.0
2024-11-05,TITANIUM,쿠폰 미사용,쿠폰 미사용,coupon_name+order_coupon_name+coupon_code+order_coupon_no+order_product_coupon_name+order_product_coupon_no+product_coupon_type_no,2,2,2,186270,0,93135.0
2024-11-05,TITANIUM,쿠폰 사용,쿠폰명 미확인,coupon_name+order_coupon_name+coupon_code+order_coupon_no+order_product_coupon_name+order_product_coupon_no+product_coupon_type_no,1,1,1,21950,3500,21950.0
2024-11-06,FAMILY,쿠폰 사용,쿠폰명 미확인,coupon_name+order_coupon_name+coupon_code+order_coupon_no+order_product_coupon_name+order_product_coupon_no+product_coupon_type_no,55,55,92,10307720,3837280,187413.0909090909
2024-11-06,FAMILY,쿠폰 미사용,쿠폰 미사용,coupon_name+order_coupon_name+coupon_code+order_coupon_no+order_product_coupon_name+order_product_coupon_no+product_coupon_type_no,26,25,33,2750640,0,105793.84615384616
2024-11-06,SILVER,쿠폰 사용,쿠폰명 미확인,coupon_name+order_coupon_name+coupon_code+order_coupon_no+order_product_coupon_name+order_product_coupon_no+product_coupon_type_no,4,3,16,1563680,979500,390920.0
2024-11-06,SILVER,쿠폰 미사용,쿠폰 미사용,coupon_name+order_coupon_name+coupon_code+order_coupon_no+order_product_coupon_name+order_product_coupon_no+product_coupon_type_no,3,3,5,310000,0,103333.33333333333
2024-11-07,FAMILY,쿠폰 미사용,쿠폰 미사용,coupon_name+order_coupon_name+coupon_code+order_coupon_no+order_product_coupon_name+order_product_coupon_no+product_coupon_type_no,32,32,42,4267639,0,133363.71875
2024-11-07,FAMILY,쿠폰 사용,쿠폰명 미확인,coupon_name+order_coupon_name+coupon_code+order_coupon_no+order_product_coupon_name+order_product_coupon_no+product_coupon_type_no,31,30,47,3879620,1241920,125149.03225806452
2024-11-07,GOLD,쿠폰 사용,쿠폰명 미확인,coupon_name+order_coupon_name+coupon_code+order_coupon_no+order_product_coupon_name+order_product_coupon_no+product_coupon_type_no,1,1,1,184720,10000,184720.0
2024-11-07,GOLD,쿠폰 미사용,쿠폰 미사용,coupon_name+order_coupon_name+coupon_code+order_coupon_no+order_product_coupon_name+order_product_coupon_no+product_coupon_type_no,1,1,1,115260,0,115260.0
2024-11-07,SILVER,쿠폰 사용,쿠폰명 미확인,coupon_name+order_coupon_name+coupon_code+order_coupon_no+order_product_coupon_name+order_product_coupon_no+product_coupon_type_no,4,4,5,883140,146260,220785.0
2024-11-07,SILVER,쿠폰 미사용,쿠폰 미사용,coupon_name+order_coupon_name+coupon_code+order_coupon_no+order_product_coupon_name+order_product_coupon_no+product_coupon_type_no,2,2,5,170780,0,85390.0
2024-11-08,FAMILY,쿠폰 사용,쿠폰명 미확인,coupon_name+order_coupon_name+coupon_code+order_coupon_no+order_product_coupon_name+order_product_coupon_no+product_coupon_type_no,33,33,41,5147140,1234970,155973.9393939394
2024-11-08,FAMILY,쿠폰 미사용,쿠폰 미사용,coupon_name+order_coupon_name+coupon_code+order_coupon_no+order_product_coupon_name+order_product_coupon_no+product_coupon_type_no,21,21,29,2789740,0,132844.7619047619
2024-11-08,GOLD,쿠폰 미사용,쿠폰 미사용,coupon_name+order_coupon_name+coupon_code+order_coupon_no+order_product_coupon_name+order_product_coupon_no+product_coupon_type_no,2,1,3,82000,0,41000.0
2024-11-08,SILVER,쿠폰 미사용,쿠폰 미사용,coupon_name+order_coupon_name+coupon_code+order_coupon_no+order_product_coupon_name+order_product_coupon_no+product_coupon_type_no,1,1,1,81000,0,81000.0
2024-11-09,FAMILY,쿠폰 사용,쿠폰명 미확인,coupon_name+order_coupon_name+coupon_code+order_coupon_no+order_product_coupon_name+order_product_coupon_no+product_coupon_type_no,14,14,18,1753389,389080,125242.07142857143
2024-11-09,FAMILY,쿠폰 미사용,쿠폰 미사용,coupon_name+order_coupon_name+coupon_code+order_coupon_no+order_product_coupon_name+order_product_coupon_no+product_coupon_type_no,11,11,12,1481510,0,134682.72727272726
2024-11-09,SILVER,쿠폰 미사용,쿠폰 미사용,coupon_name+order_coupon_name+coupon_code+order_coupon_no+order_product_coupon_name+order_product_coupon_no+product_coupon_type_no,2,2,2,232020,0,116010.0
2024-11-09,SILVER,쿠폰 사용,쿠폰명 미확인,coupon_name+order_coupon_name+coupon_code+order_coupon_no+order_product_coupon_name+order_product_coupon_no+product_coupon_type_no,1,1,2,199000,199000,199000.0
2024-11-09,TITANIUM,쿠폰 미사용,쿠폰 미사용,coupon_name+order_coupon_name+coupon_code+order_coupon_no+order_product_coupon_name+order_product_coupon_no+product_coupon_type_no,1,1,1,121960,0,121960.0
2024-11-10,FAMILY,쿠폰 사용,쿠폰명 미확인,coupon_name+order_coupon_name+coupon_code+order_coupon_no+order_product_coupon_name+order_product_coupon_no+product_coupon_type_no,51,51,58,6728580,935980,131932.9411764706
2024-11-10,FAMILY,쿠폰 미사용,쿠폰 미사용,coupon_name+order_coupon_name+coupon_code+order_coupon_no+order_product_coupon_name+order_product_coupon_no+product_coupon_type_no,24,24,31,1877620,0,78234.16666666667
2024-11-10,SILVER,쿠폰 사용,쿠폰명 미확인,coupon_name+order_coupon_name+coupon_code+order_coupon_no+order_product_coupon_name+order_product_coupon_no+product_coupon_type_no,1,1,3,368840,41760,368840.0
2024-11-10,SILVER,쿠폰 미사용,쿠폰 미사용,coupon_name+order_coupon_name+coupon_code+order_coupon_no+order_product_coupon_name+order_product_coupon_no+product_coupon_type_no,1,1,2,229950,0,229950.0
2024-11-11,FAMILY,쿠폰 사용,쿠폰명 미확인,coupon_name+order_coupon_name+coupon_code+order_coupon_no+order_product_coupon_name+order_product_coupon_no+product_coupon_type_no,28,27,36,3941330,1198310,140761.7857142857
2024-11-11,FAMILY,쿠폰 미사용,쿠폰 미사용,coupon_name+order_coupon_name+coupon_code+order_coupon_no+order_product_coupon_name+order_product_coupon_no+product_coupon_type_no,17,17,27,2010210,0,118247.64705882352
2024-11-11,SILVER,쿠폰 미사용,쿠폰 미사용,coupon_name+order_coupon_name+coupon_code+order_coupon_no+order_product_coupon_name+order_product_coupon_no+product_coupon_type_no,1,1,1,174550,0,174550.0
2024-11-11,SILVER,쿠폰 사용,쿠폰명 미확인,coupon_name+order_coupon_name+coupon_code+order_coupon_no+order_product_coupon_name+order_product_coupon_no+product_coupon_type_no,1,1,1,93670,15630,93670.0
2024-11-11,TITANIUM,쿠폰 미사용,쿠폰 미사용,coupon_name+order_coupon_name+coupon_code+order_coupon_no+order_product_coupon_name+order_product_coupon_no+product_coupon_type_no,1,1,1,125500,0,125500.0
2024-11-12,FAMILY,쿠폰 사용,쿠폰명 미확인,coupon_name+order_coupon_name+coupon_code+order_coupon_no+order_product_coupon_name+order_product_coupon_no+product_coupon_type_no,52,50,62,6928770,2218800,133245.57692307694
2024-11-12,FAMILY,쿠폰 미사용,쿠폰 미사용,coupon_name+order_coupon_name+coupon_code+order_coupon_no+order_product_coupon_name+order_product_coupon_no+product_coupon_type_no,24,24,30,2594340,0,108097.5
2024-11-12,SILVER,쿠폰 사용,쿠폰명 미확인,coupon_name+order_coupon_name+coupon_code+order_coupon_no+order_product_coupon_name+order_product_coupon_no+product_coupon_type_no,1,1,2,271770,10000,271770.0
2024-11-12,SILVER,쿠폰 미사용,쿠폰 미사용,coupon_name+order_coupon_name+coupon_code+order_coupon_no+order_product_coupon_name+order_product_coupon_no+product_coupon_type_no,1,1,1,108490,0,108490.0
2024-11-12,TITANIUM,쿠폰 미사용,쿠폰 미사용,coupon_name+order_coupon_name+coupon_code+order_coupon_no+order_product_coupon_name+order_product_coupon_no+product_coupon_type_no,1,1,1,190050,0,190050.0
2024-11-13,FAMILY,쿠폰 사용,쿠폰명 미확인,coupon_name+order_coupon_name+coupon_code+order_coupon_no+order_product_coupon_name+order_product_coupon_no+product_coupon_type_no,28,28,56,4805300,2375190,171617.85714285713
2024-11-13,FAMILY,쿠폰 미사용,쿠폰 미사용,coupon_name+order_coupon_name+coupon_code+order_coupon_no+order_product_coupon_name+order_product_coupon_no+product_coupon_type_no,17,17,23,1359690,0,79981.76470588235
2024-11-13,SILVER,쿠폰 미사용,쿠폰 미사용,coupon_name+order_coupon_name+coupon_code+order_coupon_no+order_product_coupon_name+order_product_coupon_no+product_coupon_type_no,2,2,2,270500,0,135250.0
2024-11-13,TITANIUM,쿠폰 미사용,쿠폰 미사용,coupon_name+order_coupon_name+coupon_code+order_coupon_no+order_product_coupon_name+order_product_coupon_no+product_coupon_type_no,2,1,2,278000,0,139000.0
2024-11-14,FAMILY,쿠폰 사용,쿠폰명 미확인,coupon_name+order_coupon_name+coupon_code+order_coupon_no+order_product_coupon_name+order_product_coupon_no+product_coupon_type_no,37,37,50,4772430,1156910,128984.5945945946
2024-11-14,FAMILY,쿠폰 미사용,쿠폰 미사용,coupon_name+order_coupon_name+coupon_code+order_coupon_no+order_product_coupon_name+order_product_coupon_no+product_coupon_type_no,21,21,30,2567470,0,122260.47619047618
2024-11-14,SILVER,쿠폰 사용,쿠폰명 미확인,coupon_name+order_coupon_name+coupon_code+order_coupon_no+order_product_coupon_name+order_product_coupon_no+product_coupon_type_no,3,3,3,447340,50260,149113.33333333334
2024-11-14,SILVER,쿠폰 미사용,쿠폰 미사용,coupon_name+order_coupon_name+coupon_code+order_coupon_no+order_product_coupon_name+order_product_coupon_no+product_coupon_type_no,2,2,2,156950,0,78475.0
2024-11-15,FAMILY,쿠폰 미사용,쿠폰 미사용,coupon_name+order_coupon_name+coupon_code+order_coupon_no+order_product_coupon_name+order_product_coupon_no+product_coupon_type_no,122,121,146,13600960,0,111483.27868852459
2024-11-15,FAMILY,쿠폰 사용,쿠폰명 미확인,coupon_name+order_coupon_name+coupon_code+order_coupon_no+order_product_coupon_name+order_product_coupon_no+product_coupon_type_no,82,81,105,11606740,1400220,141545.60975609755
2024-11-15,GOLD,쿠폰 미사용,쿠폰 미사용,coupon_name+order_coupon_name+coupon_code+order_coupon_no+order_product_coupon_name+order_product_coupon_no+product_coupon_type_no,1,1,5,365000,0,365000.0
2024-11-15,SILVER,쿠폰 미사용,쿠폰 미사용,coupon_name+order_coupon_name+coupon_code+order_coupon_no+order_product_coupon_name+order_product_coupon_no+product_coupon_type_no,19,19,35,3272020,0,172211.57894736843
2024-11-15,SILVER,쿠폰 사용,쿠폰명 미확인,coupon_name+order_coupon_name+coupon_code+order_coupon_no+order_product_coupon_name+order_product_coupon_no+product_coupon_type_no,4,4,7,1192720,94900,298180.0
2024-11-16,FAMILY,쿠폰 사용,쿠폰명 미확인,coupon_name+order_coupon_name+coupon_code+order_coupon_no+order_product_coupon_name+order_product_coupon_no+product_coupon_type_no,76,76,99,11452750,1738660,150694.07894736843
2024-11-16,FAMILY,쿠폰 미사용,쿠폰 미사용,coupon_name+order_coupon_name+coupon_code+order_coupon_no+order_product_coupon_name+order_product_coupon_no+product_coupon_type_no,66,62,74,6644740,0,100677.87878787878
2024-11-16,SILVER,쿠폰 미사용,쿠폰 미사용,coupon_name+order_coupon_name+coupon_code+order_coupon_no+order_product_coupon_name+order_product_coupon_no+product_coupon_type_no,2,2,3,310940,0,155470.0
2024-11-16,SILVER,쿠폰 사용,쿠폰명 미확인,coupon_name+order_coupon_name+coupon_code+order_coupon_no+order_product_coupon_name+order_product_coupon_no+product_coupon_type_no,2,2,2,265955,61405,132977.5
2024-11-16,TITANIUM,쿠폰 사용,쿠폰명 미확인,coupon_name+order_coupon_name+coupon_code+order_coupon_no+order_product_coupon_name+order_product_coupon_no+product_coupon_type_no,3,2,5,611170,65800,203723.33333333334
2024-11-16,TITANIUM,쿠폰 미사용,쿠폰 미사용,coupon_name+order_coupon_name+coupon_code+order_coupon_no+order_product_coupon_name+order_product_coupon_no+product_coupon_type_no,2,2,2,164720,0,82360.0
2024-11-17,FAMILY,쿠폰 사용,쿠폰명 미확인,coupon_name+order_coupon_name+coupon_code+order_coupon_no+order_product_coupon_name+order_product_coupon_no+product_coupon_type_no,100,99,133,15159875,2143905,151598.75
2024-11-17,FAMILY,쿠폰 미사용,쿠폰 미사용,coupon_name+order_coupon_name+coupon_code+order_coupon_no+order_product_coupon_name+order_product_coupon_no+product_coupon_type_no,60,60,68,4952410,0,82540.16666666667
2024-11-17,SILVER,쿠폰 미사용,쿠폰 미사용,coupon_name+order_coupon_name+coupon_code+order_coupon_no+order_product_coupon_name+order_product_coupon_no+product_coupon_type_no,2,2,3,628000,0,314000.0
2024-11-17,SILVER,쿠폰 사용,쿠폰명 미확인,coupon_name+order_coupon_name+coupon_code+order_coupon_no+order_product_coupon_name+order_product_coupon_no+product_coupon_type_no,3,3,4,385510,62490,128503.33333333333
2024-11-17,TITANIUM,쿠폰 미사용,쿠폰 미사용,coupon_name+order_coupon_name+coupon_code+order_coupon_no+order_product_coupon_name+order_product_coupon_no+product_coupon_type_no,1,1,1,137000,0,137000.0
2024-11-18,FAMILY,쿠폰 사용,쿠폰명 미확인,coupon_name+order_coupon_name+coupon_code+order_coupon_no+order_product_coupon_name+order_product_coupon_no+product_coupon_type_no,109,108,138,16668005,2801685,152917.47706422018
2024-11-18,FAMILY,쿠폰 미사용,쿠폰 미사용,coupon_name+order_coupon_name+coupon_code+order_coupon_no+order_product_coupon_name+order_product_coupon_no+product_coupon_type_no,85,84,105,7438920,0,87516.70588235294
2024-11-18,SILVER,쿠폰 미사용,쿠폰 미사용,coupon_name+order_coupon_name+coupon_code+order_coupon_no+order_product_coupon_name+order_product_coupon_no+product_coupon_type_no,5,5,6,481250,0,96250.0
2024-11-18,SILVER,쿠폰 사용,쿠폰명 미확인,coupon_name+order_coupon_name+coupon_code+order_coupon_no+order_product_coupon_name+order_product_coupon_no+product_coupon_type_no,3,3,6,469930,65530,156643.33333333334
2024-11-18,TITANIUM,쿠폰 사용,쿠폰명 미확인,coupon_name+order_coupon_name+coupon_code+order_coupon_no+order_product_coupon_name+order_product_coupon_no+product_coupon_type_no,1,1,1,111730,13900,111730.0
2024-11-19,FAMILY,쿠폰 사용,쿠폰명 미확인,coupon_name+order_coupon_name+coupon_code+order_coupon_no+order_product_coupon_name+order_product_coupon_no+product_coupon_type_no,95,94,113,14613979,1683530,153831.35789473684
2024-11-19,FAMILY,쿠폰 미사용,쿠폰 미사용,coupon_name+order_coupon_name+coupon_code+order_coupon_no+order_product_coupon_name+order_product_coupon_no+product_coupon_type_no,85,85,123,9384600,0,110407.05882352941
2024-11-19,SILVER,쿠폰 사용,쿠폰명 미확인,coupon_name+order_coupon_name+coupon_code+order_coupon_no+order_product_coupon_name+order_product_coupon_no+product_coupon_type_no,5,5,5,923430,120940,184686.0
2024-11-19,SILVER,쿠폰 미사용,쿠폰 미사용,coupon_name+order_coupon_name+coupon_code+order_coupon_no+order_product_coupon_name+order_product_coupon_no+product_coupon_type_no,3,3,5,437320,0,145773.33333333334
2024-11-20,FAMILY,쿠폰 사용,쿠폰명 미확인,coupon_name+order_coupon_name+coupon_code+order_coupon_no+order_product_coupon_name+order_product_coupon_no+product_coupon_type_no,100,98,132,15133120,3116800,151331.2
2024-11-20,FAMILY,쿠폰 미사용,쿠폰 미사용,coupon_name+order_coupon_name+coupon_code+order_coupon_no+order_product_coupon_name+order_product_coupon_no+product_coupon_type_no,75,75,92,7834900,0,104465.33333333333
2024-11-20,GOLD,쿠폰 미사용,쿠폰 미사용,coupon_name+order_coupon_name+coupon_code+order_coupon_no+order_product_coupon_name+order_product_coupon_no+product_coupon_type_no,1,1,1,111300,0,111300.0
2024-11-20,SILVER,쿠폰 미사용,쿠폰 미사용,coupon_name+order_coupon_name+coupon_code+order_coupon_no+order_product_coupon_name+order_product_coupon_no+product_coupon_type_no,1,1,2,180630,0,180630.0
2024-11-20,SILVER,쿠폰 사용,쿠폰명 미확인,coupon_name+order_coupon_name+coupon_code+order_coupon_no+order_product_coupon_name+order_product_coupon_no+product_coupon_type_no,1,1,1,36900,4130,36900.0
2024-11-20,TITANIUM,쿠폰 미사용,쿠폰 미사용,coupon_name+order_coupon_name+coupon_code+order_coupon_no+order_product_coupon_name+order_product_coupon_no+product_coupon_type_no,1,1,1,118300,0,118300.0
2024-11-21,FAMILY,쿠폰 사용,쿠폰명 미확인,coupon_name+order_coupon_name+coupon_code+order_coupon_no+order_product_coupon_name+order_product_coupon_no+product_coupon_type_no,96,96,114,13167900,1775950,137165.625
2024-11-21,FAMILY,쿠폰 미사용,쿠폰 미사용,coupon_name+order_coupon_name+coupon_code+order_coupon_no+order_product_coupon_name+order_product_coupon_no+product_coupon_type_no,102,102,134,11968450,0,117337.74509803922
2024-11-21,GOLD,쿠폰 사용,쿠폰명 미확인,coupon_name+order_coupon_name+coupon_code+order_coupon_no+order_product_coupon_name+order_product_coupon_no+product_coupon_type_no,1,1,2,173900,30000,173900.0
2024-11-21,SILVER,쿠폰 미사용,쿠폰 미사용,coupon_name+order_coupon_name+coupon_code+order_coupon_no+order_product_coupon_name+order_product_coupon_no+product_coupon_type_no,3,3,7,735050,0,245016.66666666666
2024-11-21,SILVER,쿠폰 사용,쿠폰명 미확인,coupon_name+order_coupon_name+coupon_code+order_coupon_no+order_product_coupon_name+order_product_coupon_no+product_coupon_type_no,4,4,4,629480,119110,157370.0
2024-11-21,TITANIUM,쿠폰 미사용,쿠폰 미사용,coupon_name+order_coupon_name+coupon_code+order_coupon_no+order_product_coupon_name+order_product_coupon_no+product_coupon_type_no,1,1,1,115590,0,115590.0
2024-11-22,FAMILY,쿠폰 사용,쿠폰명 미확인,coupon_name+order_coupon_name+coupon_code+order_coupon_no+order_product_coupon_name+order_product_coupon_no+product_coupon_type_no,84,84,96,13037795,1984255,155211.84523809524
2024-11-22,FAMILY,쿠폰 미사용,쿠폰 미사용,coupon_name+order_coupon_name+coupon_code+order_coupon_no+order_product_coupon_name+order_product_coupon_no+product_coupon_type_no,66,63,83,6569570,0,99538.93939393939
2024-11-22,SILVER,쿠폰 미사용,쿠폰 미사용,coupon_name+order_coupon_name+coupon_code+order_coupon_no+order_product_coupon_name+order_product_coupon_no+product_coupon_type_no,3,3,5,621300,0,207100.0
2024-11-22,SILVER,쿠폰 사용,쿠폰명 미확인,coupon_name+order_coupon_name+coupon_code+order_coupon_no+order_product_coupon_name+order_product_coupon_no+product_coupon_type_no,3,3,3,334680,49030,111560.0
2024-11-22,TITANIUM,쿠폰 미사용,쿠폰 미사용,coupon_name+order_coupon_name+coupon_code+order_coupon_no+order_product_coupon_name+order_product_coupon_no+product_coupon_type_no,1,1,1,104170,0,104170.0
2024-11-23,FAMILY,쿠폰 사용,쿠폰명 미확인,coupon_name+order_coupon_name+coupon_code+order_coupon_no+order_product_coupon_name+order_product_coupon_no+product_coupon_type_no,94,92,115,15237529,1784700,162101.37234042553
2024-11-23,FAMILY,쿠폰 미사용,쿠폰 미사용,coupon_name+order_coupon_name+coupon_code+order_coupon_no+order_product_coupon_name+order_product_coupon_no+product_coupon_type_no,68,67,77,5122080,0,75324.70588235294
2024-11-23,SILVER,쿠폰 미사용,쿠폰 미사용,coupon_name+order_coupon_name+coupon_code+order_coupon_no+order_product_coupon_name+order_product_coupon_no+product_coupon_type_no,3,3,3,182870,0,60956.666666666664
2024-11-24,FAMILY,쿠폰 사용,쿠폰명 미확인,coupon_name+order_coupon_name+coupon_code+order_coupon_no+order_product_coupon_name+order_product_coupon_no+product_coupon_type_no,141,140,182,21453995,2946895,152155.9929078014
2024-11-24,FAMILY,쿠폰 미사용,쿠폰 미사용,coupon_name+order_coupon_name+coupon_code+order_coupon_no+order_product_coupon_name+order_product_coupon_no+product_coupon_type_no,66,66,84,6390200,0,96821.21212121213
2024-11-24,GOLD,쿠폰 사용,쿠폰명 미확인,coupon_name+order_coupon_name+coupon_code+order_coupon_no+order_product_coupon_name+order_product_coupon_no+product_coupon_type_no,1,1,1,97470,20829,97470.0
2024-11-24,SILVER,쿠폰 미사용,쿠폰 미사용,coupon_name+order_coupon_name+coupon_code+order_coupon_no+order_product_coupon_name+order_product_coupon_no+product_coupon_type_no,5,4,5,640580,0,128116.0
2024-11-24,SILVER,쿠폰 사용,쿠폰명 미확인,coupon_name+order_coupon_name+coupon_code+order_coupon_no+order_product_coupon_name+order_product_coupon_no+product_coupon_type_no,2,2,3,439450,61600,219725.0
2024-11-25,FAMILY,쿠폰 사용,쿠폰명 미확인,coupon_name+order_coupon_name+coupon_code+order_coupon_no+order_product_coupon_name+order_product_coupon_no+product_coupon_type_no,78,78,94,12067330,2218090,154709.35897435897
2024-11-25,FAMILY,쿠폰 미사용,쿠폰 미사용,coupon_name+order_coupon_name+coupon_code+order_coupon_no+order_product_coupon_name+order_product_coupon_no+product_coupon_type_no,69,69,83,7269080,0,105348.98550724638
2024-11-25,GOLD,쿠폰 사용,쿠폰명 미확인,coupon_name+order_coupon_name+coupon_code+order_coupon_no+order_product_coupon_name+order_product_coupon_no+product_coupon_type_no,1,1,4,630000,71860,630000.0
2024-11-25,SILVER,쿠폰 사용,쿠폰명 미확인,coupon_name+order_coupon_name+coupon_code+order_coupon_no+order_product_coupon_name+order_product_coupon_no+product_coupon_type_no,4,3,6,1174600,380600,293650.0
2024-11-25,SILVER,쿠폰 미사용,쿠폰 미사용,coupon_name+order_coupon_name+coupon_code+order_coupon_no+order_product_coupon_name+order_product_coupon_no+product_coupon_type_no,2,2,3,662880,0,331440.0
2024-11-25,TITANIUM,쿠폰 미사용,쿠폰 미사용,coupon_name+order_coupon_name+coupon_code+order_coupon_no+order_product_coupon_name+order_product_coupon_no+product_coupon_type_no,1,1,1,70550,0,70550.0
2024-11-26,FAMILY,쿠폰 사용,쿠폰명 미확인,coupon_name+order_coupon_name+coupon_code+order_coupon_no+order_product_coupon_name+order_product_coupon_no+product_coupon_type_no,98,97,121,14721310,3258830,150217.44897959183
2024-11-26,FAMILY,쿠폰 미사용,쿠폰 미사용,coupon_name+order_coupon_name+coupon_code+order_coupon_no+order_product_coupon_name+order_product_coupon_no+product_coupon_type_no,78,78,86,7064900,0,90575.64102564103
2024-11-26,SILVER,쿠폰 미사용,쿠폰 미사용,coupon_name+order_coupon_name+coupon_code+order_coupon_no+order_product_coupon_name+order_product_coupon_no+product_coupon_type_no,5,5,5,306080,0,61216.0
2024-11-26,SILVER,쿠폰 사용,쿠폰명 미확인,coupon_name+order_coupon_name+coupon_code+order_coupon_no+order_product_coupon_name+order_product_coupon_no+product_coupon_type_no,3,3,3,210370,118930,70123.33333333333
2024-11-26,TITANIUM,쿠폰 미사용,쿠폰 미사용,coupon_name+order_coupon_name+coupon_code+order_coupon_no+order_product_coupon_name+order_product_coupon_no+product_coupon_type_no,1,1,1,70820,0,70820.0
2024-11-27,FAMILY,쿠폰 사용,쿠폰명 미확인,coupon_name+order_coupon_name+coupon_code+order_coupon_no+order_product_coupon_name+order_product_coupon_no+product_coupon_type_no,139,138,157,18888769,3405170,135890.42446043165
2024-11-27,FAMILY,쿠폰 미사용,쿠폰 미사용,coupon_name+order_coupon_name+coupon_code+order_coupon_no+order_product_coupon_name+order_product_coupon_no+product_coupon_type_no,95,92,119,10677060,0,112390.1052631579
2024-11-27,GOLD,쿠폰 미사용,쿠폰 미사용,coupon_name+order_coupon_name+coupon_code+order_coupon_no+order_product_coupon_name+order_product_coupon_no+product_coupon_type_no,2,2,2,232060,0,116030.0
2024-11-27,SILVER,쿠폰 사용,쿠폰명 미확인,coupon_name+order_coupon_name+coupon_code+order_coupon_no+order_product_coupon_name+order_product_coupon_no+product_coupon_type_no,2,2,2,348600,84880,174300.0
2024-11-27,SILVER,쿠폰 미사용,쿠폰 미사용,coupon_name+order_coupon_name+coupon_code+order_coupon_no+order_product_coupon_name+order_product_coupon_no+product_coupon_type_no,2,2,2,220320,0,110160.0
2024-11-27,TITANIUM,쿠폰 미사용,쿠폰 미사용,coupon_name+order_coupon_name+coupon_code+order_coupon_no+order_product_coupon_name+order_product_coupon_no+product_coupon_type_no,1,1,1,138000,0,138000.0
2024-11-28,FAMILY,쿠폰 사용,쿠폰명 미확인,coupon_name+order_coupon_name+coupon_code+order_coupon_no+order_product_coupon_name+order_product_coupon_no+product_coupon_type_no,115,115,148,19710170,3692850,171392.78260869565
2024-11-28,FAMILY,쿠폰 미사용,쿠폰 미사용,coupon_name+order_coupon_name+coupon_code+order_coupon_no+order_product_coupon_name+order_product_coupon_no+product_coupon_type_no,72,70,81,10220070,0,141945.41666666666
2024-11-28,GOLD,쿠폰 미사용,쿠폰 미사용,coupon_name+order_coupon_name+coupon_code+order_coupon_no+order_product_coupon_name+order_product_coupon_no+product_coupon_type_no,1,1,1,41070,0,41070.0
2024-11-28,SILVER,쿠폰 사용,쿠폰명 미확인,coupon_name+order_coupon_name+coupon_code+order_coupon_no+order_product_coupon_name+order_product_coupon_no+product_coupon_type_no,4,4,6,1109500,155560,277375.0
2024-11-28,SILVER,쿠폰 미사용,쿠폰 미사용,coupon_name+order_coupon_name+coupon_code+order_coupon_no+order_product_coupon_name+order_product_coupon_no+product_coupon_type_no,6,5,6,788090,0,131348.33333333334
2024-11-28,TITANIUM,쿠폰 미사용,쿠폰 미사용,coupon_name+order_coupon_name+coupon_code+order_coupon_no+order_product_coupon_name+order_product_coupon_no+product_coupon_type_no,1,1,1,138000,0,138000.0
2024-11-29,FAMILY,쿠폰 사용,쿠폰명 미확인,coupon_name+order_coupon_name+coupon_code+order_coupon_no+order_product_coupon_name+order_product_coupon_no+product_coupon_type_no,99,98,125,17944450,2806250,181257.0707070707
2024-11-29,FAMILY,쿠폰 미사용,쿠폰 미사용,coupon_name+order_coupon_name+coupon_code+order_coupon_no+order_product_coupon_name+order_product_coupon_no+product_coupon_type_no,57,57,65,7100560,0,124571.22807017544
2024-11-29,GOLD,쿠폰 사용,쿠폰명 미확인,coupon_name+order_coupon_name+coupon_code+order_coupon_no+order_product_coupon_name+order_product_coupon_no+product_coupon_type_no,1,1,1,229500,45900,229500.0
2024-11-29,SILVER,쿠폰 사용,쿠폰명 미확인,coupon_name+order_coupon_name+coupon_code+order_coupon_no+order_product_coupon_name+order_product_coupon_no+product_coupon_type_no,3,3,4,776880,333900,258960.0
2024-11-29,SILVER,쿠폰 미사용,쿠폰 미사용,coupon_name+order_coupon_name+coupon_code+order_coupon_no+order_product_coupon_name+order_product_coupon_no+product_coupon_type_no,2,2,2,157720,0,78860.0
2024-11-30,FAMILY,쿠폰 사용,쿠폰명 미확인,coupon_name+order_coupon_name+coupon_code+order_coupon_no+order_product_coupon_name+order_product_coupon_no+product_coupon_type_no,99,99,120,14812860,2411540,149624.84848484848
2024-11-30,FAMILY,쿠폰 미사용,쿠폰 미사용,coupon_name+order_coupon_name+coupon_code+order_coupon_no+order_product_coupon_name+order_product_coupon_no+product_coupon_type_no,42,42,47,3826970,0,91118.33333333333
2024-11-30,GOLD,쿠폰 미사용,쿠폰 미사용,coupon_name+order_coupon_name+coupon_code+order_coupon_no+order_product_coupon_name+order_product_coupon_no+product_coupon_type_no,1,1,1,182350,0,182350.0
2024-11-30,SILVER,쿠폰 사용,쿠폰명 미확인,coupon_name+order_coupon_name+coupon_code+order_coupon_no+order_product_coupon_name+order_product_coupon_no+product_coupon_type_no,7,7,10,1065455,225895,152207.85714285713
2024-11-30,SILVER,쿠폰 미사용,쿠폰 미사용,coupon_name+order_coupon_name+coupon_code+order_coupon_no+order_product_coupon_name+order_product_coupon_no+product_coupon_type_no,2,2,4,151570,0,75785.0
2024-11-30,TITANIUM,쿠폰 사용,쿠폰명 미확인,coupon_name+order_coupon_name+coupon_code+order_coupon_no+order_product_coupon_name+order_product_coupon_no+product_coupon_type_no,1,1,4,353950,39550,353950.0
2024-12-01,FAMILY,쿠폰 사용,쿠폰명 미확인,coupon_name+order_coupon_name+coupon_code+order_coupon_no+order_product_coupon_name+order_product_coupon_no+product_coupon_type_no,208,203,257,26439645,4009995,127113.67788461539
2024-12-01,FAMILY,쿠폰 미사용,쿠폰 미사용,coupon_name+order_coupon_name+coupon_code+order_coupon_no+order_product_coupon_name+order_product_coupon_no+product_coupon_type_no,173,170,222,13489770,0,77975.54913294797
2024-12-01,GOLD,쿠폰 미사용,쿠폰 미사용,coupon_name+order_coupon_name+coupon_code+order_coupon_no+order_product_coupon_name+order_product_coupon_no+product_coupon_type_no,1,1,2,59300,0,59300.0
2024-12-01,GOLD,쿠폰 사용,쿠폰명 미확인,coupon_name+order_coupon_name+coupon_code+order_coupon_no+order_product_coupon_name+order_product_coupon_no+product_coupon_type_no,1,1,1,22880,10000,22880.0
2024-12-01,SILVER,쿠폰 미사용,쿠폰 미사용,coupon_name+order_coupon_name+coupon_code+order_coupon_no+order_product_coupon_name+order_product_coupon_no+product_coupon_type_no,9,9,13,1478850,0,164316.66666666666
2024-12-01,SILVER,쿠폰 사용,쿠폰명 미확인,coupon_name+order_coupon_name+coupon_code+order_coupon_no+order_product_coupon_name+order_product_coupon_no+product_coupon_type_no,4,4,6,454190,71970,113547.5
2024-12-01,TITANIUM,쿠폰 미사용,쿠폰 미사용,coupon_name+order_coupon_name+coupon_code+order_coupon_no+order_product_coupon_name+order_product_coupon_no+product_coupon_type_no,3,2,3,617550,0,205850.0
2024-12-02,FAMILY,쿠폰 사용,쿠폰명 미확인,coupon_name+order_coupon_name+coupon_code+order_coupon_no+order_product_coupon_name+order_product_coupon_no+product_coupon_type_no,140,139,163,18708675,3130515,133633.39285714287
2024-12-02,FAMILY,쿠폰 미사용,쿠폰 미사용,coupon_name+order_coupon_name+coupon_code+order_coupon_no+order_product_coupon_name+order_product_coupon_no+product_coupon_type_no,71,71,96,9230439,0,130006.18309859154
2024-12-02,GOLD,쿠폰 미사용,쿠폰 미사용,coupon_name+order_coupon_name+coupon_code+order_coupon_no+order_product_coupon_name+order_product_coupon_no+product_coupon_type_no,2,2,2,283310,0,141655.0
2024-12-02,SILVER,쿠폰 미사용,쿠폰 미사용,coupon_name+order_coupon_name+coupon_code+order_coupon_no+order_product_coupon_name+order_product_coupon_no+product_coupon_type_no,8,8,12,1211450,0,151431.25
2024-12-02,SILVER,쿠폰 사용,쿠폰명 미확인,coupon_name+order_coupon_name+coupon_code+order_coupon_no+order_product_coupon_name+order_product_coupon_no+product_coupon_type_no,2,2,3,616000,81580,308000.0
2024-12-02,TITANIUM,쿠폰 미사용,쿠폰 미사용,coupon_name+order_coupon_name+coupon_code+order_coupon_no+order_product_coupon_name+order_product_coupon_no+product_coupon_type_no,2,1,2,181820,0,90910.0
2024-12-03,FAMILY,쿠폰 사용,쿠폰명 미확인,coupon_name+order_coupon_name+coupon_code+order_coupon_no+order_product_coupon_name+order_product_coupon_no+product_coupon_type_no,115,114,143,15775380,2378100,137177.21739130435
2024-12-03,FAMILY,쿠폰 미사용,쿠폰 미사용,coupon_name+order_coupon_name+coupon_code+order_coupon_no+order_product_coupon_name+order_product_coupon_no+product_coupon_type_no,43,41,50,5316610,0,123642.09302325582
2024-12-03,GOLD,쿠폰 미사용,쿠폰 미사용,coupon_name+order_coupon_name+coupon_code+order_coupon_no+order_product_coupon_name+order_product_coupon_no+product_coupon_type_no,2,2,2,168600,0,84300.0
2024-12-03,SILVER,쿠폰 미사용,쿠폰 미사용,coupon_name+order_coupon_name+coupon_code+order_coupon_no+order_product_coupon_name+order_product_coupon_no+product_coupon_type_no,5,5,6,489730,0,97946.0
2024-12-03,SILVER,쿠폰 사용,쿠폰명 미확인,coupon_name+order_coupon_name+coupon_code+order_coupon_no+order_product_coupon_name+order_product_coupon_no+product_coupon_type_no,3,3,5,410770,145330,136923.33333333334
2024-12-03,TITANIUM,쿠폰 미사용,쿠폰 미사용,coupon_name+order_coupon_name+coupon_code+order_coupon_no+order_product_coupon_name+order_product_coupon_no+product_coupon_type_no,1,1,2,177470,0,177470.0
2024-12-04,FAMILY,쿠폰 사용,쿠폰명 미확인,coupon_name+order_coupon_name+coupon_code+order_coupon_no+order_product_coupon_name+order_product_coupon_no+product_coupon_type_no,92,92,119,13099900,2004580,142390.21739130435
2024-12-04,FAMILY,쿠폰 미사용,쿠폰 미사용,coupon_name+order_coupon_name+coupon_code+order_coupon_no+order_product_coupon_name+order_product_coupon_no+product_coupon_type_no,40,39,52,4097320,0,102433.0
2024-12-04,GOLD,쿠폰 미사용,쿠폰 미사용,coupon_name+order_coupon_name+coupon_code+order_coupon_no+order_product_coupon_name+order_product_coupon_no+product_coupon_type_no,1,1,2,110600,0,110600.0
2024-12-04,GOLD,쿠폰 사용,쿠폰명 미확인,coupon_name+order_coupon_name+coupon_code+order_coupon_no+order_product_coupon_name+order_product_coupon_no+product_coupon_type_no,1,1,2,79000,47400,79000.0
2024-12-04,SILVER,쿠폰 미사용,쿠폰 미사용,coupon_name+order_coupon_name+coupon_code+order_coupon_no+order_product_coupon_name+order_product_coupon_no+product_coupon_type_no,3,3,3,303960,0,101320.0
2024-12-04,TITANIUM,쿠폰 미사용,쿠폰 미사용,coupon_name+order_coupon_name+coupon_code+order_coupon_no+order_product_coupon_name+order_product_coupon_no+product_coupon_type_no,2,1,3,396900,0,198450.0
2024-12-05,FAMILY,쿠폰 사용,쿠폰명 미확인,coupon_name+order_coupon_name+coupon_code+order_coupon_no+order_product_coupon_name+order_product_coupon_no+product_coupon_type_no,75,74,89,11921780,2248980,158957.06666666668
2024-12-05,FAMILY,쿠폰 미사용,쿠폰 미사용,coupon_name+order_coupon_name+coupon_code+order_coupon_no+order_product_coupon_name+order_product_coupon_no+product_coupon_type_no,22,22,23,2093880,0,95176.36363636363
2024-12-05,SILVER,쿠폰 미사용,쿠폰 미사용,coupon_name+order_coupon_name+coupon_code+order_coupon_no+order_product_coupon_name+order_product_coupon_no+product_coupon_type_no,3,3,3,298360,0,99453.33333333333
2024-12-05,TITANIUM,쿠폰 미사용,쿠폰 미사용,coupon_name+order_coupon_name+coupon_code+order_coupon_no+order_product_coupon_name+order_product_coupon_no+product_coupon_type_no,2,1,2,180700,0,90350.0
2024-12-06,FAMILY,쿠폰 미사용,쿠폰 미사용,coupon_name+order_coupon_name+coupon_code+order_coupon_no+order_product_coupon_name+order_product_coupon_no+product_coupon_type_no,110,104,154,19556810,0,177789.18181818182
2024-12-06,FAMILY,쿠폰 사용,쿠폰명 미확인,coupon_name+order_coupon_name+coupon_code+order_coupon_no+order_product_coupon_name+order_product_coupon_no+product_coupon_type_no,66,66,82,8269490,1292750,125295.30303030302
2024-12-06,GOLD,쿠폰 미사용,쿠폰 미사용,coupon_name+order_coupon_name+coupon_code+order_coupon_no+order_product_coupon_name+order_product_coupon_no+product_coupon_type_no,2,2,5,1165000,0,582500.0
2024-12-06,GOLD,쿠폰 사용,쿠폰명 미확인,coupon_name+order_coupon_name+coupon_code+order_coupon_no+order_product_coupon_name+order_product_coupon_no+product_coupon_type_no,1,1,2,139000,55600,139000.0
2024-12-06,SILVER,쿠폰 미사용,쿠폰 미사용,coupon_name+order_coupon_name+coupon_code+order_coupon_no+order_product_coupon_name+order_product_coupon_no+product_coupon_type_no,14,12,19,4023430,0,287387.85714285716
2024-12-06,SILVER,쿠폰 사용,쿠폰명 미확인,coupon_name+order_coupon_name+coupon_code+order_coupon_no+order_product_coupon_name+order_product_coupon_no+product_coupon_type_no,2,2,2,407270,66030,203635.0
2024-12-06,TITANIUM,쿠폰 미사용,쿠폰 미사용,coupon_name+order_coupon_name+coupon_code+order_coupon_no+order_product_coupon_name+order_product_coupon_no+product_coupon_type_no,1,1,1,125400,0,125400.0
2024-12-07,FAMILY,쿠폰 사용,쿠폰명 미확인,coupon_name+order_coupon_name+coupon_code+order_coupon_no+order_product_coupon_name+order_product_coupon_no+product_coupon_type_no,77,77,90,11804090,1768410,153299.87012987013
2024-12-07,FAMILY,쿠폰 미사용,쿠폰 미사용,coupon_name+order_coupon_name+coupon_code+order_coupon_no+order_product_coupon_name+order_product_coupon_no+product_coupon_type_no,36,36,46,4938740,0,137187.22222222222
2024-12-07,SILVER,쿠폰 미사용,쿠폰 미사용,coupon_name+order_coupon_name+coupon_code+order_coupon_no+order_product_coupon_name+order_product_coupon_no+product_coupon_type_no,2,2,2,328000,0,164000.0
2024-12-07,SILVER,쿠폰 사용,쿠폰명 미확인,coupon_name+order_coupon_name+coupon_code+order_coupon_no+order_product_coupon_name+order_product_coupon_no+product_coupon_type_no,1,1,1,97280,13930,97280.0
2024-12-08,FAMILY,쿠폰 사용,쿠폰명 미확인,coupon_name+order_coupon_name+coupon_code+order_coupon_no+order_product_coupon_name+order_product_coupon_no+product_coupon_type_no,109,109,132,16093430,2648840,147646.14678899082
2024-12-08,FAMILY,쿠폰 미사용,쿠폰 미사용,coupon_name+order_coupon_name+coupon_code+order_coupon_no+order_product_coupon_name+order_product_coupon_no+product_coupon_type_no,41,39,53,4858090,0,118490.0
2024-12-08,SILVER,쿠폰 미사용,쿠폰 미사용,coupon_name+order_coupon_name+coupon_code+order_coupon_no+order_product_coupon_name+order_product_coupon_no+product_coupon_type_no,9,9,21,2047510,0,227501.11111111112
2024-12-08,SILVER,쿠폰 사용,쿠폰명 미확인,coupon_name+order_coupon_name+coupon_code+order_coupon_no+order_product_coupon_name+order_product_coupon_no+product_coupon_type_no,2,2,7,425710,50880,212855.0
2024-12-08,TITANIUM,쿠폰 미사용,쿠폰 미사용,coupon_name+order_coupon_name+coupon_code+order_coupon_no+order_product_coupon_name+order_product_coupon_no+product_coupon_type_no,6,2,11,1207170,0,201195.0
2024-12-09,FAMILY,쿠폰 사용,쿠폰명 미확인,coupon_name+order_coupon_name+coupon_code+order_coupon_no+order_product_coupon_name+order_product_coupon_no+product_coupon_type_no,85,85,96,12550040,2222700,147647.5294117647
2024-12-09,FAMILY,쿠폰 미사용,쿠폰 미사용,coupon_name+order_coupon_name+coupon_code+order_coupon_no+order_product_coupon_name+order_product_coupon_no+product_coupon_type_no,47,46,58,5789270,0,123175.9574468085
2024-12-09,GOLD,쿠폰 미사용,쿠폰 미사용,coupon_name+order_coupon_name+coupon_code+order_coupon_no+order_product_coupon_name+order_product_coupon_no+product_coupon_type_no,1,1,1,111510,0,111510.0
2024-12-09,SILVER,쿠폰 미사용,쿠폰 미사용,coupon_name+order_coupon_name+coupon_code+order_coupon_no+order_product_coupon_name+order_product_coupon_no+product_coupon_type_no,3,3,4,551700,0,183900.0
2024-12-09,SILVER,쿠폰 사용,쿠폰명 미확인,coupon_name+order_coupon_name+coupon_code+order_coupon_no+order_product_coupon_name+order_product_coupon_no+product_coupon_type_no,1,1,1,79800,10000,79800.0
2024-12-09,TITANIUM,쿠폰 미사용,쿠폰 미사용,coupon_name+order_coupon_name+coupon_code+order_coupon_no+order_product_coupon_name+order_product_coupon_no+product_coupon_type_no,1,1,1,132300,0,132300.0
2024-12-10,FAMILY,쿠폰 사용,쿠폰명 미확인,coupon_name+order_coupon_name+coupon_code+order_coupon_no+order_product_coupon_name+order_product_coupon_no+product_coupon_type_no,86,80,113,12881900,2890580,149789.53488372092
2024-12-10,FAMILY,쿠폰 미사용,쿠폰 미사용,coupon_name+order_coupon_name+coupon_code+order_coupon_no+order_product_coupon_name+order_product_coupon_no+product_coupon_type_no,37,35,44,3656939,0,98836.18918918919
2024-12-10,GOLD,쿠폰 사용,쿠폰명 미확인,coupon_name+order_coupon_name+coupon_code+order_coupon_no+order_product_coupon_name+order_product_coupon_no+product_coupon_type_no,1,1,2,154240,17360,154240.0
2024-12-10,GOLD,쿠폰 미사용,쿠폰 미사용,coupon_name+order_coupon_name+coupon_code+order_coupon_no+order_product_coupon_name+order_product_coupon_no+product_coupon_type_no,1,1,2,31000,0,31000.0
2024-12-10,SILVER,쿠폰 사용,쿠폰명 미확인,coupon_name+order_coupon_name+coupon_code+order_coupon_no+order_product_coupon_name+order_product_coupon_no+product_coupon_type_no,2,2,2,398370,186130,199185.0
2024-12-10,SILVER,쿠폰 미사용,쿠폰 미사용,coupon_name+order_coupon_name+coupon_code+order_coupon_no+order_product_coupon_name+order_product_coupon_no+product_coupon_type_no,2,2,3,307490,0,153745.0
2024-12-11,FAMILY,쿠폰 사용,쿠폰명 미확인,coupon_name+order_coupon_name+coupon_code+order_coupon_no+order_product_coupon_name+order_product_coupon_no+product_coupon_type_no,68,68,138,22155090,3037870,325810.14705882355
2024-12-11,FAMILY,쿠폰 미사용,쿠폰 미사용,coupon_name+order_coupon_name+coupon_code+order_coupon_no+order_product_coupon_name+order_product_coupon_no+product_coupon_type_no,42,41,72,8226460,0,195868.09523809524
2024-12-11,GOLD,쿠폰 미사용,쿠폰 미사용,coupon_name+order_coupon_name+coupon_code+order_coupon_no+order_product_coupon_name+order_product_coupon_no+product_coupon_type_no,2,2,2,88000,0,44000.0
2024-12-11,SILVER,쿠폰 사용,쿠폰명 미확인,coupon_name+order_coupon_name+coupon_code+order_coupon_no+order_product_coupon_name+order_product_coupon_no+product_coupon_type_no,5,4,5,525840,70060,105168.0
2024-12-11,SILVER,쿠폰 미사용,쿠폰 미사용,coupon_name+order_coupon_name+coupon_code+order_coupon_no+order_product_coupon_name+order_product_coupon_no+product_coupon_type_no,3,3,3,423270,0,141090.0
2024-12-11,TITANIUM,쿠폰 미사용,쿠폰 미사용,coupon_name+order_coupon_name+coupon_code+order_coupon_no+order_product_coupon_name+order_product_coupon_no+product_coupon_type_no,1,1,1,133840,0,133840.0
2024-12-12,FAMILY,쿠폰 사용,쿠폰명 미확인,coupon_name+order_coupon_name+coupon_code+order_coupon_no+order_product_coupon_name+order_product_coupon_no+product_coupon_type_no,71,68,87,10563760,1978020,148785.35211267605
2024-12-12,FAMILY,쿠폰 미사용,쿠폰 미사용,coupon_name+order_coupon_name+coupon_code+order_coupon_no+order_product_coupon_name+order_product_coupon_no+product_coupon_type_no,34,33,46,3113150,0,91563.23529411765
2024-12-12,GOLD,쿠폰 미사용,쿠폰 미사용,coupon_name+order_coupon_name+coupon_code+order_coupon_no+order_product_coupon_name+order_product_coupon_no+product_coupon_type_no,2,2,2,146470,0,73235.0
2024-12-12,SILVER,쿠폰 사용,쿠폰명 미확인,coupon_name+order_coupon_name+coupon_code+order_coupon_no+order_product_coupon_name+order_product_coupon_no+product_coupon_type_no,2,2,5,321600,35640,160800.0
2024-12-12,SILVER,쿠폰 미사용,쿠폰 미사용,coupon_name+order_coupon_name+coupon_code+order_coupon_no+order_product_coupon_name+order_product_coupon_no+product_coupon_type_no,2,2,2,173830,0,86915.0
2024-12-13,FAMILY,쿠폰 사용,쿠폰명 미확인,coupon_name+order_coupon_name+coupon_code+order_coupon_no+order_product_coupon_name+order_product_coupon_no+product_coupon_type_no,59,59,71,7253790,1112290,122945.59322033898
2024-12-13,FAMILY,쿠폰 미사용,쿠폰 미사용,coupon_name+order_coupon_name+coupon_code+order_coupon_no+order_product_coupon_name+order_product_coupon_no+product_coupon_type_no,36,36,44,3707540,0,102987.22222222222
2024-12-13,GOLD,쿠폰 사용,쿠폰명 미확인,coupon_name+order_coupon_name+coupon_code+order_coupon_no+order_product_coupon_name+order_product_coupon_no+product_coupon_type_no,1,1,1,391480,53720,391480.0
2024-12-13,SILVER,쿠폰 미사용,쿠폰 미사용,coupon_name+order_coupon_name+coupon_code+order_coupon_no+order_product_coupon_name+order_product_coupon_no+product_coupon_type_no,3,3,3,285570,0,95190.0
2024-12-13,TITANIUM,쿠폰 미사용,쿠폰 미사용,coupon_name+order_coupon_name+coupon_code+order_coupon_no+order_product_coupon_name+order_product_coupon_no+product_coupon_type_no,4,2,5,656540,0,164135.0
2024-12-13,TITANIUM,쿠폰 사용,쿠폰명 미확인,coupon_name+order_coupon_name+coupon_code+order_coupon_no+order_product_coupon_name+order_product_coupon_no+product_coupon_type_no,1,1,1,28000,7000,28000.0
2024-12-14,FAMILY,쿠폰 사용,쿠폰명 미확인,coupon_name+order_coupon_name+coupon_code+order_coupon_no+order_product_coupon_name+order_product_coupon_no+product_coupon_type_no,51,51,64,6767580,1045320,132697.64705882352
2024-12-14,FAMILY,쿠폰 미사용,쿠폰 미사용,coupon_name+order_coupon_name+coupon_code+order_coupon_no+order_product_coupon_name+order_product_coupon_no+product_coupon_type_no,30,30,50,4387910,0,146263.66666666666
2024-12-14,SILVER,쿠폰 미사용,쿠폰 미사용,coupon_name+order_coupon_name+coupon_code+order_coupon_no+order_product_coupon_name+order_product_coupon_no+product_coupon_type_no,3,3,3,181010,0,60336.666666666664
2024-12-14,TITANIUM,쿠폰 미사용,쿠폰 미사용,coupon_name+order_coupon_name+coupon_code+order_coupon_no+order_product_coupon_name+order_product_coupon_no+product_coupon_type_no,1,1,2,278600,0,278600.0
2024-12-15,FAMILY,쿠폰 사용,쿠폰명 미확인,coupon_name+order_coupon_name+coupon_code+order_coupon_no+order_product_coupon_name+order_product_coupon_no+product_coupon_type_no,94,94,116,12413350,2244940,132056.914893617
2024-12-15,FAMILY,쿠폰 미사용,쿠폰 미사용,coupon_name+order_coupon_name+coupon_code+order_coupon_no+order_product_coupon_name+order_product_coupon_no+product_coupon_type_no,36,36,51,4944060,0,137335.0
2024-12-15,GOLD,쿠폰 미사용,쿠폰 미사용,coupon_name+order_coupon_name+coupon_code+order_coupon_no+order_product_coupon_name+order_product_coupon_no+product_coupon_type_no,1,1,2,208500,0,208500.0
2024-12-15,SILVER,쿠폰 미사용,쿠폰 미사용,coupon_name+order_coupon_name+coupon_code+order_coupon_no+order_product_coupon_name+order_product_coupon_no+product_coupon_type_no,2,2,5,191460,0,95730.0
2024-12-15,SILVER,쿠폰 사용,쿠폰명 미확인,coupon_name+order_coupon_name+coupon_code+order_coupon_no+order_product_coupon_name+order_product_coupon_no+product_coupon_type_no,1,1,1,159500,63800,159500.0
2024-12-16,FAMILY,쿠폰 사용,쿠폰명 미확인,coupon_name+order_coupon_name+coupon_code+order_coupon_no+order_product_coupon_name+order_product_coupon_no+product_coupon_type_no,75,75,94,10291510,2084100,137220.13333333333
2024-12-16,FAMILY,쿠폰 미사용,쿠폰 미사용,coupon_name+order_coupon_name+coupon_code+order_coupon_no+order_product_coupon_name+order_product_coupon_no+product_coupon_type_no,44,43,62,5561440,0,126396.36363636363
2024-12-16,GOLD,쿠폰 미사용,쿠폰 미사용,coupon_name+order_coupon_name+coupon_code+order_coupon_no+order_product_coupon_name+order_product_coupon_no+product_coupon_type_no,1,1,1,43160,0,43160.0
2024-12-16,SILVER,쿠폰 사용,쿠폰명 미확인,coupon_name+order_coupon_name+coupon_code+order_coupon_no+order_product_coupon_name+order_product_coupon_no+product_coupon_type_no,3,3,4,508950,136330,169650.0
2024-12-16,SILVER,쿠폰 미사용,쿠폰 미사용,coupon_name+order_coupon_name+coupon_code+order_coupon_no+order_product_coupon_name+order_product_coupon_no+product_coupon_type_no,2,2,2,128520,0,64260.0
2024-12-17,FAMILY,쿠폰 사용,쿠폰명 미확인,coupon_name+order_coupon_name+coupon_code+order_coupon_no+order_product_coupon_name+order_product_coupon_no+product_coupon_type_no,70,68,94,10012590,2098719,143037.0
2024-12-17,FAMILY,쿠폰 미사용,쿠폰 미사용,coupon_name+order_coupon_name+coupon_code+order_coupon_no+order_product_coupon_name+order_product_coupon_no+product_coupon_type_no,31,31,43,3271380,0,105528.3870967742
2024-12-17,SILVER,쿠폰 미사용,쿠폰 미사용,coupon_name+order_coupon_name+coupon_code+order_coupon_no+order_product_coupon_name+order_product_coupon_no+product_coupon_type_no,1,1,1,60000,0,60000.0
2024-12-17,TITANIUM,쿠폰 미사용,쿠폰 미사용,coupon_name+order_coupon_name+coupon_code+order_coupon_no+order_product_coupon_name+order_product_coupon_no+product_coupon_type_no,1,1,1,117580,0,117580.0
2024-12-18,FAMILY,쿠폰 사용,쿠폰명 미확인,coupon_name+order_coupon_name+coupon_code+order_coupon_no+order_product_coupon_name+order_product_coupon_no+product_coupon_type_no,59,59,72,9111010,1493950,154423.89830508476
2024-12-18,FAMILY,쿠폰 미사용,쿠폰 미사용,coupon_name+order_coupon_name+coupon_code+order_coupon_no+order_product_coupon_name+order_product_coupon_no+product_coupon_type_no,30,30,45,3757780,0,125259.33333333333
2024-12-18,GOLD,쿠폰 미사용,쿠폰 미사용,coupon_name+order_coupon_name+coupon_code+order_coupon_no+order_product_coupon_name+order_product_coupon_no+product_coupon_type_no,2,2,2,88520,0,44260.0
2024-12-18,SILVER,쿠폰 미사용,쿠폰 미사용,coupon_name+order_coupon_name+coupon_code+order_coupon_no+order_product_coupon_name+order_product_coupon_no+product_coupon_type_no,5,4,6,660750,0,132150.0
2024-12-18,SILVER,쿠폰 사용,쿠폰명 미확인,coupon_name+order_coupon_name+coupon_code+order_coupon_no+order_product_coupon_name+order_product_coupon_no+product_coupon_type_no,2,2,2,204570,49030,102285.0
2024-12-18,TITANIUM,쿠폰 미사용,쿠폰 미사용,coupon_name+order_coupon_name+coupon_code+order_coupon_no+order_product_coupon_name+order_product_coupon_no+product_coupon_type_no,1,1,1,132300,0,132300.0
2024-12-19,FAMILY,쿠폰 사용,쿠폰명 미확인,coupon_name+order_coupon_name+coupon_code+order_coupon_no+order_product_coupon_name+order_product_coupon_no+product_coupon_type_no,78,78,107,12781280,2026790,163862.5641025641
2024-12-19,FAMILY,쿠폰 미사용,쿠폰 미사용,coupon_name+order_coupon_name+coupon_code+order_coupon_no+order_product_coupon_name+order_product_coupon_no+product_coupon_type_no,53,52,65,7077190,0,133531.88679245283
2024-12-19,GOLD,쿠폰 미사용,쿠폰 미사용,coupon_name+order_coupon_name+coupon_code+order_coupon_no+order_product_coupon_name+order_product_coupon_no+product_coupon_type_no,4,3,6,474700,0,118675.0
2024-12-19,SILVER,쿠폰 사용,쿠폰명 미확인,coupon_name+order_coupon_name+coupon_code+order_coupon_no+order_product_coupon_name+order_product_coupon_no+product_coupon_type_no,3,3,4,737050,239850,245683.33333333334
2024-12-19,SILVER,쿠폰 미사용,쿠폰 미사용,coupon_name+order_coupon_name+coupon_code+order_coupon_no+order_product_coupon_name+order_product_coupon_no+product_coupon_type_no,1,1,1,15530,0,15530.0
2024-12-19,TITANIUM,쿠폰 미사용,쿠폰 미사용,coupon_name+order_coupon_name+coupon_code+order_coupon_no+order_product_coupon_name+order_product_coupon_no+product_coupon_type_no,1,1,2,215600,0,215600.0
2024-12-20,FAMILY,쿠폰 사용,쿠폰명 미확인,coupon_name+order_coupon_name+coupon_code+order_coupon_no+order_product_coupon_name+order_product_coupon_no+product_coupon_type_no,72,72,88,9540130,1642320,132501.80555555556
2024-12-20,FAMILY,쿠폰 미사용,쿠폰 미사용,coupon_name+order_coupon_name+coupon_code+order_coupon_no+order_product_coupon_name+order_product_coupon_no+product_coupon_type_no,26,26,32,3025330,0,116358.84615384616
2024-12-20,SILVER,쿠폰 미사용,쿠폰 미사용,coupon_name+order_coupon_name+coupon_code+order_coupon_no+order_product_coupon_name+order_product_coupon_no+product_coupon_type_no,1,1,1,139300,0,139300.0
2024-12-20,SILVER,쿠폰 사용,쿠폰명 미확인,coupon_name+order_coupon_name+coupon_code+order_coupon_no+order_product_coupon_name+order_product_coupon_no+product_coupon_type_no,2,1,2,84000,50400,42000.0
2024-12-20,TITANIUM,쿠폰 미사용,쿠폰 미사용,coupon_name+order_coupon_name+coupon_code+order_coupon_no+order_product_coupon_name+order_product_coupon_no+product_coupon_type_no,1,1,1,135290,0,135290.0
2024-12-21,FAMILY,쿠폰 사용,쿠폰명 미확인,coupon_name+order_coupon_name+coupon_code+order_coupon_no+order_product_coupon_name+order_product_coupon_no+product_coupon_type_no,68,66,104,10517850,1963490,154674.26470588235
2024-12-21,FAMILY,쿠폰 미사용,쿠폰 미사용,coupon_name+order_coupon_name+coupon_code+order_coupon_no+order_product_coupon_name+order_product_coupon_no+product_coupon_type_no,22,21,24,2324110,0,105641.36363636363
2024-12-21,SILVER,쿠폰 미사용,쿠폰 미사용,coupon_name+order_coupon_name+coupon_code+order_coupon_no+order_product_coupon_name+order_product_coupon_no+product_coupon_type_no,3,3,4,162760,0,54253.333333333336
2024-12-21,SILVER,쿠폰 사용,쿠폰명 미확인,coupon_name+order_coupon_name+coupon_code+order_coupon_no+order_product_coupon_name+order_product_coupon_no+product_coupon_type_no,1,1,1,33100,3900,33100.0
2024-12-22,FAMILY,쿠폰 사용,쿠폰명 미확인,coupon_name+order_coupon_name+coupon_code+order_coupon_no+order_product_coupon_name+order_product_coupon_no+product_coupon_type_no,102,102,127,15111693,2165247,148153.85294117648
2024-12-22,FAMILY,쿠폰 미사용,쿠폰 미사용,coupon_name+order_coupon_name+coupon_code+order_coupon_no+order_product_coupon_name+order_product_coupon_no+product_coupon_type_no,27,27,28,2340700,0,86692.5925925926
2024-12-22,SILVER,쿠폰 미사용,쿠폰 미사용,coupon_name+order_coupon_name+coupon_code+order_coupon_no+order_product_coupon_name+order_product_coupon_no+product_coupon_type_no,4,4,7,865210,0,216302.5
2024-12-22,SILVER,쿠폰 사용,쿠폰명 미확인,coupon_name+order_coupon_name+coupon_code+order_coupon_no+order_product_coupon_name+order_product_coupon_no+product_coupon_type_no,2,2,2,138300,20000,69150.0
2024-12-22,TITANIUM,쿠폰 미사용,쿠폰 미사용,coupon_name+order_coupon_name+coupon_code+order_coupon_no+order_product_coupon_name+order_product_coupon_no+product_coupon_type_no,1,1,1,139300,0,139300.0
2024-12-23,FAMILY,쿠폰 사용,쿠폰명 미확인,coupon_name+order_coupon_name+coupon_code+order_coupon_no+order_product_coupon_name+order_product_coupon_no+product_coupon_type_no,70,67,109,12579900,2236340,179712.85714285713
2024-12-23,FAMILY,쿠폰 미사용,쿠폰 미사용,coupon_name+order_coupon_name+coupon_code+order_coupon_no+order_product_coupon_name+order_product_coupon_no+product_coupon_type_no,25,25,27,3194800,0,127792.0
2024-12-23,SILVER,쿠폰 미사용,쿠폰 미사용,coupon_name+order_coupon_name+coupon_code+order_coupon_no+order_product_coupon_name+order_product_coupon_no+product_coupon_type_no,4,4,7,683700,0,170925.0
2024-12-23,SILVER,쿠폰 사용,쿠폰명 미확인,coupon_name+order_coupon_name+coupon_code+order_coupon_no+order_product_coupon_name+order_product_coupon_no+product_coupon_type_no,1,1,1,39500,23700,39500.0
2024-12-24,FAMILY,쿠폰 사용,쿠폰명 미확인,coupon_name+order_coupon_name+coupon_code+order_coupon_no+order_product_coupon_name+order_product_coupon_no+product_coupon_type_no,70,67,92,10882820,2055240,155468.85714285713
2024-12-24,FAMILY,쿠폰 미사용,쿠폰 미사용,coupon_name+order_coupon_name+coupon_code+order_coupon_no+order_product_coupon_name+order_product_coupon_no+product_coupon_type_no,34,34,50,2806200,0,82535.29411764706
2024-12-24,SILVER,쿠폰 미사용,쿠폰 미사용,coupon_name+order_coupon_name+coupon_code+order_coupon_no+order_product_coupon_name+order_product_coupon_no+product_coupon_type_no,1,1,1,233730,0,233730.0
2024-12-24,SILVER,쿠폰 사용,쿠폰명 미확인,coupon_name+order_coupon_name+coupon_code+order_coupon_no+order_product_coupon_name+order_product_coupon_no+product_coupon_type_no,2,2,2,159650,23230,79825.0
2024-12-25,FAMILY,쿠폰 사용,쿠폰명 미확인,coupon_name+order_coupon_name+coupon_code+order_coupon_no+order_product_coupon_name+order_product_coupon_no+product_coupon_type_no,63,62,73,7131840,1117640,113203.80952380953
2024-12-25,FAMILY,쿠폰 미사용,쿠폰 미사용,coupon_name+order_coupon_name+coupon_code+order_coupon_no+order_product_coupon_name+order_product_coupon_no+product_coupon_type_no,36,35,65,4644270,0,129007.5
2024-12-25,SILVER,쿠폰 미사용,쿠폰 미사용,coupon_name+order_coupon_name+coupon_code+order_coupon_no+order_product_coupon_name+order_product_coupon_no+product_coupon_type_no,7,7,14,864360,0,123480.0
2024-12-25,SILVER,쿠폰 사용,쿠폰명 미확인,coupon_name+order_coupon_name+coupon_code+order_coupon_no+order_product_coupon_name+order_product_coupon_no+product_coupon_type_no,1,1,1,24500,4500,24500.0
2024-12-26,FAMILY,쿠폰 사용,쿠폰명 미확인,coupon_name+order_coupon_name+coupon_code+order_coupon_no+order_product_coupon_name+order_product_coupon_no+product_coupon_type_no,58,58,74,7543130,1255230,130053.96551724138
2024-12-26,FAMILY,쿠폰 미사용,쿠폰 미사용,coupon_name+order_coupon_name+coupon_code+order_coupon_no+order_product_coupon_name+order_product_coupon_no+product_coupon_type_no,46,46,71,3270010,0,71087.17391304347
2024-12-26,GOLD,쿠폰 미사용,쿠폰 미사용,coupon_name+order_coupon_name+coupon_code+order_coupon_no+order_product_coupon_name+order_product_coupon_no+product_coupon_type_no,1,1,2,190500,0,190500.0
2024-12-26,SILVER,쿠폰 미사용,쿠폰 미사용,coupon_name+order_coupon_name+coupon_code+order_coupon_no+order_product_coupon_name+order_product_coupon_no+product_coupon_type_no,3,3,3,278440,0,92813.33333333333
2024-12-26,TITANIUM,쿠폰 미사용,쿠폰 미사용,coupon_name+order_coupon_name+coupon_code+order_coupon_no+order_product_coupon_name+order_product_coupon_no+product_coupon_type_no,1,1,1,13750,0,13750.0
2024-12-27,FAMILY,쿠폰 사용,쿠폰명 미확인,coupon_name+order_coupon_name+coupon_code+order_coupon_no+order_product_coupon_name+order_product_coupon_no+product_coupon_type_no,63,62,79,7620250,1251700,120956.3492063492
2024-12-27,FAMILY,쿠폰 미사용,쿠폰 미사용,coupon_name+order_coupon_name+coupon_code+order_coupon_no+order_product_coupon_name+order_product_coupon_no+product_coupon_type_no,26,26,29,1969900,0,75765.38461538461
2024-12-27,GOLD,쿠폰 미사용,쿠폰 미사용,coupon_name+order_coupon_name+coupon_code+order_coupon_no+order_product_coupon_name+order_product_coupon_no+product_coupon_type_no,2,1,2,109200,0,54600.0
2024-12-27,SILVER,쿠폰 미사용,쿠폰 미사용,coupon_name+order_coupon_name+coupon_code+order_coupon_no+order_product_coupon_name+order_product_coupon_no+product_coupon_type_no,2,2,2,169350,0,84675.0
2024-12-27,SILVER,쿠폰 사용,쿠폰명 미확인,coupon_name+order_coupon_name+coupon_code+order_coupon_no+order_product_coupon_name+order_product_coupon_no+product_coupon_type_no,2,2,2,125840,15800,62920.0
2024-12-28,FAMILY,쿠폰 사용,쿠폰명 미확인,coupon_name+order_coupon_name+coupon_code+order_coupon_no+order_product_coupon_name+order_product_coupon_no+product_coupon_type_no,59,59,87,8222080,1352960,139357.28813559323
2024-12-28,FAMILY,쿠폰 미사용,쿠폰 미사용,coupon_name+order_coupon_name+coupon_code+order_coupon_no+order_product_coupon_name+order_product_coupon_no+product_coupon_type_no,23,23,27,1509250,0,65619.56521739131
2024-12-28,SILVER,쿠폰 미사용,쿠폰 미사용,coupon_name+order_coupon_name+coupon_code+order_coupon_no+order_product_coupon_name+order_product_coupon_no+product_coupon_type_no,4,4,6,357950,0,89487.5
2024-12-28,TITANIUM,쿠폰 미사용,쿠폰 미사용,coupon_name+order_coupon_name+coupon_code+order_coupon_no+order_product_coupon_name+order_product_coupon_no+product_coupon_type_no,1,1,1,120940,0,120940.0
2024-12-29,FAMILY,쿠폰 사용,쿠폰명 미확인,coupon_name+order_coupon_name+coupon_code+order_coupon_no+order_product_coupon_name+order_product_coupon_no+product_coupon_type_no,78,78,121,11049030,1522580,141654.23076923078
2024-12-29,FAMILY,쿠폰 미사용,쿠폰 미사용,coupon_name+order_coupon_name+coupon_code+order_coupon_no+order_product_coupon_name+order_product_coupon_no+product_coupon_type_no,18,18,26,1778330,0,98796.11111111111
2024-12-29,SILVER,쿠폰 사용,쿠폰명 미확인,coupon_name+order_coupon_name+coupon_code+order_coupon_no+order_product_coupon_name+order_product_coupon_no+product_coupon_type_no,3,3,3,394970,61330,131656.66666666666
2024-12-29,SILVER,쿠폰 미사용,쿠폰 미사용,coupon_name+order_coupon_name+coupon_code+order_coupon_no+order_product_coupon_name+order_product_coupon_no+product_coupon_type_no,4,4,4,189500,0,47375.0
2024-12-29,TITANIUM,쿠폰 미사용,쿠폰 미사용,coupon_name+order_coupon_name+coupon_code+order_coupon_no+order_product_coupon_name+order_product_coupon_no+product_coupon_type_no,2,2,2,209720,0,104860.0
2024-12-30,FAMILY,쿠폰 사용,쿠폰명 미확인,coupon_name+order_coupon_name+coupon_code+order_coupon_no+order_product_coupon_name+order_product_coupon_no+product_coupon_type_no,42,40,50,5653700,1249400,134611.90476190476
2024-12-30,FAMILY,쿠폰 미사용,쿠폰 미사용,coupon_name+order_coupon_name+coupon_code+order_coupon_no+order_product_coupon_name+order_product_coupon_no+product_coupon_type_no,32,32,37,3388650,0,105895.3125
2024-12-30,GOLD,쿠폰 미사용,쿠폰 미사용,coupon_name+order_coupon_name+coupon_code+order_coupon_no+order_product_coupon_name+order_product_coupon_no+product_coupon_type_no,1,1,1,215740,0,215740.0
2024-12-30,SILVER,쿠폰 미사용,쿠폰 미사용,coupon_name+order_coupon_name+coupon_code+order_coupon_no+order_product_coupon_name+order_product_coupon_no+product_coupon_type_no,5,5,9,805330,0,161066.0
2024-12-30,SILVER,쿠폰 사용,쿠폰명 미확인,coupon_name+order_coupon_name+coupon_code+order_coupon_no+order_product_coupon_name+order_product_coupon_no+product_coupon_type_no,2,2,7,789290,66110,394645.0
2024-12-31,FAMILY,쿠폰 사용,쿠폰명 미확인,coupon_name+order_coupon_name+coupon_code+order_coupon_no+order_product_coupon_name+order_product_coupon_no+product_coupon_type_no,62,61,77,8160650,1337350,131623.38709677418
2024-12-31,FAMILY,쿠폰 미사용,쿠폰 미사용,coupon_name+order_coupon_name+coupon_code+order_coupon_no+order_product_coupon_name+order_product_coupon_no+product_coupon_type_no,68,65,91,4116620,0,60538.529411764706
2024-12-31,SILVER,쿠폰 미사용,쿠폰 미사용,coupon_name+order_coupon_name+coupon_code+order_coupon_no+order_product_coupon_name+order_product_coupon_no+product_coupon_type_no,4,4,5,679490,0,169872.5
2024-12-31,SILVER,쿠폰 사용,쿠폰명 미확인,coupon_name+order_coupon_name+coupon_code+order_coupon_no+order_product_coupon_name+order_product_coupon_no+product_coupon_type_no,1,1,1,118270,29800,118270.0
2025-01-01,FAMILY,쿠폰 사용,쿠폰명 미확인,coupon_name+order_coupon_name+coupon_code+order_coupon_no+order_product_coupon_name+order_product_coupon_no+product_coupon_type_no,57,56,73,7242210,1223360,127056.31578947368
2025-01-01,FAMILY,쿠폰 미사용,쿠폰 미사용,coupon_name+order_coupon_name+coupon_code+order_coupon_no+order_product_coupon_name+order_product_coupon_no+product_coupon_type_no,27,27,37,2590150,0,95931.48148148147
2025-01-01,SILVER,쿠폰 사용,쿠폰명 미확인,coupon_name+order_coupon_name+coupon_code+order_coupon_no+order_product_coupon_name+order_product_coupon_no+product_coupon_type_no,2,2,6,276570,37600,138285.0
2025-01-01,SILVER,쿠폰 미사용,쿠폰 미사용,coupon_name+order_coupon_name+coupon_code+order_coupon_no+order_product_coupon_name+order_product_coupon_no+product_coupon_type_no,2,2,2,148150,0,74075.0
2025-01-01,TITANIUM,쿠폰 미사용,쿠폰 미사용,coupon_name+order_coupon_name+coupon_code+order_coupon_no+order_product_coupon_name+order_product_coupon_no+product_coupon_type_no,3,2,6,657150,0,219050.0
2025-01-02,FAMILY,쿠폰 사용,쿠폰명 미확인,coupon_name+order_coupon_name+coupon_code+order_coupon_no+order_product_coupon_name+order_product_coupon_no+product_coupon_type_no,65,62,80,8457010,1486620,130107.84615384616
2025-01-02,FAMILY,쿠폰 미사용,쿠폰 미사용,coupon_name+order_coupon_name+coupon_code+order_coupon_no+order_product_coupon_name+order_product_coupon_no+product_coupon_type_no,34,34,47,2860610,0,84135.58823529411
2025-01-02,SILVER,쿠폰 미사용,쿠폰 미사용,coupon_name+order_coupon_name+coupon_code+order_coupon_no+order_product_coupon_name+order_product_coupon_no+product_coupon_type_no,4,4,8,794430,0,198607.5
2025-01-02,SILVER,쿠폰 사용,쿠폰명 미확인,coupon_name+order_coupon_name+coupon_code+order_coupon_no+order_product_coupon_name+order_product_coupon_no+product_coupon_type_no,3,3,4,734220,98580,244740.0
2025-01-02,TITANIUM,쿠폰 미사용,쿠폰 미사용,coupon_name+order_coupon_name+coupon_code+order_coupon_no+order_product_coupon_name+order_product_coupon_no+product_coupon_type_no,1,1,4,550000,0,550000.0
2025-01-03,FAMILY,쿠폰 사용,쿠폰명 미확인,coupon_name+order_coupon_name+coupon_code+order_coupon_no+order_product_coupon_name+order_product_coupon_no+product_coupon_type_no,49,49,61,7206350,1119520,147068.3673469388
2025-01-03,FAMILY,쿠폰 미사용,쿠폰 미사용,coupon_name+order_coupon_name+coupon_code+order_coupon_no+order_product_coupon_name+order_product_coupon_no+product_coupon_type_no,22,22,26,1379090,0,62685.90909090909
2025-01-03,GOLD,쿠폰 미사용,쿠폰 미사용,coupon_name+order_coupon_name+coupon_code+order_coupon_no+order_product_coupon_name+order_product_coupon_no+product_coupon_type_no,2,2,2,265500,0,132750.0
2025-01-03,SILVER,쿠폰 미사용,쿠폰 미사용,coupon_name+order_coupon_name+coupon_code+order_coupon_no+order_product_coupon_name+order_product_coupon_no+product_coupon_type_no,3,3,4,676500,0,225500.0
2025-01-03,SILVER,쿠폰 사용,쿠폰명 미확인,coupon_name+order_coupon_name+coupon_code+order_coupon_no+order_product_coupon_name+order_product_coupon_no+product_coupon_type_no,2,2,2,415980,78220,207990.0
2025-01-04,FAMILY,쿠폰 사용,쿠폰명 미확인,coupon_name+order_coupon_name+coupon_code+order_coupon_no+order_product_coupon_name+order_product_coupon_no+product_coupon_type_no,42,42,52,5915560,873800,140846.66666666666
2025-01-04,FAMILY,쿠폰 미사용,쿠폰 미사용,coupon_name+order_coupon_name+coupon_code+order_coupon_no+order_product_coupon_name+order_product_coupon_no+product_coupon_type_no,13,13,16,1244880,0,95760.0
2025-01-04,GOLD,쿠폰 미사용,쿠폰 미사용,coupon_name+order_coupon_name+coupon_code+order_coupon_no+order_product_coupon_name+order_product_coupon_no+product_coupon_type_no,1,1,2,190000,0,190000.0
2025-01-04,SILVER,쿠폰 사용,쿠폰명 미확인,coupon_name+order_coupon_name+coupon_code+order_coupon_no+order_product_coupon_name+order_product_coupon_no+product_coupon_type_no,2,2,3,1105340,148260,552670.0
2025-01-04,SILVER,쿠폰 미사용,쿠폰 미사용,coupon_name+order_coupon_name+coupon_code+order_coupon_no+order_product_coupon_name+order_product_coupon_no+product_coupon_type_no,2,2,6,290900,0,145450.0
2025-01-04,TITANIUM,쿠폰 미사용,쿠폰 미사용,coupon_name+order_coupon_name+coupon_code+order_coupon_no+order_product_coupon_name+order_product_coupon_no+product_coupon_type_no,2,2,3,402660,0,201330.0
2025-01-05,FAMILY,쿠폰 사용,쿠폰명 미확인,coupon_name+order_coupon_name+coupon_code+order_coupon_no+order_product_coupon_name+order_product_coupon_no+product_coupon_type_no,53,53,63,7635040,1161570,144057.35849056602
2025-01-05,FAMILY,쿠폰 미사용,쿠폰 미사용,coupon_name+order_coupon_name+coupon_code+order_coupon_no+order_product_coupon_name+order_product_coupon_no+product_coupon_type_no,22,22,26,2066790,0,93945.0
2025-01-05,SILVER,쿠폰 미사용,쿠폰 미사용,coupon_name+order_coupon_name+coupon_code+order_coupon_no+order_product_coupon_name+order_product_coupon_no+product_coupon_type_no,4,4,6,525490,0,131372.5
2025-01-06,FAMILY,쿠폰 사용,쿠폰명 미확인,coupon_name+order_coupon_name+coupon_code+order_coupon_no+order_product_coupon_name+order_product_coupon_no+product_coupon_type_no,60,60,75,6993480,1395660,116558.0
2025-01-06,FAMILY,쿠폰 미사용,쿠폰 미사용,coupon_name+order_coupon_name+coupon_code+order_coupon_no+order_product_coupon_name+order_product_coupon_no+product_coupon_type_no,21,20,24,1888850,0,89945.23809523809
2025-01-06,GOLD,쿠폰 사용,쿠폰명 미확인,coupon_name+order_coupon_name+coupon_code+order_coupon_no+order_product_coupon_name+order_product_coupon_no+product_coupon_type_no,1,1,1,35450,10000,35450.0
2025-01-06,SILVER,쿠폰 사용,쿠폰명 미확인,coupon_name+order_coupon_name+coupon_code+order_coupon_no+order_product_coupon_name+order_product_coupon_no+product_coupon_type_no,4,4,10,1140630,221270,285157.5
2025-01-06,SILVER,쿠폰 미사용,쿠폰 미사용,coupon_name+order_coupon_name+coupon_code+order_coupon_no+order_product_coupon_name+order_product_coupon_no+product_coupon_type_no,3,2,4,228300,0,76100.0
2025-01-07,FAMILY,쿠폰 사용,쿠폰명 미확인,coupon_name+order_coupon_name+coupon_code+order_coupon_no+order_product_coupon_name+order_product_coupon_no+product_coupon_type_no,65,65,76,8592550,1507720,132193.07692307694
2025-01-07,FAMILY,쿠폰 미사용,쿠폰 미사용,coupon_name+order_coupon_name+coupon_code+order_coupon_no+order_product_coupon_name+order_product_coupon_no+product_coupon_type_no,24,24,29,2642950,0,110122.91666666667
2025-01-07,SILVER,쿠폰 사용,쿠폰명 미확인,coupon_name+order_coupon_name+coupon_code+order_coupon_no+order_product_coupon_name+order_product_coupon_no+product_coupon_type_no,3,3,3,878580,121620,292860.0
2025-01-07,SILVER,쿠폰 미사용,쿠폰 미사용,coupon_name+order_coupon_name+coupon_code+order_coupon_no+order_product_coupon_name+order_product_coupon_no+product_coupon_type_no,2,2,2,191450,0,95725.0
2025-01-07,TITANIUM,쿠폰 미사용,쿠폰 미사용,coupon_name+order_coupon_name+coupon_code+order_coupon_no+order_product_coupon_name+order_product_coupon_no+product_coupon_type_no,2,2,6,787560,0,393780.0
2025-01-08,FAMILY,쿠폰 사용,쿠폰명 미확인,coupon_name+order_coupon_name+coupon_code+order_coupon_no+order_product_coupon_name+order_product_coupon_no+product_coupon_type_no,55,54,65,7587440,1198040,137953.45454545456
2025-01-08,FAMILY,쿠폰 미사용,쿠폰 미사용,coupon_name+order_coupon_name+coupon_code+order_coupon_no+order_product_coupon_name+order_product_coupon_no+product_coupon_type_no,35,35,46,3978390,0,113668.28571428571
2025-01-08,SILVER,쿠폰 미사용,쿠폰 미사용,coupon_name+order_coupon_name+coupon_code+order_coupon_no+order_product_coupon_name+order_product_coupon_no+product_coupon_type_no,7,7,11,1721650,0,245950.0
2025-01-08,SILVER,쿠폰 사용,쿠폰명 미확인,coupon_name+order_coupon_name+coupon_code+order_coupon_no+order_product_coupon_name+order_product_coupon_no+product_coupon_type_no,3,3,3,499660,145040,166553.33333333334
2025-01-09,FAMILY,쿠폰 사용,쿠폰명 미확인,coupon_name+order_coupon_name+coupon_code+order_coupon_no+order_product_coupon_name+order_product_coupon_no+product_coupon_type_no,58,58,65,8139830,1525860,140341.89655172414
2025-01-09,FAMILY,쿠폰 미사용,쿠폰 미사용,coupon_name+order_coupon_name+coupon_code+order_coupon_no+order_product_coupon_name+order_product_coupon_no+product_coupon_type_no,26,25,32,2975010,0,114423.46153846153
2025-01-09,GOLD,쿠폰 미사용,쿠폰 미사용,coupon_name+order_coupon_name+coupon_code+order_coupon_no+order_product_coupon_name+order_product_coupon_no+product_coupon_type_no,1,1,1,125300,0,125300.0
2025-01-09,SILVER,쿠폰 미사용,쿠폰 미사용,coupon_name+order_coupon_name+coupon_code+order_coupon_no+order_product_coupon_name+order_product_coupon_no+product_coupon_type_no,6,6,20,959200,0,159866.66666666666
2025-01-09,SILVER,쿠폰 사용,쿠폰명 미확인,coupon_name+order_coupon_name+coupon_code+order_coupon_no+order_product_coupon_name+order_product_coupon_no+product_coupon_type_no,3,3,3,204350,110000,68116.66666666667
2025-01-09,TITANIUM,쿠폰 미사용,쿠폰 미사용,coupon_name+order_coupon_name+coupon_code+order_coupon_no+order_product_coupon_name+order_product_coupon_no+product_coupon_type_no,2,2,8,1040790,0,520395.0
2025-01-10,FAMILY,쿠폰 사용,쿠폰명 미확인,coupon_name+order_coupon_name+coupon_code+order_coupon_no+order_product_coupon_name+order_product_coupon_no+product_coupon_type_no,50,47,60,7078150,1318050,141563.0
2025-01-10,FAMILY,쿠폰 미사용,쿠폰 미사용,coupon_name+order_coupon_name+coupon_code+order_coupon_no+order_product_coupon_name+order_product_coupon_no+product_coupon_type_no,33,33,42,4000380,0,121223.63636363637
2025-01-10,GOLD,쿠폰 미사용,쿠폰 미사용,coupon_name+order_coupon_name+coupon_code+order_coupon_no+order_product_coupon_name+order_product_coupon_no+product_coupon_type_no,3,2,4,979310,0,326436.6666666667
2025-01-10,SILVER,쿠폰 미사용,쿠폰 미사용,coupon_name+order_coupon_name+coupon_code+order_coupon_no+order_product_coupon_name+order_product_coupon_no+product_coupon_type_no,2,2,2,302710,0,151355.0
2025-01-10,SILVER,쿠폰 사용,쿠폰명 미확인,coupon_name+order_coupon_name+coupon_code+order_coupon_no+order_product_coupon_name+order_product_coupon_no+product_coupon_type_no,1,1,1,64500,64500,64500.0
2025-01-10,TITANIUM,쿠폰 미사용,쿠폰 미사용,coupon_name+order_coupon_name+coupon_code+order_coupon_no+order_product_coupon_name+order_product_coupon_no+product_coupon_type_no,2,2,2,152500,0,76250.0
2025-01-11,FAMILY,쿠폰 사용,쿠폰명 미확인,coupon_name+order_coupon_name+coupon_code+order_coupon_no+order_product_coupon_name+order_product_coupon_no+product_coupon_type_no,48,48,58,6079930,955930,126665.20833333333
2025-01-11,FAMILY,쿠폰 미사용,쿠폰 미사용,coupon_name+order_coupon_name+coupon_code+order_coupon_no+order_product_coupon_name+order_product_coupon_no+product_coupon_type_no,20,20,28,1554220,0,77711.0
2025-01-11,SILVER,쿠폰 미사용,쿠폰 미사용,coupon_name+order_coupon_name+coupon_code+order_coupon_no+order_product_coupon_name+order_product_coupon_no+product_coupon_type_no,6,6,6,823750,0,137291.66666666666
2025-01-11,SILVER,쿠폰 사용,쿠폰명 미확인,coupon_name+order_coupon_name+coupon_code+order_coupon_no+order_product_coupon_name+order_product_coupon_no+product_coupon_type_no,2,2,2,505680,58720,252840.0
2025-01-12,FAMILY,쿠폰 사용,쿠폰명 미확인,coupon_name+order_coupon_name+coupon_code+order_coupon_no+order_product_coupon_name+order_product_coupon_no+product_coupon_type_no,57,57,63,7478240,1052680,131197.19298245615
2025-01-12,FAMILY,쿠폰 미사용,쿠폰 미사용,coupon_name+order_coupon_name+coupon_code+order_coupon_no+order_product_coupon_name+order_product_coupon_no+product_coupon_type_no,24,24,37,1943070,0,80961.25
2025-01-12,GOLD,쿠폰 미사용,쿠폰 미사용,coupon_name+order_coupon_name+coupon_code+order_coupon_no+order_product_coupon_name+order_product_coupon_no+product_coupon_type_no,1,1,1,209300,0,209300.0
2025-01-12,SILVER,쿠폰 미사용,쿠폰 미사용,coupon_name+order_coupon_name+coupon_code+order_coupon_no+order_product_coupon_name+order_product_coupon_no+product_coupon_type_no,11,9,16,1309560,0,119050.90909090909
2025-01-12,SILVER,쿠폰 사용,쿠폰명 미확인,coupon_name+order_coupon_name+coupon_code+order_coupon_no+order_product_coupon_name+order_product_coupon_no+product_coupon_type_no,2,2,3,247080,42350,123540.0
2025-01-13,FAMILY,쿠폰 사용,쿠폰명 미확인,coupon_name+order_coupon_name+coupon_code+order_coupon_no+order_product_coupon_name+order_product_coupon_no+product_coupon_type_no,82,82,102,9814320,1631770,119686.82926829268
2025-01-13,FAMILY,쿠폰 미사용,쿠폰 미사용,coupon_name+order_coupon_name+coupon_code+order_coupon_no+order_product_coupon_name+order_product_coupon_no+product_coupon_type_no,100,98,149,7235250,0,72352.5
2025-01-13,SILVER,쿠폰 사용,쿠폰명 미확인,coupon_name+order_coupon_name+coupon_code+order_coupon_no+order_product_coupon_name+order_product_coupon_no+product_coupon_type_no,4,4,11,1670370,181350,417592.5
2025-01-13,SILVER,쿠폰 미사용,쿠폰 미사용,coupon_name+order_coupon_name+coupon_code+order_coupon_no+order_product_coupon_name+order_product_coupon_no+product_coupon_type_no,13,13,15,1571950,0,120919.23076923077
2025-01-13,TITANIUM,쿠폰 미사용,쿠폰 미사용,coupon_name+order_coupon_name+coupon_code+order_coupon_no+order_product_coupon_name+order_product_coupon_no+product_coupon_type_no,2,2,3,110000,0,55000.0
2025-01-13,TITANIUM,쿠폰 사용,쿠폰명 미확인,coupon_name+order_coupon_name+coupon_code+order_coupon_no+order_product_coupon_name+order_product_coupon_no+product_coupon_type_no,1,1,1,66580,10000,66580.0
2025-01-14,FAMILY,쿠폰 사용,쿠폰명 미확인,coupon_name+order_coupon_name+coupon_code+order_coupon_no+order_product_coupon_name+order_product_coupon_no+product_coupon_type_no,56,55,70,7532770,1792190,134513.75
2025-01-14,FAMILY,쿠폰 미사용,쿠폰 미사용,coupon_name+order_coupon_name+coupon_code+order_coupon_no+order_product_coupon_name+order_product_coupon_no+product_coupon_type_no,50,50,67,3337850,0,66757.0
2025-01-14,SILVER,쿠폰 미사용,쿠폰 미사용,coupon_name+order_coupon_name+coupon_code+order_coupon_no+order_product_coupon_name+order_product_coupon_no+product_coupon_type_no,8,8,19,2038360,0,254795.0
2025-01-14,SILVER,쿠폰 사용,쿠폰명 미확인,coupon_name+order_coupon_name+coupon_code+order_coupon_no+order_product_coupon_name+order_product_coupon_no+product_coupon_type_no,4,4,15,1504040,176860,376010.0
2025-01-14,TITANIUM,쿠폰 미사용,쿠폰 미사용,coupon_name+order_coupon_name+coupon_code+order_coupon_no+order_product_coupon_name+order_product_coupon_no+product_coupon_type_no,1,1,4,165500,0,165500.0
2025-01-15,FAMILY,쿠폰 사용,쿠폰명 미확인,coupon_name+order_coupon_name+coupon_code+order_coupon_no+order_product_coupon_name+order_product_coupon_no+product_coupon_type_no,45,45,47,4451790,611660,98928.66666666667
2025-01-15,FAMILY,쿠폰 미사용,쿠폰 미사용,coupon_name+order_coupon_name+coupon_code+order_coupon_no+order_product_coupon_name+order_product_coupon_no+product_coupon_type_no,38,38,56,2467350,0,64930.26315789474
2025-01-15,GOLD,쿠폰 미사용,쿠폰 미사용,coupon_name+order_coupon_name+coupon_code+order_coupon_no+order_product_coupon_name+order_product_coupon_no+product_coupon_type_no,1,1,1,652530,0,652530.0
2025-01-15,SILVER,쿠폰 미사용,쿠폰 미사용,coupon_name+order_coupon_name+coupon_code+order_coupon_no+order_product_coupon_name+order_product_coupon_no+product_coupon_type_no,8,8,15,1376290,0,172036.25
2025-01-15,SILVER,쿠폰 사용,쿠폰명 미확인,coupon_name+order_coupon_name+coupon_code+order_coupon_no+order_product_coupon_name+order_product_coupon_no+product_coupon_type_no,4,3,6,969750,260250,242437.5
2025-01-16,FAMILY,쿠폰 사용,쿠폰명 미확인,coupon_name+order_coupon_name+coupon_code+order_coupon_no+order_product_coupon_name+order_product_coupon_no+product_coupon_type_no,58,56,72,7280980,1373380,125534.13793103448
2025-01-16,FAMILY,쿠폰 미사용,쿠폰 미사용,coupon_name+order_coupon_name+coupon_code+order_coupon_no+order_product_coupon_name+order_product_coupon_no+product_coupon_type_no,32,32,47,2073900,0,64809.375
2025-01-16,SILVER,쿠폰 사용,쿠폰명 미확인,coupon_name+order_coupon_name+coupon_code+order_coupon_no+order_product_coupon_name+order_product_coupon_no+product_coupon_type_no,6,6,19,2472800,386820,412133.3333333333
2025-01-16,SILVER,쿠폰 미사용,쿠폰 미사용,coupon_name+order_coupon_name+coupon_code+order_coupon_no+order_product_coupon_name+order_product_coupon_no+product_coupon_type_no,4,4,4,342930,0,85732.5
2025-01-17,FAMILY,쿠폰 사용,쿠폰명 미확인,coupon_name+order_coupon_name+coupon_code+order_coupon_no+order_product_coupon_name+order_product_coupon_no+product_coupon_type_no,41,41,53,4439260,894570,108274.63414634146
2025-01-17,FAMILY,쿠폰 미사용,쿠폰 미사용,coupon_name+order_coupon_name+coupon_code+order_coupon_no+order_product_coupon_name+order_product_coupon_no+product_coupon_type_no,31,31,36,2641530,0,85210.64516129032
2025-01-17,GOLD,쿠폰 미사용,쿠폰 미사용,coupon_name+order_coupon_name+coupon_code+order_coupon_no+order_product_coupon_name+order_product_coupon_no+product_coupon_type_no,1,1,1,53550,0,53550.0
2025-01-17,SILVER,쿠폰 미사용,쿠폰 미사용,coupon_name+order_coupon_name+coupon_code+order_coupon_no+order_product_coupon_name+order_product_coupon_no+product_coupon_type_no,5,5,6,230600,0,46120.0
2025-01-17,SILVER,쿠폰 사용,쿠폰명 미확인,coupon_name+order_coupon_name+coupon_code+order_coupon_no+order_product_coupon_name+order_product_coupon_no+product_coupon_type_no,3,3,4,127110,48300,42370.0
2025-01-17,TITANIUM,쿠폰 사용,쿠폰명 미확인,coupon_name+order_coupon_name+coupon_code+order_coupon_no+order_product_coupon_name+order_product_coupon_no+product_coupon_type_no,1,1,1,120000,31800,120000.0
2025-01-18,FAMILY,쿠폰 사용,쿠폰명 미확인,coupon_name+order_coupon_name+coupon_code+order_coupon_no+order_product_coupon_name+order_product_coupon_no+product_coupon_type_no,31,31,38,3618160,540040,116714.83870967742
2025-01-18,FAMILY,쿠폰 미사용,쿠폰 미사용,coupon_name+order_coupon_name+coupon_code+order_coupon_no+order_product_coupon_name+order_product_coupon_no+product_coupon_type_no,17,17,25,1587460,0,93380.0
2025-01-18,GOLD,쿠폰 사용,쿠폰명 미확인,coupon_name+order_coupon_name+coupon_code+order_coupon_no+order_product_coupon_name+order_product_coupon_no+product_coupon_type_no,1,1,1,191200,47800,191200.0
2025-01-18,SILVER,쿠폰 미사용,쿠폰 미사용,coupon_name+order_coupon_name+coupon_code+order_coupon_no+order_product_coupon_name+order_product_coupon_no+product_coupon_type_no,2,2,2,438860,0,219430.0
2025-01-18,SILVER,쿠폰 사용,쿠폰명 미확인,coupon_name+order_coupon_name+coupon_code+order_coupon_no+order_product_coupon_name+order_product_coupon_no+product_coupon_type_no,1,1,1,19380,10000,19380.0
2025-01-18,TITANIUM,쿠폰 미사용,쿠폰 미사용,coupon_name+order_coupon_name+coupon_code+order_coupon_no+order_product_coupon_name+order_product_coupon_no+product_coupon_type_no,1,1,1,87470,0,87470.0
2025-01-19,FAMILY,쿠폰 사용,쿠폰명 미확인,coupon_name+order_coupon_name+coupon_code+order_coupon_no+order_product_coupon_name+order_product_coupon_no+product_coupon_type_no,44,44,54,5318570,844230,120876.59090909091
2025-01-19,FAMILY,쿠폰 미사용,쿠폰 미사용,coupon_name+order_coupon_name+coupon_code+order_coupon_no+order_product_coupon_name+order_product_coupon_no+product_coupon_type_no,25,25,40,2517180,0,100687.2
2025-01-19,SILVER,쿠폰 미사용,쿠폰 미사용,coupon_name+order_coupon_name+coupon_code+order_coupon_no+order_product_coupon_name+order_product_coupon_no+product_coupon_type_no,7,6,12,948700,0,135528.57142857142
2025-01-19,SILVER,쿠폰 사용,쿠폰명 미확인,coupon_name+order_coupon_name+coupon_code+order_coupon_no+order_product_coupon_name+order_product_coupon_no+product_coupon_type_no,2,2,2,191760,49600,95880.0
2025-01-20,FAMILY,쿠폰 사용,쿠폰명 미확인,coupon_name+order_coupon_name+coupon_code+order_coupon_no+order_product_coupon_name+order_product_coupon_no+product_coupon_type_no,42,42,55,4975610,811440,118466.90476190476
2025-01-20,FAMILY,쿠폰 미사용,쿠폰 미사용,coupon_name+order_coupon_name+coupon_code+order_coupon_no+order_product_coupon_name+order_product_coupon_no+product_coupon_type_no,19,19,22,1451330,0,76385.78947368421
2025-01-20,GOLD,쿠폰 미사용,쿠폰 미사용,coupon_name+order_coupon_name+coupon_code+order_coupon_no+order_product_coupon_name+order_product_coupon_no+product_coupon_type_no,1,1,1,38000,0,38000.0
2025-01-20,SILVER,쿠폰 미사용,쿠폰 미사용,coupon_name+order_coupon_name+coupon_code+order_coupon_no+order_product_coupon_name+order_product_coupon_no+product_coupon_type_no,6,6,6,941370,0,156895.0
2025-01-20,SILVER,쿠폰 사용,쿠폰명 미확인,coupon_name+order_coupon_name+coupon_code+order_coupon_no+order_product_coupon_name+order_product_coupon_no+product_coupon_type_no,2,2,2,180600,55600,90300.0
2025-01-21,FAMILY,쿠폰 사용,쿠폰명 미확인,coupon_name+order_coupon_name+coupon_code+order_coupon_no+order_product_coupon_name+order_product_coupon_no+product_coupon_type_no,51,51,65,6434643,1299907,126169.4705882353
2025-01-21,FAMILY,쿠폰 미사용,쿠폰 미사용,coupon_name+order_coupon_name+coupon_code+order_coupon_no+order_product_coupon_name+order_product_coupon_no+product_coupon_type_no,26,25,31,2956200,0,113700.0
2025-01-21,SILVER,쿠폰 미사용,쿠폰 미사용,coupon_name+order_coupon_name+coupon_code+order_coupon_no+order_product_coupon_name+order_product_coupon_no+product_coupon_type_no,9,9,21,1922420,0,213602.22222222222
2025-01-21,SILVER,쿠폰 사용,쿠폰명 미확인,coupon_name+order_coupon_name+coupon_code+order_coupon_no+order_product_coupon_name+order_product_coupon_no+product_coupon_type_no,4,4,4,582080,98520,145520.0
2025-01-22,FAMILY,쿠폰 사용,쿠폰명 미확인,coupon_name+order_coupon_name+coupon_code+order_coupon_no+order_product_coupon_name+order_product_coupon_no+product_coupon_type_no,61,61,66,6375210,1386600,104511.6393442623
2025-01-22,FAMILY,쿠폰 미사용,쿠폰 미사용,coupon_name+order_coupon_name+coupon_code+order_coupon_no+order_product_coupon_name+order_product_coupon_no+product_coupon_type_no,46,46,61,3302830,0,71800.65217391304
2025-01-22,SILVER,쿠폰 사용,쿠폰명 미확인,coupon_name+order_coupon_name+coupon_code+order_coupon_no+order_product_coupon_name+order_product_coupon_no+product_coupon_type_no,5,5,9,1012630,137840,202526.0
2025-01-22,SILVER,쿠폰 미사용,쿠폰 미사용,coupon_name+order_coupon_name+coupon_code+order_coupon_no+order_product_coupon_name+order_product_coupon_no+product_coupon_type_no,7,7,12,745890,0,106555.71428571429
2025-01-23,FAMILY,쿠폰 사용,쿠폰명 미확인,coupon_name+order_coupon_name+coupon_code+order_coupon_no+order_product_coupon_name+order_product_coupon_no+product_coupon_type_no,62,62,74,6013540,948280,96992.58064516129
2025-01-23,FAMILY,쿠폰 미사용,쿠폰 미사용,coupon_name+order_coupon_name+coupon_code+order_coupon_no+order_product_coupon_name+order_product_coupon_no+product_coupon_type_no,28,28,33,2001040,0,71465.71428571429
2025-01-23,GOLD,쿠폰 사용,쿠폰명 미확인,coupon_name+order_coupon_name+coupon_code+order_coupon_no+order_product_coupon_name+order_product_coupon_no+product_coupon_type_no,4,3,5,705140,148290,176285.0
2025-01-23,SILVER,쿠폰 미사용,쿠폰 미사용,coupon_name+order_coupon_name+coupon_code+order_coupon_no+order_product_coupon_name+order_product_coupon_no+product_coupon_type_no,3,3,4,769610,0,256536.66666666666
2025-01-23,SILVER,쿠폰 사용,쿠폰명 미확인,coupon_name+order_coupon_name+coupon_code+order_coupon_no+order_product_coupon_name+order_product_coupon_no+product_coupon_type_no,2,2,2,277450,79700,138725.0
2025-01-24,FAMILY,쿠폰 사용,쿠폰명 미확인,coupon_name+order_coupon_name+coupon_code+order_coupon_no+order_product_coupon_name+order_product_coupon_no+product_coupon_type_no,43,42,49,4658823,1016477,108344.72093023256
2025-01-24,FAMILY,쿠폰 미사용,쿠폰 미사용,coupon_name+order_coupon_name+coupon_code+order_coupon_no+order_product_coupon_name+order_product_coupon_no+product_coupon_type_no,12,12,16,1024080,0,85340.0
2025-01-24,SILVER,쿠폰 미사용,쿠폰 미사용,coupon_name+order_coupon_name+coupon_code+order_coupon_no+order_product_coupon_name+order_product_coupon_no+product_coupon_type_no,2,2,2,180430,0,90215.0
2025-01-24,SILVER,쿠폰 사용,쿠폰명 미확인,coupon_name+order_coupon_name+coupon_code+order_coupon_no+order_product_coupon_name+order_product_coupon_no+product_coupon_type_no,1,1,1,123300,13700,123300.0
2025-01-24,TITANIUM,쿠폰 미사용,쿠폰 미사용,coupon_name+order_coupon_name+coupon_code+order_coupon_no+order_product_coupon_name+order_product_coupon_no+product_coupon_type_no,1,1,1,85390,0,85390.0
2025-01-25,FAMILY,쿠폰 사용,쿠폰명 미확인,coupon_name+order_coupon_name+coupon_code+order_coupon_no+order_product_coupon_name+order_product_coupon_no+product_coupon_type_no,36,36,36,2907960,406900,80776.66666666667
2025-01-25,FAMILY,쿠폰 미사용,쿠폰 미사용,coupon_name+order_coupon_name+coupon_code+order_coupon_no+order_product_coupon_name+order_product_coupon_no+product_coupon_type_no,7,7,8,266440,0,38062.857142857145
2025-01-25,SILVER,쿠폰 사용,쿠폰명 미확인,coupon_name+order_coupon_name+coupon_code+order_coupon_no+order_product_coupon_name+order_product_coupon_no+product_coupon_type_no,2,2,7,670210,88740,335105.0
2025-01-25,SILVER,쿠폰 미사용,쿠폰 미사용,coupon_name+order_coupon_name+coupon_code+order_coupon_no+order_product_coupon_name+order_product_coupon_no+product_coupon_type_no,1,1,1,118300,0,118300.0
2025-01-26,FAMILY,쿠폰 사용,쿠폰명 미확인,coupon_name+order_coupon_name+coupon_code+order_coupon_no+order_product_coupon_name+order_product_coupon_no+product_coupon_type_no,304,302,332,15531760,2907380,51091.31578947369
2025-01-26,FAMILY,쿠폰 미사용,쿠폰 미사용,coupon_name+order_coupon_name+coupon_code+order_coupon_no+order_product_coupon_name+order_product_coupon_no+product_coupon_type_no,292,289,369,10788810,0,36947.979452054795
2025-01-26,GOLD,쿠폰 사용,쿠폰명 미확인,coupon_name+order_coupon_name+coupon_code+order_coupon_no+order_product_coupon_name+order_product_coupon_no+product_coupon_type_no,1,1,1,123200,35800,123200.0
2025-01-26,GOLD,쿠폰 미사용,쿠폰 미사용,coupon_name+order_coupon_name+coupon_code+order_coupon_no+order_product_coupon_name+order_product_coupon_no+product_coupon_type_no,1,1,1,45220,0,45220.0
2025-01-26,SILVER,쿠폰 사용,쿠폰명 미확인,coupon_name+order_coupon_name+coupon_code+order_coupon_no+order_product_coupon_name+order_product_coupon_no+product_coupon_type_no,13,13,14,1253220,330750,96401.53846153847
2025-01-26,SILVER,쿠폰 미사용,쿠폰 미사용,coupon_name+order_coupon_name+coupon_code+order_coupon_no+order_product_coupon_name+order_product_coupon_no+product_coupon_type_no,8,8,12,990530,0,123816.25
2025-01-26,TITANIUM,쿠폰 미사용,쿠폰 미사용,coupon_name+order_coupon_name+coupon_code+order_coupon_no+order_product_coupon_name+order_product_coupon_no+product_coupon_type_no,1,1,1,70300,0,70300.0
2025-01-27,FAMILY,쿠폰 사용,쿠폰명 미확인,coupon_name+order_coupon_name+coupon_code+order_coupon_no+order_product_coupon_name+order_product_coupon_no+product_coupon_type_no,278,278,302,14980753,2686497,53887.60071942446
2025-01-27,FAMILY,쿠폰 미사용,쿠폰 미사용,coupon_name+order_coupon_name+coupon_code+order_coupon_no+order_product_coupon_name+order_product_coupon_no+product_coupon_type_no,167,167,206,6953860,0,41639.88023952096
2025-01-27,GOLD,쿠폰 사용,쿠폰명 미확인,coupon_name+order_coupon_name+coupon_code+order_coupon_no+order_product_coupon_name+order_product_coupon_no+product_coupon_type_no,4,4,6,369470,97410,92367.5
2025-01-27,GOLD,쿠폰 미사용,쿠폰 미사용,coupon_name+order_coupon_name+coupon_code+order_coupon_no+order_product_coupon_name+order_product_coupon_no+product_coupon_type_no,1,1,2,104010,0,104010.0
2025-01-27,SILVER,쿠폰 사용,쿠폰명 미확인,coupon_name+order_coupon_name+coupon_code+order_coupon_no+order_product_coupon_name+order_product_coupon_no+product_coupon_type_no,17,17,22,1833780,447060,107869.41176470589
2025-01-27,SILVER,쿠폰 미사용,쿠폰 미사용,coupon_name+order_coupon_name+coupon_code+order_coupon_no+order_product_coupon_name+order_product_coupon_no+product_coupon_type_no,8,8,8,539020,0,67377.5
2025-01-28,FAMILY,쿠폰 사용,쿠폰명 미확인,coupon_name+order_coupon_name+coupon_code+order_coupon_no+order_product_coupon_name+order_product_coupon_no+product_coupon_type_no,125,124,139,7956160,1594860,63649.28
2025-01-28,FAMILY,쿠폰 미사용,쿠폰 미사용,coupon_name+order_coupon_name+coupon_code+order_coupon_no+order_product_coupon_name+order_product_coupon_no+product_coupon_type_no,63,63,76,2410230,0,38257.619047619046
2025-01-28,SILVER,쿠폰 사용,쿠폰명 미확인,coupon_name+order_coupon_name+coupon_code+order_coupon_no+order_product_coupon_name+order_product_coupon_no+product_coupon_type_no,10,10,14,1285690,284880,128569.0
2025-01-28,SILVER,쿠폰 미사용,쿠폰 미사용,coupon_name+order_coupon_name+coupon_code+order_coupon_no+order_product_coupon_name+order_product_coupon_no+product_coupon_type_no,2,2,5,104520,0,52260.0
2025-01-29,FAMILY,쿠폰 사용,쿠폰명 미확인,coupon_name+order_coupon_name+coupon_code+order_coupon_no+order_product_coupon_name+order_product_coupon_no+product_coupon_type_no,86,86,93,5643820,1072970,65625.81395348837
2025-01-29,FAMILY,쿠폰 미사용,쿠폰 미사용,coupon_name+order_coupon_name+coupon_code+order_coupon_no+order_product_coupon_name+order_product_coupon_no+product_coupon_type_no,38,38,42,1720750,0,45282.89473684211
2025-01-29,GOLD,쿠폰 미사용,쿠폰 미사용,coupon_name+order_coupon_name+coupon_code+order_coupon_no+order_product_coupon_name+order_product_coupon_no+product_coupon_type_no,1,1,1,189300,0,189300.0
2025-01-29,SILVER,쿠폰 사용,쿠폰명 미확인,coupon_name+order_coupon_name+coupon_code+order_coupon_no+order_product_coupon_name+order_product_coupon_no+product_coupon_type_no,7,7,7,647530,135200,92504.28571428571
2025-01-29,SILVER,쿠폰 미사용,쿠폰 미사용,coupon_name+order_coupon_name+coupon_code+order_coupon_no+order_product_coupon_name+order_product_coupon_no+product_coupon_type_no,4,4,6,476430,0,119107.5
2025-01-29,TITANIUM,쿠폰 미사용,쿠폰 미사용,coupon_name+order_coupon_name+coupon_code+order_coupon_no+order_product_coupon_name+order_product_coupon_no+product_coupon_type_no,1,1,1,87670,0,87670.0
2025-01-30,FAMILY,쿠폰 사용,쿠폰명 미확인,coupon_name+order_coupon_name+coupon_code+order_coupon_no+order_product_coupon_name+order_product_coupon_no+product_coupon_type_no,148,148,159,11122690,1839680,75153.31081081081
2025-01-30,FAMILY,쿠폰 미사용,쿠폰 미사용,coupon_name+order_coupon_name+coupon_code+order_coupon_no+order_product_coupon_name+order_product_coupon_no+product_coupon_type_no,61,61,71,3576140,0,58625.24590163935
2025-01-30,GOLD,쿠폰 미사용,쿠폰 미사용,coupon_name+order_coupon_name+coupon_code+order_coupon_no+order_product_coupon_name+order_product_coupon_no+product_coupon_type_no,1,1,1,68500,0,68500.0
2025-01-30,SILVER,쿠폰 사용,쿠폰명 미확인,coupon_name+order_coupon_name+coupon_code+order_coupon_no+order_product_coupon_name+order_product_coupon_no+product_coupon_type_no,6,6,6,647940,134850,107990.0
2025-01-30,SILVER,쿠폰 미사용,쿠폰 미사용,coupon_name+order_coupon_name+coupon_code+order_coupon_no+order_product_coupon_name+order_product_coupon_no+product_coupon_type_no,2,2,2,72200,0,36100.0
2025-01-30,TITANIUM,쿠폰 사용,쿠폰명 미확인,coupon_name+order_coupon_name+coupon_code+order_coupon_no+order_product_coupon_name+order_product_coupon_no+product_coupon_type_no,2,2,5,320660,106620,160330.0
2025-01-30,TITANIUM,쿠폰 미사용,쿠폰 미사용,coupon_name+order_coupon_name+coupon_code+order_coupon_no+order_product_coupon_name+order_product_coupon_no+product_coupon_type_no,1,1,1,55750,0,55750.0
2025-01-31,FAMILY,쿠폰 사용,쿠폰명 미확인,coupon_name+order_coupon_name+coupon_code+order_coupon_no+order_product_coupon_name+order_product_coupon_no+product_coupon_type_no,521,520,550,28382160,5387830,54476.31477927064
2025-01-31,FAMILY,쿠폰 미사용,쿠폰 미사용,coupon_name+order_coupon_name+coupon_code+order_coupon_no+order_product_coupon_name+order_product_coupon_no+product_coupon_type_no,477,477,560,19252630,0,40361.907756813416
2025-01-31,GOLD,쿠폰 미사용,쿠폰 미사용,coupon_name+order_coupon_name+coupon_code+order_coupon_no+order_product_coupon_name+order_product_coupon_no+product_coupon_type_no,1,1,2,186550,0,186550.0
2025-01-31,GOLD,쿠폰 사용,쿠폰명 미확인,coupon_name+order_coupon_name+coupon_code+order_coupon_no+order_product_coupon_name+order_product_coupon_no+product_coupon_type_no,2,2,2,47300,20700,23650.0
2025-01-31,SILVER,쿠폰 사용,쿠폰명 미확인,coupon_name+order_coupon_name+coupon_code+order_coupon_no+order_product_coupon_name+order_product_coupon_no+product_coupon_type_no,19,18,25,1923870,430640,101256.31578947368
2025-01-31,SILVER,쿠폰 미사용,쿠폰 미사용,coupon_name+order_coupon_name+coupon_code+order_coupon_no+order_product_coupon_name+order_product_coupon_no+product_coupon_type_no,13,13,20,1377750,0,105980.76923076923
2025-01-31,TITANIUM,쿠폰 사용,쿠폰명 미확인,coupon_name+order_coupon_name+coupon_code+order_coupon_no+order_product_coupon_name+order_product_coupon_no+product_coupon_type_no,2,2,2,112180,14930,56090.0
2025-01-31,TITANIUM,쿠폰 미사용,쿠폰 미사용,coupon_name+order_coupon_name+coupon_code+order_coupon_no+order_product_coupon_name+order_product_coupon_no+product_coupon_type_no,1,1,1,37440,0,37440.0
2025-02-01,FAMILY,쿠폰 사용,쿠폰명 미확인,coupon_name+order_coupon_name+coupon_code+order_coupon_no+order_product_coupon_name+order_product_coupon_no+product_coupon_type_no,34,34,34,3503850,594500,103054.41176470589
2025-02-01,FAMILY,쿠폰 미사용,쿠폰 미사용,coupon_name+order_coupon_name+coupon_code+order_coupon_no+order_product_coupon_name+order_product_coupon_no+product_coupon_type_no,11,11,13,872390,0,79308.18181818182
2025-02-01,SILVER,쿠폰 사용,쿠폰명 미확인,coupon_name+order_coupon_name+coupon_code+order_coupon_no+order_product_coupon_name+order_product_coupon_no+product_coupon_type_no,3,3,4,447650,94680,149216.66666666666
2025-02-02,FAMILY,쿠폰 사용,쿠폰명 미확인,coupon_name+order_coupon_name+coupon_code+order_coupon_no+order_product_coupon_name+order_product_coupon_no+product_coupon_type_no,43,43,51,6365300,1257280,148030.23255813954
2025-02-02,FAMILY,쿠폰 미사용,쿠폰 미사용,coupon_name+order_coupon_name+coupon_code+order_coupon_no+order_product_coupon_name+order_product_coupon_no+product_coupon_type_no,12,11,12,1071830,0,89319.16666666667
2025-02-02,SILVER,쿠폰 미사용,쿠폰 미사용,coupon_name+order_coupon_name+coupon_code+order_coupon_no+order_product_coupon_name+order_product_coupon_no+product_coupon_type_no,2,2,4,444300,0,222150.0
2025-02-02,SILVER,쿠폰 사용,쿠폰명 미확인,coupon_name+order_coupon_name+coupon_code+order_coupon_no+order_product_coupon_name+order_product_coupon_no+product_coupon_type_no,1,1,1,152780,44660,152780.0
2025-02-02,TITANIUM,쿠폰 사용,쿠폰명 미확인,coupon_name+order_coupon_name+coupon_code+order_coupon_no+order_product_coupon_name+order_product_coupon_no+product_coupon_type_no,1,1,6,746790,88550,746790.0
2025-02-02,TITANIUM,쿠폰 미사용,쿠폰 미사용,coupon_name+order_coupon_name+coupon_code+order_coupon_no+order_product_coupon_name+order_product_coupon_no+product_coupon_type_no,1,1,1,136160,0,136160.0
2025-02-03,FAMILY,쿠폰 사용,쿠폰명 미확인,coupon_name+order_coupon_name+coupon_code+order_coupon_no+order_product_coupon_name+order_product_coupon_no+product_coupon_type_no,35,35,37,3635310,531410,103866.0
2025-02-03,FAMILY,쿠폰 미사용,쿠폰 미사용,coupon_name+order_coupon_name+coupon_code+order_coupon_no+order_product_coupon_name+order_product_coupon_no+product_coupon_type_no,9,9,9,860540,0,95615.55555555556
2025-02-03,GOLD,쿠폰 미사용,쿠폰 미사용,coupon_name+order_coupon_name+coupon_code+order_coupon_no+order_product_coupon_name+order_product_coupon_no+product_coupon_type_no,1,1,1,44000,0,44000.0
2025-02-03,SILVER,쿠폰 사용,쿠폰명 미확인,coupon_name+order_coupon_name+coupon_code+order_coupon_no+order_product_coupon_name+order_product_coupon_no+product_coupon_type_no,1,1,1,123370,13930,123370.0
2025-02-03,SILVER,쿠폰 미사용,쿠폰 미사용,coupon_name+order_coupon_name+coupon_code+order_coupon_no+order_product_coupon_name+order_product_coupon_no+product_coupon_type_no,1,1,1,93730,0,93730.0
2025-02-03,TITANIUM,쿠폰 미사용,쿠폰 미사용,coupon_name+order_coupon_name+coupon_code+order_coupon_no+order_product_coupon_name+order_product_coupon_no+product_coupon_type_no,1,1,1,90300,0,90300.0
2025-02-04,FAMILY,쿠폰 사용,쿠폰명 미확인,coupon_name+order_coupon_name+coupon_code+order_coupon_no+order_product_coupon_name+order_product_coupon_no+product_coupon_type_no,42,42,44,5106440,962760,121581.90476190476
2025-02-04,FAMILY,쿠폰 미사용,쿠폰 미사용,coupon_name+order_coupon_name+coupon_code+order_coupon_no+order_product_coupon_name+order_product_coupon_no+product_coupon_type_no,15,15,15,1450480,0,96698.66666666667
2025-02-04,GOLD,쿠폰 사용,쿠폰명 미확인,coupon_name+order_coupon_name+coupon_code+order_coupon_no+order_product_coupon_name+order_product_coupon_no+product_coupon_type_no,1,1,1,74500,29800,74500.0
2025-02-04,SILVER,쿠폰 사용,쿠폰명 미확인,coupon_name+order_coupon_name+coupon_code+order_coupon_no+order_product_coupon_name+order_product_coupon_no+product_coupon_type_no,4,4,8,532880,157360,133220.0
2025-02-04,SILVER,쿠폰 미사용,쿠폰 미사용,coupon_name+order_coupon_name+coupon_code+order_coupon_no+order_product_coupon_name+order_product_coupon_no+product_coupon_type_no,2,2,2,158530,0,79265.0
2025-02-05,FAMILY,쿠폰 사용,쿠폰명 미확인,coupon_name+order_coupon_name+coupon_code+order_coupon_no+order_product_coupon_name+order_product_coupon_no+product_coupon_type_no,59,58,70,7113550,1122100,120568.64406779662
2025-02-05,FAMILY,쿠폰 미사용,쿠폰 미사용,coupon_name+order_coupon_name+coupon_code+order_coupon_no+order_product_coupon_name+order_product_coupon_no+product_coupon_type_no,17,16,21,1488720,0,87571.76470588235
2025-02-05,SILVER,쿠폰 사용,쿠폰명 미확인,coupon_name+order_coupon_name+coupon_code+order_coupon_no+order_product_coupon_name+order_product_coupon_no+product_coupon_type_no,5,5,10,1921360,303240,384272.0
2025-02-05,SILVER,쿠폰 미사용,쿠폰 미사용,coupon_name+order_coupon_name+coupon_code+order_coupon_no+order_product_coupon_name+order_product_coupon_no+product_coupon_type_no,3,3,3,588500,0,196166.66666666666
2025-02-06,FAMILY,쿠폰 사용,쿠폰명 미확인,coupon_name+order_coupon_name+coupon_code+order_coupon_no+order_product_coupon_name+order_product_coupon_no+product_coupon_type_no,49,48,49,5802750,990220,118423.4693877551
2025-02-06,FAMILY,쿠폰 미사용,쿠폰 미사용,coupon_name+order_coupon_name+coupon_code+order_coupon_no+order_product_coupon_name+order_product_coupon_no+product_coupon_type_no,13,13,14,1329900,0,102300.0
2025-02-06,GOLD,쿠폰 사용,쿠폰명 미확인,coupon_name+order_coupon_name+coupon_code+order_coupon_no+order_product_coupon_name+order_product_coupon_no+product_coupon_type_no,1,1,1,144000,36000,144000.0
2025-02-06,SILVER,쿠폰 미사용,쿠폰 미사용,coupon_name+order_coupon_name+coupon_code+order_coupon_no+order_product_coupon_name+order_product_coupon_no+product_coupon_type_no,8,8,11,2186820,0,273352.5
2025-02-06,SILVER,쿠폰 사용,쿠폰명 미확인,coupon_name+order_coupon_name+coupon_code+order_coupon_no+order_product_coupon_name+order_product_coupon_no+product_coupon_type_no,2,2,2,467330,61320,233665.0
2025-02-06,TITANIUM,쿠폰 미사용,쿠폰 미사용,coupon_name+order_coupon_name+coupon_code+order_coupon_no+order_product_coupon_name+order_product_coupon_no+product_coupon_type_no,3,2,6,680300,0,226766.66666666666
2025-02-07,FAMILY,쿠폰 사용,쿠폰명 미확인,coupon_name+order_coupon_name+coupon_code+order_coupon_no+order_product_coupon_name+order_product_coupon_no+product_coupon_type_no,68,63,73,7470490,1835130,109860.14705882352
2025-02-07,FAMILY,쿠폰 미사용,쿠폰 미사용,coupon_name+order_coupon_name+coupon_code+order_coupon_no+order_product_coupon_name+order_product_coupon_no+product_coupon_type_no,30,30,33,1691460,0,56382.0
2025-02-07,GOLD,쿠폰 사용,쿠폰명 미확인,coupon_name+order_coupon_name+coupon_code+order_coupon_no+order_product_coupon_name+order_product_coupon_no+product_coupon_type_no,1,1,1,25040,7800,25040.0
2025-02-07,SILVER,쿠폰 사용,쿠폰명 미확인,coupon_name+order_coupon_name+coupon_code+order_coupon_no+order_product_coupon_name+order_product_coupon_no+product_coupon_type_no,6,6,8,1116660,160310,186110.0
2025-02-07,SILVER,쿠폰 미사용,쿠폰 미사용,coupon_name+order_coupon_name+coupon_code+order_coupon_no+order_product_coupon_name+order_product_coupon_no+product_coupon_type_no,3,3,5,311600,0,103866.66666666667
2025-02-08,FAMILY,쿠폰 사용,쿠폰명 미확인,coupon_name+order_coupon_name+coupon_code+order_coupon_no+order_product_coupon_name+order_product_coupon_no+product_coupon_type_no,37,37,42,4183490,670350,113067.2972972973
2025-02-08,FAMILY,쿠폰 미사용,쿠폰 미사용,coupon_name+order_coupon_name+coupon_code+order_coupon_no+order_product_coupon_name+order_product_coupon_no+product_coupon_type_no,13,13,15,1017950,0,78303.84615384616
2025-02-08,GOLD,쿠폰 사용,쿠폰명 미확인,coupon_name+order_coupon_name+coupon_code+order_coupon_no+order_product_coupon_name+order_product_coupon_no+product_coupon_type_no,2,2,5,340970,119460,170485.0
2025-02-08,GOLD,쿠폰 미사용,쿠폰 미사용,coupon_name+order_coupon_name+coupon_code+order_coupon_no+order_product_coupon_name+order_product_coupon_no+product_coupon_type_no,1,1,1,69000,0,69000.0
2025-02-08,SILVER,쿠폰 사용,쿠폰명 미확인,coupon_name+order_coupon_name+coupon_code+order_coupon_no+order_product_coupon_name+order_product_coupon_no+product_coupon_type_no,6,6,7,1092970,183460,182161.66666666666
2025-02-08,SILVER,쿠폰 미사용,쿠폰 미사용,coupon_name+order_coupon_name+coupon_code+order_coupon_no+order_product_coupon_name+order_product_coupon_no+product_coupon_type_no,3,3,3,263290,0,87763.33333333333
2025-02-08,TITANIUM,쿠폰 미사용,쿠폰 미사용,coupon_name+order_coupon_name+coupon_code+order_coupon_no+order_product_coupon_name+order_product_coupon_no+product_coupon_type_no,1,1,2,240000,0,240000.0
2025-02-09,FAMILY,쿠폰 사용,쿠폰명 미확인,coupon_name+order_coupon_name+coupon_code+order_coupon_no+order_product_coupon_name+order_product_coupon_no+product_coupon_type_no,63,63,67,7885650,1193429,125169.04761904762
2025-02-09,FAMILY,쿠폰 미사용,쿠폰 미사용,coupon_name+order_coupon_name+coupon_code+order_coupon_no+order_product_coupon_name+order_product_coupon_no+product_coupon_type_no,25,24,30,2153970,0,86158.8
2025-02-09,GOLD,쿠폰 사용,쿠폰명 미확인,coupon_name+order_coupon_name+coupon_code+order_coupon_no+order_product_coupon_name+order_product_coupon_no+product_coupon_type_no,1,1,1,142090,49800,142090.0
2025-02-09,SILVER,쿠폰 사용,쿠폰명 미확인,coupon_name+order_coupon_name+coupon_code+order_coupon_no+order_product_coupon_name+order_product_coupon_no+product_coupon_type_no,10,10,14,1842790,249550,184279.0
2025-02-09,SILVER,쿠폰 미사용,쿠폰 미사용,coupon_name+order_coupon_name+coupon_code+order_coupon_no+order_product_coupon_name+order_product_coupon_no+product_coupon_type_no,3,3,8,832880,0,277626.6666666667
2025-02-10,FAMILY,쿠폰 사용,쿠폰명 미확인,coupon_name+order_coupon_name+coupon_code+order_coupon_no+order_product_coupon_name+order_product_coupon_no+product_coupon_type_no,40,40,45,5162220,1176440,129055.5
2025-02-10,FAMILY,쿠폰 미사용,쿠폰 미사용,coupon_name+order_coupon_name+coupon_code+order_coupon_no+order_product_coupon_name+order_product_coupon_no+product_coupon_type_no,26,26,28,1811520,0,69673.84615384616
2025-02-10,GOLD,쿠폰 사용,쿠폰명 미확인,coupon_name+order_coupon_name+coupon_code+order_coupon_no+order_product_coupon_name+order_product_coupon_no+product_coupon_type_no,1,1,1,79500,31800,79500.0
2025-02-10,SILVER,쿠폰 사용,쿠폰명 미확인,coupon_name+order_coupon_name+coupon_code+order_coupon_no+order_product_coupon_name+order_product_coupon_no+product_coupon_type_no,10,9,63,2330090,745200,233009.0
2025-02-10,SILVER,쿠폰 미사용,쿠폰 미사용,coupon_name+order_coupon_name+coupon_code+order_coupon_no+order_product_coupon_name+order_product_coupon_no+product_coupon_type_no,4,4,8,489510,0,122377.5
2025-02-10,TITANIUM,쿠폰 미사용,쿠폰 미사용,coupon_name+order_coupon_name+coupon_code+order_coupon_no+order_product_coupon_name+order_product_coupon_no+product_coupon_type_no,2,2,3,330260,0,165130.0
2025-02-11,FAMILY,쿠폰 사용,쿠폰명 미확인,coupon_name+order_coupon_name+coupon_code+order_coupon_no+order_product_coupon_name+order_product_coupon_no+product_coupon_type_no,37,37,44,4182290,777340,113034.86486486487
2025-02-11,FAMILY,쿠폰 미사용,쿠폰 미사용,coupon_name+order_coupon_name+coupon_code+order_coupon_no+order_product_coupon_name+order_product_coupon_no+product_coupon_type_no,16,16,19,1537410,0,96088.125
2025-02-11,GOLD,쿠폰 사용,쿠폰명 미확인,coupon_name+order_coupon_name+coupon_code+order_coupon_no+order_product_coupon_name+order_product_coupon_no+product_coupon_type_no,2,2,2,194880,50260,97440.0
2025-02-11,SILVER,쿠폰 사용,쿠폰명 미확인,coupon_name+order_coupon_name+coupon_code+order_coupon_no+order_product_coupon_name+order_product_coupon_no+product_coupon_type_no,9,9,9,824720,193430,91635.55555555556
2025-02-11,SILVER,쿠폰 미사용,쿠폰 미사용,coupon_name+order_coupon_name+coupon_code+order_coupon_no+order_product_coupon_name+order_product_coupon_no+product_coupon_type_no,2,2,2,535850,0,267925.0
2025-02-11,TITANIUM,쿠폰 미사용,쿠폰 미사용,coupon_name+order_coupon_name+coupon_code+order_coupon_no+order_product_coupon_name+order_product_coupon_no+product_coupon_type_no,2,1,7,370000,0,185000.0
2025-02-12,FAMILY,쿠폰 사용,쿠폰명 미확인,coupon_name+order_coupon_name+coupon_code+order_coupon_no+order_product_coupon_name+order_product_coupon_no+product_coupon_type_no,35,35,38,4002000,718790,114342.85714285714
2025-02-12,FAMILY,쿠폰 미사용,쿠폰 미사용,coupon_name+order_coupon_name+coupon_code+order_coupon_no+order_product_coupon_name+order_product_coupon_no+product_coupon_type_no,15,15,20,935330,0,62355.333333333336
2025-02-12,GOLD,쿠폰 미사용,쿠폰 미사용,coupon_name+order_coupon_name+coupon_code+order_coupon_no+order_product_coupon_name+order_product_coupon_no+product_coupon_type_no,1,1,1,6170,0,6170.0
2025-02-12,SILVER,쿠폰 사용,쿠폰명 미확인,coupon_name+order_coupon_name+coupon_code+order_coupon_no+order_product_coupon_name+order_product_coupon_no+product_coupon_type_no,1,1,1,395830,49220,395830.0
2025-02-13,FAMILY,쿠폰 사용,쿠폰명 미확인,coupon_name+order_coupon_name+coupon_code+order_coupon_no+order_product_coupon_name+order_product_coupon_no+product_coupon_type_no,49,49,50,5631310,987810,114924.69387755102
2025-02-13,FAMILY,쿠폰 미사용,쿠폰 미사용,coupon_name+order_coupon_name+coupon_code+order_coupon_no+order_product_coupon_name+order_product_coupon_no+product_coupon_type_no,20,20,26,1557230,0,77861.5
2025-02-13,SILVER,쿠폰 사용,쿠폰명 미확인,coupon_name+order_coupon_name+coupon_code+order_coupon_no+order_product_coupon_name+order_product_coupon_no+product_coupon_type_no,4,4,6,927230,250160,231807.5
2025-02-13,SILVER,쿠폰 미사용,쿠폰 미사용,coupon_name+order_coupon_name+coupon_code+order_coupon_no+order_product_coupon_name+order_product_coupon_no+product_coupon_type_no,6,6,9,465600,0,77600.0
2025-02-13,TITANIUM,쿠폰 사용,쿠폰명 미확인,coupon_name+order_coupon_name+coupon_code+order_coupon_no+order_product_coupon_name+order_product_coupon_no+product_coupon_type_no,1,1,4,67200,26800,67200.0
2025-02-14,FAMILY,쿠폰 사용,쿠폰명 미확인,coupon_name+order_coupon_name+coupon_code+order_coupon_no+order_product_coupon_name+order_product_coupon_no+product_coupon_type_no,51,49,58,5222120,1025590,102394.50980392157
2025-02-14,FAMILY,쿠폰 미사용,쿠폰 미사용,coupon_name+order_coupon_name+coupon_code+order_coupon_no+order_product_coupon_name+order_product_coupon_no+product_coupon_type_no,21,20,38,1394020,0,66381.90476190476
2025-02-14,SILVER,쿠폰 사용,쿠폰명 미확인,coupon_name+order_coupon_name+coupon_code+order_coupon_no+order_product_coupon_name+order_product_coupon_no+product_coupon_type_no,6,6,6,955950,187060,159325.0
2025-02-14,SILVER,쿠폰 미사용,쿠폰 미사용,coupon_name+order_coupon_name+coupon_code+order_coupon_no+order_product_coupon_name+order_product_coupon_no+product_coupon_type_no,4,4,7,393850,0,98462.5
2025-02-14,TITANIUM,쿠폰 사용,쿠폰명 미확인,coupon_name+order_coupon_name+coupon_code+order_coupon_no+order_product_coupon_name+order_product_coupon_no+product_coupon_type_no,1,1,2,330490,10000,330490.0
2025-02-14,TITANIUM,쿠폰 미사용,쿠폰 미사용,coupon_name+order_coupon_name+coupon_code+order_coupon_no+order_product_coupon_name+order_product_coupon_no+product_coupon_type_no,1,1,2,231170,0,231170.0
2025-02-15,FAMILY,쿠폰 사용,쿠폰명 미확인,coupon_name+order_coupon_name+coupon_code+order_coupon_no+order_product_coupon_name+order_product_coupon_no+product_coupon_type_no,34,34,38,4768440,700370,140248.23529411765
2025-02-15,FAMILY,쿠폰 미사용,쿠폰 미사용,coupon_name+order_coupon_name+coupon_code+order_coupon_no+order_product_coupon_name+order_product_coupon_no+product_coupon_type_no,11,10,16,750470,0,68224.54545454546
2025-02-15,SILVER,쿠폰 사용,쿠폰명 미확인,coupon_name+order_coupon_name+coupon_code+order_coupon_no+order_product_coupon_name+order_product_coupon_no+product_coupon_type_no,4,4,5,575280,105310,143820.0
2025-02-15,SILVER,쿠폰 미사용,쿠폰 미사용,coupon_name+order_coupon_name+coupon_code+order_coupon_no+order_product_coupon_name+order_product_coupon_no+product_coupon_type_no,2,2,4,518440,0,259220.0
2025-02-16,FAMILY,쿠폰 사용,쿠폰명 미확인,coupon_name+order_coupon_name+coupon_code+order_coupon_no+order_product_coupon_name+order_product_coupon_no+product_coupon_type_no,47,46,54,5636620,1010540,119928.08510638298
2025-02-16,FAMILY,쿠폰 미사용,쿠폰 미사용,coupon_name+order_coupon_name+coupon_code+order_coupon_no+order_product_coupon_name+order_product_coupon_no+product_coupon_type_no,17,17,21,1097460,0,64556.470588235294
2025-02-16,GOLD,쿠폰 미사용,쿠폰 미사용,coupon_name+order_coupon_name+coupon_code+order_coupon_no+order_product_coupon_name+order_product_coupon_no+product_coupon_type_no,1,1,1,95500,0,95500.0
2025-02-16,GOLD,쿠폰 사용,쿠폰명 미확인,coupon_name+order_coupon_name+coupon_code+order_coupon_no+order_product_coupon_name+order_product_coupon_no+product_coupon_type_no,1,1,1,89040,22260,89040.0
2025-02-16,SILVER,쿠폰 사용,쿠폰명 미확인,coupon_name+order_coupon_name+coupon_code+order_coupon_no+order_product_coupon_name+order_product_coupon_no+product_coupon_type_no,5,4,8,1566730,189870,313346.0
2025-02-16,SILVER,쿠폰 미사용,쿠폰 미사용,coupon_name+order_coupon_name+coupon_code+order_coupon_no+order_product_coupon_name+order_product_coupon_no+product_coupon_type_no,3,3,3,381970,0,127323.33333333333
2025-02-16,TITANIUM,쿠폰 사용,쿠폰명 미확인,coupon_name+order_coupon_name+coupon_code+order_coupon_no+order_product_coupon_name+order_product_coupon_no+product_coupon_type_no,1,1,2,300000,30000,300000.0
2025-02-17,FAMILY,쿠폰 사용,쿠폰명 미확인,coupon_name+order_coupon_name+coupon_code+order_coupon_no+order_product_coupon_name+order_product_coupon_no+product_coupon_type_no,45,43,61,6281130,1153640,139580.66666666666
2025-02-17,FAMILY,쿠폰 미사용,쿠폰 미사용,coupon_name+order_coupon_name+coupon_code+order_coupon_no+order_product_coupon_name+order_product_coupon_no+product_coupon_type_no,20,20,23,1492080,0,74604.0
2025-02-17,GOLD,쿠폰 미사용,쿠폰 미사용,coupon_name+order_coupon_name+coupon_code+order_coupon_no+order_product_coupon_name+order_product_coupon_no+product_coupon_type_no,2,2,4,265600,0,132800.0
2025-02-17,GOLD,쿠폰 사용,쿠폰명 미확인,coupon_name+order_coupon_name+coupon_code+order_coupon_no+order_product_coupon_name+order_product_coupon_no+product_coupon_type_no,1,1,1,17100,1900,17100.0
2025-02-17,SILVER,쿠폰 사용,쿠폰명 미확인,coupon_name+order_coupon_name+coupon_code+order_coupon_no+order_product_coupon_name+order_product_coupon_no+product_coupon_type_no,6,6,6,590110,117730,98351.66666666667
2025-02-17,SILVER,쿠폰 미사용,쿠폰 미사용,coupon_name+order_coupon_name+coupon_code+order_coupon_no+order_product_coupon_name+order_product_coupon_no+product_coupon_type_no,4,4,7,443480,0,110870.0
2025-02-18,FAMILY,쿠폰 사용,쿠폰명 미확인,coupon_name+order_coupon_name+coupon_code+order_coupon_no+order_product_coupon_name+order_product_coupon_no+product_coupon_type_no,43,43,54,4840200,976700,112562.79069767441
2025-02-18,FAMILY,쿠폰 미사용,쿠폰 미사용,coupon_name+order_coupon_name+coupon_code+order_coupon_no+order_product_coupon_name+order_product_coupon_no+product_coupon_type_no,16,16,29,1725300,0,107831.25
2025-02-18,GOLD,쿠폰 사용,쿠폰명 미확인,coupon_name+order_coupon_name+coupon_code+order_coupon_no+order_product_coupon_name+order_product_coupon_no+product_coupon_type_no,1,1,1,141300,10000,141300.0
2025-02-18,SILVER,쿠폰 미사용,쿠폰 미사용,coupon_name+order_coupon_name+coupon_code+order_coupon_no+order_product_coupon_name+order_product_coupon_no+product_coupon_type_no,4,4,5,556730,0,139182.5
2025-02-18,SILVER,쿠폰 사용,쿠폰명 미확인,coupon_name+order_coupon_name+coupon_code+order_coupon_no+order_product_coupon_name+order_product_coupon_no+product_coupon_type_no,2,2,2,129930,29800,64965.0
2025-02-18,TITANIUM,쿠폰 미사용,쿠폰 미사용,coupon_name+order_coupon_name+coupon_code+order_coupon_no+order_product_coupon_name+order_product_coupon_no+product_coupon_type_no,1,1,1,30270,0,30270.0
2025-02-19,FAMILY,쿠폰 사용,쿠폰명 미확인,coupon_name+order_coupon_name+coupon_code+order_coupon_no+order_product_coupon_name+order_product_coupon_no+product_coupon_type_no,42,41,123,9769700,4343460,232611.90476190476
2025-02-19,FAMILY,쿠폰 미사용,쿠폰 미사용,coupon_name+order_coupon_name+coupon_code+order_coupon_no+order_product_coupon_name+order_product_coupon_no+product_coupon_type_no,14,13,15,797850,0,56989.28571428572
2025-02-19,GOLD,쿠폰 사용,쿠폰명 미확인,coupon_name+order_coupon_name+coupon_code+order_coupon_no+order_product_coupon_name+order_product_coupon_no+product_coupon_type_no,1,1,1,74500,29800,74500.0
2025-02-19,GOLD,쿠폰 미사용,쿠폰 미사용,coupon_name+order_coupon_name+coupon_code+order_coupon_no+order_product_coupon_name+order_product_coupon_no+product_coupon_type_no,1,1,3,12100,0,12100.0
2025-02-19,SILVER,쿠폰 사용,쿠폰명 미확인,coupon_name+order_coupon_name+coupon_code+order_coupon_no+order_product_coupon_name+order_product_coupon_no+product_coupon_type_no,3,3,11,1507410,172490,502470.0
2025-02-19,SILVER,쿠폰 미사용,쿠폰 미사용,coupon_name+order_coupon_name+coupon_code+order_coupon_no+order_product_coupon_name+order_product_coupon_no+product_coupon_type_no,4,4,6,528980,0,132245.0
2025-02-20,FAMILY,쿠폰 사용,쿠폰명 미확인,coupon_name+order_coupon_name+coupon_code+order_coupon_no+order_product_coupon_name+order_product_coupon_no+product_coupon_type_no,76,76,81,9109645,1470844,119863.75
2025-02-20,FAMILY,쿠폰 미사용,쿠폰 미사용,coupon_name+order_coupon_name+coupon_code+order_coupon_no+order_product_coupon_name+order_product_coupon_no+product_coupon_type_no,35,34,48,3356990,0,95914.0
2025-02-20,SILVER,쿠폰 미사용,쿠폰 미사용,coupon_name+order_coupon_name+coupon_code+order_coupon_no+order_product_coupon_name+order_product_coupon_no+product_coupon_type_no,17,17,23,3076710,0,180982.9411764706
2025-02-20,SILVER,쿠폰 사용,쿠폰명 미확인,coupon_name+order_coupon_name+coupon_code+order_coupon_no+order_product_coupon_name+order_product_coupon_no+product_coupon_type_no,9,9,9,1503878,240192,167097.55555555556
2025-02-20,TITANIUM,쿠폰 미사용,쿠폰 미사용,coupon_name+order_coupon_name+coupon_code+order_coupon_no+order_product_coupon_name+order_product_coupon_no+product_coupon_type_no,2,2,3,368970,0,184485.0
2025-02-21,FAMILY,쿠폰 사용,쿠폰명 미확인,coupon_name+order_coupon_name+coupon_code+order_coupon_no+order_product_coupon_name+order_product_coupon_no+product_coupon_type_no,58,58,65,5764972,1000307,99396.06896551725
2025-02-21,FAMILY,쿠폰 미사용,쿠폰 미사용,coupon_name+order_coupon_name+coupon_code+order_coupon_no+order_product_coupon_name+order_product_coupon_no+product_coupon_type_no,20,20,21,2173520,0,108676.0
2025-02-21,GOLD,쿠폰 사용,쿠폰명 미확인,coupon_name+order_coupon_name+coupon_code+order_coupon_no+order_product_coupon_name+order_product_coupon_no+product_coupon_type_no,1,1,1,34500,34500,34500.0
2025-02-21,SILVER,쿠폰 미사용,쿠폰 미사용,coupon_name+order_coupon_name+coupon_code+order_coupon_no+order_product_coupon_name+order_product_coupon_no+product_coupon_type_no,10,8,11,1422110,0,142211.0
2025-02-21,SILVER,쿠폰 사용,쿠폰명 미확인,coupon_name+order_coupon_name+coupon_code+order_coupon_no+order_product_coupon_name+order_product_coupon_no+product_coupon_type_no,3,3,3,524680,132960,174893.33333333334
2025-02-22,FAMILY,쿠폰 사용,쿠폰명 미확인,coupon_name+order_coupon_name+coupon_code+order_coupon_no+order_product_coupon_name+order_product_coupon_no+product_coupon_type_no,40,40,44,3965599,757511,99139.975
2025-02-22,FAMILY,쿠폰 미사용,쿠폰 미사용,coupon_name+order_coupon_name+coupon_code+order_coupon_no+order_product_coupon_name+order_product_coupon_no+product_coupon_type_no,19,19,29,1669410,0,87863.68421052632
2025-02-22,SILVER,쿠폰 사용,쿠폰명 미확인,coupon_name+order_coupon_name+coupon_code+order_coupon_no+order_product_coupon_name+order_product_coupon_no+product_coupon_type_no,2,2,5,253676,58604,126838.0
2025-02-22,SILVER,쿠폰 미사용,쿠폰 미사용,coupon_name+order_coupon_name+coupon_code+order_coupon_no+order_product_coupon_name+order_product_coupon_no+product_coupon_type_no,2,2,3,145200,0,72600.0
2025-02-23,FAMILY,쿠폰 사용,쿠폰명 미확인,coupon_name+order_coupon_name+coupon_code+order_coupon_no+order_product_coupon_name+order_product_coupon_no+product_coupon_type_no,60,60,69,6736055,1219255,112267.58333333333
2025-02-23,FAMILY,쿠폰 미사용,쿠폰 미사용,coupon_name+order_coupon_name+coupon_code+order_coupon_no+order_product_coupon_name+order_product_coupon_no+product_coupon_type_no,24,24,29,1962160,0,81756.66666666667
2025-02-23,GOLD,쿠폰 미사용,쿠폰 미사용,coupon_name+order_coupon_name+coupon_code+order_coupon_no+order_product_coupon_name+order_product_coupon_no+product_coupon_type_no,2,2,2,414790,0,207395.0
2025-02-23,SILVER,쿠폰 미사용,쿠폰 미사용,coupon_name+order_coupon_name+coupon_code+order_coupon_no+order_product_coupon_name+order_product_coupon_no+product_coupon_type_no,7,7,7,1149020,0,164145.7142857143
2025-02-23,SILVER,쿠폰 사용,쿠폰명 미확인,coupon_name+order_coupon_name+coupon_code+order_coupon_no+order_product_coupon_name+order_product_coupon_no+product_coupon_type_no,3,3,4,341180,71860,113726.66666666667
2025-02-24,FAMILY,쿠폰 사용,쿠폰명 미확인,coupon_name+order_coupon_name+coupon_code+order_coupon_no+order_product_coupon_name+order_product_coupon_no+product_coupon_type_no,59,59,66,7441798,1277832,126132.16949152542
2025-02-24,FAMILY,쿠폰 미사용,쿠폰 미사용,coupon_name+order_coupon_name+coupon_code+order_coupon_no+order_product_coupon_name+order_product_coupon_no+product_coupon_type_no,10,10,11,743330,0,74333.0
2025-02-24,SILVER,쿠폰 미사용,쿠폰 미사용,coupon_name+order_coupon_name+coupon_code+order_coupon_no+order_product_coupon_name+order_product_coupon_no+product_coupon_type_no,5,5,7,893420,0,178684.0
2025-02-24,SILVER,쿠폰 사용,쿠폰명 미확인,coupon_name+order_coupon_name+coupon_code+order_coupon_no+order_product_coupon_name+order_product_coupon_no+product_coupon_type_no,1,1,1,69500,69500,69500.0
2025-02-25,FAMILY,쿠폰 사용,쿠폰명 미확인,coupon_name+order_coupon_name+coupon_code+order_coupon_no+order_product_coupon_name+order_product_coupon_no+product_coupon_type_no,43,43,47,5184932,718778,120579.81395348837
2025-02-25,FAMILY,쿠폰 미사용,쿠폰 미사용,coupon_name+order_coupon_name+coupon_code+order_coupon_no+order_product_coupon_name+order_product_coupon_no+product_coupon_type_no,18,18,21,1748390,0,97132.77777777778
2025-02-25,GOLD,쿠폰 미사용,쿠폰 미사용,coupon_name+order_coupon_name+coupon_code+order_coupon_no+order_product_coupon_name+order_product_coupon_no+product_coupon_type_no,1,1,2,35000,0,35000.0
2025-02-25,SILVER,쿠폰 미사용,쿠폰 미사용,coupon_name+order_coupon_name+coupon_code+order_coupon_no+order_product_coupon_name+order_product_coupon_no+product_coupon_type_no,6,6,13,1158050,0,193008.33333333334
2025-02-25,SILVER,쿠폰 사용,쿠폰명 미확인,coupon_name+order_coupon_name+coupon_code+order_coupon_no+order_product_coupon_name+order_product_coupon_no+product_coupon_type_no,4,4,15,864369,565530,216092.25
2025-02-26,FAMILY,쿠폰 사용,쿠폰명 미확인,coupon_name+order_coupon_name+coupon_code+order_coupon_no+order_product_coupon_name+order_product_coupon_no+product_coupon_type_no,48,47,52,4660430,878400,97092.29166666667
2025-02-26,FAMILY,쿠폰 미사용,쿠폰 미사용,coupon_name+order_coupon_name+coupon_code+order_coupon_no+order_product_coupon_name+order_product_coupon_no+product_coupon_type_no,13,13,17,863310,0,66408.46153846153
2025-02-26,GOLD,쿠폰 미사용,쿠폰 미사용,coupon_name+order_coupon_name+coupon_code+order_coupon_no+order_product_coupon_name+order_product_coupon_no+product_coupon_type_no,2,2,2,344240,0,172120.0
2025-02-26,SILVER,쿠폰 미사용,쿠폰 미사용,coupon_name+order_coupon_name+coupon_code+order_coupon_no+order_product_coupon_name+order_product_coupon_no+product_coupon_type_no,4,4,10,689650,0,172412.5
2025-02-26,SILVER,쿠폰 사용,쿠폰명 미확인,coupon_name+order_coupon_name+coupon_code+order_coupon_no+order_product_coupon_name+order_product_coupon_no+product_coupon_type_no,5,5,6,669072,133968,133814.4
2025-02-27,FAMILY,쿠폰 사용,쿠폰명 미확인,coupon_name+order_coupon_name+coupon_code+order_coupon_no+order_product_coupon_name+order_product_coupon_no+product_coupon_type_no,42,42,66,5660142,1818148,134765.2857142857
2025-02-27,FAMILY,쿠폰 미사용,쿠폰 미사용,coupon_name+order_coupon_name+coupon_code+order_coupon_no+order_product_coupon_name+order_product_coupon_no+product_coupon_type_no,15,15,25,1341900,0,89460.0
2025-02-27,GOLD,쿠폰 사용,쿠폰명 미확인,coupon_name+order_coupon_name+coupon_code+order_coupon_no+order_product_coupon_name+order_product_coupon_no+product_coupon_type_no,1,1,3,335590,91460,335590.0
2025-02-27,GOLD,쿠폰 미사용,쿠폰 미사용,coupon_name+order_coupon_name+coupon_code+order_coupon_no+order_product_coupon_name+order_product_coupon_no+product_coupon_type_no,1,1,3,33620,0,33620.0
2025-02-27,SILVER,쿠폰 사용,쿠폰명 미확인,coupon_name+order_coupon_name+coupon_code+order_coupon_no+order_product_coupon_name+order_product_coupon_no+product_coupon_type_no,5,5,36,970968,301892,194193.6
2025-02-27,SILVER,쿠폰 미사용,쿠폰 미사용,coupon_name+order_coupon_name+coupon_code+order_coupon_no+order_product_coupon_name+order_product_coupon_no+product_coupon_type_no,4,4,4,450780,0,112695.0
2025-02-28,FAMILY,쿠폰 사용,쿠폰명 미확인,coupon_name+order_coupon_name+coupon_code+order_coupon_no+order_product_coupon_name+order_product_coupon_no+product_coupon_type_no,36,36,37,2954067,465793,82057.41666666667
2025-02-28,FAMILY,쿠폰 미사용,쿠폰 미사용,coupon_name+order_coupon_name+coupon_code+order_coupon_no+order_product_coupon_name+order_product_coupon_no+product_coupon_type_no,5,5,5,307720,0,61544.0
2025-02-28,SILVER,쿠폰 미사용,쿠폰 미사용,coupon_name+order_coupon_name+coupon_code+order_coupon_no+order_product_coupon_name+order_product_coupon_no+product_coupon_type_no,3,3,7,226830,0,75610.0
2025-02-28,SILVER,쿠폰 사용,쿠폰명 미확인,coupon_name+order_coupon_name+coupon_code+order_coupon_no+order_product_coupon_name+order_product_coupon_no+product_coupon_type_no,2,2,3,144236,32804,72118.0
2025-03-01,FAMILY,쿠폰 사용,쿠폰명 미확인,coupon_name+order_coupon_name+coupon_code+order_coupon_no+order_product_coupon_name+order_product_coupon_no+product_coupon_type_no,42,42,49,4603688,770402,109611.61904761905
2025-03-01,FAMILY,쿠폰 미사용,쿠폰 미사용,coupon_name+order_coupon_name+coupon_code+order_coupon_no+order_product_coupon_name+order_product_coupon_no+product_coupon_type_no,15,15,20,914240,0,60949.333333333336
2025-03-01,SILVER,쿠폰 사용,쿠폰명 미확인,coupon_name+order_coupon_name+coupon_code+order_coupon_no+order_product_coupon_name+order_product_coupon_no+product_coupon_type_no,4,4,8,678230,62100,169557.5
2025-03-01,SILVER,쿠폰 미사용,쿠폰 미사용,coupon_name+order_coupon_name+coupon_code+order_coupon_no+order_product_coupon_name+order_product_coupon_no+product_coupon_type_no,3,3,9,436020,0,145340.0
2025-03-02,FAMILY,쿠폰 사용,쿠폰명 미확인,coupon_name+order_coupon_name+coupon_code+order_coupon_no+order_product_coupon_name+order_product_coupon_no+product_coupon_type_no,49,49,53,5757626,906144,117502.57142857143
2025-03-02,FAMILY,쿠폰 미사용,쿠폰 미사용,coupon_name+order_coupon_name+coupon_code+order_coupon_no+order_product_coupon_name+order_product_coupon_no+product_coupon_type_no,8,8,8,420970,0,52621.25
2025-03-02,GOLD,쿠폰 미사용,쿠폰 미사용,coupon_name+order_coupon_name+coupon_code+order_coupon_no+order_product_coupon_name+order_product_coupon_no+product_coupon_type_no,1,1,2,273440,0,273440.0
2025-03-02,SILVER,쿠폰 사용,쿠폰명 미확인,coupon_name+order_coupon_name+coupon_code+order_coupon_no+order_product_coupon_name+order_product_coupon_no+product_coupon_type_no,2,2,4,861620,126180,430810.0
2025-03-02,SILVER,쿠폰 미사용,쿠폰 미사용,coupon_name+order_coupon_name+coupon_code+order_coupon_no+order_product_coupon_name+order_product_coupon_no+product_coupon_type_no,3,3,5,643140,0,214380.0
2025-03-02,TITANIUM,쿠폰 미사용,쿠폰 미사용,coupon_name+order_coupon_name+coupon_code+order_coupon_no+order_product_coupon_name+order_product_coupon_no+product_coupon_type_no,1,1,1,100000,0,100000.0
2025-03-03,FAMILY,쿠폰 사용,쿠폰명 미확인,coupon_name+order_coupon_name+coupon_code+order_coupon_no+order_product_coupon_name+order_product_coupon_no+product_coupon_type_no,59,59,76,6399897,1274833,108472.83050847458
2025-03-03,FAMILY,쿠폰 미사용,쿠폰 미사용,coupon_name+order_coupon_name+coupon_code+order_coupon_no+order_product_coupon_name+order_product_coupon_no+product_coupon_type_no,15,15,25,1270660,0,84710.66666666667
2025-03-03,GOLD,쿠폰 미사용,쿠폰 미사용,coupon_name+order_coupon_name+coupon_code+order_coupon_no+order_product_coupon_name+order_product_coupon_no+product_coupon_type_no,1,1,1,70000,0,70000.0
2025-03-03,SILVER,쿠폰 미사용,쿠폰 미사용,coupon_name+order_coupon_name+coupon_code+order_coupon_no+order_product_coupon_name+order_product_coupon_no+product_coupon_type_no,6,6,7,856250,0,142708.33333333334
2025-03-03,SILVER,쿠폰 사용,쿠폰명 미확인,coupon_name+order_coupon_name+coupon_code+order_coupon_no+order_product_coupon_name+order_product_coupon_no+product_coupon_type_no,1,1,1,151372,37968,151372.0
2025-03-04,FAMILY,쿠폰 사용,쿠폰명 미확인,coupon_name+order_coupon_name+coupon_code+order_coupon_no+order_product_coupon_name+order_product_coupon_no+product_coupon_type_no,31,31,35,4249288,703132,137073.8064516129
2025-03-04,FAMILY,쿠폰 미사용,쿠폰 미사용,coupon_name+order_coupon_name+coupon_code+order_coupon_no+order_product_coupon_name+order_product_coupon_no+product_coupon_type_no,22,22,26,1614310,0,73377.72727272728
2025-03-04,SILVER,쿠폰 미사용,쿠폰 미사용,coupon_name+order_coupon_name+coupon_code+order_coupon_no+order_product_coupon_name+order_product_coupon_no+product_coupon_type_no,2,2,2,205830,0,102915.0
2025-03-05,FAMILY,쿠폰 사용,쿠폰명 미확인,coupon_name+order_coupon_name+coupon_code+order_coupon_no+order_product_coupon_name+order_product_coupon_no+product_coupon_type_no,34,34,38,3462519,677521,101838.79411764706
2025-03-05,FAMILY,쿠폰 미사용,쿠폰 미사용,coupon_name+order_coupon_name+coupon_code+order_coupon_no+order_product_coupon_name+order_product_coupon_no+product_coupon_type_no,21,21,35,1734340,0,82587.61904761905
2025-03-05,GOLD,쿠폰 미사용,쿠폰 미사용,coupon_name+order_coupon_name+coupon_code+order_coupon_no+order_product_coupon_name+order_product_coupon_no+product_coupon_type_no,1,1,1,200970,0,200970.0
2025-03-05,SILVER,쿠폰 미사용,쿠폰 미사용,coupon_name+order_coupon_name+coupon_code+order_coupon_no+order_product_coupon_name+order_product_coupon_no+product_coupon_type_no,3,3,5,305880,0,101960.0
2025-03-05,SILVER,쿠폰 사용,쿠폰명 미확인,coupon_name+order_coupon_name+coupon_code+order_coupon_no+order_product_coupon_name+order_product_coupon_no+product_coupon_type_no,1,1,1,144002,36848,144002.0
2025-03-06,FAMILY,쿠폰 사용,쿠폰명 미확인,coupon_name+order_coupon_name+coupon_code+order_coupon_no+order_product_coupon_name+order_product_coupon_no+product_coupon_type_no,47,47,54,5351680,1253970,113865.53191489361
2025-03-06,FAMILY,쿠폰 미사용,쿠폰 미사용,coupon_name+order_coupon_name+coupon_code+order_coupon_no+order_product_coupon_name+order_product_coupon_no+product_coupon_type_no,12,12,12,956280,0,79690.0
2025-03-06,GOLD,쿠폰 사용,쿠폰명 미확인,coupon_name+order_coupon_name+coupon_code+order_coupon_no+order_product_coupon_name+order_product_coupon_no+product_coupon_type_no,3,3,8,811910,539260,270636.6666666667
2025-03-06,SILVER,쿠폰 사용,쿠폰명 미확인,coupon_name+order_coupon_name+coupon_code+order_coupon_no+order_product_coupon_name+order_product_coupon_no+product_coupon_type_no,3,3,6,832760,89800,277586.6666666667
2025-03-06,SILVER,쿠폰 미사용,쿠폰 미사용,coupon_name+order_coupon_name+coupon_code+order_coupon_no+order_product_coupon_name+order_product_coupon_no+product_coupon_type_no,2,2,2,269570,0,134785.0
2025-03-06,TITANIUM,쿠폰 미사용,쿠폰 미사용,coupon_name+order_coupon_name+coupon_code+order_coupon_no+order_product_coupon_name+order_product_coupon_no+product_coupon_type_no,2,2,5,397240,0,198620.0
2025-03-06,TITANIUM,쿠폰 사용,쿠폰명 미확인,coupon_name+order_coupon_name+coupon_code+order_coupon_no+order_product_coupon_name+order_product_coupon_no+product_coupon_type_no,1,1,2,185360,10000,185360.0
2025-03-07,FAMILY,쿠폰 사용,쿠폰명 미확인,coupon_name+order_coupon_name+coupon_code+order_coupon_no+order_product_coupon_name+order_product_coupon_no+product_coupon_type_no,44,44,55,5011288,1164952,113892.90909090909
2025-03-07,FAMILY,쿠폰 미사용,쿠폰 미사용,coupon_name+order_coupon_name+coupon_code+order_coupon_no+order_product_coupon_name+order_product_coupon_no+product_coupon_type_no,17,17,20,1051580,0,61857.64705882353
2025-03-07,SILVER,쿠폰 미사용,쿠폰 미사용,coupon_name+order_coupon_name+coupon_code+order_coupon_no+order_product_coupon_name+order_product_coupon_no+product_coupon_type_no,1,1,1,232470,0,232470.0
2025-03-07,SILVER,쿠폰 사용,쿠폰명 미확인,coupon_name+order_coupon_name+coupon_code+order_coupon_no+order_product_coupon_name+order_product_coupon_no+product_coupon_type_no,1,1,1,107802,13608,107802.0
2025-03-08,FAMILY,쿠폰 사용,쿠폰명 미확인,coupon_name+order_coupon_name+coupon_code+order_coupon_no+order_product_coupon_name+order_product_coupon_no+product_coupon_type_no,39,39,51,4113564,657516,105476.0
2025-03-08,FAMILY,쿠폰 미사용,쿠폰 미사용,coupon_name+order_coupon_name+coupon_code+order_coupon_no+order_product_coupon_name+order_product_coupon_no+product_coupon_type_no,16,15,25,1525160,0,95322.5
2025-03-08,SILVER,쿠폰 사용,쿠폰명 미확인,coupon_name+order_coupon_name+coupon_code+order_coupon_no+order_product_coupon_name+order_product_coupon_no+product_coupon_type_no,1,1,2,278000,20000,278000.0
2025-03-08,SILVER,쿠폰 미사용,쿠폰 미사용,coupon_name+order_coupon_name+coupon_code+order_coupon_no+order_product_coupon_name+order_product_coupon_no+product_coupon_type_no,3,3,3,221550,0,73850.0
2025-03-09,FAMILY,쿠폰 사용,쿠폰명 미확인,coupon_name+order_coupon_name+coupon_code+order_coupon_no+order_product_coupon_name+order_product_coupon_no+product_coupon_type_no,41,41,45,4351160,711720,106125.85365853658
2025-03-09,FAMILY,쿠폰 미사용,쿠폰 미사용,coupon_name+order_coupon_name+coupon_code+order_coupon_no+order_product_coupon_name+order_product_coupon_no+product_coupon_type_no,23,23,32,1662550,0,72284.78260869565
2025-03-09,GOLD,쿠폰 미사용,쿠폰 미사용,coupon_name+order_coupon_name+coupon_code+order_coupon_no+order_product_coupon_name+order_product_coupon_no+product_coupon_type_no,2,2,2,426000,0,213000.0
2025-03-09,GOLD,쿠폰 사용,쿠폰명 미확인,coupon_name+order_coupon_name+coupon_code+order_coupon_no+order_product_coupon_name+order_product_coupon_no+product_coupon_type_no,1,1,1,147684,37296,147684.0
2025-03-09,SILVER,쿠폰 미사용,쿠폰 미사용,coupon_name+order_coupon_name+coupon_code+order_coupon_no+order_product_coupon_name+order_product_coupon_no+product_coupon_type_no,4,3,6,346440,0,86610.0
2025-03-09,SILVER,쿠폰 사용,쿠폰명 미확인,coupon_name+order_coupon_name+coupon_code+order_coupon_no+order_product_coupon_name+order_product_coupon_no+product_coupon_type_no,2,2,2,214424,46196,107212.0
2025-03-10,FAMILY,쿠폰 사용,쿠폰명 미확인,coupon_name+order_coupon_name+coupon_code+order_coupon_no+order_product_coupon_name+order_product_coupon_no+product_coupon_type_no,40,39,199,12578910,3285210,314472.75
2025-03-10,FAMILY,쿠폰 미사용,쿠폰 미사용,coupon_name+order_coupon_name+coupon_code+order_coupon_no+order_product_coupon_name+order_product_coupon_no+product_coupon_type_no,14,14,18,915140,0,65367.142857142855
2025-03-10,GOLD,쿠폰 미사용,쿠폰 미사용,coupon_name+order_coupon_name+coupon_code+order_coupon_no+order_product_coupon_name+order_product_coupon_no+product_coupon_type_no,1,1,1,94000,0,94000.0
2025-03-10,SILVER,쿠폰 사용,쿠폰명 미확인,coupon_name+order_coupon_name+coupon_code+order_coupon_no+order_product_coupon_name+order_product_coupon_no+product_coupon_type_no,2,2,3,344770,41530,172385.0
2025-03-10,SILVER,쿠폰 미사용,쿠폰 미사용,coupon_name+order_coupon_name+coupon_code+order_coupon_no+order_product_coupon_name+order_product_coupon_no+product_coupon_type_no,1,1,1,89840,0,89840.0
2025-03-11,FAMILY,쿠폰 사용,쿠폰명 미확인,coupon_name+order_coupon_name+coupon_code+order_coupon_no+order_product_coupon_name+order_product_coupon_no+product_coupon_type_no,33,33,44,3945980,684570,119575.15151515152
2025-03-11,FAMILY,쿠폰 미사용,쿠폰 미사용,coupon_name+order_coupon_name+coupon_code+order_coupon_no+order_product_coupon_name+order_product_coupon_no+product_coupon_type_no,19,19,29,1618180,0,85167.36842105263
2025-03-11,GOLD,쿠폰 미사용,쿠폰 미사용,coupon_name+order_coupon_name+coupon_code+order_coupon_no+order_product_coupon_name+order_product_coupon_no+product_coupon_type_no,1,1,8,227640,0,227640.0
2025-03-11,GOLD,쿠폰 사용,쿠폰명 미확인,coupon_name+order_coupon_name+coupon_code+order_coupon_no+order_product_coupon_name+order_product_coupon_no+product_coupon_type_no,1,1,1,142000,10000,142000.0
2025-03-11,SILVER,쿠폰 사용,쿠폰명 미확인,coupon_name+order_coupon_name+coupon_code+order_coupon_no+order_product_coupon_name+order_product_coupon_no+product_coupon_type_no,4,4,5,721970,136530,180492.5
2025-03-11,SILVER,쿠폰 미사용,쿠폰 미사용,coupon_name+order_coupon_name+coupon_code+order_coupon_no+order_product_coupon_name+order_product_coupon_no+product_coupon_type_no,1,1,1,163080,0,163080.0
2025-03-12,FAMILY,쿠폰 사용,쿠폰명 미확인,coupon_name+order_coupon_name+coupon_code+order_coupon_no+order_product_coupon_name+order_product_coupon_no+product_coupon_type_no,36,35,39,3918260,539200,108840.55555555556
2025-03-12,FAMILY,쿠폰 미사용,쿠폰 미사용,coupon_name+order_coupon_name+coupon_code+order_coupon_no+order_product_coupon_name+order_product_coupon_no+product_coupon_type_no,13,13,13,775670,0,59666.92307692308
2025-03-12,GOLD,쿠폰 미사용,쿠폰 미사용,coupon_name+order_coupon_name+coupon_code+order_coupon_no+order_product_coupon_name+order_product_coupon_no+product_coupon_type_no,1,1,1,111300,0,111300.0
2025-03-12,SILVER,쿠폰 미사용,쿠폰 미사용,coupon_name+order_coupon_name+coupon_code+order_coupon_no+order_product_coupon_name+order_product_coupon_no+product_coupon_type_no,4,4,4,427580,0,106895.0
2025-03-12,SILVER,쿠폰 사용,쿠폰명 미확인,coupon_name+order_coupon_name+coupon_code+order_coupon_no+order_product_coupon_name+order_product_coupon_no+product_coupon_type_no,1,1,4,218000,118200,218000.0
2025-03-13,FAMILY,쿠폰 사용,쿠폰명 미확인,coupon_name+order_coupon_name+coupon_code+order_coupon_no+order_product_coupon_name+order_product_coupon_no+product_coupon_type_no,46,45,72,4838280,1545160,105180.0
2025-03-13,FAMILY,쿠폰 미사용,쿠폰 미사용,coupon_name+order_coupon_name+coupon_code+order_coupon_no+order_product_coupon_name+order_product_coupon_no+product_coupon_type_no,26,26,34,1701950,0,65459.61538461538
2025-03-13,SILVER,쿠폰 미사용,쿠폰 미사용,coupon_name+order_coupon_name+coupon_code+order_coupon_no+order_product_coupon_name+order_product_coupon_no+product_coupon_type_no,2,2,2,96000,0,48000.0
2025-03-13,SILVER,쿠폰 사용,쿠폰명 미확인,coupon_name+order_coupon_name+coupon_code+order_coupon_no+order_product_coupon_name+order_product_coupon_no+product_coupon_type_no,1,1,1,79070,14230,79070.0
2025-03-13,TITANIUM,쿠폰 미사용,쿠폰 미사용,coupon_name+order_coupon_name+coupon_code+order_coupon_no+order_product_coupon_name+order_product_coupon_no+product_coupon_type_no,1,1,1,180000,0,180000.0
2025-03-13,TITANIUM,쿠폰 사용,쿠폰명 미확인,coupon_name+order_coupon_name+coupon_code+order_coupon_no+order_product_coupon_name+order_product_coupon_no+product_coupon_type_no,1,1,1,170000,10000,170000.0
2025-03-14,FAMILY,쿠폰 사용,쿠폰명 미확인,coupon_name+order_coupon_name+coupon_code+order_coupon_no+order_product_coupon_name+order_product_coupon_no+product_coupon_type_no,38,36,47,4292960,1458610,112972.63157894737
2025-03-14,FAMILY,쿠폰 미사용,쿠폰 미사용,coupon_name+order_coupon_name+coupon_code+order_coupon_no+order_product_coupon_name+order_product_coupon_no+product_coupon_type_no,15,15,15,1121050,0,74736.66666666667
2025-03-14,GOLD,쿠폰 미사용,쿠폰 미사용,coupon_name+order_coupon_name+coupon_code+order_coupon_no+order_product_coupon_name+order_product_coupon_no+product_coupon_type_no,1,1,1,57000,0,57000.0
2025-03-14,SILVER,쿠폰 미사용,쿠폰 미사용,coupon_name+order_coupon_name+coupon_code+order_coupon_no+order_product_coupon_name+order_product_coupon_no+product_coupon_type_no,6,4,6,480510,0,80085.0
2025-03-14,SILVER,쿠폰 사용,쿠폰명 미확인,coupon_name+order_coupon_name+coupon_code+order_coupon_no+order_product_coupon_name+order_product_coupon_no+product_coupon_type_no,2,2,4,391580,44170,195790.0
2025-03-15,FAMILY,쿠폰 사용,쿠폰명 미확인,coupon_name+order_coupon_name+coupon_code+order_coupon_no+order_product_coupon_name+order_product_coupon_no+product_coupon_type_no,42,42,47,3936260,690970,93720.47619047618
2025-03-15,FAMILY,쿠폰 미사용,쿠폰 미사용,coupon_name+order_coupon_name+coupon_code+order_coupon_no+order_product_coupon_name+order_product_coupon_no+product_coupon_type_no,25,25,28,1298280,0,51931.2
2025-03-15,SILVER,쿠폰 사용,쿠폰명 미확인,coupon_name+order_coupon_name+coupon_code+order_coupon_no+order_product_coupon_name+order_product_coupon_no+product_coupon_type_no,5,5,7,825840,128170,165168.0
2025-03-15,SILVER,쿠폰 미사용,쿠폰 미사용,coupon_name+order_coupon_name+coupon_code+order_coupon_no+order_product_coupon_name+order_product_coupon_no+product_coupon_type_no,5,5,8,540950,0,108190.0
2025-03-16,FAMILY,쿠폰 사용,쿠폰명 미확인,coupon_name+order_coupon_name+coupon_code+order_coupon_no+order_product_coupon_name+order_product_coupon_no+product_coupon_type_no,36,36,47,3884030,628190,107889.72222222222
2025-03-16,FAMILY,쿠폰 미사용,쿠폰 미사용,coupon_name+order_coupon_name+coupon_code+order_coupon_no+order_product_coupon_name+order_product_coupon_no+product_coupon_type_no,21,21,27,1421260,0,67679.04761904762
2025-03-16,SILVER,쿠폰 미사용,쿠폰 미사용,coupon_name+order_coupon_name+coupon_code+order_coupon_no+order_product_coupon_name+order_product_coupon_no+product_coupon_type_no,6,6,7,638690,0,106448.33333333333
2025-03-16,SILVER,쿠폰 사용,쿠폰명 미확인,coupon_name+order_coupon_name+coupon_code+order_coupon_no+order_product_coupon_name+order_product_coupon_no+product_coupon_type_no,5,5,7,541770,56000,108354.0
2025-03-16,TITANIUM,쿠폰 미사용,쿠폰 미사용,coupon_name+order_coupon_name+coupon_code+order_coupon_no+order_product_coupon_name+order_product_coupon_no+product_coupon_type_no,1,1,1,99000,0,99000.0
2025-03-17,FAMILY,쿠폰 사용,쿠폰명 미확인,coupon_name+order_coupon_name+coupon_code+order_coupon_no+order_product_coupon_name+order_product_coupon_no+product_coupon_type_no,38,38,47,3970160,863250,104477.8947368421
2025-03-17,FAMILY,쿠폰 미사용,쿠폰 미사용,coupon_name+order_coupon_name+coupon_code+order_coupon_no+order_product_coupon_name+order_product_coupon_no+product_coupon_type_no,19,18,24,1259570,0,66293.15789473684
2025-03-17,SILVER,쿠폰 미사용,쿠폰 미사용,coupon_name+order_coupon_name+coupon_code+order_coupon_no+order_product_coupon_name+order_product_coupon_no+product_coupon_type_no,4,4,4,628610,0,157152.5
2025-03-17,SILVER,쿠폰 사용,쿠폰명 미확인,coupon_name+order_coupon_name+coupon_code+order_coupon_no+order_product_coupon_name+order_product_coupon_no+product_coupon_type_no,2,2,2,311190,83800,155595.0
2025-03-18,FAMILY,쿠폰 사용,쿠폰명 미확인,coupon_name+order_coupon_name+coupon_code+order_coupon_no+order_product_coupon_name+order_product_coupon_no+product_coupon_type_no,23,23,24,1973239,379511,85793.0
2025-03-18,FAMILY,쿠폰 미사용,쿠폰 미사용,coupon_name+order_coupon_name+coupon_code+order_coupon_no+order_product_coupon_name+order_product_coupon_no+product_coupon_type_no,15,15,22,1143810,0,76254.0
2025-03-18,GOLD,쿠폰 사용,쿠폰명 미확인,coupon_name+order_coupon_name+coupon_code+order_coupon_no+order_product_coupon_name+order_product_coupon_no+product_coupon_type_no,1,1,1,134500,53800,134500.0
2025-03-18,SILVER,쿠폰 미사용,쿠폰 미사용,coupon_name+order_coupon_name+coupon_code+order_coupon_no+order_product_coupon_name+order_product_coupon_no+product_coupon_type_no,5,5,12,751060,0,150212.0
2025-03-18,SILVER,쿠폰 사용,쿠폰명 미확인,coupon_name+order_coupon_name+coupon_code+order_coupon_no+order_product_coupon_name+order_product_coupon_no+product_coupon_type_no,1,1,3,321800,41200,321800.0
2025-03-19,FAMILY,쿠폰 사용,쿠폰명 미확인,coupon_name+order_coupon_name+coupon_code+order_coupon_no+order_product_coupon_name+order_product_coupon_no+product_coupon_type_no,36,36,41,3141060,576080,87251.66666666667
2025-03-19,FAMILY,쿠폰 미사용,쿠폰 미사용,coupon_name+order_coupon_name+coupon_code+order_coupon_no+order_product_coupon_name+order_product_coupon_no+product_coupon_type_no,29,28,40,2166950,0,74722.41379310345
2025-03-19,SILVER,쿠폰 미사용,쿠폰 미사용,coupon_name+order_coupon_name+coupon_code+order_coupon_no+order_product_coupon_name+order_product_coupon_no+product_coupon_type_no,4,4,4,165060,0,41265.0
2025-03-19,SILVER,쿠폰 사용,쿠폰명 미확인,coupon_name+order_coupon_name+coupon_code+order_coupon_no+order_product_coupon_name+order_product_coupon_no+product_coupon_type_no,1,1,1,149000,10000,149000.0
2025-03-20,FAMILY,쿠폰 사용,쿠폰명 미확인,coupon_name+order_coupon_name+coupon_code+order_coupon_no+order_product_coupon_name+order_product_coupon_no+product_coupon_type_no,40,40,44,3716320,841620,92908.0
2025-03-20,FAMILY,쿠폰 미사용,쿠폰 미사용,coupon_name+order_coupon_name+coupon_code+order_coupon_no+order_product_coupon_name+order_product_coupon_no+product_coupon_type_no,26,26,30,1625680,0,62526.153846153844
2025-03-20,SILVER,쿠폰 미사용,쿠폰 미사용,coupon_name+order_coupon_name+coupon_code+order_coupon_no+order_product_coupon_name+order_product_coupon_no+product_coupon_type_no,6,6,6,439610,0,73268.33333333333
2025-03-21,FAMILY,쿠폰 사용,쿠폰명 미확인,coupon_name+order_coupon_name+coupon_code+order_coupon_no+order_product_coupon_name+order_product_coupon_no+product_coupon_type_no,33,32,49,3493360,1026360,105859.39393939394
2025-03-21,FAMILY,쿠폰 미사용,쿠폰 미사용,coupon_name+order_coupon_name+coupon_code+order_coupon_no+order_product_coupon_name+order_product_coupon_no+product_coupon_type_no,20,19,25,1252460,0,62623.0
2025-03-21,GOLD,쿠폰 미사용,쿠폰 미사용,coupon_name+order_coupon_name+coupon_code+order_coupon_no+order_product_coupon_name+order_product_coupon_no+product_coupon_type_no,1,1,2,154000,0,154000.0
2025-03-21,SILVER,쿠폰 미사용,쿠폰 미사용,coupon_name+order_coupon_name+coupon_code+order_coupon_no+order_product_coupon_name+order_product_coupon_no+product_coupon_type_no,4,4,7,569480,0,142370.0
2025-03-21,SILVER,쿠폰 사용,쿠폰명 미확인,coupon_name+order_coupon_name+coupon_code+order_coupon_no+order_product_coupon_name+order_product_coupon_no+product_coupon_type_no,1,1,1,179000,10000,179000.0
2025-03-22,FAMILY,쿠폰 사용,쿠폰명 미확인,coupon_name+order_coupon_name+coupon_code+order_coupon_no+order_product_coupon_name+order_product_coupon_no+product_coupon_type_no,33,33,34,3581460,567370,108529.09090909091
2025-03-22,FAMILY,쿠폰 미사용,쿠폰 미사용,coupon_name+order_coupon_name+coupon_code+order_coupon_no+order_product_coupon_name+order_product_coupon_no+product_coupon_type_no,8,8,15,531080,0,66385.0
2025-03-22,GOLD,쿠폰 사용,쿠폰명 미확인,coupon_name+order_coupon_name+coupon_code+order_coupon_no+order_product_coupon_name+order_product_coupon_no+product_coupon_type_no,1,1,4,298200,30000,298200.0
2025-03-22,SILVER,쿠폰 미사용,쿠폰 미사용,coupon_name+order_coupon_name+coupon_code+order_coupon_no+order_product_coupon_name+order_product_coupon_no+product_coupon_type_no,2,2,3,95140,0,47570.0
2025-03-23,FAMILY,쿠폰 사용,쿠폰명 미확인,coupon_name+order_coupon_name+coupon_code+order_coupon_no+order_product_coupon_name+order_product_coupon_no+product_coupon_type_no,35,35,50,3569770,661150,101993.42857142857
2025-03-23,FAMILY,쿠폰 미사용,쿠폰 미사용,coupon_name+order_coupon_name+coupon_code+order_coupon_no+order_product_coupon_name+order_product_coupon_no+product_coupon_type_no,22,22,30,1800960,0,81861.81818181818
2025-03-23,SILVER,쿠폰 사용,쿠폰명 미확인,coupon_name+order_coupon_name+coupon_code+order_coupon_no+order_product_coupon_name+order_product_coupon_no+product_coupon_type_no,2,2,2,460250,56300,230125.0
2025-03-23,SILVER,쿠폰 미사용,쿠폰 미사용,coupon_name+order_coupon_name+coupon_code+order_coupon_no+order_product_coupon_name+order_product_coupon_no+product_coupon_type_no,4,4,8,202590,0,50647.5
2025-03-24,FAMILY,쿠폰 사용,쿠폰명 미확인,coupon_name+order_coupon_name+coupon_code+order_coupon_no+order_product_coupon_name+order_product_coupon_no+product_coupon_type_no,44,43,55,4170520,884190,94784.54545454546
2025-03-24,FAMILY,쿠폰 미사용,쿠폰 미사용,coupon_name+order_coupon_name+coupon_code+order_coupon_no+order_product_coupon_name+order_product_coupon_no+product_coupon_type_no,21,21,29,1384750,0,65940.47619047618
2025-03-24,SILVER,쿠폰 미사용,쿠폰 미사용,coupon_name+order_coupon_name+coupon_code+order_coupon_no+order_product_coupon_name+order_product_coupon_no+product_coupon_type_no,1,1,1,62300,0,62300.0
2025-03-25,FAMILY,쿠폰 사용,쿠폰명 미확인,coupon_name+order_coupon_name+coupon_code+order_coupon_no+order_product_coupon_name+order_product_coupon_no+product_coupon_type_no,45,45,69,4957990,815040,110177.55555555556
2025-03-25,FAMILY,쿠폰 미사용,쿠폰 미사용,coupon_name+order_coupon_name+coupon_code+order_coupon_no+order_product_coupon_name+order_product_coupon_no+product_coupon_type_no,18,18,26,1592810,0,88489.44444444444
2025-03-25,GOLD,쿠폰 미사용,쿠폰 미사용,coupon_name+order_coupon_name+coupon_code+order_coupon_no+order_product_coupon_name+order_product_coupon_no+product_coupon_type_no,1,1,1,56150,0,56150.0
2025-03-25,SILVER,쿠폰 사용,쿠폰명 미확인,coupon_name+order_coupon_name+coupon_code+order_coupon_no+order_product_coupon_name+order_product_coupon_no+product_coupon_type_no,3,3,17,1616700,186300,538900.0
2025-03-25,SILVER,쿠폰 미사용,쿠폰 미사용,coupon_name+order_coupon_name+coupon_code+order_coupon_no+order_product_coupon_name+order_product_coupon_no+product_coupon_type_no,4,4,6,418640,0,104660.0
2025-03-25,TITANIUM,쿠폰 미사용,쿠폰 미사용,coupon_name+order_coupon_name+coupon_code+order_coupon_no+order_product_coupon_name+order_product_coupon_no+product_coupon_type_no,1,1,3,357300,0,357300.0
2025-03-26,FAMILY,쿠폰 사용,쿠폰명 미확인,coupon_name+order_coupon_name+coupon_code+order_coupon_no+order_product_coupon_name+order_product_coupon_no+product_coupon_type_no,28,28,34,2712820,443170,96886.42857142857
2025-03-26,FAMILY,쿠폰 미사용,쿠폰 미사용,coupon_name+order_coupon_name+coupon_code+order_coupon_no+order_product_coupon_name+order_product_coupon_no+product_coupon_type_no,20,20,23,1307950,0,65397.5
2025-03-26,SILVER,쿠폰 미사용,쿠폰 미사용,coupon_name+order_coupon_name+coupon_code+order_coupon_no+order_product_coupon_name+order_product_coupon_no+product_coupon_type_no,6,4,14,1020460,0,170076.66666666666
2025-03-26,SILVER,쿠폰 사용,쿠폰명 미확인,coupon_name+order_coupon_name+coupon_code+order_coupon_no+order_product_coupon_name+order_product_coupon_no+product_coupon_type_no,2,2,3,244700,27300,122350.0
2025-03-27,FAMILY,쿠폰 사용,쿠폰명 미확인,coupon_name+order_coupon_name+coupon_code+order_coupon_no+order_product_coupon_name+order_product_coupon_no+product_coupon_type_no,30,30,50,3262900,964810,108763.33333333333
2025-03-27,FAMILY,쿠폰 미사용,쿠폰 미사용,coupon_name+order_coupon_name+coupon_code+order_coupon_no+order_product_coupon_name+order_product_coupon_no+product_coupon_type_no,8,8,10,447090,0,55886.25
2025-03-27,GOLD,쿠폰 사용,쿠폰명 미확인,coupon_name+order_coupon_name+coupon_code+order_coupon_no+order_product_coupon_name+order_product_coupon_no+product_coupon_type_no,1,1,2,119000,20700,119000.0
2025-03-27,SILVER,쿠폰 미사용,쿠폰 미사용,coupon_name+order_coupon_name+coupon_code+order_coupon_no+order_product_coupon_name+order_product_coupon_no+product_coupon_type_no,4,4,4,303210,0,75802.5
2025-03-27,SILVER,쿠폰 사용,쿠폰명 미확인,coupon_name+order_coupon_name+coupon_code+order_coupon_no+order_product_coupon_name+order_product_coupon_no+product_coupon_type_no,1,1,20,120000,96000,120000.0
2025-03-28,FAMILY,쿠폰 사용,쿠폰명 미확인,coupon_name+order_coupon_name+coupon_code+order_coupon_no+order_product_coupon_name+order_product_coupon_no+product_coupon_type_no,20,20,27,2009160,488340,100458.0
2025-03-28,FAMILY,쿠폰 미사용,쿠폰 미사용,coupon_name+order_coupon_name+coupon_code+order_coupon_no+order_product_coupon_name+order_product_coupon_no+product_coupon_type_no,15,15,23,1195520,0,79701.33333333333
2025-03-28,GOLD,쿠폰 사용,쿠폰명 미확인,coupon_name+order_coupon_name+coupon_code+order_coupon_no+order_product_coupon_name+order_product_coupon_no+product_coupon_type_no,1,1,1,81670,9500,81670.0
2025-03-28,SILVER,쿠폰 사용,쿠폰명 미확인,coupon_name+order_coupon_name+coupon_code+order_coupon_no+order_product_coupon_name+order_product_coupon_no+product_coupon_type_no,2,2,4,838330,83800,419165.0
2025-03-28,SILVER,쿠폰 미사용,쿠폰 미사용,coupon_name+order_coupon_name+coupon_code+order_coupon_no+order_product_coupon_name+order_product_coupon_no+product_coupon_type_no,5,4,5,438460,0,87692.0
2025-03-29,FAMILY,쿠폰 사용,쿠폰명 미확인,coupon_name+order_coupon_name+coupon_code+order_coupon_no+order_product_coupon_name+order_product_coupon_no+product_coupon_type_no,20,20,23,2106220,456770,105311.0
2025-03-29,FAMILY,쿠폰 미사용,쿠폰 미사용,coupon_name+order_coupon_name+coupon_code+order_coupon_no+order_product_coupon_name+order_product_coupon_no+product_coupon_type_no,17,17,22,1361330,0,80078.23529411765
2025-03-29,GOLD,쿠폰 사용,쿠폰명 미확인,coupon_name+order_coupon_name+coupon_code+order_coupon_no+order_product_coupon_name+order_product_coupon_no+product_coupon_type_no,1,1,2,123000,10000,123000.0
2025-03-29,SILVER,쿠폰 사용,쿠폰명 미확인,coupon_name+order_coupon_name+coupon_code+order_coupon_no+order_product_coupon_name+order_product_coupon_no+product_coupon_type_no,2,2,2,181990,16900,90995.0
2025-03-29,SILVER,쿠폰 미사용,쿠폰 미사용,coupon_name+order_coupon_name+coupon_code+order_coupon_no+order_product_coupon_name+order_product_coupon_no+product_coupon_type_no,2,2,4,82370,0,41185.0
2025-03-30,FAMILY,쿠폰 사용,쿠폰명 미확인,coupon_name+order_coupon_name+coupon_code+order_coupon_no+order_product_coupon_name+order_product_coupon_no+product_coupon_type_no,18,18,19,1777810,256900,98767.22222222222
2025-03-30,FAMILY,쿠폰 미사용,쿠폰 미사용,coupon_name+order_coupon_name+coupon_code+order_coupon_no+order_product_coupon_name+order_product_coupon_no+product_coupon_type_no,14,14,16,793690,0,56692.142857142855
2025-03-30,GOLD,쿠폰 미사용,쿠폰 미사용,coupon_name+order_coupon_name+coupon_code+order_coupon_no+order_product_coupon_name+order_product_coupon_no+product_coupon_type_no,1,1,1,124190,0,124190.0
2025-03-30,SILVER,쿠폰 사용,쿠폰명 미확인,coupon_name+order_coupon_name+coupon_code+order_coupon_no+order_product_coupon_name+order_product_coupon_no+product_coupon_type_no,4,4,6,776270,105190,194067.5
2025-03-30,SILVER,쿠폰 미사용,쿠폰 미사용,coupon_name+order_coupon_name+coupon_code+order_coupon_no+order_product_coupon_name+order_product_coupon_no+product_coupon_type_no,5,5,6,508440,0,101688.0
2025-03-31,FAMILY,쿠폰 사용,쿠폰명 미확인,coupon_name+order_coupon_name+coupon_code+order_coupon_no+order_product_coupon_name+order_product_coupon_no+product_coupon_type_no,24,24,26,2165280,318880,90220.0
2025-03-31,FAMILY,쿠폰 미사용,쿠폰 미사용,coupon_name+order_coupon_name+coupon_code+order_coupon_no+order_product_coupon_name+order_product_coupon_no+product_coupon_type_no,12,12,15,583380,0,48615.0
2025-03-31,SILVER,쿠폰 미사용,쿠폰 미사용,coupon_name+order_coupon_name+coupon_code+order_coupon_no+order_product_coupon_name+order_product_coupon_no+product_coupon_type_no,4,4,4,317530,0,79382.5
2025-03-31,SILVER,쿠폰 사용,쿠폰명 미확인,coupon_name+order_coupon_name+coupon_code+order_coupon_no+order_product_coupon_name+order_product_coupon_no+product_coupon_type_no,1,1,1,84500,16500,84500.0
2025-04-01,FAMILY,쿠폰 사용,쿠폰명 미확인,coupon_name+order_coupon_name+coupon_code+order_coupon_no+order_product_coupon_name+order_product_coupon_no+product_coupon_type_no,30,29,39,3256470,1180580,108549.0
2025-04-01,FAMILY,쿠폰 미사용,쿠폰 미사용,coupon_name+order_coupon_name+coupon_code+order_coupon_no+order_product_coupon_name+order_product_coupon_no+product_coupon_type_no,23,22,30,1640580,0,71329.56521739131
2025-04-01,GOLD,쿠폰 사용,쿠폰명 미확인,coupon_name+order_coupon_name+coupon_code+order_coupon_no+order_product_coupon_name+order_product_coupon_no+product_coupon_type_no,1,1,1,87630,23800,87630.0
2025-04-01,SILVER,쿠폰 사용,쿠폰명 미확인,coupon_name+order_coupon_name+coupon_code+order_coupon_no+order_product_coupon_name+order_product_coupon_no+product_coupon_type_no,3,2,4,467770,77600,155923.33333333334
2025-04-01,SILVER,쿠폰 미사용,쿠폰 미사용,coupon_name+order_coupon_name+coupon_code+order_coupon_no+order_product_coupon_name+order_product_coupon_no+product_coupon_type_no,5,5,7,430390,0,86078.0
2025-04-02,FAMILY,쿠폰 사용,쿠폰명 미확인,coupon_name+order_coupon_name+coupon_code+order_coupon_no+order_product_coupon_name+order_product_coupon_no+product_coupon_type_no,32,32,48,3668220,1087660,114631.875
2025-04-02,FAMILY,쿠폰 미사용,쿠폰 미사용,coupon_name+order_coupon_name+coupon_code+order_coupon_no+order_product_coupon_name+order_product_coupon_no+product_coupon_type_no,17,17,21,791350,0,46550.0
2025-04-02,SILVER,쿠폰 미사용,쿠폰 미사용,coupon_name+order_coupon_name+coupon_code+order_coupon_no+order_product_coupon_name+order_product_coupon_no+product_coupon_type_no,4,3,7,968150,0,242037.5
2025-04-02,SILVER,쿠폰 사용,쿠폰명 미확인,coupon_name+order_coupon_name+coupon_code+order_coupon_no+order_product_coupon_name+order_product_coupon_no+product_coupon_type_no,2,2,4,329900,71300,164950.0
2025-04-03,FAMILY,쿠폰 사용,쿠폰명 미확인,coupon_name+order_coupon_name+coupon_code+order_coupon_no+order_product_coupon_name+order_product_coupon_no+product_coupon_type_no,47,47,65,4811135,1167555,102364.5744680851
2025-04-03,FAMILY,쿠폰 미사용,쿠폰 미사용,coupon_name+order_coupon_name+coupon_code+order_coupon_no+order_product_coupon_name+order_product_coupon_no+product_coupon_type_no,21,21,25,1230260,0,58583.80952380953
2025-04-03,SILVER,쿠폰 사용,쿠폰명 미확인,coupon_name+order_coupon_name+coupon_code+order_coupon_no+order_product_coupon_name+order_product_coupon_no+product_coupon_type_no,6,6,6,411890,63750,68648.33333333333
2025-04-03,SILVER,쿠폰 미사용,쿠폰 미사용,coupon_name+order_coupon_name+coupon_code+order_coupon_no+order_product_coupon_name+order_product_coupon_no+product_coupon_type_no,2,2,2,89510,0,44755.0
2025-04-04,FAMILY,쿠폰 사용,쿠폰명 미확인,coupon_name+order_coupon_name+coupon_code+order_coupon_no+order_product_coupon_name+order_product_coupon_no+product_coupon_type_no,33,33,171,8657720,2511520,262355.1515151515
2025-04-04,FAMILY,쿠폰 미사용,쿠폰 미사용,coupon_name+order_coupon_name+coupon_code+order_coupon_no+order_product_coupon_name+order_product_coupon_no+product_coupon_type_no,15,15,17,808370,0,53891.333333333336
2025-04-04,SILVER,쿠폰 사용,쿠폰명 미확인,coupon_name+order_coupon_name+coupon_code+order_coupon_no+order_product_coupon_name+order_product_coupon_no+product_coupon_type_no,9,7,9,757430,139200,84158.88888888889
2025-04-04,SILVER,쿠폰 미사용,쿠폰 미사용,coupon_name+order_coupon_name+coupon_code+order_coupon_no+order_product_coupon_name+order_product_coupon_no+product_coupon_type_no,2,2,2,147800,0,73900.0
2025-04-04,TITANIUM,쿠폰 미사용,쿠폰 미사용,coupon_name+order_coupon_name+coupon_code+order_coupon_no+order_product_coupon_name+order_product_coupon_no+product_coupon_type_no,1,1,2,190000,0,190000.0
2025-04-04,TITANIUM,쿠폰 사용,쿠폰명 미확인,coupon_name+order_coupon_name+coupon_code+order_coupon_no+order_product_coupon_name+order_product_coupon_no+product_coupon_type_no,1,1,2,160200,17800,160200.0
2025-04-05,FAMILY,쿠폰 사용,쿠폰명 미확인,coupon_name+order_coupon_name+coupon_code+order_coupon_no+order_product_coupon_name+order_product_coupon_no+product_coupon_type_no,27,27,33,2067415,584505,76570.92592592593
2025-04-05,FAMILY,쿠폰 미사용,쿠폰 미사용,coupon_name+order_coupon_name+coupon_code+order_coupon_no+order_product_coupon_name+order_product_coupon_no+product_coupon_type_no,16,15,16,988400,0,61775.0
2025-04-05,SILVER,쿠폰 사용,쿠폰명 미확인,coupon_name+order_coupon_name+coupon_code+order_coupon_no+order_product_coupon_name+order_product_coupon_no+product_coupon_type_no,3,3,4,304800,63300,101600.0
2025-04-05,SILVER,쿠폰 미사용,쿠폰 미사용,coupon_name+order_coupon_name+coupon_code+order_coupon_no+order_product_coupon_name+order_product_coupon_no+product_coupon_type_no,2,2,3,159000,0,79500.0
2025-04-06,FAMILY,쿠폰 사용,쿠폰명 미확인,coupon_name+order_coupon_name+coupon_code+order_coupon_no+order_product_coupon_name+order_product_coupon_no+product_coupon_type_no,37,37,46,3149990,605140,85134.86486486487
2025-04-06,FAMILY,쿠폰 미사용,쿠폰 미사용,coupon_name+order_coupon_name+coupon_code+order_coupon_no+order_product_coupon_name+order_product_coupon_no+product_coupon_type_no,18,18,20,951990,0,52888.333333333336
2025-04-06,SILVER,쿠폰 사용,쿠폰명 미확인,coupon_name+order_coupon_name+coupon_code+order_coupon_no+order_product_coupon_name+order_product_coupon_no+product_coupon_type_no,3,3,5,738790,143700,246263.33333333334
2025-04-06,SILVER,쿠폰 미사용,쿠폰 미사용,coupon_name+order_coupon_name+coupon_code+order_coupon_no+order_product_coupon_name+order_product_coupon_no+product_coupon_type_no,3,2,3,214500,0,71500.0
2025-04-07,FAMILY,쿠폰 사용,쿠폰명 미확인,coupon_name+order_coupon_name+coupon_code+order_coupon_no+order_product_coupon_name+order_product_coupon_no+product_coupon_type_no,41,39,82,5630690,1743600,137333.9024390244
2025-04-07,FAMILY,쿠폰 미사용,쿠폰 미사용,coupon_name+order_coupon_name+coupon_code+order_coupon_no+order_product_coupon_name+order_product_coupon_no+product_coupon_type_no,19,18,24,1146690,0,60352.10526315789
2025-04-07,GOLD,쿠폰 사용,쿠폰명 미확인,coupon_name+order_coupon_name+coupon_code+order_coupon_no+order_product_coupon_name+order_product_coupon_no+product_coupon_type_no,1,1,1,161100,17900,161100.0
2025-04-07,SILVER,쿠폰 미사용,쿠폰 미사용,coupon_name+order_coupon_name+coupon_code+order_coupon_no+order_product_coupon_name+order_product_coupon_no+product_coupon_type_no,5,5,8,334910,0,66982.0
2025-04-07,SILVER,쿠폰 사용,쿠폰명 미확인,coupon_name+order_coupon_name+coupon_code+order_coupon_no+order_product_coupon_name+order_product_coupon_no+product_coupon_type_no,2,2,2,186710,34200,93355.0
2025-04-08,FAMILY,쿠폰 사용,쿠폰명 미확인,coupon_name+order_coupon_name+coupon_code+order_coupon_no+order_product_coupon_name+order_product_coupon_no+product_coupon_type_no,29,29,39,3171995,901735,109379.13793103448
2025-04-08,FAMILY,쿠폰 미사용,쿠폰 미사용,coupon_name+order_coupon_name+coupon_code+order_coupon_no+order_product_coupon_name+order_product_coupon_no+product_coupon_type_no,21,20,36,1860240,0,88582.85714285714
2025-04-08,GOLD,쿠폰 사용,쿠폰명 미확인,coupon_name+order_coupon_name+coupon_code+order_coupon_no+order_product_coupon_name+order_product_coupon_no+product_coupon_type_no,1,1,1,71100,7900,71100.0
2025-04-08,SILVER,쿠폰 사용,쿠폰명 미확인,coupon_name+order_coupon_name+coupon_code+order_coupon_no+order_product_coupon_name+order_product_coupon_no+product_coupon_type_no,4,4,4,369980,53650,92495.0
2025-04-08,SILVER,쿠폰 미사용,쿠폰 미사용,coupon_name+order_coupon_name+coupon_code+order_coupon_no+order_product_coupon_name+order_product_coupon_no+product_coupon_type_no,4,4,4,361170,0,90292.5
2025-04-09,FAMILY,쿠폰 사용,쿠폰명 미확인,coupon_name+order_coupon_name+coupon_code+order_coupon_no+order_product_coupon_name+order_product_coupon_no+product_coupon_type_no,28,28,37,2502285,989945,89367.32142857143
2025-04-09,FAMILY,쿠폰 미사용,쿠폰 미사용,coupon_name+order_coupon_name+coupon_code+order_coupon_no+order_product_coupon_name+order_product_coupon_no+product_coupon_type_no,17,16,24,957280,0,56310.58823529412
2025-04-09,GOLD,쿠폰 사용,쿠폰명 미확인,coupon_name+order_coupon_name+coupon_code+order_coupon_no+order_product_coupon_name+order_product_coupon_no+product_coupon_type_no,2,2,3,206150,60070,103075.0
2025-04-09,GOLD,쿠폰 미사용,쿠폰 미사용,coupon_name+order_coupon_name+coupon_code+order_coupon_no+order_product_coupon_name+order_product_coupon_no+product_coupon_type_no,1,1,2,78000,0,78000.0
2025-04-09,SILVER,쿠폰 사용,쿠폰명 미확인,coupon_name+order_coupon_name+coupon_code+order_coupon_no+order_product_coupon_name+order_product_coupon_no+product_coupon_type_no,5,5,5,387040,82220,77408.0
2025-04-09,SILVER,쿠폰 미사용,쿠폰 미사용,coupon_name+order_coupon_name+coupon_code+order_coupon_no+order_product_coupon_name+order_product_coupon_no+product_coupon_type_no,2,2,2,126360,0,63180.0
2025-04-10,FAMILY,쿠폰 사용,쿠폰명 미확인,coupon_name+order_coupon_name+coupon_code+order_coupon_no+order_product_coupon_name+order_product_coupon_no+product_coupon_type_no,42,42,51,3965395,857715,94414.16666666667
2025-04-10,FAMILY,쿠폰 미사용,쿠폰 미사용,coupon_name+order_coupon_name+coupon_code+order_coupon_no+order_product_coupon_name+order_product_coupon_no+product_coupon_type_no,23,23,31,1540140,0,66962.60869565218
2025-04-10,GOLD,쿠폰 사용,쿠폰명 미확인,coupon_name+order_coupon_name+coupon_code+order_coupon_no+order_product_coupon_name+order_product_coupon_no+product_coupon_type_no,1,1,1,70610,8900,70610.0
2025-04-10,SILVER,쿠폰 사용,쿠폰명 미확인,coupon_name+order_coupon_name+coupon_code+order_coupon_no+order_product_coupon_name+order_product_coupon_no+product_coupon_type_no,2,2,3,408450,75600,204225.0
2025-04-10,SILVER,쿠폰 미사용,쿠폰 미사용,coupon_name+order_coupon_name+coupon_code+order_coupon_no+order_product_coupon_name+order_product_coupon_no+product_coupon_type_no,2,2,6,288510,0,144255.0
2025-04-11,FAMILY,쿠폰 사용,쿠폰명 미확인,coupon_name+order_coupon_name+coupon_code+order_coupon_no+order_product_coupon_name+order_product_coupon_no+product_coupon_type_no,40,40,47,4257400,971740,106435.0
2025-04-11,FAMILY,쿠폰 미사용,쿠폰 미사용,coupon_name+order_coupon_name+coupon_code+order_coupon_no+order_product_coupon_name+order_product_coupon_no+product_coupon_type_no,21,21,35,1210560,0,57645.71428571428
2025-04-11,GOLD,쿠폰 사용,쿠폰명 미확인,coupon_name+order_coupon_name+coupon_code+order_coupon_no+order_product_coupon_name+order_product_coupon_no+product_coupon_type_no,1,1,1,85870,10900,85870.0
2025-04-11,SILVER,쿠폰 사용,쿠폰명 미확인,coupon_name+order_coupon_name+coupon_code+order_coupon_no+order_product_coupon_name+order_product_coupon_no+product_coupon_type_no,4,4,7,627955,144145,156988.75
2025-04-11,SILVER,쿠폰 미사용,쿠폰 미사용,coupon_name+order_coupon_name+coupon_code+order_coupon_no+order_product_coupon_name+order_product_coupon_no+product_coupon_type_no,4,4,6,193490,0,48372.5
2025-04-12,FAMILY,쿠폰 사용,쿠폰명 미확인,coupon_name+order_coupon_name+coupon_code+order_coupon_no+order_product_coupon_name+order_product_coupon_no+product_coupon_type_no,33,33,40,2885450,715900,87437.87878787878
2025-04-12,FAMILY,쿠폰 미사용,쿠폰 미사용,coupon_name+order_coupon_name+coupon_code+order_coupon_no+order_product_coupon_name+order_product_coupon_no+product_coupon_type_no,17,17,22,943790,0,55517.05882352941
2025-04-12,GOLD,쿠폰 사용,쿠폰명 미확인,coupon_name+order_coupon_name+coupon_code+order_coupon_no+order_product_coupon_name+order_product_coupon_no+product_coupon_type_no,1,1,10,1156500,133500,1156500.0
2025-04-12,SILVER,쿠폰 미사용,쿠폰 미사용,coupon_name+order_coupon_name+coupon_code+order_coupon_no+order_product_coupon_name+order_product_coupon_no+product_coupon_type_no,5,5,7,444320,0,88864.0
2025-04-12,SILVER,쿠폰 사용,쿠폰명 미확인,coupon_name+order_coupon_name+coupon_code+order_coupon_no+order_product_coupon_name+order_product_coupon_no+product_coupon_type_no,2,2,3,221310,34600,110655.0
2025-04-13,FAMILY,쿠폰 사용,쿠폰명 미확인,coupon_name+order_coupon_name+coupon_code+order_coupon_no+order_product_coupon_name+order_product_coupon_no+product_coupon_type_no,50,50,61,5038270,834240,100765.4
2025-04-13,FAMILY,쿠폰 미사용,쿠폰 미사용,coupon_name+order_coupon_name+coupon_code+order_coupon_no+order_product_coupon_name+order_product_coupon_no+product_coupon_type_no,27,27,35,1382760,0,51213.333333333336
2025-04-13,GOLD,쿠폰 미사용,쿠폰 미사용,coupon_name+order_coupon_name+coupon_code+order_coupon_no+order_product_coupon_name+order_product_coupon_no+product_coupon_type_no,1,1,2,91220,0,91220.0
2025-04-13,GOLD,쿠폰 사용,쿠폰명 미확인,coupon_name+order_coupon_name+coupon_code+order_coupon_no+order_product_coupon_name+order_product_coupon_no+product_coupon_type_no,1,1,1,64200,7900,64200.0
2025-04-13,SILVER,쿠폰 사용,쿠폰명 미확인,coupon_name+order_coupon_name+coupon_code+order_coupon_no+order_product_coupon_name+order_product_coupon_no+product_coupon_type_no,4,4,5,509790,107550,127447.5
2025-04-13,SILVER,쿠폰 미사용,쿠폰 미사용,coupon_name+order_coupon_name+coupon_code+order_coupon_no+order_product_coupon_name+order_product_coupon_no+product_coupon_type_no,4,4,10,344570,0,86142.5
2025-04-14,FAMILY,쿠폰 사용,쿠폰명 미확인,coupon_name+order_coupon_name+coupon_code+order_coupon_no+order_product_coupon_name+order_product_coupon_no+product_coupon_type_no,41,41,49,4211370,1130840,102716.34146341463
2025-04-14,FAMILY,쿠폰 미사용,쿠폰 미사용,coupon_name+order_coupon_name+coupon_code+order_coupon_no+order_product_coupon_name+order_product_coupon_no+product_coupon_type_no,25,25,42,1811570,0,72462.8
2025-04-14,GOLD,쿠폰 미사용,쿠폰 미사용,coupon_name+order_coupon_name+coupon_code+order_coupon_no+order_product_coupon_name+order_product_coupon_no+product_coupon_type_no,2,1,2,218000,0,109000.0
2025-04-14,SILVER,쿠폰 미사용,쿠폰 미사용,coupon_name+order_coupon_name+coupon_code+order_coupon_no+order_product_coupon_name+order_product_coupon_no+product_coupon_type_no,4,4,7,425170,0,106292.5
2025-04-14,SILVER,쿠폰 사용,쿠폰명 미확인,coupon_name+order_coupon_name+coupon_code+order_coupon_no+order_product_coupon_name+order_product_coupon_no+product_coupon_type_no,3,3,5,401680,96500,133893.33333333334
2025-04-15,FAMILY,쿠폰 사용,쿠폰명 미확인,coupon_name+order_coupon_name+coupon_code+order_coupon_no+order_product_coupon_name+order_product_coupon_no+product_coupon_type_no,39,39,51,3495425,913545,89626.28205128205
2025-04-15,FAMILY,쿠폰 미사용,쿠폰 미사용,coupon_name+order_coupon_name+coupon_code+order_coupon_no+order_product_coupon_name+order_product_coupon_no+product_coupon_type_no,30,30,47,1306010,0,43533.666666666664
2025-04-15,SILVER,쿠폰 사용,쿠폰명 미확인,coupon_name+order_coupon_name+coupon_code+order_coupon_no+order_product_coupon_name+order_product_coupon_no+product_coupon_type_no,4,4,6,1031320,144850,257830.0
2025-04-15,SILVER,쿠폰 미사용,쿠폰 미사용,coupon_name+order_coupon_name+coupon_code+order_coupon_no+order_product_coupon_name+order_product_coupon_no+product_coupon_type_no,8,8,10,572950,0,71618.75
2025-04-16,FAMILY,쿠폰 사용,쿠폰명 미확인,coupon_name+order_coupon_name+coupon_code+order_coupon_no+order_product_coupon_name+order_product_coupon_no+product_coupon_type_no,33,33,51,3324105,807835,100730.45454545454
2025-04-16,FAMILY,쿠폰 미사용,쿠폰 미사용,coupon_name+order_coupon_name+coupon_code+order_coupon_no+order_product_coupon_name+order_product_coupon_no+product_coupon_type_no,25,24,32,1682490,0,67299.6
2025-04-16,GOLD,쿠폰 미사용,쿠폰 미사용,coupon_name+order_coupon_name+coupon_code+order_coupon_no+order_product_coupon_name+order_product_coupon_no+product_coupon_type_no,2,2,4,164440,0,82220.0
2025-04-16,SILVER,쿠폰 사용,쿠폰명 미확인,coupon_name+order_coupon_name+coupon_code+order_coupon_no+order_product_coupon_name+order_product_coupon_no+product_coupon_type_no,4,4,6,581710,135450,145427.5
2025-04-16,SILVER,쿠폰 미사용,쿠폰 미사용,coupon_name+order_coupon_name+coupon_code+order_coupon_no+order_product_coupon_name+order_product_coupon_no+product_coupon_type_no,5,5,8,227790,0,45558.0
2025-04-17,FAMILY,쿠폰 사용,쿠폰명 미확인,coupon_name+order_coupon_name+coupon_code+order_coupon_no+order_product_coupon_name+order_product_coupon_no+product_coupon_type_no,39,39,43,3018050,777000,77385.89743589744
2025-04-17,FAMILY,쿠폰 미사용,쿠폰 미사용,coupon_name+order_coupon_name+coupon_code+order_coupon_no+order_product_coupon_name+order_product_coupon_no+product_coupon_type_no,25,24,38,1331760,0,53270.4
2025-04-17,SILVER,쿠폰 사용,쿠폰명 미확인,coupon_name+order_coupon_name+coupon_code+order_coupon_no+order_product_coupon_name+order_product_coupon_no+product_coupon_type_no,3,3,4,331320,54650,110440.0
2025-04-17,SILVER,쿠폰 미사용,쿠폰 미사용,coupon_name+order_coupon_name+coupon_code+order_coupon_no+order_product_coupon_name+order_product_coupon_no+product_coupon_type_no,3,3,7,316100,0,105366.66666666667
2025-04-18,FAMILY,쿠폰 사용,쿠폰명 미확인,coupon_name+order_coupon_name+coupon_code+order_coupon_no+order_product_coupon_name+order_product_coupon_no+product_coupon_type_no,55,55,76,5291270,1537730,96204.90909090909
2025-04-18,FAMILY,쿠폰 미사용,쿠폰 미사용,coupon_name+order_coupon_name+coupon_code+order_coupon_no+order_product_coupon_name+order_product_coupon_no+product_coupon_type_no,33,33,65,2164580,0,65593.33333333333
2025-04-18,GOLD,쿠폰 사용,쿠폰명 미확인,coupon_name+order_coupon_name+coupon_code+order_coupon_no+order_product_coupon_name+order_product_coupon_no+product_coupon_type_no,2,2,2,126600,71400,63300.0
2025-04-18,GOLD,쿠폰 미사용,쿠폰 미사용,coupon_name+order_coupon_name+coupon_code+order_coupon_no+order_product_coupon_name+order_product_coupon_no+product_coupon_type_no,1,1,1,83000,0,83000.0
2025-04-18,SILVER,쿠폰 미사용,쿠폰 미사용,coupon_name+order_coupon_name+coupon_code+order_coupon_no+order_product_coupon_name+order_product_coupon_no+product_coupon_type_no,7,7,10,392290,0,56041.42857142857
2025-04-18,SILVER,쿠폰 사용,쿠폰명 미확인,coupon_name+order_coupon_name+coupon_code+order_coupon_no+order_product_coupon_name+order_product_coupon_no+product_coupon_type_no,3,3,3,307560,56100,102520.0
2025-04-19,FAMILY,쿠폰 미사용,쿠폰 미사용,coupon_name+order_coupon_name+coupon_code+order_coupon_no+order_product_coupon_name+order_product_coupon_no+product_coupon_type_no,25,25,41,1973800,0,78952.0
2025-04-19,FAMILY,쿠폰 사용,쿠폰명 미확인,coupon_name+order_coupon_name+coupon_code+order_coupon_no+order_product_coupon_name+order_product_coupon_no+product_coupon_type_no,17,17,25,1732220,625350,101895.29411764706
2025-04-19,SILVER,쿠폰 미사용,쿠폰 미사용,coupon_name+order_coupon_name+coupon_code+order_coupon_no+order_product_coupon_name+order_product_coupon_no+product_coupon_type_no,6,6,16,569850,0,94975.0
2025-04-19,SILVER,쿠폰 사용,쿠폰명 미확인,coupon_name+order_coupon_name+coupon_code+order_coupon_no+order_product_coupon_name+order_product_coupon_no+product_coupon_type_no,1,1,1,93000,5000,93000.0
2025-04-20,FAMILY,쿠폰 사용,쿠폰명 미확인,coupon_name+order_coupon_name+coupon_code+order_coupon_no+order_product_coupon_name+order_product_coupon_no+product_coupon_type_no,32,32,46,2709420,771270,84669.375
2025-04-20,FAMILY,쿠폰 미사용,쿠폰 미사용,coupon_name+order_coupon_name+coupon_code+order_coupon_no+order_product_coupon_name+order_product_coupon_no+product_coupon_type_no,36,34,51,1698220,0,47172.77777777778
2025-04-20,SILVER,쿠폰 미사용,쿠폰 미사용,coupon_name+order_coupon_name+coupon_code+order_coupon_no+order_product_coupon_name+order_product_coupon_no+product_coupon_type_no,4,4,8,332560,0,83140.0
2025-04-20,SILVER,쿠폰 사용,쿠폰명 미확인,coupon_name+order_coupon_name+coupon_code+order_coupon_no+order_product_coupon_name+order_product_coupon_no+product_coupon_type_no,3,3,4,272170,110800,90723.33333333333
2025-04-21,FAMILY,쿠폰 사용,쿠폰명 미확인,coupon_name+order_coupon_name+coupon_code+order_coupon_no+order_product_coupon_name+order_product_coupon_no+product_coupon_type_no,42,42,69,4065410,1582160,96795.47619047618
2025-04-21,FAMILY,쿠폰 미사용,쿠폰 미사용,coupon_name+order_coupon_name+coupon_code+order_coupon_no+order_product_coupon_name+order_product_coupon_no+product_coupon_type_no,35,35,51,2569160,0,73404.57142857143
2025-04-21,GOLD,쿠폰 미사용,쿠폰 미사용,coupon_name+order_coupon_name+coupon_code+order_coupon_no+order_product_coupon_name+order_product_coupon_no+product_coupon_type_no,1,1,2,100020,0,100020.0
2025-04-21,SILVER,쿠폰 사용,쿠폰명 미확인,coupon_name+order_coupon_name+coupon_code+order_coupon_no+order_product_coupon_name+order_product_coupon_no+product_coupon_type_no,3,3,8,1534460,180300,511486.6666666667
2025-04-21,SILVER,쿠폰 미사용,쿠폰 미사용,coupon_name+order_coupon_name+coupon_code+order_coupon_no+order_product_coupon_name+order_product_coupon_no+product_coupon_type_no,9,9,16,1008870,0,112096.66666666667
2025-04-22,FAMILY,쿠폰 사용,쿠폰명 미확인,coupon_name+order_coupon_name+coupon_code+order_coupon_no+order_product_coupon_name+order_product_coupon_no+product_coupon_type_no,34,34,38,3253020,725280,95677.05882352941
2025-04-22,FAMILY,쿠폰 미사용,쿠폰 미사용,coupon_name+order_coupon_name+coupon_code+order_coupon_no+order_product_coupon_name+order_product_coupon_no+product_coupon_type_no,28,28,41,2090450,0,74658.92857142857
2025-04-22,GOLD,쿠폰 미사용,쿠폰 미사용,coupon_name+order_coupon_name+coupon_code+order_coupon_no+order_product_coupon_name+order_product_coupon_no+product_coupon_type_no,2,2,2,107970,0,53985.0
2025-04-22,SILVER,쿠폰 사용,쿠폰명 미확인,coupon_name+order_coupon_name+coupon_code+order_coupon_no+order_product_coupon_name+order_product_coupon_no+product_coupon_type_no,2,2,2,247990,63200,123995.0
2025-04-22,SILVER,쿠폰 미사용,쿠폰 미사용,coupon_name+order_coupon_name+coupon_code+order_coupon_no+order_product_coupon_name+order_product_coupon_no+product_coupon_type_no,4,4,4,206250,0,51562.5
2025-04-23,FAMILY,쿠폰 사용,쿠폰명 미확인,coupon_name+order_coupon_name+coupon_code+order_coupon_no+order_product_coupon_name+order_product_coupon_no+product_coupon_type_no,35,35,42,3474110,481330,99260.28571428571
2025-04-23,FAMILY,쿠폰 미사용,쿠폰 미사용,coupon_name+order_coupon_name+coupon_code+order_coupon_no+order_product_coupon_name+order_product_coupon_no+product_coupon_type_no,37,35,69,2908400,0,78605.4054054054
2025-04-23,SILVER,쿠폰 사용,쿠폰명 미확인,coupon_name+order_coupon_name+coupon_code+order_coupon_no+order_product_coupon_name+order_product_coupon_no+product_coupon_type_no,6,5,12,723670,176700,120611.66666666667
2025-04-23,SILVER,쿠폰 미사용,쿠폰 미사용,coupon_name+order_coupon_name+coupon_code+order_coupon_no+order_product_coupon_name+order_product_coupon_no+product_coupon_type_no,5,4,7,382240,0,76448.0
2025-04-24,FAMILY,쿠폰 사용,쿠폰명 미확인,coupon_name+order_coupon_name+coupon_code+order_coupon_no+order_product_coupon_name+order_product_coupon_no+product_coupon_type_no,45,44,66,4742940,1289420,105398.66666666667
2025-04-24,FAMILY,쿠폰 미사용,쿠폰 미사용,coupon_name+order_coupon_name+coupon_code+order_coupon_no+order_product_coupon_name+order_product_coupon_no+product_coupon_type_no,43,41,52,2785640,0,64782.32558139535
2025-04-24,SILVER,쿠폰 미사용,쿠폰 미사용,coupon_name+order_coupon_name+coupon_code+order_coupon_no+order_product_coupon_name+order_product_coupon_no+product_coupon_type_no,9,9,15,1203220,0,133691.11111111112
2025-04-24,SILVER,쿠폰 사용,쿠폰명 미확인,coupon_name+order_coupon_name+coupon_code+order_coupon_no+order_product_coupon_name+order_product_coupon_no+product_coupon_type_no,3,3,5,413400,61400,137800.0
2025-04-25,FAMILY,쿠폰 사용,쿠폰명 미확인,coupon_name+order_coupon_name+coupon_code+order_coupon_no+order_product_coupon_name+order_product_coupon_no+product_coupon_type_no,40,40,80,5487220,1302230,137180.5
2025-04-25,FAMILY,쿠폰 미사용,쿠폰 미사용,coupon_name+order_coupon_name+coupon_code+order_coupon_no+order_product_coupon_name+order_product_coupon_no+product_coupon_type_no,30,29,36,1944910,0,64830.333333333336
2025-04-25,SILVER,쿠폰 미사용,쿠폰 미사용,coupon_name+order_coupon_name+coupon_code+order_coupon_no+order_product_coupon_name+order_product_coupon_no+product_coupon_type_no,11,11,18,942200,0,85654.54545454546
2025-04-25,SILVER,쿠폰 사용,쿠폰명 미확인,coupon_name+order_coupon_name+coupon_code+order_coupon_no+order_product_coupon_name+order_product_coupon_no+product_coupon_type_no,3,3,3,292040,40000,97346.66666666667
2025-04-26,FAMILY,쿠폰 사용,쿠폰명 미확인,coupon_name+order_coupon_name+coupon_code+order_coupon_no+order_product_coupon_name+order_product_coupon_no+product_coupon_type_no,32,32,37,3136600,382550,98018.75
2025-04-26,FAMILY,쿠폰 미사용,쿠폰 미사용,coupon_name+order_coupon_name+coupon_code+order_coupon_no+order_product_coupon_name+order_product_coupon_no+product_coupon_type_no,18,18,29,1196940,0,66496.66666666667
2025-04-26,SILVER,쿠폰 미사용,쿠폰 미사용,coupon_name+order_coupon_name+coupon_code+order_coupon_no+order_product_coupon_name+order_product_coupon_no+product_coupon_type_no,5,5,7,429300,0,85860.0
2025-04-27,FAMILY,쿠폰 사용,쿠폰명 미확인,coupon_name+order_coupon_name+coupon_code+order_coupon_no+order_product_coupon_name+order_product_coupon_no+product_coupon_type_no,41,41,52,3582060,791340,87367.31707317074
2025-04-27,FAMILY,쿠폰 미사용,쿠폰 미사용,coupon_name+order_coupon_name+coupon_code+order_coupon_no+order_product_coupon_name+order_product_coupon_no+product_coupon_type_no,27,26,36,2333610,0,86430.0
2025-04-27,GOLD,쿠폰 미사용,쿠폰 미사용,coupon_name+order_coupon_name+coupon_code+order_coupon_no+order_product_coupon_name+order_product_coupon_no+product_coupon_type_no,1,1,5,372110,0,372110.0
2025-04-27,SILVER,쿠폰 사용,쿠폰명 미확인,coupon_name+order_coupon_name+coupon_code+order_coupon_no+order_product_coupon_name+order_product_coupon_no+product_coupon_type_no,4,4,12,1480940,155800,370235.0
2025-04-27,SILVER,쿠폰 미사용,쿠폰 미사용,coupon_name+order_coupon_name+coupon_code+order_coupon_no+order_product_coupon_name+order_product_coupon_no+product_coupon_type_no,3,3,6,365840,0,121946.66666666667
2025-04-27,TITANIUM,쿠폰 미사용,쿠폰 미사용,coupon_name+order_coupon_name+coupon_code+order_coupon_no+order_product_coupon_name+order_product_coupon_no+product_coupon_type_no,1,1,2,223800,0,223800.0
2025-04-27,TITANIUM,쿠폰 사용,쿠폰명 미확인,coupon_name+order_coupon_name+coupon_code+order_coupon_no+order_product_coupon_name+order_product_coupon_no+product_coupon_type_no,1,1,4,213080,30000,213080.0
2025-04-28,FAMILY,쿠폰 사용,쿠폰명 미확인,coupon_name+order_coupon_name+coupon_code+order_coupon_no+order_product_coupon_name+order_product_coupon_no+product_coupon_type_no,44,44,53,4456030,598220,101273.40909090909
2025-04-28,FAMILY,쿠폰 미사용,쿠폰 미사용,coupon_name+order_coupon_name+coupon_code+order_coupon_no+order_product_coupon_name+order_product_coupon_no+product_coupon_type_no,30,29,34,2199440,0,73314.66666666667
2025-04-28,GOLD,쿠폰 미사용,쿠폰 미사용,coupon_name+order_coupon_name+coupon_code+order_coupon_no+order_product_coupon_name+order_product_coupon_no+product_coupon_type_no,1,1,1,130900,0,130900.0
2025-04-28,SILVER,쿠폰 사용,쿠폰명 미확인,coupon_name+order_coupon_name+coupon_code+order_coupon_no+order_product_coupon_name+order_product_coupon_no+product_coupon_type_no,1,1,1,160080,29900,160080.0
2025-04-28,SILVER,쿠폰 미사용,쿠폰 미사용,coupon_name+order_coupon_name+coupon_code+order_coupon_no+order_product_coupon_name+order_product_coupon_no+product_coupon_type_no,1,1,1,26470,0,26470.0
2025-04-29,FAMILY,쿠폰 사용,쿠폰명 미확인,coupon_name+order_coupon_name+coupon_code+order_coupon_no+order_product_coupon_name+order_product_coupon_no+product_coupon_type_no,21,21,28,2317110,927520,110338.57142857143
2025-04-29,FAMILY,쿠폰 미사용,쿠폰 미사용,coupon_name+order_coupon_name+coupon_code+order_coupon_no+order_product_coupon_name+order_product_coupon_no+product_coupon_type_no,20,20,22,1127860,0,56393.0
2025-04-29,SILVER,쿠폰 미사용,쿠폰 미사용,coupon_name+order_coupon_name+coupon_code+order_coupon_no+order_product_coupon_name+order_product_coupon_no+product_coupon_type_no,5,5,10,590830,0,118166.0
2025-04-29,SILVER,쿠폰 사용,쿠폰명 미확인,coupon_name+order_coupon_name+coupon_code+order_coupon_no+order_product_coupon_name+order_product_coupon_no+product_coupon_type_no,3,3,5,324040,154000,108013.33333333333
2025-04-30,FAMILY,쿠폰 미사용,쿠폰 미사용,coupon_name+order_coupon_name+coupon_code+order_coupon_no+order_product_coupon_name+order_product_coupon_no+product_coupon_type_no,126,126,166,5119610,0,40631.8253968254
2025-04-30,FAMILY,쿠폰 사용,쿠폰명 미확인,coupon_name+order_coupon_name+coupon_code+order_coupon_no+order_product_coupon_name+order_product_coupon_no+product_coupon_type_no,44,44,51,3291590,700780,74808.86363636363
2025-04-30,GOLD,쿠폰 미사용,쿠폰 미사용,coupon_name+order_coupon_name+coupon_code+order_coupon_no+order_product_coupon_name+order_product_coupon_no+product_coupon_type_no,2,1,2,139950,0,69975.0
2025-04-30,SILVER,쿠폰 사용,쿠폰명 미확인,coupon_name+order_coupon_name+coupon_code+order_coupon_no+order_product_coupon_name+order_product_coupon_no+product_coupon_type_no,6,6,10,885470,118800,147578.33333333334
2025-04-30,SILVER,쿠폰 미사용,쿠폰 미사용,coupon_name+order_coupon_name+coupon_code+order_coupon_no+order_product_coupon_name+order_product_coupon_no+product_coupon_type_no,7,7,8,484530,0,69218.57142857143
2025-05-01,FAMILY,쿠폰 미사용,쿠폰 미사용,coupon_name+order_coupon_name+coupon_code+order_coupon_no+order_product_coupon_name+order_product_coupon_no+product_coupon_type_no,65,65,72,2854550,0,43916.153846153844
2025-05-01,FAMILY,쿠폰 사용,쿠폰명 미확인,coupon_name+order_coupon_name+coupon_code+order_coupon_no+order_product_coupon_name+order_product_coupon_no+product_coupon_type_no,41,41,45,2809170,432160,68516.34146341463
2025-05-01,GOLD,쿠폰 미사용,쿠폰 미사용,coupon_name+order_coupon_name+coupon_code+order_coupon_no+order_product_coupon_name+order_product_coupon_no+product_coupon_type_no,2,2,2,153690,0,76845.0
2025-05-01,SILVER,쿠폰 미사용,쿠폰 미사용,coupon_name+order_coupon_name+coupon_code+order_coupon_no+order_product_coupon_name+order_product_coupon_no+product_coupon_type_no,11,11,13,765210,0,69564.54545454546
2025-05-01,SILVER,쿠폰 사용,쿠폰명 미확인,coupon_name+order_coupon_name+coupon_code+order_coupon_no+order_product_coupon_name+order_product_coupon_no+product_coupon_type_no,4,4,7,557290,296700,139322.5
2025-05-02,FAMILY,쿠폰 미사용,쿠폰 미사용,coupon_name+order_coupon_name+coupon_code+order_coupon_no+order_product_coupon_name+order_product_coupon_no+product_coupon_type_no,36,36,45,1863700,0,51769.444444444445
2025-05-02,FAMILY,쿠폰 사용,쿠폰명 미확인,coupon_name+order_coupon_name+coupon_code+order_coupon_no+order_product_coupon_name+order_product_coupon_no+product_coupon_type_no,20,20,22,1459820,337890,72991.0
2025-05-02,GOLD,쿠폰 사용,쿠폰명 미확인,coupon_name+order_coupon_name+coupon_code+order_coupon_no+order_product_coupon_name+order_product_coupon_no+product_coupon_type_no,1,1,10,1696500,193500,1696500.0
2025-05-02,GOLD,쿠폰 미사용,쿠폰 미사용,coupon_name+order_coupon_name+coupon_code+order_coupon_no+order_product_coupon_name+order_product_coupon_no+product_coupon_type_no,1,1,1,109200,0,109200.0
2025-05-02,SILVER,쿠폰 미사용,쿠폰 미사용,coupon_name+order_coupon_name+coupon_code+order_coupon_no+order_product_coupon_name+order_product_coupon_no+product_coupon_type_no,7,7,13,691850,0,98835.71428571429
2025-05-02,SILVER,쿠폰 사용,쿠폰명 미확인,coupon_name+order_coupon_name+coupon_code+order_coupon_no+order_product_coupon_name+order_product_coupon_no+product_coupon_type_no,3,3,5,304970,48900,101656.66666666667
2025-05-03,FAMILY,쿠폰 사용,쿠폰명 미확인,coupon_name+order_coupon_name+coupon_code+order_coupon_no+order_product_coupon_name+order_product_coupon_no+product_coupon_type_no,28,28,40,2587910,531590,92425.35714285714
2025-05-03,FAMILY,쿠폰 미사용,쿠폰 미사용,coupon_name+order_coupon_name+coupon_code+order_coupon_no+order_product_coupon_name+order_product_coupon_no+product_coupon_type_no,36,36,37,1346890,0,37413.61111111111
2025-05-03,GOLD,쿠폰 미사용,쿠폰 미사용,coupon_name+order_coupon_name+coupon_code+order_coupon_no+order_product_coupon_name+order_product_coupon_no+product_coupon_type_no,3,3,8,537600,0,179200.0
2025-05-03,SILVER,쿠폰 미사용,쿠폰 미사용,coupon_name+order_coupon_name+coupon_code+order_coupon_no+order_product_coupon_name+order_product_coupon_no+product_coupon_type_no,5,4,9,599670,0,119934.0
2025-05-03,SILVER,쿠폰 사용,쿠폰명 미확인,coupon_name+order_coupon_name+coupon_code+order_coupon_no+order_product_coupon_name+order_product_coupon_no+product_coupon_type_no,3,3,3,256970,41800,85656.66666666667
2025-05-04,FAMILY,쿠폰 사용,쿠폰명 미확인,coupon_name+order_coupon_name+coupon_code+order_coupon_no+order_product_coupon_name+order_product_coupon_no+product_coupon_type_no,25,25,41,2663770,858020,106550.8
2025-05-04,FAMILY,쿠폰 미사용,쿠폰 미사용,coupon_name+order_coupon_name+coupon_code+order_coupon_no+order_product_coupon_name+order_product_coupon_no+product_coupon_type_no,30,30,41,2398150,0,79938.33333333333
2025-05-04,GOLD,쿠폰 미사용,쿠폰 미사용,coupon_name+order_coupon_name+coupon_code+order_coupon_no+order_product_coupon_name+order_product_coupon_no+product_coupon_type_no,1,1,1,39000,0,39000.0
2025-05-04,SILVER,쿠폰 미사용,쿠폰 미사용,coupon_name+order_coupon_name+coupon_code+order_coupon_no+order_product_coupon_name+order_product_coupon_no+product_coupon_type_no,4,4,4,292600,0,73150.0
2025-05-05,FAMILY,쿠폰 사용,쿠폰명 미확인,coupon_name+order_coupon_name+coupon_code+order_coupon_no+order_product_coupon_name+order_product_coupon_no+product_coupon_type_no,28,28,32,2033670,403620,72631.07142857143
2025-05-05,FAMILY,쿠폰 미사용,쿠폰 미사용,coupon_name+order_coupon_name+coupon_code+order_coupon_no+order_product_coupon_name+order_product_coupon_no+product_coupon_type_no,26,26,33,1436830,0,55262.692307692305
2025-05-05,GOLD,쿠폰 사용,쿠폰명 미확인,coupon_name+order_coupon_name+coupon_code+order_coupon_no+order_product_coupon_name+order_product_coupon_no+product_coupon_type_no,1,1,3,117000,10000,117000.0
2025-05-05,SILVER,쿠폰 미사용,쿠폰 미사용,coupon_name+order_coupon_name+coupon_code+order_coupon_no+order_product_coupon_name+order_product_coupon_no+product_coupon_type_no,2,2,5,173510,0,86755.0
2025-05-05,SILVER,쿠폰 사용,쿠폰명 미확인,coupon_name+order_coupon_name+coupon_code+order_coupon_no+order_product_coupon_name+order_product_coupon_no+product_coupon_type_no,1,1,1,123440,10000,123440.0
2025-05-05,TITANIUM,쿠폰 미사용,쿠폰 미사용,coupon_name+order_coupon_name+coupon_code+order_coupon_no+order_product_coupon_name+order_product_coupon_no+product_coupon_type_no,1,1,2,337930,0,337930.0
2025-05-06,FAMILY,쿠폰 미사용,쿠폰 미사용,coupon_name+order_coupon_name+coupon_code+order_coupon_no+order_product_coupon_name+order_product_coupon_no+product_coupon_type_no,58,58,64,3438810,0,59289.8275862069
2025-05-06,FAMILY,쿠폰 사용,쿠폰명 미확인,coupon_name+order_coupon_name+coupon_code+order_coupon_no+order_product_coupon_name+order_product_coupon_no+product_coupon_type_no,38,38,50,3336430,695590,87800.78947368421
2025-05-06,GOLD,쿠폰 사용,쿠폰명 미확인,coupon_name+order_coupon_name+coupon_code+order_coupon_no+order_product_coupon_name+order_product_coupon_no+product_coupon_type_no,1,1,3,439200,53800,439200.0
2025-05-06,GOLD,쿠폰 미사용,쿠폰 미사용,coupon_name+order_coupon_name+coupon_code+order_coupon_no+order_product_coupon_name+order_product_coupon_no+product_coupon_type_no,2,2,2,140090,0,70045.0
2025-05-06,SILVER,쿠폰 미사용,쿠폰 미사용,coupon_name+order_coupon_name+coupon_code+order_coupon_no+order_product_coupon_name+order_product_coupon_no+product_coupon_type_no,5,4,8,870070,0,174014.0
2025-05-06,SILVER,쿠폰 사용,쿠폰명 미확인,coupon_name+order_coupon_name+coupon_code+order_coupon_no+order_product_coupon_name+order_product_coupon_no+product_coupon_type_no,2,2,2,172390,25900,86195.0
2025-05-07,FAMILY,쿠폰 사용,쿠폰명 미확인,coupon_name+order_coupon_name+coupon_code+order_coupon_no+order_product_coupon_name+order_product_coupon_no+product_coupon_type_no,32,32,37,3426510,658950,107078.4375
2025-05-07,FAMILY,쿠폰 미사용,쿠폰 미사용,coupon_name+order_coupon_name+coupon_code+order_coupon_no+order_product_coupon_name+order_product_coupon_no+product_coupon_type_no,35,35,40,1906470,0,54470.57142857143
2025-05-07,SILVER,쿠폰 미사용,쿠폰 미사용,coupon_name+order_coupon_name+coupon_code+order_coupon_no+order_product_coupon_name+order_product_coupon_no+product_coupon_type_no,8,8,11,947880,0,118485.0
2025-05-07,SILVER,쿠폰 사용,쿠폰명 미확인,coupon_name+order_coupon_name+coupon_code+order_coupon_no+order_product_coupon_name+order_product_coupon_no+product_coupon_type_no,2,2,3,203980,23400,101990.0
2025-05-08,FAMILY,쿠폰 미사용,쿠폰 미사용,coupon_name+order_coupon_name+coupon_code+order_coupon_no+order_product_coupon_name+order_product_coupon_no+product_coupon_type_no,24,24,31,2130070,0,88752.91666666667
2025-05-08,FAMILY,쿠폰 사용,쿠폰명 미확인,coupon_name+order_coupon_name+coupon_code+order_coupon_no+order_product_coupon_name+order_product_coupon_no+product_coupon_type_no,20,20,24,1769370,255110,88468.5
2025-05-08,GOLD,쿠폰 미사용,쿠폰 미사용,coupon_name+order_coupon_name+coupon_code+order_coupon_no+order_product_coupon_name+order_product_coupon_no+product_coupon_type_no,1,1,1,97000,0,97000.0
2025-05-08,SILVER,쿠폰 미사용,쿠폰 미사용,coupon_name+order_coupon_name+coupon_code+order_coupon_no+order_product_coupon_name+order_product_coupon_no+product_coupon_type_no,3,3,4,271810,0,90603.33333333333
2025-05-08,SILVER,쿠폰 사용,쿠폰명 미확인,coupon_name+order_coupon_name+coupon_code+order_coupon_no+order_product_coupon_name+order_product_coupon_no+product_coupon_type_no,1,1,2,134410,10000,134410.0
2025-05-09,FAMILY,쿠폰 사용,쿠폰명 미확인,coupon_name+order_coupon_name+coupon_code+order_coupon_no+order_product_coupon_name+order_product_coupon_no+product_coupon_type_no,18,18,27,1808450,699210,100469.44444444444
2025-05-09,FAMILY,쿠폰 미사용,쿠폰 미사용,coupon_name+order_coupon_name+coupon_code+order_coupon_no+order_product_coupon_name+order_product_coupon_no+product_coupon_type_no,31,31,37,1664870,0,53705.48387096774
2025-05-09,SILVER,쿠폰 사용,쿠폰명 미확인,coupon_name+order_coupon_name+coupon_code+order_coupon_no+order_product_coupon_name+order_product_coupon_no+product_coupon_type_no,3,3,6,684610,75600,228203.33333333334
2025-05-09,SILVER,쿠폰 미사용,쿠폰 미사용,coupon_name+order_coupon_name+coupon_code+order_coupon_no+order_product_coupon_name+order_product_coupon_no+product_coupon_type_no,5,5,5,377060,0,75412.0
2025-05-09,TITANIUM,쿠폰 사용,쿠폰명 미확인,coupon_name+order_coupon_name+coupon_code+order_coupon_no+order_product_coupon_name+order_product_coupon_no+product_coupon_type_no,1,1,1,32020,11800,32020.0
2025-05-09,TITANIUM,쿠폰 미사용,쿠폰 미사용,coupon_name+order_coupon_name+coupon_code+order_coupon_no+order_product_coupon_name+order_product_coupon_no+product_coupon_type_no,1,1,2,29720,0,29720.0
2025-05-10,FAMILY,쿠폰 사용,쿠폰명 미확인,coupon_name+order_coupon_name+coupon_code+order_coupon_no+order_product_coupon_name+order_product_coupon_no+product_coupon_type_no,24,24,33,1914240,767420,79760.0
2025-05-10,FAMILY,쿠폰 미사용,쿠폰 미사용,coupon_name+order_coupon_name+coupon_code+order_coupon_no+order_product_coupon_name+order_product_coupon_no+product_coupon_type_no,23,23,27,1032270,0,44881.30434782609
2025-05-10,GOLD,쿠폰 미사용,쿠폰 미사용,coupon_name+order_coupon_name+coupon_code+order_coupon_no+order_product_coupon_name+order_product_coupon_no+product_coupon_type_no,2,2,2,136110,0,68055.0
2025-05-10,SILVER,쿠폰 미사용,쿠폰 미사용,coupon_name+order_coupon_name+coupon_code+order_coupon_no+order_product_coupon_name+order_product_coupon_no+product_coupon_type_no,1,1,1,116850,0,116850.0
2025-05-10,SILVER,쿠폰 사용,쿠폰명 미확인,coupon_name+order_coupon_name+coupon_code+order_coupon_no+order_product_coupon_name+order_product_coupon_no+product_coupon_type_no,1,1,1,34500,34500,34500.0
2025-05-11,FAMILY,쿠폰 미사용,쿠폰 미사용,coupon_name+order_coupon_name+coupon_code+order_coupon_no+order_product_coupon_name+order_product_coupon_no+product_coupon_type_no,312,311,366,11662460,0,37379.679487179485
2025-05-11,FAMILY,쿠폰 사용,쿠폰명 미확인,coupon_name+order_coupon_name+coupon_code+order_coupon_no+order_product_coupon_name+order_product_coupon_no+product_coupon_type_no,82,82,103,6638610,1661580,80958.65853658537
2025-05-11,GOLD,쿠폰 미사용,쿠폰 미사용,coupon_name+order_coupon_name+coupon_code+order_coupon_no+order_product_coupon_name+order_product_coupon_no+product_coupon_type_no,1,1,3,192710,0,192710.0
2025-05-11,SILVER,쿠폰 미사용,쿠폰 미사용,coupon_name+order_coupon_name+coupon_code+order_coupon_no+order_product_coupon_name+order_product_coupon_no+product_coupon_type_no,25,24,36,2057640,0,82305.6
2025-05-11,SILVER,쿠폰 사용,쿠폰명 미확인,coupon_name+order_coupon_name+coupon_code+order_coupon_no+order_product_coupon_name+order_product_coupon_no+product_coupon_type_no,7,7,13,1236960,175560,176708.57142857142
2025-05-12,FAMILY,쿠폰 사용,쿠폰명 미확인,coupon_name+order_coupon_name+coupon_code+order_coupon_no+order_product_coupon_name+order_product_coupon_no+product_coupon_type_no,31,31,53,2891070,789010,93260.32258064517
2025-05-12,FAMILY,쿠폰 미사용,쿠폰 미사용,coupon_name+order_coupon_name+coupon_code+order_coupon_no+order_product_coupon_name+order_product_coupon_no+product_coupon_type_no,25,25,36,1576220,0,63048.8
2025-05-12,SILVER,쿠폰 미사용,쿠폰 미사용,coupon_name+order_coupon_name+coupon_code+order_coupon_no+order_product_coupon_name+order_product_coupon_no+product_coupon_type_no,3,3,5,565340,0,188446.66666666666
2025-05-12,SILVER,쿠폰 사용,쿠폰명 미확인,coupon_name+order_coupon_name+coupon_code+order_coupon_no+order_product_coupon_name+order_product_coupon_no+product_coupon_type_no,2,2,2,117000,15000,58500.0
2025-05-13,FAMILY,쿠폰 사용,쿠폰명 미확인,coupon_name+order_coupon_name+coupon_code+order_coupon_no+order_product_coupon_name+order_product_coupon_no+product_coupon_type_no,29,29,39,1868680,542840,64437.24137931035
2025-05-13,FAMILY,쿠폰 미사용,쿠폰 미사용,coupon_name+order_coupon_name+coupon_code+order_coupon_no+order_product_coupon_name+order_product_coupon_no+product_coupon_type_no,16,15,16,825920,0,51620.0
2025-05-13,GOLD,쿠폰 사용,쿠폰명 미확인,coupon_name+order_coupon_name+coupon_code+order_coupon_no+order_product_coupon_name+order_product_coupon_no+product_coupon_type_no,1,1,1,88500,35800,88500.0
2025-05-13,SILVER,쿠폰 미사용,쿠폰 미사용,coupon_name+order_coupon_name+coupon_code+order_coupon_no+order_product_coupon_name+order_product_coupon_no+product_coupon_type_no,4,4,4,297640,0,74410.0
2025-05-13,SILVER,쿠폰 사용,쿠폰명 미확인,coupon_name+order_coupon_name+coupon_code+order_coupon_no+order_product_coupon_name+order_product_coupon_no+product_coupon_type_no,1,1,1,33100,3900,33100.0
2025-05-13,TITANIUM,쿠폰 미사용,쿠폰 미사용,coupon_name+order_coupon_name+coupon_code+order_coupon_no+order_product_coupon_name+order_product_coupon_no+product_coupon_type_no,1,1,4,398000,0,398000.0
2025-05-14,FAMILY,쿠폰 사용,쿠폰명 미확인,coupon_name+order_coupon_name+coupon_code+order_coupon_no+order_product_coupon_name+order_product_coupon_no+product_coupon_type_no,24,24,27,2480430,544420,103351.25
2025-05-14,FAMILY,쿠폰 미사용,쿠폰 미사용,coupon_name+order_coupon_name+coupon_code+order_coupon_no+order_product_coupon_name+order_product_coupon_no+product_coupon_type_no,24,23,32,1879590,0,78316.25
2025-05-14,GOLD,쿠폰 미사용,쿠폰 미사용,coupon_name+order_coupon_name+coupon_code+order_coupon_no+order_product_coupon_name+order_product_coupon_no+product_coupon_type_no,1,1,2,65500,0,65500.0
2025-05-14,SILVER,쿠폰 사용,쿠폰명 미확인,coupon_name+order_coupon_name+coupon_code+order_coupon_no+order_product_coupon_name+order_product_coupon_no+product_coupon_type_no,3,3,3,351290,163300,117096.66666666667
2025-05-14,SILVER,쿠폰 미사용,쿠폰 미사용,coupon_name+order_coupon_name+coupon_code+order_coupon_no+order_product_coupon_name+order_product_coupon_no+product_coupon_type_no,3,3,3,170310,0,56770.0
2025-05-14,TITANIUM,쿠폰 미사용,쿠폰 미사용,coupon_name+order_coupon_name+coupon_code+order_coupon_no+order_product_coupon_name+order_product_coupon_no+product_coupon_type_no,1,1,1,105610,0,105610.0
2025-05-15,FAMILY,쿠폰 사용,쿠폰명 미확인,coupon_name+order_coupon_name+coupon_code+order_coupon_no+order_product_coupon_name+order_product_coupon_no+product_coupon_type_no,32,32,44,3441080,535680,107533.75
2025-05-15,FAMILY,쿠폰 미사용,쿠폰 미사용,coupon_name+order_coupon_name+coupon_code+order_coupon_no+order_product_coupon_name+order_product_coupon_no+product_coupon_type_no,24,24,31,1561750,0,65072.916666666664
2025-05-15,SILVER,쿠폰 미사용,쿠폰 미사용,coupon_name+order_coupon_name+coupon_code+order_coupon_no+order_product_coupon_name+order_product_coupon_no+product_coupon_type_no,6,6,8,515300,0,85883.33333333333
2025-05-15,SILVER,쿠폰 사용,쿠폰명 미확인,coupon_name+order_coupon_name+coupon_code+order_coupon_no+order_product_coupon_name+order_product_coupon_no+product_coupon_type_no,1,1,1,84600,14400,84600.0
2025-05-16,FAMILY,쿠폰 사용,쿠폰명 미확인,coupon_name+order_coupon_name+coupon_code+order_coupon_no+order_product_coupon_name+order_product_coupon_no+product_coupon_type_no,33,31,57,3212960,1246320,97362.42424242424
2025-05-16,FAMILY,쿠폰 미사용,쿠폰 미사용,coupon_name+order_coupon_name+coupon_code+order_coupon_no+order_product_coupon_name+order_product_coupon_no+product_coupon_type_no,22,22,26,1402460,0,63748.181818181816
2025-05-16,GOLD,쿠폰 사용,쿠폰명 미확인,coupon_name+order_coupon_name+coupon_code+order_coupon_no+order_product_coupon_name+order_product_coupon_no+product_coupon_type_no,1,1,1,39500,39500,39500.0
2025-05-16,SILVER,쿠폰 미사용,쿠폰 미사용,coupon_name+order_coupon_name+coupon_code+order_coupon_no+order_product_coupon_name+order_product_coupon_no+product_coupon_type_no,3,3,5,413720,0,137906.66666666666
2025-05-16,SILVER,쿠폰 사용,쿠폰명 미확인,coupon_name+order_coupon_name+coupon_code+order_coupon_no+order_product_coupon_name+order_product_coupon_no+product_coupon_type_no,2,2,4,309630,20000,154815.0
2025-05-17,FAMILY,쿠폰 사용,쿠폰명 미확인,coupon_name+order_coupon_name+coupon_code+order_coupon_no+order_product_coupon_name+order_product_coupon_no+product_coupon_type_no,18,18,22,1830810,262050,101711.66666666667
2025-05-17,FAMILY,쿠폰 미사용,쿠폰 미사용,coupon_name+order_coupon_name+coupon_code+order_coupon_no+order_product_coupon_name+order_product_coupon_no+product_coupon_type_no,15,15,18,1180360,0,78690.66666666667
2025-05-17,SILVER,쿠폰 미사용,쿠폰 미사용,coupon_name+order_coupon_name+coupon_code+order_coupon_no+order_product_coupon_name+order_product_coupon_no+product_coupon_type_no,3,2,4,388600,0,129533.33333333333
2025-05-17,SILVER,쿠폰 사용,쿠폰명 미확인,coupon_name+order_coupon_name+coupon_code+order_coupon_no+order_product_coupon_name+order_product_coupon_no+product_coupon_type_no,1,1,1,125100,13900,125100.0
2025-05-18,FAMILY,쿠폰 사용,쿠폰명 미확인,coupon_name+order_coupon_name+coupon_code+order_coupon_no+order_product_coupon_name+order_product_coupon_no+product_coupon_type_no,23,23,32,2110710,572050,91770.0
2025-05-18,FAMILY,쿠폰 미사용,쿠폰 미사용,coupon_name+order_coupon_name+coupon_code+order_coupon_no+order_product_coupon_name+order_product_coupon_no+product_coupon_type_no,18,17,23,1160070,0,64448.333333333336
2025-05-18,SILVER,쿠폰 사용,쿠폰명 미확인,coupon_name+order_coupon_name+coupon_code+order_coupon_no+order_product_coupon_name+order_product_coupon_no+product_coupon_type_no,3,3,4,373070,55230,124356.66666666667
2025-05-18,SILVER,쿠폰 미사용,쿠폰 미사용,coupon_name+order_coupon_name+coupon_code+order_coupon_no+order_product_coupon_name+order_product_coupon_no+product_coupon_type_no,2,2,2,172010,0,86005.0
2025-05-19,FAMILY,쿠폰 사용,쿠폰명 미확인,coupon_name+order_coupon_name+coupon_code+order_coupon_no+order_product_coupon_name+order_product_coupon_no+product_coupon_type_no,33,31,39,2241110,671340,67912.42424242424
2025-05-19,FAMILY,쿠폰 미사용,쿠폰 미사용,coupon_name+order_coupon_name+coupon_code+order_coupon_no+order_product_coupon_name+order_product_coupon_no+product_coupon_type_no,17,17,20,1115490,0,65617.05882352941
2025-05-19,SILVER,쿠폰 미사용,쿠폰 미사용,coupon_name+order_coupon_name+coupon_code+order_coupon_no+order_product_coupon_name+order_product_coupon_no+product_coupon_type_no,8,7,9,832040,0,104005.0
2025-05-19,SILVER,쿠폰 사용,쿠폰명 미확인,coupon_name+order_coupon_name+coupon_code+order_coupon_no+order_product_coupon_name+order_product_coupon_no+product_coupon_type_no,2,2,2,136850,20000,68425.0
2025-05-20,FAMILY,쿠폰 사용,쿠폰명 미확인,coupon_name+order_coupon_name+coupon_code+order_coupon_no+order_product_coupon_name+order_product_coupon_no+product_coupon_type_no,35,34,40,2782770,501020,79507.71428571429
2025-05-20,FAMILY,쿠폰 미사용,쿠폰 미사용,coupon_name+order_coupon_name+coupon_code+order_coupon_no+order_product_coupon_name+order_product_coupon_no+product_coupon_type_no,23,23,31,1691450,0,73541.30434782608
2025-05-20,GOLD,쿠폰 사용,쿠폰명 미확인,coupon_name+order_coupon_name+coupon_code+order_coupon_no+order_product_coupon_name+order_product_coupon_no+product_coupon_type_no,2,2,18,1104510,165850,552255.0
2025-05-20,GOLD,쿠폰 미사용,쿠폰 미사용,coupon_name+order_coupon_name+coupon_code+order_coupon_no+order_product_coupon_name+order_product_coupon_no+product_coupon_type_no,2,2,2,106650,0,53325.0
2025-05-20,SILVER,쿠폰 미사용,쿠폰 미사용,coupon_name+order_coupon_name+coupon_code+order_coupon_no+order_product_coupon_name+order_product_coupon_no+product_coupon_type_no,4,4,10,565820,0,141455.0
2025-05-20,SILVER,쿠폰 사용,쿠폰명 미확인,coupon_name+order_coupon_name+coupon_code+order_coupon_no+order_product_coupon_name+order_product_coupon_no+product_coupon_type_no,3,3,3,218400,54400,72800.0
2025-05-20,TITANIUM,쿠폰 미사용,쿠폰 미사용,coupon_name+order_coupon_name+coupon_code+order_coupon_no+order_product_coupon_name+order_product_coupon_no+product_coupon_type_no,1,1,3,58500,0,58500.0
2025-05-21,FAMILY,쿠폰 사용,쿠폰명 미확인,coupon_name+order_coupon_name+coupon_code+order_coupon_no+order_product_coupon_name+order_product_coupon_no+product_coupon_type_no,35,32,65,5536990,1492380,158199.7142857143
2025-05-21,FAMILY,쿠폰 미사용,쿠폰 미사용,coupon_name+order_coupon_name+coupon_code+order_coupon_no+order_product_coupon_name+order_product_coupon_no+product_coupon_type_no,33,33,45,2046050,0,62001.51515151515
2025-05-21,SILVER,쿠폰 미사용,쿠폰 미사용,coupon_name+order_coupon_name+coupon_code+order_coupon_no+order_product_coupon_name+order_product_coupon_no+product_coupon_type_no,7,6,12,883390,0,126198.57142857143
2025-05-21,SILVER,쿠폰 사용,쿠폰명 미확인,coupon_name+order_coupon_name+coupon_code+order_coupon_no+order_product_coupon_name+order_product_coupon_no+product_coupon_type_no,5,5,9,699820,115500,139964.0
2025-05-22,FAMILY,쿠폰 사용,쿠폰명 미확인,coupon_name+order_coupon_name+coupon_code+order_coupon_no+order_product_coupon_name+order_product_coupon_no+product_coupon_type_no,27,27,43,3045010,784640,112778.14814814815
2025-05-22,FAMILY,쿠폰 미사용,쿠폰 미사용,coupon_name+order_coupon_name+coupon_code+order_coupon_no+order_product_coupon_name+order_product_coupon_no+product_coupon_type_no,23,23,36,1657360,0,72059.13043478261
2025-05-22,GOLD,쿠폰 미사용,쿠폰 미사용,coupon_name+order_coupon_name+coupon_code+order_coupon_no+order_product_coupon_name+order_product_coupon_no+product_coupon_type_no,1,1,1,19450,0,19450.0
2025-05-22,SILVER,쿠폰 미사용,쿠폰 미사용,coupon_name+order_coupon_name+coupon_code+order_coupon_no+order_product_coupon_name+order_product_coupon_no+product_coupon_type_no,7,7,19,1426990,0,203855.7142857143
2025-05-22,SILVER,쿠폰 사용,쿠폰명 미확인,coupon_name+order_coupon_name+coupon_code+order_coupon_no+order_product_coupon_name+order_product_coupon_no+product_coupon_type_no,2,2,3,184240,20000,92120.0
2025-05-23,FAMILY,쿠폰 사용,쿠폰명 미확인,coupon_name+order_coupon_name+coupon_code+order_coupon_no+order_product_coupon_name+order_product_coupon_no+product_coupon_type_no,28,28,32,2328750,744440,83169.64285714286
2025-05-23,FAMILY,쿠폰 미사용,쿠폰 미사용,coupon_name+order_coupon_name+coupon_code+order_coupon_no+order_product_coupon_name+order_product_coupon_no+product_coupon_type_no,26,26,32,1712170,0,65852.69230769231
2025-05-23,GOLD,쿠폰 미사용,쿠폰 미사용,coupon_name+order_coupon_name+coupon_code+order_coupon_no+order_product_coupon_name+order_product_coupon_no+product_coupon_type_no,1,1,4,71000,0,71000.0
2025-05-23,SILVER,쿠폰 사용,쿠폰명 미확인,coupon_name+order_coupon_name+coupon_code+order_coupon_no+order_product_coupon_name+order_product_coupon_no+product_coupon_type_no,2,2,2,186810,20000,93405.0
2025-05-23,SILVER,쿠폰 미사용,쿠폰 미사용,coupon_name+order_coupon_name+coupon_code+order_coupon_no+order_product_coupon_name+order_product_coupon_no+product_coupon_type_no,2,2,2,130050,0,65025.0
2025-05-24,FAMILY,쿠폰 미사용,쿠폰 미사용,coupon_name+order_coupon_name+coupon_code+order_coupon_no+order_product_coupon_name+order_product_coupon_no+product_coupon_type_no,28,27,34,1603080,0,57252.857142857145
2025-05-24,FAMILY,쿠폰 사용,쿠폰명 미확인,coupon_name+order_coupon_name+coupon_code+order_coupon_no+order_product_coupon_name+order_product_coupon_no+product_coupon_type_no,18,17,21,1514430,253410,84135.0
2025-05-24,GOLD,쿠폰 미사용,쿠폰 미사용,coupon_name+order_coupon_name+coupon_code+order_coupon_no+order_product_coupon_name+order_product_coupon_no+product_coupon_type_no,1,1,6,307210,0,307210.0
2025-05-24,SILVER,쿠폰 미사용,쿠폰 미사용,coupon_name+order_coupon_name+coupon_code+order_coupon_no+order_product_coupon_name+order_product_coupon_no+product_coupon_type_no,6,5,8,625990,0,104331.66666666667
2025-05-24,SILVER,쿠폰 사용,쿠폰명 미확인,coupon_name+order_coupon_name+coupon_code+order_coupon_no+order_product_coupon_name+order_product_coupon_no+product_coupon_type_no,1,1,1,65490,10000,65490.0
2025-05-25,FAMILY,쿠폰 사용,쿠폰명 미확인,coupon_name+order_coupon_name+coupon_code+order_coupon_no+order_product_coupon_name+order_product_coupon_no+product_coupon_type_no,40,40,46,3496710,539700,87417.75
2025-05-25,FAMILY,쿠폰 미사용,쿠폰 미사용,coupon_name+order_coupon_name+coupon_code+order_coupon_no+order_product_coupon_name+order_product_coupon_no+product_coupon_type_no,16,16,24,1325470,0,82841.875
2025-05-25,GOLD,쿠폰 사용,쿠폰명 미확인,coupon_name+order_coupon_name+coupon_code+order_coupon_no+order_product_coupon_name+order_product_coupon_no+product_coupon_type_no,1,1,2,106320,10000,106320.0
2025-05-26,FAMILY,쿠폰 사용,쿠폰명 미확인,coupon_name+order_coupon_name+coupon_code+order_coupon_no+order_product_coupon_name+order_product_coupon_no+product_coupon_type_no,41,41,52,3568370,845270,87033.41463414633
2025-05-26,FAMILY,쿠폰 미사용,쿠폰 미사용,coupon_name+order_coupon_name+coupon_code+order_coupon_no+order_product_coupon_name+order_product_coupon_no+product_coupon_type_no,31,30,47,2005700,0,64700.0
2025-05-26,GOLD,쿠폰 사용,쿠폰명 미확인,coupon_name+order_coupon_name+coupon_code+order_coupon_no+order_product_coupon_name+order_product_coupon_no+product_coupon_type_no,1,1,18,2250160,255240,2250160.0
2025-05-26,SILVER,쿠폰 미사용,쿠폰 미사용,coupon_name+order_coupon_name+coupon_code+order_coupon_no+order_product_coupon_name+order_product_coupon_no+product_coupon_type_no,6,6,8,671210,0,111868.33333333333
2025-05-26,SILVER,쿠폰 사용,쿠폰명 미확인,coupon_name+order_coupon_name+coupon_code+order_coupon_no+order_product_coupon_name+order_product_coupon_no+product_coupon_type_no,2,2,4,288890,30000,144445.0
2025-05-27,FAMILY,쿠폰 사용,쿠폰명 미확인,coupon_name+order_coupon_name+coupon_code+order_coupon_no+order_product_coupon_name+order_product_coupon_no+product_coupon_type_no,27,27,37,2514510,653330,93130.0
2025-05-27,FAMILY,쿠폰 미사용,쿠폰 미사용,coupon_name+order_coupon_name+coupon_code+order_coupon_no+order_product_coupon_name+order_product_coupon_no+product_coupon_type_no,30,29,34,1907610,0,63587.0
2025-05-27,GOLD,쿠폰 미사용,쿠폰 미사용,coupon_name+order_coupon_name+coupon_code+order_coupon_no+order_product_coupon_name+order_product_coupon_no+product_coupon_type_no,1,1,1,83540,0,83540.0
2025-05-27,SILVER,쿠폰 미사용,쿠폰 미사용,coupon_name+order_coupon_name+coupon_code+order_coupon_no+order_product_coupon_name+order_product_coupon_no+product_coupon_type_no,5,5,8,606990,0,121398.0
2025-05-27,SILVER,쿠폰 사용,쿠폰명 미확인,coupon_name+order_coupon_name+coupon_code+order_coupon_no+order_product_coupon_name+order_product_coupon_no+product_coupon_type_no,3,3,5,242280,28900,80760.0
2025-05-28,FAMILY,쿠폰 미사용,쿠폰 미사용,coupon_name+order_coupon_name+coupon_code+order_coupon_no+order_product_coupon_name+order_product_coupon_no+product_coupon_type_no,30,30,38,1646420,0,54880.666666666664
2025-05-28,FAMILY,쿠폰 사용,쿠폰명 미확인,coupon_name+order_coupon_name+coupon_code+order_coupon_no+order_product_coupon_name+order_product_coupon_no+product_coupon_type_no,24,24,30,1621070,428380,67544.58333333333
2025-05-28,SILVER,쿠폰 미사용,쿠폰 미사용,coupon_name+order_coupon_name+coupon_code+order_coupon_no+order_product_coupon_name+order_product_coupon_no+product_coupon_type_no,7,7,10,1147590,0,163941.42857142858
2025-05-28,SILVER,쿠폰 사용,쿠폰명 미확인,coupon_name+order_coupon_name+coupon_code+order_coupon_no+order_product_coupon_name+order_product_coupon_no+product_coupon_type_no,1,1,1,41000,10000,41000.0
2025-05-28,TITANIUM,쿠폰 미사용,쿠폰 미사용,coupon_name+order_coupon_name+coupon_code+order_coupon_no+order_product_coupon_name+order_product_coupon_no+product_coupon_type_no,1,1,3,90000,0,90000.0
2025-05-28,TITANIUM,쿠폰 사용,쿠폰명 미확인,coupon_name+order_coupon_name+coupon_code+order_coupon_no+order_product_coupon_name+order_product_coupon_no+product_coupon_type_no,1,1,1,40000,10000,40000.0
2025-05-29,FAMILY,쿠폰 미사용,쿠폰 미사용,coupon_name+order_coupon_name+coupon_code+order_coupon_no+order_product_coupon_name+order_product_coupon_no+product_coupon_type_no,53,53,69,4099040,0,77340.37735849057
2025-05-29,FAMILY,쿠폰 사용,쿠폰명 미확인,coupon_name+order_coupon_name+coupon_code+order_coupon_no+order_product_coupon_name+order_product_coupon_no+product_coupon_type_no,47,47,58,3984600,770110,84778.72340425532
2025-05-29,GOLD,쿠폰 미사용,쿠폰 미사용,coupon_name+order_coupon_name+coupon_code+order_coupon_no+order_product_coupon_name+order_product_coupon_no+product_coupon_type_no,1,1,1,24500,0,24500.0
2025-05-29,SILVER,쿠폰 미사용,쿠폰 미사용,coupon_name+order_coupon_name+coupon_code+order_coupon_no+order_product_coupon_name+order_product_coupon_no+product_coupon_type_no,6,5,8,408000,0,68000.0
2025-05-29,SILVER,쿠폰 사용,쿠폰명 미확인,coupon_name+order_coupon_name+coupon_code+order_coupon_no+order_product_coupon_name+order_product_coupon_no+product_coupon_type_no,2,2,3,232220,37800,116110.0
2025-05-30,FAMILY,쿠폰 사용,쿠폰명 미확인,coupon_name+order_coupon_name+coupon_code+order_coupon_no+order_product_coupon_name+order_product_coupon_no+product_coupon_type_no,30,28,38,2489590,599830,82986.33333333333
2025-05-30,FAMILY,쿠폰 미사용,쿠폰 미사용,coupon_name+order_coupon_name+coupon_code+order_coupon_no+order_product_coupon_name+order_product_coupon_no+product_coupon_type_no,17,17,20,994000,0,58470.58823529412
2025-05-30,SILVER,쿠폰 사용,쿠폰명 미확인,coupon_name+order_coupon_name+coupon_code+order_coupon_no+order_product_coupon_name+order_product_coupon_no+product_coupon_type_no,1,1,3,508300,56700,508300.0
2025-05-30,SILVER,쿠폰 미사용,쿠폰 미사용,coupon_name+order_coupon_name+coupon_code+order_coupon_no+order_product_coupon_name+order_product_coupon_no+product_coupon_type_no,2,2,2,86000,0,43000.0
2025-05-31,FAMILY,쿠폰 사용,쿠폰명 미확인,coupon_name+order_coupon_name+coupon_code+order_coupon_no+order_product_coupon_name+order_product_coupon_no+product_coupon_type_no,24,24,28,2330800,367920,97116.66666666667
2025-05-31,FAMILY,쿠폰 미사용,쿠폰 미사용,coupon_name+order_coupon_name+coupon_code+order_coupon_no+order_product_coupon_name+order_product_coupon_no+product_coupon_type_no,30,30,31,1775110,0,59170.333333333336
2025-05-31,GOLD,쿠폰 사용,쿠폰명 미확인,coupon_name+order_coupon_name+coupon_code+order_coupon_no+order_product_coupon_name+order_product_coupon_no+product_coupon_type_no,1,1,3,151000,10000,151000.0
2025-05-31,SILVER,쿠폰 미사용,쿠폰 미사용,coupon_name+order_coupon_name+coupon_code+order_coupon_no+order_product_coupon_name+order_product_coupon_no+product_coupon_type_no,4,4,6,261700,0,65425.0
2025-05-31,SILVER,쿠폰 사용,쿠폰명 미확인,coupon_name+order_coupon_name+coupon_code+order_coupon_no+order_product_coupon_name+order_product_coupon_no+product_coupon_type_no,2,2,2,81310,21800,40655.0
2025-06-01,FAMILY,쿠폰 사용,쿠폰명 미확인,coupon_name+order_coupon_name+coupon_code+order_coupon_no+order_product_coupon_name+order_product_coupon_no+product_coupon_type_no,33,33,43,2363900,588060,71633.33333333333
2025-06-01,FAMILY,쿠폰 미사용,쿠폰 미사용,coupon_name+order_coupon_name+coupon_code+order_coupon_no+order_product_coupon_name+order_product_coupon_no+product_coupon_type_no,24,24,33,1358780,0,56615.833333333336
2025-06-01,SILVER,쿠폰 미사용,쿠폰 미사용,coupon_name+order_coupon_name+coupon_code+order_coupon_no+order_product_coupon_name+order_product_coupon_no+product_coupon_type_no,7,7,14,1257640,0,179662.85714285713
2025-06-01,SILVER,쿠폰 사용,쿠폰명 미확인,coupon_name+order_coupon_name+coupon_code+order_coupon_no+order_product_coupon_name+order_product_coupon_no+product_coupon_type_no,5,5,8,387660,98600,77532.0
2025-06-02,FAMILY,쿠폰 사용,쿠폰명 미확인,coupon_name+order_coupon_name+coupon_code+order_coupon_no+order_product_coupon_name+order_product_coupon_no+product_coupon_type_no,35,35,40,2794180,644040,79833.71428571429
2025-06-02,FAMILY,쿠폰 미사용,쿠폰 미사용,coupon_name+order_coupon_name+coupon_code+order_coupon_no+order_product_coupon_name+order_product_coupon_no+product_coupon_type_no,21,21,28,1630390,0,77637.61904761905
2025-06-02,SILVER,쿠폰 미사용,쿠폰 미사용,coupon_name+order_coupon_name+coupon_code+order_coupon_no+order_product_coupon_name+order_product_coupon_no+product_coupon_type_no,9,9,15,1172390,0,130265.55555555556
2025-06-02,SILVER,쿠폰 사용,쿠폰명 미확인,coupon_name+order_coupon_name+coupon_code+order_coupon_no+order_product_coupon_name+order_product_coupon_no+product_coupon_type_no,2,2,5,389200,307800,194600.0
2025-06-02,TITANIUM,쿠폰 미사용,쿠폰 미사용,coupon_name+order_coupon_name+coupon_code+order_coupon_no+order_product_coupon_name+order_product_coupon_no+product_coupon_type_no,1,1,3,157000,0,157000.0
2025-06-03,FAMILY,쿠폰 사용,쿠폰명 미확인,coupon_name+order_coupon_name+coupon_code+order_coupon_no+order_product_coupon_name+order_product_coupon_no+product_coupon_type_no,24,24,32,2096110,481530,87337.91666666667
2025-06-03,FAMILY,쿠폰 미사용,쿠폰 미사용,coupon_name+order_coupon_name+coupon_code+order_coupon_no+order_product_coupon_name+order_product_coupon_no+product_coupon_type_no,27,27,30,1895980,0,70221.48148148147
2025-06-03,SILVER,쿠폰 미사용,쿠폰 미사용,coupon_name+order_coupon_name+coupon_code+order_coupon_no+order_product_coupon_name+order_product_coupon_no+product_coupon_type_no,1,1,1,80550,0,80550.0
2025-06-03,TITANIUM,쿠폰 미사용,쿠폰 미사용,coupon_name+order_coupon_name+coupon_code+order_coupon_no+order_product_coupon_name+order_product_coupon_no+product_coupon_type_no,1,1,1,59000,0,59000.0
2025-06-04,FAMILY,쿠폰 사용,쿠폰명 미확인,coupon_name+order_coupon_name+coupon_code+order_coupon_no+order_product_coupon_name+order_product_coupon_no+product_coupon_type_no,27,27,32,2307710,463370,85470.74074074074
2025-06-04,FAMILY,쿠폰 미사용,쿠폰 미사용,coupon_name+order_coupon_name+coupon_code+order_coupon_no+order_product_coupon_name+order_product_coupon_no+product_coupon_type_no,20,20,24,1465170,0,73258.5
2025-06-04,GOLD,쿠폰 미사용,쿠폰 미사용,coupon_name+order_coupon_name+coupon_code+order_coupon_no+order_product_coupon_name+order_product_coupon_no+product_coupon_type_no,1,1,1,75450,0,75450.0
2025-06-04,SILVER,쿠폰 미사용,쿠폰 미사용,coupon_name+order_coupon_name+coupon_code+order_coupon_no+order_product_coupon_name+order_product_coupon_no+product_coupon_type_no,3,3,3,137600,0,45866.666666666664
2025-06-05,FAMILY,쿠폰 사용,쿠폰명 미확인,coupon_name+order_coupon_name+coupon_code+order_coupon_no+order_product_coupon_name+order_product_coupon_no+product_coupon_type_no,18,18,30,1908860,668600,106047.77777777778
2025-06-05,FAMILY,쿠폰 미사용,쿠폰 미사용,coupon_name+order_coupon_name+coupon_code+order_coupon_no+order_product_coupon_name+order_product_coupon_no+product_coupon_type_no,17,16,21,1022350,0,60138.23529411765
2025-06-05,SILVER,쿠폰 미사용,쿠폰 미사용,coupon_name+order_coupon_name+coupon_code+order_coupon_no+order_product_coupon_name+order_product_coupon_no+product_coupon_type_no,4,4,6,316710,0,79177.5
2025-06-06,FAMILY,쿠폰 사용,쿠폰명 미확인,coupon_name+order_coupon_name+coupon_code+order_coupon_no+order_product_coupon_name+order_product_coupon_no+product_coupon_type_no,24,24,27,1745320,306680,72721.66666666667
2025-06-06,FAMILY,쿠폰 미사용,쿠폰 미사용,coupon_name+order_coupon_name+coupon_code+order_coupon_no+order_product_coupon_name+order_product_coupon_no+product_coupon_type_no,21,21,28,1171710,0,55795.71428571428
2025-06-06,SILVER,쿠폰 사용,쿠폰명 미확인,coupon_name+order_coupon_name+coupon_code+order_coupon_no+order_product_coupon_name+order_product_coupon_no+product_coupon_type_no,2,2,2,146160,20000,73080.0
2025-06-06,SILVER,쿠폰 미사용,쿠폰 미사용,coupon_name+order_coupon_name+coupon_code+order_coupon_no+order_product_coupon_name+order_product_coupon_no+product_coupon_type_no,1,1,1,55200,0,55200.0
2025-06-07,FAMILY,쿠폰 사용,쿠폰명 미확인,coupon_name+order_coupon_name+coupon_code+order_coupon_no+order_product_coupon_name+order_product_coupon_no+product_coupon_type_no,36,35,44,2787090,707290,77419.16666666667
2025-06-07,FAMILY,쿠폰 미사용,쿠폰 미사용,coupon_name+order_coupon_name+coupon_code+order_coupon_no+order_product_coupon_name+order_product_coupon_no+product_coupon_type_no,21,21,29,1495360,0,71207.61904761905
2025-06-07,SILVER,쿠폰 사용,쿠폰명 미확인,coupon_name+order_coupon_name+coupon_code+order_coupon_no+order_product_coupon_name+order_product_coupon_no+product_coupon_type_no,2,2,3,140030,20000,70015.0
2025-06-07,SILVER,쿠폰 미사용,쿠폰 미사용,coupon_name+order_coupon_name+coupon_code+order_coupon_no+order_product_coupon_name+order_product_coupon_no+product_coupon_type_no,1,1,1,114860,0,114860.0
2025-06-08,FAMILY,쿠폰 미사용,쿠폰 미사용,coupon_name+order_coupon_name+coupon_code+order_coupon_no+order_product_coupon_name+order_product_coupon_no+product_coupon_type_no,57,55,74,4215410,0,73954.56140350878
2025-06-08,FAMILY,쿠폰 사용,쿠폰명 미확인,coupon_name+order_coupon_name+coupon_code+order_coupon_no+order_product_coupon_name+order_product_coupon_no+product_coupon_type_no,56,56,74,4171100,746850,74483.92857142857
2025-06-08,GOLD,쿠폰 미사용,쿠폰 미사용,coupon_name+order_coupon_name+coupon_code+order_coupon_no+order_product_coupon_name+order_product_coupon_no+product_coupon_type_no,1,1,1,47200,0,47200.0
2025-06-08,SILVER,쿠폰 미사용,쿠폰 미사용,coupon_name+order_coupon_name+coupon_code+order_coupon_no+order_product_coupon_name+order_product_coupon_no+product_coupon_type_no,8,7,12,788070,0,98508.75
2025-06-08,SILVER,쿠폰 사용,쿠폰명 미확인,coupon_name+order_coupon_name+coupon_code+order_coupon_no+order_product_coupon_name+order_product_coupon_no+product_coupon_type_no,5,5,7,730530,103600,146106.0
2025-06-09,FAMILY,쿠폰 사용,쿠폰명 미확인,coupon_name+order_coupon_name+coupon_code+order_coupon_no+order_product_coupon_name+order_product_coupon_no+product_coupon_type_no,49,49,66,3728920,837600,76100.40816326531
2025-06-09,FAMILY,쿠폰 미사용,쿠폰 미사용,coupon_name+order_coupon_name+coupon_code+order_coupon_no+order_product_coupon_name+order_product_coupon_no+product_coupon_type_no,28,27,36,2535530,0,90554.64285714286
2025-06-09,GOLD,쿠폰 사용,쿠폰명 미확인,coupon_name+order_coupon_name+coupon_code+order_coupon_no+order_product_coupon_name+order_product_coupon_no+product_coupon_type_no,1,1,10,1785600,204400,1785600.0
2025-06-09,GOLD,쿠폰 미사용,쿠폰 미사용,coupon_name+order_coupon_name+coupon_code+order_coupon_no+order_product_coupon_name+order_product_coupon_no+product_coupon_type_no,1,1,1,30920,0,30920.0
2025-06-09,SILVER,쿠폰 사용,쿠폰명 미확인,coupon_name+order_coupon_name+coupon_code+order_coupon_no+order_product_coupon_name+order_product_coupon_no+product_coupon_type_no,1,1,2,117500,10000,117500.0
2025-06-09,TITANIUM,쿠폰 미사용,쿠폰 미사용,coupon_name+order_coupon_name+coupon_code+order_coupon_no+order_product_coupon_name+order_product_coupon_no+product_coupon_type_no,1,1,2,98100,0,98100.0
2025-06-10,FAMILY,쿠폰 사용,쿠폰명 미확인,coupon_name+order_coupon_name+coupon_code+order_coupon_no+order_product_coupon_name+order_product_coupon_no+product_coupon_type_no,46,45,58,3673950,1047600,79868.47826086957
2025-06-10,FAMILY,쿠폰 미사용,쿠폰 미사용,coupon_name+order_coupon_name+coupon_code+order_coupon_no+order_product_coupon_name+order_product_coupon_no+product_coupon_type_no,23,23,29,1668400,0,72539.13043478261
2025-06-10,GOLD,쿠폰 미사용,쿠폰 미사용,coupon_name+order_coupon_name+coupon_code+order_coupon_no+order_product_coupon_name+order_product_coupon_no+product_coupon_type_no,2,2,5,447730,0,223865.0
2025-06-10,SILVER,쿠폰 미사용,쿠폰 미사용,coupon_name+order_coupon_name+coupon_code+order_coupon_no+order_product_coupon_name+order_product_coupon_no+product_coupon_type_no,3,3,4,313710,0,104570.0
2025-06-10,SILVER,쿠폰 사용,쿠폰명 미확인,coupon_name+order_coupon_name+coupon_code+order_coupon_no+order_product_coupon_name+order_product_coupon_no+product_coupon_type_no,3,3,4,282360,25500,94120.0
2025-06-11,FAMILY,쿠폰 사용,쿠폰명 미확인,coupon_name+order_coupon_name+coupon_code+order_coupon_no+order_product_coupon_name+order_product_coupon_no+product_coupon_type_no,38,38,59,4021090,770060,105818.15789473684
2025-06-11,FAMILY,쿠폰 미사용,쿠폰 미사용,coupon_name+order_coupon_name+coupon_code+order_coupon_no+order_product_coupon_name+order_product_coupon_no+product_coupon_type_no,26,26,33,1803910,0,69381.15384615384
2025-06-11,SILVER,쿠폰 사용,쿠폰명 미확인,coupon_name+order_coupon_name+coupon_code+order_coupon_no+order_product_coupon_name+order_product_coupon_no+product_coupon_type_no,4,4,8,846540,114530,211635.0
2025-06-11,SILVER,쿠폰 미사용,쿠폰 미사용,coupon_name+order_coupon_name+coupon_code+order_coupon_no+order_product_coupon_name+order_product_coupon_no+product_coupon_type_no,4,4,4,260600,0,65150.0
2025-06-12,FAMILY,쿠폰 사용,쿠폰명 미확인,coupon_name+order_coupon_name+coupon_code+order_coupon_no+order_product_coupon_name+order_product_coupon_no+product_coupon_type_no,47,47,63,4249320,886030,90411.06382978724
2025-06-12,FAMILY,쿠폰 미사용,쿠폰 미사용,coupon_name+order_coupon_name+coupon_code+order_coupon_no+order_product_coupon_name+order_product_coupon_no+product_coupon_type_no,33,33,40,2422560,0,73410.90909090909
2025-06-12,GOLD,쿠폰 사용,쿠폰명 미확인,coupon_name+order_coupon_name+coupon_code+order_coupon_no+order_product_coupon_name+order_product_coupon_no+product_coupon_type_no,1,1,1,32000,10000,32000.0
2025-06-12,SILVER,쿠폰 사용,쿠폰명 미확인,coupon_name+order_coupon_name+coupon_code+order_coupon_no+order_product_coupon_name+order_product_coupon_no+product_coupon_type_no,3,3,29,946640,101120,315546.6666666667
2025-06-12,SILVER,쿠폰 미사용,쿠폰 미사용,coupon_name+order_coupon_name+coupon_code+order_coupon_no+order_product_coupon_name+order_product_coupon_no+product_coupon_type_no,5,5,5,474570,0,94914.0
2025-06-13,FAMILY,쿠폰 사용,쿠폰명 미확인,coupon_name+order_coupon_name+coupon_code+order_coupon_no+order_product_coupon_name+order_product_coupon_no+product_coupon_type_no,31,31,38,2546560,497730,82147.09677419355
2025-06-13,FAMILY,쿠폰 미사용,쿠폰 미사용,coupon_name+order_coupon_name+coupon_code+order_coupon_no+order_product_coupon_name+order_product_coupon_no+product_coupon_type_no,28,28,34,1798210,0,64221.78571428572
2025-06-13,GOLD,쿠폰 미사용,쿠폰 미사용,coupon_name+order_coupon_name+coupon_code+order_coupon_no+order_product_coupon_name+order_product_coupon_no+product_coupon_type_no,2,2,3,162770,0,81385.0
2025-06-13,SILVER,쿠폰 미사용,쿠폰 미사용,coupon_name+order_coupon_name+coupon_code+order_coupon_no+order_product_coupon_name+order_product_coupon_no+product_coupon_type_no,1,1,2,118680,0,118680.0
2025-06-13,SILVER,쿠폰 사용,쿠폰명 미확인,coupon_name+order_coupon_name+coupon_code+order_coupon_no+order_product_coupon_name+order_product_coupon_no+product_coupon_type_no,1,1,1,75520,10000,75520.0
2025-06-14,FAMILY,쿠폰 사용,쿠폰명 미확인,coupon_name+order_coupon_name+coupon_code+order_coupon_no+order_product_coupon_name+order_product_coupon_no+product_coupon_type_no,53,53,61,4649380,1044420,87724.15094339622
2025-06-14,FAMILY,쿠폰 미사용,쿠폰 미사용,coupon_name+order_coupon_name+coupon_code+order_coupon_no+order_product_coupon_name+order_product_coupon_no+product_coupon_type_no,28,28,43,2412720,0,86168.57142857143
2025-06-14,GOLD,쿠폰 미사용,쿠폰 미사용,coupon_name+order_coupon_name+coupon_code+order_coupon_no+order_product_coupon_name+order_product_coupon_no+product_coupon_type_no,1,1,1,47200,0,47200.0
2025-06-14,SILVER,쿠폰 미사용,쿠폰 미사용,coupon_name+order_coupon_name+coupon_code+order_coupon_no+order_product_coupon_name+order_product_coupon_no+product_coupon_type_no,4,4,5,321230,0,80307.5
2025-06-15,FAMILY,쿠폰 사용,쿠폰명 미확인,coupon_name+order_coupon_name+coupon_code+order_coupon_no+order_product_coupon_name+order_product_coupon_no+product_coupon_type_no,54,54,80,4895620,1220300,90659.62962962964
2025-06-15,FAMILY,쿠폰 미사용,쿠폰 미사용,coupon_name+order_coupon_name+coupon_code+order_coupon_no+order_product_coupon_name+order_product_coupon_no+product_coupon_type_no,20,20,24,1169030,0,58451.5
2025-06-15,GOLD,쿠폰 미사용,쿠폰 미사용,coupon_name+order_coupon_name+coupon_code+order_coupon_no+order_product_coupon_name+order_product_coupon_no+product_coupon_type_no,3,3,3,224880,0,74960.0
2025-06-15,SILVER,쿠폰 미사용,쿠폰 미사용,coupon_name+order_coupon_name+coupon_code+order_coupon_no+order_product_coupon_name+order_product_coupon_no+product_coupon_type_no,7,7,10,800040,0,114291.42857142857
2025-06-15,SILVER,쿠폰 사용,쿠폰명 미확인,coupon_name+order_coupon_name+coupon_code+order_coupon_no+order_product_coupon_name+order_product_coupon_no+product_coupon_type_no,1,1,3,194380,26820,194380.0
2025-06-16,FAMILY,쿠폰 사용,쿠폰명 미확인,coupon_name+order_coupon_name+coupon_code+order_coupon_no+order_product_coupon_name+order_product_coupon_no+product_coupon_type_no,44,43,49,3239430,751200,73623.40909090909
2025-06-16,FAMILY,쿠폰 미사용,쿠폰 미사용,coupon_name+order_coupon_name+coupon_code+order_coupon_no+order_product_coupon_name+order_product_coupon_no+product_coupon_type_no,21,20,25,1312180,0,62484.76190476191
2025-06-16,GOLD,쿠폰 미사용,쿠폰 미사용,coupon_name+order_coupon_name+coupon_code+order_coupon_no+order_product_coupon_name+order_product_coupon_no+product_coupon_type_no,2,2,4,285600,0,142800.0
2025-06-16,GOLD,쿠폰 사용,쿠폰명 미확인,coupon_name+order_coupon_name+coupon_code+order_coupon_no+order_product_coupon_name+order_product_coupon_no+product_coupon_type_no,1,1,1,84500,84500,84500.0
2025-06-16,SILVER,쿠폰 미사용,쿠폰 미사용,coupon_name+order_coupon_name+coupon_code+order_coupon_no+order_product_coupon_name+order_product_coupon_no+product_coupon_type_no,5,5,7,401920,0,80384.0
2025-06-16,SILVER,쿠폰 사용,쿠폰명 미확인,coupon_name+order_coupon_name+coupon_code+order_coupon_no+order_product_coupon_name+order_product_coupon_no+product_coupon_type_no,2,2,5,330200,40000,165100.0
2025-06-17,FAMILY,쿠폰 사용,쿠폰명 미확인,coupon_name+order_coupon_name+coupon_code+order_coupon_no+order_product_coupon_name+order_product_coupon_no+product_coupon_type_no,47,47,173,7482100,4910110,159193.6170212766
2025-06-17,FAMILY,쿠폰 미사용,쿠폰 미사용,coupon_name+order_coupon_name+coupon_code+order_coupon_no+order_product_coupon_name+order_product_coupon_no+product_coupon_type_no,30,30,44,2315260,0,77175.33333333333
2025-06-17,GOLD,쿠폰 사용,쿠폰명 미확인,coupon_name+order_coupon_name+coupon_code+order_coupon_no+order_product_coupon_name+order_product_coupon_no+product_coupon_type_no,1,1,1,99500,39800,99500.0
2025-06-17,SILVER,쿠폰 미사용,쿠폰 미사용,coupon_name+order_coupon_name+coupon_code+order_coupon_no+order_product_coupon_name+order_product_coupon_no+product_coupon_type_no,3,3,3,140400,0,46800.0
2025-06-18,FAMILY,쿠폰 사용,쿠폰명 미확인,coupon_name+order_coupon_name+coupon_code+order_coupon_no+order_product_coupon_name+order_product_coupon_no+product_coupon_type_no,33,33,40,2390940,470580,72452.72727272728
2025-06-18,FAMILY,쿠폰 미사용,쿠폰 미사용,coupon_name+order_coupon_name+coupon_code+order_coupon_no+order_product_coupon_name+order_product_coupon_no+product_coupon_type_no,28,28,37,2219590,0,79271.07142857143
2025-06-18,GOLD,쿠폰 미사용,쿠폰 미사용,coupon_name+order_coupon_name+coupon_code+order_coupon_no+order_product_coupon_name+order_product_coupon_no+product_coupon_type_no,2,2,3,325300,0,162650.0
2025-06-18,SILVER,쿠폰 사용,쿠폰명 미확인,coupon_name+order_coupon_name+coupon_code+order_coupon_no+order_product_coupon_name+order_product_coupon_no+product_coupon_type_no,2,2,41,1471500,225500,735750.0
2025-06-18,SILVER,쿠폰 미사용,쿠폰 미사용,coupon_name+order_coupon_name+coupon_code+order_coupon_no+order_product_coupon_name+order_product_coupon_no+product_coupon_type_no,3,3,8,436440,0,145480.0
2025-06-19,FAMILY,쿠폰 사용,쿠폰명 미확인,coupon_name+order_coupon_name+coupon_code+order_coupon_no+order_product_coupon_name+order_product_coupon_no+product_coupon_type_no,48,47,67,4090410,941810,85216.875
2025-06-19,FAMILY,쿠폰 미사용,쿠폰 미사용,coupon_name+order_coupon_name+coupon_code+order_coupon_no+order_product_coupon_name+order_product_coupon_no+product_coupon_type_no,23,23,25,1413090,0,61438.69565217391
2025-06-19,SILVER,쿠폰 미사용,쿠폰 미사용,coupon_name+order_coupon_name+coupon_code+order_coupon_no+order_product_coupon_name+order_product_coupon_no+product_coupon_type_no,6,6,17,1430030,0,238338.33333333334
2025-06-19,SILVER,쿠폰 사용,쿠폰명 미확인,coupon_name+order_coupon_name+coupon_code+order_coupon_no+order_product_coupon_name+order_product_coupon_no+product_coupon_type_no,2,2,6,895610,118900,447805.0
2025-06-20,FAMILY,쿠폰 사용,쿠폰명 미확인,coupon_name+order_coupon_name+coupon_code+order_coupon_no+order_product_coupon_name+order_product_coupon_no+product_coupon_type_no,62,62,71,5276580,1160840,85106.12903225806
2025-06-20,FAMILY,쿠폰 미사용,쿠폰 미사용,coupon_name+order_coupon_name+coupon_code+order_coupon_no+order_product_coupon_name+order_product_coupon_no+product_coupon_type_no,51,50,59,4343020,0,85157.25490196078
2025-06-20,GOLD,쿠폰 사용,쿠폰명 미확인,coupon_name+order_coupon_name+coupon_code+order_coupon_no+order_product_coupon_name+order_product_coupon_no+product_coupon_type_no,2,1,2,364200,30000,182100.0
2025-06-20,GOLD,쿠폰 미사용,쿠폰 미사용,coupon_name+order_coupon_name+coupon_code+order_coupon_no+order_product_coupon_name+order_product_coupon_no+product_coupon_type_no,3,2,8,232550,0,77516.66666666667
2025-06-20,SILVER,쿠폰 미사용,쿠폰 미사용,coupon_name+order_coupon_name+coupon_code+order_coupon_no+order_product_coupon_name+order_product_coupon_no+product_coupon_type_no,10,10,12,1112420,0,111242.0
2025-06-20,SILVER,쿠폰 사용,쿠폰명 미확인,coupon_name+order_coupon_name+coupon_code+order_coupon_no+order_product_coupon_name+order_product_coupon_no+product_coupon_type_no,1,1,1,51190,10000,51190.0
2025-06-21,FAMILY,쿠폰 사용,쿠폰명 미확인,coupon_name+order_coupon_name+coupon_code+order_coupon_no+order_product_coupon_name+order_product_coupon_no+product_coupon_type_no,33,33,36,2975940,478040,90180.0
2025-06-21,FAMILY,쿠폰 미사용,쿠폰 미사용,coupon_name+order_coupon_name+coupon_code+order_coupon_no+order_product_coupon_name+order_product_coupon_no+product_coupon_type_no,23,22,35,1607420,0,69887.82608695653
2025-06-21,GOLD,쿠폰 미사용,쿠폰 미사용,coupon_name+order_coupon_name+coupon_code+order_coupon_no+order_product_coupon_name+order_product_coupon_no+product_coupon_type_no,1,1,4,124420,0,124420.0
2025-06-21,SILVER,쿠폰 미사용,쿠폰 미사용,coupon_name+order_coupon_name+coupon_code+order_coupon_no+order_product_coupon_name+order_product_coupon_no+product_coupon_type_no,5,5,7,416860,0,83372.0
2025-06-21,SILVER,쿠폰 사용,쿠폰명 미확인,coupon_name+order_coupon_name+coupon_code+order_coupon_no+order_product_coupon_name+order_product_coupon_no+product_coupon_type_no,2,2,2,101380,26600,50690.0
2025-06-22,FAMILY,쿠폰 사용,쿠폰명 미확인,coupon_name+order_coupon_name+coupon_code+order_coupon_no+order_product_coupon_name+order_product_coupon_no+product_coupon_type_no,46,46,53,4022020,688180,87435.21739130435
2025-06-22,FAMILY,쿠폰 미사용,쿠폰 미사용,coupon_name+order_coupon_name+coupon_code+order_coupon_no+order_product_coupon_name+order_product_coupon_no+product_coupon_type_no,22,22,24,1428050,0,64911.36363636364
2025-06-22,GOLD,쿠폰 미사용,쿠폰 미사용,coupon_name+order_coupon_name+coupon_code+order_coupon_no+order_product_coupon_name+order_product_coupon_no+product_coupon_type_no,1,1,2,238000,0,238000.0
2025-06-22,SILVER,쿠폰 미사용,쿠폰 미사용,coupon_name+order_coupon_name+coupon_code+order_coupon_no+order_product_coupon_name+order_product_coupon_no+product_coupon_type_no,2,2,4,400320,0,200160.0
2025-06-22,SILVER,쿠폰 사용,쿠폰명 미확인,coupon_name+order_coupon_name+coupon_code+order_coupon_no+order_product_coupon_name+order_product_coupon_no+product_coupon_type_no,1,1,1,65130,16600,65130.0
2025-06-23,FAMILY,쿠폰 사용,쿠폰명 미확인,coupon_name+order_coupon_name+coupon_code+order_coupon_no+order_product_coupon_name+order_product_coupon_no+product_coupon_type_no,45,45,56,3475970,735700,77243.77777777778
2025-06-23,FAMILY,쿠폰 미사용,쿠폰 미사용,coupon_name+order_coupon_name+coupon_code+order_coupon_no+order_product_coupon_name+order_product_coupon_no+product_coupon_type_no,21,21,30,1905870,0,90755.71428571429
2025-06-23,SILVER,쿠폰 미사용,쿠폰 미사용,coupon_name+order_coupon_name+coupon_code+order_coupon_no+order_product_coupon_name+order_product_coupon_no+product_coupon_type_no,4,4,7,442380,0,110595.0
2025-06-23,SILVER,쿠폰 사용,쿠폰명 미확인,coupon_name+order_coupon_name+coupon_code+order_coupon_no+order_product_coupon_name+order_product_coupon_no+product_coupon_type_no,1,1,1,63200,15800,63200.0
2025-06-24,FAMILY,쿠폰 사용,쿠폰명 미확인,coupon_name+order_coupon_name+coupon_code+order_coupon_no+order_product_coupon_name+order_product_coupon_no+product_coupon_type_no,34,34,41,2456450,586270,72248.5294117647
2025-06-24,FAMILY,쿠폰 미사용,쿠폰 미사용,coupon_name+order_coupon_name+coupon_code+order_coupon_no+order_product_coupon_name+order_product_coupon_no+product_coupon_type_no,21,21,24,1399880,0,66660.95238095238
2025-06-24,GOLD,쿠폰 미사용,쿠폰 미사용,coupon_name+order_coupon_name+coupon_code+order_coupon_no+order_product_coupon_name+order_product_coupon_no+product_coupon_type_no,2,2,3,226140,0,113070.0
2025-06-24,SILVER,쿠폰 미사용,쿠폰 미사용,coupon_name+order_coupon_name+coupon_code+order_coupon_no+order_product_coupon_name+order_product_coupon_no+product_coupon_type_no,7,6,8,807990,0,115427.14285714286
2025-06-24,SILVER,쿠폰 사용,쿠폰명 미확인,coupon_name+order_coupon_name+coupon_code+order_coupon_no+order_product_coupon_name+order_product_coupon_no+product_coupon_type_no,4,4,7,652800,104100,163200.0
2025-06-25,FAMILY,쿠폰 사용,쿠폰명 미확인,coupon_name+order_coupon_name+coupon_code+order_coupon_no+order_product_coupon_name+order_product_coupon_no+product_coupon_type_no,37,37,47,3011980,703530,81404.86486486487
2025-06-25,FAMILY,쿠폰 미사용,쿠폰 미사용,coupon_name+order_coupon_name+coupon_code+order_coupon_no+order_product_coupon_name+order_product_coupon_no+product_coupon_type_no,26,26,29,2056280,0,79087.69230769231
2025-06-25,GOLD,쿠폰 미사용,쿠폰 미사용,coupon_name+order_coupon_name+coupon_code+order_coupon_no+order_product_coupon_name+order_product_coupon_no+product_coupon_type_no,3,3,3,125870,0,41956.666666666664
2025-06-25,SILVER,쿠폰 사용,쿠폰명 미확인,coupon_name+order_coupon_name+coupon_code+order_coupon_no+order_product_coupon_name+order_product_coupon_no+product_coupon_type_no,7,7,9,833880,124000,119125.71428571429
2025-06-25,SILVER,쿠폰 미사용,쿠폰 미사용,coupon_name+order_coupon_name+coupon_code+order_coupon_no+order_product_coupon_name+order_product_coupon_no+product_coupon_type_no,2,2,2,141540,0,70770.0
2025-06-26,FAMILY,쿠폰 사용,쿠폰명 미확인,coupon_name+order_coupon_name+coupon_code+order_coupon_no+order_product_coupon_name+order_product_coupon_no+product_coupon_type_no,41,41,47,3715380,735180,90619.0243902439
2025-06-26,FAMILY,쿠폰 미사용,쿠폰 미사용,coupon_name+order_coupon_name+coupon_code+order_coupon_no+order_product_coupon_name+order_product_coupon_no+product_coupon_type_no,19,18,21,1211830,0,63780.52631578947
2025-06-26,GOLD,쿠폰 사용,쿠폰명 미확인,coupon_name+order_coupon_name+coupon_code+order_coupon_no+order_product_coupon_name+order_product_coupon_no+product_coupon_type_no,2,2,2,141980,44520,70990.0
2025-06-26,GOLD,쿠폰 미사용,쿠폰 미사용,coupon_name+order_coupon_name+coupon_code+order_coupon_no+order_product_coupon_name+order_product_coupon_no+product_coupon_type_no,1,1,1,41000,0,41000.0
2025-06-26,SILVER,쿠폰 미사용,쿠폰 미사용,coupon_name+order_coupon_name+coupon_code+order_coupon_no+order_product_coupon_name+order_product_coupon_no+product_coupon_type_no,1,1,1,49280,0,49280.0
2025-06-26,TITANIUM,쿠폰 사용,쿠폰명 미확인,coupon_name+order_coupon_name+coupon_code+order_coupon_no+order_product_coupon_name+order_product_coupon_no+product_coupon_type_no,1,1,5,364300,40000,364300.0
2025-06-27,FAMILY,쿠폰 사용,쿠폰명 미확인,coupon_name+order_coupon_name+coupon_code+order_coupon_no+order_product_coupon_name+order_product_coupon_no+product_coupon_type_no,162,158,177,8332410,1414360,51434.62962962963
2025-06-27,FAMILY,쿠폰 미사용,쿠폰 미사용,coupon_name+order_coupon_name+coupon_code+order_coupon_no+order_product_coupon_name+order_product_coupon_no+product_coupon_type_no,32,28,35,1912020,0,59750.625
2025-06-27,GOLD,쿠폰 사용,쿠폰명 미확인,coupon_name+order_coupon_name+coupon_code+order_coupon_no+order_product_coupon_name+order_product_coupon_no+product_coupon_type_no,1,1,14,2278980,259220,2278980.0
2025-06-27,SILVER,쿠폰 사용,쿠폰명 미확인,coupon_name+order_coupon_name+coupon_code+order_coupon_no+order_product_coupon_name+order_product_coupon_no+product_coupon_type_no,2,2,3,323360,30000,161680.0
2025-06-27,SILVER,쿠폰 미사용,쿠폰 미사용,coupon_name+order_coupon_name+coupon_code+order_coupon_no+order_product_coupon_name+order_product_coupon_no+product_coupon_type_no,3,2,3,253700,0,84566.66666666667
2025-06-28,FAMILY,쿠폰 사용,쿠폰명 미확인,coupon_name+order_coupon_name+coupon_code+order_coupon_no+order_product_coupon_name+order_product_coupon_no+product_coupon_type_no,55,52,69,4063990,914890,73890.72727272728
2025-06-28,FAMILY,쿠폰 미사용,쿠폰 미사용,coupon_name+order_coupon_name+coupon_code+order_coupon_no+order_product_coupon_name+order_product_coupon_no+product_coupon_type_no,18,18,19,742820,0,41267.77777777778
2025-06-28,SILVER,쿠폰 미사용,쿠폰 미사용,coupon_name+order_coupon_name+coupon_code+order_coupon_no+order_product_coupon_name+order_product_coupon_no+product_coupon_type_no,2,2,7,529340,0,264670.0
2025-06-28,SILVER,쿠폰 사용,쿠폰명 미확인,coupon_name+order_coupon_name+coupon_code+order_coupon_no+order_product_coupon_name+order_product_coupon_no+product_coupon_type_no,3,3,7,446750,82930,148916.66666666666
2025-06-29,FAMILY,쿠폰 사용,쿠폰명 미확인,coupon_name+order_coupon_name+coupon_code+order_coupon_no+order_product_coupon_name+order_product_coupon_no+product_coupon_type_no,57,57,61,3564030,612850,62526.84210526316
2025-06-29,FAMILY,쿠폰 미사용,쿠폰 미사용,coupon_name+order_coupon_name+coupon_code+order_coupon_no+order_product_coupon_name+order_product_coupon_no+product_coupon_type_no,19,18,19,1222560,0,64345.26315789474
2025-06-29,GOLD,쿠폰 사용,쿠폰명 미확인,coupon_name+order_coupon_name+coupon_code+order_coupon_no+order_product_coupon_name+order_product_coupon_no+product_coupon_type_no,1,1,3,218240,20000,218240.0
2025-06-29,GOLD,쿠폰 미사용,쿠폰 미사용,coupon_name+order_coupon_name+coupon_code+order_coupon_no+order_product_coupon_name+order_product_coupon_no+product_coupon_type_no,2,2,3,113440,0,56720.0
2025-06-29,SILVER,쿠폰 사용,쿠폰명 미확인,coupon_name+order_coupon_name+coupon_code+order_coupon_no+order_product_coupon_name+order_product_coupon_no+product_coupon_type_no,1,1,2,127930,20000,127930.0
2025-06-29,SILVER,쿠폰 미사용,쿠폰 미사용,coupon_name+order_coupon_name+coupon_code+order_coupon_no+order_product_coupon_name+order_product_coupon_no+product_coupon_type_no,1,1,2,7000,0,7000.0
2025-06-29,TITANIUM,쿠폰 사용,쿠폰명 미확인,coupon_name+order_coupon_name+coupon_code+order_coupon_no+order_product_coupon_name+order_product_coupon_no+product_coupon_type_no,1,1,1,106930,10000,106930.0
2025-06-29,TITANIUM,쿠폰 미사용,쿠폰 미사용,coupon_name+order_coupon_name+coupon_code+order_coupon_no+order_product_coupon_name+order_product_coupon_no+product_coupon_type_no,1,1,1,49500,0,49500.0
2025-06-30,FAMILY,쿠폰 사용,쿠폰명 미확인,coupon_name+order_coupon_name+coupon_code+order_coupon_no+order_product_coupon_name+order_product_coupon_no+product_coupon_type_no,55,55,147,7781820,3298930,141487.63636363635
2025-06-30,FAMILY,쿠폰 미사용,쿠폰 미사용,coupon_name+order_coupon_name+coupon_code+order_coupon_no+order_product_coupon_name+order_product_coupon_no+product_coupon_type_no,23,22,33,1910810,0,83078.69565217392
2025-06-30,GOLD,쿠폰 미사용,쿠폰 미사용,coupon_name+order_coupon_name+coupon_code+order_coupon_no+order_product_coupon_name+order_product_coupon_no+product_coupon_type_no,2,1,2,82000,0,41000.0
2025-06-30,SILVER,쿠폰 사용,쿠폰명 미확인,coupon_name+order_coupon_name+coupon_code+order_coupon_no+order_product_coupon_name+order_product_coupon_no+product_coupon_type_no,3,3,5,574360,100870,191453.33333333334
2025-06-30,SILVER,쿠폰 미사용,쿠폰 미사용,coupon_name+order_coupon_name+coupon_code+order_coupon_no+order_product_coupon_name+order_product_coupon_no+product_coupon_type_no,3,3,3,229400,0,76466.66666666667
2025-07-01,FAMILY,쿠폰 사용,쿠폰명 미확인,coupon_name+order_coupon_name+coupon_code+order_coupon_no+order_product_coupon_name+order_product_coupon_no+product_coupon_type_no,42,42,63,3748930,906280,89260.23809523809
2025-07-01,FAMILY,쿠폰 미사용,쿠폰 미사용,coupon_name+order_coupon_name+coupon_code+order_coupon_no+order_product_coupon_name+order_product_coupon_no+product_coupon_type_no,19,19,27,1552760,0,81724.21052631579
2025-07-01,GOLD,쿠폰 미사용,쿠폰 미사용,coupon_name+order_coupon_name+coupon_code+order_coupon_no+order_product_coupon_name+order_product_coupon_no+product_coupon_type_no,1,1,1,62300,0,62300.0
2025-07-01,SILVER,쿠폰 사용,쿠폰명 미확인,coupon_name+order_coupon_name+coupon_code+order_coupon_no+order_product_coupon_name+order_product_coupon_no+product_coupon_type_no,5,5,9,620230,83000,124046.0
2025-07-01,SILVER,쿠폰 미사용,쿠폰 미사용,coupon_name+order_coupon_name+coupon_code+order_coupon_no+order_product_coupon_name+order_product_coupon_no+product_coupon_type_no,2,2,3,119290,0,59645.0
2025-07-02,FAMILY,쿠폰 사용,쿠폰명 미확인,coupon_name+order_coupon_name+coupon_code+order_coupon_no+order_product_coupon_name+order_product_coupon_no+product_coupon_type_no,53,53,66,3909250,785220,73759.43396226416
2025-07-02,FAMILY,쿠폰 미사용,쿠폰 미사용,coupon_name+order_coupon_name+coupon_code+order_coupon_no+order_product_coupon_name+order_product_coupon_no+product_coupon_type_no,21,20,30,1343580,0,63980.0
2025-07-02,SILVER,쿠폰 미사용,쿠폰 미사용,coupon_name+order_coupon_name+coupon_code+order_coupon_no+order_product_coupon_name+order_product_coupon_no+product_coupon_type_no,5,5,10,833970,0,166794.0
2025-07-03,FAMILY,쿠폰 사용,쿠폰명 미확인,coupon_name+order_coupon_name+coupon_code+order_coupon_no+order_product_coupon_name+order_product_coupon_no+product_coupon_type_no,49,49,62,3884430,739440,79274.08163265306
2025-07-03,FAMILY,쿠폰 미사용,쿠폰 미사용,coupon_name+order_coupon_name+coupon_code+order_coupon_no+order_product_coupon_name+order_product_coupon_no+product_coupon_type_no,22,21,24,991150,0,45052.27272727273
2025-07-03,SILVER,쿠폰 사용,쿠폰명 미확인,coupon_name+order_coupon_name+coupon_code+order_coupon_no+order_product_coupon_name+order_product_coupon_no+product_coupon_type_no,3,3,6,345820,77200,115273.33333333333
2025-07-03,SILVER,쿠폰 미사용,쿠폰 미사용,coupon_name+order_coupon_name+coupon_code+order_coupon_no+order_product_coupon_name+order_product_coupon_no+product_coupon_type_no,4,4,4,237210,0,59302.5
2025-07-04,FAMILY,쿠폰 사용,쿠폰명 미확인,coupon_name+order_coupon_name+coupon_code+order_coupon_no+order_product_coupon_name+order_product_coupon_no+product_coupon_type_no,49,48,68,3600620,625840,73482.04081632652
2025-07-04,FAMILY,쿠폰 미사용,쿠폰 미사용,coupon_name+order_coupon_name+coupon_code+order_coupon_no+order_product_coupon_name+order_product_coupon_no+product_coupon_type_no,37,36,44,2214330,0,59846.75675675676
2025-07-04,GOLD,쿠폰 미사용,쿠폰 미사용,coupon_name+order_coupon_name+coupon_code+order_coupon_no+order_product_coupon_name+order_product_coupon_no+product_coupon_type_no,3,3,5,281950,0,93983.33333333333
2025-07-04,SILVER,쿠폰 사용,쿠폰명 미확인,coupon_name+order_coupon_name+coupon_code+order_coupon_no+order_product_coupon_name+order_product_coupon_no+product_coupon_type_no,6,6,18,1196730,110000,199455.0
2025-07-04,SILVER,쿠폰 미사용,쿠폰 미사용,coupon_name+order_coupon_name+coupon_code+order_coupon_no+order_product_coupon_name+order_product_coupon_no+product_coupon_type_no,9,8,18,888100,0,98677.77777777778
2025-07-05,FAMILY,쿠폰 사용,쿠폰명 미확인,coupon_name+order_coupon_name+coupon_code+order_coupon_no+order_product_coupon_name+order_product_coupon_no+product_coupon_type_no,43,43,67,4068210,681650,94609.53488372093
2025-07-05,FAMILY,쿠폰 미사용,쿠폰 미사용,coupon_name+order_coupon_name+coupon_code+order_coupon_no+order_product_coupon_name+order_product_coupon_no+product_coupon_type_no,24,24,29,1681570,0,70065.41666666667
2025-07-05,SILVER,쿠폰 미사용,쿠폰 미사용,coupon_name+order_coupon_name+coupon_code+order_coupon_no+order_product_coupon_name+order_product_coupon_no+product_coupon_type_no,3,3,7,528980,0,176326.66666666666
2025-07-05,SILVER,쿠폰 사용,쿠폰명 미확인,coupon_name+order_coupon_name+coupon_code+order_coupon_no+order_product_coupon_name+order_product_coupon_no+product_coupon_type_no,4,4,9,519250,63980,129812.5
2025-07-06,FAMILY,쿠폰 사용,쿠폰명 미확인,coupon_name+order_coupon_name+coupon_code+order_coupon_no+order_product_coupon_name+order_product_coupon_no+product_coupon_type_no,56,56,72,4305790,698030,76889.10714285714
2025-07-06,FAMILY,쿠폰 미사용,쿠폰 미사용,coupon_name+order_coupon_name+coupon_code+order_coupon_no+order_product_coupon_name+order_product_coupon_no+product_coupon_type_no,36,36,47,2347310,0,65203.055555555555
2025-07-06,SILVER,쿠폰 사용,쿠폰명 미확인,coupon_name+order_coupon_name+coupon_code+order_coupon_no+order_product_coupon_name+order_product_coupon_no+product_coupon_type_no,3,3,8,598250,107690,199416.66666666666
2025-07-06,SILVER,쿠폰 미사용,쿠폰 미사용,coupon_name+order_coupon_name+coupon_code+order_coupon_no+order_product_coupon_name+order_product_coupon_no+product_coupon_type_no,3,3,4,280590,0,93530.0
2025-07-07,FAMILY,쿠폰 사용,쿠폰명 미확인,coupon_name+order_coupon_name+coupon_code+order_coupon_no+order_product_coupon_name+order_product_coupon_no+product_coupon_type_no,54,54,72,4279305,640345,79246.38888888889
2025-07-07,FAMILY,쿠폰 미사용,쿠폰 미사용,coupon_name+order_coupon_name+coupon_code+order_coupon_no+order_product_coupon_name+order_product_coupon_no+product_coupon_type_no,39,39,55,2949350,0,75624.35897435897
2025-07-07,GOLD,쿠폰 미사용,쿠폰 미사용,coupon_name+order_coupon_name+coupon_code+order_coupon_no+order_product_coupon_name+order_product_coupon_no+product_coupon_type_no,2,2,2,201510,0,100755.0
2025-07-07,GOLD,쿠폰 사용,쿠폰명 미확인,coupon_name+order_coupon_name+coupon_code+order_coupon_no+order_product_coupon_name+order_product_coupon_no+product_coupon_type_no,1,1,1,38950,2050,38950.0
2025-07-07,SILVER,쿠폰 미사용,쿠폰 미사용,coupon_name+order_coupon_name+coupon_code+order_coupon_no+order_product_coupon_name+order_product_coupon_no+product_coupon_type_no,10,9,17,601650,0,60165.0
2025-07-07,SILVER,쿠폰 사용,쿠폰명 미확인,coupon_name+order_coupon_name+coupon_code+order_coupon_no+order_product_coupon_name+order_product_coupon_no+product_coupon_type_no,3,3,4,285290,30000,95096.66666666667
2025-07-07,TITANIUM,쿠폰 미사용,쿠폰 미사용,coupon_name+order_coupon_name+coupon_code+order_coupon_no+order_product_coupon_name+order_product_coupon_no+product_coupon_type_no,1,1,2,194750,0,194750.0
2025-07-08,FAMILY,쿠폰 사용,쿠폰명 미확인,coupon_name+order_coupon_name+coupon_code+order_coupon_no+order_product_coupon_name+order_product_coupon_no+product_coupon_type_no,71,71,103,5801425,1186155,81710.21126760563
2025-07-08,FAMILY,쿠폰 미사용,쿠폰 미사용,coupon_name+order_coupon_name+coupon_code+order_coupon_no+order_product_coupon_name+order_product_coupon_no+product_coupon_type_no,32,32,40,2584000,0,80750.0
2025-07-08,GOLD,쿠폰 미사용,쿠폰 미사용,coupon_name+order_coupon_name+coupon_code+order_coupon_no+order_product_coupon_name+order_product_coupon_no+product_coupon_type_no,1,1,3,175100,0,175100.0
2025-07-08,SILVER,쿠폰 미사용,쿠폰 미사용,coupon_name+order_coupon_name+coupon_code+order_coupon_no+order_product_coupon_name+order_product_coupon_no+product_coupon_type_no,7,7,11,717840,0,102548.57142857143
2025-07-08,SILVER,쿠폰 사용,쿠폰명 미확인,coupon_name+order_coupon_name+coupon_code+order_coupon_no+order_product_coupon_name+order_product_coupon_no+product_coupon_type_no,1,1,1,80275,4225,80275.0
2025-07-09,FAMILY,쿠폰 사용,쿠폰명 미확인,coupon_name+order_coupon_name+coupon_code+order_coupon_no+order_product_coupon_name+order_product_coupon_no+product_coupon_type_no,75,69,108,8821495,1028825,117619.93333333333
2025-07-09,FAMILY,쿠폰 미사용,쿠폰 미사용,coupon_name+order_coupon_name+coupon_code+order_coupon_no+order_product_coupon_name+order_product_coupon_no+product_coupon_type_no,41,41,64,3546210,0,86492.9268292683
2025-07-09,GOLD,쿠폰 미사용,쿠폰 미사용,coupon_name+order_coupon_name+coupon_code+order_coupon_no+order_product_coupon_name+order_product_coupon_no+product_coupon_type_no,2,2,3,214210,0,107105.0
2025-07-09,SILVER,쿠폰 사용,쿠폰명 미확인,coupon_name+order_coupon_name+coupon_code+order_coupon_no+order_product_coupon_name+order_product_coupon_no+product_coupon_type_no,10,9,25,2356945,172135,235694.5
2025-07-09,SILVER,쿠폰 미사용,쿠폰 미사용,coupon_name+order_coupon_name+coupon_code+order_coupon_no+order_product_coupon_name+order_product_coupon_no+product_coupon_type_no,12,12,23,1200810,0,100067.5
2025-07-10,FAMILY,쿠폰 사용,쿠폰명 미확인,coupon_name+order_coupon_name+coupon_code+order_coupon_no+order_product_coupon_name+order_product_coupon_no+product_coupon_type_no,44,44,57,4088865,711785,92928.75
2025-07-10,FAMILY,쿠폰 미사용,쿠폰 미사용,coupon_name+order_coupon_name+coupon_code+order_coupon_no+order_product_coupon_name+order_product_coupon_no+product_coupon_type_no,34,34,51,3270120,0,96180.0
2025-07-10,SILVER,쿠폰 미사용,쿠폰 미사용,coupon_name+order_coupon_name+coupon_code+order_coupon_no+order_product_coupon_name+order_product_coupon_no+product_coupon_type_no,10,10,20,1114070,0,111407.0
2025-07-10,SILVER,쿠폰 사용,쿠폰명 미확인,coupon_name+order_coupon_name+coupon_code+order_coupon_no+order_product_coupon_name+order_product_coupon_no+product_coupon_type_no,5,5,5,478525,39425,95705.0
2025-07-11,FAMILY,쿠폰 사용,쿠폰명 미확인,coupon_name+order_coupon_name+coupon_code+order_coupon_no+order_product_coupon_name+order_product_coupon_no+product_coupon_type_no,52,50,64,4590395,638935,88276.82692307692
2025-07-11,FAMILY,쿠폰 미사용,쿠폰 미사용,coupon_name+order_coupon_name+coupon_code+order_coupon_no+order_product_coupon_name+order_product_coupon_no+product_coupon_type_no,23,23,38,1720780,0,74816.52173913043
2025-07-11,GOLD,쿠폰 미사용,쿠폰 미사용,coupon_name+order_coupon_name+coupon_code+order_coupon_no+order_product_coupon_name+order_product_coupon_no+product_coupon_type_no,1,1,3,187500,0,187500.0
2025-07-11,SILVER,쿠폰 미사용,쿠폰 미사용,coupon_name+order_coupon_name+coupon_code+order_coupon_no+order_product_coupon_name+order_product_coupon_no+product_coupon_type_no,5,5,9,471320,0,94264.0
2025-07-11,SILVER,쿠폰 사용,쿠폰명 미확인,coupon_name+order_coupon_name+coupon_code+order_coupon_no+order_product_coupon_name+order_product_coupon_no+product_coupon_type_no,3,3,6,453955,28425,151318.33333333334
2025-07-12,FAMILY,쿠폰 사용,쿠폰명 미확인,coupon_name+order_coupon_name+coupon_code+order_coupon_no+order_product_coupon_name+order_product_coupon_no+product_coupon_type_no,34,33,46,3008640,424880,88489.41176470589
2025-07-12,FAMILY,쿠폰 미사용,쿠폰 미사용,coupon_name+order_coupon_name+coupon_code+order_coupon_no+order_product_coupon_name+order_product_coupon_no+product_coupon_type_no,27,27,38,2208290,0,81788.51851851853
2025-07-12,SILVER,쿠폰 미사용,쿠폰 미사용,coupon_name+order_coupon_name+coupon_code+order_coupon_no+order_product_coupon_name+order_product_coupon_no+product_coupon_type_no,9,6,21,1376450,0,152938.88888888888
2025-07-12,SILVER,쿠폰 사용,쿠폰명 미확인,coupon_name+order_coupon_name+coupon_code+order_coupon_no+order_product_coupon_name+order_product_coupon_no+product_coupon_type_no,4,4,8,794985,40745,198746.25
2025-07-13,FAMILY,쿠폰 사용,쿠폰명 미확인,coupon_name+order_coupon_name+coupon_code+order_coupon_no+order_product_coupon_name+order_product_coupon_no+product_coupon_type_no,55,55,88,4706095,733615,85565.36363636363
2025-07-13,FAMILY,쿠폰 미사용,쿠폰 미사용,coupon_name+order_coupon_name+coupon_code+order_coupon_no+order_product_coupon_name+order_product_coupon_no+product_coupon_type_no,24,24,36,2067880,0,86161.66666666667
2025-07-13,GOLD,쿠폰 사용,쿠폰명 미확인,coupon_name+order_coupon_name+coupon_code+order_coupon_no+order_product_coupon_name+order_product_coupon_no+product_coupon_type_no,1,1,1,257805,13975,257805.0
2025-07-13,GOLD,쿠폰 미사용,쿠폰 미사용,coupon_name+order_coupon_name+coupon_code+order_coupon_no+order_product_coupon_name+order_product_coupon_no+product_coupon_type_no,1,1,1,53680,0,53680.0
2025-07-13,SILVER,쿠폰 미사용,쿠폰 미사용,coupon_name+order_coupon_name+coupon_code+order_coupon_no+order_product_coupon_name+order_product_coupon_no+product_coupon_type_no,6,6,10,502940,0,83823.33333333333
2025-07-13,SILVER,쿠폰 사용,쿠폰명 미확인,coupon_name+order_coupon_name+coupon_code+order_coupon_no+order_product_coupon_name+order_product_coupon_no+product_coupon_type_no,2,2,3,127680,15440,63840.0
2025-07-14,FAMILY,쿠폰 사용,쿠폰명 미확인,coupon_name+order_coupon_name+coupon_code+order_coupon_no+order_product_coupon_name+order_product_coupon_no+product_coupon_type_no,47,40,59,4580940,615700,97466.8085106383
2025-07-14,FAMILY,쿠폰 미사용,쿠폰 미사용,coupon_name+order_coupon_name+coupon_code+order_coupon_no+order_product_coupon_name+order_product_coupon_no+product_coupon_type_no,19,19,26,1565970,0,82419.47368421052
2025-07-14,GOLD,쿠폰 미사용,쿠폰 미사용,coupon_name+order_coupon_name+coupon_code+order_coupon_no+order_product_coupon_name+order_product_coupon_no+product_coupon_type_no,1,1,2,259300,0,259300.0
2025-07-14,GOLD,쿠폰 사용,쿠폰명 미확인,coupon_name+order_coupon_name+coupon_code+order_coupon_no+order_product_coupon_name+order_product_coupon_no+product_coupon_type_no,1,1,1,30880,3250,30880.0
2025-07-14,SILVER,쿠폰 미사용,쿠폰 미사용,coupon_name+order_coupon_name+coupon_code+order_coupon_no+order_product_coupon_name+order_product_coupon_no+product_coupon_type_no,6,6,12,834870,0,139145.0
2025-07-14,SILVER,쿠폰 사용,쿠폰명 미확인,coupon_name+order_coupon_name+coupon_code+order_coupon_no+order_product_coupon_name+order_product_coupon_no+product_coupon_type_no,2,2,2,234020,20000,117010.0
2025-07-14,TITANIUM,쿠폰 미사용,쿠폰 미사용,coupon_name+order_coupon_name+coupon_code+order_coupon_no+order_product_coupon_name+order_product_coupon_no+product_coupon_type_no,1,1,3,127240,0,127240.0
2025-07-14,TITANIUM,쿠폰 사용,쿠폰명 미확인,coupon_name+order_coupon_name+coupon_code+order_coupon_no+order_product_coupon_name+order_product_coupon_no+product_coupon_type_no,1,1,1,124980,10000,124980.0
2025-07-15,FAMILY,쿠폰 사용,쿠폰명 미확인,coupon_name+order_coupon_name+coupon_code+order_coupon_no+order_product_coupon_name+order_product_coupon_no+product_coupon_type_no,37,35,44,2978145,428975,80490.4054054054
2025-07-15,FAMILY,쿠폰 미사용,쿠폰 미사용,coupon_name+order_coupon_name+coupon_code+order_coupon_no+order_product_coupon_name+order_product_coupon_no+product_coupon_type_no,18,16,21,1227710,0,68206.11111111111
2025-07-15,SILVER,쿠폰 사용,쿠폰명 미확인,coupon_name+order_coupon_name+coupon_code+order_coupon_no+order_product_coupon_name+order_product_coupon_no+product_coupon_type_no,6,6,10,1153865,109865,192310.83333333334
2025-07-15,SILVER,쿠폰 미사용,쿠폰 미사용,coupon_name+order_coupon_name+coupon_code+order_coupon_no+order_product_coupon_name+order_product_coupon_no+product_coupon_type_no,10,10,16,1074360,0,107436.0
2025-07-15,TITANIUM,쿠폰 미사용,쿠폰 미사용,coupon_name+order_coupon_name+coupon_code+order_coupon_no+order_product_coupon_name+order_product_coupon_no+product_coupon_type_no,1,1,3,257010,0,257010.0
2025-07-15,TITANIUM,쿠폰 사용,쿠폰명 미확인,coupon_name+order_coupon_name+coupon_code+order_coupon_no+order_product_coupon_name+order_product_coupon_no+product_coupon_type_no,1,1,2,158690,59600,158690.0
2025-07-16,FAMILY,쿠폰 사용,쿠폰명 미확인,coupon_name+order_coupon_name+coupon_code+order_coupon_no+order_product_coupon_name+order_product_coupon_no+product_coupon_type_no,59,58,79,5490110,920600,93052.71186440678
2025-07-16,FAMILY,쿠폰 미사용,쿠폰 미사용,coupon_name+order_coupon_name+coupon_code+order_coupon_no+order_product_coupon_name+order_product_coupon_no+product_coupon_type_no,22,22,25,1071100,0,48686.36363636364
2025-07-16,SILVER,쿠폰 사용,쿠폰명 미확인,coupon_name+order_coupon_name+coupon_code+order_coupon_no+order_product_coupon_name+order_product_coupon_no+product_coupon_type_no,5,5,8,1187220,137870,237444.0
2025-07-16,SILVER,쿠폰 미사용,쿠폰 미사용,coupon_name+order_coupon_name+coupon_code+order_coupon_no+order_product_coupon_name+order_product_coupon_no+product_coupon_type_no,5,5,8,709830,0,141966.0
2025-07-16,TITANIUM,쿠폰 사용,쿠폰명 미확인,coupon_name+order_coupon_name+coupon_code+order_coupon_no+order_product_coupon_name+order_product_coupon_no+product_coupon_type_no,1,1,11,1039775,54725,1039775.0
2025-07-16,TITANIUM,쿠폰 미사용,쿠폰 미사용,coupon_name+order_coupon_name+coupon_code+order_coupon_no+order_product_coupon_name+order_product_coupon_no+product_coupon_type_no,2,1,4,398000,0,199000.0
2025-07-17,FAMILY,쿠폰 사용,쿠폰명 미확인,coupon_name+order_coupon_name+coupon_code+order_coupon_no+order_product_coupon_name+order_product_coupon_no+product_coupon_type_no,85,81,123,8388035,1569055,98682.76470588235
2025-07-17,FAMILY,쿠폰 미사용,쿠폰 미사용,coupon_name+order_coupon_name+coupon_code+order_coupon_no+order_product_coupon_name+order_product_coupon_no+product_coupon_type_no,47,46,60,3875710,0,82461.91489361702
2025-07-17,SILVER,쿠폰 사용,쿠폰명 미확인,coupon_name+order_coupon_name+coupon_code+order_coupon_no+order_product_coupon_name+order_product_coupon_no+product_coupon_type_no,7,7,26,1509215,134265,215602.14285714287
2025-07-17,SILVER,쿠폰 미사용,쿠폰 미사용,coupon_name+order_coupon_name+coupon_code+order_coupon_no+order_product_coupon_name+order_product_coupon_no+product_coupon_type_no,11,11,16,1063050,0,96640.90909090909
2025-07-18,FAMILY,쿠폰 사용,쿠폰명 미확인,coupon_name+order_coupon_name+coupon_code+order_coupon_no+order_product_coupon_name+order_product_coupon_no+product_coupon_type_no,49,48,57,4225785,823205,86240.51020408163
2025-07-18,FAMILY,쿠폰 미사용,쿠폰 미사용,coupon_name+order_coupon_name+coupon_code+order_coupon_no+order_product_coupon_name+order_product_coupon_no+product_coupon_type_no,27,27,37,1876640,0,69505.18518518518
2025-07-18,GOLD,쿠폰 미사용,쿠폰 미사용,coupon_name+order_coupon_name+coupon_code+order_coupon_no+order_product_coupon_name+order_product_coupon_no+product_coupon_type_no,2,2,2,128410,0,64205.0
2025-07-18,SILVER,쿠폰 사용,쿠폰명 미확인,coupon_name+order_coupon_name+coupon_code+order_coupon_no+order_product_coupon_name+order_product_coupon_no+product_coupon_type_no,6,6,10,961240,120400,160206.66666666666
2025-07-18,SILVER,쿠폰 미사용,쿠폰 미사용,coupon_name+order_coupon_name+coupon_code+order_coupon_no+order_product_coupon_name+order_product_coupon_no+product_coupon_type_no,7,7,7,328860,0,46980.0
2025-07-18,TITANIUM,쿠폰 미사용,쿠폰 미사용,coupon_name+order_coupon_name+coupon_code+order_coupon_no+order_product_coupon_name+order_product_coupon_no+product_coupon_type_no,2,2,6,494400,0,247200.0
2025-07-19,FAMILY,쿠폰 사용,쿠폰명 미확인,coupon_name+order_coupon_name+coupon_code+order_coupon_no+order_product_coupon_name+order_product_coupon_no+product_coupon_type_no,47,47,63,4222390,603540,89838.08510638298
2025-07-19,FAMILY,쿠폰 미사용,쿠폰 미사용,coupon_name+order_coupon_name+coupon_code+order_coupon_no+order_product_coupon_name+order_product_coupon_no+product_coupon_type_no,23,22,26,1793370,0,77972.60869565218
2025-07-19,SILVER,쿠폰 사용,쿠폰명 미확인,coupon_name+order_coupon_name+coupon_code+order_coupon_no+order_product_coupon_name+order_product_coupon_no+product_coupon_type_no,6,5,8,526880,48880,87813.33333333333
2025-07-20,FAMILY,쿠폰 사용,쿠폰명 미확인,coupon_name+order_coupon_name+coupon_code+order_coupon_no+order_product_coupon_name+order_product_coupon_no+product_coupon_type_no,55,55,72,4280140,784460,77820.72727272728
2025-07-20,FAMILY,쿠폰 미사용,쿠폰 미사용,coupon_name+order_coupon_name+coupon_code+order_coupon_no+order_product_coupon_name+order_product_coupon_no+product_coupon_type_no,32,32,45,2520830,0,78775.9375
2025-07-20,GOLD,쿠폰 사용,쿠폰명 미확인,coupon_name+order_coupon_name+coupon_code+order_coupon_no+order_product_coupon_name+order_product_coupon_no+product_coupon_type_no,1,1,1,265525,13975,265525.0
2025-07-20,SILVER,쿠폰 미사용,쿠폰 미사용,coupon_name+order_coupon_name+coupon_code+order_coupon_no+order_product_coupon_name+order_product_coupon_no+product_coupon_type_no,5,5,11,897110,0,179422.0
2025-07-20,SILVER,쿠폰 사용,쿠폰명 미확인,coupon_name+order_coupon_name+coupon_code+order_coupon_no+order_product_coupon_name+order_product_coupon_no+product_coupon_type_no,3,3,4,316475,18975,105491.66666666667
2025-07-21,FAMILY,쿠폰 사용,쿠폰명 미확인,coupon_name+order_coupon_name+coupon_code+order_coupon_no+order_product_coupon_name+order_product_coupon_no+product_coupon_type_no,48,48,62,3867480,803270,80572.5
2025-07-21,FAMILY,쿠폰 미사용,쿠폰 미사용,coupon_name+order_coupon_name+coupon_code+order_coupon_no+order_product_coupon_name+order_product_coupon_no+product_coupon_type_no,22,22,25,1591720,0,72350.90909090909
2025-07-21,GOLD,쿠폰 사용,쿠폰명 미확인,coupon_name+order_coupon_name+coupon_code+order_coupon_no+order_product_coupon_name+order_product_coupon_no+product_coupon_type_no,1,1,6,374380,46820,374380.0
2025-07-21,GOLD,쿠폰 미사용,쿠폰 미사용,coupon_name+order_coupon_name+coupon_code+order_coupon_no+order_product_coupon_name+order_product_coupon_no+product_coupon_type_no,2,2,2,133500,0,66750.0
2025-07-21,SILVER,쿠폰 미사용,쿠폰 미사용,coupon_name+order_coupon_name+coupon_code+order_coupon_no+order_product_coupon_name+order_product_coupon_no+product_coupon_type_no,8,7,16,1082620,0,135327.5
2025-07-21,SILVER,쿠폰 사용,쿠폰명 미확인,coupon_name+order_coupon_name+coupon_code+order_coupon_no+order_product_coupon_name+order_product_coupon_no+product_coupon_type_no,4,4,5,397370,50800,99342.5
2025-07-22,FAMILY,쿠폰 사용,쿠폰명 미확인,coupon_name+order_coupon_name+coupon_code+order_coupon_no+order_product_coupon_name+order_product_coupon_no+product_coupon_type_no,53,53,81,4771255,1034945,90023.67924528301
2025-07-22,FAMILY,쿠폰 미사용,쿠폰 미사용,coupon_name+order_coupon_name+coupon_code+order_coupon_no+order_product_coupon_name+order_product_coupon_no+product_coupon_type_no,22,22,28,1706390,0,77563.18181818182
2025-07-22,SILVER,쿠폰 사용,쿠폰명 미확인,coupon_name+order_coupon_name+coupon_code+order_coupon_no+order_product_coupon_name+order_product_coupon_no+product_coupon_type_no,3,3,4,861700,46150,287233.3333333333
2025-07-22,SILVER,쿠폰 미사용,쿠폰 미사용,coupon_name+order_coupon_name+coupon_code+order_coupon_no+order_product_coupon_name+order_product_coupon_no+product_coupon_type_no,3,3,5,337420,0,112473.33333333333
2025-07-23,FAMILY,쿠폰 사용,쿠폰명 미확인,coupon_name+order_coupon_name+coupon_code+order_coupon_no+order_product_coupon_name+order_product_coupon_no+product_coupon_type_no,42,42,118,8461345,839405,201460.59523809524
2025-07-23,FAMILY,쿠폰 미사용,쿠폰 미사용,coupon_name+order_coupon_name+coupon_code+order_coupon_no+order_product_coupon_name+order_product_coupon_no+product_coupon_type_no,27,26,34,2000980,0,74110.37037037036
2025-07-23,GOLD,쿠폰 미사용,쿠폰 미사용,coupon_name+order_coupon_name+coupon_code+order_coupon_no+order_product_coupon_name+order_product_coupon_no+product_coupon_type_no,1,1,1,7000,0,7000.0
2025-07-23,SILVER,쿠폰 사용,쿠폰명 미확인,coupon_name+order_coupon_name+coupon_code+order_coupon_no+order_product_coupon_name+order_product_coupon_no+product_coupon_type_no,6,6,10,994540,79240,165756.66666666666
2025-07-23,SILVER,쿠폰 미사용,쿠폰 미사용,coupon_name+order_coupon_name+coupon_code+order_coupon_no+order_product_coupon_name+order_product_coupon_no+product_coupon_type_no,6,6,8,349890,0,58315.0
2025-07-23,TITANIUM,쿠폰 미사용,쿠폰 미사용,coupon_name+order_coupon_name+coupon_code+order_coupon_no+order_product_coupon_name+order_product_coupon_no+product_coupon_type_no,1,1,1,64500,0,64500.0
2025-07-24,FAMILY,쿠폰 사용,쿠폰명 미확인,coupon_name+order_coupon_name+coupon_code+order_coupon_no+order_product_coupon_name+order_product_coupon_no+product_coupon_type_no,40,40,99,8012720,751750,200318.0
2025-07-24,FAMILY,쿠폰 미사용,쿠폰 미사용,coupon_name+order_coupon_name+coupon_code+order_coupon_no+order_product_coupon_name+order_product_coupon_no+product_coupon_type_no,24,23,31,1841210,0,76717.08333333333
2025-07-24,GOLD,쿠폰 미사용,쿠폰 미사용,coupon_name+order_coupon_name+coupon_code+order_coupon_no+order_product_coupon_name+order_product_coupon_no+product_coupon_type_no,1,1,4,200540,0,200540.0
2025-07-24,SILVER,쿠폰 사용,쿠폰명 미확인,coupon_name+order_coupon_name+coupon_code+order_coupon_no+order_product_coupon_name+order_product_coupon_no+product_coupon_type_no,1,1,12,903150,105350,903150.0
2025-07-24,SILVER,쿠폰 미사용,쿠폰 미사용,coupon_name+order_coupon_name+coupon_code+order_coupon_no+order_product_coupon_name+order_product_coupon_no+product_coupon_type_no,2,2,4,131070,0,65535.0
2025-07-25,FAMILY,쿠폰 사용,쿠폰명 미확인,coupon_name+order_coupon_name+coupon_code+order_coupon_no+order_product_coupon_name+order_product_coupon_no+product_coupon_type_no,39,39,47,3292695,531835,84428.07692307692
2025-07-25,FAMILY,쿠폰 미사용,쿠폰 미사용,coupon_name+order_coupon_name+coupon_code+order_coupon_no+order_product_coupon_name+order_product_coupon_no+product_coupon_type_no,24,24,35,1500630,0,62526.25
2025-07-25,GOLD,쿠폰 미사용,쿠폰 미사용,coupon_name+order_coupon_name+coupon_code+order_coupon_no+order_product_coupon_name+order_product_coupon_no+product_coupon_type_no,1,1,1,49000,0,49000.0
2025-07-25,SILVER,쿠폰 사용,쿠폰명 미확인,coupon_name+order_coupon_name+coupon_code+order_coupon_no+order_product_coupon_name+order_product_coupon_no+product_coupon_type_no,2,1,7,405000,203400,202500.0
2025-07-25,SILVER,쿠폰 미사용,쿠폰 미사용,coupon_name+order_coupon_name+coupon_code+order_coupon_no+order_product_coupon_name+order_product_coupon_no+product_coupon_type_no,1,1,1,73230,0,73230.0
2025-07-26,FAMILY,쿠폰 사용,쿠폰명 미확인,coupon_name+order_coupon_name+coupon_code+order_coupon_no+order_product_coupon_name+order_product_coupon_no+product_coupon_type_no,44,44,52,3758205,534945,85413.75
2025-07-26,FAMILY,쿠폰 미사용,쿠폰 미사용,coupon_name+order_coupon_name+coupon_code+order_coupon_no+order_product_coupon_name+order_product_coupon_no+product_coupon_type_no,32,31,43,2358980,0,73718.125
2025-07-26,SILVER,쿠폰 미사용,쿠폰 미사용,coupon_name+order_coupon_name+coupon_code+order_coupon_no+order_product_coupon_name+order_product_coupon_no+product_coupon_type_no,5,5,7,414210,0,82842.0
2025-07-26,SILVER,쿠폰 사용,쿠폰명 미확인,coupon_name+order_coupon_name+coupon_code+order_coupon_no+order_product_coupon_name+order_product_coupon_no+product_coupon_type_no,2,2,2,158930,16850,79465.0
2025-07-27,FAMILY,쿠폰 사용,쿠폰명 미확인,coupon_name+order_coupon_name+coupon_code+order_coupon_no+order_product_coupon_name+order_product_coupon_no+product_coupon_type_no,44,43,48,3049160,482640,69299.09090909091
2025-07-27,FAMILY,쿠폰 미사용,쿠폰 미사용,coupon_name+order_coupon_name+coupon_code+order_coupon_no+order_product_coupon_name+order_product_coupon_no+product_coupon_type_no,26,26,32,1386260,0,53317.692307692305
2025-07-27,GOLD,쿠폰 미사용,쿠폰 미사용,coupon_name+order_coupon_name+coupon_code+order_coupon_no+order_product_coupon_name+order_product_coupon_no+product_coupon_type_no,1,1,3,126740,0,126740.0
2025-07-27,GOLD,쿠폰 사용,쿠폰명 미확인,coupon_name+order_coupon_name+coupon_code+order_coupon_no+order_product_coupon_name+order_product_coupon_no+product_coupon_type_no,1,1,1,52480,5900,52480.0
2025-07-27,SILVER,쿠폰 사용,쿠폰명 미확인,coupon_name+order_coupon_name+coupon_code+order_coupon_no+order_product_coupon_name+order_product_coupon_no+product_coupon_type_no,3,3,4,431340,117400,143780.0
2025-07-27,SILVER,쿠폰 미사용,쿠폰 미사용,coupon_name+order_coupon_name+coupon_code+order_coupon_no+order_product_coupon_name+order_product_coupon_no+product_coupon_type_no,3,3,4,150620,0,50206.666666666664
2025-07-28,FAMILY,쿠폰 사용,쿠폰명 미확인,coupon_name+order_coupon_name+coupon_code+order_coupon_no+order_product_coupon_name+order_product_coupon_no+product_coupon_type_no,58,57,74,3963525,803695,68336.63793103448
2025-07-28,FAMILY,쿠폰 미사용,쿠폰 미사용,coupon_name+order_coupon_name+coupon_code+order_coupon_no+order_product_coupon_name+order_product_coupon_no+product_coupon_type_no,22,22,28,1258670,0,57212.27272727273
2025-07-28,GOLD,쿠폰 사용,쿠폰명 미확인,coupon_name+order_coupon_name+coupon_code+order_coupon_no+order_product_coupon_name+order_product_coupon_no+product_coupon_type_no,2,2,5,288120,47800,144060.0
2025-07-28,GOLD,쿠폰 미사용,쿠폰 미사용,coupon_name+order_coupon_name+coupon_code+order_coupon_no+order_product_coupon_name+order_product_coupon_no+product_coupon_type_no,2,2,3,176650,0,88325.0
2025-07-28,SILVER,쿠폰 미사용,쿠폰 미사용,coupon_name+order_coupon_name+coupon_code+order_coupon_no+order_product_coupon_name+order_product_coupon_no+product_coupon_type_no,6,6,10,399670,0,66611.66666666667
2025-07-28,SILVER,쿠폰 사용,쿠폰명 미확인,coupon_name+order_coupon_name+coupon_code+order_coupon_no+order_product_coupon_name+order_product_coupon_no+product_coupon_type_no,3,3,3,229500,47700,76500.0
2025-07-28,TITANIUM,쿠폰 미사용,쿠폰 미사용,coupon_name+order_coupon_name+coupon_code+order_coupon_no+order_product_coupon_name+order_product_coupon_no+product_coupon_type_no,1,1,4,162160,0,162160.0
2025-07-28,TITANIUM,쿠폰 사용,쿠폰명 미확인,coupon_name+order_coupon_name+coupon_code+order_coupon_no+order_product_coupon_name+order_product_coupon_no+product_coupon_type_no,1,1,1,30560,10000,30560.0
2025-07-29,FAMILY,쿠폰 사용,쿠폰명 미확인,coupon_name+order_coupon_name+coupon_code+order_coupon_no+order_product_coupon_name+order_product_coupon_no+product_coupon_type_no,53,52,75,4174585,775035,78765.75471698113
2025-07-29,FAMILY,쿠폰 미사용,쿠폰 미사용,coupon_name+order_coupon_name+coupon_code+order_coupon_no+order_product_coupon_name+order_product_coupon_no+product_coupon_type_no,22,22,26,1440660,0,65484.545454545456
2025-07-29,GOLD,쿠폰 미사용,쿠폰 미사용,coupon_name+order_coupon_name+coupon_code+order_coupon_no+order_product_coupon_name+order_product_coupon_no+product_coupon_type_no,3,3,3,206180,0,68726.66666666667
2025-07-29,SILVER,쿠폰 미사용,쿠폰 미사용,coupon_name+order_coupon_name+coupon_code+order_coupon_no+order_product_coupon_name+order_product_coupon_no+product_coupon_type_no,7,7,9,609910,0,87130.0
2025-07-29,SILVER,쿠폰 사용,쿠폰명 미확인,coupon_name+order_coupon_name+coupon_code+order_coupon_no+order_product_coupon_name+order_product_coupon_no+product_coupon_type_no,4,4,7,361550,89150,90387.5
2025-07-30,FAMILY,쿠폰 사용,쿠폰명 미확인,coupon_name+order_coupon_name+coupon_code+order_coupon_no+order_product_coupon_name+order_product_coupon_no+product_coupon_type_no,55,54,78,5027470,981080,91408.54545454546
2025-07-30,FAMILY,쿠폰 미사용,쿠폰 미사용,coupon_name+order_coupon_name+coupon_code+order_coupon_no+order_product_coupon_name+order_product_coupon_no+product_coupon_type_no,22,22,25,1221450,0,55520.454545454544
2025-07-30,GOLD,쿠폰 미사용,쿠폰 미사용,coupon_name+order_coupon_name+coupon_code+order_coupon_no+order_product_coupon_name+order_product_coupon_no+product_coupon_type_no,1,1,8,530380,0,530380.0
2025-07-30,GOLD,쿠폰 사용,쿠폰명 미확인,coupon_name+order_coupon_name+coupon_code+order_coupon_no+order_product_coupon_name+order_product_coupon_no+product_coupon_type_no,1,1,1,99620,25800,99620.0
2025-07-30,SILVER,쿠폰 사용,쿠폰명 미확인,coupon_name+order_coupon_name+coupon_code+order_coupon_no+order_product_coupon_name+order_product_coupon_no+product_coupon_type_no,6,6,16,1184740,168720,197456.66666666666
2025-07-30,SILVER,쿠폰 미사용,쿠폰 미사용,coupon_name+order_coupon_name+coupon_code+order_coupon_no+order_product_coupon_name+order_product_coupon_no+product_coupon_type_no,4,4,5,344770,0,86192.5
2025-07-30,TITANIUM,쿠폰 미사용,쿠폰 미사용,coupon_name+order_coupon_name+coupon_code+order_coupon_no+order_product_coupon_name+order_product_coupon_no+product_coupon_type_no,1,1,1,80540,0,80540.0
2025-07-31,FAMILY,쿠폰 사용,쿠폰명 미확인,coupon_name+order_coupon_name+coupon_code+order_coupon_no+order_product_coupon_name+order_product_coupon_no+product_coupon_type_no,56,55,71,4818210,758130,86039.46428571429
2025-07-31,FAMILY,쿠폰 미사용,쿠폰 미사용,coupon_name+order_coupon_name+coupon_code+order_coupon_no+order_product_coupon_name+order_product_coupon_no+product_coupon_type_no,26,26,35,1800200,0,69238.46153846153
2025-07-31,GOLD,쿠폰 미사용,쿠폰 미사용,coupon_name+order_coupon_name+coupon_code+order_coupon_no+order_product_coupon_name+order_product_coupon_no+product_coupon_type_no,1,1,3,236440,0,236440.0
2025-07-31,SILVER,쿠폰 미사용,쿠폰 미사용,coupon_name+order_coupon_name+coupon_code+order_coupon_no+order_product_coupon_name+order_product_coupon_no+product_coupon_type_no,2,2,3,189370,0,94685.0
2025-07-31,SILVER,쿠폰 사용,쿠폰명 미확인,coupon_name+order_coupon_name+coupon_code+order_coupon_no+order_product_coupon_name+order_product_coupon_no+product_coupon_type_no,2,2,3,148950,35450,74475.0
2025-07-31,TITANIUM,쿠폰 미사용,쿠폰 미사용,coupon_name+order_coupon_name+coupon_code+order_coupon_no+order_product_coupon_name+order_product_coupon_no+product_coupon_type_no,1,1,3,145620,0,145620.0
2025-08-01,FAMILY,쿠폰 사용,쿠폰명 미확인,coupon_name+order_coupon_name+coupon_code+order_coupon_no+order_product_coupon_name+order_product_coupon_no+product_coupon_type_no,49,49,64,3462630,869660,70665.91836734694
2025-08-01,FAMILY,쿠폰 미사용,쿠폰 미사용,coupon_name+order_coupon_name+coupon_code+order_coupon_no+order_product_coupon_name+order_product_coupon_no+product_coupon_type_no,30,30,42,2236160,0,74538.66666666667
2025-08-01,GOLD,쿠폰 사용,쿠폰명 미확인,coupon_name+order_coupon_name+coupon_code+order_coupon_no+order_product_coupon_name+order_product_coupon_no+product_coupon_type_no,2,2,32,2470480,287220,1235240.0
2025-08-01,GOLD,쿠폰 미사용,쿠폰 미사용,coupon_name+order_coupon_name+coupon_code+order_coupon_no+order_product_coupon_name+order_product_coupon_no+product_coupon_type_no,2,2,5,273800,0,136900.0
2025-08-01,SILVER,쿠폰 미사용,쿠폰 미사용,coupon_name+order_coupon_name+coupon_code+order_coupon_no+order_product_coupon_name+order_product_coupon_no+product_coupon_type_no,6,6,11,425890,0,70981.66666666667
2025-08-01,SILVER,쿠폰 사용,쿠폰명 미확인,coupon_name+order_coupon_name+coupon_code+order_coupon_no+order_product_coupon_name+order_product_coupon_no+product_coupon_type_no,3,3,6,269980,38150,89993.33333333333
2025-08-01,TITANIUM,쿠폰 사용,쿠폰명 미확인,coupon_name+order_coupon_name+coupon_code+order_coupon_no+order_product_coupon_name+order_product_coupon_no+product_coupon_type_no,1,1,1,55200,13800,55200.0
2025-08-02,FAMILY,쿠폰 사용,쿠폰명 미확인,coupon_name+order_coupon_name+coupon_code+order_coupon_no+order_product_coupon_name+order_product_coupon_no+product_coupon_type_no,40,40,60,3275290,655400,81882.25
2025-08-02,FAMILY,쿠폰 미사용,쿠폰 미사용,coupon_name+order_coupon_name+coupon_code+order_coupon_no+order_product_coupon_name+order_product_coupon_no+product_coupon_type_no,21,21,24,1474400,0,70209.52380952382
2025-08-02,SILVER,쿠폰 사용,쿠폰명 미확인,coupon_name+order_coupon_name+coupon_code+order_coupon_no+order_product_coupon_name+order_product_coupon_no+product_coupon_type_no,1,1,10,683170,81130,683170.0
2025-08-02,SILVER,쿠폰 미사용,쿠폰 미사용,coupon_name+order_coupon_name+coupon_code+order_coupon_no+order_product_coupon_name+order_product_coupon_no+product_coupon_type_no,1,1,1,37830,0,37830.0
2025-08-03,FAMILY,쿠폰 사용,쿠폰명 미확인,coupon_name+order_coupon_name+coupon_code+order_coupon_no+order_product_coupon_name+order_product_coupon_no+product_coupon_type_no,56,54,67,4992720,979880,89155.71428571429
2025-08-03,FAMILY,쿠폰 미사용,쿠폰 미사용,coupon_name+order_coupon_name+coupon_code+order_coupon_no+order_product_coupon_name+order_product_coupon_no+product_coupon_type_no,27,26,34,2018140,0,74745.92592592593
2025-08-03,SILVER,쿠폰 사용,쿠폰명 미확인,coupon_name+order_coupon_name+coupon_code+order_coupon_no+order_product_coupon_name+order_product_coupon_no+product_coupon_type_no,2,2,3,146680,29700,73340.0
2025-08-03,SILVER,쿠폰 미사용,쿠폰 미사용,coupon_name+order_coupon_name+coupon_code+order_coupon_no+order_product_coupon_name+order_product_coupon_no+product_coupon_type_no,2,2,2,106400,0,53200.0
2025-08-04,FAMILY,쿠폰 사용,쿠폰명 미확인,coupon_name+order_coupon_name+coupon_code+order_coupon_no+order_product_coupon_name+order_product_coupon_no+product_coupon_type_no,35,35,43,2599170,673930,74262.0
2025-08-04,FAMILY,쿠폰 미사용,쿠폰 미사용,coupon_name+order_coupon_name+coupon_code+order_coupon_no+order_product_coupon_name+order_product_coupon_no+product_coupon_type_no,15,15,18,1092160,0,72810.66666666667
2025-08-04,SILVER,쿠폰 미사용,쿠폰 미사용,coupon_name+order_coupon_name+coupon_code+order_coupon_no+order_product_coupon_name+order_product_coupon_no+product_coupon_type_no,7,7,14,840270,0,120038.57142857143
2025-08-04,SILVER,쿠폰 사용,쿠폰명 미확인,coupon_name+order_coupon_name+coupon_code+order_coupon_no+order_product_coupon_name+order_product_coupon_no+product_coupon_type_no,4,4,6,344840,55800,86210.0
2025-08-05,FAMILY,쿠폰 사용,쿠폰명 미확인,coupon_name+order_coupon_name+coupon_code+order_coupon_no+order_product_coupon_name+order_product_coupon_no+product_coupon_type_no,35,34,49,2368570,482150,67673.42857142857
2025-08-05,FAMILY,쿠폰 미사용,쿠폰 미사용,coupon_name+order_coupon_name+coupon_code+order_coupon_no+order_product_coupon_name+order_product_coupon_no+product_coupon_type_no,21,21,26,1386090,0,66004.28571428571
2025-08-05,GOLD,쿠폰 미사용,쿠폰 미사용,coupon_name+order_coupon_name+coupon_code+order_coupon_no+order_product_coupon_name+order_product_coupon_no+product_coupon_type_no,3,3,6,324570,0,108190.0
2025-08-05,SILVER,쿠폰 미사용,쿠폰 미사용,coupon_name+order_coupon_name+coupon_code+order_coupon_no+order_product_coupon_name+order_product_coupon_no+product_coupon_type_no,4,4,7,393910,0,98477.5
2025-08-05,SILVER,쿠폰 사용,쿠폰명 미확인,coupon_name+order_coupon_name+coupon_code+order_coupon_no+order_product_coupon_name+order_product_coupon_no+product_coupon_type_no,1,1,1,53810,13800,53810.0
2025-08-06,FAMILY,쿠폰 사용,쿠폰명 미확인,coupon_name+order_coupon_name+coupon_code+order_coupon_no+order_product_coupon_name+order_product_coupon_no+product_coupon_type_no,42,41,54,3117890,609780,74235.47619047618
2025-08-06,FAMILY,쿠폰 미사용,쿠폰 미사용,coupon_name+order_coupon_name+coupon_code+order_coupon_no+order_product_coupon_name+order_product_coupon_no+product_coupon_type_no,25,24,30,1552210,0,62088.4
2025-08-06,SILVER,쿠폰 미사용,쿠폰 미사용,coupon_name+order_coupon_name+coupon_code+order_coupon_no+order_product_coupon_name+order_product_coupon_no+product_coupon_type_no,8,8,15,764380,0,95547.5
2025-08-06,SILVER,쿠폰 사용,쿠폰명 미확인,coupon_name+order_coupon_name+coupon_code+order_coupon_no+order_product_coupon_name+order_product_coupon_no+product_coupon_type_no,1,1,1,123630,33000,123630.0
2025-08-07,FAMILY,쿠폰 사용,쿠폰명 미확인,coupon_name+order_coupon_name+coupon_code+order_coupon_no+order_product_coupon_name+order_product_coupon_no+product_coupon_type_no,36,36,50,3002270,624760,83396.38888888889
2025-08-07,FAMILY,쿠폰 미사용,쿠폰 미사용,coupon_name+order_coupon_name+coupon_code+order_coupon_no+order_product_coupon_name+order_product_coupon_no+product_coupon_type_no,30,30,45,2197780,0,73259.33333333333
2025-08-07,GOLD,쿠폰 사용,쿠폰명 미확인,coupon_name+order_coupon_name+coupon_code+order_coupon_no+order_product_coupon_name+order_product_coupon_no+product_coupon_type_no,1,1,1,85010,10000,85010.0
2025-08-07,SILVER,쿠폰 미사용,쿠폰 미사용,coupon_name+order_coupon_name+coupon_code+order_coupon_no+order_product_coupon_name+order_product_coupon_no+product_coupon_type_no,5,5,7,452700,0,90540.0
2025-08-08,FAMILY,쿠폰 사용,쿠폰명 미확인,coupon_name+order_coupon_name+coupon_code+order_coupon_no+order_product_coupon_name+order_product_coupon_no+product_coupon_type_no,28,28,30,2117360,358670,75620.0
2025-08-08,FAMILY,쿠폰 미사용,쿠폰 미사용,coupon_name+order_coupon_name+coupon_code+order_coupon_no+order_product_coupon_name+order_product_coupon_no+product_coupon_type_no,13,13,19,842910,0,64839.230769230766
2025-08-08,SILVER,쿠폰 사용,쿠폰명 미확인,coupon_name+order_coupon_name+coupon_code+order_coupon_no+order_product_coupon_name+order_product_coupon_no+product_coupon_type_no,3,3,8,573490,100660,191163.33333333334
2025-08-08,SILVER,쿠폰 미사용,쿠폰 미사용,coupon_name+order_coupon_name+coupon_code+order_coupon_no+order_product_coupon_name+order_product_coupon_no+product_coupon_type_no,3,3,3,188240,0,62746.666666666664
2025-08-08,TITANIUM,쿠폰 사용,쿠폰명 미확인,coupon_name+order_coupon_name+coupon_code+order_coupon_no+order_product_coupon_name+order_product_coupon_no+product_coupon_type_no,2,1,160,5632000,1408000,2816000.0
2025-08-09,FAMILY,쿠폰 사용,쿠폰명 미확인,coupon_name+order_coupon_name+coupon_code+order_coupon_no+order_product_coupon_name+order_product_coupon_no+product_coupon_type_no,33,28,59,3577280,1161750,108402.42424242424
2025-08-09,FAMILY,쿠폰 미사용,쿠폰 미사용,coupon_name+order_coupon_name+coupon_code+order_coupon_no+order_product_coupon_name+order_product_coupon_no+product_coupon_type_no,15,15,20,1142160,0,76144.0
2025-08-09,GOLD,쿠폰 미사용,쿠폰 미사용,coupon_name+order_coupon_name+coupon_code+order_coupon_no+order_product_coupon_name+order_product_coupon_no+product_coupon_type_no,1,1,2,277380,0,277380.0
2025-08-09,SILVER,쿠폰 사용,쿠폰명 미확인,coupon_name+order_coupon_name+coupon_code+order_coupon_no+order_product_coupon_name+order_product_coupon_no+product_coupon_type_no,3,3,3,347500,53700,115833.33333333333
2025-08-09,SILVER,쿠폰 미사용,쿠폰 미사용,coupon_name+order_coupon_name+coupon_code+order_coupon_no+order_product_coupon_name+order_product_coupon_no+product_coupon_type_no,1,1,1,31600,0,31600.0
2025-08-10,FAMILY,쿠폰 사용,쿠폰명 미확인,coupon_name+order_coupon_name+coupon_code+order_coupon_no+order_product_coupon_name+order_product_coupon_no+product_coupon_type_no,26,26,46,2225090,402190,85580.38461538461
2025-08-10,FAMILY,쿠폰 미사용,쿠폰 미사용,coupon_name+order_coupon_name+coupon_code+order_coupon_no+order_product_coupon_name+order_product_coupon_no+product_coupon_type_no,25,24,30,1554780,0,62191.2
2025-08-10,GOLD,쿠폰 미사용,쿠폰 미사용,coupon_name+order_coupon_name+coupon_code+order_coupon_no+order_product_coupon_name+order_product_coupon_no+product_coupon_type_no,1,1,4,296070,0,296070.0
2025-08-10,SILVER,쿠폰 미사용,쿠폰 미사용,coupon_name+order_coupon_name+coupon_code+order_coupon_no+order_product_coupon_name+order_product_coupon_no+product_coupon_type_no,2,2,2,173600,0,86800.0
2025-08-11,FAMILY,쿠폰 미사용,쿠폰 미사용,coupon_name+order_coupon_name+coupon_code+order_coupon_no+order_product_coupon_name+order_product_coupon_no+product_coupon_type_no,19,19,26,1372600,0,72242.1052631579
2025-08-11,FAMILY,쿠폰 사용,쿠폰명 미확인,coupon_name+order_coupon_name+coupon_code+order_coupon_no+order_product_coupon_name+order_product_coupon_no+product_coupon_type_no,19,19,27,1305500,256220,68710.52631578948
2025-08-11,GOLD,쿠폰 미사용,쿠폰 미사용,coupon_name+order_coupon_name+coupon_code+order_coupon_no+order_product_coupon_name+order_product_coupon_no+product_coupon_type_no,3,2,3,205340,0,68446.66666666667
2025-08-11,GOLD,쿠폰 사용,쿠폰명 미확인,coupon_name+order_coupon_name+coupon_code+order_coupon_no+order_product_coupon_name+order_product_coupon_no+product_coupon_type_no,1,1,1,64500,38700,64500.0
2025-08-11,SILVER,쿠폰 사용,쿠폰명 미확인,coupon_name+order_coupon_name+coupon_code+order_coupon_no+order_product_coupon_name+order_product_coupon_no+product_coupon_type_no,1,1,1,190000,5000,190000.0
2025-08-11,SILVER,쿠폰 미사용,쿠폰 미사용,coupon_name+order_coupon_name+coupon_code+order_coupon_no+order_product_coupon_name+order_product_coupon_no+product_coupon_type_no,2,2,4,80290,0,40145.0
2025-08-12,FAMILY,쿠폰 사용,쿠폰명 미확인,coupon_name+order_coupon_name+coupon_code+order_coupon_no+order_product_coupon_name+order_product_coupon_no+product_coupon_type_no,26,26,33,2274840,486220,87493.84615384616
2025-08-12,FAMILY,쿠폰 미사용,쿠폰 미사용,coupon_name+order_coupon_name+coupon_code+order_coupon_no+order_product_coupon_name+order_product_coupon_no+product_coupon_type_no,18,18,27,1028700,0,57150.0
2025-08-12,SILVER,쿠폰 사용,쿠폰명 미확인,coupon_name+order_coupon_name+coupon_code+order_coupon_no+order_product_coupon_name+order_product_coupon_no+product_coupon_type_no,1,1,1,69500,27800,69500.0
2025-08-13,FAMILY,쿠폰 사용,쿠폰명 미확인,coupon_name+order_coupon_name+coupon_code+order_coupon_no+order_product_coupon_name+order_product_coupon_no+product_coupon_type_no,32,32,49,2697180,547140,84286.875
2025-08-13,FAMILY,쿠폰 미사용,쿠폰 미사용,coupon_name+order_coupon_name+coupon_code+order_coupon_no+order_product_coupon_name+order_product_coupon_no+product_coupon_type_no,19,18,26,1056220,0,55590.52631578947
2025-08-13,SILVER,쿠폰 미사용,쿠폰 미사용,coupon_name+order_coupon_name+coupon_code+order_coupon_no+order_product_coupon_name+order_product_coupon_no+product_coupon_type_no,4,4,7,413400,0,103350.0
2025-08-13,SILVER,쿠폰 사용,쿠폰명 미확인,coupon_name+order_coupon_name+coupon_code+order_coupon_no+order_product_coupon_name+order_product_coupon_no+product_coupon_type_no,3,3,3,299640,21900,99880.0
2025-08-14,FAMILY,쿠폰 사용,쿠폰명 미확인,coupon_name+order_coupon_name+coupon_code+order_coupon_no+order_product_coupon_name+order_product_coupon_no+product_coupon_type_no,18,18,19,1113300,230360,61850.0
2025-08-14,FAMILY,쿠폰 미사용,쿠폰 미사용,coupon_name+order_coupon_name+coupon_code+order_coupon_no+order_product_coupon_name+order_product_coupon_no+product_coupon_type_no,6,6,12,365180,0,60863.333333333336
2025-08-14,SILVER,쿠폰 미사용,쿠폰 미사용,coupon_name+order_coupon_name+coupon_code+order_coupon_no+order_product_coupon_name+order_product_coupon_no+product_coupon_type_no,6,6,8,589530,0,98255.0
2025-08-14,SILVER,쿠폰 사용,쿠폰명 미확인,coupon_name+order_coupon_name+coupon_code+order_coupon_no+order_product_coupon_name+order_product_coupon_no+product_coupon_type_no,2,2,2,242600,69700,121300.0
2025-08-15,FAMILY,쿠폰 사용,쿠폰명 미확인,coupon_name+order_coupon_name+coupon_code+order_coupon_no+order_product_coupon_name+order_product_coupon_no+product_coupon_type_no,29,29,36,2026320,328420,69873.10344827586
2025-08-15,FAMILY,쿠폰 미사용,쿠폰 미사용,coupon_name+order_coupon_name+coupon_code+order_coupon_no+order_product_coupon_name+order_product_coupon_no+product_coupon_type_no,11,10,14,635130,0,57739.09090909091
2025-08-15,SILVER,쿠폰 미사용,쿠폰 미사용,coupon_name+order_coupon_name+coupon_code+order_coupon_no+order_product_coupon_name+order_product_coupon_no+product_coupon_type_no,3,3,5,262510,0,87503.33333333333
2025-08-15,SILVER,쿠폰 사용,쿠폰명 미확인,coupon_name+order_coupon_name+coupon_code+order_coupon_no+order_product_coupon_name+order_product_coupon_no+product_coupon_type_no,3,3,4,246590,54420,82196.66666666667
2025-08-16,FAMILY,쿠폰 사용,쿠폰명 미확인,coupon_name+order_coupon_name+coupon_code+order_coupon_no+order_product_coupon_name+order_product_coupon_no+product_coupon_type_no,32,32,38,2289350,536520,71542.1875
2025-08-16,FAMILY,쿠폰 미사용,쿠폰 미사용,coupon_name+order_coupon_name+coupon_code+order_coupon_no+order_product_coupon_name+order_product_coupon_no+product_coupon_type_no,19,19,26,1540510,0,81079.47368421052
2025-08-16,GOLD,쿠폰 미사용,쿠폰 미사용,coupon_name+order_coupon_name+coupon_code+order_coupon_no+order_product_coupon_name+order_product_coupon_no+product_coupon_type_no,1,1,2,52640,0,52640.0
2025-08-16,SILVER,쿠폰 미사용,쿠폰 미사용,coupon_name+order_coupon_name+coupon_code+order_coupon_no+order_product_coupon_name+order_product_coupon_no+product_coupon_type_no,1,1,1,55300,0,55300.0
2025-08-17,FAMILY,쿠폰 사용,쿠폰명 미확인,coupon_name+order_coupon_name+coupon_code+order_coupon_no+order_product_coupon_name+order_product_coupon_no+product_coupon_type_no,36,36,53,3007380,552890,83538.33333333333
2025-08-17,FAMILY,쿠폰 미사용,쿠폰 미사용,coupon_name+order_coupon_name+coupon_code+order_coupon_no+order_product_coupon_name+order_product_coupon_no+product_coupon_type_no,12,12,15,1339110,0,111592.5
2025-08-17,SILVER,쿠폰 미사용,쿠폰 미사용,coupon_name+order_coupon_name+coupon_code+order_coupon_no+order_product_coupon_name+order_product_coupon_no+product_coupon_type_no,5,5,7,330210,0,66042.0
2025-08-18,FAMILY,쿠폰 사용,쿠폰명 미확인,coupon_name+order_coupon_name+coupon_code+order_coupon_no+order_product_coupon_name+order_product_coupon_no+product_coupon_type_no,25,25,33,1438130,248560,57525.2
2025-08-18,FAMILY,쿠폰 미사용,쿠폰 미사용,coupon_name+order_coupon_name+coupon_code+order_coupon_no+order_product_coupon_name+order_product_coupon_no+product_coupon_type_no,15,14,20,1374990,0,91666.0
2025-08-18,GOLD,쿠폰 미사용,쿠폰 미사용,coupon_name+order_coupon_name+coupon_code+order_coupon_no+order_product_coupon_name+order_product_coupon_no+product_coupon_type_no,1,1,2,106000,0,106000.0
2025-08-18,SILVER,쿠폰 사용,쿠폰명 미확인,coupon_name+order_coupon_name+coupon_code+order_coupon_no+order_product_coupon_name+order_product_coupon_no+product_coupon_type_no,1,1,1,116290,24900,116290.0
2025-08-18,SILVER,쿠폰 미사용,쿠폰 미사용,coupon_name+order_coupon_name+coupon_code+order_coupon_no+order_product_coupon_name+order_product_coupon_no+product_coupon_type_no,1,1,1,55300,0,55300.0
2025-08-18,TITANIUM,쿠폰 미사용,쿠폰 미사용,coupon_name+order_coupon_name+coupon_code+order_coupon_no+order_product_coupon_name+order_product_coupon_no+product_coupon_type_no,1,1,1,114580,0,114580.0
2025-08-19,FAMILY,쿠폰 사용,쿠폰명 미확인,coupon_name+order_coupon_name+coupon_code+order_coupon_no+order_product_coupon_name+order_product_coupon_no+product_coupon_type_no,31,31,189,10819520,1310280,349016.77419354836
2025-08-19,FAMILY,쿠폰 미사용,쿠폰 미사용,coupon_name+order_coupon_name+coupon_code+order_coupon_no+order_product_coupon_name+order_product_coupon_no+product_coupon_type_no,13,13,13,712240,0,54787.692307692305
2025-08-19,GOLD,쿠폰 미사용,쿠폰 미사용,coupon_name+order_coupon_name+coupon_code+order_coupon_no+order_product_coupon_name+order_product_coupon_no+product_coupon_type_no,1,1,1,109200,0,109200.0
2025-08-19,SILVER,쿠폰 미사용,쿠폰 미사용,coupon_name+order_coupon_name+coupon_code+order_coupon_no+order_product_coupon_name+order_product_coupon_no+product_coupon_type_no,3,3,3,133360,0,44453.333333333336
2025-08-20,FAMILY,쿠폰 사용,쿠폰명 미확인,coupon_name+order_coupon_name+coupon_code+order_coupon_no+order_product_coupon_name+order_product_coupon_no+product_coupon_type_no,36,34,51,3591230,694820,99756.38888888889
2025-08-20,FAMILY,쿠폰 미사용,쿠폰 미사용,coupon_name+order_coupon_name+coupon_code+order_coupon_no+order_product_coupon_name+order_product_coupon_no+product_coupon_type_no,12,12,18,1105330,0,92110.83333333333
2025-08-20,GOLD,쿠폰 미사용,쿠폰 미사용,coupon_name+order_coupon_name+coupon_code+order_coupon_no+order_product_coupon_name+order_product_coupon_no+product_coupon_type_no,2,2,4,227790,0,113895.0
2025-08-20,SILVER,쿠폰 사용,쿠폰명 미확인,coupon_name+order_coupon_name+coupon_code+order_coupon_no+order_product_coupon_name+order_product_coupon_no+product_coupon_type_no,4,4,12,1327110,157180,331777.5
2025-08-20,SILVER,쿠폰 미사용,쿠폰 미사용,coupon_name+order_coupon_name+coupon_code+order_coupon_no+order_product_coupon_name+order_product_coupon_no+product_coupon_type_no,2,2,2,106900,0,53450.0
2025-08-21,FAMILY,쿠폰 사용,쿠폰명 미확인,coupon_name+order_coupon_name+coupon_code+order_coupon_no+order_product_coupon_name+order_product_coupon_no+product_coupon_type_no,34,34,38,3027540,557650,89045.29411764706
2025-08-21,FAMILY,쿠폰 미사용,쿠폰 미사용,coupon_name+order_coupon_name+coupon_code+order_coupon_no+order_product_coupon_name+order_product_coupon_no+product_coupon_type_no,22,22,32,1538430,0,69928.63636363637
2025-08-21,GOLD,쿠폰 미사용,쿠폰 미사용,coupon_name+order_coupon_name+coupon_code+order_coupon_no+order_product_coupon_name+order_product_coupon_no+product_coupon_type_no,2,2,3,178570,0,89285.0
2025-08-21,SILVER,쿠폰 미사용,쿠폰 미사용,coupon_name+order_coupon_name+coupon_code+order_coupon_no+order_product_coupon_name+order_product_coupon_no+product_coupon_type_no,2,2,2,104000,0,52000.0
2025-08-22,FAMILY,쿠폰 사용,쿠폰명 미확인,coupon_name+order_coupon_name+coupon_code+order_coupon_no+order_product_coupon_name+order_product_coupon_no+product_coupon_type_no,24,23,34,2043880,811290,85161.66666666667
2025-08-22,FAMILY,쿠폰 미사용,쿠폰 미사용,coupon_name+order_coupon_name+coupon_code+order_coupon_no+order_product_coupon_name+order_product_coupon_no+product_coupon_type_no,15,15,19,939500,0,62633.333333333336
2025-08-22,GOLD,쿠폰 미사용,쿠폰 미사용,coupon_name+order_coupon_name+coupon_code+order_coupon_no+order_product_coupon_name+order_product_coupon_no+product_coupon_type_no,2,2,2,357270,0,178635.0
2025-08-22,SILVER,쿠폰 미사용,쿠폰 미사용,coupon_name+order_coupon_name+coupon_code+order_coupon_no+order_product_coupon_name+order_product_coupon_no+product_coupon_type_no,2,2,4,214500,0,107250.0
2025-08-23,FAMILY,쿠폰 사용,쿠폰명 미확인,coupon_name+order_coupon_name+coupon_code+order_coupon_no+order_product_coupon_name+order_product_coupon_no+product_coupon_type_no,29,29,40,2992320,803370,103183.44827586207
2025-08-23,FAMILY,쿠폰 미사용,쿠폰 미사용,coupon_name+order_coupon_name+coupon_code+order_coupon_no+order_product_coupon_name+order_product_coupon_no+product_coupon_type_no,24,24,32,1257630,0,52401.25
2025-08-23,GOLD,쿠폰 미사용,쿠폰 미사용,coupon_name+order_coupon_name+coupon_code+order_coupon_no+order_product_coupon_name+order_product_coupon_no+product_coupon_type_no,1,1,1,78380,0,78380.0
2025-08-23,SILVER,쿠폰 미사용,쿠폰 미사용,coupon_name+order_coupon_name+coupon_code+order_coupon_no+order_product_coupon_name+order_product_coupon_no+product_coupon_type_no,2,2,3,423660,0,211830.0
2025-08-24,FAMILY,쿠폰 사용,쿠폰명 미확인,coupon_name+order_coupon_name+coupon_code+order_coupon_no+order_product_coupon_name+order_product_coupon_no+product_coupon_type_no,29,29,33,2342060,336540,80760.68965517242
2025-08-24,FAMILY,쿠폰 미사용,쿠폰 미사용,coupon_name+order_coupon_name+coupon_code+order_coupon_no+order_product_coupon_name+order_product_coupon_no+product_coupon_type_no,21,21,30,1426810,0,67943.33333333333
2025-08-24,SILVER,쿠폰 미사용,쿠폰 미사용,coupon_name+order_coupon_name+coupon_code+order_coupon_no+order_product_coupon_name+order_product_coupon_no+product_coupon_type_no,5,5,9,628200,0,125640.0
2025-08-24,SILVER,쿠폰 사용,쿠폰명 미확인,coupon_name+order_coupon_name+coupon_code+order_coupon_no+order_product_coupon_name+order_product_coupon_no+product_coupon_type_no,3,3,5,373150,84700,124383.33333333333
2025-08-25,FAMILY,쿠폰 사용,쿠폰명 미확인,coupon_name+order_coupon_name+coupon_code+order_coupon_no+order_product_coupon_name+order_product_coupon_no+product_coupon_type_no,31,31,37,2149570,469240,69340.96774193548
2025-08-25,FAMILY,쿠폰 미사용,쿠폰 미사용,coupon_name+order_coupon_name+coupon_code+order_coupon_no+order_product_coupon_name+order_product_coupon_no+product_coupon_type_no,19,19,22,1407280,0,74067.36842105263
2025-08-25,SILVER,쿠폰 미사용,쿠폰 미사용,coupon_name+order_coupon_name+coupon_code+order_coupon_no+order_product_coupon_name+order_product_coupon_no+product_coupon_type_no,6,6,7,461050,0,76841.66666666667
2025-08-25,SILVER,쿠폰 사용,쿠폰명 미확인,coupon_name+order_coupon_name+coupon_code+order_coupon_no+order_product_coupon_name+order_product_coupon_no+product_coupon_type_no,2,2,2,59310,23800,29655.0
2025-08-25,TITANIUM,쿠폰 미사용,쿠폰 미사용,coupon_name+order_coupon_name+coupon_code+order_coupon_no+order_product_coupon_name+order_product_coupon_no+product_coupon_type_no,1,1,7,394780,0,394780.0
2025-08-26,FAMILY,쿠폰 사용,쿠폰명 미확인,coupon_name+order_coupon_name+coupon_code+order_coupon_no+order_product_coupon_name+order_product_coupon_no+product_coupon_type_no,31,31,37,2204220,530970,71103.87096774194
2025-08-26,FAMILY,쿠폰 미사용,쿠폰 미사용,coupon_name+order_coupon_name+coupon_code+order_coupon_no+order_product_coupon_name+order_product_coupon_no+product_coupon_type_no,16,16,33,1438430,0,89901.875
2025-08-26,GOLD,쿠폰 미사용,쿠폰 미사용,coupon_name+order_coupon_name+coupon_code+order_coupon_no+order_product_coupon_name+order_product_coupon_no+product_coupon_type_no,1,1,2,51300,0,51300.0
2025-08-26,SILVER,쿠폰 사용,쿠폰명 미확인,coupon_name+order_coupon_name+coupon_code+order_coupon_no+order_product_coupon_name+order_product_coupon_no+product_coupon_type_no,1,1,2,69000,69000,69000.0
2025-08-26,SILVER,쿠폰 미사용,쿠폰 미사용,coupon_name+order_coupon_name+coupon_code+order_coupon_no+order_product_coupon_name+order_product_coupon_no+product_coupon_type_no,1,1,1,54500,0,54500.0
2025-08-27,FAMILY,쿠폰 사용,쿠폰명 미확인,coupon_name+order_coupon_name+coupon_code+order_coupon_no+order_product_coupon_name+order_product_coupon_no+product_coupon_type_no,28,28,36,2506810,525570,89528.92857142857
2025-08-27,FAMILY,쿠폰 미사용,쿠폰 미사용,coupon_name+order_coupon_name+coupon_code+order_coupon_no+order_product_coupon_name+order_product_coupon_no+product_coupon_type_no,9,9,12,563570,0,62618.88888888889
2025-08-27,GOLD,쿠폰 미사용,쿠폰 미사용,coupon_name+order_coupon_name+coupon_code+order_coupon_no+order_product_coupon_name+order_product_coupon_no+product_coupon_type_no,1,1,1,62300,0,62300.0
2025-08-27,SILVER,쿠폰 미사용,쿠폰 미사용,coupon_name+order_coupon_name+coupon_code+order_coupon_no+order_product_coupon_name+order_product_coupon_no+product_coupon_type_no,6,6,11,626760,0,104460.0
2025-08-27,SILVER,쿠폰 사용,쿠폰명 미확인,coupon_name+order_coupon_name+coupon_code+order_coupon_no+order_product_coupon_name+order_product_coupon_no+product_coupon_type_no,2,2,2,94990,58300,47495.0
2025-08-28,FAMILY,쿠폰 사용,쿠폰명 미확인,coupon_name+order_coupon_name+coupon_code+order_coupon_no+order_product_coupon_name+order_product_coupon_no+product_coupon_type_no,32,32,39,2935300,434750,91728.125
2025-08-28,FAMILY,쿠폰 미사용,쿠폰 미사용,coupon_name+order_coupon_name+coupon_code+order_coupon_no+order_product_coupon_name+order_product_coupon_no+product_coupon_type_no,18,18,24,1222900,0,67938.88888888889
2025-08-28,GOLD,쿠폰 미사용,쿠폰 미사용,coupon_name+order_coupon_name+coupon_code+order_coupon_no+order_product_coupon_name+order_product_coupon_no+product_coupon_type_no,3,3,6,405350,0,135116.66666666666
2025-08-28,SILVER,쿠폰 미사용,쿠폰 미사용,coupon_name+order_coupon_name+coupon_code+order_coupon_no+order_product_coupon_name+order_product_coupon_no+product_coupon_type_no,4,4,7,418990,0,104747.5
2025-08-28,SILVER,쿠폰 사용,쿠폰명 미확인,coupon_name+order_coupon_name+coupon_code+order_coupon_no+order_product_coupon_name+order_product_coupon_no+product_coupon_type_no,2,2,5,235100,159900,117550.0
2025-08-29,FAMILY,쿠폰 사용,쿠폰명 미확인,coupon_name+order_coupon_name+coupon_code+order_coupon_no+order_product_coupon_name+order_product_coupon_no+product_coupon_type_no,20,20,26,2069060,431000,103453.0
2025-08-29,FAMILY,쿠폰 미사용,쿠폰 미사용,coupon_name+order_coupon_name+coupon_code+order_coupon_no+order_product_coupon_name+order_product_coupon_no+product_coupon_type_no,15,15,17,997240,0,66482.66666666667
2025-08-29,SILVER,쿠폰 사용,쿠폰명 미확인,coupon_name+order_coupon_name+coupon_code+order_coupon_no+order_product_coupon_name+order_product_coupon_no+product_coupon_type_no,1,1,3,245160,32240,245160.0
2025-08-29,SILVER,쿠폰 미사용,쿠폰 미사용,coupon_name+order_coupon_name+coupon_code+order_coupon_no+order_product_coupon_name+order_product_coupon_no+product_coupon_type_no,2,2,2,173160,0,86580.0
2025-08-30,FAMILY,쿠폰 사용,쿠폰명 미확인,coupon_name+order_coupon_name+coupon_code+order_coupon_no+order_product_coupon_name+order_product_coupon_no+product_coupon_type_no,30,30,36,2604830,408440,86827.66666666667
2025-08-30,FAMILY,쿠폰 미사용,쿠폰 미사용,coupon_name+order_coupon_name+coupon_code+order_coupon_no+order_product_coupon_name+order_product_coupon_no+product_coupon_type_no,19,19,23,1207610,0,63558.42105263158
2025-08-30,SILVER,쿠폰 미사용,쿠폰 미사용,coupon_name+order_coupon_name+coupon_code+order_coupon_no+order_product_coupon_name+order_product_coupon_no+product_coupon_type_no,2,2,3,135770,0,67885.0
2025-08-30,SILVER,쿠폰 사용,쿠폰명 미확인,coupon_name+order_coupon_name+coupon_code+order_coupon_no+order_product_coupon_name+order_product_coupon_no+product_coupon_type_no,2,2,2,131300,33600,65650.0
2025-08-31,FAMILY,쿠폰 사용,쿠폰명 미확인,coupon_name+order_coupon_name+coupon_code+order_coupon_no+order_product_coupon_name+order_product_coupon_no+product_coupon_type_no,27,27,31,2259620,385580,83689.62962962964
2025-08-31,FAMILY,쿠폰 미사용,쿠폰 미사용,coupon_name+order_coupon_name+coupon_code+order_coupon_no+order_product_coupon_name+order_product_coupon_no+product_coupon_type_no,16,16,21,1014900,0,63431.25
2025-08-31,GOLD,쿠폰 미사용,쿠폰 미사용,coupon_name+order_coupon_name+coupon_code+order_coupon_no+order_product_coupon_name+order_product_coupon_no+product_coupon_type_no,1,1,4,210730,0,210730.0
2025-08-31,SILVER,쿠폰 미사용,쿠폰 미사용,coupon_name+order_coupon_name+coupon_code+order_coupon_no+order_product_coupon_name+order_product_coupon_no+product_coupon_type_no,4,4,7,413600,0,103400.0
2025-08-31,SILVER,쿠폰 사용,쿠폰명 미확인,coupon_name+order_coupon_name+coupon_code+order_coupon_no+order_product_coupon_name+order_product_coupon_no+product_coupon_type_no,1,1,1,115760,24900,115760.0
2025-09-01,FAMILY,쿠폰 사용,쿠폰명 미확인,coupon_name+order_coupon_name+coupon_code+order_coupon_no+order_product_coupon_name+order_product_coupon_no+product_coupon_type_no,40,40,75,4324570,740090,108114.25
2025-09-01,FAMILY,쿠폰 미사용,쿠폰 미사용,coupon_name+order_coupon_name+coupon_code+order_coupon_no+order_product_coupon_name+order_product_coupon_no+product_coupon_type_no,24,24,41,1649860,0,68744.16666666667
2025-09-01,SILVER,쿠폰 사용,쿠폰명 미확인,coupon_name+order_coupon_name+coupon_code+order_coupon_no+order_product_coupon_name+order_product_coupon_no+product_coupon_type_no,2,2,9,542210,70690,271105.0
2025-09-01,SILVER,쿠폰 미사용,쿠폰 미사용,coupon_name+order_coupon_name+coupon_code+order_coupon_no+order_product_coupon_name+order_product_coupon_no+product_coupon_type_no,4,4,8,186900,0,46725.0
2025-09-02,FAMILY,쿠폰 사용,쿠폰명 미확인,coupon_name+order_coupon_name+coupon_code+order_coupon_no+order_product_coupon_name+order_product_coupon_no+product_coupon_type_no,38,38,48,2990550,555310,78698.68421052632
2025-09-02,FAMILY,쿠폰 미사용,쿠폰 미사용,coupon_name+order_coupon_name+coupon_code+order_coupon_no+order_product_coupon_name+order_product_coupon_no+product_coupon_type_no,21,21,30,1250650,0,59554.76190476191
2025-09-02,GOLD,쿠폰 미사용,쿠폰 미사용,coupon_name+order_coupon_name+coupon_code+order_coupon_no+order_product_coupon_name+order_product_coupon_no+product_coupon_type_no,1,1,1,32500,0,32500.0
2025-09-03,FAMILY,쿠폰 사용,쿠폰명 미확인,coupon_name+order_coupon_name+coupon_code+order_coupon_no+order_product_coupon_name+order_product_coupon_no+product_coupon_type_no,42,42,60,3834240,1017000,91291.42857142857
2025-09-03,FAMILY,쿠폰 미사용,쿠폰 미사용,coupon_name+order_coupon_name+coupon_code+order_coupon_no+order_product_coupon_name+order_product_coupon_no+product_coupon_type_no,17,17,20,907050,0,53355.882352941175
2025-09-03,SILVER,쿠폰 사용,쿠폰명 미확인,coupon_name+order_coupon_name+coupon_code+order_coupon_no+order_product_coupon_name+order_product_coupon_no+product_coupon_type_no,2,2,9,457790,61310,228895.0
2025-09-03,SILVER,쿠폰 미사용,쿠폰 미사용,coupon_name+order_coupon_name+coupon_code+order_coupon_no+order_product_coupon_name+order_product_coupon_no+product_coupon_type_no,3,3,3,140160,0,46720.0
2025-09-04,FAMILY,쿠폰 사용,쿠폰명 미확인,coupon_name+order_coupon_name+coupon_code+order_coupon_no+order_product_coupon_name+order_product_coupon_no+product_coupon_type_no,27,27,37,2309610,434360,85541.11111111111
2025-09-04,FAMILY,쿠폰 미사용,쿠폰 미사용,coupon_name+order_coupon_name+coupon_code+order_coupon_no+order_product_coupon_name+order_product_coupon_no+product_coupon_type_no,29,28,48,1799010,0,62034.8275862069
2025-09-04,GOLD,쿠폰 사용,쿠폰명 미확인,coupon_name+order_coupon_name+coupon_code+order_coupon_no+order_product_coupon_name+order_product_coupon_no+product_coupon_type_no,1,1,2,164970,55600,164970.0
2025-09-04,SILVER,쿠폰 미사용,쿠폰 미사용,coupon_name+order_coupon_name+coupon_code+order_coupon_no+order_product_coupon_name+order_product_coupon_no+product_coupon_type_no,4,4,6,461570,0,115392.5
2025-09-04,SILVER,쿠폰 사용,쿠폰명 미확인,coupon_name+order_coupon_name+coupon_code+order_coupon_no+order_product_coupon_name+order_product_coupon_no+product_coupon_type_no,2,2,3,362120,105620,181060.0
2025-09-05,FAMILY,쿠폰 사용,쿠폰명 미확인,coupon_name+order_coupon_name+coupon_code+order_coupon_no+order_product_coupon_name+order_product_coupon_no+product_coupon_type_no,32,32,36,2749730,540100,85929.0625
2025-09-05,FAMILY,쿠폰 미사용,쿠폰 미사용,coupon_name+order_coupon_name+coupon_code+order_coupon_no+order_product_coupon_name+order_product_coupon_no+product_coupon_type_no,12,12,13,914830,0,76235.83333333333
2025-09-05,GOLD,쿠폰 미사용,쿠폰 미사용,coupon_name+order_coupon_name+coupon_code+order_coupon_no+order_product_coupon_name+order_product_coupon_no+product_coupon_type_no,1,1,1,83000,0,83000.0
2025-09-05,SILVER,쿠폰 미사용,쿠폰 미사용,coupon_name+order_coupon_name+coupon_code+order_coupon_no+order_product_coupon_name+order_product_coupon_no+product_coupon_type_no,6,6,18,715500,0,119250.0
2025-09-05,SILVER,쿠폰 사용,쿠폰명 미확인,coupon_name+order_coupon_name+coupon_code+order_coupon_no+order_product_coupon_name+order_product_coupon_no+product_coupon_type_no,1,1,2,181230,30900,181230.0
2025-09-06,FAMILY,쿠폰 사용,쿠폰명 미확인,coupon_name+order_coupon_name+coupon_code+order_coupon_no+order_product_coupon_name+order_product_coupon_no+product_coupon_type_no,33,33,44,2663920,450920,80724.84848484848
2025-09-06,FAMILY,쿠폰 미사용,쿠폰 미사용,coupon_name+order_coupon_name+coupon_code+order_coupon_no+order_product_coupon_name+order_product_coupon_no+product_coupon_type_no,13,13,15,813070,0,62543.846153846156
2025-09-06,SILVER,쿠폰 미사용,쿠폰 미사용,coupon_name+order_coupon_name+coupon_code+order_coupon_no+order_product_coupon_name+order_product_coupon_no+product_coupon_type_no,4,4,4,360900,0,90225.0
2025-09-06,SILVER,쿠폰 사용,쿠폰명 미확인,coupon_name+order_coupon_name+coupon_code+order_coupon_no+order_product_coupon_name+order_product_coupon_no+product_coupon_type_no,1,1,1,145680,51800,145680.0
2025-09-07,FAMILY,쿠폰 사용,쿠폰명 미확인,coupon_name+order_coupon_name+coupon_code+order_coupon_no+order_product_coupon_name+order_product_coupon_no+product_coupon_type_no,47,47,55,3744460,566760,79669.36170212766
2025-09-07,FAMILY,쿠폰 미사용,쿠폰 미사용,coupon_name+order_coupon_name+coupon_code+order_coupon_no+order_product_coupon_name+order_product_coupon_no+product_coupon_type_no,25,25,32,2025710,0,81028.4
2025-09-07,SILVER,쿠폰 미사용,쿠폰 미사용,coupon_name+order_coupon_name+coupon_code+order_coupon_no+order_product_coupon_name+order_product_coupon_no+product_coupon_type_no,1,1,1,122490,0,122490.0
2025-09-07,SILVER,쿠폰 사용,쿠폰명 미확인,coupon_name+order_coupon_name+coupon_code+order_coupon_no+order_product_coupon_name+order_product_coupon_no+product_coupon_type_no,1,1,1,98730,10000,98730.0
2025-09-08,FAMILY,쿠폰 사용,쿠폰명 미확인,coupon_name+order_coupon_name+coupon_code+order_coupon_no+order_product_coupon_name+order_product_coupon_no+product_coupon_type_no,44,44,53,3609690,645710,82038.40909090909
2025-09-08,FAMILY,쿠폰 미사용,쿠폰 미사용,coupon_name+order_coupon_name+coupon_code+order_coupon_no+order_product_coupon_name+order_product_coupon_no+product_coupon_type_no,15,15,17,1144080,0,76272.0
2025-09-08,GOLD,쿠폰 미사용,쿠폰 미사용,coupon_name+order_coupon_name+coupon_code+order_coupon_no+order_product_coupon_name+order_product_coupon_no+product_coupon_type_no,2,2,4,308000,0,154000.0
2025-09-08,SILVER,쿠폰 사용,쿠폰명 미확인,coupon_name+order_coupon_name+coupon_code+order_coupon_no+order_product_coupon_name+order_product_coupon_no+product_coupon_type_no,3,3,3,422200,41900,140733.33333333334
2025-09-08,SILVER,쿠폰 미사용,쿠폰 미사용,coupon_name+order_coupon_name+coupon_code+order_coupon_no+order_product_coupon_name+order_product_coupon_no+product_coupon_type_no,3,3,3,202260,0,67420.0
2025-09-09,FAMILY,쿠폰 사용,쿠폰명 미확인,coupon_name+order_coupon_name+coupon_code+order_coupon_no+order_product_coupon_name+order_product_coupon_no+product_coupon_type_no,44,33,56,6262300,3031680,142325.0
2025-09-09,FAMILY,쿠폰 미사용,쿠폰 미사용,coupon_name+order_coupon_name+coupon_code+order_coupon_no+order_product_coupon_name+order_product_coupon_no+product_coupon_type_no,18,18,25,1013400,0,56300.0
2025-09-09,GOLD,쿠폰 미사용,쿠폰 미사용,coupon_name+order_coupon_name+coupon_code+order_coupon_no+order_product_coupon_name+order_product_coupon_no+product_coupon_type_no,1,1,2,23000,0,23000.0
2025-09-09,SILVER,쿠폰 미사용,쿠폰 미사용,coupon_name+order_coupon_name+coupon_code+order_coupon_no+order_product_coupon_name+order_product_coupon_no+product_coupon_type_no,9,9,14,708800,0,78755.55555555556
2025-09-09,SILVER,쿠폰 사용,쿠폰명 미확인,coupon_name+order_coupon_name+coupon_code+order_coupon_no+order_product_coupon_name+order_product_coupon_no+product_coupon_type_no,1,1,2,207270,79600,207270.0
2025-09-10,FAMILY,쿠폰 사용,쿠폰명 미확인,coupon_name+order_coupon_name+coupon_code+order_coupon_no+order_product_coupon_name+order_product_coupon_no+product_coupon_type_no,27,27,35,3049470,501110,112943.33333333333
2025-09-10,FAMILY,쿠폰 미사용,쿠폰 미사용,coupon_name+order_coupon_name+coupon_code+order_coupon_no+order_product_coupon_name+order_product_coupon_no+product_coupon_type_no,18,18,22,1252310,0,69572.77777777778
2025-09-10,SILVER,쿠폰 사용,쿠폰명 미확인,coupon_name+order_coupon_name+coupon_code+order_coupon_no+order_product_coupon_name+order_product_coupon_no+product_coupon_type_no,5,5,10,952830,124300,190566.0
2025-09-10,SILVER,쿠폰 미사용,쿠폰 미사용,coupon_name+order_coupon_name+coupon_code+order_coupon_no+order_product_coupon_name+order_product_coupon_no+product_coupon_type_no,2,2,3,116410,0,58205.0
2025-09-11,FAMILY,쿠폰 사용,쿠폰명 미확인,coupon_name+order_coupon_name+coupon_code+order_coupon_no+order_product_coupon_name+order_product_coupon_no+product_coupon_type_no,25,25,25,1733960,314630,69358.4
2025-09-11,FAMILY,쿠폰 미사용,쿠폰 미사용,coupon_name+order_coupon_name+coupon_code+order_coupon_no+order_product_coupon_name+order_product_coupon_no+product_coupon_type_no,19,18,22,1307030,0,68791.05263157895
2025-09-11,SILVER,쿠폰 미사용,쿠폰 미사용,coupon_name+order_coupon_name+coupon_code+order_coupon_no+order_product_coupon_name+order_product_coupon_no+product_coupon_type_no,4,4,10,501800,0,125450.0
2025-09-12,FAMILY,쿠폰 사용,쿠폰명 미확인,coupon_name+order_coupon_name+coupon_code+order_coupon_no+order_product_coupon_name+order_product_coupon_no+product_coupon_type_no,27,27,33,2487400,422960,92125.92592592593
2025-09-12,FAMILY,쿠폰 미사용,쿠폰 미사용,coupon_name+order_coupon_name+coupon_code+order_coupon_no+order_product_coupon_name+order_product_coupon_no+product_coupon_type_no,7,7,10,493950,0,70564.28571428571
2025-09-12,GOLD,쿠폰 미사용,쿠폰 미사용,coupon_name+order_coupon_name+coupon_code+order_coupon_no+order_product_coupon_name+order_product_coupon_no+product_coupon_type_no,1,1,1,199000,0,199000.0
2025-09-12,GOLD,쿠폰 사용,쿠폰명 미확인,coupon_name+order_coupon_name+coupon_code+order_coupon_no+order_product_coupon_name+order_product_coupon_no+product_coupon_type_no,1,1,1,115450,43800,115450.0
2025-09-12,SILVER,쿠폰 미사용,쿠폰 미사용,coupon_name+order_coupon_name+coupon_code+order_coupon_no+order_product_coupon_name+order_product_coupon_no+product_coupon_type_no,4,4,11,597770,0,149442.5
2025-09-12,SILVER,쿠폰 사용,쿠폰명 미확인,coupon_name+order_coupon_name+coupon_code+order_coupon_no+order_product_coupon_name+order_product_coupon_no+product_coupon_type_no,4,3,5,498980,110300,124745.0
2025-09-13,FAMILY,쿠폰 사용,쿠폰명 미확인,coupon_name+order_coupon_name+coupon_code+order_coupon_no+order_product_coupon_name+order_product_coupon_no+product_coupon_type_no,20,20,21,1741170,328420,87058.5
2025-09-13,FAMILY,쿠폰 미사용,쿠폰 미사용,coupon_name+order_coupon_name+coupon_code+order_coupon_no+order_product_coupon_name+order_product_coupon_no+product_coupon_type_no,13,13,18,959500,0,73807.69230769231
2025-09-13,SILVER,쿠폰 사용,쿠폰명 미확인,coupon_name+order_coupon_name+coupon_code+order_coupon_no+order_product_coupon_name+order_product_coupon_no+product_coupon_type_no,2,1,2,261730,22900,130865.0
2025-09-13,SILVER,쿠폰 미사용,쿠폰 미사용,coupon_name+order_coupon_name+coupon_code+order_coupon_no+order_product_coupon_name+order_product_coupon_no+product_coupon_type_no,1,1,2,148550,0,148550.0
2025-09-14,FAMILY,쿠폰 사용,쿠폰명 미확인,coupon_name+order_coupon_name+coupon_code+order_coupon_no+order_product_coupon_name+order_product_coupon_no+product_coupon_type_no,30,29,39,2650920,549370,88364.0
2025-09-14,FAMILY,쿠폰 미사용,쿠폰 미사용,coupon_name+order_coupon_name+coupon_code+order_coupon_no+order_product_coupon_name+order_product_coupon_no+product_coupon_type_no,17,17,21,1145080,0,67357.64705882352
2025-09-14,SILVER,쿠폰 미사용,쿠폰 미사용,coupon_name+order_coupon_name+coupon_code+order_coupon_no+order_product_coupon_name+order_product_coupon_no+product_coupon_type_no,1,1,1,68270,0,68270.0
2025-09-15,FAMILY,쿠폰 사용,쿠폰명 미확인,coupon_name+order_coupon_name+coupon_code+order_coupon_no+order_product_coupon_name+order_product_coupon_no+product_coupon_type_no,55,55,63,4668130,767500,84875.09090909091
2025-09-15,FAMILY,쿠폰 미사용,쿠폰 미사용,coupon_name+order_coupon_name+coupon_code+order_coupon_no+order_product_coupon_name+order_product_coupon_no+product_coupon_type_no,69,68,98,3643960,0,52811.014492753624
2025-09-15,GOLD,쿠폰 미사용,쿠폰 미사용,coupon_name+order_coupon_name+coupon_code+order_coupon_no+order_product_coupon_name+order_product_coupon_no+product_coupon_type_no,3,2,5,236540,0,78846.66666666667
2025-09-15,SILVER,쿠폰 미사용,쿠폰 미사용,coupon_name+order_coupon_name+coupon_code+order_coupon_no+order_product_coupon_name+order_product_coupon_no+product_coupon_type_no,3,2,13,1013410,0,337803.3333333333
2025-09-15,SILVER,쿠폰 사용,쿠폰명 미확인,coupon_name+order_coupon_name+coupon_code+order_coupon_no+order_product_coupon_name+order_product_coupon_no+product_coupon_type_no,3,3,7,369420,63800,123140.0
2025-09-15,TITANIUM,쿠폰 사용,쿠폰명 미확인,coupon_name+order_coupon_name+coupon_code+order_coupon_no+order_product_coupon_name+order_product_coupon_no+product_coupon_type_no,1,1,6,652840,77760,652840.0
2025-09-16,FAMILY,쿠폰 사용,쿠폰명 미확인,coupon_name+order_coupon_name+coupon_code+order_coupon_no+order_product_coupon_name+order_product_coupon_no+product_coupon_type_no,45,45,105,10650980,1392710,236688.44444444444
2025-09-16,FAMILY,쿠폰 미사용,쿠폰 미사용,coupon_name+order_coupon_name+coupon_code+order_coupon_no+order_product_coupon_name+order_product_coupon_no+product_coupon_type_no,29,29,36,1622890,0,55961.724137931036
2025-09-16,GOLD,쿠폰 사용,쿠폰명 미확인,coupon_name+order_coupon_name+coupon_code+order_coupon_no+order_product_coupon_name+order_product_coupon_no+product_coupon_type_no,1,1,47,1619550,189950,1619550.0
2025-09-16,GOLD,쿠폰 미사용,쿠폰 미사용,coupon_name+order_coupon_name+coupon_code+order_coupon_no+order_product_coupon_name+order_product_coupon_no+product_coupon_type_no,1,1,3,105310,0,105310.0
2025-09-16,SILVER,쿠폰 사용,쿠폰명 미확인,coupon_name+order_coupon_name+coupon_code+order_coupon_no+order_product_coupon_name+order_product_coupon_no+product_coupon_type_no,3,3,5,421000,211000,140333.33333333334
2025-09-16,SILVER,쿠폰 미사용,쿠폰 미사용,coupon_name+order_coupon_name+coupon_code+order_coupon_no+order_product_coupon_name+order_product_coupon_no+product_coupon_type_no,1,1,1,82890,0,82890.0
2025-09-16,TITANIUM,쿠폰 사용,쿠폰명 미확인,coupon_name+order_coupon_name+coupon_code+order_coupon_no+order_product_coupon_name+order_product_coupon_no+product_coupon_type_no,1,1,6,252430,33270,252430.0
2025-09-17,FAMILY,쿠폰 사용,쿠폰명 미확인,coupon_name+order_coupon_name+coupon_code+order_coupon_no+order_product_coupon_name+order_product_coupon_no+product_coupon_type_no,44,44,55,3705570,1243620,84217.5
2025-09-17,FAMILY,쿠폰 미사용,쿠폰 미사용,coupon_name+order_coupon_name+coupon_code+order_coupon_no+order_product_coupon_name+order_product_coupon_no+product_coupon_type_no,26,26,33,2114530,0,81328.07692307692
2025-09-17,GOLD,쿠폰 사용,쿠폰명 미확인,coupon_name+order_coupon_name+coupon_code+order_coupon_no+order_product_coupon_name+order_product_coupon_no+product_coupon_type_no,1,1,70,2182000,546000,2182000.0
2025-09-17,SILVER,쿠폰 미사용,쿠폰 미사용,coupon_name+order_coupon_name+coupon_code+order_coupon_no+order_product_coupon_name+order_product_coupon_no+product_coupon_type_no,4,4,6,348730,0,87182.5
2025-09-18,FAMILY,쿠폰 미사용,쿠폰 미사용,coupon_name+order_coupon_name+coupon_code+order_coupon_no+order_product_coupon_name+order_product_coupon_no+product_coupon_type_no,60,60,82,4879840,0,81330.66666666667
2025-09-18,FAMILY,쿠폰 사용,쿠폰명 미확인,coupon_name+order_coupon_name+coupon_code+order_coupon_no+order_product_coupon_name+order_product_coupon_no+product_coupon_type_no,48,48,69,4652080,1168250,96918.33333333333
2025-09-18,GOLD,쿠폰 미사용,쿠폰 미사용,coupon_name+order_coupon_name+coupon_code+order_coupon_no+order_product_coupon_name+order_product_coupon_no+product_coupon_type_no,3,3,6,219600,0,73200.0
2025-09-18,GOLD,쿠폰 사용,쿠폰명 미확인,coupon_name+order_coupon_name+coupon_code+order_coupon_no+order_product_coupon_name+order_product_coupon_no+product_coupon_type_no,1,1,1,113290,29800,113290.0
2025-09-18,SILVER,쿠폰 미사용,쿠폰 미사용,coupon_name+order_coupon_name+coupon_code+order_coupon_no+order_product_coupon_name+order_product_coupon_no+product_coupon_type_no,7,7,10,584170,0,83452.85714285714
2025-09-18,SILVER,쿠폰 사용,쿠폰명 미확인,coupon_name+order_coupon_name+coupon_code+order_coupon_no+order_product_coupon_name+order_product_coupon_no+product_coupon_type_no,4,4,4,355870,100100,88967.5
2025-09-19,FAMILY,쿠폰 미사용,쿠폰 미사용,coupon_name+order_coupon_name+coupon_code+order_coupon_no+order_product_coupon_name+order_product_coupon_no+product_coupon_type_no,48,48,68,5642210,0,117546.04166666667
2025-09-19,FAMILY,쿠폰 사용,쿠폰명 미확인,coupon_name+order_coupon_name+coupon_code+order_coupon_no+order_product_coupon_name+order_product_coupon_no+product_coupon_type_no,42,42,65,4135080,694820,98454.28571428571
2025-09-19,SILVER,쿠폰 사용,쿠폰명 미확인,coupon_name+order_coupon_name+coupon_code+order_coupon_no+order_product_coupon_name+order_product_coupon_no+product_coupon_type_no,4,4,6,1163610,142800,290902.5
2025-09-19,SILVER,쿠폰 미사용,쿠폰 미사용,coupon_name+order_coupon_name+coupon_code+order_coupon_no+order_product_coupon_name+order_product_coupon_no+product_coupon_type_no,5,5,5,760800,0,152160.0
2025-09-19,TITANIUM,쿠폰 미사용,쿠폰 미사용,coupon_name+order_coupon_name+coupon_code+order_coupon_no+order_product_coupon_name+order_product_coupon_no+product_coupon_type_no,1,1,2,224060,0,224060.0
2025-09-20,FAMILY,쿠폰 미사용,쿠폰 미사용,coupon_name+order_coupon_name+coupon_code+order_coupon_no+order_product_coupon_name+order_product_coupon_no+product_coupon_type_no,28,28,35,2133190,0,76185.35714285714
2025-09-20,FAMILY,쿠폰 사용,쿠폰명 미확인,coupon_name+order_coupon_name+coupon_code+order_coupon_no+order_product_coupon_name+order_product_coupon_no+product_coupon_type_no,25,25,29,2067940,309630,82717.6
2025-09-20,GOLD,쿠폰 미사용,쿠폰 미사용,coupon_name+order_coupon_name+coupon_code+order_coupon_no+order_product_coupon_name+order_product_coupon_no+product_coupon_type_no,3,3,7,616670,0,205556.66666666666
2025-09-20,GOLD,쿠폰 사용,쿠폰명 미확인,coupon_name+order_coupon_name+coupon_code+order_coupon_no+order_product_coupon_name+order_product_coupon_no+product_coupon_type_no,3,3,4,312060,61000,104020.0
2025-09-20,SILVER,쿠폰 사용,쿠폰명 미확인,coupon_name+order_coupon_name+coupon_code+order_coupon_no+order_product_coupon_name+order_product_coupon_no+product_coupon_type_no,3,3,5,546850,137650,182283.33333333334
2025-09-20,SILVER,쿠폰 미사용,쿠폰 미사용,coupon_name+order_coupon_name+coupon_code+order_coupon_no+order_product_coupon_name+order_product_coupon_no+product_coupon_type_no,1,1,1,71200,0,71200.0
2025-09-20,TITANIUM,쿠폰 미사용,쿠폰 미사용,coupon_name+order_coupon_name+coupon_code+order_coupon_no+order_product_coupon_name+order_product_coupon_no+product_coupon_type_no,1,1,7,949700,0,949700.0
2025-09-20,TITANIUM,쿠폰 사용,쿠폰명 미확인,coupon_name+order_coupon_name+coupon_code+order_coupon_no+order_product_coupon_name+order_product_coupon_no+product_coupon_type_no,1,1,1,189000,20000,189000.0
2025-09-21,FAMILY,쿠폰 사용,쿠폰명 미확인,coupon_name+order_coupon_name+coupon_code+order_coupon_no+order_product_coupon_name+order_product_coupon_no+product_coupon_type_no,59,59,77,5368480,936420,90991.18644067796
2025-09-21,FAMILY,쿠폰 미사용,쿠폰 미사용,coupon_name+order_coupon_name+coupon_code+order_coupon_no+order_product_coupon_name+order_product_coupon_no+product_coupon_type_no,39,39,52,3633590,0,93168.97435897436
2025-09-21,GOLD,쿠폰 미사용,쿠폰 미사용,coupon_name+order_coupon_name+coupon_code+order_coupon_no+order_product_coupon_name+order_product_coupon_no+product_coupon_type_no,1,1,2,153710,0,153710.0
2025-09-21,GOLD,쿠폰 사용,쿠폰명 미확인,coupon_name+order_coupon_name+coupon_code+order_coupon_no+order_product_coupon_name+order_product_coupon_no+product_coupon_type_no,1,1,1,45540,10000,45540.0
2025-09-21,SILVER,쿠폰 미사용,쿠폰 미사용,coupon_name+order_coupon_name+coupon_code+order_coupon_no+order_product_coupon_name+order_product_coupon_no+product_coupon_type_no,5,5,6,524540,0,104908.0
2025-09-21,SILVER,쿠폰 사용,쿠폰명 미확인,coupon_name+order_coupon_name+coupon_code+order_coupon_no+order_product_coupon_name+order_product_coupon_no+product_coupon_type_no,2,2,2,185440,20000,92720.0
2025-09-21,TITANIUM,쿠폰 사용,쿠폰명 미확인,coupon_name+order_coupon_name+coupon_code+order_coupon_no+order_product_coupon_name+order_product_coupon_no+product_coupon_type_no,1,1,2,198000,10000,198000.0
2025-09-21,TITANIUM,쿠폰 미사용,쿠폰 미사용,coupon_name+order_coupon_name+coupon_code+order_coupon_no+order_product_coupon_name+order_product_coupon_no+product_coupon_type_no,1,1,2,97300,0,97300.0
2025-09-22,FAMILY,쿠폰 사용,쿠폰명 미확인,coupon_name+order_coupon_name+coupon_code+order_coupon_no+order_product_coupon_name+order_product_coupon_no+product_coupon_type_no,51,51,66,4578460,961490,89773.72549019608
2025-09-22,FAMILY,쿠폰 미사용,쿠폰 미사용,coupon_name+order_coupon_name+coupon_code+order_coupon_no+order_product_coupon_name+order_product_coupon_no+product_coupon_type_no,38,38,51,2377470,0,62565.0
2025-09-22,GOLD,쿠폰 미사용,쿠폰 미사용,coupon_name+order_coupon_name+coupon_code+order_coupon_no+order_product_coupon_name+order_product_coupon_no+product_coupon_type_no,2,2,8,446460,0,223230.0
2025-09-22,SILVER,쿠폰 사용,쿠폰명 미확인,coupon_name+order_coupon_name+coupon_code+order_coupon_no+order_product_coupon_name+order_product_coupon_no+product_coupon_type_no,1,1,1,121680,13520,121680.0
2025-09-22,SILVER,쿠폰 미사용,쿠폰 미사용,coupon_name+order_coupon_name+coupon_code+order_coupon_no+order_product_coupon_name+order_product_coupon_no+product_coupon_type_no,1,1,2,60000,0,60000.0
2025-09-22,TITANIUM,쿠폰 미사용,쿠폰 미사용,coupon_name+order_coupon_name+coupon_code+order_coupon_no+order_product_coupon_name+order_product_coupon_no+product_coupon_type_no,1,1,7,687020,0,687020.0
2025-09-22,TITANIUM,쿠폰 사용,쿠폰명 미확인,coupon_name+order_coupon_name+coupon_code+order_coupon_no+order_product_coupon_name+order_product_coupon_no+product_coupon_type_no,1,1,2,162040,10000,162040.0
2025-09-23,FAMILY,쿠폰 사용,쿠폰명 미확인,coupon_name+order_coupon_name+coupon_code+order_coupon_no+order_product_coupon_name+order_product_coupon_no+product_coupon_type_no,63,62,90,5200736,1231134,82551.36507936507
2025-09-23,FAMILY,쿠폰 미사용,쿠폰 미사용,coupon_name+order_coupon_name+coupon_code+order_coupon_no+order_product_coupon_name+order_product_coupon_no+product_coupon_type_no,64,64,85,3308010,0,51687.65625
2025-09-23,GOLD,쿠폰 사용,쿠폰명 미확인,coupon_name+order_coupon_name+coupon_code+order_coupon_no+order_product_coupon_name+order_product_coupon_no+product_coupon_type_no,1,1,2,128550,47800,128550.0
2025-09-23,GOLD,쿠폰 미사용,쿠폰 미사용,coupon_name+order_coupon_name+coupon_code+order_coupon_no+order_product_coupon_name+order_product_coupon_no+product_coupon_type_no,1,1,1,98650,0,98650.0
2025-09-23,SILVER,쿠폰 미사용,쿠폰 미사용,coupon_name+order_coupon_name+coupon_code+order_coupon_no+order_product_coupon_name+order_product_coupon_no+product_coupon_type_no,6,6,16,815960,0,135993.33333333334
2025-09-23,SILVER,쿠폰 사용,쿠폰명 미확인,coupon_name+order_coupon_name+coupon_code+order_coupon_no+order_product_coupon_name+order_product_coupon_no+product_coupon_type_no,3,3,4,428130,73100,142710.0
2025-09-23,TITANIUM,쿠폰 미사용,쿠폰 미사용,coupon_name+order_coupon_name+coupon_code+order_coupon_no+order_product_coupon_name+order_product_coupon_no+product_coupon_type_no,1,1,9,614500,0,614500.0
2025-09-24,FAMILY,쿠폰 사용,쿠폰명 미확인,coupon_name+order_coupon_name+coupon_code+order_coupon_no+order_product_coupon_name+order_product_coupon_no+product_coupon_type_no,56,56,64,4713520,1049470,84170.0
2025-09-24,FAMILY,쿠폰 미사용,쿠폰 미사용,coupon_name+order_coupon_name+coupon_code+order_coupon_no+order_product_coupon_name+order_product_coupon_no+product_coupon_type_no,43,43,51,2651100,0,61653.48837209302
2025-09-24,GOLD,쿠폰 미사용,쿠폰 미사용,coupon_name+order_coupon_name+coupon_code+order_coupon_no+order_product_coupon_name+order_product_coupon_no+product_coupon_type_no,1,1,2,127700,0,127700.0
2025-09-24,GOLD,쿠폰 사용,쿠폰명 미확인,coupon_name+order_coupon_name+coupon_code+order_coupon_no+order_product_coupon_name+order_product_coupon_no+product_coupon_type_no,1,1,3,105320,33800,105320.0
2025-09-24,SILVER,쿠폰 미사용,쿠폰 미사용,coupon_name+order_coupon_name+coupon_code+order_coupon_no+order_product_coupon_name+order_product_coupon_no+product_coupon_type_no,4,4,7,359810,0,89952.5
2025-09-24,SILVER,쿠폰 사용,쿠폰명 미확인,coupon_name+order_coupon_name+coupon_code+order_coupon_no+order_product_coupon_name+order_product_coupon_no+product_coupon_type_no,2,2,2,221580,61800,110790.0
2025-09-25,FAMILY,쿠폰 사용,쿠폰명 미확인,coupon_name+order_coupon_name+coupon_code+order_coupon_no+order_product_coupon_name+order_product_coupon_no+product_coupon_type_no,70,70,79,6992860,1675990,99898.0
2025-09-25,FAMILY,쿠폰 미사용,쿠폰 미사용,coupon_name+order_coupon_name+coupon_code+order_coupon_no+order_product_coupon_name+order_product_coupon_no+product_coupon_type_no,60,60,71,4144070,0,69067.83333333333
2025-09-25,SILVER,쿠폰 사용,쿠폰명 미확인,coupon_name+order_coupon_name+coupon_code+order_coupon_no+order_product_coupon_name+order_product_coupon_no+product_coupon_type_no,6,6,7,858620,129100,143103.33333333334
2025-09-25,SILVER,쿠폰 미사용,쿠폰 미사용,coupon_name+order_coupon_name+coupon_code+order_coupon_no+order_product_coupon_name+order_product_coupon_no+product_coupon_type_no,10,10,12,806400,0,80640.0
2025-09-26,FAMILY,쿠폰 사용,쿠폰명 미확인,coupon_name+order_coupon_name+coupon_code+order_coupon_no+order_product_coupon_name+order_product_coupon_no+product_coupon_type_no,41,41,52,3579790,598040,87311.9512195122
2025-09-26,FAMILY,쿠폰 미사용,쿠폰 미사용,coupon_name+order_coupon_name+coupon_code+order_coupon_no+order_product_coupon_name+order_product_coupon_no+product_coupon_type_no,37,37,48,3443230,0,93060.27027027027
2025-09-26,GOLD,쿠폰 사용,쿠폰명 미확인,coupon_name+order_coupon_name+coupon_code+order_coupon_no+order_product_coupon_name+order_product_coupon_no+product_coupon_type_no,1,1,9,585500,444700,585500.0
2025-09-26,GOLD,쿠폰 미사용,쿠폰 미사용,coupon_name+order_coupon_name+coupon_code+order_coupon_no+order_product_coupon_name+order_product_coupon_no+product_coupon_type_no,2,2,6,448160,0,224080.0
2025-09-26,SILVER,쿠폰 사용,쿠폰명 미확인,coupon_name+order_coupon_name+coupon_code+order_coupon_no+order_product_coupon_name+order_product_coupon_no+product_coupon_type_no,1,1,2,129590,10000,129590.0
2025-09-26,SILVER,쿠폰 미사용,쿠폰 미사용,coupon_name+order_coupon_name+coupon_code+order_coupon_no+order_product_coupon_name+order_product_coupon_no+product_coupon_type_no,2,2,2,64480,0,32240.0
2025-09-27,FAMILY,쿠폰 사용,쿠폰명 미확인,coupon_name+order_coupon_name+coupon_code+order_coupon_no+order_product_coupon_name+order_product_coupon_no+product_coupon_type_no,34,34,38,2752950,455960,80969.11764705883
2025-09-27,FAMILY,쿠폰 미사용,쿠폰 미사용,coupon_name+order_coupon_name+coupon_code+order_coupon_no+order_product_coupon_name+order_product_coupon_no+product_coupon_type_no,32,32,38,2148710,0,67147.1875
2025-09-27,SILVER,쿠폰 사용,쿠폰명 미확인,coupon_name+order_coupon_name+coupon_code+order_coupon_no+order_product_coupon_name+order_product_coupon_no+product_coupon_type_no,2,2,2,423950,45900,211975.0
2025-09-27,SILVER,쿠폰 미사용,쿠폰 미사용,coupon_name+order_coupon_name+coupon_code+order_coupon_no+order_product_coupon_name+order_product_coupon_no+product_coupon_type_no,4,4,6,247270,0,61817.5
2025-09-28,FAMILY,쿠폰 사용,쿠폰명 미확인,coupon_name+order_coupon_name+coupon_code+order_coupon_no+order_product_coupon_name+order_product_coupon_no+product_coupon_type_no,78,78,95,6510070,1237890,83462.43589743589
2025-09-28,FAMILY,쿠폰 미사용,쿠폰 미사용,coupon_name+order_coupon_name+coupon_code+order_coupon_no+order_product_coupon_name+order_product_coupon_no+product_coupon_type_no,116,116,162,6300080,0,54311.03448275862
2025-09-28,SILVER,쿠폰 사용,쿠폰명 미확인,coupon_name+order_coupon_name+coupon_code+order_coupon_no+order_product_coupon_name+order_product_coupon_no+product_coupon_type_no,8,8,12,1385350,259500,173168.75
2025-09-28,SILVER,쿠폰 미사용,쿠폰 미사용,coupon_name+order_coupon_name+coupon_code+order_coupon_no+order_product_coupon_name+order_product_coupon_no+product_coupon_type_no,11,11,15,888980,0,80816.36363636363
2025-09-28,TITANIUM,쿠폰 사용,쿠폰명 미확인,coupon_name+order_coupon_name+coupon_code+order_coupon_no+order_product_coupon_name+order_product_coupon_no+product_coupon_type_no,1,1,1,40310,6900,40310.0
2025-09-29,FAMILY,쿠폰 사용,쿠폰명 미확인,coupon_name+order_coupon_name+coupon_code+order_coupon_no+order_product_coupon_name+order_product_coupon_no+product_coupon_type_no,32,32,37,3081800,461730,96306.25
2025-09-29,FAMILY,쿠폰 미사용,쿠폰 미사용,coupon_name+order_coupon_name+coupon_code+order_coupon_no+order_product_coupon_name+order_product_coupon_no+product_coupon_type_no,26,26,32,2643290,0,101665.0
2025-09-29,GOLD,쿠폰 미사용,쿠폰 미사용,coupon_name+order_coupon_name+coupon_code+order_coupon_no+order_product_coupon_name+order_product_coupon_no+product_coupon_type_no,3,3,5,352920,0,117640.0
2025-09-29,GOLD,쿠폰 사용,쿠폰명 미확인,coupon_name+order_coupon_name+coupon_code+order_coupon_no+order_product_coupon_name+order_product_coupon_no+product_coupon_type_no,1,1,2,305500,69800,305500.0
2025-09-29,SILVER,쿠폰 미사용,쿠폰 미사용,coupon_name+order_coupon_name+coupon_code+order_coupon_no+order_product_coupon_name+order_product_coupon_no+product_coupon_type_no,2,2,5,502120,0,251060.0
2025-09-29,SILVER,쿠폰 사용,쿠폰명 미확인,coupon_name+order_coupon_name+coupon_code+order_coupon_no+order_product_coupon_name+order_product_coupon_no+product_coupon_type_no,3,3,4,303500,61600,101166.66666666667
2025-09-30,FAMILY,쿠폰 사용,쿠폰명 미확인,coupon_name+order_coupon_name+coupon_code+order_coupon_no+order_product_coupon_name+order_product_coupon_no+product_coupon_type_no,40,39,53,4370170,1256550,109254.25
2025-09-30,FAMILY,쿠폰 미사용,쿠폰 미사용,coupon_name+order_coupon_name+coupon_code+order_coupon_no+order_product_coupon_name+order_product_coupon_no+product_coupon_type_no,35,35,46,3072570,0,87787.71428571429
2025-09-30,GOLD,쿠폰 사용,쿠폰명 미확인,coupon_name+order_coupon_name+coupon_code+order_coupon_no+order_product_coupon_name+order_product_coupon_no+product_coupon_type_no,1,1,1,96040,17840,96040.0
2025-09-30,SILVER,쿠폰 사용,쿠폰명 미확인,coupon_name+order_coupon_name+coupon_code+order_coupon_no+order_product_coupon_name+order_product_coupon_no+product_coupon_type_no,3,3,3,290880,43800,96960.0
2025-09-30,SILVER,쿠폰 미사용,쿠폰 미사용,coupon_name+order_coupon_name+coupon_code+order_coupon_no+order_product_coupon_name+order_product_coupon_no+product_coupon_type_no,2,2,2,114770,0,57385.0
2025-10-01,FAMILY,쿠폰 미사용,쿠폰 미사용,coupon_name+order_coupon_name+coupon_code+order_coupon_no+order_product_coupon_name+order_product_coupon_no+product_coupon_type_no,169,168,230,7687240,0,45486.62721893491
2025-10-01,FAMILY,쿠폰 사용,쿠폰명 미확인,coupon_name+order_coupon_name+coupon_code+order_coupon_no+order_product_coupon_name+order_product_coupon_no+product_coupon_type_no,69,69,75,5372780,861920,77866.37681159421
2025-10-01,GOLD,쿠폰 미사용,쿠폰 미사용,coupon_name+order_coupon_name+coupon_code+order_coupon_no+order_product_coupon_name+order_product_coupon_no+product_coupon_type_no,4,3,8,535620,0,133905.0
2025-10-01,SILVER,쿠폰 미사용,쿠폰 미사용,coupon_name+order_coupon_name+coupon_code+order_coupon_no+order_product_coupon_name+order_product_coupon_no+product_coupon_type_no,9,9,10,820800,0,91200.0
2025-10-01,SILVER,쿠폰 사용,쿠폰명 미확인,coupon_name+order_coupon_name+coupon_code+order_coupon_no+order_product_coupon_name+order_product_coupon_no+product_coupon_type_no,4,4,4,302560,94900,75640.0
2025-10-01,TITANIUM,쿠폰 미사용,쿠폰 미사용,coupon_name+order_coupon_name+coupon_code+order_coupon_no+order_product_coupon_name+order_product_coupon_no+product_coupon_type_no,1,1,2,111290,0,111290.0
2025-10-02,FAMILY,쿠폰 미사용,쿠폰 미사용,coupon_name+order_coupon_name+coupon_code+order_coupon_no+order_product_coupon_name+order_product_coupon_no+product_coupon_type_no,66,66,87,3571480,0,54113.333333333336
2025-10-02,FAMILY,쿠폰 사용,쿠폰명 미확인,coupon_name+order_coupon_name+coupon_code+order_coupon_no+order_product_coupon_name+order_product_coupon_no+product_coupon_type_no,44,44,49,3093040,619750,70296.36363636363
2025-10-02,GOLD,쿠폰 미사용,쿠폰 미사용,coupon_name+order_coupon_name+coupon_code+order_coupon_no+order_product_coupon_name+order_product_coupon_no+product_coupon_type_no,1,1,1,14500,0,14500.0
2025-10-02,SILVER,쿠폰 미사용,쿠폰 미사용,coupon_name+order_coupon_name+coupon_code+order_coupon_no+order_product_coupon_name+order_product_coupon_no+product_coupon_type_no,6,6,11,689850,0,114975.0
2025-10-02,SILVER,쿠폰 사용,쿠폰명 미확인,coupon_name+order_coupon_name+coupon_code+order_coupon_no+order_product_coupon_name+order_product_coupon_no+product_coupon_type_no,2,2,4,378800,54730,189400.0
2025-10-03,FAMILY,쿠폰 미사용,쿠폰 미사용,coupon_name+order_coupon_name+coupon_code+order_coupon_no+order_product_coupon_name+order_product_coupon_no+product_coupon_type_no,40,40,54,2752290,0,68807.25
2025-10-03,FAMILY,쿠폰 사용,쿠폰명 미확인,coupon_name+order_coupon_name+coupon_code+order_coupon_no+order_product_coupon_name+order_product_coupon_no+product_coupon_type_no,32,32,38,1998540,356170,62454.375
2025-10-03,SILVER,쿠폰 미사용,쿠폰 미사용,coupon_name+order_coupon_name+coupon_code+order_coupon_no+order_product_coupon_name+order_product_coupon_no+product_coupon_type_no,6,6,11,725010,0,120835.0
2025-10-03,SILVER,쿠폰 사용,쿠폰명 미확인,coupon_name+order_coupon_name+coupon_code+order_coupon_no+order_product_coupon_name+order_product_coupon_no+product_coupon_type_no,4,4,5,403970,81400,100992.5
2025-10-03,TITANIUM,쿠폰 미사용,쿠폰 미사용,coupon_name+order_coupon_name+coupon_code+order_coupon_no+order_product_coupon_name+order_product_coupon_no+product_coupon_type_no,1,1,2,99940,0,99940.0
2025-10-04,FAMILY,쿠폰 사용,쿠폰명 미확인,coupon_name+order_coupon_name+coupon_code+order_coupon_no+order_product_coupon_name+order_product_coupon_no+product_coupon_type_no,30,30,35,2559590,409320,85319.66666666667
2025-10-04,FAMILY,쿠폰 미사용,쿠폰 미사용,coupon_name+order_coupon_name+coupon_code+order_coupon_no+order_product_coupon_name+order_product_coupon_no+product_coupon_type_no,36,36,40,2338130,0,64948.055555555555
2025-10-04,SILVER,쿠폰 미사용,쿠폰 미사용,coupon_name+order_coupon_name+coupon_code+order_coupon_no+order_product_coupon_name+order_product_coupon_no+product_coupon_type_no,3,3,4,76880,0,25626.666666666668
2025-10-05,FAMILY,쿠폰 사용,쿠폰명 미확인,coupon_name+order_coupon_name+coupon_code+order_coupon_no+order_product_coupon_name+order_product_coupon_no+product_coupon_type_no,34,33,43,3084710,672450,90726.76470588235
2025-10-05,FAMILY,쿠폰 미사용,쿠폰 미사용,coupon_name+order_coupon_name+coupon_code+order_coupon_no+order_product_coupon_name+order_product_coupon_no+product_coupon_type_no,44,44,62,2748600,0,62468.181818181816
2025-10-05,GOLD,쿠폰 미사용,쿠폰 미사용,coupon_name+order_coupon_name+coupon_code+order_coupon_no+order_product_coupon_name+order_product_coupon_no+product_coupon_type_no,2,2,2,133490,0,66745.0
2025-10-05,GOLD,쿠폰 사용,쿠폰명 미확인,coupon_name+order_coupon_name+coupon_code+order_coupon_no+order_product_coupon_name+order_product_coupon_no+product_coupon_type_no,1,1,1,99020,29800,99020.0
2025-10-05,SILVER,쿠폰 사용,쿠폰명 미확인,coupon_name+order_coupon_name+coupon_code+order_coupon_no+order_product_coupon_name+order_product_coupon_no+product_coupon_type_no,2,2,3,372350,145400,186175.0
2025-10-05,SILVER,쿠폰 미사용,쿠폰 미사용,coupon_name+order_coupon_name+coupon_code+order_coupon_no+order_product_coupon_name+order_product_coupon_no+product_coupon_type_no,3,3,5,230600,0,76866.66666666667
2025-10-06,FAMILY,쿠폰 미사용,쿠폰 미사용,coupon_name+order_coupon_name+coupon_code+order_coupon_no+order_product_coupon_name+order_product_coupon_no+product_coupon_type_no,40,40,52,2803810,0,70095.25
2025-10-06,FAMILY,쿠폰 사용,쿠폰명 미확인,coupon_name+order_coupon_name+coupon_code+order_coupon_no+order_product_coupon_name+order_product_coupon_no+product_coupon_type_no,24,24,32,1959310,344780,81637.91666666667
2025-10-06,GOLD,쿠폰 사용,쿠폰명 미확인,coupon_name+order_coupon_name+coupon_code+order_coupon_no+order_product_coupon_name+order_product_coupon_no+product_coupon_type_no,1,1,1,51850,10000,51850.0
2025-10-06,SILVER,쿠폰 미사용,쿠폰 미사용,coupon_name+order_coupon_name+coupon_code+order_coupon_no+order_product_coupon_name+order_product_coupon_no+product_coupon_type_no,3,3,4,121160,0,40386.666666666664
2025-10-07,FAMILY,쿠폰 사용,쿠폰명 미확인,coupon_name+order_coupon_name+coupon_code+order_coupon_no+order_product_coupon_name+order_product_coupon_no+product_coupon_type_no,31,31,37,2910090,595300,93873.87096774194
2025-10-07,FAMILY,쿠폰 미사용,쿠폰 미사용,coupon_name+order_coupon_name+coupon_code+order_coupon_no+order_product_coupon_name+order_product_coupon_no+product_coupon_type_no,41,41,53,2401730,0,58578.78048780488
2025-10-07,GOLD,쿠폰 사용,쿠폰명 미확인,coupon_name+order_coupon_name+coupon_code+order_coupon_no+order_product_coupon_name+order_product_coupon_no+product_coupon_type_no,1,1,1,77530,25800,77530.0
2025-10-07,SILVER,쿠폰 사용,쿠폰명 미확인,coupon_name+order_coupon_name+coupon_code+order_coupon_no+order_product_coupon_name+order_product_coupon_no+product_coupon_type_no,2,2,3,357890,131400,178945.0
2025-10-07,SILVER,쿠폰 미사용,쿠폰 미사용,coupon_name+order_coupon_name+coupon_code+order_coupon_no+order_product_coupon_name+order_product_coupon_no+product_coupon_type_no,3,3,4,154480,0,51493.333333333336
2025-10-08,FAMILY,쿠폰 사용,쿠폰명 미확인,coupon_name+order_coupon_name+coupon_code+order_coupon_no+order_product_coupon_name+order_product_coupon_no+product_coupon_type_no,28,28,33,2624110,477640,93718.21428571429
2025-10-08,FAMILY,쿠폰 미사용,쿠폰 미사용,coupon_name+order_coupon_name+coupon_code+order_coupon_no+order_product_coupon_name+order_product_coupon_no+product_coupon_type_no,34,34,43,1992710,0,58609.117647058825
2025-10-08,GOLD,쿠폰 미사용,쿠폰 미사용,coupon_name+order_coupon_name+coupon_code+order_coupon_no+order_product_coupon_name+order_product_coupon_no+product_coupon_type_no,3,3,25,2394300,0,798100.0
2025-10-08,SILVER,쿠폰 사용,쿠폰명 미확인,coupon_name+order_coupon_name+coupon_code+order_coupon_no+order_product_coupon_name+order_product_coupon_no+product_coupon_type_no,1,1,2,153100,19900,153100.0
2025-10-08,SILVER,쿠폰 미사용,쿠폰 미사용,coupon_name+order_coupon_name+coupon_code+order_coupon_no+order_product_coupon_name+order_product_coupon_no+product_coupon_type_no,1,1,1,59000,0,59000.0
2025-10-09,FAMILY,쿠폰 사용,쿠폰명 미확인,coupon_name+order_coupon_name+coupon_code+order_coupon_no+order_product_coupon_name+order_product_coupon_no+product_coupon_type_no,58,58,76,5827780,935950,100478.96551724138
2025-10-09,FAMILY,쿠폰 미사용,쿠폰 미사용,coupon_name+order_coupon_name+coupon_code+order_coupon_no+order_product_coupon_name+order_product_coupon_no+product_coupon_type_no,45,45,63,2966830,0,65929.55555555556
2025-10-09,GOLD,쿠폰 사용,쿠폰명 미확인,coupon_name+order_coupon_name+coupon_code+order_coupon_no+order_product_coupon_name+order_product_coupon_no+product_coupon_type_no,1,1,2,48200,5800,48200.0
2025-10-09,SILVER,쿠폰 미사용,쿠폰 미사용,coupon_name+order_coupon_name+coupon_code+order_coupon_no+order_product_coupon_name+order_product_coupon_no+product_coupon_type_no,2,2,4,352570,0,176285.0
2025-10-09,SILVER,쿠폰 사용,쿠폰명 미확인,coupon_name+order_coupon_name+coupon_code+order_coupon_no+order_product_coupon_name+order_product_coupon_no+product_coupon_type_no,2,2,3,334050,48900,167025.0
2025-10-10,FAMILY,쿠폰 사용,쿠폰명 미확인,coupon_name+order_coupon_name+coupon_code+order_coupon_no+order_product_coupon_name+order_product_coupon_no+product_coupon_type_no,45,44,54,3183770,759180,70750.44444444444
2025-10-10,FAMILY,쿠폰 미사용,쿠폰 미사용,coupon_name+order_coupon_name+coupon_code+order_coupon_no+order_product_coupon_name+order_product_coupon_no+product_coupon_type_no,44,44,55,2962820,0,67336.81818181818
2025-10-10,GOLD,쿠폰 미사용,쿠폰 미사용,coupon_name+order_coupon_name+coupon_code+order_coupon_no+order_product_coupon_name+order_product_coupon_no+product_coupon_type_no,1,1,3,290660,0,290660.0
2025-10-10,GOLD,쿠폰 사용,쿠폰명 미확인,coupon_name+order_coupon_name+coupon_code+order_coupon_no+order_product_coupon_name+order_product_coupon_no+product_coupon_type_no,1,1,2,91300,37600,91300.0
2025-10-10,SILVER,쿠폰 사용,쿠폰명 미확인,coupon_name+order_coupon_name+coupon_code+order_coupon_no+order_product_coupon_name+order_product_coupon_no+product_coupon_type_no,1,1,2,174480,20000,174480.0
2025-10-10,SILVER,쿠폰 미사용,쿠폰 미사용,coupon_name+order_coupon_name+coupon_code+order_coupon_no+order_product_coupon_name+order_product_coupon_no+product_coupon_type_no,3,3,3,113550,0,37850.0
2025-10-11,FAMILY,쿠폰 사용,쿠폰명 미확인,coupon_name+order_coupon_name+coupon_code+order_coupon_no+order_product_coupon_name+order_product_coupon_no+product_coupon_type_no,34,32,36,3146080,605230,92531.76470588235
2025-10-11,FAMILY,쿠폰 미사용,쿠폰 미사용,coupon_name+order_coupon_name+coupon_code+order_coupon_no+order_product_coupon_name+order_product_coupon_no+product_coupon_type_no,44,44,66,2870720,0,65243.63636363636
2025-10-11,GOLD,쿠폰 미사용,쿠폰 미사용,coupon_name+order_coupon_name+coupon_code+order_coupon_no+order_product_coupon_name+order_product_coupon_no+product_coupon_type_no,2,2,2,96000,0,48000.0
2025-10-11,SILVER,쿠폰 미사용,쿠폰 미사용,coupon_name+order_coupon_name+coupon_code+order_coupon_no+order_product_coupon_name+order_product_coupon_no+product_coupon_type_no,5,5,5,371390,0,74278.0
2025-10-12,FAMILY,쿠폰 미사용,쿠폰 미사용,coupon_name+order_coupon_name+coupon_code+order_coupon_no+order_product_coupon_name+order_product_coupon_no+product_coupon_type_no,811,808,1061,30796550,0,37973.551171393345
2025-10-12,FAMILY,쿠폰 사용,쿠폰명 미확인,coupon_name+order_coupon_name+coupon_code+order_coupon_no+order_product_coupon_name+order_product_coupon_no+product_coupon_type_no,222,221,265,13933730,2530860,62764.54954954955
2025-10-12,GOLD,쿠폰 미사용,쿠폰 미사용,coupon_name+order_coupon_name+coupon_code+order_coupon_no+order_product_coupon_name+order_product_coupon_no+product_coupon_type_no,1,1,2,187860,0,187860.0
2025-10-12,SILVER,쿠폰 미사용,쿠폰 미사용,coupon_name+order_coupon_name+coupon_code+order_coupon_no+order_product_coupon_name+order_product_coupon_no+product_coupon_type_no,23,23,33,1980540,0,86110.43478260869
2025-10-12,SILVER,쿠폰 사용,쿠폰명 미확인,coupon_name+order_coupon_name+coupon_code+order_coupon_no+order_product_coupon_name+order_product_coupon_no+product_coupon_type_no,18,18,23,1808250,491400,100458.33333333333
2025-10-13,FAMILY,쿠폰 사용,쿠폰명 미확인,coupon_name+order_coupon_name+coupon_code+order_coupon_no+order_product_coupon_name+order_product_coupon_no+product_coupon_type_no,31,30,37,3217540,713390,103791.6129032258
2025-10-13,FAMILY,쿠폰 미사용,쿠폰 미사용,coupon_name+order_coupon_name+coupon_code+order_coupon_no+order_product_coupon_name+order_product_coupon_no+product_coupon_type_no,27,27,32,2070290,0,76677.4074074074
2025-10-13,GOLD,쿠폰 사용,쿠폰명 미확인,coupon_name+order_coupon_name+coupon_code+order_coupon_no+order_product_coupon_name+order_product_coupon_no+product_coupon_type_no,2,1,2,510400,127600,255200.0
2025-10-13,GOLD,쿠폰 미사용,쿠폰 미사용,coupon_name+order_coupon_name+coupon_code+order_coupon_no+order_product_coupon_name+order_product_coupon_no+product_coupon_type_no,1,1,1,58480,0,58480.0
2025-10-13,SILVER,쿠폰 사용,쿠폰명 미확인,coupon_name+order_coupon_name+coupon_code+order_coupon_no+order_product_coupon_name+order_product_coupon_no+product_coupon_type_no,4,4,5,478480,240500,119620.0
2025-10-13,SILVER,쿠폰 미사용,쿠폰 미사용,coupon_name+order_coupon_name+coupon_code+order_coupon_no+order_product_coupon_name+order_product_coupon_no+product_coupon_type_no,3,3,3,431190,0,143730.0
2025-10-14,FAMILY,쿠폰 사용,쿠폰명 미확인,coupon_name+order_coupon_name+coupon_code+order_coupon_no+order_product_coupon_name+order_product_coupon_no+product_coupon_type_no,24,23,37,2246200,872130,93591.66666666667
2025-10-14,FAMILY,쿠폰 미사용,쿠폰 미사용,coupon_name+order_coupon_name+coupon_code+order_coupon_no+order_product_coupon_name+order_product_coupon_no+product_coupon_type_no,16,16,19,1483140,0,92696.25
2025-10-14,SILVER,쿠폰 사용,쿠폰명 미확인,coupon_name+order_coupon_name+coupon_code+order_coupon_no+order_product_coupon_name+order_product_coupon_no+product_coupon_type_no,6,6,6,685870,123400,114311.66666666667
2025-10-14,SILVER,쿠폰 미사용,쿠폰 미사용,coupon_name+order_coupon_name+coupon_code+order_coupon_no+order_product_coupon_name+order_product_coupon_no+product_coupon_type_no,6,6,8,468380,0,78063.33333333333
2025-10-14,TITANIUM,쿠폰 사용,쿠폰명 미확인,coupon_name+order_coupon_name+coupon_code+order_coupon_no+order_product_coupon_name+order_product_coupon_no+product_coupon_type_no,1,1,1,103200,25800,103200.0
2025-10-15,FAMILY,쿠폰 사용,쿠폰명 미확인,coupon_name+order_coupon_name+coupon_code+order_coupon_no+order_product_coupon_name+order_product_coupon_no+product_coupon_type_no,39,39,50,3787210,652340,97107.94871794872
2025-10-15,FAMILY,쿠폰 미사용,쿠폰 미사용,coupon_name+order_coupon_name+coupon_code+order_coupon_no+order_product_coupon_name+order_product_coupon_no+product_coupon_type_no,19,19,20,1371760,0,72197.8947368421
2025-10-15,GOLD,쿠폰 미사용,쿠폰 미사용,coupon_name+order_coupon_name+coupon_code+order_coupon_no+order_product_coupon_name+order_product_coupon_no+product_coupon_type_no,4,4,5,473040,0,118260.0
2025-10-15,GOLD,쿠폰 사용,쿠폰명 미확인,coupon_name+order_coupon_name+coupon_code+order_coupon_no+order_product_coupon_name+order_product_coupon_no+product_coupon_type_no,1,1,1,116320,31800,116320.0
2025-10-15,SILVER,쿠폰 사용,쿠폰명 미확인,coupon_name+order_coupon_name+coupon_code+order_coupon_no+order_product_coupon_name+order_product_coupon_no+product_coupon_type_no,3,3,6,518970,272200,172990.0
2025-10-15,SILVER,쿠폰 미사용,쿠폰 미사용,coupon_name+order_coupon_name+coupon_code+order_coupon_no+order_product_coupon_name+order_product_coupon_no+product_coupon_type_no,1,1,1,42680,0,42680.0
2025-10-16,FAMILY,쿠폰 사용,쿠폰명 미확인,coupon_name+order_coupon_name+coupon_code+order_coupon_no+order_product_coupon_name+order_product_coupon_no+product_coupon_type_no,32,32,40,3157200,534710,98662.5
2025-10-16,FAMILY,쿠폰 미사용,쿠폰 미사용,coupon_name+order_coupon_name+coupon_code+order_coupon_no+order_product_coupon_name+order_product_coupon_no+product_coupon_type_no,21,21,23,1658600,0,78980.95238095238
2025-10-16,GOLD,쿠폰 사용,쿠폰명 미확인,coupon_name+order_coupon_name+coupon_code+order_coupon_no+order_product_coupon_name+order_product_coupon_no+product_coupon_type_no,1,1,1,120200,43800,120200.0
2025-10-17,FAMILY,쿠폰 사용,쿠폰명 미확인,coupon_name+order_coupon_name+coupon_code+order_coupon_no+order_product_coupon_name+order_product_coupon_no+product_coupon_type_no,47,47,52,5054309,1024770,107538.48936170213
2025-10-17,FAMILY,쿠폰 미사용,쿠폰 미사용,coupon_name+order_coupon_name+coupon_code+order_coupon_no+order_product_coupon_name+order_product_coupon_no+product_coupon_type_no,25,25,30,2296089,0,91843.56
2025-10-17,GOLD,쿠폰 사용,쿠폰명 미확인,coupon_name+order_coupon_name+coupon_code+order_coupon_no+order_product_coupon_name+order_product_coupon_no+product_coupon_type_no,1,1,1,567100,129900,567100.0
2025-10-17,GOLD,쿠폰 미사용,쿠폰 미사용,coupon_name+order_coupon_name+coupon_code+order_coupon_no+order_product_coupon_name+order_product_coupon_no+product_coupon_type_no,3,3,3,255699,0,85233.0
2025-10-17,SILVER,쿠폰 미사용,쿠폰 미사용,coupon_name+order_coupon_name+coupon_code+order_coupon_no+order_product_coupon_name+order_product_coupon_no+product_coupon_type_no,1,1,1,172860,0,172860.0
2025-10-18,FAMILY,쿠폰 사용,쿠폰명 미확인,coupon_name+order_coupon_name+coupon_code+order_coupon_no+order_product_coupon_name+order_product_coupon_no+product_coupon_type_no,37,37,43,4191890,586170,113294.32432432432
2025-10-18,FAMILY,쿠폰 미사용,쿠폰 미사용,coupon_name+order_coupon_name+coupon_code+order_coupon_no+order_product_coupon_name+order_product_coupon_no+product_coupon_type_no,33,33,36,2532510,0,76742.72727272728
2025-10-18,GOLD,쿠폰 사용,쿠폰명 미확인,coupon_name+order_coupon_name+coupon_code+order_coupon_no+order_product_coupon_name+order_product_coupon_no+product_coupon_type_no,2,2,3,353820,79600,176910.0
2025-10-18,GOLD,쿠폰 미사용,쿠폰 미사용,coupon_name+order_coupon_name+coupon_code+order_coupon_no+order_product_coupon_name+order_product_coupon_no+product_coupon_type_no,3,2,4,232730,0,77576.66666666667
2025-10-18,SILVER,쿠폰 미사용,쿠폰 미사용,coupon_name+order_coupon_name+coupon_code+order_coupon_no+order_product_coupon_name+order_product_coupon_no+product_coupon_type_no,2,2,2,171010,0,85505.0
2025-10-18,SILVER,쿠폰 사용,쿠폰명 미확인,coupon_name+order_coupon_name+coupon_code+order_coupon_no+order_product_coupon_name+order_product_coupon_no+product_coupon_type_no,1,1,2,120380,31600,120380.0
2025-10-19,FAMILY,쿠폰 사용,쿠폰명 미확인,coupon_name+order_coupon_name+coupon_code+order_coupon_no+order_product_coupon_name+order_product_coupon_no+product_coupon_type_no,41,41,56,5246570,786960,127965.12195121951
2025-10-19,FAMILY,쿠폰 미사용,쿠폰 미사용,coupon_name+order_coupon_name+coupon_code+order_coupon_no+order_product_coupon_name+order_product_coupon_no+product_coupon_type_no,39,38,47,3287870,0,84304.35897435897
2025-10-19,GOLD,쿠폰 사용,쿠폰명 미확인,coupon_name+order_coupon_name+coupon_code+order_coupon_no+order_product_coupon_name+order_product_coupon_no+product_coupon_type_no,2,2,6,379200,55800,189600.0
2025-10-19,GOLD,쿠폰 미사용,쿠폰 미사용,coupon_name+order_coupon_name+coupon_code+order_coupon_no+order_product_coupon_name+order_product_coupon_no+product_coupon_type_no,1,1,1,113000,0,113000.0
2025-10-19,SILVER,쿠폰 사용,쿠폰명 미확인,coupon_name+order_coupon_name+coupon_code+order_coupon_no+order_product_coupon_name+order_product_coupon_no+product_coupon_type_no,1,1,6,422100,51900,422100.0
2025-10-19,SILVER,쿠폰 미사용,쿠폰 미사용,coupon_name+order_coupon_name+coupon_code+order_coupon_no+order_product_coupon_name+order_product_coupon_no+product_coupon_type_no,1,1,2,28760,0,28760.0
2025-10-20,FAMILY,쿠폰 사용,쿠폰명 미확인,coupon_name+order_coupon_name+coupon_code+order_coupon_no+order_product_coupon_name+order_product_coupon_no+product_coupon_type_no,56,49,71,7126280,2564870,127255.0
2025-10-20,FAMILY,쿠폰 미사용,쿠폰 미사용,coupon_name+order_coupon_name+coupon_code+order_coupon_no+order_product_coupon_name+order_product_coupon_no+product_coupon_type_no,21,21,27,1616740,0,76987.61904761905
2025-10-20,GOLD,쿠폰 미사용,쿠폰 미사용,coupon_name+order_coupon_name+coupon_code+order_coupon_no+order_product_coupon_name+order_product_coupon_no+product_coupon_type_no,3,3,6,671450,0,223816.66666666666
2025-10-20,SILVER,쿠폰 사용,쿠폰명 미확인,coupon_name+order_coupon_name+coupon_code+order_coupon_no+order_product_coupon_name+order_product_coupon_no+product_coupon_type_no,3,3,6,640400,102900,213466.66666666666
2025-10-20,SILVER,쿠폰 미사용,쿠폰 미사용,coupon_name+order_coupon_name+coupon_code+order_coupon_no+order_product_coupon_name+order_product_coupon_no+product_coupon_type_no,4,4,4,395680,0,98920.0
2025-10-21,FAMILY,쿠폰 사용,쿠폰명 미확인,coupon_name+order_coupon_name+coupon_code+order_coupon_no+order_product_coupon_name+order_product_coupon_no+product_coupon_type_no,69,69,88,8627690,1691320,125038.98550724638
2025-10-21,FAMILY,쿠폰 미사용,쿠폰 미사용,coupon_name+order_coupon_name+coupon_code+order_coupon_no+order_product_coupon_name+order_product_coupon_no+product_coupon_type_no,38,38,47,2603650,0,68517.1052631579
2025-10-21,GOLD,쿠폰 미사용,쿠폰 미사용,coupon_name+order_coupon_name+coupon_code+order_coupon_no+order_product_coupon_name+order_product_coupon_no+product_coupon_type_no,2,2,3,244000,0,122000.0
2025-10-21,GOLD,쿠폰 사용,쿠폰명 미확인,coupon_name+order_coupon_name+coupon_code+order_coupon_no+order_product_coupon_name+order_product_coupon_no+product_coupon_type_no,1,1,1,219000,10000,219000.0
2025-10-21,SILVER,쿠폰 사용,쿠폰명 미확인,coupon_name+order_coupon_name+coupon_code+order_coupon_no+order_product_coupon_name+order_product_coupon_no+product_coupon_type_no,7,7,13,1651420,168030,235917.14285714287
2025-10-21,SILVER,쿠폰 미사용,쿠폰 미사용,coupon_name+order_coupon_name+coupon_code+order_coupon_no+order_product_coupon_name+order_product_coupon_no+product_coupon_type_no,6,5,8,1202080,0,200346.66666666666
2025-10-22,FAMILY,쿠폰 사용,쿠폰명 미확인,coupon_name+order_coupon_name+coupon_code+order_coupon_no+order_product_coupon_name+order_product_coupon_no+product_coupon_type_no,43,43,58,5045390,619330,117334.6511627907
2025-10-22,FAMILY,쿠폰 미사용,쿠폰 미사용,coupon_name+order_coupon_name+coupon_code+order_coupon_no+order_product_coupon_name+order_product_coupon_no+product_coupon_type_no,24,24,28,2310290,0,96262.08333333333
2025-10-22,GOLD,쿠폰 미사용,쿠폰 미사용,coupon_name+order_coupon_name+coupon_code+order_coupon_no+order_product_coupon_name+order_product_coupon_no+product_coupon_type_no,1,1,1,127200,0,127200.0
2025-10-22,GOLD,쿠폰 사용,쿠폰명 미확인,coupon_name+order_coupon_name+coupon_code+order_coupon_no+order_product_coupon_name+order_product_coupon_no+product_coupon_type_no,1,1,1,97270,10000,97270.0
2025-10-22,SILVER,쿠폰 사용,쿠폰명 미확인,coupon_name+order_coupon_name+coupon_code+order_coupon_no+order_product_coupon_name+order_product_coupon_no+product_coupon_type_no,4,4,8,1183460,163060,295865.0
2025-10-22,SILVER,쿠폰 미사용,쿠폰 미사용,coupon_name+order_coupon_name+coupon_code+order_coupon_no+order_product_coupon_name+order_product_coupon_no+product_coupon_type_no,5,5,8,556110,0,111222.0
2025-10-23,FAMILY,쿠폰 사용,쿠폰명 미확인,coupon_name+order_coupon_name+coupon_code+order_coupon_no+order_product_coupon_name+order_product_coupon_no+product_coupon_type_no,43,43,62,5253330,783210,122170.46511627907
2025-10-23,FAMILY,쿠폰 미사용,쿠폰 미사용,coupon_name+order_coupon_name+coupon_code+order_coupon_no+order_product_coupon_name+order_product_coupon_no+product_coupon_type_no,27,27,35,2651830,0,98215.92592592593
2025-10-23,GOLD,쿠폰 미사용,쿠폰 미사용,coupon_name+order_coupon_name+coupon_code+order_coupon_no+order_product_coupon_name+order_product_coupon_no+product_coupon_type_no,1,1,1,139000,0,139000.0
2025-10-23,SILVER,쿠폰 미사용,쿠폰 미사용,coupon_name+order_coupon_name+coupon_code+order_coupon_no+order_product_coupon_name+order_product_coupon_no+product_coupon_type_no,6,6,7,450190,0,75031.66666666667
2025-10-23,SILVER,쿠폰 사용,쿠폰명 미확인,coupon_name+order_coupon_name+coupon_code+order_coupon_no+order_product_coupon_name+order_product_coupon_no+product_coupon_type_no,3,3,5,433650,44600,144550.0
2025-10-23,TITANIUM,쿠폰 사용,쿠폰명 미확인,coupon_name+order_coupon_name+coupon_code+order_coupon_no+order_product_coupon_name+order_product_coupon_no+product_coupon_type_no,1,1,7,1194240,60000,1194240.0
2025-10-23,TITANIUM,쿠폰 미사용,쿠폰 미사용,coupon_name+order_coupon_name+coupon_code+order_coupon_no+order_product_coupon_name+order_product_coupon_no+product_coupon_type_no,1,1,1,52690,0,52690.0
2025-10-24,FAMILY,쿠폰 사용,쿠폰명 미확인,coupon_name+order_coupon_name+coupon_code+order_coupon_no+order_product_coupon_name+order_product_coupon_no+product_coupon_type_no,36,36,51,4853650,1512130,134823.61111111112
2025-10-24,FAMILY,쿠폰 미사용,쿠폰 미사용,coupon_name+order_coupon_name+coupon_code+order_coupon_no+order_product_coupon_name+order_product_coupon_no+product_coupon_type_no,19,19,29,2957700,0,155668.42105263157
2025-10-24,GOLD,쿠폰 미사용,쿠폰 미사용,coupon_name+order_coupon_name+coupon_code+order_coupon_no+order_product_coupon_name+order_product_coupon_no+product_coupon_type_no,1,1,4,273600,0,273600.0
2025-10-24,SILVER,쿠폰 사용,쿠폰명 미확인,coupon_name+order_coupon_name+coupon_code+order_coupon_no+order_product_coupon_name+order_product_coupon_no+product_coupon_type_no,4,4,6,550980,119600,137745.0
2025-10-24,SILVER,쿠폰 미사용,쿠폰 미사용,coupon_name+order_coupon_name+coupon_code+order_coupon_no+order_product_coupon_name+order_product_coupon_no+product_coupon_type_no,4,4,4,222190,0,55547.5
2025-10-25,FAMILY,쿠폰 사용,쿠폰명 미확인,coupon_name+order_coupon_name+coupon_code+order_coupon_no+order_product_coupon_name+order_product_coupon_no+product_coupon_type_no,24,24,33,2753710,523940,114737.91666666667
2025-10-25,FAMILY,쿠폰 미사용,쿠폰 미사용,coupon_name+order_coupon_name+coupon_code+order_coupon_no+order_product_coupon_name+order_product_coupon_no+product_coupon_type_no,14,14,16,1403680,0,100262.85714285714
2025-10-25,GOLD,쿠폰 미사용,쿠폰 미사용,coupon_name+order_coupon_name+coupon_code+order_coupon_no+order_product_coupon_name+order_product_coupon_no+product_coupon_type_no,2,2,3,246540,0,123270.0
2025-10-25,SILVER,쿠폰 미사용,쿠폰 미사용,coupon_name+order_coupon_name+coupon_code+order_coupon_no+order_product_coupon_name+order_product_coupon_no+product_coupon_type_no,3,3,8,568120,0,189373.33333333334
2025-10-25,SILVER,쿠폰 사용,쿠폰명 미확인,coupon_name+order_coupon_name+coupon_code+order_coupon_no+order_product_coupon_name+order_product_coupon_no+product_coupon_type_no,3,3,4,553460,50900,184486.66666666666
2025-10-26,FAMILY,쿠폰 사용,쿠폰명 미확인,coupon_name+order_coupon_name+coupon_code+order_coupon_no+order_product_coupon_name+order_product_coupon_no+product_coupon_type_no,48,48,63,5310420,750470,110633.75
2025-10-26,FAMILY,쿠폰 미사용,쿠폰 미사용,coupon_name+order_coupon_name+coupon_code+order_coupon_no+order_product_coupon_name+order_product_coupon_no+product_coupon_type_no,12,12,20,1285380,0,107115.0
2025-10-26,GOLD,쿠폰 사용,쿠폰명 미확인,coupon_name+order_coupon_name+coupon_code+order_coupon_no+order_product_coupon_name+order_product_coupon_no+product_coupon_type_no,2,2,2,777860,84400,388930.0
2025-10-26,GOLD,쿠폰 미사용,쿠폰 미사용,coupon_name+order_coupon_name+coupon_code+order_coupon_no+order_product_coupon_name+order_product_coupon_no+product_coupon_type_no,2,2,3,251800,0,125900.0
2025-10-26,SILVER,쿠폰 사용,쿠폰명 미확인,coupon_name+order_coupon_name+coupon_code+order_coupon_no+order_product_coupon_name+order_product_coupon_no+product_coupon_type_no,5,5,6,1499100,188100,299820.0
2025-10-26,SILVER,쿠폰 미사용,쿠폰 미사용,coupon_name+order_coupon_name+coupon_code+order_coupon_no+order_product_coupon_name+order_product_coupon_no+product_coupon_type_no,3,3,3,313400,0,104466.66666666667
2025-10-27,FAMILY,쿠폰 사용,쿠폰명 미확인,coupon_name+order_coupon_name+coupon_code+order_coupon_no+order_product_coupon_name+order_product_coupon_no+product_coupon_type_no,66,66,99,7523530,1838960,113992.87878787878
2025-10-27,FAMILY,쿠폰 미사용,쿠폰 미사용,coupon_name+order_coupon_name+coupon_code+order_coupon_no+order_product_coupon_name+order_product_coupon_no+product_coupon_type_no,40,39,47,3237840,0,80946.0
2025-10-27,GOLD,쿠폰 미사용,쿠폰 미사용,coupon_name+order_coupon_name+coupon_code+order_coupon_no+order_product_coupon_name+order_product_coupon_no+product_coupon_type_no,1,1,1,137730,0,137730.0
2025-10-27,SILVER,쿠폰 사용,쿠폰명 미확인,coupon_name+order_coupon_name+coupon_code+order_coupon_no+order_product_coupon_name+order_product_coupon_no+product_coupon_type_no,11,11,13,2849590,462930,259053.63636363635
2025-10-27,SILVER,쿠폰 미사용,쿠폰 미사용,coupon_name+order_coupon_name+coupon_code+order_coupon_no+order_product_coupon_name+order_product_coupon_no+product_coupon_type_no,2,2,2,242320,0,121160.0
2025-10-27,TITANIUM,쿠폰 사용,쿠폰명 미확인,coupon_name+order_coupon_name+coupon_code+order_coupon_no+order_product_coupon_name+order_product_coupon_no+product_coupon_type_no,2,1,13,2010300,80000,1005150.0
2025-10-27,TITANIUM,쿠폰 미사용,쿠폰 미사용,coupon_name+order_coupon_name+coupon_code+order_coupon_no+order_product_coupon_name+order_product_coupon_no+product_coupon_type_no,1,1,4,284000,0,284000.0
2025-10-28,FAMILY,쿠폰 사용,쿠폰명 미확인,coupon_name+order_coupon_name+coupon_code+order_coupon_no+order_product_coupon_name+order_product_coupon_no+product_coupon_type_no,60,57,79,7759330,1966220,129322.16666666667
2025-10-28,FAMILY,쿠폰 미사용,쿠폰 미사용,coupon_name+order_coupon_name+coupon_code+order_coupon_no+order_product_coupon_name+order_product_coupon_no+product_coupon_type_no,18,18,27,1708870,0,94937.22222222222
2025-10-28,GOLD,쿠폰 사용,쿠폰명 미확인,coupon_name+order_coupon_name+coupon_code+order_coupon_no+order_product_coupon_name+order_product_coupon_no+product_coupon_type_no,3,3,7,2216340,407500,738780.0
2025-10-28,GOLD,쿠폰 미사용,쿠폰 미사용,coupon_name+order_coupon_name+coupon_code+order_coupon_no+order_product_coupon_name+order_product_coupon_no+product_coupon_type_no,1,1,1,99000,0,99000.0
2025-10-28,SILVER,쿠폰 사용,쿠폰명 미확인,coupon_name+order_coupon_name+coupon_code+order_coupon_no+order_product_coupon_name+order_product_coupon_no+product_coupon_type_no,4,4,4,1006880,100400,251720.0
2025-10-28,SILVER,쿠폰 미사용,쿠폰 미사용,coupon_name+order_coupon_name+coupon_code+order_coupon_no+order_product_coupon_name+order_product_coupon_no+product_coupon_type_no,6,6,7,834360,0,139060.0
2025-10-29,FAMILY,쿠폰 사용,쿠폰명 미확인,coupon_name+order_coupon_name+coupon_code+order_coupon_no+order_product_coupon_name+order_product_coupon_no+product_coupon_type_no,52,51,72,6986440,2440160,134354.61538461538
2025-10-29,FAMILY,쿠폰 미사용,쿠폰 미사용,coupon_name+order_coupon_name+coupon_code+order_coupon_no+order_product_coupon_name+order_product_coupon_no+product_coupon_type_no,30,30,34,2642140,0,88071.33333333333
2025-10-29,GOLD,쿠폰 사용,쿠폰명 미확인,coupon_name+order_coupon_name+coupon_code+order_coupon_no+order_product_coupon_name+order_product_coupon_no+product_coupon_type_no,1,1,2,171300,57600,171300.0
2025-10-29,GOLD,쿠폰 미사용,쿠폰 미사용,coupon_name+order_coupon_name+coupon_code+order_coupon_no+order_product_coupon_name+order_product_coupon_no+product_coupon_type_no,1,1,1,25370,0,25370.0
2025-10-29,SILVER,쿠폰 사용,쿠폰명 미확인,coupon_name+order_coupon_name+coupon_code+order_coupon_no+order_product_coupon_name+order_product_coupon_no+product_coupon_type_no,4,4,7,901660,150440,225415.0
2025-10-29,SILVER,쿠폰 미사용,쿠폰 미사용,coupon_name+order_coupon_name+coupon_code+order_coupon_no+order_product_coupon_name+order_product_coupon_no+product_coupon_type_no,3,2,8,183790,0,61263.333333333336
2025-10-30,FAMILY,쿠폰 사용,쿠폰명 미확인,coupon_name+order_coupon_name+coupon_code+order_coupon_no+order_product_coupon_name+order_product_coupon_no+product_coupon_type_no,36,35,46,4708900,896260,130802.77777777778
2025-10-30,FAMILY,쿠폰 미사용,쿠폰 미사용,coupon_name+order_coupon_name+coupon_code+order_coupon_no+order_product_coupon_name+order_product_coupon_no+product_coupon_type_no,11,11,12,825710,0,75064.54545454546
2025-10-30,GOLD,쿠폰 미사용,쿠폰 미사용,coupon_name+order_coupon_name+coupon_code+order_coupon_no+order_product_coupon_name+order_product_coupon_no+product_coupon_type_no,2,2,2,143200,0,71600.0
2025-10-30,GOLD,쿠폰 사용,쿠폰명 미확인,coupon_name+order_coupon_name+coupon_code+order_coupon_no+order_product_coupon_name+order_product_coupon_no+product_coupon_type_no,1,1,2,128000,10000,128000.0
2025-10-30,SILVER,쿠폰 사용,쿠폰명 미확인,coupon_name+order_coupon_name+coupon_code+order_coupon_no+order_product_coupon_name+order_product_coupon_no+product_coupon_type_no,4,4,7,1061250,124320,265312.5
2025-10-30,SILVER,쿠폰 미사용,쿠폰 미사용,coupon_name+order_coupon_name+coupon_code+order_coupon_no+order_product_coupon_name+order_product_coupon_no+product_coupon_type_no,7,7,9,564070,0,80581.42857142857
2025-10-30,TITANIUM,쿠폰 사용,쿠폰명 미확인,coupon_name+order_coupon_name+coupon_code+order_coupon_no+order_product_coupon_name+order_product_coupon_no+product_coupon_type_no,2,2,122,3274600,738000,1637300.0
2025-10-31,FAMILY,쿠폰 사용,쿠폰명 미확인,coupon_name+order_coupon_name+coupon_code+order_coupon_no+order_product_coupon_name+order_product_coupon_no+product_coupon_type_no,39,39,42,4333860,895340,111124.61538461539
2025-10-31,FAMILY,쿠폰 미사용,쿠폰 미사용,coupon_name+order_coupon_name+coupon_code+order_coupon_no+order_product_coupon_name+order_product_coupon_no+product_coupon_type_no,18,18,22,1192090,0,66227.22222222222
2025-10-31,SILVER,쿠폰 사용,쿠폰명 미확인,coupon_name+order_coupon_name+coupon_code+order_coupon_no+order_product_coupon_name+order_product_coupon_no+product_coupon_type_no,8,8,17,3011570,477800,376446.25
2025-10-31,SILVER,쿠폰 미사용,쿠폰 미사용,coupon_name+order_coupon_name+coupon_code+order_coupon_no+order_product_coupon_name+order_product_coupon_no+product_coupon_type_no,5,5,8,311210,0,62242.0
2025-10-31,TITANIUM,쿠폰 사용,쿠폰명 미확인,coupon_name+order_coupon_name+coupon_code+order_coupon_no+order_product_coupon_name+order_product_coupon_no+product_coupon_type_no,1,1,1,270000,93800,270000.0
2025-11-01,FAMILY,쿠폰 사용,쿠폰명 미확인,coupon_name+order_coupon_name+coupon_code+order_coupon_no+order_product_coupon_name+order_product_coupon_no+product_coupon_type_no,34,33,42,3645520,662940,107221.17647058824
2025-11-01,FAMILY,쿠폰 미사용,쿠폰 미사용,coupon_name+order_coupon_name+coupon_code+order_coupon_no+order_product_coupon_name+order_product_coupon_no+product_coupon_type_no,10,10,14,919970,0,91997.0
2025-11-01,GOLD,쿠폰 미사용,쿠폰 미사용,coupon_name+order_coupon_name+coupon_code+order_coupon_no+order_product_coupon_name+order_product_coupon_no+product_coupon_type_no,1,1,1,132600,0,132600.0
2025-11-01,SILVER,쿠폰 미사용,쿠폰 미사용,coupon_name+order_coupon_name+coupon_code+order_coupon_no+order_product_coupon_name+order_product_coupon_no+product_coupon_type_no,2,2,2,61150,0,30575.0
2025-11-02,FAMILY,쿠폰 사용,쿠폰명 미확인,coupon_name+order_coupon_name+coupon_code+order_coupon_no+order_product_coupon_name+order_product_coupon_no+product_coupon_type_no,50,50,61,6696150,1559530,133923.0
2025-11-02,FAMILY,쿠폰 미사용,쿠폰 미사용,coupon_name+order_coupon_name+coupon_code+order_coupon_no+order_product_coupon_name+order_product_coupon_no+product_coupon_type_no,20,20,24,1350060,0,67503.0
2025-11-02,GOLD,쿠폰 사용,쿠폰명 미확인,coupon_name+order_coupon_name+coupon_code+order_coupon_no+order_product_coupon_name+order_product_coupon_no+product_coupon_type_no,1,1,3,157000,10000,157000.0
2025-11-02,SILVER,쿠폰 사용,쿠폰명 미확인,coupon_name+order_coupon_name+coupon_code+order_coupon_no+order_product_coupon_name+order_product_coupon_no+product_coupon_type_no,3,3,4,1166610,142800,388870.0
2025-11-02,SILVER,쿠폰 미사용,쿠폰 미사용,coupon_name+order_coupon_name+coupon_code+order_coupon_no+order_product_coupon_name+order_product_coupon_no+product_coupon_type_no,2,2,2,270520,0,135260.0
2025-11-03,FAMILY,쿠폰 사용,쿠폰명 미확인,coupon_name+order_coupon_name+coupon_code+order_coupon_no+order_product_coupon_name+order_product_coupon_no+product_coupon_type_no,57,57,68,7192580,1746330,126185.61403508772
2025-11-03,FAMILY,쿠폰 미사용,쿠폰 미사용,coupon_name+order_coupon_name+coupon_code+order_coupon_no+order_product_coupon_name+order_product_coupon_no+product_coupon_type_no,31,31,39,2287880,0,73802.58064516129
2025-11-03,GOLD,쿠폰 미사용,쿠폰 미사용,coupon_name+order_coupon_name+coupon_code+order_coupon_no+order_product_coupon_name+order_product_coupon_no+product_coupon_type_no,3,3,3,219990,0,73330.0
2025-11-03,SILVER,쿠폰 사용,쿠폰명 미확인,coupon_name+order_coupon_name+coupon_code+order_coupon_no+order_product_coupon_name+order_product_coupon_no+product_coupon_type_no,7,6,9,3133950,462600,447707.14285714284
2025-11-03,SILVER,쿠폰 미사용,쿠폰 미사용,coupon_name+order_coupon_name+coupon_code+order_coupon_no+order_product_coupon_name+order_product_coupon_no+product_coupon_type_no,9,9,15,1406890,0,156321.11111111112
2025-11-03,TITANIUM,쿠폰 사용,쿠폰명 미확인,coupon_name+order_coupon_name+coupon_code+order_coupon_no+order_product_coupon_name+order_product_coupon_no+product_coupon_type_no,2,2,6,493010,118300,246505.0
2025-11-04,FAMILY,쿠폰 사용,쿠폰명 미확인,coupon_name+order_coupon_name+coupon_code+order_coupon_no+order_product_coupon_name+order_product_coupon_no+product_coupon_type_no,55,55,65,6201710,1229850,112758.36363636363
2025-11-04,FAMILY,쿠폰 미사용,쿠폰 미사용,coupon_name+order_coupon_name+coupon_code+order_coupon_no+order_product_coupon_name+order_product_coupon_no+product_coupon_type_no,21,21,27,2024010,0,96381.42857142857
2025-11-04,GOLD,쿠폰 사용,쿠폰명 미확인,coupon_name+order_coupon_name+coupon_code+order_coupon_no+order_product_coupon_name+order_product_coupon_no+product_coupon_type_no,5,2,9,2544870,252900,508974.0
2025-11-04,GOLD,쿠폰 미사용,쿠폰 미사용,coupon_name+order_coupon_name+coupon_code+order_coupon_no+order_product_coupon_name+order_product_coupon_no+product_coupon_type_no,2,1,5,133000,0,66500.0
2025-11-04,SILVER,쿠폰 사용,쿠폰명 미확인,coupon_name+order_coupon_name+coupon_code+order_coupon_no+order_product_coupon_name+order_product_coupon_no+product_coupon_type_no,3,3,3,1024570,130200,341523.3333333333
2025-11-04,SILVER,쿠폰 미사용,쿠폰 미사용,coupon_name+order_coupon_name+coupon_code+order_coupon_no+order_product_coupon_name+order_product_coupon_no+product_coupon_type_no,2,2,3,110110,0,55055.0
2025-11-05,FAMILY,쿠폰 사용,쿠폰명 미확인,coupon_name+order_coupon_name+coupon_code+order_coupon_no+order_product_coupon_name+order_product_coupon_no+product_coupon_type_no,36,36,41,3946750,736020,109631.94444444444
2025-11-05,FAMILY,쿠폰 미사용,쿠폰 미사용,coupon_name+order_coupon_name+coupon_code+order_coupon_no+order_product_coupon_name+order_product_coupon_no+product_coupon_type_no,25,25,32,2173810,0,86952.4
2025-11-05,GOLD,쿠폰 미사용,쿠폰 미사용,coupon_name+order_coupon_name+coupon_code+order_coupon_no+order_product_coupon_name+order_product_coupon_no+product_coupon_type_no,1,1,1,28600,0,28600.0
2025-11-05,SILVER,쿠폰 사용,쿠폰명 미확인,coupon_name+order_coupon_name+coupon_code+order_coupon_no+order_product_coupon_name+order_product_coupon_no+product_coupon_type_no,3,3,16,2034830,228050,678276.6666666666
2025-11-05,SILVER,쿠폰 미사용,쿠폰 미사용,coupon_name+order_coupon_name+coupon_code+order_coupon_no+order_product_coupon_name+order_product_coupon_no+product_coupon_type_no,3,3,4,411060,0,137020.0
2025-11-05,TITANIUM,쿠폰 미사용,쿠폰 미사용,coupon_name+order_coupon_name+coupon_code+order_coupon_no+order_product_coupon_name+order_product_coupon_no+product_coupon_type_no,1,1,1,104650,0,104650.0
2025-11-06,FAMILY,쿠폰 사용,쿠폰명 미확인,coupon_name+order_coupon_name+coupon_code+order_coupon_no+order_product_coupon_name+order_product_coupon_no+product_coupon_type_no,36,36,46,3810390,800210,105844.16666666667
2025-11-06,FAMILY,쿠폰 미사용,쿠폰 미사용,coupon_name+order_coupon_name+coupon_code+order_coupon_no+order_product_coupon_name+order_product_coupon_no+product_coupon_type_no,17,17,21,828770,0,48751.17647058824
2025-11-06,SILVER,쿠폰 미사용,쿠폰 미사용,coupon_name+order_coupon_name+coupon_code+order_coupon_no+order_product_coupon_name+order_product_coupon_no+product_coupon_type_no,3,3,4,314520,0,104840.0
2025-11-06,SILVER,쿠폰 사용,쿠폰명 미확인,coupon_name+order_coupon_name+coupon_code+order_coupon_no+order_product_coupon_name+order_product_coupon_no+product_coupon_type_no,1,1,1,104720,27800,104720.0
2025-11-06,TITANIUM,쿠폰 미사용,쿠폰 미사용,coupon_name+order_coupon_name+coupon_code+order_coupon_no+order_product_coupon_name+order_product_coupon_no+product_coupon_type_no,2,1,2,322000,0,161000.0
2025-11-07,FAMILY,쿠폰 사용,쿠폰명 미확인,coupon_name+order_coupon_name+coupon_code+order_coupon_no+order_product_coupon_name+order_product_coupon_no+product_coupon_type_no,31,30,40,3476870,780730,112157.09677419355
2025-11-07,FAMILY,쿠폰 미사용,쿠폰 미사용,coupon_name+order_coupon_name+coupon_code+order_coupon_no+order_product_coupon_name+order_product_coupon_no+product_coupon_type_no,15,15,19,1137750,0,75850.0
2025-11-07,GOLD,쿠폰 사용,쿠폰명 미확인,coupon_name+order_coupon_name+coupon_code+order_coupon_no+order_product_coupon_name+order_product_coupon_no+product_coupon_type_no,1,1,1,64400,10000,64400.0
2025-11-07,SILVER,쿠폰 사용,쿠폰명 미확인,coupon_name+order_coupon_name+coupon_code+order_coupon_no+order_product_coupon_name+order_product_coupon_no+product_coupon_type_no,4,4,5,1012160,129600,253040.0
2025-11-07,SILVER,쿠폰 미사용,쿠폰 미사용,coupon_name+order_coupon_name+coupon_code+order_coupon_no+order_product_coupon_name+order_product_coupon_no+product_coupon_type_no,3,3,3,161000,0,53666.666666666664
2025-11-08,FAMILY,쿠폰 사용,쿠폰명 미확인,coupon_name+order_coupon_name+coupon_code+order_coupon_no+order_product_coupon_name+order_product_coupon_no+product_coupon_type_no,26,26,42,3783490,1606290,145518.84615384616
2025-11-08,FAMILY,쿠폰 미사용,쿠폰 미사용,coupon_name+order_coupon_name+coupon_code+order_coupon_no+order_product_coupon_name+order_product_coupon_no+product_coupon_type_no,11,11,13,1033400,0,93945.45454545454
2025-11-08,SILVER,쿠폰 사용,쿠폰명 미확인,coupon_name+order_coupon_name+coupon_code+order_coupon_no+order_product_coupon_name+order_product_coupon_no+product_coupon_type_no,1,1,2,278000,20000,278000.0
2025-11-08,SILVER,쿠폰 미사용,쿠폰 미사용,coupon_name+order_coupon_name+coupon_code+order_coupon_no+order_product_coupon_name+order_product_coupon_no+product_coupon_type_no,3,3,6,150550,0,50183.333333333336
2025-11-09,FAMILY,쿠폰 사용,쿠폰명 미확인,coupon_name+order_coupon_name+coupon_code+order_coupon_no+order_product_coupon_name+order_product_coupon_no+product_coupon_type_no,49,49,59,5365630,1224610,109502.6530612245
2025-11-09,FAMILY,쿠폰 미사용,쿠폰 미사용,coupon_name+order_coupon_name+coupon_code+order_coupon_no+order_product_coupon_name+order_product_coupon_no+product_coupon_type_no,23,23,27,1716380,0,74625.21739130435
2025-11-09,GOLD,쿠폰 미사용,쿠폰 미사용,coupon_name+order_coupon_name+coupon_code+order_coupon_no+order_product_coupon_name+order_product_coupon_no+product_coupon_type_no,1,1,4,97750,0,97750.0
2025-11-09,SILVER,쿠폰 미사용,쿠폰 미사용,coupon_name+order_coupon_name+coupon_code+order_coupon_no+order_product_coupon_name+order_product_coupon_no+product_coupon_type_no,3,3,3,313060,0,104353.33333333333
2025-11-09,SILVER,쿠폰 사용,쿠폰명 미확인,coupon_name+order_coupon_name+coupon_code+order_coupon_no+order_product_coupon_name+order_product_coupon_no+product_coupon_type_no,2,2,3,257590,57800,128795.0
2025-11-09,TITANIUM,쿠폰 미사용,쿠폰 미사용,coupon_name+order_coupon_name+coupon_code+order_coupon_no+order_product_coupon_name+order_product_coupon_no+product_coupon_type_no,1,1,1,150000,0,150000.0
2025-11-10,FAMILY,쿠폰 사용,쿠폰명 미확인,coupon_name+order_coupon_name+coupon_code+order_coupon_no+order_product_coupon_name+order_product_coupon_no+product_coupon_type_no,54,53,61,6454290,2306760,119523.88888888889
2025-11-10,FAMILY,쿠폰 미사용,쿠폰 미사용,coupon_name+order_coupon_name+coupon_code+order_coupon_no+order_product_coupon_name+order_product_coupon_no+product_coupon_type_no,32,31,38,1771190,0,55349.6875
2025-11-10,SILVER,쿠폰 사용,쿠폰명 미확인,coupon_name+order_coupon_name+coupon_code+order_coupon_no+order_product_coupon_name+order_product_coupon_no+product_coupon_type_no,6,6,6,2166140,324700,361023.3333333333
2025-11-10,SILVER,쿠폰 미사용,쿠폰 미사용,coupon_name+order_coupon_name+coupon_code+order_coupon_no+order_product_coupon_name+order_product_coupon_no+product_coupon_type_no,7,7,7,633650,0,90521.42857142857
2025-11-11,FAMILY,쿠폰 사용,쿠폰명 미확인,coupon_name+order_coupon_name+coupon_code+order_coupon_no+order_product_coupon_name+order_product_coupon_no+product_coupon_type_no,55,54,83,7703850,3501900,140070.0
2025-11-11,FAMILY,쿠폰 미사용,쿠폰 미사용,coupon_name+order_coupon_name+coupon_code+order_coupon_no+order_product_coupon_name+order_product_coupon_no+product_coupon_type_no,15,15,20,801650,0,53443.333333333336
2025-11-11,SILVER,쿠폰 사용,쿠폰명 미확인,coupon_name+order_coupon_name+coupon_code+order_coupon_no+order_product_coupon_name+order_product_coupon_no+product_coupon_type_no,10,10,17,3039050,445650,303905.0
2025-11-11,SILVER,쿠폰 미사용,쿠폰 미사용,coupon_name+order_coupon_name+coupon_code+order_coupon_no+order_product_coupon_name+order_product_coupon_no+product_coupon_type_no,6,6,12,724980,0,120830.0
2025-11-12,FAMILY,쿠폰 사용,쿠폰명 미확인,coupon_name+order_coupon_name+coupon_code+order_coupon_no+order_product_coupon_name+order_product_coupon_no+product_coupon_type_no,52,50,79,7064630,1952350,135858.26923076922
2025-11-12,FAMILY,쿠폰 미사용,쿠폰 미사용,coupon_name+order_coupon_name+coupon_code+order_coupon_no+order_product_coupon_name+order_product_coupon_no+product_coupon_type_no,17,17,22,898950,0,52879.41176470588
2025-11-12,SILVER,쿠폰 사용,쿠폰명 미확인,coupon_name+order_coupon_name+coupon_code+order_coupon_no+order_product_coupon_name+order_product_coupon_no+product_coupon_type_no,5,5,6,1158310,130000,231662.0
2025-11-12,SILVER,쿠폰 미사용,쿠폰 미사용,coupon_name+order_coupon_name+coupon_code+order_coupon_no+order_product_coupon_name+order_product_coupon_no+product_coupon_type_no,5,4,6,416240,0,83248.0
2025-11-12,TITANIUM,쿠폰 사용,쿠폰명 미확인,coupon_name+order_coupon_name+coupon_code+order_coupon_no+order_product_coupon_name+order_product_coupon_no+product_coupon_type_no,1,1,20,319480,118000,319480.0
2025-11-13,FAMILY,쿠폰 사용,쿠폰명 미확인,coupon_name+order_coupon_name+coupon_code+order_coupon_no+order_product_coupon_name+order_product_coupon_no+product_coupon_type_no,45,45,55,5583340,773570,124074.22222222222
2025-11-13,FAMILY,쿠폰 미사용,쿠폰 미사용,coupon_name+order_coupon_name+coupon_code+order_coupon_no+order_product_coupon_name+order_product_coupon_no+product_coupon_type_no,16,16,17,972900,0,60806.25
2025-11-13,SILVER,쿠폰 사용,쿠폰명 미확인,coupon_name+order_coupon_name+coupon_code+order_coupon_no+order_product_coupon_name+order_product_coupon_no+product_coupon_type_no,4,3,7,1654720,164400,413680.0
2025-11-13,SILVER,쿠폰 미사용,쿠폰 미사용,coupon_name+order_coupon_name+coupon_code+order_coupon_no+order_product_coupon_name+order_product_coupon_no+product_coupon_type_no,4,4,6,574420,0,143605.0
2025-11-14,FAMILY,쿠폰 사용,쿠폰명 미확인,coupon_name+order_coupon_name+coupon_code+order_coupon_no+order_product_coupon_name+order_product_coupon_no+product_coupon_type_no,52,51,66,6371380,1610050,122526.53846153847
2025-11-14,FAMILY,쿠폰 미사용,쿠폰 미사용,coupon_name+order_coupon_name+coupon_code+order_coupon_no+order_product_coupon_name+order_product_coupon_no+product_coupon_type_no,15,15,17,809520,0,53968.0
2025-11-14,SILVER,쿠폰 사용,쿠폰명 미확인,coupon_name+order_coupon_name+coupon_code+order_coupon_no+order_product_coupon_name+order_product_coupon_no+product_coupon_type_no,8,8,11,3108500,392600,388562.5
2025-11-14,SILVER,쿠폰 미사용,쿠폰 미사용,coupon_name+order_coupon_name+coupon_code+order_coupon_no+order_product_coupon_name+order_product_coupon_no+product_coupon_type_no,5,5,10,635610,0,127122.0
2025-11-15,FAMILY,쿠폰 사용,쿠폰명 미확인,coupon_name+order_coupon_name+coupon_code+order_coupon_no+order_product_coupon_name+order_product_coupon_no+product_coupon_type_no,31,31,43,5240680,1959670,169054.1935483871
2025-11-15,FAMILY,쿠폰 미사용,쿠폰 미사용,coupon_name+order_coupon_name+coupon_code+order_coupon_no+order_product_coupon_name+order_product_coupon_no+product_coupon_type_no,13,13,15,737750,0,56750.0
2025-11-15,GOLD,쿠폰 사용,쿠폰명 미확인,coupon_name+order_coupon_name+coupon_code+order_coupon_no+order_product_coupon_name+order_product_coupon_no+product_coupon_type_no,2,2,3,570820,227400,285410.0
2025-11-15,GOLD,쿠폰 미사용,쿠폰 미사용,coupon_name+order_coupon_name+coupon_code+order_coupon_no+order_product_coupon_name+order_product_coupon_no+product_coupon_type_no,1,1,2,207580,0,207580.0
2025-11-15,SILVER,쿠폰 사용,쿠폰명 미확인,coupon_name+order_coupon_name+coupon_code+order_coupon_no+order_product_coupon_name+order_product_coupon_no+product_coupon_type_no,5,5,8,2344600,355600,468920.0
2025-11-15,SILVER,쿠폰 미사용,쿠폰 미사용,coupon_name+order_coupon_name+coupon_code+order_coupon_no+order_product_coupon_name+order_product_coupon_no+product_coupon_type_no,3,3,4,331820,0,110606.66666666667
2025-11-16,FAMILY,쿠폰 사용,쿠폰명 미확인,coupon_name+order_coupon_name+coupon_code+order_coupon_no+order_product_coupon_name+order_product_coupon_no+product_coupon_type_no,43,42,61,5456040,1358450,126884.6511627907
2025-11-16,FAMILY,쿠폰 미사용,쿠폰 미사용,coupon_name+order_coupon_name+coupon_code+order_coupon_no+order_product_coupon_name+order_product_coupon_no+product_coupon_type_no,16,16,19,1417480,0,88592.5
2025-11-16,SILVER,쿠폰 사용,쿠폰명 미확인,coupon_name+order_coupon_name+coupon_code+order_coupon_no+order_product_coupon_name+order_product_coupon_no+product_coupon_type_no,2,2,4,643930,161500,321965.0
2025-11-16,SILVER,쿠폰 미사용,쿠폰 미사용,coupon_name+order_coupon_name+coupon_code+order_coupon_no+order_product_coupon_name+order_product_coupon_no+product_coupon_type_no,4,4,4,277140,0,69285.0
2025-11-16,TITANIUM,쿠폰 사용,쿠폰명 미확인,coupon_name+order_coupon_name+coupon_code+order_coupon_no+order_product_coupon_name+order_product_coupon_no+product_coupon_type_no,1,1,5,970260,70000,970260.0
2025-11-16,TITANIUM,쿠폰 미사용,쿠폰 미사용,coupon_name+order_coupon_name+coupon_code+order_coupon_no+order_product_coupon_name+order_product_coupon_no+product_coupon_type_no,1,1,4,432300,0,432300.0
2025-11-17,FAMILY,쿠폰 사용,쿠폰명 미확인,coupon_name+order_coupon_name+coupon_code+order_coupon_no+order_product_coupon_name+order_product_coupon_no+product_coupon_type_no,62,62,83,7450640,1420810,120171.6129032258
2025-11-17,FAMILY,쿠폰 미사용,쿠폰 미사용,coupon_name+order_coupon_name+coupon_code+order_coupon_no+order_product_coupon_name+order_product_coupon_no+product_coupon_type_no,21,21,24,1406160,0,66960.0
2025-11-17,GOLD,쿠폰 사용,쿠폰명 미확인,coupon_name+order_coupon_name+coupon_code+order_coupon_no+order_product_coupon_name+order_product_coupon_no+product_coupon_type_no,1,1,2,274400,93600,274400.0
2025-11-17,SILVER,쿠폰 사용,쿠폰명 미확인,coupon_name+order_coupon_name+coupon_code+order_coupon_no+order_product_coupon_name+order_product_coupon_no+product_coupon_type_no,12,12,16,5295680,670300,441306.6666666667
2025-11-17,SILVER,쿠폰 미사용,쿠폰 미사용,coupon_name+order_coupon_name+coupon_code+order_coupon_no+order_product_coupon_name+order_product_coupon_no+product_coupon_type_no,1,1,3,35500,0,35500.0
2025-11-17,TITANIUM,쿠폰 사용,쿠폰명 미확인,coupon_name+order_coupon_name+coupon_code+order_coupon_no+order_product_coupon_name+order_product_coupon_no+product_coupon_type_no,1,1,5,809860,70000,809860.0
2025-11-17,TITANIUM,쿠폰 미사용,쿠폰 미사용,coupon_name+order_coupon_name+coupon_code+order_coupon_no+order_product_coupon_name+order_product_coupon_no+product_coupon_type_no,1,1,4,318960,0,318960.0
2025-11-18,FAMILY,쿠폰 사용,쿠폰명 미확인,coupon_name+order_coupon_name+coupon_code+order_coupon_no+order_product_coupon_name+order_product_coupon_no+product_coupon_type_no,68,66,83,8231820,2666890,121056.17647058824
2025-11-18,FAMILY,쿠폰 미사용,쿠폰 미사용,coupon_name+order_coupon_name+coupon_code+order_coupon_no+order_product_coupon_name+order_product_coupon_no+product_coupon_type_no,23,23,26,1789160,0,77789.56521739131
2025-11-18,SILVER,쿠폰 사용,쿠폰명 미확인,coupon_name+order_coupon_name+coupon_code+order_coupon_no+order_product_coupon_name+order_product_coupon_no+product_coupon_type_no,8,8,9,3435200,603300,429400.0
2025-11-18,SILVER,쿠폰 미사용,쿠폰 미사용,coupon_name+order_coupon_name+coupon_code+order_coupon_no+order_product_coupon_name+order_product_coupon_no+product_coupon_type_no,5,5,5,416250,0,83250.0
2025-11-19,FAMILY,쿠폰 사용,쿠폰명 미확인,coupon_name+order_coupon_name+coupon_code+order_coupon_no+order_product_coupon_name+order_product_coupon_no+product_coupon_type_no,63,61,79,7815470,2731040,124055.07936507936
2025-11-19,FAMILY,쿠폰 미사용,쿠폰 미사용,coupon_name+order_coupon_name+coupon_code+order_coupon_no+order_product_coupon_name+order_product_coupon_no+product_coupon_type_no,26,26,33,1589860,0,61148.46153846154
2025-11-19,GOLD,쿠폰 사용,쿠폰명 미확인,coupon_name+order_coupon_name+coupon_code+order_coupon_no+order_product_coupon_name+order_product_coupon_no+product_coupon_type_no,1,1,1,287940,109800,287940.0
2025-11-19,GOLD,쿠폰 미사용,쿠폰 미사용,coupon_name+order_coupon_name+coupon_code+order_coupon_no+order_product_coupon_name+order_product_coupon_no+product_coupon_type_no,1,1,1,112360,0,112360.0
2025-11-19,SILVER,쿠폰 사용,쿠폰명 미확인,coupon_name+order_coupon_name+coupon_code+order_coupon_no+order_product_coupon_name+order_product_coupon_no+product_coupon_type_no,5,5,23,1183480,238300,236696.0
2025-11-19,SILVER,쿠폰 미사용,쿠폰 미사용,coupon_name+order_coupon_name+coupon_code+order_coupon_no+order_product_coupon_name+order_product_coupon_no+product_coupon_type_no,4,4,6,578920,0,144730.0
2025-11-20,FAMILY,쿠폰 사용,쿠폰명 미확인,coupon_name+order_coupon_name+coupon_code+order_coupon_no+order_product_coupon_name+order_product_coupon_no+product_coupon_type_no,37,37,51,4614460,1243190,124715.13513513513
2025-11-20,FAMILY,쿠폰 미사용,쿠폰 미사용,coupon_name+order_coupon_name+coupon_code+order_coupon_no+order_product_coupon_name+order_product_coupon_no+product_coupon_type_no,16,16,19,1012270,0,63266.875
2025-11-20,SILVER,쿠폰 사용,쿠폰명 미확인,coupon_name+order_coupon_name+coupon_code+order_coupon_no+order_product_coupon_name+order_product_coupon_no+product_coupon_type_no,8,8,9,2849220,443700,356152.5
2025-11-20,SILVER,쿠폰 미사용,쿠폰 미사용,coupon_name+order_coupon_name+coupon_code+order_coupon_no+order_product_coupon_name+order_product_coupon_no+product_coupon_type_no,3,3,4,331720,0,110573.33333333333
2025-11-20,TITANIUM,쿠폰 사용,쿠폰명 미확인,coupon_name+order_coupon_name+coupon_code+order_coupon_no+order_product_coupon_name+order_product_coupon_no+product_coupon_type_no,1,1,1,270000,93800,270000.0
2025-11-21,FAMILY,쿠폰 사용,쿠폰명 미확인,coupon_name+order_coupon_name+coupon_code+order_coupon_no+order_product_coupon_name+order_product_coupon_no+product_coupon_type_no,105,104,142,15272940,2609280,145456.57142857142
2025-11-21,FAMILY,쿠폰 미사용,쿠폰 미사용,coupon_name+order_coupon_name+coupon_code+order_coupon_no+order_product_coupon_name+order_product_coupon_no+product_coupon_type_no,84,84,95,8562080,0,101929.52380952382
2025-11-21,GOLD,쿠폰 미사용,쿠폰 미사용,coupon_name+order_coupon_name+coupon_code+order_coupon_no+order_product_coupon_name+order_product_coupon_no+product_coupon_type_no,1,1,1,47570,0,47570.0
2025-11-21,SILVER,쿠폰 미사용,쿠폰 미사용,coupon_name+order_coupon_name+coupon_code+order_coupon_no+order_product_coupon_name+order_product_coupon_no+product_coupon_type_no,23,23,35,3169050,0,137784.78260869565
2025-11-21,SILVER,쿠폰 사용,쿠폰명 미확인,coupon_name+order_coupon_name+coupon_code+order_coupon_no+order_product_coupon_name+order_product_coupon_no+product_coupon_type_no,11,10,15,2827075,572085,257006.81818181818
2025-11-22,FAMILY,쿠폰 사용,쿠폰명 미확인,coupon_name+order_coupon_name+coupon_code+order_coupon_no+order_product_coupon_name+order_product_coupon_no+product_coupon_type_no,83,82,105,14271900,2089670,171950.60240963855
2025-11-22,FAMILY,쿠폰 미사용,쿠폰 미사용,coupon_name+order_coupon_name+coupon_code+order_coupon_no+order_product_coupon_name+order_product_coupon_no+product_coupon_type_no,39,39,47,2992450,0,76729.48717948717
2025-11-22,GOLD,쿠폰 미사용,쿠폰 미사용,coupon_name+order_coupon_name+coupon_code+order_coupon_no+order_product_coupon_name+order_product_coupon_no+product_coupon_type_no,1,1,5,537000,0,537000.0
2025-11-22,GOLD,쿠폰 사용,쿠폰명 미확인,coupon_name+order_coupon_name+coupon_code+order_coupon_no+order_product_coupon_name+order_product_coupon_no+product_coupon_type_no,1,1,1,93020,19080,93020.0
2025-11-22,SILVER,쿠폰 사용,쿠폰명 미확인,coupon_name+order_coupon_name+coupon_code+order_coupon_no+order_product_coupon_name+order_product_coupon_no+product_coupon_type_no,7,7,8,2671725,331225,381675.0
2025-11-22,SILVER,쿠폰 미사용,쿠폰 미사용,coupon_name+order_coupon_name+coupon_code+order_coupon_no+order_product_coupon_name+order_product_coupon_no+product_coupon_type_no,10,10,12,1267330,0,126733.0
2025-11-22,TITANIUM,쿠폰 미사용,쿠폰 미사용,coupon_name+order_coupon_name+coupon_code+order_coupon_no+order_product_coupon_name+order_product_coupon_no+product_coupon_type_no,1,1,1,102240,0,102240.0
2025-11-23,FAMILY,쿠폰 사용,쿠폰명 미확인,coupon_name+order_coupon_name+coupon_code+order_coupon_no+order_product_coupon_name+order_product_coupon_no+product_coupon_type_no,104,104,121,15703040,2144400,150990.76923076922
2025-11-23,FAMILY,쿠폰 미사용,쿠폰 미사용,coupon_name+order_coupon_name+coupon_code+order_coupon_no+order_product_coupon_name+order_product_coupon_no+product_coupon_type_no,66,66,82,3869600,0,58630.30303030303
2025-11-23,GOLD,쿠폰 미사용,쿠폰 미사용,coupon_name+order_coupon_name+coupon_code+order_coupon_no+order_product_coupon_name+order_product_coupon_no+product_coupon_type_no,1,1,2,565940,0,565940.0
2025-11-23,GOLD,쿠폰 사용,쿠폰명 미확인,coupon_name+order_coupon_name+coupon_code+order_coupon_no+order_product_coupon_name+order_product_coupon_no+product_coupon_type_no,1,1,5,516000,60200,516000.0
2025-11-23,SILVER,쿠폰 미사용,쿠폰 미사용,coupon_name+order_coupon_name+coupon_code+order_coupon_no+order_product_coupon_name+order_product_coupon_no+product_coupon_type_no,16,14,21,2794550,0,174659.375
2025-11-23,SILVER,쿠폰 사용,쿠폰명 미확인,coupon_name+order_coupon_name+coupon_code+order_coupon_no+order_product_coupon_name+order_product_coupon_no+product_coupon_type_no,9,9,14,1256040,198860,139560.0
2025-11-23,TITANIUM,쿠폰 미사용,쿠폰 미사용,coupon_name+order_coupon_name+coupon_code+order_coupon_no+order_product_coupon_name+order_product_coupon_no+product_coupon_type_no,1,1,1,77400,0,77400.0
2025-11-24,FAMILY,쿠폰 사용,쿠폰명 미확인,coupon_name+order_coupon_name+coupon_code+order_coupon_no+order_product_coupon_name+order_product_coupon_no+product_coupon_type_no,89,88,108,12098880,2191870,135942.47191011236
2025-11-24,FAMILY,쿠폰 미사용,쿠폰 미사용,coupon_name+order_coupon_name+coupon_code+order_coupon_no+order_product_coupon_name+order_product_coupon_no+product_coupon_type_no,44,44,55,3397410,0,77213.86363636363
2025-11-24,GOLD,쿠폰 미사용,쿠폰 미사용,coupon_name+order_coupon_name+coupon_code+order_coupon_no+order_product_coupon_name+order_product_coupon_no+product_coupon_type_no,3,3,7,559900,0,186633.33333333334
2025-11-24,GOLD,쿠폰 사용,쿠폰명 미확인,coupon_name+order_coupon_name+coupon_code+order_coupon_no+order_product_coupon_name+order_product_coupon_no+product_coupon_type_no,1,1,1,104200,39800,104200.0
2025-11-24,SILVER,쿠폰 사용,쿠폰명 미확인,coupon_name+order_coupon_name+coupon_code+order_coupon_no+order_product_coupon_name+order_product_coupon_no+product_coupon_type_no,8,8,13,2604575,338445,325571.875
2025-11-24,SILVER,쿠폰 미사용,쿠폰 미사용,coupon_name+order_coupon_name+coupon_code+order_coupon_no+order_product_coupon_name+order_product_coupon_no+product_coupon_type_no,10,10,16,2096160,0,209616.0
2025-11-25,FAMILY,쿠폰 사용,쿠폰명 미확인,coupon_name+order_coupon_name+coupon_code+order_coupon_no+order_product_coupon_name+order_product_coupon_no+product_coupon_type_no,83,83,109,11382890,1650450,137143.2530120482
2025-11-25,FAMILY,쿠폰 미사용,쿠폰 미사용,coupon_name+order_coupon_name+coupon_code+order_coupon_no+order_product_coupon_name+order_product_coupon_no+product_coupon_type_no,54,54,66,3804220,0,70448.51851851853
2025-11-25,GOLD,쿠폰 사용,쿠폰명 미확인,coupon_name+order_coupon_name+coupon_code+order_coupon_no+order_product_coupon_name+order_product_coupon_no+product_coupon_type_no,1,1,1,339000,30000,339000.0
2025-11-25,GOLD,쿠폰 미사용,쿠폰 미사용,coupon_name+order_coupon_name+coupon_code+order_coupon_no+order_product_coupon_name+order_product_coupon_no+product_coupon_type_no,1,1,2,280200,0,280200.0
2025-11-25,SILVER,쿠폰 사용,쿠폰명 미확인,coupon_name+order_coupon_name+coupon_code+order_coupon_no+order_product_coupon_name+order_product_coupon_no+product_coupon_type_no,8,7,12,3020400,445720,377550.0
2025-11-25,SILVER,쿠폰 미사용,쿠폰 미사용,coupon_name+order_coupon_name+coupon_code+order_coupon_no+order_product_coupon_name+order_product_coupon_no+product_coupon_type_no,12,12,19,1904060,0,158671.66666666666
2025-11-25,TITANIUM,쿠폰 사용,쿠폰명 미확인,coupon_name+order_coupon_name+coupon_code+order_coupon_no+order_product_coupon_name+order_product_coupon_no+product_coupon_type_no,5,2,20,2795220,210000,559044.0
2025-11-25,TITANIUM,쿠폰 미사용,쿠폰 미사용,coupon_name+order_coupon_name+coupon_code+order_coupon_no+order_product_coupon_name+order_product_coupon_no+product_coupon_type_no,1,1,2,316400,0,316400.0
2025-11-26,FAMILY,쿠폰 사용,쿠폰명 미확인,coupon_name+order_coupon_name+coupon_code+order_coupon_no+order_product_coupon_name+order_product_coupon_no+product_coupon_type_no,99,98,120,17440620,2630260,176167.87878787878
2025-11-26,FAMILY,쿠폰 미사용,쿠폰 미사용,coupon_name+order_coupon_name+coupon_code+order_coupon_no+order_product_coupon_name+order_product_coupon_no+product_coupon_type_no,38,38,47,3497220,0,92032.1052631579
2025-11-26,GOLD,쿠폰 사용,쿠폰명 미확인,coupon_name+order_coupon_name+coupon_code+order_coupon_no+order_product_coupon_name+order_product_coupon_no+product_coupon_type_no,1,1,1,378555,73395,378555.0
2025-11-26,GOLD,쿠폰 미사용,쿠폰 미사용,coupon_name+order_coupon_name+coupon_code+order_coupon_no+order_product_coupon_name+order_product_coupon_no+product_coupon_type_no,2,2,3,189390,0,94695.0
2025-11-26,SILVER,쿠폰 사용,쿠폰명 미확인,coupon_name+order_coupon_name+coupon_code+order_coupon_no+order_product_coupon_name+order_product_coupon_no+product_coupon_type_no,9,9,32,4781030,554820,531225.5555555555
2025-11-26,SILVER,쿠폰 미사용,쿠폰 미사용,coupon_name+order_coupon_name+coupon_code+order_coupon_no+order_product_coupon_name+order_product_coupon_no+product_coupon_type_no,8,7,12,894150,0,111768.75
2025-11-26,TITANIUM,쿠폰 미사용,쿠폰 미사용,coupon_name+order_coupon_name+coupon_code+order_coupon_no+order_product_coupon_name+order_product_coupon_no+product_coupon_type_no,2,2,4,381500,0,190750.0
2025-11-26,TITANIUM,쿠폰 사용,쿠폰명 미확인,coupon_name+order_coupon_name+coupon_code+order_coupon_no+order_product_coupon_name+order_product_coupon_no+product_coupon_type_no,1,1,1,149000,10000,149000.0
2025-11-27,FAMILY,쿠폰 사용,쿠폰명 미확인,coupon_name+order_coupon_name+coupon_code+order_coupon_no+order_product_coupon_name+order_product_coupon_no+product_coupon_type_no,110,110,155,17062310,3217910,155111.9090909091
2025-11-27,FAMILY,쿠폰 미사용,쿠폰 미사용,coupon_name+order_coupon_name+coupon_code+order_coupon_no+order_product_coupon_name+order_product_coupon_no+product_coupon_type_no,66,66,80,5158220,0,78154.84848484848
2025-11-27,GOLD,쿠폰 미사용,쿠폰 미사용,coupon_name+order_coupon_name+coupon_code+order_coupon_no+order_product_coupon_name+order_product_coupon_no+product_coupon_type_no,5,4,34,2730460,0,546092.0
2025-11-27,GOLD,쿠폰 사용,쿠폰명 미확인,coupon_name+order_coupon_name+coupon_code+order_coupon_no+order_product_coupon_name+order_product_coupon_no+product_coupon_type_no,1,1,1,51850,10000,51850.0
2025-11-27,SILVER,쿠폰 사용,쿠폰명 미확인,coupon_name+order_coupon_name+coupon_code+order_coupon_no+order_product_coupon_name+order_product_coupon_no+product_coupon_type_no,10,10,19,3224900,378680,322490.0
2025-11-27,SILVER,쿠폰 미사용,쿠폰 미사용,coupon_name+order_coupon_name+coupon_code+order_coupon_no+order_product_coupon_name+order_product_coupon_no+product_coupon_type_no,16,16,23,2397340,0,149833.75
2025-11-27,TITANIUM,쿠폰 미사용,쿠폰 미사용,coupon_name+order_coupon_name+coupon_code+order_coupon_no+order_product_coupon_name+order_product_coupon_no+product_coupon_type_no,2,2,5,206290,0,103145.0
2025-11-28,FAMILY,쿠폰 사용,쿠폰명 미확인,coupon_name+order_coupon_name+coupon_code+order_coupon_no+order_product_coupon_name+order_product_coupon_no+product_coupon_type_no,103,103,163,20681160,2741690,200787.96116504853
2025-11-28,FAMILY,쿠폰 미사용,쿠폰 미사용,coupon_name+order_coupon_name+coupon_code+order_coupon_no+order_product_coupon_name+order_product_coupon_no+product_coupon_type_no,37,36,43,2651820,0,71670.81081081081
2025-11-28,GOLD,쿠폰 사용,쿠폰명 미확인,coupon_name+order_coupon_name+coupon_code+order_coupon_no+order_product_coupon_name+order_product_coupon_no+product_coupon_type_no,1,1,1,113540,10000,113540.0
2025-11-28,SILVER,쿠폰 사용,쿠폰명 미확인,coupon_name+order_coupon_name+coupon_code+order_coupon_no+order_product_coupon_name+order_product_coupon_no+product_coupon_type_no,12,11,20,3614850,464400,301237.5
2025-11-28,SILVER,쿠폰 미사용,쿠폰 미사용,coupon_name+order_coupon_name+coupon_code+order_coupon_no+order_product_coupon_name+order_product_coupon_no+product_coupon_type_no,8,8,11,1029590,0,128698.75
2025-11-28,TITANIUM,쿠폰 사용,쿠폰명 미확인,coupon_name+order_coupon_name+coupon_code+order_coupon_no+order_product_coupon_name+order_product_coupon_no+product_coupon_type_no,1,1,15,6605550,733950,6605550.0
2025-11-29,FAMILY,쿠폰 사용,쿠폰명 미확인,coupon_name+order_coupon_name+coupon_code+order_coupon_no+order_product_coupon_name+order_product_coupon_no+product_coupon_type_no,117,116,135,18171760,2757640,155314.18803418803
2025-11-29,FAMILY,쿠폰 미사용,쿠폰 미사용,coupon_name+order_coupon_name+coupon_code+order_coupon_no+order_product_coupon_name+order_product_coupon_no+product_coupon_type_no,31,30,37,2525060,0,81453.54838709677
2025-11-29,GOLD,쿠폰 미사용,쿠폰 미사용,coupon_name+order_coupon_name+coupon_code+order_coupon_no+order_product_coupon_name+order_product_coupon_no+product_coupon_type_no,2,2,3,490000,0,245000.0
2025-11-29,SILVER,쿠폰 사용,쿠폰명 미확인,coupon_name+order_coupon_name+coupon_code+order_coupon_no+order_product_coupon_name+order_product_coupon_no+product_coupon_type_no,6,6,7,2113000,278350,352166.6666666667
2025-11-29,SILVER,쿠폰 미사용,쿠폰 미사용,coupon_name+order_coupon_name+coupon_code+order_coupon_no+order_product_coupon_name+order_product_coupon_no+product_coupon_type_no,6,6,6,898540,0,149756.66666666666
2025-11-29,TITANIUM,쿠폰 사용,쿠폰명 미확인,coupon_name+order_coupon_name+coupon_code+order_coupon_no+order_product_coupon_name+order_product_coupon_no+product_coupon_type_no,1,1,31,282610,40000,282610.0
2025-11-29,TITANIUM,쿠폰 미사용,쿠폰 미사용,coupon_name+order_coupon_name+coupon_code+order_coupon_no+order_product_coupon_name+order_product_coupon_no+product_coupon_type_no,1,1,1,91930,0,91930.0
2025-11-30,FAMILY,쿠폰 사용,쿠폰명 미확인,coupon_name+order_coupon_name+coupon_code+order_coupon_no+order_product_coupon_name+order_product_coupon_no+product_coupon_type_no,203,203,249,34050340,4257430,167735.66502463055
2025-11-30,FAMILY,쿠폰 미사용,쿠폰 미사용,coupon_name+order_coupon_name+coupon_code+order_coupon_no+order_product_coupon_name+order_product_coupon_no+product_coupon_type_no,130,128,168,9952000,0,76553.84615384616
2025-11-30,GOLD,쿠폰 미사용,쿠폰 미사용,coupon_name+order_coupon_name+coupon_code+order_coupon_no+order_product_coupon_name+order_product_coupon_no+product_coupon_type_no,3,3,5,964320,0,321440.0
2025-11-30,SILVER,쿠폰 사용,쿠폰명 미확인,coupon_name+order_coupon_name+coupon_code+order_coupon_no+order_product_coupon_name+order_product_coupon_no+product_coupon_type_no,21,21,32,4645560,694450,221217.14285714287
2025-11-30,SILVER,쿠폰 미사용,쿠폰 미사용,coupon_name+order_coupon_name+coupon_code+order_coupon_no+order_product_coupon_name+order_product_coupon_no+product_coupon_type_no,18,16,21,2696500,0,149805.55555555556
2025-11-30,TITANIUM,쿠폰 미사용,쿠폰 미사용,coupon_name+order_coupon_name+coupon_code+order_coupon_no+order_product_coupon_name+order_product_coupon_no+product_coupon_type_no,1,1,1,107400,0,107400.0
2025-12-01,FAMILY,쿠폰 사용,쿠폰명 미확인,coupon_name+order_coupon_name+coupon_code+order_coupon_no+order_product_coupon_name+order_product_coupon_no+product_coupon_type_no,48,48,54,6151810,1730470,128162.70833333333
2025-12-01,FAMILY,쿠폰 미사용,쿠폰 미사용,coupon_name+order_coupon_name+coupon_code+order_coupon_no+order_product_coupon_name+order_product_coupon_no+product_coupon_type_no,25,25,32,1728940,0,69157.6
2025-12-01,GOLD,쿠폰 사용,쿠폰명 미확인,coupon_name+order_coupon_name+coupon_code+order_coupon_no+order_product_coupon_name+order_product_coupon_no+product_coupon_type_no,1,1,1,65590,17800,65590.0
2025-12-01,SILVER,쿠폰 미사용,쿠폰 미사용,coupon_name+order_coupon_name+coupon_code+order_coupon_no+order_product_coupon_name+order_product_coupon_no+product_coupon_type_no,4,4,6,310880,0,77720.0
2025-12-01,SILVER,쿠폰 사용,쿠폰명 미확인,coupon_name+order_coupon_name+coupon_code+order_coupon_no+order_product_coupon_name+order_product_coupon_no+product_coupon_type_no,2,2,3,309040,39300,154520.0
2025-12-01,TITANIUM,쿠폰 사용,쿠폰명 미확인,coupon_name+order_coupon_name+coupon_code+order_coupon_no+order_product_coupon_name+order_product_coupon_no+product_coupon_type_no,1,1,1,40000,10000,40000.0
2025-12-02,FAMILY,쿠폰 사용,쿠폰명 미확인,coupon_name+order_coupon_name+coupon_code+order_coupon_no+order_product_coupon_name+order_product_coupon_no+product_coupon_type_no,56,55,72,6748040,1522240,120500.71428571429
2025-12-02,FAMILY,쿠폰 미사용,쿠폰 미사용,coupon_name+order_coupon_name+coupon_code+order_coupon_no+order_product_coupon_name+order_product_coupon_no+product_coupon_type_no,17,17,22,1429610,0,84094.70588235294
2025-12-02,SILVER,쿠폰 사용,쿠폰명 미확인,coupon_name+order_coupon_name+coupon_code+order_coupon_no+order_product_coupon_name+order_product_coupon_no+product_coupon_type_no,3,3,11,2311680,271340,770560.0
2025-12-02,SILVER,쿠폰 미사용,쿠폰 미사용,coupon_name+order_coupon_name+coupon_code+order_coupon_no+order_product_coupon_name+order_product_coupon_no+product_coupon_type_no,2,2,2,191750,0,95875.0
2025-12-02,TITANIUM,쿠폰 사용,쿠폰명 미확인,coupon_name+order_coupon_name+coupon_code+order_coupon_no+order_product_coupon_name+order_product_coupon_no+product_coupon_type_no,1,1,28,832000,70000,832000.0
2025-12-03,FAMILY,쿠폰 사용,쿠폰명 미확인,coupon_name+order_coupon_name+coupon_code+order_coupon_no+order_product_coupon_name+order_product_coupon_no+product_coupon_type_no,72,70,119,10063740,2331230,139774.16666666666
2025-12-03,FAMILY,쿠폰 미사용,쿠폰 미사용,coupon_name+order_coupon_name+coupon_code+order_coupon_no+order_product_coupon_name+order_product_coupon_no+product_coupon_type_no,30,30,43,2277670,0,75922.33333333333
2025-12-03,GOLD,쿠폰 사용,쿠폰명 미확인,coupon_name+order_coupon_name+coupon_code+order_coupon_no+order_product_coupon_name+order_product_coupon_no+product_coupon_type_no,2,2,3,522500,70000,261250.0
2025-12-03,SILVER,쿠폰 사용,쿠폰명 미확인,coupon_name+order_coupon_name+coupon_code+order_coupon_no+order_product_coupon_name+order_product_coupon_no+product_coupon_type_no,6,6,90,3195780,568600,532630.0
2025-12-03,SILVER,쿠폰 미사용,쿠폰 미사용,coupon_name+order_coupon_name+coupon_code+order_coupon_no+order_product_coupon_name+order_product_coupon_no+product_coupon_type_no,4,3,7,268720,0,67180.0
2025-12-04,FAMILY,쿠폰 사용,쿠폰명 미확인,coupon_name+order_coupon_name+coupon_code+order_coupon_no+order_product_coupon_name+order_product_coupon_no+product_coupon_type_no,110,109,204,32636010,4548280,296691.0
2025-12-04,FAMILY,쿠폰 미사용,쿠폰 미사용,coupon_name+order_coupon_name+coupon_code+order_coupon_no+order_product_coupon_name+order_product_coupon_no+product_coupon_type_no,55,54,70,4993180,0,90785.09090909091
2025-12-04,GOLD,쿠폰 미사용,쿠폰 미사용,coupon_name+order_coupon_name+coupon_code+order_coupon_no+order_product_coupon_name+order_product_coupon_no+product_coupon_type_no,4,4,7,585880,0,146470.0
2025-12-04,GOLD,쿠폰 사용,쿠폰명 미확인,coupon_name+order_coupon_name+coupon_code+order_coupon_no+order_product_coupon_name+order_product_coupon_no+product_coupon_type_no,1,1,1,71200,17800,71200.0
2025-12-04,SILVER,쿠폰 사용,쿠폰명 미확인,coupon_name+order_coupon_name+coupon_code+order_coupon_no+order_product_coupon_name+order_product_coupon_no+product_coupon_type_no,10,10,12,3227140,330700,322714.0
2025-12-04,SILVER,쿠폰 미사용,쿠폰 미사용,coupon_name+order_coupon_name+coupon_code+order_coupon_no+order_product_coupon_name+order_product_coupon_no+product_coupon_type_no,16,16,23,2890030,0,180626.875
2025-12-05,FAMILY,쿠폰 사용,쿠폰명 미확인,coupon_name+order_coupon_name+coupon_code+order_coupon_no+order_product_coupon_name+order_product_coupon_no+product_coupon_type_no,101,101,122,11988330,1918900,118696.33663366336
2025-12-05,FAMILY,쿠폰 미사용,쿠폰 미사용,coupon_name+order_coupon_name+coupon_code+order_coupon_no+order_product_coupon_name+order_product_coupon_no+product_coupon_type_no,44,44,61,4556800,0,103563.63636363637
2025-12-05,GOLD,쿠폰 미사용,쿠폰 미사용,coupon_name+order_coupon_name+coupon_code+order_coupon_no+order_product_coupon_name+order_product_coupon_no+product_coupon_type_no,4,4,7,404090,0,101022.5
2025-12-05,SILVER,쿠폰 미사용,쿠폰 미사용,coupon_name+order_coupon_name+coupon_code+order_coupon_no+order_product_coupon_name+order_product_coupon_no+product_coupon_type_no,10,8,19,1838260,0,183826.0
2025-12-05,SILVER,쿠폰 사용,쿠폰명 미확인,coupon_name+order_coupon_name+coupon_code+order_coupon_no+order_product_coupon_name+order_product_coupon_no+product_coupon_type_no,1,1,1,80100,8900,80100.0
2025-12-06,FAMILY,쿠폰 사용,쿠폰명 미확인,coupon_name+order_coupon_name+coupon_code+order_coupon_no+order_product_coupon_name+order_product_coupon_no+product_coupon_type_no,92,92,115,15844710,2127730,172225.10869565216
2025-12-06,FAMILY,쿠폰 미사용,쿠폰 미사용,coupon_name+order_coupon_name+coupon_code+order_coupon_no+order_product_coupon_name+order_product_coupon_no+product_coupon_type_no,32,30,36,2561170,0,80036.5625
2025-12-06,GOLD,쿠폰 사용,쿠폰명 미확인,coupon_name+order_coupon_name+coupon_code+order_coupon_no+order_product_coupon_name+order_product_coupon_no+product_coupon_type_no,1,1,1,181070,20000,181070.0
2025-12-06,GOLD,쿠폰 미사용,쿠폰 미사용,coupon_name+order_coupon_name+coupon_code+order_coupon_no+order_product_coupon_name+order_product_coupon_no+product_coupon_type_no,1,1,1,44000,0,44000.0
2025-12-06,SILVER,쿠폰 사용,쿠폰명 미확인,coupon_name+order_coupon_name+coupon_code+order_coupon_no+order_product_coupon_name+order_product_coupon_no+product_coupon_type_no,5,5,13,2475710,284050,495142.0
2025-12-06,SILVER,쿠폰 미사용,쿠폰 미사용,coupon_name+order_coupon_name+coupon_code+order_coupon_no+order_product_coupon_name+order_product_coupon_no+product_coupon_type_no,4,4,4,1277340,0,319335.0
2025-12-06,TITANIUM,쿠폰 미사용,쿠폰 미사용,coupon_name+order_coupon_name+coupon_code+order_coupon_no+order_product_coupon_name+order_product_coupon_no+product_coupon_type_no,2,2,3,201580,0,100790.0
2025-12-06,TITANIUM,쿠폰 사용,쿠폰명 미확인,coupon_name+order_coupon_name+coupon_code+order_coupon_no+order_product_coupon_name+order_product_coupon_no+product_coupon_type_no,1,1,2,196300,10000,196300.0
2025-12-07,FAMILY,쿠폰 사용,쿠폰명 미확인,coupon_name+order_coupon_name+coupon_code+order_coupon_no+order_product_coupon_name+order_product_coupon_no+product_coupon_type_no,112,110,146,19386340,3202180,173092.32142857142
2025-12-07,FAMILY,쿠폰 미사용,쿠폰 미사용,coupon_name+order_coupon_name+coupon_code+order_coupon_no+order_product_coupon_name+order_product_coupon_no+product_coupon_type_no,31,31,38,2601760,0,83927.74193548386
2025-12-07,GOLD,쿠폰 미사용,쿠폰 미사용,coupon_name+order_coupon_name+coupon_code+order_coupon_no+order_product_coupon_name+order_product_coupon_no+product_coupon_type_no,3,3,5,631940,0,210646.66666666666
2025-12-07,GOLD,쿠폰 사용,쿠폰명 미확인,coupon_name+order_coupon_name+coupon_code+order_coupon_no+order_product_coupon_name+order_product_coupon_no+product_coupon_type_no,1,1,1,119370,10000,119370.0
2025-12-07,SILVER,쿠폰 미사용,쿠폰 미사용,coupon_name+order_coupon_name+coupon_code+order_coupon_no+order_product_coupon_name+order_product_coupon_no+product_coupon_type_no,9,9,13,2745980,0,305108.8888888889
2025-12-07,SILVER,쿠폰 사용,쿠폰명 미확인,coupon_name+order_coupon_name+coupon_code+order_coupon_no+order_product_coupon_name+order_product_coupon_no+product_coupon_type_no,3,3,8,1748810,205090,582936.6666666666
2025-12-08,FAMILY,쿠폰 사용,쿠폰명 미확인,coupon_name+order_coupon_name+coupon_code+order_coupon_no+order_product_coupon_name+order_product_coupon_no+product_coupon_type_no,73,73,82,10651870,1724520,145916.02739726027
2025-12-08,FAMILY,쿠폰 미사용,쿠폰 미사용,coupon_name+order_coupon_name+coupon_code+order_coupon_no+order_product_coupon_name+order_product_coupon_no+product_coupon_type_no,31,31,46,2851080,0,91970.32258064517
2025-12-08,SILVER,쿠폰 사용,쿠폰명 미확인,coupon_name+order_coupon_name+coupon_code+order_coupon_no+order_product_coupon_name+order_product_coupon_no+product_coupon_type_no,10,10,17,4797980,582320,479798.0
2025-12-08,SILVER,쿠폰 미사용,쿠폰 미사용,coupon_name+order_coupon_name+coupon_code+order_coupon_no+order_product_coupon_name+order_product_coupon_no+product_coupon_type_no,4,4,7,620850,0,155212.5
2025-12-09,FAMILY,쿠폰 사용,쿠폰명 미확인,coupon_name+order_coupon_name+coupon_code+order_coupon_no+order_product_coupon_name+order_product_coupon_no+product_coupon_type_no,74,74,99,10353880,1823200,139917.2972972973
2025-12-09,FAMILY,쿠폰 미사용,쿠폰 미사용,coupon_name+order_coupon_name+coupon_code+order_coupon_no+order_product_coupon_name+order_product_coupon_no+product_coupon_type_no,36,36,42,3074130,0,85392.5
2025-12-09,GOLD,쿠폰 미사용,쿠폰 미사용,coupon_name+order_coupon_name+coupon_code+order_coupon_no+order_product_coupon_name+order_product_coupon_no+product_coupon_type_no,1,1,4,207020,0,207020.0
2025-12-09,SILVER,쿠폰 사용,쿠폰명 미확인,coupon_name+order_coupon_name+coupon_code+order_coupon_no+order_product_coupon_name+order_product_coupon_no+product_coupon_type_no,2,2,4,1017500,123500,508750.0
2025-12-09,SILVER,쿠폰 미사용,쿠폰 미사용,coupon_name+order_coupon_name+coupon_code+order_coupon_no+order_product_coupon_name+order_product_coupon_no+product_coupon_type_no,1,1,1,40070,0,40070.0
2025-12-09,TITANIUM,쿠폰 사용,쿠폰명 미확인,coupon_name+order_coupon_name+coupon_code+order_coupon_no+order_product_coupon_name+order_product_coupon_no+product_coupon_type_no,1,1,5,695000,50000,695000.0
2025-12-10,FAMILY,쿠폰 사용,쿠폰명 미확인,coupon_name+order_coupon_name+coupon_code+order_coupon_no+order_product_coupon_name+order_product_coupon_no+product_coupon_type_no,53,53,61,6646710,1277430,125409.62264150943
2025-12-10,FAMILY,쿠폰 미사용,쿠폰 미사용,coupon_name+order_coupon_name+coupon_code+order_coupon_no+order_product_coupon_name+order_product_coupon_no+product_coupon_type_no,21,21,30,2092540,0,99644.76190476191
2025-12-10,GOLD,쿠폰 미사용,쿠폰 미사용,coupon_name+order_coupon_name+coupon_code+order_coupon_no+order_product_coupon_name+order_product_coupon_no+product_coupon_type_no,1,1,3,405600,0,405600.0
2025-12-10,SILVER,쿠폰 사용,쿠폰명 미확인,coupon_name+order_coupon_name+coupon_code+order_coupon_no+order_product_coupon_name+order_product_coupon_no+product_coupon_type_no,4,4,7,2596260,304140,649065.0
2025-12-10,SILVER,쿠폰 미사용,쿠폰 미사용,coupon_name+order_coupon_name+coupon_code+order_coupon_no+order_product_coupon_name+order_product_coupon_no+product_coupon_type_no,5,4,24,1554100,0,310820.0
2025-12-10,TITANIUM,쿠폰 미사용,쿠폰 미사용,coupon_name+order_coupon_name+coupon_code+order_coupon_no+order_product_coupon_name+order_product_coupon_no+product_coupon_type_no,1,1,1,87400,0,87400.0
2025-12-11,FAMILY,쿠폰 사용,쿠폰명 미확인,coupon_name+order_coupon_name+coupon_code+order_coupon_no+order_product_coupon_name+order_product_coupon_no+product_coupon_type_no,83,83,92,11326670,1738800,136465.90361445784
2025-12-11,FAMILY,쿠폰 미사용,쿠폰 미사용,coupon_name+order_coupon_name+coupon_code+order_coupon_no+order_product_coupon_name+order_product_coupon_no+product_coupon_type_no,23,23,27,2086240,0,90706.08695652174
2025-12-11,SILVER,쿠폰 미사용,쿠폰 미사용,coupon_name+order_coupon_name+coupon_code+order_coupon_no+order_product_coupon_name+order_product_coupon_no+product_coupon_type_no,5,5,6,805210,0,161042.0
2025-12-11,SILVER,쿠폰 사용,쿠폰명 미확인,coupon_name+order_coupon_name+coupon_code+order_coupon_no+order_product_coupon_name+order_product_coupon_no+product_coupon_type_no,2,2,2,525880,65920,262940.0
2025-12-12,FAMILY,쿠폰 사용,쿠폰명 미확인,coupon_name+order_coupon_name+coupon_code+order_coupon_no+order_product_coupon_name+order_product_coupon_no+product_coupon_type_no,48,47,55,7834040,1544390,163209.16666666666
2025-12-12,FAMILY,쿠폰 미사용,쿠폰 미사용,coupon_name+order_coupon_name+coupon_code+order_coupon_no+order_product_coupon_name+order_product_coupon_no+product_coupon_type_no,37,36,45,4793520,0,129554.5945945946
2025-12-12,GOLD,쿠폰 미사용,쿠폰 미사용,coupon_name+order_coupon_name+coupon_code+order_coupon_no+order_product_coupon_name+order_product_coupon_no+product_coupon_type_no,8,5,13,2176230,0,272028.75
2025-12-12,SILVER,쿠폰 미사용,쿠폰 미사용,coupon_name+order_coupon_name+coupon_code+order_coupon_no+order_product_coupon_name+order_product_coupon_no+product_coupon_type_no,24,21,45,8570450,0,357102.0833333333
2025-12-12,SILVER,쿠폰 사용,쿠폰명 미확인,coupon_name+order_coupon_name+coupon_code+order_coupon_no+order_product_coupon_name+order_product_coupon_no+product_coupon_type_no,3,3,3,278410,54700,92803.33333333333
2025-12-13,FAMILY,쿠폰 사용,쿠폰명 미확인,coupon_name+order_coupon_name+coupon_code+order_coupon_no+order_product_coupon_name+order_product_coupon_no+product_coupon_type_no,81,80,96,11233250,2123890,138682.0987654321
2025-12-13,FAMILY,쿠폰 미사용,쿠폰 미사용,coupon_name+order_coupon_name+coupon_code+order_coupon_no+order_product_coupon_name+order_product_coupon_no+product_coupon_type_no,29,29,36,2922050,0,100760.3448275862
2025-12-13,GOLD,쿠폰 미사용,쿠폰 미사용,coupon_name+order_coupon_name+coupon_code+order_coupon_no+order_product_coupon_name+order_product_coupon_no+product_coupon_type_no,1,1,5,2153000,0,2153000.0
2025-12-13,SILVER,쿠폰 미사용,쿠폰 미사용,coupon_name+order_coupon_name+coupon_code+order_coupon_no+order_product_coupon_name+order_product_coupon_no+product_coupon_type_no,5,5,12,2376070,0,475214.0
2025-12-13,SILVER,쿠폰 사용,쿠폰명 미확인,coupon_name+order_coupon_name+coupon_code+order_coupon_no+order_product_coupon_name+order_product_coupon_no+product_coupon_type_no,1,1,1,568780,68420,568780.0
2025-12-14,FAMILY,쿠폰 사용,쿠폰명 미확인,coupon_name+order_coupon_name+coupon_code+order_coupon_no+order_product_coupon_name+order_product_coupon_no+product_coupon_type_no,93,93,121,15393060,2133180,165516.7741935484
2025-12-14,FAMILY,쿠폰 미사용,쿠폰 미사용,coupon_name+order_coupon_name+coupon_code+order_coupon_no+order_product_coupon_name+order_product_coupon_no+product_coupon_type_no,36,36,43,3229410,0,89705.83333333333
2025-12-14,GOLD,쿠폰 미사용,쿠폰 미사용,coupon_name+order_coupon_name+coupon_code+order_coupon_no+order_product_coupon_name+order_product_coupon_no+product_coupon_type_no,2,2,5,478640,0,239320.0
2025-12-14,SILVER,쿠폰 미사용,쿠폰 미사용,coupon_name+order_coupon_name+coupon_code+order_coupon_no+order_product_coupon_name+order_product_coupon_no+product_coupon_type_no,11,11,21,2934290,0,266753.63636363635
2025-12-14,SILVER,쿠폰 사용,쿠폰명 미확인,coupon_name+order_coupon_name+coupon_code+order_coupon_no+order_product_coupon_name+order_product_coupon_no+product_coupon_type_no,7,7,7,1011770,123020,144538.57142857142
2025-12-14,TITANIUM,쿠폰 미사용,쿠폰 미사용,coupon_name+order_coupon_name+coupon_code+order_coupon_no+order_product_coupon_name+order_product_coupon_no+product_coupon_type_no,1,1,4,488300,0,488300.0
2025-12-15,FAMILY,쿠폰 사용,쿠폰명 미확인,coupon_name+order_coupon_name+coupon_code+order_coupon_no+order_product_coupon_name+order_product_coupon_no+product_coupon_type_no,97,97,113,12326240,1896010,127074.63917525773
2025-12-15,FAMILY,쿠폰 미사용,쿠폰 미사용,coupon_name+order_coupon_name+coupon_code+order_coupon_no+order_product_coupon_name+order_product_coupon_no+product_coupon_type_no,94,93,141,8658500,0,92111.70212765958
2025-12-15,GOLD,쿠폰 미사용,쿠폰 미사용,coupon_name+order_coupon_name+coupon_code+order_coupon_no+order_product_coupon_name+order_product_coupon_no+product_coupon_type_no,2,2,10,610410,0,305205.0
2025-12-15,GOLD,쿠폰 사용,쿠폰명 미확인,coupon_name+order_coupon_name+coupon_code+order_coupon_no+order_product_coupon_name+order_product_coupon_no+product_coupon_type_no,1,1,2,126780,10000,126780.0
2025-12-15,SILVER,쿠폰 미사용,쿠폰 미사용,coupon_name+order_coupon_name+coupon_code+order_coupon_no+order_product_coupon_name+order_product_coupon_no+product_coupon_type_no,17,17,36,3410600,0,200623.5294117647
2025-12-15,SILVER,쿠폰 사용,쿠폰명 미확인,coupon_name+order_coupon_name+coupon_code+order_coupon_no+order_product_coupon_name+order_product_coupon_no+product_coupon_type_no,4,4,5,940550,105600,235137.5
2025-12-15,TITANIUM,쿠폰 미사용,쿠폰 미사용,coupon_name+order_coupon_name+coupon_code+order_coupon_no+order_product_coupon_name+order_product_coupon_no+product_coupon_type_no,1,1,4,106200,0,106200.0
2025-12-16,FAMILY,쿠폰 사용,쿠폰명 미확인,coupon_name+order_coupon_name+coupon_code+order_coupon_no+order_product_coupon_name+order_product_coupon_no+product_coupon_type_no,79,79,97,12135420,1906260,153612.91139240508
2025-12-16,FAMILY,쿠폰 미사용,쿠폰 미사용,coupon_name+order_coupon_name+coupon_code+order_coupon_no+order_product_coupon_name+order_product_coupon_no+product_coupon_type_no,56,56,67,4243960,0,75785.0
2025-12-16,GOLD,쿠폰 미사용,쿠폰 미사용,coupon_name+order_coupon_name+coupon_code+order_coupon_no+order_product_coupon_name+order_product_coupon_no+product_coupon_type_no,3,3,4,796170,0,265390.0
2025-12-16,SILVER,쿠폰 미사용,쿠폰 미사용,coupon_name+order_coupon_name+coupon_code+order_coupon_no+order_product_coupon_name+order_product_coupon_no+product_coupon_type_no,8,7,13,2134590,0,266823.75
2025-12-16,SILVER,쿠폰 사용,쿠폰명 미확인,coupon_name+order_coupon_name+coupon_code+order_coupon_no+order_product_coupon_name+order_product_coupon_no+product_coupon_type_no,2,2,2,382100,57420,191050.0
2025-12-17,FAMILY,쿠폰 사용,쿠폰명 미확인,coupon_name+order_coupon_name+coupon_code+order_coupon_no+order_product_coupon_name+order_product_coupon_no+product_coupon_type_no,63,63,108,15989210,2165160,253796.9841269841
2025-12-17,FAMILY,쿠폰 미사용,쿠폰 미사용,coupon_name+order_coupon_name+coupon_code+order_coupon_no+order_product_coupon_name+order_product_coupon_no+product_coupon_type_no,47,46,63,4613730,0,98164.46808510639
2025-12-17,SILVER,쿠폰 미사용,쿠폰 미사용,coupon_name+order_coupon_name+coupon_code+order_coupon_no+order_product_coupon_name+order_product_coupon_no+product_coupon_type_no,12,12,23,2051100,0,170925.0
2025-12-17,SILVER,쿠폰 사용,쿠폰명 미확인,coupon_name+order_coupon_name+coupon_code+order_coupon_no+order_product_coupon_name+order_product_coupon_no+product_coupon_type_no,2,2,3,128840,20000,64420.0
2025-12-18,FAMILY,쿠폰 사용,쿠폰명 미확인,coupon_name+order_coupon_name+coupon_code+order_coupon_no+order_product_coupon_name+order_product_coupon_no+product_coupon_type_no,61,61,73,7423280,1014460,121693.11475409837
2025-12-18,FAMILY,쿠폰 미사용,쿠폰 미사용,coupon_name+order_coupon_name+coupon_code+order_coupon_no+order_product_coupon_name+order_product_coupon_no+product_coupon_type_no,57,57,78,4408860,0,77348.42105263157
2025-12-18,GOLD,쿠폰 미사용,쿠폰 미사용,coupon_name+order_coupon_name+coupon_code+order_coupon_no+order_product_coupon_name+order_product_coupon_no+product_coupon_type_no,1,1,3,143740,0,143740.0
2025-12-18,SILVER,쿠폰 사용,쿠폰명 미확인,coupon_name+order_coupon_name+coupon_code+order_coupon_no+order_product_coupon_name+order_product_coupon_no+product_coupon_type_no,3,3,9,1332610,158970,444203.3333333333
2025-12-18,SILVER,쿠폰 미사용,쿠폰 미사용,coupon_name+order_coupon_name+coupon_code+order_coupon_no+order_product_coupon_name+order_product_coupon_no+product_coupon_type_no,7,6,13,1169130,0,167018.57142857142
2025-12-19,FAMILY,쿠폰 사용,쿠폰명 미확인,coupon_name+order_coupon_name+coupon_code+order_coupon_no+order_product_coupon_name+order_product_coupon_no+product_coupon_type_no,50,50,59,6834490,935500,136689.8
2025-12-19,FAMILY,쿠폰 미사용,쿠폰 미사용,coupon_name+order_coupon_name+coupon_code+order_coupon_no+order_product_coupon_name+order_product_coupon_no+product_coupon_type_no,36,36,42,2617320,0,72703.33333333333
2025-12-19,GOLD,쿠폰 사용,쿠폰명 미확인,coupon_name+order_coupon_name+coupon_code+order_coupon_no+order_product_coupon_name+order_product_coupon_no+product_coupon_type_no,2,2,5,2020420,225380,1010210.0
2025-12-19,GOLD,쿠폰 미사용,쿠폰 미사용,coupon_name+order_coupon_name+coupon_code+order_coupon_no+order_product_coupon_name+order_product_coupon_no+product_coupon_type_no,4,4,7,967040,0,241760.0
2025-12-19,SILVER,쿠폰 미사용,쿠폰 미사용,coupon_name+order_coupon_name+coupon_code+order_coupon_no+order_product_coupon_name+order_product_coupon_no+product_coupon_type_no,10,10,17,2326580,0,232658.0
2025-12-19,SILVER,쿠폰 사용,쿠폰명 미확인,coupon_name+order_coupon_name+coupon_code+order_coupon_no+order_product_coupon_name+order_product_coupon_no+product_coupon_type_no,2,2,2,652780,78420,326390.0
2025-12-20,FAMILY,쿠폰 사용,쿠폰명 미확인,coupon_name+order_coupon_name+coupon_code+order_coupon_no+order_product_coupon_name+order_product_coupon_no+product_coupon_type_no,56,56,62,7200670,1008410,128583.39285714286
2025-12-20,FAMILY,쿠폰 미사용,쿠폰 미사용,coupon_name+order_coupon_name+coupon_code+order_coupon_no+order_product_coupon_name+order_product_coupon_no+product_coupon_type_no,38,38,54,3217160,0,84662.1052631579
2025-12-20,GOLD,쿠폰 미사용,쿠폰 미사용,coupon_name+order_coupon_name+coupon_code+order_coupon_no+order_product_coupon_name+order_product_coupon_no+product_coupon_type_no,1,1,1,83960,0,83960.0
2025-12-20,SILVER,쿠폰 사용,쿠폰명 미확인,coupon_name+order_coupon_name+coupon_code+order_coupon_no+order_product_coupon_name+order_product_coupon_no+product_coupon_type_no,2,2,3,1252740,179840,626370.0
2025-12-20,SILVER,쿠폰 미사용,쿠폰 미사용,coupon_name+order_coupon_name+coupon_code+order_coupon_no+order_product_coupon_name+order_product_coupon_no+product_coupon_type_no,2,2,7,573230,0,286615.0
2025-12-21,FAMILY,쿠폰 사용,쿠폰명 미확인,coupon_name+order_coupon_name+coupon_code+order_coupon_no+order_product_coupon_name+order_product_coupon_no+product_coupon_type_no,71,71,85,10197440,1660900,143625.91549295775
2025-12-21,FAMILY,쿠폰 미사용,쿠폰 미사용,coupon_name+order_coupon_name+coupon_code+order_coupon_no+order_product_coupon_name+order_product_coupon_no+product_coupon_type_no,50,50,73,4348050,0,86961.0
2025-12-21,GOLD,쿠폰 미사용,쿠폰 미사용,coupon_name+order_coupon_name+coupon_code+order_coupon_no+order_product_coupon_name+order_product_coupon_no+product_coupon_type_no,1,1,5,745000,0,745000.0
2025-12-21,SILVER,쿠폰 사용,쿠폰명 미확인,coupon_name+order_coupon_name+coupon_code+order_coupon_no+order_product_coupon_name+order_product_coupon_no+product_coupon_type_no,2,2,3,659710,102420,329855.0
2025-12-21,SILVER,쿠폰 미사용,쿠폰 미사용,coupon_name+order_coupon_name+coupon_code+order_coupon_no+order_product_coupon_name+order_product_coupon_no+product_coupon_type_no,3,3,6,389780,0,129926.66666666667
2025-12-21,TITANIUM,쿠폰 미사용,쿠폰 미사용,coupon_name+order_coupon_name+coupon_code+order_coupon_no+order_product_coupon_name+order_product_coupon_no+product_coupon_type_no,1,1,1,83200,0,83200.0
2025-12-22,FAMILY,쿠폰 사용,쿠폰명 미확인,coupon_name+order_coupon_name+coupon_code+order_coupon_no+order_product_coupon_name+order_product_coupon_no+product_coupon_type_no,76,76,87,10997140,1810650,144699.2105263158
2025-12-22,FAMILY,쿠폰 미사용,쿠폰 미사용,coupon_name+order_coupon_name+coupon_code+order_coupon_no+order_product_coupon_name+order_product_coupon_no+product_coupon_type_no,44,43,59,3144310,0,71461.59090909091
2025-12-22,GOLD,쿠폰 미사용,쿠폰 미사용,coupon_name+order_coupon_name+coupon_code+order_coupon_no+order_product_coupon_name+order_product_coupon_no+product_coupon_type_no,1,1,1,99000,0,99000.0
2025-12-22,SILVER,쿠폰 미사용,쿠폰 미사용,coupon_name+order_coupon_name+coupon_code+order_coupon_no+order_product_coupon_name+order_product_coupon_no+product_coupon_type_no,3,3,3,205810,0,68603.33333333333
2025-12-22,SILVER,쿠폰 사용,쿠폰명 미확인,coupon_name+order_coupon_name+coupon_code+order_coupon_no+order_product_coupon_name+order_product_coupon_no+product_coupon_type_no,2,2,3,158310,20000,79155.0
2025-12-22,TITANIUM,쿠폰 사용,쿠폰명 미확인,coupon_name+order_coupon_name+coupon_code+order_coupon_no+order_product_coupon_name+order_product_coupon_no+product_coupon_type_no,1,1,20,2384000,596000,2384000.0
2025-12-23,FAMILY,쿠폰 사용,쿠폰명 미확인,coupon_name+order_coupon_name+coupon_code+order_coupon_no+order_product_coupon_name+order_product_coupon_no+product_coupon_type_no,71,71,84,7512180,1344700,105805.35211267606
2025-12-23,FAMILY,쿠폰 미사용,쿠폰 미사용,coupon_name+order_coupon_name+coupon_code+order_coupon_no+order_product_coupon_name+order_product_coupon_no+product_coupon_type_no,55,54,72,4581090,0,83292.54545454546
2025-12-23,GOLD,쿠폰 미사용,쿠폰 미사용,coupon_name+order_coupon_name+coupon_code+order_coupon_no+order_product_coupon_name+order_product_coupon_no+product_coupon_type_no,2,2,2,361000,0,180500.0
2025-12-23,SILVER,쿠폰 미사용,쿠폰 미사용,coupon_name+order_coupon_name+coupon_code+order_coupon_no+order_product_coupon_name+order_product_coupon_no+product_coupon_type_no,10,8,21,1404310,0,140431.0
2025-12-23,SILVER,쿠폰 사용,쿠폰명 미확인,coupon_name+order_coupon_name+coupon_code+order_coupon_no+order_product_coupon_name+order_product_coupon_no+product_coupon_type_no,4,4,4,742540,88320,185635.0
2025-12-24,FAMILY,쿠폰 사용,쿠폰명 미확인,coupon_name+order_coupon_name+coupon_code+order_coupon_no+order_product_coupon_name+order_product_coupon_no+product_coupon_type_no,50,50,81,15001900,1954710,300038.0
2025-12-24,FAMILY,쿠폰 미사용,쿠폰 미사용,coupon_name+order_coupon_name+coupon_code+order_coupon_no+order_product_coupon_name+order_product_coupon_no+product_coupon_type_no,34,34,39,2254830,0,66318.5294117647
2025-12-24,SILVER,쿠폰 미사용,쿠폰 미사용,coupon_name+order_coupon_name+coupon_code+order_coupon_no+order_product_coupon_name+order_product_coupon_no+product_coupon_type_no,13,12,20,2277470,0,175190.0
2025-12-24,SILVER,쿠폰 사용,쿠폰명 미확인,coupon_name+order_coupon_name+coupon_code+order_coupon_no+order_product_coupon_name+order_product_coupon_no+product_coupon_type_no,1,1,1,179980,25220,179980.0
2025-12-25,FAMILY,쿠폰 사용,쿠폰명 미확인,coupon_name+order_coupon_name+coupon_code+order_coupon_no+order_product_coupon_name+order_product_coupon_no+product_coupon_type_no,68,68,82,10546440,1456130,155094.70588235295
2025-12-25,FAMILY,쿠폰 미사용,쿠폰 미사용,coupon_name+order_coupon_name+coupon_code+order_coupon_no+order_product_coupon_name+order_product_coupon_no+product_coupon_type_no,40,40,56,3461430,0,86535.75
2025-12-25,GOLD,쿠폰 미사용,쿠폰 미사용,coupon_name+order_coupon_name+coupon_code+order_coupon_no+order_product_coupon_name+order_product_coupon_no+product_coupon_type_no,1,1,2,17000,0,17000.0
2025-12-25,SILVER,쿠폰 사용,쿠폰명 미확인,coupon_name+order_coupon_name+coupon_code+order_coupon_no+order_product_coupon_name+order_product_coupon_no+product_coupon_type_no,6,6,14,2397540,298900,399590.0
2025-12-25,SILVER,쿠폰 미사용,쿠폰 미사용,coupon_name+order_coupon_name+coupon_code+order_coupon_no+order_product_coupon_name+order_product_coupon_no+product_coupon_type_no,5,5,6,549270,0,109854.0
2025-12-26,FAMILY,쿠폰 사용,쿠폰명 미확인,coupon_name+order_coupon_name+coupon_code+order_coupon_no+order_product_coupon_name+order_product_coupon_no+product_coupon_type_no,69,69,88,8891830,1548450,128867.10144927536
2025-12-26,FAMILY,쿠폰 미사용,쿠폰 미사용,coupon_name+order_coupon_name+coupon_code+order_coupon_no+order_product_coupon_name+order_product_coupon_no+product_coupon_type_no,49,48,72,4073130,0,83125.10204081633
2025-12-26,GOLD,쿠폰 미사용,쿠폰 미사용,coupon_name+order_coupon_name+coupon_code+order_coupon_no+order_product_coupon_name+order_product_coupon_no+product_coupon_type_no,2,2,2,681910,0,340955.0
2025-12-26,SILVER,쿠폰 사용,쿠폰명 미확인,coupon_name+order_coupon_name+coupon_code+order_coupon_no+order_product_coupon_name+order_product_coupon_no+product_coupon_type_no,7,7,14,3130650,389080,447235.71428571426
2025-12-26,SILVER,쿠폰 미사용,쿠폰 미사용,coupon_name+order_coupon_name+coupon_code+order_coupon_no+order_product_coupon_name+order_product_coupon_no+product_coupon_type_no,9,9,15,1070460,0,118940.0
2025-12-26,TITANIUM,쿠폰 사용,쿠폰명 미확인,coupon_name+order_coupon_name+coupon_code+order_coupon_no+order_product_coupon_name+order_product_coupon_no+product_coupon_type_no,1,1,10,3586500,403500,3586500.0
2025-12-26,TITANIUM,쿠폰 미사용,쿠폰 미사용,coupon_name+order_coupon_name+coupon_code+order_coupon_no+order_product_coupon_name+order_product_coupon_no+product_coupon_type_no,1,1,2,68120,0,68120.0
2025-12-27,FAMILY,쿠폰 사용,쿠폰명 미확인,coupon_name+order_coupon_name+coupon_code+order_coupon_no+order_product_coupon_name+order_product_coupon_no+product_coupon_type_no,62,62,74,8133740,1109450,131189.35483870967
2025-12-27,FAMILY,쿠폰 미사용,쿠폰 미사용,coupon_name+order_coupon_name+coupon_code+order_coupon_no+order_product_coupon_name+order_product_coupon_no+product_coupon_type_no,29,29,41,2526020,0,87104.13793103448
2025-12-27,GOLD,쿠폰 미사용,쿠폰 미사용,coupon_name+order_coupon_name+coupon_code+order_coupon_no+order_product_coupon_name+order_product_coupon_no+product_coupon_type_no,1,1,1,110450,0,110450.0
2025-12-27,SILVER,쿠폰 미사용,쿠폰 미사용,coupon_name+order_coupon_name+coupon_code+order_coupon_no+order_product_coupon_name+order_product_coupon_no+product_coupon_type_no,12,12,17,1433940,0,119495.0
2025-12-27,SILVER,쿠폰 사용,쿠폰명 미확인,coupon_name+order_coupon_name+coupon_code+order_coupon_no+order_product_coupon_name+order_product_coupon_no+product_coupon_type_no,2,2,2,663280,80340,331640.0
2025-12-27,TITANIUM,쿠폰 미사용,쿠폰 미사용,coupon_name+order_coupon_name+coupon_code+order_coupon_no+order_product_coupon_name+order_product_coupon_no+product_coupon_type_no,1,1,1,140770,0,140770.0
2025-12-28,FAMILY,쿠폰 사용,쿠폰명 미확인,coupon_name+order_coupon_name+coupon_code+order_coupon_no+order_product_coupon_name+order_product_coupon_no+product_coupon_type_no,82,82,108,11048500,1592410,134737.80487804877
2025-12-28,FAMILY,쿠폰 미사용,쿠폰 미사용,coupon_name+order_coupon_name+coupon_code+order_coupon_no+order_product_coupon_name+order_product_coupon_no+product_coupon_type_no,31,31,44,2425880,0,78254.19354838709
2025-12-28,GOLD,쿠폰 사용,쿠폰명 미확인,coupon_name+order_coupon_name+coupon_code+order_coupon_no+order_product_coupon_name+order_product_coupon_no+product_coupon_type_no,1,1,2,434400,91800,434400.0
2025-12-28,GOLD,쿠폰 미사용,쿠폰 미사용,coupon_name+order_coupon_name+coupon_code+order_coupon_no+order_product_coupon_name+order_product_coupon_no+product_coupon_type_no,1,1,1,62000,0,62000.0
2025-12-28,SILVER,쿠폰 사용,쿠폰명 미확인,coupon_name+order_coupon_name+coupon_code+order_coupon_no+order_product_coupon_name+order_product_coupon_no+product_coupon_type_no,3,3,5,1607030,186870,535676.6666666666
2025-12-28,SILVER,쿠폰 미사용,쿠폰 미사용,coupon_name+order_coupon_name+coupon_code+order_coupon_no+order_product_coupon_name+order_product_coupon_no+product_coupon_type_no,4,4,8,754960,0,188740.0
2025-12-29,FAMILY,쿠폰 사용,쿠폰명 미확인,coupon_name+order_coupon_name+coupon_code+order_coupon_no+order_product_coupon_name+order_product_coupon_no+product_coupon_type_no,61,61,74,7915450,1529870,129761.47540983607
2025-12-29,FAMILY,쿠폰 미사용,쿠폰 미사용,coupon_name+order_coupon_name+coupon_code+order_coupon_no+order_product_coupon_name+order_product_coupon_no+product_coupon_type_no,21,21,26,2315140,0,110244.76190476191
2025-12-29,GOLD,쿠폰 미사용,쿠폰 미사용,coupon_name+order_coupon_name+coupon_code+order_coupon_no+order_product_coupon_name+order_product_coupon_no+product_coupon_type_no,1,1,2,118000,0,118000.0
2025-12-29,SILVER,쿠폰 사용,쿠폰명 미확인,coupon_name+order_coupon_name+coupon_code+order_coupon_no+order_product_coupon_name+order_product_coupon_no+product_coupon_type_no,5,5,7,2334920,264280,466984.0
2025-12-29,SILVER,쿠폰 미사용,쿠폰 미사용,coupon_name+order_coupon_name+coupon_code+order_coupon_no+order_product_coupon_name+order_product_coupon_no+product_coupon_type_no,6,5,10,720600,0,120100.0
2025-12-30,FAMILY,쿠폰 사용,쿠폰명 미확인,coupon_name+order_coupon_name+coupon_code+order_coupon_no+order_product_coupon_name+order_product_coupon_no+product_coupon_type_no,79,79,95,9646280,1833860,122104.81012658228
2025-12-30,FAMILY,쿠폰 미사용,쿠폰 미사용,coupon_name+order_coupon_name+coupon_code+order_coupon_no+order_product_coupon_name+order_product_coupon_no+product_coupon_type_no,26,25,34,1946840,0,74878.46153846153
2025-12-30,GOLD,쿠폰 미사용,쿠폰 미사용,coupon_name+order_coupon_name+coupon_code+order_coupon_no+order_product_coupon_name+order_product_coupon_no+product_coupon_type_no,2,2,3,472790,0,236395.0
2025-12-30,SILVER,쿠폰 미사용,쿠폰 미사용,coupon_name+order_coupon_name+coupon_code+order_coupon_no+order_product_coupon_name+order_product_coupon_no+product_coupon_type_no,7,7,7,1330240,0,190034.2857142857
2025-12-30,SILVER,쿠폰 사용,쿠폰명 미확인,coupon_name+order_coupon_name+coupon_code+order_coupon_no+order_product_coupon_name+order_product_coupon_no+product_coupon_type_no,1,1,1,21780,10000,21780.0
2025-12-31,FAMILY,쿠폰 사용,쿠폰명 미확인,coupon_name+order_coupon_name+coupon_code+order_coupon_no+order_product_coupon_name+order_product_coupon_no+product_coupon_type_no,77,68,136,10079390,1793850,130901.16883116883
2025-12-31,FAMILY,쿠폰 미사용,쿠폰 미사용,coupon_name+order_coupon_name+coupon_code+order_coupon_no+order_product_coupon_name+order_product_coupon_no+product_coupon_type_no,38,38,44,2970410,0,78168.68421052632
2025-12-31,GOLD,쿠폰 미사용,쿠폰 미사용,coupon_name+order_coupon_name+coupon_code+order_coupon_no+order_product_coupon_name+order_product_coupon_no+product_coupon_type_no,2,2,3,341180,0,170590.0
2025-12-31,GOLD,쿠폰 사용,쿠폰명 미확인,coupon_name+order_coupon_name+coupon_code+order_coupon_no+order_product_coupon_name+order_product_coupon_no+product_coupon_type_no,1,1,1,95200,23800,95200.0
2025-12-31,SILVER,쿠폰 미사용,쿠폰 미사용,coupon_name+order_coupon_name+coupon_code+order_coupon_no+order_product_coupon_name+order_product_coupon_no+product_coupon_type_no,8,8,13,1418150,0,177268.75
2025-12-31,SILVER,쿠폰 사용,쿠폰명 미확인,coupon_name+order_coupon_name+coupon_code+order_coupon_no+order_product_coupon_name+order_product_coupon_no+product_coupon_type_no,5,5,12,1199240,251000,239848.0
2026-01-01,FAMILY,쿠폰 사용,쿠폰명 미확인,coupon_name+order_coupon_name+coupon_code+order_coupon_no+order_product_coupon_name+order_product_coupon_no+product_coupon_type_no,75,74,95,10289110,1595560,137188.13333333333
2026-01-01,FAMILY,쿠폰 미사용,쿠폰 미사용,coupon_name+order_coupon_name+coupon_code+order_coupon_no+order_product_coupon_name+order_product_coupon_no+product_coupon_type_no,33,33,42,3487610,0,105685.15151515152
2026-01-01,SILVER,쿠폰 미사용,쿠폰 미사용,coupon_name+order_coupon_name+coupon_code+order_coupon_no+order_product_coupon_name+order_product_coupon_no+product_coupon_type_no,2,2,3,158680,0,79340.0
2026-01-01,TITANIUM,쿠폰 미사용,쿠폰 미사용,coupon_name+order_coupon_name+coupon_code+order_coupon_no+order_product_coupon_name+order_product_coupon_no+product_coupon_type_no,2,2,2,235070,0,117535.0
2026-01-02,FAMILY,쿠폰 사용,쿠폰명 미확인,coupon_name+order_coupon_name+coupon_code+order_coupon_no+order_product_coupon_name+order_product_coupon_no+product_coupon_type_no,66,66,86,7892320,1297800,119580.60606060606
2026-01-02,FAMILY,쿠폰 미사용,쿠폰 미사용,coupon_name+order_coupon_name+coupon_code+order_coupon_no+order_product_coupon_name+order_product_coupon_no+product_coupon_type_no,27,27,33,2924870,0,108328.51851851853
2026-01-02,SILVER,쿠폰 미사용,쿠폰 미사용,coupon_name+order_coupon_name+coupon_code+order_coupon_no+order_product_coupon_name+order_product_coupon_no+product_coupon_type_no,5,5,7,1803500,0,360700.0
2026-01-02,SILVER,쿠폰 사용,쿠폰명 미확인,coupon_name+order_coupon_name+coupon_code+order_coupon_no+order_product_coupon_name+order_product_coupon_no+product_coupon_type_no,1,1,1,87500,10000,87500.0
2026-01-03,FAMILY,쿠폰 사용,쿠폰명 미확인,coupon_name+order_coupon_name+coupon_code+order_coupon_no+order_product_coupon_name+order_product_coupon_no+product_coupon_type_no,48,48,57,6757310,954820,140777.29166666666
2026-01-03,FAMILY,쿠폰 미사용,쿠폰 미사용,coupon_name+order_coupon_name+coupon_code+order_coupon_no+order_product_coupon_name+order_product_coupon_no+product_coupon_type_no,16,16,22,1426260,0,89141.25
2026-01-03,GOLD,쿠폰 미사용,쿠폰 미사용,coupon_name+order_coupon_name+coupon_code+order_coupon_no+order_product_coupon_name+order_product_coupon_no+product_coupon_type_no,1,1,1,89000,0,89000.0
2026-01-03,SILVER,쿠폰 미사용,쿠폰 미사용,coupon_name+order_coupon_name+coupon_code+order_coupon_no+order_product_coupon_name+order_product_coupon_no+product_coupon_type_no,3,3,5,285690,0,95230.0
2026-01-04,FAMILY,쿠폰 사용,쿠폰명 미확인,coupon_name+order_coupon_name+coupon_code+order_coupon_no+order_product_coupon_name+order_product_coupon_no+product_coupon_type_no,81,81,101,11911280,1827540,147052.83950617284
2026-01-04,FAMILY,쿠폰 미사용,쿠폰 미사용,coupon_name+order_coupon_name+coupon_code+order_coupon_no+order_product_coupon_name+order_product_coupon_no+product_coupon_type_no,26,25,31,2199440,0,84593.84615384616
2026-01-04,SILVER,쿠폰 미사용,쿠폰 미사용,coupon_name+order_coupon_name+coupon_code+order_coupon_no+order_product_coupon_name+order_product_coupon_no+product_coupon_type_no,2,2,5,529940,0,264970.0
2026-01-04,SILVER,쿠폰 사용,쿠폰명 미확인,coupon_name+order_coupon_name+coupon_code+order_coupon_no+order_product_coupon_name+order_product_coupon_no+product_coupon_type_no,1,1,1,123970,10000,123970.0
2026-01-05,FAMILY,쿠폰 사용,쿠폰명 미확인,coupon_name+order_coupon_name+coupon_code+order_coupon_no+order_product_coupon_name+order_product_coupon_no+product_coupon_type_no,62,62,73,9407270,1642200,151730.16129032258
2026-01-05,FAMILY,쿠폰 미사용,쿠폰 미사용,coupon_name+order_coupon_name+coupon_code+order_coupon_no+order_product_coupon_name+order_product_coupon_no+product_coupon_type_no,21,21,23,2363920,0,112567.61904761905
2026-01-05,SILVER,쿠폰 사용,쿠폰명 미확인,coupon_name+order_coupon_name+coupon_code+order_coupon_no+order_product_coupon_name+order_product_coupon_no+product_coupon_type_no,1,1,2,137360,10000,137360.0
2026-01-05,SILVER,쿠폰 미사용,쿠폰 미사용,coupon_name+order_coupon_name+coupon_code+order_coupon_no+order_product_coupon_name+order_product_coupon_no+product_coupon_type_no,2,2,3,95190,0,47595.0
2026-01-05,TITANIUM,쿠폰 미사용,쿠폰 미사용,coupon_name+order_coupon_name+coupon_code+order_coupon_no+order_product_coupon_name+order_product_coupon_no+product_coupon_type_no,1,1,3,454480,0,454480.0
2026-01-06,FAMILY,쿠폰 사용,쿠폰명 미확인,coupon_name+order_coupon_name+coupon_code+order_coupon_no+order_product_coupon_name+order_product_coupon_no+product_coupon_type_no,51,51,63,7796100,1715470,152864.70588235295
2026-01-06,FAMILY,쿠폰 미사용,쿠폰 미사용,coupon_name+order_coupon_name+coupon_code+order_coupon_no+order_product_coupon_name+order_product_coupon_no+product_coupon_type_no,30,30,38,3123230,0,104107.66666666667
2026-01-06,SILVER,쿠폰 미사용,쿠폰 미사용,coupon_name+order_coupon_name+coupon_code+order_coupon_no+order_product_coupon_name+order_product_coupon_no+product_coupon_type_no,4,4,6,310200,0,77550.0
2026-01-06,SILVER,쿠폰 사용,쿠폰명 미확인,coupon_name+order_coupon_name+coupon_code+order_coupon_no+order_product_coupon_name+order_product_coupon_no+product_coupon_type_no,1,1,1,20710,10000,20710.0
2026-01-06,TITANIUM,쿠폰 미사용,쿠폰 미사용,coupon_name+order_coupon_name+coupon_code+order_coupon_no+order_product_coupon_name+order_product_coupon_no+product_coupon_type_no,1,1,1,89000,0,89000.0
2026-01-07,FAMILY,쿠폰 사용,쿠폰명 미확인,coupon_name+order_coupon_name+coupon_code+order_coupon_no+order_product_coupon_name+order_product_coupon_no+product_coupon_type_no,61,61,71,9581660,1582030,157076.39344262294
2026-01-07,FAMILY,쿠폰 미사용,쿠폰 미사용,coupon_name+order_coupon_name+coupon_code+order_coupon_no+order_product_coupon_name+order_product_coupon_no+product_coupon_type_no,27,27,40,3103790,0,114955.18518518518
2026-01-07,GOLD,쿠폰 미사용,쿠폰 미사용,coupon_name+order_coupon_name+coupon_code+order_coupon_no+order_product_coupon_name+order_product_coupon_no+product_coupon_type_no,2,2,3,593570,0,296785.0
2026-01-07,SILVER,쿠폰 미사용,쿠폰 미사용,coupon_name+order_coupon_name+coupon_code+order_coupon_no+order_product_coupon_name+order_product_coupon_no+product_coupon_type_no,1,1,2,38440,0,38440.0
2026-01-08,FAMILY,쿠폰 사용,쿠폰명 미확인,coupon_name+order_coupon_name+coupon_code+order_coupon_no+order_product_coupon_name+order_product_coupon_no+product_coupon_type_no,65,59,73,9934760,1814060,152842.46153846153
2026-01-08,FAMILY,쿠폰 미사용,쿠폰 미사용,coupon_name+order_coupon_name+coupon_code+order_coupon_no+order_product_coupon_name+order_product_coupon_no+product_coupon_type_no,25,25,33,2097830,0,83913.2
2026-01-08,GOLD,쿠폰 미사용,쿠폰 미사용,coupon_name+order_coupon_name+coupon_code+order_coupon_no+order_product_coupon_name+order_product_coupon_no+product_coupon_type_no,2,2,4,641820,0,320910.0
2026-01-08,GOLD,쿠폰 사용,쿠폰명 미확인,coupon_name+order_coupon_name+coupon_code+order_coupon_no+order_product_coupon_name+order_product_coupon_no+product_coupon_type_no,1,1,1,38140,10000,38140.0
2026-01-08,SILVER,쿠폰 미사용,쿠폰 미사용,coupon_name+order_coupon_name+coupon_code+order_coupon_no+order_product_coupon_name+order_product_coupon_no+product_coupon_type_no,4,4,5,315110,0,78777.5
2026-01-08,SILVER,쿠폰 사용,쿠폰명 미확인,coupon_name+order_coupon_name+coupon_code+order_coupon_no+order_product_coupon_name+order_product_coupon_no+product_coupon_type_no,1,1,1,34100,10000,34100.0
2026-01-08,TITANIUM,쿠폰 미사용,쿠폰 미사용,coupon_name+order_coupon_name+coupon_code+order_coupon_no+order_product_coupon_name+order_product_coupon_no+product_coupon_type_no,1,1,1,75400,0,75400.0
2026-01-09,FAMILY,쿠폰 사용,쿠폰명 미확인,coupon_name+order_coupon_name+coupon_code+order_coupon_no+order_product_coupon_name+order_product_coupon_no+product_coupon_type_no,84,83,116,11341690,1597260,135020.11904761905
2026-01-09,FAMILY,쿠폰 미사용,쿠폰 미사용,coupon_name+order_coupon_name+coupon_code+order_coupon_no+order_product_coupon_name+order_product_coupon_no+product_coupon_type_no,44,44,57,4711440,0,107078.18181818182
2026-01-09,GOLD,쿠폰 미사용,쿠폰 미사용,coupon_name+order_coupon_name+coupon_code+order_coupon_no+order_product_coupon_name+order_product_coupon_no+product_coupon_type_no,1,1,1,156000,0,156000.0
2026-01-09,SILVER,쿠폰 사용,쿠폰명 미확인,coupon_name+order_coupon_name+coupon_code+order_coupon_no+order_product_coupon_name+order_product_coupon_no+product_coupon_type_no,3,3,3,145190,30000,48396.666666666664
2026-01-09,SILVER,쿠폰 미사용,쿠폰 미사용,coupon_name+order_coupon_name+coupon_code+order_coupon_no+order_product_coupon_name+order_product_coupon_no+product_coupon_type_no,1,1,2,114120,0,114120.0
2026-01-09,TITANIUM,쿠폰 미사용,쿠폰 미사용,coupon_name+order_coupon_name+coupon_code+order_coupon_no+order_product_coupon_name+order_product_coupon_no+product_coupon_type_no,2,2,5,545320,0,272660.0
2026-01-10,FAMILY,쿠폰 사용,쿠폰명 미확인,coupon_name+order_coupon_name+coupon_code+order_coupon_no+order_product_coupon_name+order_product_coupon_no+product_coupon_type_no,64,64,77,7692210,1138600,120190.78125
2026-01-10,FAMILY,쿠폰 미사용,쿠폰 미사용,coupon_name+order_coupon_name+coupon_code+order_coupon_no+order_product_coupon_name+order_product_coupon_no+product_coupon_type_no,21,21,31,1796250,0,85535.71428571429
2026-01-10,TITANIUM,쿠폰 미사용,쿠폰 미사용,coupon_name+order_coupon_name+coupon_code+order_coupon_no+order_product_coupon_name+order_product_coupon_no+product_coupon_type_no,1,1,1,50330,0,50330.0
2026-01-11,FAMILY,쿠폰 사용,쿠폰명 미확인,coupon_name+order_coupon_name+coupon_code+order_coupon_no+order_product_coupon_name+order_product_coupon_no+product_coupon_type_no,71,71,88,9863200,1568080,138918.30985915492
2026-01-11,FAMILY,쿠폰 미사용,쿠폰 미사용,coupon_name+order_coupon_name+coupon_code+order_coupon_no+order_product_coupon_name+order_product_coupon_no+product_coupon_type_no,34,34,40,3511410,0,103276.76470588235
2026-01-12,FAMILY,쿠폰 사용,쿠폰명 미확인,coupon_name+order_coupon_name+coupon_code+order_coupon_no+order_product_coupon_name+order_product_coupon_no+product_coupon_type_no,57,56,66,7634260,1188160,133934.38596491228
2026-01-12,FAMILY,쿠폰 미사용,쿠폰 미사용,coupon_name+order_coupon_name+coupon_code+order_coupon_no+order_product_coupon_name+order_product_coupon_no+product_coupon_type_no,31,31,38,2997800,0,96703.2258064516
2026-01-12,SILVER,쿠폰 미사용,쿠폰 미사용,coupon_name+order_coupon_name+coupon_code+order_coupon_no+order_product_coupon_name+order_product_coupon_no+product_coupon_type_no,6,5,7,861490,0,143581.66666666666
2026-01-13,FAMILY,쿠폰 사용,쿠폰명 미확인,coupon_name+order_coupon_name+coupon_code+order_coupon_no+order_product_coupon_name+order_product_coupon_no+product_coupon_type_no,68,68,84,7774310,1115870,114328.08823529411
2026-01-13,FAMILY,쿠폰 미사용,쿠폰 미사용,coupon_name+order_coupon_name+coupon_code+order_coupon_no+order_product_coupon_name+order_product_coupon_no+product_coupon_type_no,20,20,26,1944070,0,97203.5
2026-01-13,SILVER,쿠폰 미사용,쿠폰 미사용,coupon_name+order_coupon_name+coupon_code+order_coupon_no+order_product_coupon_name+order_product_coupon_no+product_coupon_type_no,1,1,2,186470,0,186470.0
2026-01-14,FAMILY,쿠폰 사용,쿠폰명 미확인,coupon_name+order_coupon_name+coupon_code+order_coupon_no+order_product_coupon_name+order_product_coupon_no+product_coupon_type_no,58,58,69,7726450,1290700,133214.6551724138
2026-01-14,FAMILY,쿠폰 미사용,쿠폰 미사용,coupon_name+order_coupon_name+coupon_code+order_coupon_no+order_product_coupon_name+order_product_coupon_no+product_coupon_type_no,27,26,38,2612560,0,96761.48148148147
2026-01-14,SILVER,쿠폰 미사용,쿠폰 미사용,coupon_name+order_coupon_name+coupon_code+order_coupon_no+order_product_coupon_name+order_product_coupon_no+product_coupon_type_no,3,3,4,325200,0,108400.0
2026-01-15,FAMILY,쿠폰 사용,쿠폰명 미확인,coupon_name+order_coupon_name+coupon_code+order_coupon_no+order_product_coupon_name+order_product_coupon_no+product_coupon_type_no,43,43,58,4976210,834720,115725.81395348837
2026-01-15,FAMILY,쿠폰 미사용,쿠폰 미사용,coupon_name+order_coupon_name+coupon_code+order_coupon_no+order_product_coupon_name+order_product_coupon_no+product_coupon_type_no,21,19,24,1488690,0,70890.0
2026-01-15,SILVER,쿠폰 미사용,쿠폰 미사용,coupon_name+order_coupon_name+coupon_code+order_coupon_no+order_product_coupon_name+order_product_coupon_no+product_coupon_type_no,3,3,6,443520,0,147840.0
2026-01-15,SILVER,쿠폰 사용,쿠폰명 미확인,coupon_name+order_coupon_name+coupon_code+order_coupon_no+order_product_coupon_name+order_product_coupon_no+product_coupon_type_no,1,1,1,23350,10000,23350.0
2026-01-15,TITANIUM,쿠폰 사용,쿠폰명 미확인,coupon_name+order_coupon_name+coupon_code+order_coupon_no+order_product_coupon_name+order_product_coupon_no+product_coupon_type_no,1,1,1,67150,10000,67150.0
2026-01-16,FAMILY,쿠폰 사용,쿠폰명 미확인,coupon_name+order_coupon_name+coupon_code+order_coupon_no+order_product_coupon_name+order_product_coupon_no+product_coupon_type_no,37,35,49,4109200,603710,111059.45945945945
2026-01-16,FAMILY,쿠폰 미사용,쿠폰 미사용,coupon_name+order_coupon_name+coupon_code+order_coupon_no+order_product_coupon_name+order_product_coupon_no+product_coupon_type_no,12,12,18,1162280,0,96856.66666666667
2026-01-16,SILVER,쿠폰 미사용,쿠폰 미사용,coupon_name+order_coupon_name+coupon_code+order_coupon_no+order_product_coupon_name+order_product_coupon_no+product_coupon_type_no,2,2,2,142190,0,71095.0
2026-01-17,FAMILY,쿠폰 사용,쿠폰명 미확인,coupon_name+order_coupon_name+coupon_code+order_coupon_no+order_product_coupon_name+order_product_coupon_no+product_coupon_type_no,40,40,49,5552590,797600,138814.75
2026-01-17,FAMILY,쿠폰 미사용,쿠폰 미사용,coupon_name+order_coupon_name+coupon_code+order_coupon_no+order_product_coupon_name+order_product_coupon_no+product_coupon_type_no,22,22,29,1843240,0,83783.63636363637
2026-01-17,SILVER,쿠폰 미사용,쿠폰 미사용,coupon_name+order_coupon_name+coupon_code+order_coupon_no+order_product_coupon_name+order_product_coupon_no+product_coupon_type_no,1,1,1,7400,0,7400.0
2026-01-18,FAMILY,쿠폰 사용,쿠폰명 미확인,coupon_name+order_coupon_name+coupon_code+order_coupon_no+order_product_coupon_name+order_product_coupon_no+product_coupon_type_no,59,59,68,9943150,1356570,168527.9661016949
2026-01-18,FAMILY,쿠폰 미사용,쿠폰 미사용,coupon_name+order_coupon_name+coupon_code+order_coupon_no+order_product_coupon_name+order_product_coupon_no+product_coupon_type_no,21,21,30,1553220,0,73962.85714285714
2026-01-18,SILVER,쿠폰 미사용,쿠폰 미사용,coupon_name+order_coupon_name+coupon_code+order_coupon_no+order_product_coupon_name+order_product_coupon_no+product_coupon_type_no,2,2,2,229950,0,114975.0
2026-01-19,FAMILY,쿠폰 사용,쿠폰명 미확인,coupon_name+order_coupon_name+coupon_code+order_coupon_no+order_product_coupon_name+order_product_coupon_no+product_coupon_type_no,55,54,73,7950670,1856030,144557.63636363635
2026-01-19,FAMILY,쿠폰 미사용,쿠폰 미사용,coupon_name+order_coupon_name+coupon_code+order_coupon_no+order_product_coupon_name+order_product_coupon_no+product_coupon_type_no,20,20,35,1840220,0,92011.0
2026-01-19,GOLD,쿠폰 미사용,쿠폰 미사용,coupon_name+order_coupon_name+coupon_code+order_coupon_no+order_product_coupon_name+order_product_coupon_no+product_coupon_type_no,1,1,2,211440,0,211440.0
2026-01-19,GOLD,쿠폰 사용,쿠폰명 미확인,coupon_name+order_coupon_name+coupon_code+order_coupon_no+order_product_coupon_name+order_product_coupon_no+product_coupon_type_no,1,1,2,177750,71600,177750.0
2026-01-19,SILVER,쿠폰 미사용,쿠폰 미사용,coupon_name+order_coupon_name+coupon_code+order_coupon_no+order_product_coupon_name+order_product_coupon_no+product_coupon_type_no,3,3,6,237960,0,79320.0
2026-01-19,SILVER,쿠폰 사용,쿠폰명 미확인,coupon_name+order_coupon_name+coupon_code+order_coupon_no+order_product_coupon_name+order_product_coupon_no+product_coupon_type_no,3,3,3,235260,73800,78420.0
2026-01-19,TITANIUM,쿠폰 미사용,쿠폰 미사용,coupon_name+order_coupon_name+coupon_code+order_coupon_no+order_product_coupon_name+order_product_coupon_no+product_coupon_type_no,1,1,1,16960,0,16960.0
2026-01-20,FAMILY,쿠폰 사용,쿠폰명 미확인,coupon_name+order_coupon_name+coupon_code+order_coupon_no+order_product_coupon_name+order_product_coupon_no+product_coupon_type_no,53,53,64,7228130,1347370,136379.81132075473
2026-01-20,FAMILY,쿠폰 미사용,쿠폰 미사용,coupon_name+order_coupon_name+coupon_code+order_coupon_no+order_product_coupon_name+order_product_coupon_no+product_coupon_type_no,30,30,32,3120530,0,104017.66666666667
2026-01-20,SILVER,쿠폰 사용,쿠폰명 미확인,coupon_name+order_coupon_name+coupon_code+order_coupon_no+order_product_coupon_name+order_product_coupon_no+product_coupon_type_no,2,2,4,350350,97400,175175.0
2026-01-20,SILVER,쿠폰 미사용,쿠폰 미사용,coupon_name+order_coupon_name+coupon_code+order_coupon_no+order_product_coupon_name+order_product_coupon_no+product_coupon_type_no,2,2,2,41800,0,20900.0
2026-01-21,FAMILY,쿠폰 사용,쿠폰명 미확인,coupon_name+order_coupon_name+coupon_code+order_coupon_no+order_product_coupon_name+order_product_coupon_no+product_coupon_type_no,47,47,62,6988150,1025620,148684.04255319148
2026-01-21,FAMILY,쿠폰 미사용,쿠폰 미사용,coupon_name+order_coupon_name+coupon_code+order_coupon_no+order_product_coupon_name+order_product_coupon_no+product_coupon_type_no,22,22,26,1806030,0,82092.27272727272
2026-01-21,GOLD,쿠폰 미사용,쿠폰 미사용,coupon_name+order_coupon_name+coupon_code+order_coupon_no+order_product_coupon_name+order_product_coupon_no+product_coupon_type_no,2,2,6,489290,0,244645.0
2026-01-21,SILVER,쿠폰 사용,쿠폰명 미확인,coupon_name+order_coupon_name+coupon_code+order_coupon_no+order_product_coupon_name+order_product_coupon_no+product_coupon_type_no,2,2,3,315100,107400,157550.0
2026-01-21,SILVER,쿠폰 미사용,쿠폰 미사용,coupon_name+order_coupon_name+coupon_code+order_coupon_no+order_product_coupon_name+order_product_coupon_no+product_coupon_type_no,1,1,2,43070,0,43070.0
2026-01-22,FAMILY,쿠폰 사용,쿠폰명 미확인,coupon_name+order_coupon_name+coupon_code+order_coupon_no+order_product_coupon_name+order_product_coupon_no+product_coupon_type_no,53,53,68,6890520,1117980,130009.81132075471
2026-01-22,FAMILY,쿠폰 미사용,쿠폰 미사용,coupon_name+order_coupon_name+coupon_code+order_coupon_no+order_product_coupon_name+order_product_coupon_no+product_coupon_type_no,38,37,47,4046230,0,106479.73684210527
2026-01-22,GOLD,쿠폰 미사용,쿠폰 미사용,coupon_name+order_coupon_name+coupon_code+order_coupon_no+order_product_coupon_name+order_product_coupon_no+product_coupon_type_no,1,1,1,68000,0,68000.0
2026-01-22,SILVER,쿠폰 미사용,쿠폰 미사용,coupon_name+order_coupon_name+coupon_code+order_coupon_no+order_product_coupon_name+order_product_coupon_no+product_coupon_type_no,5,5,8,320580,0,64116.0
2026-01-23,FAMILY,쿠폰 사용,쿠폰명 미확인,coupon_name+order_coupon_name+coupon_code+order_coupon_no+order_product_coupon_name+order_product_coupon_no+product_coupon_type_no,42,42,61,7299750,1046200,173803.57142857142
2026-01-23,FAMILY,쿠폰 미사용,쿠폰 미사용,coupon_name+order_coupon_name+coupon_code+order_coupon_no+order_product_coupon_name+order_product_coupon_no+product_coupon_type_no,15,15,18,1265750,0,84383.33333333333
2026-01-23,GOLD,쿠폰 미사용,쿠폰 미사용,coupon_name+order_coupon_name+coupon_code+order_coupon_no+order_product_coupon_name+order_product_coupon_no+product_coupon_type_no,1,1,1,226790,0,226790.0
2026-01-23,GOLD,쿠폰 사용,쿠폰명 미확인,coupon_name+order_coupon_name+coupon_code+order_coupon_no+order_product_coupon_name+order_product_coupon_no+product_coupon_type_no,1,1,2,220000,81600,220000.0
2026-01-23,SILVER,쿠폰 사용,쿠폰명 미확인,coupon_name+order_coupon_name+coupon_code+order_coupon_no+order_product_coupon_name+order_product_coupon_no+product_coupon_type_no,1,1,1,111200,41800,111200.0
2026-01-23,SILVER,쿠폰 미사용,쿠폰 미사용,coupon_name+order_coupon_name+coupon_code+order_coupon_no+order_product_coupon_name+order_product_coupon_no+product_coupon_type_no,2,2,4,44000,0,22000.0
2026-01-24,FAMILY,쿠폰 사용,쿠폰명 미확인,coupon_name+order_coupon_name+coupon_code+order_coupon_no+order_product_coupon_name+order_product_coupon_no+product_coupon_type_no,43,43,49,6912230,936430,160749.53488372092
2026-01-24,FAMILY,쿠폰 미사용,쿠폰 미사용,coupon_name+order_coupon_name+coupon_code+order_coupon_no+order_product_coupon_name+order_product_coupon_no+product_coupon_type_no,19,19,26,1126870,0,59308.94736842105
2026-01-24,SILVER,쿠폰 미사용,쿠폰 미사용,coupon_name+order_coupon_name+coupon_code+order_coupon_no+order_product_coupon_name+order_product_coupon_no+product_coupon_type_no,5,5,11,1792180,0,358436.0
2026-01-24,SILVER,쿠폰 사용,쿠폰명 미확인,coupon_name+order_coupon_name+coupon_code+order_coupon_no+order_product_coupon_name+order_product_coupon_no+product_coupon_type_no,3,3,3,323600,93400,107866.66666666667
2026-01-25,FAMILY,쿠폰 사용,쿠폰명 미확인,coupon_name+order_coupon_name+coupon_code+order_coupon_no+order_product_coupon_name+order_product_coupon_no+product_coupon_type_no,61,59,77,8567230,1399420,140446.39344262294
2026-01-25,FAMILY,쿠폰 미사용,쿠폰 미사용,coupon_name+order_coupon_name+coupon_code+order_coupon_no+order_product_coupon_name+order_product_coupon_no+product_coupon_type_no,18,18,33,1711920,0,95106.66666666667
2026-01-25,GOLD,쿠폰 미사용,쿠폰 미사용,coupon_name+order_coupon_name+coupon_code+order_coupon_no+order_product_coupon_name+order_product_coupon_no+product_coupon_type_no,2,2,2,264820,0,132410.0
2026-01-25,SILVER,쿠폰 미사용,쿠폰 미사용,coupon_name+order_coupon_name+coupon_code+order_coupon_no+order_product_coupon_name+order_product_coupon_no+product_coupon_type_no,2,1,3,359290,0,179645.0
2026-01-25,SILVER,쿠폰 사용,쿠폰명 미확인,coupon_name+order_coupon_name+coupon_code+order_coupon_no+order_product_coupon_name+order_product_coupon_no+product_coupon_type_no,1,1,1,167200,41800,167200.0
2026-01-26,FAMILY,쿠폰 사용,쿠폰명 미확인,coupon_name+order_coupon_name+coupon_code+order_coupon_no+order_product_coupon_name+order_product_coupon_no+product_coupon_type_no,50,50,57,6944700,1261980,138894.0
2026-01-26,FAMILY,쿠폰 미사용,쿠폰 미사용,coupon_name+order_coupon_name+coupon_code+order_coupon_no+order_product_coupon_name+order_product_coupon_no+product_coupon_type_no,31,31,41,3025870,0,97608.70967741935
2026-01-26,SILVER,쿠폰 사용,쿠폰명 미확인,coupon_name+order_coupon_name+coupon_code+order_coupon_no+order_product_coupon_name+order_product_coupon_no+product_coupon_type_no,1,1,1,127600,10000,127600.0
2026-01-27,FAMILY,쿠폰 사용,쿠폰명 미확인,coupon_name+order_coupon_name+coupon_code+order_coupon_no+order_product_coupon_name+order_product_coupon_no+product_coupon_type_no,53,53,71,7709290,1406430,145458.30188679244
2026-01-27,FAMILY,쿠폰 미사용,쿠폰 미사용,coupon_name+order_coupon_name+coupon_code+order_coupon_no+order_product_coupon_name+order_product_coupon_no+product_coupon_type_no,19,19,25,1552000,0,81684.21052631579
2026-01-27,SILVER,쿠폰 미사용,쿠폰 미사용,coupon_name+order_coupon_name+coupon_code+order_coupon_no+order_product_coupon_name+order_product_coupon_no+product_coupon_type_no,1,1,2,248000,0,248000.0
2026-01-27,SILVER,쿠폰 사용,쿠폰명 미확인,coupon_name+order_coupon_name+coupon_code+order_coupon_no+order_product_coupon_name+order_product_coupon_no+product_coupon_type_no,2,2,2,246000,51800,123000.0
2026-01-28,FAMILY,쿠폰 사용,쿠폰명 미확인,coupon_name+order_coupon_name+coupon_code+order_coupon_no+order_product_coupon_name+order_product_coupon_no+product_coupon_type_no,52,52,60,7800050,1250460,150000.96153846153
2026-01-28,FAMILY,쿠폰 미사용,쿠폰 미사용,coupon_name+order_coupon_name+coupon_code+order_coupon_no+order_product_coupon_name+order_product_coupon_no+product_coupon_type_no,17,17,29,1723260,0,101368.23529411765
2026-01-28,GOLD,쿠폰 사용,쿠폰명 미확인,coupon_name+order_coupon_name+coupon_code+order_coupon_no+order_product_coupon_name+order_product_coupon_no+product_coupon_type_no,1,1,1,109200,39800,109200.0
2026-01-28,SILVER,쿠폰 사용,쿠폰명 미확인,coupon_name+order_coupon_name+coupon_code+order_coupon_no+order_product_coupon_name+order_product_coupon_no+product_coupon_type_no,1,1,1,37840,11800,37840.0
2026-01-29,FAMILY,쿠폰 사용,쿠폰명 미확인,coupon_name+order_coupon_name+coupon_code+order_coupon_no+order_product_coupon_name+order_product_coupon_no+product_coupon_type_no,37,37,55,5887396,1327214,159118.8108108108
2026-01-29,FAMILY,쿠폰 미사용,쿠폰 미사용,coupon_name+order_coupon_name+coupon_code+order_coupon_no+order_product_coupon_name+order_product_coupon_no+product_coupon_type_no,17,16,25,2218300,0,130488.23529411765
2026-01-29,GOLD,쿠폰 미사용,쿠폰 미사용,coupon_name+order_coupon_name+coupon_code+order_coupon_no+order_product_coupon_name+order_product_coupon_no+product_coupon_type_no,1,1,1,86930,0,86930.0
2026-01-29,SILVER,쿠폰 미사용,쿠폰 미사용,coupon_name+order_coupon_name+coupon_code+order_coupon_no+order_product_coupon_name+order_product_coupon_no+product_coupon_type_no,1,1,7,306500,0,306500.0
2026-01-29,SILVER,쿠폰 사용,쿠폰명 미확인,coupon_name+order_coupon_name+coupon_code+order_coupon_no+order_product_coupon_name+order_product_coupon_no+product_coupon_type_no,1,1,1,74110,21800,74110.0
2026-01-30,FAMILY,쿠폰 사용,쿠폰명 미확인,coupon_name+order_coupon_name+coupon_code+order_coupon_no+order_product_coupon_name+order_product_coupon_no+product_coupon_type_no,71,70,92,8740378,1346800,123103.91549295775
2026-01-30,FAMILY,쿠폰 미사용,쿠폰 미사용,coupon_name+order_coupon_name+coupon_code+order_coupon_no+order_product_coupon_name+order_product_coupon_no+product_coupon_type_no,71,71,89,4171559,0,58754.35211267605
2026-01-30,GOLD,쿠폰 미사용,쿠폰 미사용,coupon_name+order_coupon_name+coupon_code+order_coupon_no+order_product_coupon_name+order_product_coupon_no+product_coupon_type_no,1,1,3,279300,0,279300.0
2026-01-30,GOLD,쿠폰 사용,쿠폰명 미확인,coupon_name+order_coupon_name+coupon_code+order_coupon_no+order_product_coupon_name+order_product_coupon_no+product_coupon_type_no,1,1,2,185880,63800,185880.0
2026-01-30,SILVER,쿠폰 미사용,쿠폰 미사용,coupon_name+order_coupon_name+coupon_code+order_coupon_no+order_product_coupon_name+order_product_coupon_no+product_coupon_type_no,2,2,2,216660,0,108330.0
2026-01-30,SILVER,쿠폰 사용,쿠폰명 미확인,coupon_name+order_coupon_name+coupon_code+order_coupon_no+order_product_coupon_name+order_product_coupon_no+product_coupon_type_no,2,2,3,177020,58800,88510.0
2026-01-30,TITANIUM,쿠폰 미사용,쿠폰 미사용,coupon_name+order_coupon_name+coupon_code+order_coupon_no+order_product_coupon_name+order_product_coupon_no+product_coupon_type_no,1,1,1,153300,0,153300.0
2026-01-30,TITANIUM,쿠폰 사용,쿠폰명 미확인,coupon_name+order_coupon_name+coupon_code+order_coupon_no+order_product_coupon_name+order_product_coupon_no+product_coupon_type_no,1,1,1,119200,29800,119200.0
2026-01-31,FAMILY,쿠폰 사용,쿠폰명 미확인,coupon_name+order_coupon_name+coupon_code+order_coupon_no+order_product_coupon_name+order_product_coupon_no+product_coupon_type_no,63,63,74,8215300,1154150,130401.58730158731
2026-01-31,FAMILY,쿠폰 미사용,쿠폰 미사용,coupon_name+order_coupon_name+coupon_code+order_coupon_no+order_product_coupon_name+order_product_coupon_no+product_coupon_type_no,62,60,92,5450133,0,87905.37096774194
2026-01-31,GOLD,쿠폰 미사용,쿠폰 미사용,coupon_name+order_coupon_name+coupon_code+order_coupon_no+order_product_coupon_name+order_product_coupon_no+product_coupon_type_no,2,2,5,344270,0,172135.0
2026-01-31,GOLD,쿠폰 사용,쿠폰명 미확인,coupon_name+order_coupon_name+coupon_code+order_coupon_no+order_product_coupon_name+order_product_coupon_no+product_coupon_type_no,1,1,1,13070,10000,13070.0
2026-01-31,SILVER,쿠폰 미사용,쿠폰 미사용,coupon_name+order_coupon_name+coupon_code+order_coupon_no+order_product_coupon_name+order_product_coupon_no+product_coupon_type_no,5,5,7,645650,0,129130.0
2026-01-31,SILVER,쿠폰 사용,쿠폰명 미확인,coupon_name+order_coupon_name+coupon_code+order_coupon_no+order_product_coupon_name+order_product_coupon_no+product_coupon_type_no,2,2,3,199570,65600,99785.0
2026-01-31,TITANIUM,쿠폰 미사용,쿠폰 미사용,coupon_name+order_coupon_name+coupon_code+order_coupon_no+order_product_coupon_name+order_product_coupon_no+product_coupon_type_no,1,1,4,259640,0,259640.0
2026-01-31,TITANIUM,쿠폰 사용,쿠폰명 미확인,coupon_name+order_coupon_name+coupon_code+order_coupon_no+order_product_coupon_name+order_product_coupon_no+product_coupon_type_no,1,1,1,33250,3900,33250.0
2026-02-01,FAMILY,쿠폰 사용,쿠폰명 미확인,coupon_name+order_coupon_name+coupon_code+order_coupon_no+order_product_coupon_name+order_product_coupon_no+product_coupon_type_no,68,67,86,8829335,1239585,129843.16176470589
2026-02-01,FAMILY,쿠폰 미사용,쿠폰 미사용,coupon_name+order_coupon_name+coupon_code+order_coupon_no+order_product_coupon_name+order_product_coupon_no+product_coupon_type_no,58,58,81,2459887,0,42411.84482758621
2026-02-01,GOLD,쿠폰 사용,쿠폰명 미확인,coupon_name+order_coupon_name+coupon_code+order_coupon_no+order_product_coupon_name+order_product_coupon_no+product_coupon_type_no,1,1,2,224340,20000,224340.0
2026-02-01,SILVER,쿠폰 미사용,쿠폰 미사용,coupon_name+order_coupon_name+coupon_code+order_coupon_no+order_product_coupon_name+order_product_coupon_no+product_coupon_type_no,3,3,3,239199,0,79733.0
2026-02-01,SILVER,쿠폰 사용,쿠폰명 미확인,coupon_name+order_coupon_name+coupon_code+order_coupon_no+order_product_coupon_name+order_product_coupon_no+product_coupon_type_no,2,2,2,168720,65600,84360.0
2026-02-02,FAMILY,쿠폰 사용,쿠폰명 미확인,coupon_name+order_coupon_name+coupon_code+order_coupon_no+order_product_coupon_name+order_product_coupon_no+product_coupon_type_no,57,57,76,8072707,1301210,141626.43859649124
2026-02-02,FAMILY,쿠폰 미사용,쿠폰 미사용,coupon_name+order_coupon_name+coupon_code+order_coupon_no+order_product_coupon_name+order_product_coupon_no+product_coupon_type_no,31,31,40,1425707,0,45990.54838709677
2026-02-02,GOLD,쿠폰 미사용,쿠폰 미사용,coupon_name+order_coupon_name+coupon_code+order_coupon_no+order_product_coupon_name+order_product_coupon_no+product_coupon_type_no,1,1,1,95000,0,95000.0
2026-02-02,SILVER,쿠폰 사용,쿠폰명 미확인,coupon_name+order_coupon_name+coupon_code+order_coupon_no+order_product_coupon_name+order_product_coupon_no+product_coupon_type_no,2,2,3,563130,69800,281565.0
2026-02-02,SILVER,쿠폰 미사용,쿠폰 미사용,coupon_name+order_coupon_name+coupon_code+order_coupon_no+order_product_coupon_name+order_product_coupon_no+product_coupon_type_no,1,1,2,20000,0,20000.0
2026-02-02,TITANIUM,쿠폰 사용,쿠폰명 미확인,coupon_name+order_coupon_name+coupon_code+order_coupon_no+order_product_coupon_name+order_product_coupon_no+product_coupon_type_no,1,1,1,142470,53800,142470.0
2026-02-03,FAMILY,쿠폰 사용,쿠폰명 미확인,coupon_name+order_coupon_name+coupon_code+order_coupon_no+order_product_coupon_name+order_product_coupon_no+product_coupon_type_no,41,39,60,6349070,1086570,154855.36585365853
2026-02-03,FAMILY,쿠폰 미사용,쿠폰 미사용,coupon_name+order_coupon_name+coupon_code+order_coupon_no+order_product_coupon_name+order_product_coupon_no+product_coupon_type_no,37,37,44,2459126,0,66462.86486486487
2026-02-03,SILVER,쿠폰 사용,쿠폰명 미확인,coupon_name+order_coupon_name+coupon_code+order_coupon_no+order_product_coupon_name+order_product_coupon_no+product_coupon_type_no,1,1,1,200000,20000,200000.0
2026-02-03,SILVER,쿠폰 미사용,쿠폰 미사용,coupon_name+order_coupon_name+coupon_code+order_coupon_no+order_product_coupon_name+order_product_coupon_no+product_coupon_type_no,2,2,5,83580,0,41790.0
2026-02-03,TITANIUM,쿠폰 미사용,쿠폰 미사용,coupon_name+order_coupon_name+coupon_code+order_coupon_no+order_product_coupon_name+order_product_coupon_no+product_coupon_type_no,1,1,1,118300,0,118300.0
2026-02-04,FAMILY,쿠폰 사용,쿠폰명 미확인,coupon_name+order_coupon_name+coupon_code+order_coupon_no+order_product_coupon_name+order_product_coupon_no+product_coupon_type_no,53,53,68,7158760,998110,135070.94339622642
2026-02-04,FAMILY,쿠폰 미사용,쿠폰 미사용,coupon_name+order_coupon_name+coupon_code+order_coupon_no+order_product_coupon_name+order_product_coupon_no+product_coupon_type_no,33,33,40,2522528,0,76440.24242424243
2026-02-04,GOLD,쿠폰 사용,쿠폰명 미확인,coupon_name+order_coupon_name+coupon_code+order_coupon_no+order_product_coupon_name+order_product_coupon_no+product_coupon_type_no,1,1,2,87690,27800,87690.0
2026-02-04,SILVER,쿠폰 미사용,쿠폰 미사용,coupon_name+order_coupon_name+coupon_code+order_coupon_no+order_product_coupon_name+order_product_coupon_no+product_coupon_type_no,2,2,4,148310,0,74155.0
2026-02-04,SILVER,쿠폰 사용,쿠폰명 미확인,coupon_name+order_coupon_name+coupon_code+order_coupon_no+order_product_coupon_name+order_product_coupon_no+product_coupon_type_no,2,2,2,128900,35600,64450.0
2026-02-05,FAMILY,쿠폰 사용,쿠폰명 미확인,coupon_name+order_coupon_name+coupon_code+order_coupon_no+order_product_coupon_name+order_product_coupon_no+product_coupon_type_no,55,55,64,6912300,1010660,125678.18181818182
2026-02-05,FAMILY,쿠폰 미사용,쿠폰 미사용,coupon_name+order_coupon_name+coupon_code+order_coupon_no+order_product_coupon_name+order_product_coupon_no+product_coupon_type_no,31,31,46,1789789,0,57735.12903225807
2026-02-05,GOLD,쿠폰 미사용,쿠폰 미사용,coupon_name+order_coupon_name+coupon_code+order_coupon_no+order_product_coupon_name+order_product_coupon_no+product_coupon_type_no,2,2,4,484150,0,242075.0
2026-02-05,SILVER,쿠폰 미사용,쿠폰 미사용,coupon_name+order_coupon_name+coupon_code+order_coupon_no+order_product_coupon_name+order_product_coupon_no+product_coupon_type_no,3,3,4,292580,0,97526.66666666667
2026-02-05,SILVER,쿠폰 사용,쿠폰명 미확인,coupon_name+order_coupon_name+coupon_code+order_coupon_no+order_product_coupon_name+order_product_coupon_no+product_coupon_type_no,2,2,2,145100,50800,72550.0
2026-02-06,FAMILY,쿠폰 사용,쿠폰명 미확인,coupon_name+order_coupon_name+coupon_code+order_coupon_no+order_product_coupon_name+order_product_coupon_no+product_coupon_type_no,51,51,60,7050698,1072600,138248.98039215687
2026-02-06,FAMILY,쿠폰 미사용,쿠폰 미사용,coupon_name+order_coupon_name+coupon_code+order_coupon_no+order_product_coupon_name+order_product_coupon_no+product_coupon_type_no,70,70,93,2982910,0,42613.0
2026-02-06,SILVER,쿠폰 미사용,쿠폰 미사용,coupon_name+order_coupon_name+coupon_code+order_coupon_no+order_product_coupon_name+order_product_coupon_no+product_coupon_type_no,1,1,1,37370,0,37370.0
2026-02-06,SILVER,쿠폰 사용,쿠폰명 미확인,coupon_name+order_coupon_name+coupon_code+order_coupon_no+order_product_coupon_name+order_product_coupon_no+product_coupon_type_no,1,1,1,22000,11000,22000.0
2026-02-07,FAMILY,쿠폰 사용,쿠폰명 미확인,coupon_name+order_coupon_name+coupon_code+order_coupon_no+order_product_coupon_name+order_product_coupon_no+product_coupon_type_no,50,50,78,7791819,1989590,155836.38
2026-02-07,FAMILY,쿠폰 미사용,쿠폰 미사용,coupon_name+order_coupon_name+coupon_code+order_coupon_no+order_product_coupon_name+order_product_coupon_no+product_coupon_type_no,17,17,19,763988,0,44940.470588235294
2026-02-07,SILVER,쿠폰 미사용,쿠폰 미사용,coupon_name+order_coupon_name+coupon_code+order_coupon_no+order_product_coupon_name+order_product_coupon_no+product_coupon_type_no,3,3,5,301990,0,100663.33333333333
2026-02-07,SILVER,쿠폰 사용,쿠폰명 미확인,coupon_name+order_coupon_name+coupon_code+order_coupon_no+order_product_coupon_name+order_product_coupon_no+product_coupon_type_no,3,3,3,138100,33800,46033.333333333336
2026-02-08,FAMILY,쿠폰 사용,쿠폰명 미확인,coupon_name+order_coupon_name+coupon_code+order_coupon_no+order_product_coupon_name+order_product_coupon_no+product_coupon_type_no,45,45,51,3932148,661170,87381.06666666667
2026-02-08,FAMILY,쿠폰 미사용,쿠폰 미사용,coupon_name+order_coupon_name+coupon_code+order_coupon_no+order_product_coupon_name+order_product_coupon_no+product_coupon_type_no,36,34,41,1808207,0,50227.97222222222
2026-02-08,SILVER,쿠폰 미사용,쿠폰 미사용,coupon_name+order_coupon_name+coupon_code+order_coupon_no+order_product_coupon_name+order_product_coupon_no+product_coupon_type_no,1,1,1,24500,0,24500.0
2026-02-09,FAMILY,쿠폰 사용,쿠폰명 미확인,coupon_name+order_coupon_name+coupon_code+order_coupon_no+order_product_coupon_name+order_product_coupon_no+product_coupon_type_no,56,55,70,6042540,1254720,107902.5
2026-02-09,FAMILY,쿠폰 미사용,쿠폰 미사용,coupon_name+order_coupon_name+coupon_code+order_coupon_no+order_product_coupon_name+order_product_coupon_no+product_coupon_type_no,31,31,42,1474406,0,47561.48387096774
2026-02-09,GOLD,쿠폰 사용,쿠폰명 미확인,coupon_name+order_coupon_name+coupon_code+order_coupon_no+order_product_coupon_name+order_product_coupon_no+product_coupon_type_no,1,1,2,303000,79800,303000.0
2026-02-09,GOLD,쿠폰 미사용,쿠폰 미사용,coupon_name+order_coupon_name+coupon_code+order_coupon_no+order_product_coupon_name+order_product_coupon_no+product_coupon_type_no,1,1,1,66500,0,66500.0
2026-02-09,SILVER,쿠폰 미사용,쿠폰 미사용,coupon_name+order_coupon_name+coupon_code+order_coupon_no+order_product_coupon_name+order_product_coupon_no+product_coupon_type_no,4,4,4,414830,0,103707.5
2026-02-10,FAMILY,쿠폰 사용,쿠폰명 미확인,coupon_name+order_coupon_name+coupon_code+order_coupon_no+order_product_coupon_name+order_product_coupon_no+product_coupon_type_no,61,61,70,7112070,1250460,116591.31147540984
2026-02-10,FAMILY,쿠폰 미사용,쿠폰 미사용,coupon_name+order_coupon_name+coupon_code+order_coupon_no+order_product_coupon_name+order_product_coupon_no+product_coupon_type_no,41,41,58,2261757,0,55164.80487804878
2026-02-10,GOLD,쿠폰 미사용,쿠폰 미사용,coupon_name+order_coupon_name+coupon_code+order_coupon_no+order_product_coupon_name+order_product_coupon_no+product_coupon_type_no,1,1,2,65860,0,65860.0
2026-02-10,SILVER,쿠폰 사용,쿠폰명 미확인,coupon_name+order_coupon_name+coupon_code+order_coupon_no+order_product_coupon_name+order_product_coupon_no+product_coupon_type_no,4,4,4,610890,239200,152722.5
2026-02-10,SILVER,쿠폰 미사용,쿠폰 미사용,coupon_name+order_coupon_name+coupon_code+order_coupon_no+order_product_coupon_name+order_product_coupon_no+product_coupon_type_no,3,3,3,195880,0,65293.333333333336
2026-02-11,FAMILY,쿠폰 사용,쿠폰명 미확인,coupon_name+order_coupon_name+coupon_code+order_coupon_no+order_product_coupon_name+order_product_coupon_no+product_coupon_type_no,55,55,68,5693235,1697405,103513.36363636363
2026-02-11,FAMILY,쿠폰 미사용,쿠폰 미사용,coupon_name+order_coupon_name+coupon_code+order_coupon_no+order_product_coupon_name+order_product_coupon_no+product_coupon_type_no,30,30,46,1347187,0,44906.23333333333
2026-02-11,SILVER,쿠폰 미사용,쿠폰 미사용,coupon_name+order_coupon_name+coupon_code+order_coupon_no+order_product_coupon_name+order_product_coupon_no+product_coupon_type_no,3,3,5,463899,0,154633.0
2026-02-11,SILVER,쿠폰 사용,쿠폰명 미확인,coupon_name+order_coupon_name+coupon_code+order_coupon_no+order_product_coupon_name+order_product_coupon_no+product_coupon_type_no,2,2,4,283920,71600,141960.0
2026-02-12,FAMILY,쿠폰 사용,쿠폰명 미확인,coupon_name+order_coupon_name+coupon_code+order_coupon_no+order_product_coupon_name+order_product_coupon_no+product_coupon_type_no,65,65,82,7077973,1147087,108891.89230769231
2026-02-12,FAMILY,쿠폰 미사용,쿠폰 미사용,coupon_name+order_coupon_name+coupon_code+order_coupon_no+order_product_coupon_name+order_product_coupon_no+product_coupon_type_no,97,96,139,5132351,0,52910.83505154639
2026-02-12,GOLD,쿠폰 사용,쿠폰명 미확인,coupon_name+order_coupon_name+coupon_code+order_coupon_no+order_product_coupon_name+order_product_coupon_no+product_coupon_type_no,2,2,2,269420,43800,134710.0
2026-02-12,GOLD,쿠폰 미사용,쿠폰 미사용,coupon_name+order_coupon_name+coupon_code+order_coupon_no+order_product_coupon_name+order_product_coupon_no+product_coupon_type_no,1,1,1,52020,0,52020.0
2026-02-12,SILVER,쿠폰 사용,쿠폰명 미확인,coupon_name+order_coupon_name+coupon_code+order_coupon_no+order_product_coupon_name+order_product_coupon_no+product_coupon_type_no,4,4,4,242480,69600,60620.0
2026-02-12,SILVER,쿠폰 미사용,쿠폰 미사용,coupon_name+order_coupon_name+coupon_code+order_coupon_no+order_product_coupon_name+order_product_coupon_no+product_coupon_type_no,2,2,2,82300,0,41150.0
2026-02-13,FAMILY,쿠폰 사용,쿠폰명 미확인,coupon_name+order_coupon_name+coupon_code+order_coupon_no+order_product_coupon_name+order_product_coupon_no+product_coupon_type_no,36,36,43,5051858,730532,140329.38888888888
2026-02-13,FAMILY,쿠폰 미사용,쿠폰 미사용,coupon_name+order_coupon_name+coupon_code+order_coupon_no+order_product_coupon_name+order_product_coupon_no+product_coupon_type_no,36,36,44,2101509,0,58375.25
2026-02-13,SILVER,쿠폰 미사용,쿠폰 미사용,coupon_name+order_coupon_name+coupon_code+order_coupon_no+order_product_coupon_name+order_product_coupon_no+product_coupon_type_no,1,1,3,160959,0,160959.0
2026-02-13,SILVER,쿠폰 사용,쿠폰명 미확인,coupon_name+order_coupon_name+coupon_code+order_coupon_no+order_product_coupon_name+order_product_coupon_no+product_coupon_type_no,1,1,1,55340,10000,55340.0
2026-02-13,TITANIUM,쿠폰 미사용,쿠폰 미사용,coupon_name+order_coupon_name+coupon_code+order_coupon_no+order_product_coupon_name+order_product_coupon_no+product_coupon_type_no,1,1,1,57400,0,57400.0
2026-02-14,FAMILY,쿠폰 미사용,쿠폰 미사용,coupon_name+order_coupon_name+coupon_code+order_coupon_no+order_product_coupon_name+order_product_coupon_no+product_coupon_type_no,194,194,271,8084881,0,41674.64432989691
2026-02-14,FAMILY,쿠폰 사용,쿠폰명 미확인,coupon_name+order_coupon_name+coupon_code+order_coupon_no+order_product_coupon_name+order_product_coupon_no+product_coupon_type_no,89,89,103,7429510,1358540,83477.6404494382
2026-02-14,SILVER,쿠폰 사용,쿠폰명 미확인,coupon_name+order_coupon_name+coupon_code+order_coupon_no+order_product_coupon_name+order_product_coupon_no+product_coupon_type_no,4,4,4,787180,135400,196795.0
2026-02-14,SILVER,쿠폰 미사용,쿠폰 미사용,coupon_name+order_coupon_name+coupon_code+order_coupon_no+order_product_coupon_name+order_product_coupon_no+product_coupon_type_no,7,7,8,424630,0,60661.42857142857
2026-02-15,FAMILY,쿠폰 사용,쿠폰명 미확인,coupon_name+order_coupon_name+coupon_code+order_coupon_no+order_product_coupon_name+order_product_coupon_no+product_coupon_type_no,48,48,53,5179412,829087,107904.41666666667
2026-02-15,FAMILY,쿠폰 미사용,쿠폰 미사용,coupon_name+order_coupon_name+coupon_code+order_coupon_no+order_product_coupon_name+order_product_coupon_no+product_coupon_type_no,67,66,94,2571354,0,38378.41791044776
2026-02-15,GOLD,쿠폰 사용,쿠폰명 미확인,coupon_name+order_coupon_name+coupon_code+order_coupon_no+order_product_coupon_name+order_product_coupon_no+product_coupon_type_no,1,1,1,104080,45800,104080.0
2026-02-15,GOLD,쿠폰 미사용,쿠폰 미사용,coupon_name+order_coupon_name+coupon_code+order_coupon_no+order_product_coupon_name+order_product_coupon_no+product_coupon_type_no,1,1,1,68520,0,68520.0
2026-02-15,SILVER,쿠폰 사용,쿠폰명 미확인,coupon_name+order_coupon_name+coupon_code+order_coupon_no+order_product_coupon_name+order_product_coupon_no+product_coupon_type_no,3,3,4,370390,40000,123463.33333333333
2026-02-15,SILVER,쿠폰 미사용,쿠폰 미사용,coupon_name+order_coupon_name+coupon_code+order_coupon_no+order_product_coupon_name+order_product_coupon_no+product_coupon_type_no,1,1,2,64200,0,64200.0
2026-02-16,FAMILY,쿠폰 사용,쿠폰명 미확인,coupon_name+order_coupon_name+coupon_code+order_coupon_no+order_product_coupon_name+order_product_coupon_no+product_coupon_type_no,49,49,59,5742064,994376,117184.97959183673
2026-02-16,FAMILY,쿠폰 미사용,쿠폰 미사용,coupon_name+order_coupon_name+coupon_code+order_coupon_no+order_product_coupon_name+order_product_coupon_no+product_coupon_type_no,58,57,78,2750989,0,47430.84482758621
2026-02-16,SILVER,쿠폰 미사용,쿠폰 미사용,coupon_name+order_coupon_name+coupon_code+order_coupon_no+order_product_coupon_name+order_product_coupon_no+product_coupon_type_no,5,5,6,381360,0,76272.0
2026-02-16,SILVER,쿠폰 사용,쿠폰명 미확인,coupon_name+order_coupon_name+coupon_code+order_coupon_no+order_product_coupon_name+order_product_coupon_no+product_coupon_type_no,4,4,4,302350,55800,75587.5
2026-02-16,TITANIUM,쿠폰 미사용,쿠폰 미사용,coupon_name+order_coupon_name+coupon_code+order_coupon_no+order_product_coupon_name+order_product_coupon_no+product_coupon_type_no,1,1,2,149760,0,149760.0
2026-02-17,FAMILY,쿠폰 미사용,쿠폰 미사용,coupon_name+order_coupon_name+coupon_code+order_coupon_no+order_product_coupon_name+order_product_coupon_no+product_coupon_type_no,221,221,303,8061270,0,36476.33484162896
2026-02-17,FAMILY,쿠폰 사용,쿠폰명 미확인,coupon_name+order_coupon_name+coupon_code+order_coupon_no+order_product_coupon_name+order_product_coupon_no+product_coupon_type_no,72,72,87,4977348,999416,69129.83333333333
2026-02-17,SILVER,쿠폰 미사용,쿠폰 미사용,coupon_name+order_coupon_name+coupon_code+order_coupon_no+order_product_coupon_name+order_product_coupon_no+product_coupon_type_no,9,8,13,385980,0,42886.666666666664
2026-02-17,SILVER,쿠폰 사용,쿠폰명 미확인,coupon_name+order_coupon_name+coupon_code+order_coupon_no+order_product_coupon_name+order_product_coupon_no+product_coupon_type_no,2,2,2,188430,85600,94215.0
2026-02-18,FAMILY,쿠폰 사용,쿠폰명 미확인,coupon_name+order_coupon_name+coupon_code+order_coupon_no+order_product_coupon_name+order_product_coupon_no+product_coupon_type_no,77,77,93,7276956,1359792,94505.92207792208
2026-02-18,FAMILY,쿠폰 미사용,쿠폰 미사용,coupon_name+order_coupon_name+coupon_code+order_coupon_no+order_product_coupon_name+order_product_coupon_no+product_coupon_type_no,112,112,146,4798393,0,42842.794642857145
2026-02-18,SILVER,쿠폰 미사용,쿠폰 미사용,coupon_name+order_coupon_name+coupon_code+order_coupon_no+order_product_coupon_name+order_product_coupon_no+product_coupon_type_no,3,3,4,270280,0,90093.33333333333
2026-02-18,SILVER,쿠폰 사용,쿠폰명 미확인,coupon_name+order_coupon_name+coupon_code+order_coupon_no+order_product_coupon_name+order_product_coupon_no+product_coupon_type_no,1,1,1,68700,10000,68700.0
2026-02-18,TITANIUM,쿠폰 미사용,쿠폰 미사용,coupon_name+order_coupon_name+coupon_code+order_coupon_no+order_product_coupon_name+order_product_coupon_no+product_coupon_type_no,1,1,2,240000,0,240000.0
2026-02-19,FAMILY,쿠폰 사용,쿠폰명 미확인,coupon_name+order_coupon_name+coupon_code+order_coupon_no+order_product_coupon_name+order_product_coupon_no+product_coupon_type_no,63,63,73,6832128,1082942,108446.47619047618
2026-02-19,FAMILY,쿠폰 미사용,쿠폰 미사용,coupon_name+order_coupon_name+coupon_code+order_coupon_no+order_product_coupon_name+order_product_coupon_no+product_coupon_type_no,85,85,125,3942326,0,46380.30588235294
2026-02-19,GOLD,쿠폰 사용,쿠폰명 미확인,coupon_name+order_coupon_name+coupon_code+order_coupon_no+order_product_coupon_name+order_product_coupon_no+product_coupon_type_no,1,1,2,90930,45600,90930.0
2026-02-19,SILVER,쿠폰 미사용,쿠폰 미사용,coupon_name+order_coupon_name+coupon_code+order_coupon_no+order_product_coupon_name+order_product_coupon_no+product_coupon_type_no,8,8,14,466120,0,58265.0
2026-02-19,SILVER,쿠폰 사용,쿠폰명 미확인,coupon_name+order_coupon_name+coupon_code+order_coupon_no+order_product_coupon_name+order_product_coupon_no+product_coupon_type_no,2,2,5,249220,41700,124610.0
2026-02-20,FAMILY,쿠폰 사용,쿠폰명 미확인,coupon_name+order_coupon_name+coupon_code+order_coupon_no+order_product_coupon_name+order_product_coupon_no+product_coupon_type_no,38,38,44,4387334,711016,115456.15789473684
2026-02-20,FAMILY,쿠폰 미사용,쿠폰 미사용,coupon_name+order_coupon_name+coupon_code+order_coupon_no+order_product_coupon_name+order_product_coupon_no+product_coupon_type_no,48,48,64,2134647,0,44471.8125
2026-02-20,GOLD,쿠폰 사용,쿠폰명 미확인,coupon_name+order_coupon_name+coupon_code+order_coupon_no+order_product_coupon_name+order_product_coupon_no+product_coupon_type_no,2,1,4,498600,137400,249300.0
2026-02-20,SILVER,쿠폰 사용,쿠폰명 미확인,coupon_name+order_coupon_name+coupon_code+order_coupon_no+order_product_coupon_name+order_product_coupon_no+product_coupon_type_no,4,4,5,685460,215400,171365.0
2026-02-20,SILVER,쿠폰 미사용,쿠폰 미사용,coupon_name+order_coupon_name+coupon_code+order_coupon_no+order_product_coupon_name+order_product_coupon_no+product_coupon_type_no,1,1,2,26969,0,26969.0
2026-02-20,TITANIUM,쿠폰 사용,쿠폰명 미확인,coupon_name+order_coupon_name+coupon_code+order_coupon_no+order_product_coupon_name+order_product_coupon_no+product_coupon_type_no,1,1,1,250900,20000,250900.0
2026-02-21,FAMILY,쿠폰 사용,쿠폰명 미확인,coupon_name+order_coupon_name+coupon_code+order_coupon_no+order_product_coupon_name+order_product_coupon_no+product_coupon_type_no,33,33,38,3882006,791452,117636.54545454546
2026-02-21,FAMILY,쿠폰 미사용,쿠폰 미사용,coupon_name+order_coupon_name+coupon_code+order_coupon_no+order_product_coupon_name+order_product_coupon_no+product_coupon_type_no,52,51,63,2358208,0,45350.153846153844
2026-02-21,SILVER,쿠폰 미사용,쿠폰 미사용,coupon_name+order_coupon_name+coupon_code+order_coupon_no+order_product_coupon_name+order_product_coupon_no+product_coupon_type_no,3,3,3,348060,0,116020.0
2026-02-21,SILVER,쿠폰 사용,쿠폰명 미확인,coupon_name+order_coupon_name+coupon_code+order_coupon_no+order_product_coupon_name+order_product_coupon_no+product_coupon_type_no,1,1,2,142470,49800,142470.0
2026-02-22,FAMILY,쿠폰 미사용,쿠폰 미사용,coupon_name+order_coupon_name+coupon_code+order_coupon_no+order_product_coupon_name+order_product_coupon_no+product_coupon_type_no,571,569,789,22901018,0,40106.861646234676
2026-02-22,FAMILY,쿠폰 사용,쿠폰명 미확인,coupon_name+order_coupon_name+coupon_code+order_coupon_no+order_product_coupon_name+order_product_coupon_no+product_coupon_type_no,181,181,214,16221334,2923660,89620.62983425414
2026-02-22,GOLD,쿠폰 미사용,쿠폰 미사용,coupon_name+order_coupon_name+coupon_code+order_coupon_no+order_product_coupon_name+order_product_coupon_no+product_coupon_type_no,3,2,3,133490,0,44496.666666666664
2026-02-22,GOLD,쿠폰 사용,쿠폰명 미확인,coupon_name+order_coupon_name+coupon_code+order_coupon_no+order_product_coupon_name+order_product_coupon_no+product_coupon_type_no,1,1,1,67230,35800,67230.0
2026-02-22,SILVER,쿠폰 사용,쿠폰명 미확인,coupon_name+order_coupon_name+coupon_code+order_coupon_no+order_product_coupon_name+order_product_coupon_no+product_coupon_type_no,12,12,14,1011280,417800,84273.33333333333
2026-02-22,SILVER,쿠폰 미사용,쿠폰 미사용,coupon_name+order_coupon_name+coupon_code+order_coupon_no+order_product_coupon_name+order_product_coupon_no+product_coupon_type_no,15,15,21,874490,0,58299.333333333336
2026-02-22,TITANIUM,쿠폰 사용,쿠폰명 미확인,coupon_name+order_coupon_name+coupon_code+order_coupon_no+order_product_coupon_name+order_product_coupon_no+product_coupon_type_no,1,1,1,138080,53800,138080.0
2026-02-23,FAMILY,쿠폰 사용,쿠폰명 미확인,coupon_name+order_coupon_name+coupon_code+order_coupon_no+order_product_coupon_name+order_product_coupon_no+product_coupon_type_no,47,47,56,5577960,911310,118680.0
2026-02-23,FAMILY,쿠폰 미사용,쿠폰 미사용,coupon_name+order_coupon_name+coupon_code+order_coupon_no+order_product_coupon_name+order_product_coupon_no+product_coupon_type_no,15,15,19,1550489,0,103365.93333333333
2026-02-23,GOLD,쿠폰 사용,쿠폰명 미확인,coupon_name+order_coupon_name+coupon_code+order_coupon_no+order_product_coupon_name+order_product_coupon_no+product_coupon_type_no,1,1,2,185250,49800,185250.0
2026-02-23,SILVER,쿠폰 사용,쿠폰명 미확인,coupon_name+order_coupon_name+coupon_code+order_coupon_no+order_product_coupon_name+order_product_coupon_no+product_coupon_type_no,2,2,4,275600,91400,137800.0
2026-02-23,SILVER,쿠폰 미사용,쿠폰 미사용,coupon_name+order_coupon_name+coupon_code+order_coupon_no+order_product_coupon_name+order_product_coupon_no+product_coupon_type_no,2,1,3,135130,0,67565.0
2026-02-24,FAMILY,쿠폰 사용,쿠폰명 미확인,coupon_name+order_coupon_name+coupon_code+order_coupon_no+order_product_coupon_name+order_product_coupon_no+product_coupon_type_no,30,30,47,3852762,892018,128425.4
2026-02-24,FAMILY,쿠폰 미사용,쿠폰 미사용,coupon_name+order_coupon_name+coupon_code+order_coupon_no+order_product_coupon_name+order_product_coupon_no+product_coupon_type_no,11,11,11,665929,0,60539.0
2026-02-24,GOLD,쿠폰 미사용,쿠폰 미사용,coupon_name+order_coupon_name+coupon_code+order_coupon_no+order_product_coupon_name+order_product_coupon_no+product_coupon_type_no,1,1,2,134100,0,134100.0
2026-02-24,SILVER,쿠폰 사용,쿠폰명 미확인,coupon_name+order_coupon_name+coupon_code+order_coupon_no+order_product_coupon_name+order_product_coupon_no+product_coupon_type_no,1,1,1,44000,11000,44000.0
2026-02-25,FAMILY,쿠폰 사용,쿠폰명 미확인,coupon_name+order_coupon_name+coupon_code+order_coupon_no+order_product_coupon_name+order_product_coupon_no+product_coupon_type_no,33,33,39,4200589,840861,127290.57575757576
2026-02-25,FAMILY,쿠폰 미사용,쿠폰 미사용,coupon_name+order_coupon_name+coupon_code+order_coupon_no+order_product_coupon_name+order_product_coupon_no+product_coupon_type_no,18,18,19,953990,0,52999.444444444445
2026-02-25,GOLD,쿠폰 미사용,쿠폰 미사용,coupon_name+order_coupon_name+coupon_code+order_coupon_no+order_product_coupon_name+order_product_coupon_no+product_coupon_type_no,1,1,3,221850,0,221850.0
2026-02-25,TITANIUM,쿠폰 사용,쿠폰명 미확인,coupon_name+order_coupon_name+coupon_code+order_coupon_no+order_product_coupon_name+order_product_coupon_no+product_coupon_type_no,1,1,1,259300,20000,259300.0
2026-02-26,FAMILY,쿠폰 사용,쿠폰명 미확인,coupon_name+order_coupon_name+coupon_code+order_coupon_no+order_product_coupon_name+order_product_coupon_no+product_coupon_type_no,38,38,52,4892014,836525,128737.21052631579
2026-02-26,FAMILY,쿠폰 미사용,쿠폰 미사용,coupon_name+order_coupon_name+coupon_code+order_coupon_no+order_product_coupon_name+order_product_coupon_no+product_coupon_type_no,23,23,40,1781959,0,77476.47826086957
2026-02-26,SILVER,쿠폰 사용,쿠폰명 미확인,coupon_name+order_coupon_name+coupon_code+order_coupon_no+order_product_coupon_name+order_product_coupon_no+product_coupon_type_no,3,3,3,403650,85600,134550.0
2026-02-27,FAMILY,쿠폰 사용,쿠폰명 미확인,coupon_name+order_coupon_name+coupon_code+order_coupon_no+order_product_coupon_name+order_product_coupon_no+product_coupon_type_no,31,31,41,4829335,980825,155785.0
2026-02-27,FAMILY,쿠폰 미사용,쿠폰 미사용,coupon_name+order_coupon_name+coupon_code+order_coupon_no+order_product_coupon_name+order_product_coupon_no+product_coupon_type_no,13,13,15,924720,0,71132.30769230769
2026-02-27,SILVER,쿠폰 사용,쿠폰명 미확인,coupon_name+order_coupon_name+coupon_code+order_coupon_no+order_product_coupon_name+order_product_coupon_no+product_coupon_type_no,1,1,2,185240,49800,185240.0
2026-02-27,SILVER,쿠폰 미사용,쿠폰 미사용,coupon_name+order_coupon_name+coupon_code+order_coupon_no+order_product_coupon_name+order_product_coupon_no+product_coupon_type_no,1,1,1,55000,0,55000.0
2026-02-28,FAMILY,쿠폰 사용,쿠폰명 미확인,coupon_name+order_coupon_name+coupon_code+order_coupon_no+order_product_coupon_name+order_product_coupon_no+product_coupon_type_no,30,29,32,3923559,609971,130785.3
2026-02-28,FAMILY,쿠폰 미사용,쿠폰 미사용,coupon_name+order_coupon_name+coupon_code+order_coupon_no+order_product_coupon_name+order_product_coupon_no+product_coupon_type_no,22,21,27,1333020,0,60591.818181818184
2026-02-28,SILVER,쿠폰 사용,쿠폰명 미확인,coupon_name+order_coupon_name+coupon_code+order_coupon_no+order_product_coupon_name+order_product_coupon_no+product_coupon_type_no,4,4,5,414970,139200,103742.5
2026-02-28,SILVER,쿠폰 미사용,쿠폰 미사용,coupon_name+order_coupon_name+coupon_code+order_coupon_no+order_product_coupon_name+order_product_coupon_no+product_coupon_type_no,2,2,2,61189,0,30594.5
2026-02-28,TITANIUM,쿠폰 사용,쿠폰명 미확인,coupon_name+order_coupon_name+coupon_code+order_coupon_no+order_product_coupon_name+order_product_coupon_no+product_coupon_type_no,1,1,3,436500,159400,436500.0
2026-03-01,FAMILY,쿠폰 사용,쿠폰명 미확인,coupon_name+order_coupon_name+coupon_code+order_coupon_no+order_product_coupon_name+order_product_coupon_no+product_coupon_type_no,32,31,37,4323632,938148,135113.5
2026-03-01,FAMILY,쿠폰 미사용,쿠폰 미사용,coupon_name+order_coupon_name+coupon_code+order_coupon_no+order_product_coupon_name+order_product_coupon_no+product_coupon_type_no,11,11,17,1345350,0,122304.54545454546
2026-03-01,GOLD,쿠폰 미사용,쿠폰 미사용,coupon_name+order_coupon_name+coupon_code+order_coupon_no+order_product_coupon_name+order_product_coupon_no+product_coupon_type_no,1,1,1,234270,0,234270.0
2026-03-01,SILVER,쿠폰 미사용,쿠폰 미사용,coupon_name+order_coupon_name+coupon_code+order_coupon_no+order_product_coupon_name+order_product_coupon_no+product_coupon_type_no,2,2,2,159070,0,79535.0
2026-03-01,SILVER,쿠폰 사용,쿠폰명 미확인,coupon_name+order_coupon_name+coupon_code+order_coupon_no+order_product_coupon_name+order_product_coupon_no+product_coupon_type_no,1,1,1,58670,10000,58670.0
2026-03-02,FAMILY,쿠폰 사용,쿠폰명 미확인,coupon_name+order_coupon_name+coupon_code+order_coupon_no+order_product_coupon_name+order_product_coupon_no+product_coupon_type_no,33,33,42,4095865,803845,124117.12121212122
2026-03-02,FAMILY,쿠폰 미사용,쿠폰 미사용,coupon_name+order_coupon_name+coupon_code+order_coupon_no+order_product_coupon_name+order_product_coupon_no+product_coupon_type_no,10,10,11,722680,0,72268.0
2026-03-02,SILVER,쿠폰 미사용,쿠폰 미사용,coupon_name+order_coupon_name+coupon_code+order_coupon_no+order_product_coupon_name+order_product_coupon_no+product_coupon_type_no,2,2,3,422180,0,211090.0
2026-03-02,SILVER,쿠폰 사용,쿠폰명 미확인,coupon_name+order_coupon_name+coupon_code+order_coupon_no+order_product_coupon_name+order_product_coupon_no+product_coupon_type_no,3,3,3,404540,103600,134846.66666666666
2026-03-03,FAMILY,쿠폰 사용,쿠폰명 미확인,coupon_name+order_coupon_name+coupon_code+order_coupon_no+order_product_coupon_name+order_product_coupon_no+product_coupon_type_no,31,31,38,4098457,756583,132208.29032258064
2026-03-03,FAMILY,쿠폰 미사용,쿠폰 미사용,coupon_name+order_coupon_name+coupon_code+order_coupon_no+order_product_coupon_name+order_product_coupon_no+product_coupon_type_no,10,10,13,1157800,0,115780.0
2026-03-03,SILVER,쿠폰 사용,쿠폰명 미확인,coupon_name+order_coupon_name+coupon_code+order_coupon_no+order_product_coupon_name+order_product_coupon_no+product_coupon_type_no,2,2,2,240670,95600,120335.0
2026-03-03,SILVER,쿠폰 미사용,쿠폰 미사용,coupon_name+order_coupon_name+coupon_code+order_coupon_no+order_product_coupon_name+order_product_coupon_no+product_coupon_type_no,1,1,1,13670,0,13670.0
2026-03-04,FAMILY,쿠폰 사용,쿠폰명 미확인,coupon_name+order_coupon_name+coupon_code+order_coupon_no+order_product_coupon_name+order_product_coupon_no+product_coupon_type_no,38,37,68,5430093,1553897,142897.18421052632
2026-03-04,FAMILY,쿠폰 미사용,쿠폰 미사용,coupon_name+order_coupon_name+coupon_code+order_coupon_no+order_product_coupon_name+order_product_coupon_no+product_coupon_type_no,26,25,35,2578820,0,99185.38461538461
2026-03-04,SILVER,쿠폰 사용,쿠폰명 미확인,coupon_name+order_coupon_name+coupon_code+order_coupon_no+order_product_coupon_name+order_product_coupon_no+product_coupon_type_no,2,2,2,299190,101600,149595.0
2026-03-04,SILVER,쿠폰 미사용,쿠폰 미사용,coupon_name+order_coupon_name+coupon_code+order_coupon_no+order_product_coupon_name+order_product_coupon_no+product_coupon_type_no,2,2,4,252180,0,126090.0
2026-03-05,FAMILY,쿠폰 사용,쿠폰명 미확인,coupon_name+order_coupon_name+coupon_code+order_coupon_no+order_product_coupon_name+order_product_coupon_no+product_coupon_type_no,19,18,28,3125822,579238,164516.94736842104
2026-03-05,FAMILY,쿠폰 미사용,쿠폰 미사용,coupon_name+order_coupon_name+coupon_code+order_coupon_no+order_product_coupon_name+order_product_coupon_no+product_coupon_type_no,14,14,17,1108920,0,79208.57142857143
2026-03-05,SILVER,쿠폰 사용,쿠폰명 미확인,coupon_name+order_coupon_name+coupon_code+order_coupon_no+order_product_coupon_name+order_product_coupon_no+product_coupon_type_no,2,2,3,259120,77600,129560.0
2026-03-05,TITANIUM,쿠폰 미사용,쿠폰 미사용,coupon_name+order_coupon_name+coupon_code+order_coupon_no+order_product_coupon_name+order_product_coupon_no+product_coupon_type_no,1,1,1,264000,0,264000.0
2026-03-06,FAMILY,쿠폰 사용,쿠폰명 미확인,coupon_name+order_coupon_name+coupon_code+order_coupon_no+order_product_coupon_name+order_product_coupon_no+product_coupon_type_no,19,19,29,2333830,641020,122833.15789473684
2026-03-06,FAMILY,쿠폰 미사용,쿠폰 미사용,coupon_name+order_coupon_name+coupon_code+order_coupon_no+order_product_coupon_name+order_product_coupon_no+product_coupon_type_no,15,15,16,1339490,0,89299.33333333333
2026-03-06,SILVER,쿠폰 사용,쿠폰명 미확인,coupon_name+order_coupon_name+coupon_code+order_coupon_no+order_product_coupon_name+order_product_coupon_no+product_coupon_type_no,2,2,4,312400,105200,156200.0
2026-03-06,SILVER,쿠폰 미사용,쿠폰 미사용,coupon_name+order_coupon_name+coupon_code+order_coupon_no+order_product_coupon_name+order_product_coupon_no+product_coupon_type_no,1,1,2,165860,0,165860.0
2026-03-06,TITANIUM,쿠폰 미사용,쿠폰 미사용,coupon_name+order_coupon_name+coupon_code+order_coupon_no+order_product_coupon_name+order_product_coupon_no+product_coupon_type_no,1,1,5,432560,0,432560.0
2026-03-07,FAMILY,쿠폰 사용,쿠폰명 미확인,coupon_name+order_coupon_name+coupon_code+order_coupon_no+order_product_coupon_name+order_product_coupon_no+product_coupon_type_no,29,29,34,3517765,726485,121302.24137931035
2026-03-07,FAMILY,쿠폰 미사용,쿠폰 미사용,coupon_name+order_coupon_name+coupon_code+order_coupon_no+order_product_coupon_name+order_product_coupon_no+product_coupon_type_no,14,14,21,1174400,0,83885.71428571429
2026-03-07,GOLD,쿠폰 사용,쿠폰명 미확인,coupon_name+order_coupon_name+coupon_code+order_coupon_no+order_product_coupon_name+order_product_coupon_no+product_coupon_type_no,1,1,1,82890,23800,82890.0
2026-03-07,SILVER,쿠폰 미사용,쿠폰 미사용,coupon_name+order_coupon_name+coupon_code+order_coupon_no+order_product_coupon_name+order_product_coupon_no+product_coupon_type_no,3,3,3,389000,0,129666.66666666667
2026-03-08,FAMILY,쿠폰 사용,쿠폰명 미확인,coupon_name+order_coupon_name+coupon_code+order_coupon_no+order_product_coupon_name+order_product_coupon_no+product_coupon_type_no,44,44,59,5822822,1399538,132336.86363636365
2026-03-08,FAMILY,쿠폰 미사용,쿠폰 미사용,coupon_name+order_coupon_name+coupon_code+order_coupon_no+order_product_coupon_name+order_product_coupon_no+product_coupon_type_no,13,13,13,998890,0,76837.69230769231
2026-03-08,GOLD,쿠폰 사용,쿠폰명 미확인,coupon_name+order_coupon_name+coupon_code+order_coupon_no+order_product_coupon_name+order_product_coupon_no+product_coupon_type_no,1,1,6,229230,47800,229230.0
2026-03-08,GOLD,쿠폰 미사용,쿠폰 미사용,coupon_name+order_coupon_name+coupon_code+order_coupon_no+order_product_coupon_name+order_product_coupon_no+product_coupon_type_no,1,1,3,103220,0,103220.0
2026-03-08,SILVER,쿠폰 사용,쿠폰명 미확인,coupon_name+order_coupon_name+coupon_code+order_coupon_no+order_product_coupon_name+order_product_coupon_no+product_coupon_type_no,1,1,1,149200,49800,149200.0
2026-03-09,FAMILY,쿠폰 사용,쿠폰명 미확인,coupon_name+order_coupon_name+coupon_code+order_coupon_no+order_product_coupon_name+order_product_coupon_no+product_coupon_type_no,41,41,52,5449438,1351012,132913.1219512195
2026-03-09,FAMILY,쿠폰 미사용,쿠폰 미사용,coupon_name+order_coupon_name+coupon_code+order_coupon_no+order_product_coupon_name+order_product_coupon_no+product_coupon_type_no,14,14,20,1271800,0,90842.85714285714
2026-03-09,SILVER,쿠폰 사용,쿠폰명 미확인,coupon_name+order_coupon_name+coupon_code+order_coupon_no+order_product_coupon_name+order_product_coupon_no+product_coupon_type_no,1,1,1,136820,47800,136820.0
2026-03-09,SILVER,쿠폰 미사용,쿠폰 미사용,coupon_name+order_coupon_name+coupon_code+order_coupon_no+order_product_coupon_name+order_product_coupon_no+product_coupon_type_no,1,1,1,120440,0,120440.0
2026-03-10,FAMILY,쿠폰 사용,쿠폰명 미확인,coupon_name+order_coupon_name+coupon_code+order_coupon_no+order_product_coupon_name+order_product_coupon_no+product_coupon_type_no,35,35,45,4710013,832047,134571.8
2026-03-10,FAMILY,쿠폰 미사용,쿠폰 미사용,coupon_name+order_coupon_name+coupon_code+order_coupon_no+order_product_coupon_name+order_product_coupon_no+product_coupon_type_no,16,16,24,1473280,0,92080.0
2026-03-10,SILVER,쿠폰 사용,쿠폰명 미확인,coupon_name+order_coupon_name+coupon_code+order_coupon_no+order_product_coupon_name+order_product_coupon_no+product_coupon_type_no,1,1,1,145210,49800,145210.0
2026-03-11,FAMILY,쿠폰 사용,쿠폰명 미확인,coupon_name+order_coupon_name+coupon_code+order_coupon_no+order_product_coupon_name+order_product_coupon_no+product_coupon_type_no,35,34,44,4968904,851676,141968.6857142857
2026-03-11,FAMILY,쿠폰 미사용,쿠폰 미사용,coupon_name+order_coupon_name+coupon_code+order_coupon_no+order_product_coupon_name+order_product_coupon_no+product_coupon_type_no,14,14,16,753740,0,53838.57142857143
2026-03-11,GOLD,쿠폰 사용,쿠폰명 미확인,coupon_name+order_coupon_name+coupon_code+order_coupon_no+order_product_coupon_name+order_product_coupon_no+product_coupon_type_no,1,1,1,205810,79800,205810.0
2026-03-12,FAMILY,쿠폰 사용,쿠폰명 미확인,coupon_name+order_coupon_name+coupon_code+order_coupon_no+order_product_coupon_name+order_product_coupon_no+product_coupon_type_no,30,29,35,3226553,635057,107551.76666666666
2026-03-12,FAMILY,쿠폰 미사용,쿠폰 미사용,coupon_name+order_coupon_name+coupon_code+order_coupon_no+order_product_coupon_name+order_product_coupon_no+product_coupon_type_no,27,26,31,2212920,0,81960.0
2026-03-12,GOLD,쿠폰 미사용,쿠폰 미사용,coupon_name+order_coupon_name+coupon_code+order_coupon_no+order_product_coupon_name+order_product_coupon_no+product_coupon_type_no,1,1,1,25760,0,25760.0
2026-03-12,SILVER,쿠폰 사용,쿠폰명 미확인,coupon_name+order_coupon_name+coupon_code+order_coupon_no+order_product_coupon_name+order_product_coupon_no+product_coupon_type_no,3,3,6,706260,215200,235420.0
2026-03-12,SILVER,쿠폰 미사용,쿠폰 미사용,coupon_name+order_coupon_name+coupon_code+order_coupon_no+order_product_coupon_name+order_product_coupon_no+product_coupon_type_no,1,1,2,41740,0,41740.0
2026-03-12,TITANIUM,쿠폰 미사용,쿠폰 미사용,coupon_name+order_coupon_name+coupon_code+order_coupon_no+order_product_coupon_name+order_product_coupon_no+product_coupon_type_no,1,1,2,246880,0,246880.0
2026-03-13,FAMILY,쿠폰 사용,쿠폰명 미확인,coupon_name+order_coupon_name+coupon_code+order_coupon_no+order_product_coupon_name+order_product_coupon_no+product_coupon_type_no,27,27,29,3037640,457090,112505.18518518518
2026-03-13,FAMILY,쿠폰 미사용,쿠폰 미사용,coupon_name+order_coupon_name+coupon_code+order_coupon_no+order_product_coupon_name+order_product_coupon_no+product_coupon_type_no,20,20,24,1424420,0,71221.0
2026-03-14,FAMILY,쿠폰 사용,쿠폰명 미확인,coupon_name+order_coupon_name+coupon_code+order_coupon_no+order_product_coupon_name+order_product_coupon_no+product_coupon_type_no,37,37,51,3729191,1021129,100788.94594594595
2026-03-14,FAMILY,쿠폰 미사용,쿠폰 미사용,coupon_name+order_coupon_name+coupon_code+order_coupon_no+order_product_coupon_name+order_product_coupon_no+product_coupon_type_no,14,14,18,1377740,0,98410.0
2026-03-14,SILVER,쿠폰 미사용,쿠폰 미사용,coupon_name+order_coupon_name+coupon_code+order_coupon_no+order_product_coupon_name+order_product_coupon_no+product_coupon_type_no,2,1,2,372890,0,186445.0
2026-03-14,SILVER,쿠폰 사용,쿠폰명 미확인,coupon_name+order_coupon_name+coupon_code+order_coupon_no+order_product_coupon_name+order_product_coupon_no+product_coupon_type_no,1,1,1,199810,51800,199810.0
2026-03-15,FAMILY,쿠폰 사용,쿠폰명 미확인,coupon_name+order_coupon_name+coupon_code+order_coupon_no+order_product_coupon_name+order_product_coupon_no+product_coupon_type_no,36,36,41,3836895,642325,106580.41666666667
2026-03-15,FAMILY,쿠폰 미사용,쿠폰 미사용,coupon_name+order_coupon_name+coupon_code+order_coupon_no+order_product_coupon_name+order_product_coupon_no+product_coupon_type_no,21,21,26,1871380,0,89113.33333333333
2026-03-15,SILVER,쿠폰 미사용,쿠폰 미사용,coupon_name+order_coupon_name+coupon_code+order_coupon_no+order_product_coupon_name+order_product_coupon_no+product_coupon_type_no,5,5,6,418380,0,83676.0
2026-03-15,SILVER,쿠폰 사용,쿠폰명 미확인,coupon_name+order_coupon_name+coupon_code+order_coupon_no+order_product_coupon_name+order_product_coupon_no+product_coupon_type_no,1,1,1,87160,37800,87160.0
2026-03-15,TITANIUM,쿠폰 미사용,쿠폰 미사용,coupon_name+order_coupon_name+coupon_code+order_coupon_no+order_product_coupon_name+order_product_coupon_no+product_coupon_type_no,2,1,5,292010,0,146005.0
2026-03-16,FAMILY,쿠폰 사용,쿠폰명 미확인,coupon_name+order_coupon_name+coupon_code+order_coupon_no+order_product_coupon_name+order_product_coupon_no+product_coupon_type_no,34,34,49,4523530,755710,133045.0
2026-03-16,FAMILY,쿠폰 미사용,쿠폰 미사용,coupon_name+order_coupon_name+coupon_code+order_coupon_no+order_product_coupon_name+order_product_coupon_no+product_coupon_type_no,17,17,21,1608970,0,94645.29411764706
2026-03-16,SILVER,쿠폰 미사용,쿠폰 미사용,coupon_name+order_coupon_name+coupon_code+order_coupon_no+order_product_coupon_name+order_product_coupon_no+product_coupon_type_no,1,1,1,119000,0,119000.0
2026-03-17,FAMILY,쿠폰 사용,쿠폰명 미확인,coupon_name+order_coupon_name+coupon_code+order_coupon_no+order_product_coupon_name+order_product_coupon_no+product_coupon_type_no,29,27,35,3488460,1535100,120291.72413793103
2026-03-17,FAMILY,쿠폰 미사용,쿠폰 미사용,coupon_name+order_coupon_name+coupon_code+order_coupon_no+order_product_coupon_name+order_product_coupon_no+product_coupon_type_no,18,18,19,928090,0,51560.555555555555
2026-03-17,SILVER,쿠폰 사용,쿠폰명 미확인,coupon_name+order_coupon_name+coupon_code+order_coupon_no+order_product_coupon_name+order_product_coupon_no+product_coupon_type_no,2,2,5,404930,121400,202465.0
2026-03-18,FAMILY,쿠폰 사용,쿠폰명 미확인,coupon_name+order_coupon_name+coupon_code+order_coupon_no+order_product_coupon_name+order_product_coupon_no+product_coupon_type_no,38,38,66,5089490,1115830,133933.94736842104
2026-03-18,FAMILY,쿠폰 미사용,쿠폰 미사용,coupon_name+order_coupon_name+coupon_code+order_coupon_no+order_product_coupon_name+order_product_coupon_no+product_coupon_type_no,20,20,22,1854970,0,92748.5
2026-03-18,SILVER,쿠폰 미사용,쿠폰 미사용,coupon_name+order_coupon_name+coupon_code+order_coupon_no+order_product_coupon_name+order_product_coupon_no+product_coupon_type_no,1,1,1,253190,0,253190.0
2026-03-18,TITANIUM,쿠폰 사용,쿠폰명 미확인,coupon_name+order_coupon_name+coupon_code+order_coupon_no+order_product_coupon_name+order_product_coupon_no+product_coupon_type_no,1,1,1,93200,35800,93200.0
2026-03-19,FAMILY,쿠폰 사용,쿠폰명 미확인,coupon_name+order_coupon_name+coupon_code+order_coupon_no+order_product_coupon_name+order_product_coupon_no+product_coupon_type_no,30,29,32,3015650,524100,100521.66666666667
2026-03-19,FAMILY,쿠폰 미사용,쿠폰 미사용,coupon_name+order_coupon_name+coupon_code+order_coupon_no+order_product_coupon_name+order_product_coupon_no+product_coupon_type_no,19,19,24,1146460,0,60340.0
2026-03-19,SILVER,쿠폰 사용,쿠폰명 미확인,coupon_name+order_coupon_name+coupon_code+order_coupon_no+order_product_coupon_name+order_product_coupon_no+product_coupon_type_no,2,2,5,509480,60000,254740.0
2026-03-19,SILVER,쿠폰 미사용,쿠폰 미사용,coupon_name+order_coupon_name+coupon_code+order_coupon_no+order_product_coupon_name+order_product_coupon_no+product_coupon_type_no,2,2,3,145950,0,72975.0
2026-03-20,FAMILY,쿠폰 사용,쿠폰명 미확인,coupon_name+order_coupon_name+coupon_code+order_coupon_no+order_product_coupon_name+order_product_coupon_no+product_coupon_type_no,29,29,34,3678950,841770,126860.3448275862
2026-03-20,FAMILY,쿠폰 미사용,쿠폰 미사용,coupon_name+order_coupon_name+coupon_code+order_coupon_no+order_product_coupon_name+order_product_coupon_no+product_coupon_type_no,16,16,20,1174970,0,73435.625
2026-03-20,SILVER,쿠폰 사용,쿠폰명 미확인,coupon_name+order_coupon_name+coupon_code+order_coupon_no+order_product_coupon_name+order_product_coupon_no+product_coupon_type_no,3,3,7,823420,153600,274473.3333333333
2026-03-21,FAMILY,쿠폰 사용,쿠폰명 미확인,coupon_name+order_coupon_name+coupon_code+order_coupon_no+order_product_coupon_name+order_product_coupon_no+product_coupon_type_no,33,32,42,4695530,1023800,142288.78787878787
2026-03-21,FAMILY,쿠폰 미사용,쿠폰 미사용,coupon_name+order_coupon_name+coupon_code+order_coupon_no+order_product_coupon_name+order_product_coupon_no+product_coupon_type_no,5,5,7,365250,0,73050.0
2026-03-21,GOLD,쿠폰 미사용,쿠폰 미사용,coupon_name+order_coupon_name+coupon_code+order_coupon_no+order_product_coupon_name+order_product_coupon_no+product_coupon_type_no,1,1,2,68740,0,68740.0
2026-03-21,SILVER,쿠폰 사용,쿠폰명 미확인,coupon_name+order_coupon_name+coupon_code+order_coupon_no+order_product_coupon_name+order_product_coupon_no+product_coupon_type_no,1,1,1,207330,79800,207330.0
2026-03-21,SILVER,쿠폰 미사용,쿠폰 미사용,coupon_name+order_coupon_name+coupon_code+order_coupon_no+order_product_coupon_name+order_product_coupon_no+product_coupon_type_no,1,1,1,23500,0,23500.0
2026-03-22,FAMILY,쿠폰 사용,쿠폰명 미확인,coupon_name+order_coupon_name+coupon_code+order_coupon_no+order_product_coupon_name+order_product_coupon_no+product_coupon_type_no,36,36,45,3101330,710910,86148.05555555556
2026-03-22,FAMILY,쿠폰 미사용,쿠폰 미사용,coupon_name+order_coupon_name+coupon_code+order_coupon_no+order_product_coupon_name+order_product_coupon_no+product_coupon_type_no,16,16,22,1255330,0,78458.125
2026-03-22,GOLD,쿠폰 사용,쿠폰명 미확인,coupon_name+order_coupon_name+coupon_code+order_coupon_no+order_product_coupon_name+order_product_coupon_no+product_coupon_type_no,1,1,6,370320,111400,370320.0
2026-03-22,SILVER,쿠폰 미사용,쿠폰 미사용,coupon_name+order_coupon_name+coupon_code+order_coupon_no+order_product_coupon_name+order_product_coupon_no+product_coupon_type_no,2,2,2,123300,0,61650.0
2026-03-23,FAMILY,쿠폰 사용,쿠폰명 미확인,coupon_name+order_coupon_name+coupon_code+order_coupon_no+order_product_coupon_name+order_product_coupon_no+product_coupon_type_no,42,42,57,4954770,1031630,117970.71428571429
2026-03-23,FAMILY,쿠폰 미사용,쿠폰 미사용,coupon_name+order_coupon_name+coupon_code+order_coupon_no+order_product_coupon_name+order_product_coupon_no+product_coupon_type_no,11,11,12,782120,0,71101.81818181818
2026-03-23,SILVER,쿠폰 사용,쿠폰명 미확인,coupon_name+order_coupon_name+coupon_code+order_coupon_no+order_product_coupon_name+order_product_coupon_no+product_coupon_type_no,1,1,1,39000,10000,39000.0
2026-03-23,SILVER,쿠폰 미사용,쿠폰 미사용,coupon_name+order_coupon_name+coupon_code+order_coupon_no+order_product_coupon_name+order_product_coupon_no+product_coupon_type_no,1,1,1,26510,0,26510.0
2026-03-24,FAMILY,쿠폰 사용,쿠폰명 미확인,coupon_name+order_coupon_name+coupon_code+order_coupon_no+order_product_coupon_name+order_product_coupon_no+product_coupon_type_no,35,34,45,3542260,925720,101207.42857142857
2026-03-24,FAMILY,쿠폰 미사용,쿠폰 미사용,coupon_name+order_coupon_name+coupon_code+order_coupon_no+order_product_coupon_name+order_product_coupon_no+product_coupon_type_no,10,10,12,768960,0,76896.0
2026-03-24,SILVER,쿠폰 사용,쿠폰명 미확인,coupon_name+order_coupon_name+coupon_code+order_coupon_no+order_product_coupon_name+order_product_coupon_no+product_coupon_type_no,1,1,1,113570,47800,113570.0
2026-03-24,SILVER,쿠폰 미사용,쿠폰 미사용,coupon_name+order_coupon_name+coupon_code+order_coupon_no+order_product_coupon_name+order_product_coupon_no+product_coupon_type_no,1,1,1,81750,0,81750.0
2026-03-25,FAMILY,쿠폰 사용,쿠폰명 미확인,coupon_name+order_coupon_name+coupon_code+order_coupon_no+order_product_coupon_name+order_product_coupon_no+product_coupon_type_no,46,46,64,5017110,1037300,109067.60869565218
2026-03-25,FAMILY,쿠폰 미사용,쿠폰 미사용,coupon_name+order_coupon_name+coupon_code+order_coupon_no+order_product_coupon_name+order_product_coupon_no+product_coupon_type_no,16,16,19,1190470,0,74404.375
2026-03-25,GOLD,쿠폰 사용,쿠폰명 미확인,coupon_name+order_coupon_name+coupon_code+order_coupon_no+order_product_coupon_name+order_product_coupon_no+product_coupon_type_no,1,1,4,215100,53810,215100.0
2026-03-25,GOLD,쿠폰 미사용,쿠폰 미사용,coupon_name+order_coupon_name+coupon_code+order_coupon_no+order_product_coupon_name+order_product_coupon_no+product_coupon_type_no,1,1,1,33830,0,33830.0
2026-03-25,SILVER,쿠폰 사용,쿠폰명 미확인,coupon_name+order_coupon_name+coupon_code+order_coupon_no+order_product_coupon_name+order_product_coupon_no+product_coupon_type_no,1,1,1,298920,113800,298920.0
2026-03-25,SILVER,쿠폰 미사용,쿠폰 미사용,coupon_name+order_coupon_name+coupon_code+order_coupon_no+order_product_coupon_name+order_product_coupon_no+product_coupon_type_no,1,1,1,32500,0,32500.0
2026-03-26,FAMILY,쿠폰 사용,쿠폰명 미확인,coupon_name+order_coupon_name+coupon_code+order_coupon_no+order_product_coupon_name+order_product_coupon_no+product_coupon_type_no,35,35,42,4418950,806160,126255.71428571429
2026-03-26,FAMILY,쿠폰 미사용,쿠폰 미사용,coupon_name+order_coupon_name+coupon_code+order_coupon_no+order_product_coupon_name+order_product_coupon_no+product_coupon_type_no,15,15,20,1303350,0,86890.0
2026-03-26,GOLD,쿠폰 사용,쿠폰명 미확인,coupon_name+order_coupon_name+coupon_code+order_coupon_no+order_product_coupon_name+order_product_coupon_no+product_coupon_type_no,1,1,5,515000,50000,515000.0
2026-03-26,SILVER,쿠폰 사용,쿠폰명 미확인,coupon_name+order_coupon_name+coupon_code+order_coupon_no+order_product_coupon_name+order_product_coupon_no+product_coupon_type_no,3,3,5,759770,253400,253256.66666666666
2026-03-26,SILVER,쿠폰 미사용,쿠폰 미사용,coupon_name+order_coupon_name+coupon_code+order_coupon_no+order_product_coupon_name+order_product_coupon_no+product_coupon_type_no,2,2,4,145700,0,72850.0
2026-03-26,TITANIUM,쿠폰 사용,쿠폰명 미확인,coupon_name+order_coupon_name+coupon_code+order_coupon_no+order_product_coupon_name+order_product_coupon_no+product_coupon_type_no,1,1,1,117200,41800,117200.0
2026-03-26,TITANIUM,쿠폰 미사용,쿠폰 미사용,coupon_name+order_coupon_name+coupon_code+order_coupon_no+order_product_coupon_name+order_product_coupon_no+product_coupon_type_no,1,1,1,47000,0,47000.0
2026-03-27,FAMILY,쿠폰 사용,쿠폰명 미확인,coupon_name+order_coupon_name+coupon_code+order_coupon_no+order_product_coupon_name+order_product_coupon_no+product_coupon_type_no,27,27,34,3698390,846840,136977.40740740742
2026-03-27,FAMILY,쿠폰 미사용,쿠폰 미사용,coupon_name+order_coupon_name+coupon_code+order_coupon_no+order_product_coupon_name+order_product_coupon_no+product_coupon_type_no,14,14,15,1246290,0,89020.71428571429
2026-03-27,SILVER,쿠폰 미사용,쿠폰 미사용,coupon_name+order_coupon_name+coupon_code+order_coupon_no+order_product_coupon_name+order_product_coupon_no+product_coupon_type_no,1,1,1,32800,0,32800.0
2026-03-28,FAMILY,쿠폰 사용,쿠폰명 미확인,coupon_name+order_coupon_name+coupon_code+order_coupon_no+order_product_coupon_name+order_product_coupon_no+product_coupon_type_no,38,38,47,4162930,1095850,109550.78947368421
2026-03-28,FAMILY,쿠폰 미사용,쿠폰 미사용,coupon_name+order_coupon_name+coupon_code+order_coupon_no+order_product_coupon_name+order_product_coupon_no+product_coupon_type_no,5,5,11,848040,0,169608.0
2026-03-28,SILVER,쿠폰 사용,쿠폰명 미확인,coupon_name+order_coupon_name+coupon_code+order_coupon_no+order_product_coupon_name+order_product_coupon_no+product_coupon_type_no,1,1,1,133200,45800,133200.0
2026-03-29,FAMILY,쿠폰 사용,쿠폰명 미확인,coupon_name+order_coupon_name+coupon_code+order_coupon_no+order_product_coupon_name+order_product_coupon_no+product_coupon_type_no,39,39,53,4333630,935600,111118.71794871795
2026-03-29,FAMILY,쿠폰 미사용,쿠폰 미사용,coupon_name+order_coupon_name+coupon_code+order_coupon_no+order_product_coupon_name+order_product_coupon_no+product_coupon_type_no,11,11,14,903070,0,82097.27272727272
2026-03-30,FAMILY,쿠폰 사용,쿠폰명 미확인,coupon_name+order_coupon_name+coupon_code+order_coupon_no+order_product_coupon_name+order_product_coupon_no+product_coupon_type_no,40,39,60,5545950,1313040,138648.75
2026-03-30,FAMILY,쿠폰 미사용,쿠폰 미사용,coupon_name+order_coupon_name+coupon_code+order_coupon_no+order_product_coupon_name+order_product_coupon_no+product_coupon_type_no,11,11,15,862270,0,78388.18181818182
2026-03-30,GOLD,쿠폰 미사용,쿠폰 미사용,coupon_name+order_coupon_name+coupon_code+order_coupon_no+order_product_coupon_name+order_product_coupon_no+product_coupon_type_no,2,2,4,264440,0,132220.0
2026-03-30,GOLD,쿠폰 사용,쿠폰명 미확인,coupon_name+order_coupon_name+coupon_code+order_coupon_no+order_product_coupon_name+order_product_coupon_no+product_coupon_type_no,1,1,1,33270,11000,33270.0
2026-03-30,SILVER,쿠폰 사용,쿠폰명 미확인,coupon_name+order_coupon_name+coupon_code+order_coupon_no+order_product_coupon_name+order_product_coupon_no+product_coupon_type_no,4,4,4,341880,128520,85470.0
2026-03-31,FAMILY,쿠폰 사용,쿠폰명 미확인,coupon_name+order_coupon_name+coupon_code+order_coupon_no+order_product_coupon_name+order_product_coupon_no+product_coupon_type_no,51,51,71,7289280,1743720,142927.0588235294
2026-03-31,FAMILY,쿠폰 미사용,쿠폰 미사용,coupon_name+order_coupon_name+coupon_code+order_coupon_no+order_product_coupon_name+order_product_coupon_no+product_coupon_type_no,19,19,23,1557410,0,81968.94736842105
2026-03-31,GOLD,쿠폰 미사용,쿠폰 미사용,coupon_name+order_coupon_name+coupon_code+order_coupon_no+order_product_coupon_name+order_product_coupon_no+product_coupon_type_no,2,2,2,165010,0,82505.0
2026-03-31,SILVER,쿠폰 사용,쿠폰명 미확인,coupon_name+order_coupon_name+coupon_code+order_coupon_no+order_product_coupon_name+order_product_coupon_no+product_coupon_type_no,1,1,3,211400,69600,211400.0
2026-04-01,FAMILY,쿠폰 사용,쿠폰명 미확인,coupon_name+order_coupon_name+coupon_code+order_coupon_no+order_product_coupon_name+order_product_coupon_no+product_coupon_type_no,50,50,62,5443840,1336580,108876.8
2026-04-01,FAMILY,쿠폰 미사용,쿠폰 미사용,coupon_name+order_coupon_name+coupon_code+order_coupon_no+order_product_coupon_name+order_product_coupon_no+product_coupon_type_no,13,13,18,696260,0,53558.46153846154
2026-04-01,SILVER,쿠폰 사용,쿠폰명 미확인,coupon_name+order_coupon_name+coupon_code+order_coupon_no+order_product_coupon_name+order_product_coupon_no+product_coupon_type_no,1,1,6,631270,141600,631270.0
2026-04-02,FAMILY,쿠폰 사용,쿠폰명 미확인,coupon_name+order_coupon_name+coupon_code+order_coupon_no+order_product_coupon_name+order_product_coupon_no+product_coupon_type_no,41,40,389,22745160,5462080,554760.0
2026-04-02,FAMILY,쿠폰 미사용,쿠폰 미사용,coupon_name+order_coupon_name+coupon_code+order_coupon_no+order_product_coupon_name+order_product_coupon_no+product_coupon_type_no,14,14,17,1013360,0,72382.85714285714
2026-04-02,GOLD,쿠폰 사용,쿠폰명 미확인,coupon_name+order_coupon_name+coupon_code+order_coupon_no+order_product_coupon_name+order_product_coupon_no+product_coupon_type_no,1,1,1,92200,37800,92200.0
2026-04-02,SILVER,쿠폰 사용,쿠폰명 미확인,coupon_name+order_coupon_name+coupon_code+order_coupon_no+order_product_coupon_name+order_product_coupon_no+product_coupon_type_no,3,3,6,445240,127200,148413.33333333334
2026-04-02,SILVER,쿠폰 미사용,쿠폰 미사용,coupon_name+order_coupon_name+coupon_code+order_coupon_no+order_product_coupon_name+order_product_coupon_no+product_coupon_type_no,2,2,3,268300,0,134150.0
2026-04-02,TITANIUM,쿠폰 미사용,쿠폰 미사용,coupon_name+order_coupon_name+coupon_code+order_coupon_no+order_product_coupon_name+order_product_coupon_no+product_coupon_type_no,1,1,1,147080,0,147080.0
2026-04-03,FAMILY,쿠폰 사용,쿠폰명 미확인,coupon_name+order_coupon_name+coupon_code+order_coupon_no+order_product_coupon_name+order_product_coupon_no+product_coupon_type_no,39,39,54,4727830,1056700,121226.41025641025
2026-04-03,FAMILY,쿠폰 미사용,쿠폰 미사용,coupon_name+order_coupon_name+coupon_code+order_coupon_no+order_product_coupon_name+order_product_coupon_no+product_coupon_type_no,15,14,16,749760,0,49984.0
2026-04-03,SILVER,쿠폰 사용,쿠폰명 미확인,coupon_name+order_coupon_name+coupon_code+order_coupon_no+order_product_coupon_name+order_product_coupon_no+product_coupon_type_no,1,1,1,45750,11800,45750.0
2026-04-04,FAMILY,쿠폰 사용,쿠폰명 미확인,coupon_name+order_coupon_name+coupon_code+order_coupon_no+order_product_coupon_name+order_product_coupon_no+product_coupon_type_no,31,31,37,3017150,551870,97327.41935483871
2026-04-04,FAMILY,쿠폰 미사용,쿠폰 미사용,coupon_name+order_coupon_name+coupon_code+order_coupon_no+order_product_coupon_name+order_product_coupon_no+product_coupon_type_no,10,10,16,610940,0,61094.0
2026-04-04,GOLD,쿠폰 미사용,쿠폰 미사용,coupon_name+order_coupon_name+coupon_code+order_coupon_no+order_product_coupon_name+order_product_coupon_no+product_coupon_type_no,1,1,1,29790,0,29790.0
2026-04-04,SILVER,쿠폰 사용,쿠폰명 미확인,coupon_name+order_coupon_name+coupon_code+order_coupon_no+order_product_coupon_name+order_product_coupon_no+product_coupon_type_no,1,1,3,356180,40000,356180.0
2026-04-04,SILVER,쿠폰 미사용,쿠폰 미사용,coupon_name+order_coupon_name+coupon_code+order_coupon_no+order_product_coupon_name+order_product_coupon_no+product_coupon_type_no,1,1,1,24500,0,24500.0
2026-04-05,FAMILY,쿠폰 사용,쿠폰명 미확인,coupon_name+order_coupon_name+coupon_code+order_coupon_no+order_product_coupon_name+order_product_coupon_no+product_coupon_type_no,37,37,51,5868270,1219130,158601.8918918919
2026-04-05,FAMILY,쿠폰 미사용,쿠폰 미사용,coupon_name+order_coupon_name+coupon_code+order_coupon_no+order_product_coupon_name+order_product_coupon_no+product_coupon_type_no,13,13,17,722070,0,55543.846153846156
2026-04-05,GOLD,쿠폰 사용,쿠폰명 미확인,coupon_name+order_coupon_name+coupon_code+order_coupon_no+order_product_coupon_name+order_product_coupon_no+product_coupon_type_no,1,1,1,126280,45800,126280.0
2026-04-05,GOLD,쿠폰 미사용,쿠폰 미사용,coupon_name+order_coupon_name+coupon_code+order_coupon_no+order_product_coupon_name+order_product_coupon_no+product_coupon_type_no,1,1,1,91320,0,91320.0
2026-04-05,SILVER,쿠폰 사용,쿠폰명 미확인,coupon_name+order_coupon_name+coupon_code+order_coupon_no+order_product_coupon_name+order_product_coupon_no+product_coupon_type_no,2,2,2,184620,61600,92310.0
2026-04-05,SILVER,쿠폰 미사용,쿠폰 미사용,coupon_name+order_coupon_name+coupon_code+order_coupon_no+order_product_coupon_name+order_product_coupon_no+product_coupon_type_no,1,1,2,60640,0,60640.0
2026-04-05,TITANIUM,쿠폰 미사용,쿠폰 미사용,coupon_name+order_coupon_name+coupon_code+order_coupon_no+order_product_coupon_name+order_product_coupon_no+product_coupon_type_no,1,1,1,155000,0,155000.0
2026-04-06,FAMILY,쿠폰 사용,쿠폰명 미확인,coupon_name+order_coupon_name+coupon_code+order_coupon_no+order_product_coupon_name+order_product_coupon_no+product_coupon_type_no,45,45,57,5201510,1212570,115589.11111111111
2026-04-06,FAMILY,쿠폰 미사용,쿠폰 미사용,coupon_name+order_coupon_name+coupon_code+order_coupon_no+order_product_coupon_name+order_product_coupon_no+product_coupon_type_no,9,9,10,362830,0,40314.444444444445
2026-04-06,SILVER,쿠폰 미사용,쿠폰 미사용,coupon_name+order_coupon_name+coupon_code+order_coupon_no+order_product_coupon_name+order_product_coupon_no+product_coupon_type_no,2,2,3,135550,0,67775.0
2026-04-06,SILVER,쿠폰 사용,쿠폰명 미확인,coupon_name+order_coupon_name+coupon_code+order_coupon_no+order_product_coupon_name+order_product_coupon_no+product_coupon_type_no,1,1,1,47200,11800,47200.0
2026-04-07,FAMILY,쿠폰 사용,쿠폰명 미확인,coupon_name+order_coupon_name+coupon_code+order_coupon_no+order_product_coupon_name+order_product_coupon_no+product_coupon_type_no,55,55,69,5395340,1097630,98097.09090909091
2026-04-07,FAMILY,쿠폰 미사용,쿠폰 미사용,coupon_name+order_coupon_name+coupon_code+order_coupon_no+order_product_coupon_name+order_product_coupon_no+product_coupon_type_no,9,9,9,439120,0,48791.11111111111
2026-04-07,SILVER,쿠폰 사용,쿠폰명 미확인,coupon_name+order_coupon_name+coupon_code+order_coupon_no+order_product_coupon_name+order_product_coupon_no+product_coupon_type_no,1,1,1,133510,47800,133510.0
2026-04-07,SILVER,쿠폰 미사용,쿠폰 미사용,coupon_name+order_coupon_name+coupon_code+order_coupon_no+order_product_coupon_name+order_product_coupon_no+product_coupon_type_no,1,1,1,94000,0,94000.0
2026-04-07,TITANIUM,쿠폰 미사용,쿠폰 미사용,coupon_name+order_coupon_name+coupon_code+order_coupon_no+order_product_coupon_name+order_product_coupon_no+product_coupon_type_no,1,1,2,195440,0,195440.0
2026-04-08,FAMILY,쿠폰 사용,쿠폰명 미확인,coupon_name+order_coupon_name+coupon_code+order_coupon_no+order_product_coupon_name+order_product_coupon_no+product_coupon_type_no,49,48,66,5107090,1505480,104226.32653061225
2026-04-08,FAMILY,쿠폰 미사용,쿠폰 미사용,coupon_name+order_coupon_name+coupon_code+order_coupon_no+order_product_coupon_name+order_product_coupon_no+product_coupon_type_no,9,9,14,948830,0,105425.55555555556
2026-04-08,GOLD,쿠폰 미사용,쿠폰 미사용,coupon_name+order_coupon_name+coupon_code+order_coupon_no+order_product_coupon_name+order_product_coupon_no+product_coupon_type_no,1,1,1,153620,0,153620.0
2026-04-08,GOLD,쿠폰 사용,쿠폰명 미확인,coupon_name+order_coupon_name+coupon_code+order_coupon_no+order_product_coupon_name+order_product_coupon_no+product_coupon_type_no,1,1,1,54580,13800,54580.0
2026-04-08,SILVER,쿠폰 사용,쿠폰명 미확인,coupon_name+order_coupon_name+coupon_code+order_coupon_no+order_product_coupon_name+order_product_coupon_no+product_coupon_type_no,3,3,3,221510,67150,73836.66666666667
2026-04-09,FAMILY,쿠폰 사용,쿠폰명 미확인,coupon_name+order_coupon_name+coupon_code+order_coupon_no+order_product_coupon_name+order_product_coupon_no+product_coupon_type_no,58,58,81,6198390,1471140,106868.79310344828
2026-04-09,FAMILY,쿠폰 미사용,쿠폰 미사용,coupon_name+order_coupon_name+coupon_code+order_coupon_no+order_product_coupon_name+order_product_coupon_no+product_coupon_type_no,15,15,22,1083370,0,72224.66666666667
2026-04-09,GOLD,쿠폰 미사용,쿠폰 미사용,coupon_name+order_coupon_name+coupon_code+order_coupon_no+order_product_coupon_name+order_product_coupon_no+product_coupon_type_no,1,1,2,119250,0,119250.0
2026-04-09,SILVER,쿠폰 사용,쿠폰명 미확인,coupon_name+order_coupon_name+coupon_code+order_coupon_no+order_product_coupon_name+order_product_coupon_no+product_coupon_type_no,2,2,3,407340,125600,203670.0
2026-04-10,FAMILY,쿠폰 사용,쿠폰명 미확인,coupon_name+order_coupon_name+coupon_code+order_coupon_no+order_product_coupon_name+order_product_coupon_no+product_coupon_type_no,37,37,54,4927180,948870,133167.02702702704
2026-04-10,FAMILY,쿠폰 미사용,쿠폰 미사용,coupon_name+order_coupon_name+coupon_code+order_coupon_no+order_product_coupon_name+order_product_coupon_no+product_coupon_type_no,18,18,21,1354480,0,75248.88888888889
2026-04-10,GOLD,쿠폰 사용,쿠폰명 미확인,coupon_name+order_coupon_name+coupon_code+order_coupon_no+order_product_coupon_name+order_product_coupon_no+product_coupon_type_no,1,1,1,109300,10000,109300.0
2026-04-10,SILVER,쿠폰 사용,쿠폰명 미확인,coupon_name+order_coupon_name+coupon_code+order_coupon_no+order_product_coupon_name+order_product_coupon_no+product_coupon_type_no,3,3,5,444490,67600,148163.33333333334
2026-04-11,FAMILY,쿠폰 사용,쿠폰명 미확인,coupon_name+order_coupon_name+coupon_code+order_coupon_no+order_product_coupon_name+order_product_coupon_no+product_coupon_type_no,38,36,49,4273720,800310,112466.31578947368
2026-04-11,FAMILY,쿠폰 미사용,쿠폰 미사용,coupon_name+order_coupon_name+coupon_code+order_coupon_no+order_product_coupon_name+order_product_coupon_no+product_coupon_type_no,12,12,13,851340,0,70945.0
2026-04-11,SILVER,쿠폰 미사용,쿠폰 미사용,coupon_name+order_coupon_name+coupon_code+order_coupon_no+order_product_coupon_name+order_product_coupon_no+product_coupon_type_no,1,1,2,78380,0,78380.0
2026-04-12,FAMILY,쿠폰 사용,쿠폰명 미확인,coupon_name+order_coupon_name+coupon_code+order_coupon_no+order_product_coupon_name+order_product_coupon_no+product_coupon_type_no,65,65,93,6616430,1750330,101791.23076923077
2026-04-12,FAMILY,쿠폰 미사용,쿠폰 미사용,coupon_name+order_coupon_name+coupon_code+order_coupon_no+order_product_coupon_name+order_product_coupon_no+product_coupon_type_no,17,17,19,857480,0,50440.0
2026-04-12,SILVER,쿠폰 사용,쿠폰명 미확인,coupon_name+order_coupon_name+coupon_code+order_coupon_no+order_product_coupon_name+order_product_coupon_no+product_coupon_type_no,2,2,4,319590,123200,159795.0
2026-04-12,SILVER,쿠폰 미사용,쿠폰 미사용,coupon_name+order_coupon_name+coupon_code+order_coupon_no+order_product_coupon_name+order_product_coupon_no+product_coupon_type_no,1,1,1,65000,0,65000.0
2026-04-13,FAMILY,쿠폰 사용,쿠폰명 미확인,coupon_name+order_coupon_name+coupon_code+order_coupon_no+order_product_coupon_name+order_product_coupon_no+product_coupon_type_no,48,46,57,5196180,1010010,108253.75
2026-04-13,FAMILY,쿠폰 미사용,쿠폰 미사용,coupon_name+order_coupon_name+coupon_code+order_coupon_no+order_product_coupon_name+order_product_coupon_no+product_coupon_type_no,16,16,24,2156510,0,134781.875
2026-04-13,GOLD,쿠폰 사용,쿠폰명 미확인,coupon_name+order_coupon_name+coupon_code+order_coupon_no+order_product_coupon_name+order_product_coupon_no+product_coupon_type_no,2,2,3,209230,68600,104615.0
2026-04-13,SILVER,쿠폰 사용,쿠폰명 미확인,coupon_name+order_coupon_name+coupon_code+order_coupon_no+order_product_coupon_name+order_product_coupon_no+product_coupon_type_no,1,1,1,305200,113800,305200.0
2026-04-13,SILVER,쿠폰 미사용,쿠폰 미사용,coupon_name+order_coupon_name+coupon_code+order_coupon_no+order_product_coupon_name+order_product_coupon_no+product_coupon_type_no,1,1,2,72980,0,72980.0
2026-04-14,FAMILY,쿠폰 사용,쿠폰명 미확인,coupon_name+order_coupon_name+coupon_code+order_coupon_no+order_product_coupon_name+order_product_coupon_no+product_coupon_type_no,45,45,62,5326680,1350920,118370.66666666667
2026-04-14,FAMILY,쿠폰 미사용,쿠폰 미사용,coupon_name+order_coupon_name+coupon_code+order_coupon_no+order_product_coupon_name+order_product_coupon_no+product_coupon_type_no,15,15,20,1255220,0,83681.33333333333
2026-04-14,SILVER,쿠폰 미사용,쿠폰 미사용,coupon_name+order_coupon_name+coupon_code+order_coupon_no+order_product_coupon_name+order_product_coupon_no+product_coupon_type_no,1,1,4,214580,0,214580.0
2026-04-14,SILVER,쿠폰 사용,쿠폰명 미확인,coupon_name+order_coupon_name+coupon_code+order_coupon_no+order_product_coupon_name+order_product_coupon_no+product_coupon_type_no,1,1,2,111750,10000,111750.0
2026-04-15,FAMILY,쿠폰 사용,쿠폰명 미확인,coupon_name+order_coupon_name+coupon_code+order_coupon_no+order_product_coupon_name+order_product_coupon_no+product_coupon_type_no,37,37,47,3398640,583130,91855.13513513513
2026-04-15,FAMILY,쿠폰 미사용,쿠폰 미사용,coupon_name+order_coupon_name+coupon_code+order_coupon_no+order_product_coupon_name+order_product_coupon_no+product_coupon_type_no,12,12,18,794280,0,66190.0
2026-04-15,SILVER,쿠폰 미사용,쿠폰 미사용,coupon_name+order_coupon_name+coupon_code+order_coupon_no+order_product_coupon_name+order_product_coupon_no+product_coupon_type_no,1,1,1,65000,0,65000.0
2026-04-16,FAMILY,쿠폰 사용,쿠폰명 미확인,coupon_name+order_coupon_name+coupon_code+order_coupon_no+order_product_coupon_name+order_product_coupon_no+product_coupon_type_no,61,57,81,7435720,1186290,121897.04918032787
2026-04-16,FAMILY,쿠폰 미사용,쿠폰 미사용,coupon_name+order_coupon_name+coupon_code+order_coupon_no+order_product_coupon_name+order_product_coupon_no+product_coupon_type_no,50,49,67,3985970,0,79719.4
2026-04-16,GOLD,쿠폰 미사용,쿠폰 미사용,coupon_name+order_coupon_name+coupon_code+order_coupon_no+order_product_coupon_name+order_product_coupon_no+product_coupon_type_no,1,1,1,73520,0,73520.0
2026-04-16,SILVER,쿠폰 사용,쿠폰명 미확인,coupon_name+order_coupon_name+coupon_code+order_coupon_no+order_product_coupon_name+order_product_coupon_no+product_coupon_type_no,3,3,3,241640,81400,80546.66666666667
2026-04-16,SILVER,쿠폰 미사용,쿠폰 미사용,coupon_name+order_coupon_name+coupon_code+order_coupon_no+order_product_coupon_name+order_product_coupon_no+product_coupon_type_no,4,4,4,189160,0,47290.0
2026-04-16,TITANIUM,쿠폰 사용,쿠폰명 미확인,coupon_name+order_coupon_name+coupon_code+order_coupon_no+order_product_coupon_name+order_product_coupon_no+product_coupon_type_no,1,1,2,244600,20000,244600.0
2026-04-17,FAMILY,쿠폰 사용,쿠폰명 미확인,coupon_name+order_coupon_name+coupon_code+order_coupon_no+order_product_coupon_name+order_product_coupon_no+product_coupon_type_no,37,37,61,5933740,949620,160371.35135135136
2026-04-17,FAMILY,쿠폰 미사용,쿠폰 미사용,coupon_name+order_coupon_name+coupon_code+order_coupon_no+order_product_coupon_name+order_product_coupon_no+product_coupon_type_no,21,21,30,1617930,0,77044.28571428571
2026-04-18,FAMILY,쿠폰 사용,쿠폰명 미확인,coupon_name+order_coupon_name+coupon_code+order_coupon_no+order_product_coupon_name+order_product_coupon_no+product_coupon_type_no,30,30,37,3932590,547350,131086.33333333334
2026-04-18,FAMILY,쿠폰 미사용,쿠폰 미사용,coupon_name+order_coupon_name+coupon_code+order_coupon_no+order_product_coupon_name+order_product_coupon_no+product_coupon_type_no,25,25,34,2088110,0,83524.4
2026-04-18,GOLD,쿠폰 사용,쿠폰명 미확인,coupon_name+order_coupon_name+coupon_code+order_coupon_no+order_product_coupon_name+order_product_coupon_no+product_coupon_type_no,1,1,3,176600,30000,176600.0
2026-04-18,GOLD,쿠폰 미사용,쿠폰 미사용,coupon_name+order_coupon_name+coupon_code+order_coupon_no+order_product_coupon_name+order_product_coupon_no+product_coupon_type_no,1,1,1,39000,0,39000.0
2026-04-18,SILVER,쿠폰 미사용,쿠폰 미사용,coupon_name+order_coupon_name+coupon_code+order_coupon_no+order_product_coupon_name+order_product_coupon_no+product_coupon_type_no,4,3,11,642300,0,160575.0
2026-04-18,SILVER,쿠폰 사용,쿠폰명 미확인,coupon_name+order_coupon_name+coupon_code+order_coupon_no+order_product_coupon_name+order_product_coupon_no+product_coupon_type_no,3,3,7,582170,169200,194056.66666666666
2026-04-19,FAMILY,쿠폰 사용,쿠폰명 미확인,coupon_name+order_coupon_name+coupon_code+order_coupon_no+order_product_coupon_name+order_product_coupon_no+product_coupon_type_no,67,66,94,8127720,1304760,121309.25373134328
2026-04-19,FAMILY,쿠폰 미사용,쿠폰 미사용,coupon_name+order_coupon_name+coupon_code+order_coupon_no+order_product_coupon_name+order_product_coupon_no+product_coupon_type_no,24,24,33,1752320,0,73013.33333333333
2026-04-19,SILVER,쿠폰 사용,쿠폰명 미확인,coupon_name+order_coupon_name+coupon_code+order_coupon_no+order_product_coupon_name+order_product_coupon_no+product_coupon_type_no,2,2,2,113870,23800,56935.0
2026-04-20,FAMILY,쿠폰 사용,쿠폰명 미확인,coupon_name+order_coupon_name+coupon_code+order_coupon_no+order_product_coupon_name+order_product_coupon_no+product_coupon_type_no,45,45,56,5464870,1172700,121441.55555555556
2026-04-20,FAMILY,쿠폰 미사용,쿠폰 미사용,coupon_name+order_coupon_name+coupon_code+order_coupon_no+order_product_coupon_name+order_product_coupon_no+product_coupon_type_no,22,22,28,1959450,0,89065.90909090909
2026-04-20,SILVER,쿠폰 미사용,쿠폰 미사용,coupon_name+order_coupon_name+coupon_code+order_coupon_no+order_product_coupon_name+order_product_coupon_no+product_coupon_type_no,4,4,10,585430,0,146357.5
2026-04-20,SILVER,쿠폰 사용,쿠폰명 미확인,coupon_name+order_coupon_name+coupon_code+order_coupon_no+order_product_coupon_name+order_product_coupon_no+product_coupon_type_no,1,1,3,275590,30000,275590.0
2026-04-21,FAMILY,쿠폰 사용,쿠폰명 미확인,coupon_name+order_coupon_name+coupon_code+order_coupon_no+order_product_coupon_name+order_product_coupon_no+product_coupon_type_no,53,52,63,5365810,1040710,101241.69811320755
2026-04-21,FAMILY,쿠폰 미사용,쿠폰 미사용,coupon_name+order_coupon_name+coupon_code+order_coupon_no+order_product_coupon_name+order_product_coupon_no+product_coupon_type_no,26,26,32,1876340,0,72166.92307692308
2026-04-21,SILVER,쿠폰 사용,쿠폰명 미확인,coupon_name+order_coupon_name+coupon_code+order_coupon_no+order_product_coupon_name+order_product_coupon_no+product_coupon_type_no,3,3,7,403120,111200,134373.33333333334
2026-04-21,SILVER,쿠폰 미사용,쿠폰 미사용,coupon_name+order_coupon_name+coupon_code+order_coupon_no+order_product_coupon_name+order_product_coupon_no+product_coupon_type_no,1,1,1,64500,0,64500.0
2026-04-22,FAMILY,쿠폰 사용,쿠폰명 미확인,coupon_name+order_coupon_name+coupon_code+order_coupon_no+order_product_coupon_name+order_product_coupon_no+product_coupon_type_no,44,43,55,5044580,798400,114649.54545454546
2026-04-22,FAMILY,쿠폰 미사용,쿠폰 미사용,coupon_name+order_coupon_name+coupon_code+order_coupon_no+order_product_coupon_name+order_product_coupon_no+product_coupon_type_no,13,13,14,999230,0,76863.84615384616
2026-04-22,SILVER,쿠폰 미사용,쿠폰 미사용,coupon_name+order_coupon_name+coupon_code+order_coupon_no+order_product_coupon_name+order_product_coupon_no+product_coupon_type_no,1,1,3,151550,0,151550.0
2026-04-22,SILVER,쿠폰 사용,쿠폰명 미확인,coupon_name+order_coupon_name+coupon_code+order_coupon_no+order_product_coupon_name+order_product_coupon_no+product_coupon_type_no,1,1,1,133200,45800,133200.0
2026-04-23,FAMILY,쿠폰 사용,쿠폰명 미확인,coupon_name+order_coupon_name+coupon_code+order_coupon_no+order_product_coupon_name+order_product_coupon_no+product_coupon_type_no,45,45,72,5786850,1074560,128596.66666666667
2026-04-23,FAMILY,쿠폰 미사용,쿠폰 미사용,coupon_name+order_coupon_name+coupon_code+order_coupon_no+order_product_coupon_name+order_product_coupon_no+product_coupon_type_no,30,29,62,4555120,0,151837.33333333334
2026-04-23,SILVER,쿠폰 사용,쿠폰명 미확인,coupon_name+order_coupon_name+coupon_code+order_coupon_no+order_product_coupon_name+order_product_coupon_no+product_coupon_type_no,4,4,7,543550,115420,135887.5
2026-04-23,SILVER,쿠폰 미사용,쿠폰 미사용,coupon_name+order_coupon_name+coupon_code+order_coupon_no+order_product_coupon_name+order_product_coupon_no+product_coupon_type_no,4,4,4,258260,0,64565.0
2026-04-24,FAMILY,쿠폰 사용,쿠폰명 미확인,coupon_name+order_coupon_name+coupon_code+order_coupon_no+order_product_coupon_name+order_product_coupon_no+product_coupon_type_no,41,41,62,5810840,1033830,141727.80487804877
2026-04-24,FAMILY,쿠폰 미사용,쿠폰 미사용,coupon_name+order_coupon_name+coupon_code+order_coupon_no+order_product_coupon_name+order_product_coupon_no+product_coupon_type_no,16,15,21,1361800,0,85112.5
2026-04-24,GOLD,쿠폰 미사용,쿠폰 미사용,coupon_name+order_coupon_name+coupon_code+order_coupon_no+order_product_coupon_name+order_product_coupon_no+product_coupon_type_no,1,1,1,49000,0,49000.0
2026-04-24,SILVER,쿠폰 사용,쿠폰명 미확인,coupon_name+order_coupon_name+coupon_code+order_coupon_no+order_product_coupon_name+order_product_coupon_no+product_coupon_type_no,3,3,5,440080,107760,146693.33333333334
2026-04-24,SILVER,쿠폰 미사용,쿠폰 미사용,coupon_name+order_coupon_name+coupon_code+order_coupon_no+order_product_coupon_name+order_product_coupon_no+product_coupon_type_no,2,2,3,129390,0,64695.0
2026-04-25,FAMILY,쿠폰 사용,쿠폰명 미확인,coupon_name+order_coupon_name+coupon_code+order_coupon_no+order_product_coupon_name+order_product_coupon_no+product_coupon_type_no,42,41,49,4394390,661660,104628.33333333333
2026-04-25,FAMILY,쿠폰 미사용,쿠폰 미사용,coupon_name+order_coupon_name+coupon_code+order_coupon_no+order_product_coupon_name+order_product_coupon_no+product_coupon_type_no,20,20,22,1060600,0,53030.0
2026-04-25,SILVER,쿠폰 사용,쿠폰명 미확인,coupon_name+order_coupon_name+coupon_code+order_coupon_no+order_product_coupon_name+order_product_coupon_no+product_coupon_type_no,3,2,9,592220,91600,197406.66666666666
2026-04-25,SILVER,쿠폰 미사용,쿠폰 미사용,coupon_name+order_coupon_name+coupon_code+order_coupon_no+order_product_coupon_name+order_product_coupon_no+product_coupon_type_no,1,1,3,239610,0,239610.0
2026-04-26,FAMILY,쿠폰 사용,쿠폰명 미확인,coupon_name+order_coupon_name+coupon_code+order_coupon_no+order_product_coupon_name+order_product_coupon_no+product_coupon_type_no,46,42,67,4847160,1496360,105373.04347826086
2026-04-26,FAMILY,쿠폰 미사용,쿠폰 미사용,coupon_name+order_coupon_name+coupon_code+order_coupon_no+order_product_coupon_name+order_product_coupon_no+product_coupon_type_no,29,28,37,2381010,0,82103.79310344828
2026-04-26,GOLD,쿠폰 사용,쿠폰명 미확인,coupon_name+order_coupon_name+coupon_code+order_coupon_no+order_product_coupon_name+order_product_coupon_no+product_coupon_type_no,1,1,1,115710,41800,115710.0
2026-04-26,SILVER,쿠폰 사용,쿠폰명 미확인,coupon_name+order_coupon_name+coupon_code+order_coupon_no+order_product_coupon_name+order_product_coupon_no+product_coupon_type_no,3,3,8,715320,153600,238440.0
2026-04-26,SILVER,쿠폰 미사용,쿠폰 미사용,coupon_name+order_coupon_name+coupon_code+order_coupon_no+order_product_coupon_name+order_product_coupon_no+product_coupon_type_no,3,3,3,205260,0,68420.0
2026-04-27,FAMILY,쿠폰 사용,쿠폰명 미확인,coupon_name+order_coupon_name+coupon_code+order_coupon_no+order_product_coupon_name+order_product_coupon_no+product_coupon_type_no,45,43,61,4862280,844050,108050.66666666667
2026-04-27,FAMILY,쿠폰 미사용,쿠폰 미사용,coupon_name+order_coupon_name+coupon_code+order_coupon_no+order_product_coupon_name+order_product_coupon_no+product_coupon_type_no,31,30,39,2113420,0,68174.83870967742
2026-04-27,SILVER,쿠폰 사용,쿠폰명 미확인,coupon_name+order_coupon_name+coupon_code+order_coupon_no+order_product_coupon_name+order_product_coupon_no+product_coupon_type_no,8,7,22,1597890,342600,199736.25
2026-04-27,SILVER,쿠폰 미사용,쿠폰 미사용,coupon_name+order_coupon_name+coupon_code+order_coupon_no+order_product_coupon_name+order_product_coupon_no+product_coupon_type_no,4,4,4,132270,0,33067.5
2026-04-28,FAMILY,쿠폰 사용,쿠폰명 미확인,coupon_name+order_coupon_name+coupon_code+order_coupon_no+order_product_coupon_name+order_product_coupon_no+product_coupon_type_no,62,62,83,6527100,1388980,105275.80645161291
2026-04-28,FAMILY,쿠폰 미사용,쿠폰 미사용,coupon_name+order_coupon_name+coupon_code+order_coupon_no+order_product_coupon_name+order_product_coupon_no+product_coupon_type_no,24,24,29,2058980,0,85790.83333333333
2026-04-28,GOLD,쿠폰 미사용,쿠폰 미사용,coupon_name+order_coupon_name+coupon_code+order_coupon_no+order_product_coupon_name+order_product_coupon_no+product_coupon_type_no,3,3,3,233460,0,77820.0
2026-04-28,GOLD,쿠폰 사용,쿠폰명 미확인,coupon_name+order_coupon_name+coupon_code+order_coupon_no+order_product_coupon_name+order_product_coupon_no+product_coupon_type_no,1,1,1,28170,10000,28170.0
2026-04-28,SILVER,쿠폰 사용,쿠폰명 미확인,coupon_name+order_coupon_name+coupon_code+order_coupon_no+order_product_coupon_name+order_product_coupon_no+product_coupon_type_no,3,3,3,277760,87400,92586.66666666667
2026-04-28,TITANIUM,쿠폰 미사용,쿠폰 미사용,coupon_name+order_coupon_name+coupon_code+order_coupon_no+order_product_coupon_name+order_product_coupon_no+product_coupon_type_no,1,1,1,127200,0,127200.0
2026-04-29,FAMILY,쿠폰 사용,쿠폰명 미확인,coupon_name+order_coupon_name+coupon_code+order_coupon_no+order_product_coupon_name+order_product_coupon_no+product_coupon_type_no,37,37,47,3557430,714140,96146.75675675676
2026-04-29,FAMILY,쿠폰 미사용,쿠폰 미사용,coupon_name+order_coupon_name+coupon_code+order_coupon_no+order_product_coupon_name+order_product_coupon_no+product_coupon_type_no,16,16,16,1110870,0,69429.375
2026-04-29,GOLD,쿠폰 사용,쿠폰명 미확인,coupon_name+order_coupon_name+coupon_code+order_coupon_no+order_product_coupon_name+order_product_coupon_no+product_coupon_type_no,1,1,2,215450,79600,215450.0
2026-04-29,GOLD,쿠폰 미사용,쿠폰 미사용,coupon_name+order_coupon_name+coupon_code+order_coupon_no+order_product_coupon_name+order_product_coupon_no+product_coupon_type_no,1,1,1,59500,0,59500.0
2026-04-29,SILVER,쿠폰 미사용,쿠폰 미사용,coupon_name+order_coupon_name+coupon_code+order_coupon_no+order_product_coupon_name+order_product_coupon_no+product_coupon_type_no,3,3,3,223730,0,74576.66666666667
2026-04-29,SILVER,쿠폰 사용,쿠폰명 미확인,coupon_name+order_coupon_name+coupon_code+order_coupon_no+order_product_coupon_name+order_product_coupon_no+product_coupon_type_no,3,3,3,200110,35600,66703.33333333333
2026-04-30,FAMILY,쿠폰 사용,쿠폰명 미확인,coupon_name+order_coupon_name+coupon_code+order_coupon_no+order_product_coupon_name+order_product_coupon_no+product_coupon_type_no,53,53,75,5510560,1120800,103972.83018867925
2026-04-30,FAMILY,쿠폰 미사용,쿠폰 미사용,coupon_name+order_coupon_name+coupon_code+order_coupon_no+order_product_coupon_name+order_product_coupon_no+product_coupon_type_no,20,20,30,1633200,0,81660.0
2026-04-30,SILVER,쿠폰 사용,쿠폰명 미확인,coupon_name+order_coupon_name+coupon_code+order_coupon_no+order_product_coupon_name+order_product_coupon_no+product_coupon_type_no,2,2,2,265330,49800,132665.0
2026-04-30,SILVER,쿠폰 미사용,쿠폰 미사용,coupon_name+order_coupon_name+coupon_code+order_coupon_no+order_product_coupon_name+order_product_coupon_no+product_coupon_type_no,1,1,2,117000,0,117000.0
2026-05-01,FAMILY,쿠폰 사용,쿠폰명 미확인,coupon_name+order_coupon_name+coupon_code+order_coupon_no+order_product_coupon_name+order_product_coupon_no+product_coupon_type_no,64,63,76,5807870,1326980,90747.96875
2026-05-01,FAMILY,쿠폰 미사용,쿠폰 미사용,coupon_name+order_coupon_name+coupon_code+order_coupon_no+order_product_coupon_name+order_product_coupon_no+product_coupon_type_no,82,82,104,3583518,0,43701.439024390245
2026-05-01,SILVER,쿠폰 사용,쿠폰명 미확인,coupon_name+order_coupon_name+coupon_code+order_coupon_no+order_product_coupon_name+order_product_coupon_no+product_coupon_type_no,8,8,12,1083530,322400,135441.25
2026-05-01,SILVER,쿠폰 미사용,쿠폰 미사용,coupon_name+order_coupon_name+coupon_code+order_coupon_no+order_product_coupon_name+order_product_coupon_no+product_coupon_type_no,10,9,13,1005369,0,100536.9
2026-05-02,FAMILY,쿠폰 사용,쿠폰명 미확인,coupon_name+order_coupon_name+coupon_code+order_coupon_no+order_product_coupon_name+order_product_coupon_no+product_coupon_type_no,52,52,69,5098110,883910,98040.57692307692
2026-05-02,FAMILY,쿠폰 미사용,쿠폰 미사용,coupon_name+order_coupon_name+coupon_code+order_coupon_no+order_product_coupon_name+order_product_coupon_no+product_coupon_type_no,50,49,63,2961210,0,59224.2
2026-05-02,SILVER,쿠폰 사용,쿠폰명 미확인,coupon_name+order_coupon_name+coupon_code+order_coupon_no+order_product_coupon_name+order_product_coupon_no+product_coupon_type_no,3,3,5,290280,87200,96760.0
2026-05-02,SILVER,쿠폰 미사용,쿠폰 미사용,coupon_name+order_coupon_name+coupon_code+order_coupon_no+order_product_coupon_name+order_product_coupon_no+product_coupon_type_no,2,2,4,98750,0,49375.0
2026-05-03,FAMILY,쿠폰 사용,쿠폰명 미확인,coupon_name+order_coupon_name+coupon_code+order_coupon_no+order_product_coupon_name+order_product_coupon_no+product_coupon_type_no,40,40,61,5001050,1118360,125026.25
2026-05-03,FAMILY,쿠폰 미사용,쿠폰 미사용,coupon_name+order_coupon_name+coupon_code+order_coupon_no+order_product_coupon_name+order_product_coupon_no+product_coupon_type_no,41,41,50,2070970,0,50511.46341463415
2026-05-03,SILVER,쿠폰 미사용,쿠폰 미사용,coupon_name+order_coupon_name+coupon_code+order_coupon_no+order_product_coupon_name+order_product_coupon_no+product_coupon_type_no,4,4,6,320750,0,80187.5
2026-05-04,FAMILY,쿠폰 사용,쿠폰명 미확인,coupon_name+order_coupon_name+coupon_code+order_coupon_no+order_product_coupon_name+order_product_coupon_no+product_coupon_type_no,48,47,63,4569690,925100,95201.875
2026-05-04,FAMILY,쿠폰 미사용,쿠폰 미사용,coupon_name+order_coupon_name+coupon_code+order_coupon_no+order_product_coupon_name+order_product_coupon_no+product_coupon_type_no,33,33,39,1952780,0,59175.15151515151
2026-05-04,SILVER,쿠폰 사용,쿠폰명 미확인,coupon_name+order_coupon_name+coupon_code+order_coupon_no+order_product_coupon_name+order_product_coupon_no+product_coupon_type_no,2,2,2,146070,55600,73035.0
2026-05-05,FAMILY,쿠폰 사용,쿠폰명 미확인,coupon_name+order_coupon_name+coupon_code+order_coupon_no+order_product_coupon_name+order_product_coupon_no+product_coupon_type_no,103,103,138,8657800,1613940,84056.31067961165
2026-05-05,FAMILY,쿠폰 미사용,쿠폰 미사용,coupon_name+order_coupon_name+coupon_code+order_coupon_no+order_product_coupon_name+order_product_coupon_no+product_coupon_type_no,172,171,214,6100470,0,35467.848837209305
2026-05-05,SILVER,쿠폰 사용,쿠폰명 미확인,coupon_name+order_coupon_name+coupon_code+order_coupon_no+order_product_coupon_name+order_product_coupon_no+product_coupon_type_no,9,9,14,720150,194190,80016.66666666667
2026-05-05,SILVER,쿠폰 미사용,쿠폰 미사용,coupon_name+order_coupon_name+coupon_code+order_coupon_no+order_product_coupon_name+order_product_coupon_no+product_coupon_type_no,9,9,13,503720,0,55968.88888888889
2026-05-06,FAMILY,쿠폰 사용,쿠폰명 미확인,coupon_name+order_coupon_name+coupon_code+order_coupon_no+order_product_coupon_name+order_product_coupon_no+product_coupon_type_no,66,64,92,6503900,1632110,98543.93939393939
2026-05-06,FAMILY,쿠폰 미사용,쿠폰 미사용,coupon_name+order_coupon_name+coupon_code+order_coupon_no+order_product_coupon_name+order_product_coupon_no+product_coupon_type_no,52,52,60,1982380,0,38122.692307692305
2026-05-06,SILVER,쿠폰 사용,쿠폰명 미확인,coupon_name+order_coupon_name+coupon_code+order_coupon_no+order_product_coupon_name+order_product_coupon_no+product_coupon_type_no,3,3,7,481890,149000,160630.0
2026-05-06,SILVER,쿠폰 미사용,쿠폰 미사용,coupon_name+order_coupon_name+coupon_code+order_coupon_no+order_product_coupon_name+order_product_coupon_no+product_coupon_type_no,5,5,6,311850,0,62370.0
2026-05-07,FAMILY,쿠폰 사용,쿠폰명 미확인,coupon_name+order_coupon_name+coupon_code+order_coupon_no+order_product_coupon_name+order_product_coupon_no+product_coupon_type_no,63,63,100,6591050,1251930,104619.84126984127
2026-05-07,FAMILY,쿠폰 미사용,쿠폰 미사용,coupon_name+order_coupon_name+coupon_code+order_coupon_no+order_product_coupon_name+order_product_coupon_no+product_coupon_type_no,56,56,79,3893050,0,69518.75
2026-05-07,SILVER,쿠폰 미사용,쿠폰 미사용,coupon_name+order_coupon_name+coupon_code+order_coupon_no+order_product_coupon_name+order_product_coupon_no+product_coupon_type_no,8,8,10,375740,0,46967.5
2026-05-07,SILVER,쿠폰 사용,쿠폰명 미확인,coupon_name+order_coupon_name+coupon_code+order_coupon_no+order_product_coupon_name+order_product_coupon_no+product_coupon_type_no,4,4,4,358160,145070,89540.0
2026-05-07,TITANIUM,쿠폰 미사용,쿠폰 미사용,coupon_name+order_coupon_name+coupon_code+order_coupon_no+order_product_coupon_name+order_product_coupon_no+product_coupon_type_no,1,1,2,143390,0,143390.0
2026-05-07,TITANIUM,쿠폰 사용,쿠폰명 미확인,coupon_name+order_coupon_name+coupon_code+order_coupon_no+order_product_coupon_name+order_product_coupon_no+product_coupon_type_no,1,1,2,119070,20000,119070.0
2026-05-08,FAMILY,쿠폰 사용,쿠폰명 미확인,coupon_name+order_coupon_name+coupon_code+order_coupon_no+order_product_coupon_name+order_product_coupon_no+product_coupon_type_no,45,44,51,4305600,695800,95680.0
2026-05-08,FAMILY,쿠폰 미사용,쿠폰 미사용,coupon_name+order_coupon_name+coupon_code+order_coupon_no+order_product_coupon_name+order_product_coupon_no+product_coupon_type_no,35,35,42,1609870,0,45996.28571428572
2026-05-08,SILVER,쿠폰 사용,쿠폰명 미확인,coupon_name+order_coupon_name+coupon_code+order_coupon_no+order_product_coupon_name+order_product_coupon_no+product_coupon_type_no,3,3,5,338430,113200,112810.0
2026-05-08,SILVER,쿠폰 미사용,쿠폰 미사용,coupon_name+order_coupon_name+coupon_code+order_coupon_no+order_product_coupon_name+order_product_coupon_no+product_coupon_type_no,2,2,2,64670,0,32335.0
2026-05-09,FAMILY,쿠폰 사용,쿠폰명 미확인,coupon_name+order_coupon_name+coupon_code+order_coupon_no+order_product_coupon_name+order_product_coupon_no+product_coupon_type_no,42,42,51,3427400,899800,81604.76190476191
2026-05-09,FAMILY,쿠폰 미사용,쿠폰 미사용,coupon_name+order_coupon_name+coupon_code+order_coupon_no+order_product_coupon_name+order_product_coupon_no+product_coupon_type_no,35,34,45,1808620,0,51674.857142857145
2026-05-09,SILVER,쿠폰 미사용,쿠폰 미사용,coupon_name+order_coupon_name+coupon_code+order_coupon_no+order_product_coupon_name+order_product_coupon_no+product_coupon_type_no,1,1,2,106440,0,106440.0
2026-05-09,SILVER,쿠폰 사용,쿠폰명 미확인,coupon_name+order_coupon_name+coupon_code+order_coupon_no+order_product_coupon_name+order_product_coupon_no+product_coupon_type_no,1,1,1,20470,10000,20470.0
2026-05-10,FAMILY,쿠폰 사용,쿠폰명 미확인,coupon_name+order_coupon_name+coupon_code+order_coupon_no+order_product_coupon_name+order_product_coupon_no+product_coupon_type_no,151,151,205,12839980,2465040,85032.98013245034
2026-05-10,FAMILY,쿠폰 미사용,쿠폰 미사용,coupon_name+order_coupon_name+coupon_code+order_coupon_no+order_product_coupon_name+order_product_coupon_no+product_coupon_type_no,297,297,348,11672630,0,39301.78451178451
2026-05-10,GOLD,쿠폰 사용,쿠폰명 미확인,coupon_name+order_coupon_name+coupon_code+order_coupon_no+order_product_coupon_name+order_product_coupon_no+product_coupon_type_no,1,1,2,98000,10000,98000.0
2026-05-10,GOLD,쿠폰 미사용,쿠폰 미사용,coupon_name+order_coupon_name+coupon_code+order_coupon_no+order_product_coupon_name+order_product_coupon_no+product_coupon_type_no,2,2,2,70670,0,35335.0
2026-05-10,SILVER,쿠폰 미사용,쿠폰 미사용,coupon_name+order_coupon_name+coupon_code+order_coupon_no+order_product_coupon_name+order_product_coupon_no+product_coupon_type_no,17,16,29,1259600,0,74094.11764705883
2026-05-10,SILVER,쿠폰 사용,쿠폰명 미확인,coupon_name+order_coupon_name+coupon_code+order_coupon_no+order_product_coupon_name+order_product_coupon_no+product_coupon_type_no,9,9,13,895590,244200,99510.0
2026-05-11,FAMILY,쿠폰 사용,쿠폰명 미확인,coupon_name+order_coupon_name+coupon_code+order_coupon_no+order_product_coupon_name+order_product_coupon_no+product_coupon_type_no,44,43,52,4754890,866830,108065.68181818182
2026-05-11,FAMILY,쿠폰 미사용,쿠폰 미사용,coupon_name+order_coupon_name+coupon_code+order_coupon_no+order_product_coupon_name+order_product_coupon_no+product_coupon_type_no,16,16,20,1352790,0,84549.375
2026-05-11,SILVER,쿠폰 미사용,쿠폰 미사용,coupon_name+order_coupon_name+coupon_code+order_coupon_no+order_product_coupon_name+order_product_coupon_no+product_coupon_type_no,1,1,5,450700,0,450700.0
2026-05-11,SILVER,쿠폰 사용,쿠폰명 미확인,coupon_name+order_coupon_name+coupon_code+order_coupon_no+order_product_coupon_name+order_product_coupon_no+product_coupon_type_no,1,1,2,97000,37600,97000.0
2026-05-12,FAMILY,쿠폰 사용,쿠폰명 미확인,coupon_name+order_coupon_name+coupon_code+order_coupon_no+order_product_coupon_name+order_product_coupon_no+product_coupon_type_no,37,37,67,5406430,916580,146119.72972972973
2026-05-12,FAMILY,쿠폰 미사용,쿠폰 미사용,coupon_name+order_coupon_name+coupon_code+order_coupon_no+order_product_coupon_name+order_product_coupon_no+product_coupon_type_no,16,16,24,1551770,0,96985.625
2026-05-12,SILVER,쿠폰 사용,쿠폰명 미확인,coupon_name+order_coupon_name+coupon_code+order_coupon_no+order_product_coupon_name+order_product_coupon_no+product_coupon_type_no,1,1,1,66950,17800,66950.0
2026-05-12,SILVER,쿠폰 미사용,쿠폰 미사용,coupon_name+order_coupon_name+coupon_code+order_coupon_no+order_product_coupon_name+order_product_coupon_no+product_coupon_type_no,1,1,1,36890,0,36890.0
2026-05-13,FAMILY,쿠폰 사용,쿠폰명 미확인,coupon_name+order_coupon_name+coupon_code+order_coupon_no+order_product_coupon_name+order_product_coupon_no+product_coupon_type_no,44,44,65,4468200,1382710,101550.0
2026-05-13,FAMILY,쿠폰 미사용,쿠폰 미사용,coupon_name+order_coupon_name+coupon_code+order_coupon_no+order_product_coupon_name+order_product_coupon_no+product_coupon_type_no,19,18,23,1451280,0,76383.15789473684
2026-05-13,GOLD,쿠폰 미사용,쿠폰 미사용,coupon_name+order_coupon_name+coupon_code+order_coupon_no+order_product_coupon_name+order_product_coupon_no+product_coupon_type_no,1,1,1,75720,0,75720.0
2026-05-13,SILVER,쿠폰 사용,쿠폰명 미확인,coupon_name+order_coupon_name+coupon_code+order_coupon_no+order_product_coupon_name+order_product_coupon_no+product_coupon_type_no,2,2,2,248310,30000,124155.0
2026-05-13,SILVER,쿠폰 미사용,쿠폰 미사용,coupon_name+order_coupon_name+coupon_code+order_coupon_no+order_product_coupon_name+order_product_coupon_no+product_coupon_type_no,3,3,3,232510,0,77503.33333333333
2026-05-14,FAMILY,쿠폰 사용,쿠폰명 미확인,coupon_name+order_coupon_name+coupon_code+order_coupon_no+order_product_coupon_name+order_product_coupon_no+product_coupon_type_no,30,30,38,2675010,698180,89167.0
2026-05-14,FAMILY,쿠폰 미사용,쿠폰 미사용,coupon_name+order_coupon_name+coupon_code+order_coupon_no+order_product_coupon_name+order_product_coupon_no+product_coupon_type_no,23,22,28,1927930,0,83823.04347826086
2026-05-14,SILVER,쿠폰 사용,쿠폰명 미확인,coupon_name+order_coupon_name+coupon_code+order_coupon_no+order_product_coupon_name+order_product_coupon_no+product_coupon_type_no,2,2,2,149830,39600,74915.0
2026-05-14,SILVER,쿠폰 미사용,쿠폰 미사용,coupon_name+order_coupon_name+coupon_code+order_coupon_no+order_product_coupon_name+order_product_coupon_no+product_coupon_type_no,1,1,1,113520,0,113520.0
2026-05-14,TITANIUM,쿠폰 미사용,쿠폰 미사용,coupon_name+order_coupon_name+coupon_code+order_coupon_no+order_product_coupon_name+order_product_coupon_no+product_coupon_type_no,1,1,1,38150,0,38150.0
2026-05-15,FAMILY,쿠폰 사용,쿠폰명 미확인,coupon_name+order_coupon_name+coupon_code+order_coupon_no+order_product_coupon_name+order_product_coupon_no+product_coupon_type_no,17,17,28,2018930,568780,118760.58823529411
2026-05-15,FAMILY,쿠폰 미사용,쿠폰 미사용,coupon_name+order_coupon_name+coupon_code+order_coupon_no+order_product_coupon_name+order_product_coupon_no+product_coupon_type_no,8,8,14,595120,0,74390.0
2026-05-15,SILVER,쿠폰 미사용,쿠폰 미사용,coupon_name+order_coupon_name+coupon_code+order_coupon_no+order_product_coupon_name+order_product_coupon_no+product_coupon_type_no,3,3,4,208600,0,69533.33333333333
