order_date,member_grade_label,first_category,second_category,transition_buyers,second_orders,quantity,revenue
2024-04-16,FAMILY,남성,바람막이,1,1,1,84500
2024-04-16,FAMILY,남성,남성,1,1,2,14500
2024-04-16,FAMILY,라운드티,긴바지,1,1,1,119000
2024-04-17,FAMILY,긴바지,남성,1,1,1,46000
2024-04-17,FAMILY,남성,남성,1,1,3,58500
2024-04-18,FAMILY,라운드티,라운드티,1,1,1,60000
2024-04-19,FAMILY,남성,남성,2,2,2,205000
2024-04-19,FAMILY,남성,라운드티,1,1,2,49000
2024-04-19,FAMILY,바람막이,라운드티,1,1,2,49000
2024-04-19,FAMILY,여성,반바지,1,1,1,62060
2024-04-19,FAMILY,여성,라운드티,1,1,1,58140
2024-04-20,FAMILY,남성,남성,2,2,3,87680
2024-04-20,FAMILY,남성,햇,1,1,1,37680
2024-04-20,FAMILY,바람막이,남성,1,1,1,64500
2024-04-20,FAMILY,셋업,셋업,1,1,1,99000
2024-04-21,FAMILY,남성,등산화,1,1,1,219000
2024-04-21,FAMILY,남성,자켓/ 베스트,1,1,1,114500
2024-04-21,FAMILY,라운드티,반바지,1,1,1,79000
2024-04-21,FAMILY,셋업,남성,1,1,2,163000
2024-04-22,FAMILY,남성,남성,2,2,3,312500
2024-04-22,FAMILY,남성,UNKNOWN,1,1,1,34500
2024-04-22,FAMILY,라운드티,바람막이,1,1,1,84500
2024-04-22,FAMILY,라운드티,라운드티,1,1,1,59000
2024-04-22,FAMILY,라운드티,남성,1,1,1,19500
2024-04-22,FAMILY,바람막이,남성,2,2,2,78500
2024-04-22,FAMILY,반바지,바람막이,1,1,1,92000
2024-04-22,FAMILY,반바지,남성,1,1,1,19500
2024-04-22,FAMILY,셋업,남성,1,1,1,59000
2024-04-22,FAMILY,자켓/ 베스트,라운드티,1,1,1,59000
2024-04-22,FAMILY,하이킹,UNKNOWN,1,1,1,34500
2024-04-22,FAMILY,하이킹,남성,1,1,1,34500
2024-04-23,FAMILY,긴바지,긴바지,1,1,1,119000
2024-04-23,FAMILY,남성,남성,2,2,7,116500
2024-04-23,FAMILY,남성,여성,1,1,1,54500
2024-04-23,FAMILY,라운드티,여성,1,1,1,54500
2024-04-23,FAMILY,라운드티,남성,1,1,1,39000
2024-04-23,FAMILY,여성,여성,1,1,1,54500
2024-04-24,FAMILY,긴바지,라운드티,1,1,1,61200
2024-04-24,FAMILY,남성,남성,3,3,3,298740
2024-04-24,FAMILY,남성,등산화,1,1,1,79500
2024-04-24,FAMILY,남성,라운드티,1,1,1,61200
2024-04-24,FAMILY,바람막이,라운드티,1,1,1,48400
2024-04-24,FAMILY,자켓/ 베스트,라운드티,1,1,1,61200
2024-04-24,SILVER,긴바지,긴바지,1,1,1,57270
2024-04-24,SILVER,바람막이,트레일러닝,1,1,1,107030
2024-04-25,FAMILY,남성,스니커즈,1,1,1,95300
2024-04-25,FAMILY,남성,남성,1,1,1,59500
2024-04-25,SILVER,긴바지,긴바지,1,1,1,119000
2024-04-26,FAMILY,남성,바람막이,1,1,1,122380
2024-04-26,FAMILY,남성,남성,1,1,1,35380
2024-04-26,FAMILY,등산화,셋업,1,1,1,69500
2024-04-26,FAMILY,스니커즈,남성,1,1,1,129000
2024-04-26,FAMILY,자켓/ 베스트,남성,1,1,1,49000
2024-04-26,SILVER,남성,등산화,1,1,1,171510
2024-04-26,SILVER,하이킹,등산화,1,1,1,171510
2024-04-27,FAMILY,UNKNOWN,남성,1,1,5,368280
2024-04-27,FAMILY,UNKNOWN,긴바지,1,1,1,136440
2024-04-27,FAMILY,남성,남성,3,3,7,504480
2024-04-27,FAMILY,남성,긴바지,1,1,1,136440
2024-04-27,FAMILY,남성,셋업,1,1,1,71200
2024-04-27,FAMILY,카고/조거,라운드티,1,1,1,55200
2024-04-28,FAMILY,가방,UNKNOWN,1,1,1,89000
2024-04-28,FAMILY,가방,라운드티,1,1,1,69000
2024-04-28,FAMILY,긴바지,UNKNOWN,1,1,1,89000
2024-04-28,FAMILY,긴바지,라운드티,1,1,1,69000
2024-04-28,FAMILY,남성,UNKNOWN,2,2,2,149550
2024-04-28,FAMILY,남성,남성,1,1,1,77000
2024-04-28,FAMILY,남성,라운드티,1,1,1,69000
2024-04-28,FAMILY,셋업,남성,1,1,2,24000
2024-04-28,FAMILY,자켓/ 베스트,남성,1,1,1,37000
2024-04-28,SILVER,자켓/ 베스트,라운드티,1,1,1,86610
2024-04-29,FAMILY,남성,남성,1,1,1,140620
2024-04-29,FAMILY,남성,라운드티,1,1,2,59000
2024-04-29,FAMILY,남성,셋업,1,1,1,44500
2024-04-29,FAMILY,라운드티,등산화,1,1,1,64500
2024-04-29,GOLD,라운드티,카고/조거,1,1,1,85020
2024-04-30,FAMILY,가방,남성,1,1,1,111300
2024-04-30,FAMILY,남성,남성,2,2,2,150300
2024-04-30,FAMILY,등산화,남성,1,1,1,111300
2024-04-30,FAMILY,바람막이,자켓/ 베스트,1,1,1,109500
2024-04-30,SILVER,긴바지,긴바지,1,1,1,103200
2024-04-30,SILVER,자켓/ 베스트,긴바지,1,1,1,103200
2024-05-01,FAMILY,UNKNOWN,UNKNOWN,1,1,1,49890
2024-05-01,FAMILY,남성,여성,1,1,1,79000
2024-05-01,FAMILY,남성,UNKNOWN,1,1,1,49890
2024-05-01,FAMILY,라운드티,라운드티,1,1,1,53400
2024-05-01,FAMILY,자켓/ 베스트,남성,1,1,1,49500
2024-05-02,FAMILY,긴바지,긴바지,1,1,1,79200
2024-05-02,FAMILY,남성,남성,1,1,5,182500
2024-05-02,FAMILY,남성,라운드티,1,1,2,69000
2024-05-02,FAMILY,라운드티,남성,1,1,5,182500
2024-05-02,FAMILY,라운드티,라운드티,2,2,3,105140
2024-05-02,FAMILY,반바지,라운드티,1,1,1,36140
2024-05-02,FAMILY,하이킹,라운드티,1,1,1,44440
2024-05-02,GOLD,긴바지,남성,1,1,1,89000
2024-05-03,FAMILY,남성,남성,3,3,3,154380
2024-05-03,FAMILY,남성,UNKNOWN,1,1,1,69000
2024-05-03,FAMILY,셋업,라운드티,1,1,2,59000
2024-05-03,FAMILY,하이킹,자켓/ 베스트,1,1,1,144680
2024-05-04,FAMILY,긴바지,긴바지,1,1,1,109460
2024-05-04,FAMILY,남성,남성,2,2,3,189820
2024-05-04,FAMILY,라운드티,남성,3,3,3,131250
2024-05-04,FAMILY,반바지,남성,1,1,1,64500
2024-05-04,FAMILY,셋업,남성,1,1,1,34500
2024-05-04,FAMILY,자켓/ 베스트,남성,1,1,1,28220
2024-05-04,FAMILY,햇,남성,1,1,1,4310
2024-05-05,FAMILY,남성,남성,1,1,1,147000
2024-05-05,FAMILY,남성,트레일러닝,1,1,1,109000
2024-05-05,FAMILY,바람막이,긴바지,1,1,1,76170
2024-05-05,FAMILY,바람막이,라운드티,1,1,1,47130
2024-05-05,FAMILY,셋업,트레일러닝,1,1,1,109000
2024-05-05,FAMILY,하이킹,트레일러닝,1,1,1,109000
2024-05-06,FAMILY,가방,남성,1,1,1,88080
2024-05-06,FAMILY,긴바지,상의,1,1,1,65250
2024-05-06,FAMILY,남성,남성,3,3,3,295780
2024-05-06,FAMILY,남성,UNKNOWN,1,1,1,62100
2024-05-07,FAMILY,가방,긴바지,1,1,1,103200
2024-05-07,FAMILY,긴바지,라운드티,1,1,1,44590
2024-05-07,FAMILY,긴바지,남성,1,1,2,12000
2024-05-07,FAMILY,남성,남성,4,4,6,190380
2024-05-07,FAMILY,남성,등산화,1,1,1,172320
2024-05-07,FAMILY,남성,상의,1,1,1,76630
2024-05-07,FAMILY,남성,자켓/ 베스트,1,1,1,69090
2024-05-07,FAMILY,라운드티,남성,2,2,2,116500
2024-05-07,FAMILY,라운드티,라운드티,1,1,1,69000
2024-05-07,FAMILY,자켓/ 베스트,긴바지,1,1,1,84500
2024-05-07,FAMILY,자켓/ 베스트,남성,2,2,6,83000
2024-05-07,FAMILY,햇,남성,1,1,1,49000
2024-05-07,SILVER,긴바지,남성,1,1,1,112210
2024-05-07,SILVER,남성,자켓/ 베스트,1,1,1,167900
2024-05-07,SILVER,남성,남성,2,2,2,149580
2024-05-08,FAMILY,긴바지,남성,1,1,1,24500
2024-05-08,FAMILY,긴바지,반바지,1,1,1,24500
2024-05-08,FAMILY,남성,여성,1,1,1,159200
2024-05-08,FAMILY,남성,남성,2,2,2,133120
2024-05-08,FAMILY,남성,트레일러닝,1,1,1,109000
2024-05-08,FAMILY,남성,반바지,1,1,1,24500
2024-05-08,FAMILY,라운드티,남성,1,1,1,24500
2024-05-08,FAMILY,라운드티,반바지,1,1,1,24500
2024-05-08,FAMILY,자켓/ 베스트,남성,1,1,1,109000
2024-05-08,FAMILY,하이킹,라운드티,1,1,2,64000
2024-05-08,FAMILY,하이킹,셋업,1,1,1,44500
2024-05-08,FAMILY,하이킹,남성,1,1,1,27500
2024-05-09,FAMILY,UNKNOWN,UNKNOWN,1,1,1,62990
2024-05-09,FAMILY,가방,남성,1,1,2,157450
2024-05-09,FAMILY,남성,UNKNOWN,2,2,3,200600
2024-05-09,FAMILY,남성,셋업,1,1,2,110400
2024-05-09,FAMILY,남성,가방,1,1,1,65120
2024-05-09,FAMILY,남성,남성,1,1,1,49000
2024-05-09,FAMILY,하이킹,가방,1,1,1,65120
2024-05-10,FAMILY,긴바지,긴바지,1,1,1,75740
2024-05-10,FAMILY,남성,긴바지,2,2,2,183930
2024-05-10,FAMILY,남성,라운드티,1,1,1,55620
2024-05-10,FAMILY,남성,햇,1,1,1,25920
2024-05-10,FAMILY,여성,남성,1,1,1,19150
2024-05-10,FAMILY,자켓/ 베스트,햇,1,1,1,25920
2024-05-11,FAMILY,긴바지,남성,2,2,2,223500
2024-05-11,FAMILY,남성,여성,1,1,1,149000
2024-05-11,FAMILY,남성,트레일러닝,1,1,1,109000
2024-05-11,FAMILY,남성,반바지,1,1,1,21070
2024-05-11,FAMILY,라운드티,자켓/ 베스트,1,1,1,89500
2024-05-11,FAMILY,맨투맨/후드티,남성,1,1,1,99500
2024-05-11,FAMILY,바람막이,자켓/ 베스트,1,1,1,89500
2024-05-11,GOLD,남성,셋업,1,1,1,85350
2024-05-11,SILVER,남성,남성,1,1,1,39500
2024-05-11,SILVER,바람막이,남성,1,1,1,39500
2024-05-12,FAMILY,긴바지,자켓/ 베스트,1,1,1,155240
2024-05-12,FAMILY,남성,등산화,1,1,1,84500
2024-05-12,FAMILY,남성,남성,2,2,2,78020
2024-05-12,FAMILY,라운드티,남성,2,2,2,157760
2024-05-12,FAMILY,라운드티,등산화,1,1,1,84500
2024-05-12,FAMILY,라운드티,셋업,1,1,1,84500
2024-05-12,FAMILY,라운드티,긴바지,1,1,1,59500
2024-05-12,FAMILY,맨투맨/후드티,셋업,1,1,1,84500
2024-05-12,FAMILY,맨투맨/후드티,긴바지,1,1,1,59500
2024-05-12,FAMILY,바람막이,남성,2,2,2,134480
2024-05-12,FAMILY,상의,남성,1,1,1,109500
2024-05-12,FAMILY,자켓/ 베스트,자켓/ 베스트,1,1,1,175200
2024-05-12,FAMILY,햇,햇,1,1,1,42110
2024-05-13,FAMILY,남성,상의,1,1,1,61440
2024-05-13,FAMILY,남성,남성,1,1,1,55200
2024-05-14,FAMILY,긴바지,긴바지,1,1,1,71200
2024-05-14,FAMILY,남성,남성,2,2,2,155500
2024-05-14,FAMILY,남성,스니커즈,1,1,1,68710
2024-05-14,FAMILY,남성,긴바지,1,1,1,59500
2024-05-14,FAMILY,상의,셋업,1,1,1,71200
2024-05-14,FAMILY,하이킹,남성,1,1,1,132970
2024-05-14,SILVER,남성,남성,1,1,2,64000
2024-05-14,SILVER,남성,바람막이,1,1,1,49500
2024-05-14,SILVER,남성,반바지,1,1,1,39500
2024-05-14,SILVER,남성,UNKNOWN,1,1,1,34500
2024-05-15,FAMILY,긴바지,남성,1,1,1,68650
2024-05-15,FAMILY,남성,남성,3,3,3,242950
2024-05-15,FAMILY,라운드티,남성,1,1,1,76300
2024-05-15,FAMILY,반바지,라운드티,1,1,1,69000
2024-05-15,TITANIUM,남성,남성,1,1,1,27200
2024-05-15,TITANIUM,바람막이,남성,1,1,1,27200
2024-05-16,FAMILY,남성,남성,1,1,1,59000
2024-05-16,FAMILY,라운드티,긴바지,1,1,1,59500
2024-05-16,FAMILY,자켓/ 베스트,남성,1,1,1,45990
2024-05-16,FAMILY,하이킹,남성,1,1,1,149000
2024-05-17,FAMILY,UNKNOWN,라운드티,1,1,1,87540
2024-05-17,FAMILY,UNKNOWN,남성,1,1,2,76720
2024-05-17,FAMILY,UNKNOWN,UNKNOWN,1,1,1,69000
2024-05-17,FAMILY,남성,남성,2,2,3,86110
2024-05-17,SILVER,셋업,남성,1,1,1,39000
2024-05-17,SILVER,셔츠,남성,1,1,1,39000
2024-05-18,FAMILY,긴바지,남성,1,1,2,40000
2024-05-18,FAMILY,남성,남성,1,1,1,76130
2024-05-18,FAMILY,남성,긴바지,1,1,1,60860
2024-05-18,FAMILY,반바지,남성,1,1,1,76130
2024-05-18,FAMILY,방수자켓,긴바지,1,1,1,60860
2024-05-18,FAMILY,햇,남성,2,2,2,125130
2024-05-18,SILVER,남성,남성,1,1,2,88000
2024-05-19,FAMILY,UNKNOWN,긴바지,1,1,1,139000
2024-05-19,FAMILY,UNKNOWN,남성,1,1,1,79000
2024-05-19,FAMILY,UNKNOWN,라운드티,1,1,1,30380
2024-05-19,FAMILY,가방,햇,1,1,1,40570
2024-05-19,FAMILY,남성,남성,1,1,1,39000
2024-05-19,FAMILY,남성,라운드티,1,1,1,30380
2024-05-19,FAMILY,라운드티,긴바지,2,2,3,253000
2024-05-19,FAMILY,라운드티,남성,2,2,3,235780
2024-05-19,FAMILY,라운드티,UNKNOWN,1,1,1,175590
2024-05-19,FAMILY,라운드티,반바지,2,2,2,88500
2024-05-19,FAMILY,라운드티,라운드티,1,1,1,87310
2024-05-19,FAMILY,라운드티,셔츠,1,1,1,44500
2024-05-19,FAMILY,반바지,라운드티,1,1,1,30380
2024-05-20,FAMILY,남성,남성,2,2,8,171360
2024-05-20,FAMILY,남성,바람막이,1,1,1,149350
2024-05-20,FAMILY,남성,긴바지,1,1,1,111200
2024-05-20,FAMILY,남성,햇,1,1,1,19500
2024-05-20,FAMILY,라운드티,남성,1,1,1,34500
2024-05-21,FAMILY,남성,라운드티,2,2,2,98500
2024-05-21,FAMILY,남성,긴바지,1,1,1,87200
2024-05-21,FAMILY,남성,남성,1,1,2,10000
2024-05-21,FAMILY,라운드티,남성,2,2,3,131440
2024-05-21,FAMILY,라운드티,라운드티,2,2,2,98500
2024-05-21,FAMILY,반바지,남성,1,1,1,121440
2024-05-21,FAMILY,셋업,트레일러닝,1,1,1,104100
2024-05-21,SILVER,UNKNOWN,남성,1,1,1,39000
2024-05-22,FAMILY,남성,남성,4,4,4,215500
2024-05-22,FAMILY,남성,긴바지,1,1,1,54500
2024-05-22,FAMILY,남성,UNKNOWN,1,1,1,54080
2024-05-22,FAMILY,남성,반바지,1,1,1,39500
2024-05-22,FAMILY,라운드티,긴바지,1,1,1,99360
2024-05-22,FAMILY,라운드티,남성,1,1,1,30000
2024-05-22,FAMILY,바람막이,UNKNOWN,1,1,1,54080
2024-05-22,FAMILY,반바지,UNKNOWN,1,1,1,54080
2024-05-22,FAMILY,여성,UNKNOWN,1,1,1,54080
2024-05-23,FAMILY,긴바지,남성,1,1,1,54210
2024-05-23,FAMILY,긴바지,장갑,1,1,1,24450
2024-05-23,FAMILY,남성,남성,3,3,5,326420
2024-05-23,FAMILY,남성,라운드티,2,2,2,74000
2024-05-23,FAMILY,남성,긴바지,1,1,1,61200
2024-05-23,FAMILY,라운드티,남성,2,2,4,278000
2024-05-23,FAMILY,라운드티,라운드티,1,1,1,39500
2024-05-23,FAMILY,바람막이,남성,1,1,1,34500
2024-05-23,FAMILY,여성,남성,1,1,2,189000
2024-05-23,FAMILY,하이킹,장갑,1,1,1,24450
2024-05-23,SILVER,라운드티,남성,1,1,1,46320
2024-05-24,FAMILY,가방,남성,1,1,2,68200
2024-05-24,FAMILY,긴바지,남성,1,1,1,51410
2024-05-24,FAMILY,남성,라운드티,3,3,5,256040
2024-05-24,FAMILY,남성,가방,1,1,1,114540
2024-05-24,FAMILY,남성,상의,1,1,1,90860
2024-05-24,FAMILY,남성,남성,1,1,1,51410
2024-05-24,FAMILY,라운드티,라운드티,1,1,3,149840
2024-05-24,FAMILY,라운드티,남성,1,1,1,51410
2024-05-24,FAMILY,자켓/ 베스트,긴바지,1,1,1,66340
2024-05-24,FAMILY,트레일러닝,하이킹,1,1,1,130300
2024-05-24,FAMILY,하이킹,상의,1,1,1,90860
2024-05-25,FAMILY,남성,상의,1,1,1,76840
2024-05-25,FAMILY,남성,UNKNOWN,1,1,1,59650
2024-05-25,FAMILY,남성,남성,1,1,1,39500
2024-05-25,SILVER,남성,스니커즈,1,1,1,133880
2024-05-26,FAMILY,남성,남성,2,2,5,134080
2024-05-26,FAMILY,남성,가방,1,1,1,62300
2024-05-26,FAMILY,남성,상의,1,1,1,61340
2024-05-26,FAMILY,남성,라운드티,1,1,1,56530
2024-05-26,FAMILY,라운드티,라운드티,1,1,1,63550
2024-05-26,FAMILY,바람막이,남성,1,1,1,59000
2024-05-27,FAMILY,남성,남성,3,3,5,304730
2024-05-27,FAMILY,남성,라운드티,1,1,1,59000
2024-05-27,FAMILY,상의,남성,1,1,2,78530
2024-05-27,FAMILY,셔츠,여성,1,1,1,149000
2024-05-27,FAMILY,자켓/ 베스트,남성,1,1,2,78530
2024-05-27,FAMILY,트레일러닝,남성,1,1,1,39000
2024-05-27,GOLD,긴바지,셋업,1,1,1,137820
2024-05-27,GOLD,긴바지,남성,1,1,1,103730
2024-05-27,GOLD,상의,셋업,1,1,1,137820
2024-05-27,GOLD,상의,남성,1,1,1,103730
2024-05-28,FAMILY,가방,자켓/ 베스트,1,1,1,144640
2024-05-28,FAMILY,긴바지,자켓/ 베스트,1,1,1,169340
2024-05-28,FAMILY,남성,자켓/ 베스트,2,2,2,313980
2024-05-28,FAMILY,남성,라운드티,2,2,2,142810
2024-05-28,FAMILY,남성,UNKNOWN,1,1,1,64970
2024-05-28,FAMILY,라운드티,남성,1,1,7,200000
2024-05-28,FAMILY,라운드티,라운드티,1,1,2,118000
2024-05-28,FAMILY,여성,라운드티,1,1,1,59000
2024-05-28,FAMILY,자켓/ 베스트,남성,1,1,2,192770
2024-05-28,FAMILY,캡,라운드티,1,1,1,59000
2024-05-28,SILVER,UNKNOWN,긴바지,1,1,3,466770
2024-05-28,SILVER,가방,긴바지,1,1,3,466770
2024-05-28,SILVER,긴바지,긴바지,1,1,3,466770
2024-05-28,SILVER,남성,긴바지,1,1,3,466770
2024-05-28,SILVER,햇,자켓/ 베스트,1,1,1,123380
2024-05-28,SILVER,햇,셋업,1,1,1,70190
2024-05-28,SILVER,햇,남성,1,1,1,9430
2024-05-29,FAMILY,가방,남성,1,1,2,53190
2024-05-29,FAMILY,긴바지,바람막이,1,1,1,110270
2024-05-29,FAMILY,긴바지,남성,1,1,2,53190
2024-05-29,FAMILY,남성,남성,2,2,2,172170
2024-05-29,FAMILY,상의,남성,1,1,2,53190
2024-05-29,FAMILY,카고/조거,남성,1,1,2,53190
2024-05-29,SILVER,셋업,반바지,1,1,1,17500
2024-05-30,FAMILY,긴바지,긴바지,1,1,1,67660
2024-05-30,FAMILY,남성,남성,3,3,3,222650
2024-05-30,FAMILY,남성,바람막이,1,1,1,150650
2024-05-30,FAMILY,남성,등산화,1,1,1,103200
2024-05-30,FAMILY,남성,긴바지,1,1,1,67870
2024-05-30,FAMILY,남성,라운드티,1,1,1,50560
2024-05-30,FAMILY,라운드티,바람막이,1,1,1,150650
2024-05-30,FAMILY,라운드티,남성,1,1,1,35350
2024-05-30,FAMILY,여성,UNKNOWN,1,1,1,167030
2024-05-30,FAMILY,트레일러닝,등산화,1,1,1,103200
2024-05-30,SILVER,셋업,남성,1,1,1,74840
2024-05-30,SILVER,셋업,라운드티,1,1,1,74830
2024-05-30,SILVER,셋업,긴바지,1,1,1,59870
2024-05-30,SILVER,셋업,액세서리,1,1,2,12620
2024-05-30,SILVER,자켓/ 베스트,남성,1,1,1,74840
2024-05-30,SILVER,자켓/ 베스트,라운드티,1,1,1,74830
2024-05-30,SILVER,자켓/ 베스트,긴바지,1,1,1,59870
2024-05-30,SILVER,자켓/ 베스트,액세서리,1,1,2,12620
2024-05-31,FAMILY,긴바지,라운드티,1,1,2,51460
2024-05-31,FAMILY,남성,라운드티,1,1,2,51460
2024-05-31,FAMILY,남성,남성,1,1,1,37350
2024-05-31,FAMILY,라운드티,남성,2,2,2,283000
2024-05-31,FAMILY,라운드티,라운드티,1,1,2,51460
2024-05-31,FAMILY,폴로티/집업,남성,1,1,1,94000
2024-06-01,FAMILY,긴바지,긴바지,1,1,2,128160
2024-06-01,FAMILY,남성,남성,2,2,3,309590
2024-06-01,FAMILY,남성,긴바지,1,1,2,128160
2024-06-01,FAMILY,반바지,햇,1,1,1,36650
2024-06-01,FAMILY,셋업,남성,1,1,2,270090
2024-06-01,FAMILY,햇,햇,1,1,1,36650
2024-06-02,FAMILY,남성,남성,2,2,4,62220
2024-06-02,FAMILY,라운드티,라운드티,2,2,2,96150
2024-06-02,FAMILY,하이킹,UNKNOWN,1,1,1,83720
2024-06-02,SILVER,긴바지,남성,1,1,2,178140
2024-06-02,SILVER,남성,남성,1,1,2,178140
2024-06-03,FAMILY,긴바지,남성,1,1,3,153500
2024-06-03,FAMILY,남성,남성,4,4,7,545560
2024-06-03,FAMILY,남성,하이킹,1,1,1,153340
2024-06-03,FAMILY,라운드티,남성,2,2,5,308060
2024-06-04,FAMILY,남성,남성,1,1,1,37550
2024-06-04,FAMILY,라운드티,남성,1,1,1,36200
2024-06-04,FAMILY,여성,라운드티,1,1,1,65540
2024-06-04,FAMILY,하이킹,남성,1,1,2,60780
2024-06-04,SILVER,UNKNOWN,UNKNOWN,1,1,1,72700
2024-06-04,SILVER,남성,UNKNOWN,1,1,1,72700
2024-06-05,FAMILY,긴바지,긴바지,2,2,2,190670
2024-06-05,FAMILY,긴바지,맨투맨/후드티,1,1,1,89000
2024-06-05,FAMILY,긴바지,반바지,1,1,1,49000
2024-06-05,FAMILY,남성,여성,1,1,1,140130
2024-06-05,FAMILY,남성,라운드티,1,1,1,34300
2024-06-05,FAMILY,라운드티,여성,1,1,1,76600
2024-06-05,FAMILY,라운드티,긴바지,1,1,1,71470
2024-06-05,FAMILY,라운드티,라운드티,1,1,1,53380
2024-06-05,FAMILY,라운드티,남성,1,1,1,40020
2024-06-05,FAMILY,반바지,긴바지,1,1,1,71470
2024-06-06,FAMILY,UNKNOWN,남성,1,1,1,58920
2024-06-06,FAMILY,남성,남성,2,2,2,96170
2024-06-06,FAMILY,남성,바람막이,1,1,1,65840
2024-06-06,FAMILY,남성,여성,1,1,1,34500
2024-06-06,FAMILY,라운드티,여성,1,1,1,129860
2024-06-06,FAMILY,라운드티,라운드티,1,1,1,56670
2024-06-06,FAMILY,자켓/ 베스트,남성,1,1,1,37250
2024-06-06,FAMILY,자켓/ 베스트,햇,1,1,1,19500
2024-06-06,SILVER,트레일러닝,남성,1,1,1,37000
2024-06-07,FAMILY,긴바지,남성,1,1,2,195570
2024-06-07,FAMILY,긴바지,라운드티,2,2,3,114500
2024-06-07,FAMILY,긴바지,카고/조거,1,1,1,99240
2024-06-07,FAMILY,남성,남성,1,1,2,195570
2024-06-07,FAMILY,남성,라운드티,2,2,3,114500
2024-06-07,FAMILY,라운드티,긴바지,1,1,1,79200
2024-06-07,FAMILY,반바지,라운드티,1,1,2,85000
2024-06-07,FAMILY,셋업,라운드티,1,1,1,29500
2024-06-07,FAMILY,여성,라운드티,1,1,1,24500
2024-06-07,FAMILY,자켓/ 베스트,라운드티,1,1,1,24500
2024-06-07,FAMILY,하이킹,라운드티,1,1,1,17150
2024-06-07,SILVER,셋업,라운드티,1,1,1,38300
2024-06-07,SILVER,자켓/ 베스트,폴로티/집업,1,1,1,65810
2024-06-08,FAMILY,UNKNOWN,남성,1,1,1,69480
2024-06-08,FAMILY,긴바지,긴바지,1,1,1,88070
2024-06-08,FAMILY,남성,남성,4,4,7,250950
2024-06-08,FAMILY,남성,긴바지,2,2,2,237090
2024-06-08,FAMILY,남성,라운드티,1,1,3,205420
2024-06-08,FAMILY,남성,방수자켓,1,1,1,129000
2024-06-08,FAMILY,남성,셋업,1,1,1,110350
2024-06-08,FAMILY,등산화,남성,1,1,1,69480
2024-06-08,FAMILY,라운드티,방수자켓,1,1,1,129000
2024-06-08,FAMILY,라운드티,긴바지,1,1,1,119000
2024-06-08,FAMILY,라운드티,남성,1,1,1,49000
2024-06-08,FAMILY,바람막이,남성,1,1,1,60300
2024-06-08,FAMILY,셋업,방수자켓,1,1,1,129000
2024-06-08,FAMILY,셋업,긴바지,1,1,1,119000
2024-06-08,FAMILY,셋업,남성,2,2,2,88000
2024-06-08,FAMILY,자켓/ 베스트,라운드티,1,1,1,36320
2024-06-08,SILVER,긴바지,등산화,1,1,1,107970
2024-06-08,SILVER,긴바지,남성,1,1,1,107970
2024-06-08,SILVER,라운드티,등산화,1,1,1,107970
2024-06-08,SILVER,라운드티,남성,1,1,1,107970
2024-06-08,SILVER,라운드티,긴바지,1,1,1,87200
2024-06-09,FAMILY,긴바지,긴바지,2,2,2,132750
2024-06-09,FAMILY,남성,셋업,1,1,1,77000
2024-06-09,FAMILY,남성,남성,1,1,2,75340
2024-06-09,FAMILY,남성,반바지,1,1,2,49000
2024-06-09,FAMILY,남성,햇,1,1,1,22750
2024-06-09,FAMILY,라운드티,반바지,1,1,2,49000
2024-06-09,FAMILY,반바지,남성,1,1,1,6500
2024-06-09,FAMILY,자켓/ 베스트,남성,2,2,3,104840
2024-06-10,FAMILY,긴바지,긴바지,1,1,1,67850
2024-06-10,FAMILY,남성,남성,2,2,2,72200
2024-06-10,FAMILY,남성,맨투맨/후드티,1,1,1,54700
2024-06-10,FAMILY,남성,여성,1,1,1,34500
2024-06-10,FAMILY,라운드티,남성,2,2,2,169950
2024-06-10,FAMILY,라운드티,긴바지,1,1,1,169000
2024-06-10,FAMILY,라운드티,라운드티,1,1,1,57000
2024-06-10,FAMILY,바람막이,남성,1,1,1,79500
2024-06-10,FAMILY,반바지,남성,1,1,1,79500
2024-06-10,FAMILY,자켓/ 베스트,맨투맨/후드티,1,1,1,54700
2024-06-10,SILVER,상의,남성,1,1,3,83660
2024-06-10,SILVER,상의,반바지,1,1,1,75090
2024-06-11,FAMILY,긴바지,긴바지,1,1,1,113330
2024-06-11,FAMILY,긴바지,폴로티/집업,1,1,1,75230
2024-06-11,FAMILY,긴바지,반바지,1,1,1,46660
2024-06-11,FAMILY,남성,라운드티,3,3,5,211300
2024-06-11,FAMILY,남성,긴바지,1,1,1,113330
2024-06-11,FAMILY,남성,남성,3,3,3,103250
2024-06-11,FAMILY,남성,폴로티/집업,1,1,1,75230
2024-06-11,FAMILY,남성,반바지,1,1,1,46660
2024-06-11,FAMILY,여성,라운드티,1,1,2,69000
2024-06-11,FAMILY,캡,가방,1,1,1,60300
2024-06-12,FAMILY,긴바지,라운드티,2,2,2,94040
2024-06-12,FAMILY,남성,남성,3,3,3,179130
2024-06-12,FAMILY,남성,라운드티,2,2,2,82550
2024-06-12,FAMILY,남성,상의,1,1,1,69650
2024-06-12,FAMILY,남성,크로스/토트백,1,1,1,22250
2024-06-12,FAMILY,라운드티,긴바지,1,1,1,76850
2024-06-12,FAMILY,라운드티,남성,1,1,2,67550
2024-06-12,FAMILY,라운드티,라운드티,1,1,1,59740
2024-06-12,FAMILY,바람막이,남성,1,1,2,131630
2024-06-12,FAMILY,바람막이,라운드티,1,1,2,112540
2024-06-12,FAMILY,반바지,라운드티,1,1,1,49000
2024-06-12,FAMILY,캡,크로스/토트백,1,1,1,22250
2024-06-12,FAMILY,캡,남성,1,1,1,6090
2024-06-13,FAMILY,가방,햇,1,1,1,42010
2024-06-13,FAMILY,남성,남성,1,1,7,124420
2024-06-13,FAMILY,남성,라운드티,2,2,3,115680
2024-06-13,FAMILY,자켓/ 베스트,남성,1,1,1,129000
2024-06-13,FAMILY,자켓/ 베스트,긴바지,1,1,1,79200
2024-06-13,FAMILY,캡,남성,1,1,1,31200
2024-06-13,FAMILY,하이킹,캡,1,1,1,19210
2024-06-13,FAMILY,햇,햇,1,1,1,42010
2024-06-13,SILVER,남성,UNKNOWN,1,1,1,69000
2024-06-14,FAMILY,가방,긴바지,1,1,1,66580
2024-06-14,FAMILY,긴바지,남성,1,1,1,17380
2024-06-14,FAMILY,남성,남성,7,7,8,607340
2024-06-14,FAMILY,남성,긴바지,4,4,4,251130
2024-06-14,FAMILY,남성,UNKNOWN,2,2,2,178700
2024-06-14,FAMILY,남성,셋업,1,1,1,96080
2024-06-14,FAMILY,남성,라운드티,2,2,2,64510
2024-06-14,FAMILY,남성,카고/조거,1,1,1,64500
2024-06-14,FAMILY,라운드티,UNKNOWN,1,1,1,111300
2024-06-14,FAMILY,라운드티,남성,1,1,1,39000
2024-06-14,FAMILY,라운드티,라운드티,1,1,1,35520
2024-06-14,FAMILY,바람막이,라운드티,1,1,2,89960
2024-06-14,FAMILY,바람막이,카고/조거,1,1,1,64500
2024-06-14,FAMILY,바람막이,긴바지,1,1,1,59500
2024-06-14,FAMILY,상의,라운드티,1,1,2,89960
2024-06-14,FAMILY,셋업,셋업,1,1,2,110600
2024-06-14,SILVER,긴바지,반바지,1,1,1,30800
2024-06-14,SILVER,남성,바람막이,1,1,1,159000
2024-06-14,SILVER,남성,여성,1,1,1,149000
2024-06-14,SILVER,남성,라운드티,1,1,1,55300
2024-06-14,SILVER,라운드티,라운드티,2,2,4,176000
2024-06-14,SILVER,라운드티,바람막이,1,1,1,159000
2024-06-14,SILVER,라운드티,셋업,1,1,2,158400
2024-06-14,SILVER,라운드티,여성,1,1,1,149000
2024-06-14,SILVER,라운드티,반바지,2,2,2,70000
2024-06-14,SILVER,자켓/ 베스트,바람막이,1,1,1,159000
2024-06-14,SILVER,자켓/ 베스트,여성,1,1,1,149000
2024-06-14,SILVER,자켓/ 베스트,라운드티,1,1,1,55300
2024-06-15,FAMILY,긴바지,라운드티,1,1,3,116900
2024-06-15,FAMILY,긴바지,긴바지,1,1,1,57870
2024-06-15,FAMILY,남성,하이킹,1,1,1,160300
2024-06-15,FAMILY,남성,라운드티,1,1,1,48300
2024-06-15,FAMILY,등산화,여성,1,1,1,40120
2024-06-15,FAMILY,라운드티,라운드티,2,2,4,193200
2024-06-15,FAMILY,라운드티,남성,1,1,1,60300
2024-06-15,FAMILY,셋업,긴바지,1,1,1,34650
2024-06-15,FAMILY,액세서리,하이킹,1,1,1,160300
2024-06-15,FAMILY,액세서리,라운드티,1,1,1,48300
2024-06-15,SILVER,남성,라운드티,1,1,2,61070
2024-06-16,FAMILY,남성,남성,3,3,5,247500
2024-06-16,FAMILY,남성,긴바지,1,1,2,175500
2024-06-16,FAMILY,남성,자켓/ 베스트,1,1,1,132090
2024-06-16,FAMILY,남성,라운드티,2,2,3,120480
2024-06-16,FAMILY,남성,셋업,1,1,1,74810
2024-06-16,FAMILY,남성,여성,1,1,1,74500
2024-06-16,FAMILY,남성,반바지,1,1,2,64000
2024-06-16,FAMILY,남성,가방,1,1,1,45160
2024-06-16,FAMILY,라운드티,반바지,1,1,1,35100
2024-06-16,FAMILY,방수자켓,남성,1,1,1,55200
2024-06-16,FAMILY,셋업,긴바지,1,1,1,136660
2024-06-16,FAMILY,셋업,라운드티,1,1,2,81220
2024-06-16,FAMILY,셋업,남성,1,1,1,47000
2024-06-16,FAMILY,셔츠,남성,1,1,1,46700
2024-06-16,FAMILY,여성,여성,1,1,1,74500
2024-06-16,FAMILY,여성,반바지,1,1,2,64000
2024-06-16,FAMILY,여성,라운드티,1,1,2,59000
2024-06-16,FAMILY,여성,남성,1,1,1,24500
2024-06-17,FAMILY,UNKNOWN,남성,1,1,1,52380
2024-06-17,FAMILY,UNKNOWN,여성,1,1,1,45580
2024-06-17,FAMILY,UNKNOWN,라운드티,1,1,1,44550
2024-06-17,FAMILY,긴바지,남성,1,1,1,111140
2024-06-17,FAMILY,긴바지,여성,1,1,1,45580
2024-06-17,FAMILY,긴바지,라운드티,1,1,1,44550
2024-06-17,FAMILY,남성,남성,6,6,7,307790
2024-06-17,FAMILY,남성,라운드티,2,2,6,296890
2024-06-17,FAMILY,남성,긴바지,3,3,4,270040
2024-06-17,FAMILY,남성,셋업,2,2,2,201380
2024-06-17,FAMILY,남성,반바지,1,1,1,22300
2024-06-17,FAMILY,라운드티,남성,1,1,1,111140
2024-06-17,FAMILY,라운드티,셋업,1,1,1,56070
2024-06-17,FAMILY,라운드티,라운드티,1,1,1,48300
2024-06-17,FAMILY,반바지,남성,1,1,2,38000
2024-06-17,FAMILY,트레일러닝,라운드티,1,1,1,41300
2024-06-18,FAMILY,긴바지,남성,1,1,1,151200
2024-06-18,FAMILY,남성,남성,1,1,1,151200
2024-06-18,FAMILY,남성,UNKNOWN,1,1,1,69000
2024-06-18,FAMILY,남성,셋업,1,1,1,62300
2024-06-18,FAMILY,남성,긴바지,1,1,1,44390
2024-06-18,FAMILY,남성,라운드티,1,1,1,30870
2024-06-18,FAMILY,라운드티,남성,1,1,1,151200
2024-06-18,FAMILY,라운드티,라운드티,3,3,3,96730
2024-06-18,FAMILY,라운드티,셋업,1,1,1,53650
2024-06-18,FAMILY,반바지,셋업,1,1,1,53650
2024-06-18,FAMILY,반바지,라운드티,1,1,1,33760
2024-06-18,FAMILY,셋업,셋업,1,1,1,53650
2024-06-18,FAMILY,셋업,라운드티,1,1,1,33760
2024-06-18,FAMILY,자켓/ 베스트,라운드티,1,1,6,218070
2024-06-18,FAMILY,캡,남성,1,1,1,64080
2024-06-18,SILVER,바람막이,남성,1,1,1,48580
2024-06-19,FAMILY,긴바지,UNKNOWN,1,1,1,71200
2024-06-19,FAMILY,남성,남성,2,2,2,138200
2024-06-19,FAMILY,남성,UNKNOWN,1,1,1,71200
2024-06-19,FAMILY,남성,셋업,1,1,1,55300
2024-06-19,FAMILY,남성,가방,1,1,1,47690
2024-06-19,FAMILY,남성,라운드티,1,1,1,46410
2024-06-19,FAMILY,남성,반바지,1,1,1,38550
2024-06-19,FAMILY,라운드티,라운드티,2,2,2,83190
2024-06-19,FAMILY,라운드티,긴바지,1,1,1,67550
2024-06-19,FAMILY,셋업,UNKNOWN,1,1,1,71200
2024-06-19,FAMILY,여성,라운드티,1,1,1,46410
2024-06-19,FAMILY,여성,반바지,1,1,1,38550
2024-06-19,FAMILY,햇,남성,1,1,1,48300
2024-06-20,FAMILY,UNKNOWN,자켓/ 베스트,1,1,1,153300
2024-06-20,FAMILY,긴바지,트레일러닝,1,1,1,107500
2024-06-20,FAMILY,남성,남성,7,7,9,421810
2024-06-20,FAMILY,남성,자켓/ 베스트,2,2,2,306600
2024-06-20,FAMILY,남성,트레일러닝,1,1,1,107500
2024-06-20,FAMILY,남성,셋업,1,1,1,77280
2024-06-20,FAMILY,남성,반바지,1,1,2,76480
2024-06-20,FAMILY,남성,가방,1,1,1,62300
2024-06-20,FAMILY,남성,라운드티,1,1,1,38240
2024-06-20,FAMILY,등산화,남성,1,1,1,59030
2024-06-20,FAMILY,라운드티,트레일러닝,1,1,1,107500
2024-06-20,FAMILY,라운드티,가방,1,1,1,62300
2024-06-20,FAMILY,라운드티,셋업,1,1,1,57610
2024-06-20,FAMILY,라운드티,라운드티,1,1,1,38190
2024-06-20,FAMILY,맨투맨/후드티,셋업,1,1,1,57610
2024-06-20,FAMILY,맨투맨/후드티,라운드티,1,1,1,38190
2024-06-20,FAMILY,셔츠,자켓/ 베스트,1,1,1,125770
2024-06-21,FAMILY,UNKNOWN,라운드티,1,1,1,47200
2024-06-21,FAMILY,긴바지,긴바지,1,1,1,69300
2024-06-21,FAMILY,긴바지,남성,1,1,1,63200
2024-06-21,FAMILY,남성,긴바지,1,1,2,269220
2024-06-21,FAMILY,남성,남성,2,2,4,267540
2024-06-21,FAMILY,남성,라운드티,2,2,4,185530
2024-06-21,FAMILY,남성,여성,2,2,2,110990
2024-06-21,FAMILY,라운드티,라운드티,1,1,1,47200
2024-06-21,FAMILY,라운드티,여성,1,1,1,31490
2024-06-21,FAMILY,셋업,셋업,1,1,1,54990
2024-06-21,FAMILY,자켓/ 베스트,여성,1,1,1,31490
2024-06-21,SILVER,라운드티,여성,1,1,1,79600
2024-06-21,SILVER,라운드티,남성,1,1,1,39200
2024-06-22,FAMILY,긴바지,남성,1,1,1,162490
2024-06-22,FAMILY,긴바지,긴바지,1,1,1,86090
2024-06-22,FAMILY,남성,남성,4,4,6,508010
2024-06-22,FAMILY,남성,여성,1,1,2,191300
2024-06-22,FAMILY,남성,자켓/ 베스트,1,1,1,146230
2024-06-22,FAMILY,남성,긴바지,1,1,1,79460
2024-06-22,FAMILY,등산화,트레일러닝,1,1,1,90590
2024-06-22,FAMILY,라운드티,남성,2,2,2,218500
2024-06-22,FAMILY,라운드티,자켓/ 베스트,1,1,1,146230
2024-06-22,FAMILY,라운드티,긴바지,1,1,1,79460
2024-06-22,FAMILY,라운드티,라운드티,1,1,1,50200
2024-06-22,FAMILY,반바지,여성,1,1,1,48300
2024-06-22,FAMILY,상의,남성,1,1,1,61200
2024-06-22,FAMILY,상의,라운드티,1,1,1,55640
2024-06-22,FAMILY,자켓/ 베스트,남성,1,1,1,59060
2024-06-22,SILVER,라운드티,라운드티,1,1,2,70700
2024-06-23,FAMILY,긴바지,긴바지,1,1,1,90300
2024-06-23,FAMILY,긴바지,셋업,1,1,1,80200
2024-06-23,FAMILY,남성,가방,1,1,1,57520
2024-06-23,FAMILY,남성,남성,1,1,1,37420
2024-06-23,FAMILY,등산화,남성,1,1,2,10000
2024-06-23,FAMILY,라운드티,라운드티,2,2,3,145500
2024-06-23,FAMILY,라운드티,긴바지,2,2,2,144800
2024-06-23,FAMILY,라운드티,남성,1,1,2,74000
2024-06-23,FAMILY,셋업,남성,2,2,3,126240
2024-06-23,FAMILY,셋업,긴바지,1,1,1,54500
2024-06-23,FAMILY,셋업,라운드티,1,1,1,29500
2024-06-23,SILVER,남성,라운드티,1,1,3,157730
2024-06-23,SILVER,남성,남성,1,1,1,66010
2024-06-24,FAMILY,긴바지,남성,2,2,3,384230
2024-06-24,FAMILY,긴바지,긴바지,2,2,2,207980
2024-06-24,FAMILY,남성,남성,3,3,3,365840
2024-06-24,FAMILY,남성,셔츠,1,1,1,69350
2024-06-24,FAMILY,남성,라운드티,1,1,1,65440
2024-06-24,FAMILY,남성,캡,1,1,2,42800
2024-06-24,FAMILY,라운드티,남성,1,1,2,165230
2024-06-24,FAMILY,라운드티,라운드티,2,2,2,91050
2024-06-24,FAMILY,라운드티,긴바지,1,1,1,75670
2024-06-24,FAMILY,라운드티,반바지,1,1,1,39200
2024-06-24,FAMILY,바람막이,긴바지,1,1,1,76300
2024-06-24,FAMILY,바람막이,라운드티,1,1,1,34300
2024-06-24,FAMILY,상의,여성,1,1,1,44220
2024-06-24,FAMILY,여성,라운드티,1,1,1,55200
2024-06-24,FAMILY,여성,반바지,1,1,1,39200
2024-06-24,FAMILY,자켓/ 베스트,반바지,1,1,1,39100
2024-06-24,FAMILY,트레일러닝,라운드티,1,1,1,55200
2024-06-24,FAMILY,트레일러닝,반바지,1,1,1,39200
2024-06-25,FAMILY,긴바지,남성,1,1,1,99000
2024-06-25,FAMILY,긴바지,라운드티,1,1,1,39200
2024-06-25,FAMILY,긴바지,반바지,1,1,1,39200
2024-06-25,FAMILY,남성,UNKNOWN,1,1,1,101300
2024-06-25,FAMILY,남성,남성,1,1,1,69420
2024-06-25,FAMILY,남성,반바지,1,1,1,37510
2024-06-25,FAMILY,라운드티,남성,2,2,2,258000
2024-06-25,FAMILY,라운드티,라운드티,2,2,2,83850
2024-06-25,FAMILY,라운드티,반바지,1,1,1,39200
2024-06-25,FAMILY,맨투맨/후드티,남성,1,1,1,125180
2024-06-25,FAMILY,반바지,남성,1,1,1,125180
2024-06-25,FAMILY,셋업,남성,1,1,1,69420
2024-06-25,FAMILY,여성,가방,1,1,1,89350
2024-06-25,FAMILY,캡,반바지,1,1,1,39200
2024-06-25,FAMILY,하이킹,남성,1,1,1,99000
2024-06-25,FAMILY,하이킹,라운드티,1,1,1,39200
2024-06-25,FAMILY,하이킹,반바지,1,1,1,39200
2024-06-25,SILVER,긴바지,남성,1,1,2,104000
2024-06-25,SILVER,긴바지,긴바지,1,1,1,69500
2024-06-25,SILVER,긴바지,라운드티,1,1,1,34500
2024-06-25,SILVER,남성,남성,1,1,2,104000
2024-06-25,SILVER,남성,긴바지,1,1,1,69500
2024-06-25,SILVER,남성,라운드티,1,1,1,34500
2024-06-25,SILVER,셔츠,남성,1,1,2,104000
2024-06-25,SILVER,셔츠,긴바지,1,1,1,69500
2024-06-25,SILVER,셔츠,라운드티,1,1,1,34500
2024-06-26,FAMILY,긴바지,긴바지,1,1,1,69300
2024-06-26,FAMILY,긴바지,남성,1,1,1,59500
2024-06-26,FAMILY,남성,여성,1,1,1,111970
2024-06-26,FAMILY,남성,남성,2,2,2,91120
2024-06-26,FAMILY,남성,긴바지,1,1,1,81000
2024-06-26,FAMILY,남성,UNKNOWN,1,1,2,69000
2024-06-26,FAMILY,남성,반바지,1,1,1,27100
2024-06-26,FAMILY,라운드티,라운드티,3,3,5,223950
2024-06-26,FAMILY,라운드티,반바지,1,1,2,78400
2024-06-26,FAMILY,라운드티,UNKNOWN,1,1,2,69000
2024-06-26,FAMILY,반바지,라운드티,1,1,3,149600
2024-06-26,FAMILY,반바지,반바지,1,1,2,78400
2024-06-26,FAMILY,셋업,바람막이,1,1,1,142330
2024-06-26,FAMILY,셋업,남성,1,1,1,59500
2024-06-26,FAMILY,셋업,라운드티,1,1,1,34710
2024-06-26,FAMILY,셋업,반바지,1,1,1,21940
2024-06-26,GOLD,셋업,긴바지,1,1,1,62300
2024-06-27,FAMILY,가방,라운드티,1,1,1,28600
2024-06-27,FAMILY,긴바지,남성,1,1,1,56570
2024-06-27,FAMILY,남성,남성,5,5,11,423400
2024-06-27,FAMILY,라운드티,라운드티,2,2,2,94090
2024-06-27,FAMILY,라운드티,남성,2,2,2,67450
2024-06-27,FAMILY,라운드티,반바지,1,1,1,42800
2024-06-28,FAMILY,긴바지,긴바지,2,2,2,155860
2024-06-28,FAMILY,긴바지,셋업,1,1,1,81320
2024-06-28,FAMILY,긴바지,남성,1,1,1,44150
2024-06-28,FAMILY,남성,남성,5,5,5,336820
2024-06-28,FAMILY,남성,긴바지,2,2,2,153570
2024-06-28,FAMILY,남성,라운드티,2,2,2,96910
2024-06-28,FAMILY,셋업,라운드티,1,1,1,69000
2024-06-28,FAMILY,여성,여성,1,1,1,55270
2024-06-28,SILVER,긴바지,긴바지,1,1,1,92800
2024-06-28,SILVER,긴바지,라운드티,1,1,1,54200
2024-06-28,SILVER,남성,긴바지,1,1,1,92800
2024-06-28,SILVER,남성,라운드티,1,1,1,54200
2024-06-28,SILVER,자켓/ 베스트,긴바지,1,1,1,92800
2024-06-28,SILVER,자켓/ 베스트,라운드티,1,1,1,54200
2024-06-29,FAMILY,남성,남성,2,2,2,93390
2024-06-29,FAMILY,라운드티,자켓/ 베스트,1,1,1,150260
2024-06-29,FAMILY,라운드티,맨투맨/후드티,1,1,1,61070
2024-06-29,FAMILY,라운드티,남성,1,1,1,46290
2024-06-29,FAMILY,셋업,긴바지,1,1,1,90540
2024-06-29,FAMILY,트레일러닝,남성,1,1,1,161100
2024-06-29,SILVER,남성,긴바지,1,1,1,72140
2024-06-30,FAMILY,긴바지,남성,1,1,1,58200
2024-06-30,FAMILY,긴바지,가방,1,1,1,51530
2024-06-30,FAMILY,긴바지,라운드티,1,1,1,47360
2024-06-30,FAMILY,긴바지,반바지,1,1,1,36580
2024-06-30,FAMILY,남성,셋업,1,1,1,255500
2024-06-30,FAMILY,남성,남성,2,2,2,197200
2024-06-30,FAMILY,남성,자켓/ 베스트,1,1,1,147000
2024-06-30,FAMILY,라운드티,남성,1,1,1,58200
2024-06-30,FAMILY,반바지,자켓/ 베스트,1,1,1,147000
2024-06-30,FAMILY,하이킹,라운드티,1,1,1,32320
2024-07-01,FAMILY,남성,남성,4,4,4,212150
2024-07-01,FAMILY,남성,하이킹,1,1,1,123090
2024-07-01,FAMILY,라운드티,남성,1,1,1,62630
2024-07-01,FAMILY,라운드티,라운드티,1,1,1,35370
2024-07-01,FAMILY,반바지,UNKNOWN,1,1,1,38220
2024-07-01,FAMILY,반바지,라운드티,1,1,1,38220
2024-07-01,FAMILY,상의,셋업,1,1,2,101810
2024-07-01,FAMILY,셋업,셋업,1,1,2,101810
2024-07-01,FAMILY,자켓/ 베스트,남성,1,1,1,41100
2024-07-01,SILVER,반바지,긴바지,1,1,1,62370
2024-07-02,FAMILY,가방,라운드티,1,1,1,33920
2024-07-02,FAMILY,긴바지,가방,1,1,1,104300
2024-07-02,FAMILY,남성,남성,3,3,3,230400
2024-07-02,FAMILY,라운드티,가방,1,1,1,104300
2024-07-02,FAMILY,반바지,반바지,1,1,1,50380
2024-07-02,FAMILY,셋업,셋업,1,1,1,49200
2024-07-02,FAMILY,자켓/ 베스트,자켓/ 베스트,1,1,1,149300
2024-07-02,SILVER,남성,남성,2,2,2,264230
2024-07-02,SILVER,자켓/ 베스트,긴바지,1,1,1,40830
2024-07-02,SILVER,자켓/ 베스트,남성,1,1,1,38660
2024-07-03,FAMILY,남성,여성,1,1,1,146300
2024-07-03,FAMILY,남성,하이킹,1,1,1,132300
2024-07-03,FAMILY,남성,셋업,1,1,1,131660
2024-07-03,FAMILY,남성,라운드티,1,1,1,39200
2024-07-03,FAMILY,등산화,라운드티,1,1,1,77730
2024-07-03,FAMILY,라운드티,등산화,1,1,1,109500
2024-07-03,FAMILY,라운드티,남성,1,1,2,39000
2024-07-03,FAMILY,스니커즈,셋업,1,1,1,36300
2024-07-03,FAMILY,여성,여성,1,1,1,146300
2024-07-04,FAMILY,남성,긴바지,2,2,2,148120
2024-07-04,FAMILY,남성,남성,1,1,1,43670
2024-07-04,FAMILY,라운드티,긴바지,1,1,1,62650
2024-07-04,FAMILY,라운드티,남성,1,1,1,43670
2024-07-04,FAMILY,셋업,긴바지,1,1,1,62650
2024-07-04,FAMILY,셋업,남성,1,1,1,43670
2024-07-04,FAMILY,캡,남성,1,1,1,37300
2024-07-04,GOLD,남성,남성,1,1,1,48300
2024-07-04,GOLD,여성,남성,1,1,1,48300
2024-07-05,FAMILY,긴바지,긴바지,1,1,1,118300
2024-07-05,FAMILY,긴바지,반바지,1,1,1,30000
2024-07-05,FAMILY,남성,남성,1,1,1,39000
2024-07-05,FAMILY,라운드티,라운드티,3,3,4,166550
2024-07-05,FAMILY,라운드티,여성,1,1,2,135270
2024-07-05,FAMILY,라운드티,남성,1,1,1,52170
2024-07-05,FAMILY,라운드티,셋업,1,1,1,45650
2024-07-05,FAMILY,라운드티,크로스/토트백,1,1,1,26300
2024-07-05,FAMILY,바람막이,남성,1,1,1,74500
2024-07-05,FAMILY,바람막이,라운드티,1,1,1,47200
2024-07-05,FAMILY,반바지,반바지,1,1,1,30000
2024-07-05,FAMILY,셋업,남성,1,1,1,45720
2024-07-05,FAMILY,셋업,반바지,1,1,1,27110
2024-07-05,FAMILY,여성,남성,1,1,1,48300
2024-07-05,FAMILY,캡,라운드티,1,1,1,39500
2024-07-05,FAMILY,캡,크로스/토트백,1,1,1,26300
2024-07-05,FAMILY,트레일러닝,라운드티,1,1,1,39500
2024-07-05,FAMILY,트레일러닝,크로스/토트백,1,1,1,26300
2024-07-06,FAMILY,남성,남성,5,5,5,413800
2024-07-06,FAMILY,남성,셔츠,1,1,1,69200
2024-07-06,FAMILY,라운드티,남성,1,1,1,113300
2024-07-06,FAMILY,라운드티,라운드티,2,2,2,74190
2024-07-06,FAMILY,반바지,셔츠,1,1,1,69200
2024-07-06,FAMILY,반바지,라운드티,1,1,1,33280
2024-07-06,FAMILY,여성,반바지,1,1,1,47020
2024-07-06,FAMILY,하이킹,긴바지,1,1,1,75180
2024-07-06,FAMILY,하이킹,셋업,1,1,1,61380
2024-07-06,FAMILY,하이킹,라운드티,1,1,1,46510
2024-07-07,FAMILY,셔츠,반바지,1,1,1,58800
2024-07-08,FAMILY,UNKNOWN,UNKNOWN,1,1,1,66030
2024-07-08,FAMILY,남성,남성,4,4,6,294460
2024-07-08,FAMILY,남성,라운드티,2,2,2,65990
2024-07-08,FAMILY,라운드티,반바지,1,1,1,42200
2024-07-08,FAMILY,라운드티,라운드티,1,1,1,31440
2024-07-08,FAMILY,셋업,남성,1,1,1,94480
2024-07-08,FAMILY,여성,여성,1,1,1,141550
2024-07-08,FAMILY,트레일러닝,라운드티,1,1,1,23300
2024-07-08,SILVER,햇,남성,1,1,1,48300
2024-07-09,FAMILY,UNKNOWN,UNKNOWN,1,1,2,179000
2024-07-09,FAMILY,긴바지,긴바지,1,1,2,122880
2024-07-09,FAMILY,긴바지,라운드티,1,1,1,42170
2024-07-09,FAMILY,남성,UNKNOWN,1,1,2,179000
2024-07-09,FAMILY,남성,남성,1,1,1,68050
2024-07-09,FAMILY,라운드티,라운드티,2,2,3,106660
2024-07-09,FAMILY,셋업,남성,1,1,1,92000
2024-07-09,FAMILY,여성,여성,1,1,1,77600
2024-07-10,FAMILY,가방,남성,1,1,1,58780
2024-07-10,FAMILY,긴바지,긴바지,1,1,2,115540
2024-07-10,FAMILY,긴바지,라운드티,1,1,1,36350
2024-07-10,FAMILY,남성,남성,4,4,4,203530
2024-07-10,FAMILY,남성,긴바지,1,1,1,64210
2024-07-10,FAMILY,남성,UNKNOWN,1,1,1,48630
2024-07-10,FAMILY,남성,여성,1,1,1,42180
2024-07-10,FAMILY,등산화,긴바지,1,1,2,115540
2024-07-10,FAMILY,등산화,라운드티,1,1,1,36350
2024-07-10,FAMILY,반바지,긴바지,1,1,1,64210
2024-07-10,FAMILY,방수자켓,긴바지,1,1,1,63300
2024-07-10,FAMILY,상의,UNKNOWN,1,1,1,48630
2024-07-10,FAMILY,셋업,셋업,1,1,1,53060
2024-07-10,FAMILY,여성,반바지,1,1,1,67620
2024-07-10,FAMILY,자켓/ 베스트,자켓/ 베스트,1,1,1,209300
2024-07-10,FAMILY,폴로티/집업,라운드티,1,1,1,26200
2024-07-11,FAMILY,긴바지,UNKNOWN,1,1,1,55640
2024-07-11,FAMILY,남성,남성,4,4,4,240740
2024-07-11,FAMILY,남성,셋업,3,3,4,228420
2024-07-11,FAMILY,남성,긴바지,1,1,1,80040
2024-07-11,FAMILY,남성,라운드티,2,2,2,77800
2024-07-11,FAMILY,남성,가방,1,1,1,59300
2024-07-11,FAMILY,남성,반바지,1,1,1,24500
2024-07-11,FAMILY,등산화,남성,1,1,1,33150
2024-07-11,FAMILY,라운드티,셋업,1,1,2,69000
2024-07-11,FAMILY,라운드티,라운드티,1,1,1,29500
2024-07-11,FAMILY,라운드티,반바지,1,1,1,24500
2024-07-11,FAMILY,셋업,라운드티,1,1,1,64600
2024-07-11,FAMILY,하이킹,셋업,1,1,1,113670
2024-07-11,FAMILY,하이킹,남성,1,1,1,113570
2024-07-11,FAMILY,하이킹,긴바지,1,1,1,80040
2024-07-11,FAMILY,하이킹,UNKNOWN,1,1,1,55640
2024-07-11,SILVER,긴바지,긴바지,1,1,1,51390
2024-07-11,SILVER,반바지,긴바지,1,1,2,144480
2024-07-11,SILVER,반바지,라운드티,1,1,3,114920
2024-07-12,FAMILY,남성,셋업,2,2,2,188200
2024-07-12,FAMILY,남성,상의,1,1,1,66360
2024-07-12,FAMILY,남성,남성,1,1,1,46200
2024-07-12,FAMILY,라운드티,셋업,2,2,2,226920
2024-07-12,FAMILY,라운드티,긴바지,1,1,1,106470
2024-07-12,FAMILY,라운드티,상의,1,1,1,66360
2024-07-12,FAMILY,라운드티,라운드티,1,1,1,46540
2024-07-12,FAMILY,라운드티,햇,1,1,1,23110
2024-07-12,FAMILY,상의,셋업,1,1,1,129450
2024-07-12,FAMILY,상의,상의,1,1,1,66360
2024-07-12,FAMILY,셋업,남성,1,1,1,181710
2024-07-12,FAMILY,자켓/ 베스트,남성,1,1,1,30000
2024-07-12,SILVER,라운드티,라운드티,1,1,1,35410
2024-07-13,FAMILY,UNKNOWN,남성,1,1,1,36420
2024-07-13,FAMILY,긴바지,라운드티,1,1,2,119930
2024-07-13,FAMILY,긴바지,남성,1,1,2,93170
2024-07-13,FAMILY,남성,남성,4,4,6,314020
2024-07-13,FAMILY,남성,라운드티,1,1,2,119930
2024-07-13,FAMILY,상의,남성,1,1,1,48300
2024-07-13,SILVER,남성,남성,1,1,2,155240
2024-07-13,SILVER,남성,하이킹,1,1,1,81550
2024-07-13,SILVER,남성,햇,1,1,1,44710
2024-07-14,FAMILY,UNKNOWN,긴바지,1,1,1,62370
2024-07-14,FAMILY,UNKNOWN,라운드티,1,1,1,32900
2024-07-14,FAMILY,긴바지,긴바지,1,1,1,69300
2024-07-14,FAMILY,남성,남성,2,2,2,89430
2024-07-14,FAMILY,남성,라운드티,2,2,2,63100
2024-07-14,FAMILY,남성,긴바지,1,1,1,56110
2024-07-14,FAMILY,등산화,남성,2,2,3,65180
2024-07-14,FAMILY,라운드티,라운드티,4,4,4,187850
2024-07-14,FAMILY,라운드티,긴바지,1,1,1,56110
2024-07-14,FAMILY,상의,남성,1,1,2,83990
2024-07-14,FAMILY,상의,긴바지,1,1,1,46370
2024-07-14,FAMILY,셋업,셋업,1,1,1,61370
2024-07-14,FAMILY,여성,긴바지,1,1,1,62370
2024-07-14,FAMILY,하이킹,남성,1,1,1,104170
2024-07-14,SILVER,남성,라운드티,1,1,3,121400
2024-07-14,SILVER,남성,긴바지,1,1,1,66980
2024-07-14,SILVER,남성,반바지,1,1,1,61090
2024-07-15,FAMILY,긴바지,긴바지,2,2,2,225520
2024-07-15,FAMILY,긴바지,라운드티,1,1,1,69000
2024-07-15,FAMILY,남성,남성,3,3,3,227250
2024-07-15,FAMILY,남성,UNKNOWN,1,1,1,52720
2024-07-15,FAMILY,남성,반바지,1,1,1,48200
2024-07-15,FAMILY,라운드티,긴바지,1,1,1,139000
2024-07-15,FAMILY,라운드티,라운드티,1,1,1,69000
2024-07-15,FAMILY,하이킹,남성,1,1,1,69140
2024-07-15,SILVER,긴바지,긴바지,1,1,1,69300
2024-07-15,SILVER,긴바지,남성,1,1,1,14000
2024-07-16,FAMILY,남성,남성,3,3,3,108570
2024-07-16,FAMILY,남성,라운드티,1,1,1,54790
2024-07-16,FAMILY,남성,셋업,1,1,1,46300
2024-07-16,FAMILY,남성,여성,1,1,1,34550
2024-07-16,FAMILY,라운드티,라운드티,1,1,1,67650
2024-07-16,FAMILY,셋업,남성,1,1,1,59560
2024-07-16,FAMILY,자켓/ 베스트,긴바지,1,1,1,66000
2024-07-16,FAMILY,트레일러닝,남성,1,1,1,39200
2024-07-16,FAMILY,트레일러닝,라운드티,1,1,1,31300
2024-07-16,FAMILY,하이킹,긴바지,1,1,1,61300
2024-07-16,SILVER,긴바지,라운드티,1,1,2,64590
2024-07-16,SILVER,긴바지,UNKNOWN,1,1,1,54230
2024-07-16,SILVER,남성,라운드티,1,1,2,64590
2024-07-17,FAMILY,긴바지,긴바지,3,3,4,257730
2024-07-17,FAMILY,긴바지,남성,3,3,3,208880
2024-07-17,FAMILY,긴바지,라운드티,1,1,1,37200
2024-07-17,FAMILY,남성,긴바지,1,1,1,189000
2024-07-17,FAMILY,남성,남성,1,1,2,54550
2024-07-17,FAMILY,남성,셋업,1,1,1,50020
2024-07-17,FAMILY,라운드티,남성,1,1,1,10000
2024-07-17,FAMILY,반바지,가방,1,1,1,60540
2024-07-17,FAMILY,셋업,셋업,1,1,1,94740
2024-07-17,FAMILY,셋업,긴바지,1,1,1,65830
2024-07-17,FAMILY,셋업,남성,1,1,1,37050
2024-07-17,FAMILY,캡,남성,1,1,2,54550
2024-07-17,FAMILY,캡,셋업,1,1,1,50020
2024-07-18,FAMILY,UNKNOWN,남성,1,1,1,62100
2024-07-18,FAMILY,UNKNOWN,라운드티,1,1,1,35280
2024-07-18,FAMILY,가방,남성,2,2,2,110050
2024-07-18,FAMILY,긴바지,남성,2,2,2,155440
2024-07-18,FAMILY,긴바지,UNKNOWN,1,1,1,61800
2024-07-18,FAMILY,남성,남성,6,6,6,331200
2024-07-18,FAMILY,남성,라운드티,5,5,7,309220
2024-07-18,FAMILY,남성,긴바지,3,3,3,207510
2024-07-18,FAMILY,남성,여성,1,1,1,105750
2024-07-18,FAMILY,남성,바람막이,1,1,1,103690
2024-07-18,FAMILY,남성,방수자켓,1,1,1,76670
2024-07-18,FAMILY,남성,셋업,1,1,1,55300
2024-07-18,FAMILY,남성,상의,1,1,1,54600
2024-07-18,FAMILY,라운드티,긴바지,1,1,1,122930
2024-07-18,FAMILY,라운드티,라운드티,2,2,2,64400
2024-07-18,FAMILY,라운드티,남성,1,1,1,62100
2024-07-18,FAMILY,맨투맨/후드티,반바지,1,1,1,35280
2024-07-18,FAMILY,셋업,라운드티,1,1,1,45240
2024-07-18,FAMILY,여성,여성,2,2,2,196530
2024-07-18,FAMILY,여성,등산화,1,1,1,131570
2024-07-18,FAMILY,자켓/ 베스트,바람막이,1,1,1,135090
2024-07-18,FAMILY,햇,라운드티,1,1,1,60920
2024-07-19,FAMILY,긴바지,긴바지,1,1,1,95200
2024-07-19,FAMILY,긴바지,라운드티,1,1,1,69120
2024-07-19,FAMILY,남성,남성,3,3,4,171300
2024-07-19,FAMILY,남성,라운드티,2,2,2,107840
2024-07-19,FAMILY,남성,가방,1,1,1,50840
2024-07-19,FAMILY,남성,UNKNOWN,1,1,1,31630
2024-07-19,FAMILY,라운드티,라운드티,2,2,2,110430
2024-07-19,FAMILY,라운드티,긴바지,1,1,1,95200
2024-07-19,FAMILY,반바지,남성,1,1,1,27910
2024-07-19,FAMILY,셋업,셔츠,1,1,1,62110
2024-07-19,FAMILY,셋업,반바지,1,1,1,55140
2024-07-19,FAMILY,자켓/ 베스트,긴바지,1,1,1,58490
2024-07-20,FAMILY,UNKNOWN,남성,2,2,2,161420
2024-07-20,FAMILY,UNKNOWN,라운드티,1,1,1,31080
2024-07-20,FAMILY,긴바지,남성,1,1,1,114000
2024-07-20,FAMILY,긴바지,긴바지,1,1,1,62300
2024-07-20,FAMILY,남성,남성,3,3,3,284520
2024-07-20,FAMILY,남성,라운드티,2,2,2,89630
2024-07-20,FAMILY,남성,긴바지,1,1,1,76240
2024-07-20,FAMILY,남성,여성,1,1,1,39740
2024-07-20,FAMILY,등산화,셋업,1,1,1,83300
2024-07-20,FAMILY,등산화,라운드티,1,1,1,55300
2024-07-20,FAMILY,라운드티,남성,2,2,3,180670
2024-07-20,FAMILY,라운드티,라운드티,1,1,1,31080
2024-07-20,FAMILY,방수자켓,여성,1,1,1,104920
2024-07-20,FAMILY,셋업,남성,2,2,2,220900
2024-07-20,FAMILY,셋업,라운드티,1,1,1,31080
2024-07-20,FAMILY,셔츠,남성,1,1,1,116870
2024-07-20,FAMILY,셔츠,라운드티,1,1,1,31080
2024-07-20,FAMILY,여성,라운드티,1,1,2,72890
2024-07-20,FAMILY,여성,크로스/토트백,1,1,1,24750
2024-07-20,SILVER,남성,남성,1,1,2,122330
2024-07-20,SILVER,반바지,남성,1,1,2,122330
2024-07-20,SILVER,상의,남성,1,1,2,122330
2024-07-21,FAMILY,긴바지,긴바지,1,1,1,69300
2024-07-21,FAMILY,남성,남성,5,5,5,316740
2024-07-21,FAMILY,남성,바람막이,1,1,1,106470
2024-07-21,FAMILY,남성,긴바지,1,1,1,68670
2024-07-21,FAMILY,남성,라운드티,1,1,2,68600
2024-07-21,FAMILY,남성,반바지,1,1,1,28940
2024-07-21,FAMILY,라운드티,라운드티,1,1,3,114460
2024-07-21,FAMILY,라운드티,UNKNOWN,1,1,1,40030
2024-07-21,FAMILY,라운드티,남성,1,1,1,31500
2024-07-21,FAMILY,상의,남성,1,1,1,49640
2024-07-21,FAMILY,자켓/ 베스트,남성,1,1,3,73080
2024-07-21,FAMILY,캡,남성,1,1,1,23600
2024-07-21,FAMILY,하이킹,남성,1,1,2,56410
2024-07-21,SILVER,남성,남성,1,1,1,29760
2024-07-22,FAMILY,긴바지,라운드티,1,1,2,129880
2024-07-22,FAMILY,긴바지,남성,1,1,2,91050
2024-07-22,FAMILY,긴바지,긴바지,1,1,1,46350
2024-07-22,FAMILY,남성,라운드티,3,3,6,308020
2024-07-22,FAMILY,남성,남성,4,4,5,305980
2024-07-22,FAMILY,남성,셋업,1,1,1,78650
2024-07-22,FAMILY,남성,반바지,1,1,1,41300
2024-07-22,FAMILY,라운드티,라운드티,2,2,5,265720
2024-07-22,FAMILY,라운드티,남성,2,2,3,159860
2024-07-22,FAMILY,라운드티,셋업,1,1,1,78650
2024-07-22,FAMILY,라운드티,긴바지,1,1,1,51730
2024-07-22,FAMILY,라운드티,반바지,1,1,1,29260
2024-07-22,FAMILY,라운드티,크로스/토트백,1,1,1,27500
2024-07-22,FAMILY,맨투맨/후드티,라운드티,1,1,2,129880
2024-07-22,FAMILY,맨투맨/후드티,남성,1,1,2,91050
2024-07-22,FAMILY,반바지,남성,3,3,3,231750
2024-07-22,FAMILY,반바지,라운드티,1,1,3,135840
2024-07-22,FAMILY,반바지,셋업,1,1,1,78650
2024-07-22,FAMILY,셋업,하이킹,1,1,1,125560
2024-07-23,FAMILY,UNKNOWN,남성,1,1,1,50440
2024-07-23,FAMILY,긴바지,셋업,1,1,1,73400
2024-07-23,FAMILY,긴바지,남성,1,1,2,65200
2024-07-23,FAMILY,남성,남성,4,4,6,277100
2024-07-23,FAMILY,남성,셋업,1,1,1,73400
2024-07-23,FAMILY,남성,UNKNOWN,1,1,1,53440
2024-07-23,FAMILY,라운드티,셋업,1,1,1,73400
2024-07-23,FAMILY,라운드티,남성,1,1,2,65200
2024-07-23,FAMILY,라운드티,라운드티,1,1,1,38350
2024-07-23,FAMILY,여성,셋업,1,1,1,84350
2024-07-23,FAMILY,자켓/ 베스트,햇,1,1,1,29000
2024-07-23,FAMILY,햇,긴바지,1,1,1,66000
2024-07-23,FAMILY,햇,라운드티,1,1,1,44960
2024-07-23,SILVER,셋업,남성,1,1,1,22610
2024-07-24,FAMILY,UNKNOWN,남성,1,1,1,115090
2024-07-24,FAMILY,남성,라운드티,1,1,1,40250
2024-07-24,FAMILY,남성,남성,1,1,1,39200
2024-07-24,FAMILY,라운드티,남성,2,2,2,100400
2024-07-24,FAMILY,스니커즈,라운드티,1,1,1,86520
2024-07-24,FAMILY,트레일러닝,긴바지,1,1,1,69300
2024-07-24,GOLD,라운드티,라운드티,1,1,2,88780
2024-07-24,SILVER,남성,남성,1,1,3,166890
2024-07-25,FAMILY,긴바지,남성,1,1,2,158850
2024-07-25,FAMILY,긴바지,여성,1,1,1,109200
2024-07-25,FAMILY,긴바지,셋업,1,1,1,79840
2024-07-25,FAMILY,긴바지,긴바지,1,1,1,59430
2024-07-25,FAMILY,남성,라운드티,3,3,4,153990
2024-07-25,FAMILY,남성,여성,1,1,1,109200
2024-07-25,FAMILY,남성,셋업,1,1,2,79000
2024-07-25,FAMILY,남성,남성,2,2,2,72510
2024-07-25,FAMILY,남성,반바지,1,1,1,30790
2024-07-25,FAMILY,라운드티,셋업,1,1,1,47600
2024-07-25,FAMILY,라운드티,남성,1,1,1,34300
2024-07-25,FAMILY,라운드티,라운드티,1,1,1,33810
2024-07-25,FAMILY,방수자켓,남성,1,1,1,29000
2024-07-25,FAMILY,셋업,셋업,1,1,2,110600
2024-07-25,FAMILY,하이킹,남성,1,1,1,119200
2024-07-26,FAMILY,UNKNOWN,셔츠,1,1,1,69320
2024-07-26,FAMILY,긴바지,긴바지,1,1,1,67300
2024-07-26,FAMILY,긴바지,UNKNOWN,1,1,1,59000
2024-07-26,FAMILY,남성,남성,5,5,5,448300
2024-07-26,FAMILY,남성,여성,1,1,1,116350
2024-07-26,FAMILY,라운드티,남성,2,2,4,86440
2024-07-26,FAMILY,라운드티,UNKNOWN,1,1,1,59000
2024-07-26,FAMILY,라운드티,라운드티,1,1,1,30770
2024-07-26,FAMILY,반바지,반바지,1,1,1,37440
2024-07-26,FAMILY,반바지,남성,1,1,1,25630
2024-07-26,FAMILY,상의,라운드티,1,1,1,83700
2024-07-26,FAMILY,셋업,남성,1,1,3,35890
2024-07-27,FAMILY,긴바지,UNKNOWN,1,1,1,55200
2024-07-27,FAMILY,긴바지,남성,1,1,2,18400
2024-07-27,FAMILY,남성,긴바지,1,1,1,60510
2024-07-27,FAMILY,남성,여성,1,1,1,43600
2024-07-27,FAMILY,라운드티,남성,1,1,1,93540
2024-07-27,FAMILY,라운드티,반바지,1,1,1,62090
2024-07-27,FAMILY,라운드티,라운드티,1,1,1,46370
2024-07-27,FAMILY,하이킹,셋업,1,1,1,55300
2024-07-28,FAMILY,UNKNOWN,남성,1,1,1,139000
2024-07-28,FAMILY,긴바지,남성,1,1,1,143870
2024-07-28,FAMILY,남성,긴바지,2,2,2,184850
2024-07-28,FAMILY,남성,맨투맨/후드티,1,1,1,59550
2024-07-28,FAMILY,남성,반바지,1,1,1,55300
2024-07-28,FAMILY,라운드티,남성,1,1,1,139000
2024-07-28,FAMILY,라운드티,라운드티,1,1,1,69000
2024-07-28,FAMILY,셋업,남성,1,1,1,69410
2024-07-28,FAMILY,여성,여성,1,1,1,36300
2024-07-28,SILVER,남성,라운드티,1,1,3,117600
2024-07-29,FAMILY,가방,가방,2,2,2,140070
2024-07-29,FAMILY,긴바지,남성,1,1,1,115130
2024-07-29,FAMILY,남성,남성,4,4,7,164440
2024-07-29,FAMILY,남성,UNKNOWN,1,1,1,66900
2024-07-29,FAMILY,남성,긴바지,1,1,1,64480
2024-07-29,FAMILY,남성,라운드티,1,1,1,49680
2024-07-29,FAMILY,남성,반바지,1,1,1,39200
2024-07-29,FAMILY,라운드티,긴바지,1,1,1,64480
2024-07-29,FAMILY,바람막이,남성,1,1,1,26200
2024-07-29,FAMILY,자켓/ 베스트,라운드티,1,1,1,29700
2024-07-29,SILVER,남성,라운드티,1,1,2,91460
2024-07-30,FAMILY,UNKNOWN,남성,1,1,1,66290
2024-07-30,FAMILY,긴바지,맨투맨/후드티,1,1,1,53780
2024-07-30,FAMILY,남성,남성,4,4,5,245580
2024-07-30,FAMILY,남성,긴바지,1,1,1,48520
2024-07-30,FAMILY,남성,반바지,1,1,1,40750
2024-07-30,FAMILY,남성,여성,1,1,1,25590
2024-07-30,FAMILY,등산화,남성,1,1,2,132050
2024-07-30,FAMILY,라운드티,남성,1,1,2,110600
2024-07-30,FAMILY,라운드티,긴바지,1,1,1,48520
2024-07-30,FAMILY,라운드티,라운드티,1,1,1,43900
2024-07-30,FAMILY,반바지,긴바지,1,1,1,48520
2024-07-30,FAMILY,방수자켓,볼캡,1,1,1,15780
2024-07-30,FAMILY,자켓/ 베스트,긴바지,1,1,1,69300
2024-07-30,FAMILY,자켓/ 베스트,반바지,1,1,1,39200
2024-07-30,SILVER,바람막이,자켓/ 베스트,1,1,1,97000
2024-07-30,SILVER,셋업,자켓/ 베스트,1,1,1,97000
2024-07-31,FAMILY,UNKNOWN,남성,1,1,1,39000
2024-07-31,FAMILY,가방,가방,1,1,5,415000
2024-07-31,FAMILY,남성,남성,1,1,1,6500
2024-07-31,FAMILY,라운드티,라운드티,1,1,1,47200
2024-07-31,FAMILY,상의,남성,1,1,1,35200
2024-07-31,FAMILY,햇,볼캡,1,1,1,28490
2024-07-31,FAMILY,햇,크로스/토트백,1,1,1,27010
2024-08-01,FAMILY,라운드티,라운드티,1,1,1,37200
2024-08-01,FAMILY,반바지,라운드티,1,1,1,47160
2024-08-01,SILVER,남성,남성,1,1,3,215640
2024-08-01,SILVER,남성,맨투맨/후드티,1,1,1,56070
2024-08-01,SILVER,맨투맨/후드티,남성,1,1,3,215640
2024-08-01,SILVER,맨투맨/후드티,맨투맨/후드티,1,1,1,56070
2024-08-02,FAMILY,UNKNOWN,긴바지,1,1,1,54500
2024-08-02,FAMILY,UNKNOWN,셋업,1,1,1,39500
2024-08-02,FAMILY,가방,자켓/ 베스트,1,1,1,99790
2024-08-02,FAMILY,가방,여성,1,1,1,45040
2024-08-02,FAMILY,가방,남성,1,1,1,36560
2024-08-02,FAMILY,남성,남성,5,5,5,194700
2024-08-02,FAMILY,남성,방수자켓,1,1,1,89390
2024-08-02,FAMILY,남성,가방,1,1,1,83490
2024-08-02,FAMILY,남성,UNKNOWN,1,1,1,47080
2024-08-02,FAMILY,남성,반바지,1,1,1,38810
2024-08-02,FAMILY,남성,라운드티,1,1,1,38390
2024-08-02,FAMILY,라운드티,라운드티,2,2,4,181090
2024-08-02,FAMILY,라운드티,남성,2,2,2,64130
2024-08-02,FAMILY,맨투맨/후드티,맨투맨/후드티,1,1,1,62300
2024-08-02,FAMILY,반바지,라운드티,1,1,1,38390
2024-08-02,FAMILY,반바지,남성,1,1,1,15460
2024-08-02,FAMILY,셋업,라운드티,1,1,1,34960
2024-08-03,FAMILY,긴바지,라운드티,1,1,1,26420
2024-08-03,FAMILY,남성,라운드티,2,2,2,81180
2024-08-03,FAMILY,남성,남성,1,1,1,53390
2024-08-03,FAMILY,남성,반바지,1,1,1,39200
2024-08-03,FAMILY,반바지,셋업,1,1,1,76710
2024-08-03,FAMILY,반바지,남성,1,1,1,67120
2024-08-03,FAMILY,반바지,라운드티,1,1,1,53460
2024-08-03,FAMILY,하이킹,라운드티,1,1,1,26420
2024-08-04,FAMILY,긴바지,남성,1,1,1,26630
2024-08-04,FAMILY,남성,남성,3,3,3,93180
2024-08-04,FAMILY,라운드티,남성,1,1,1,26630
2024-08-05,FAMILY,남성,라운드티,1,1,3,127220
2024-08-05,FAMILY,남성,남성,2,2,2,100910
2024-08-05,FAMILY,라운드티,라운드티,2,2,4,180520
2024-08-05,FAMILY,라운드티,남성,1,1,1,57840
2024-08-05,FAMILY,바람막이,남성,1,1,1,31220
2024-08-05,FAMILY,셋업,남성,1,1,1,44010
2024-08-05,FAMILY,여성,긴바지,1,1,1,51060
2024-08-05,SILVER,라운드티,셋업,1,1,1,68200
2024-08-05,SILVER,라운드티,라운드티,1,1,1,40640
2024-08-05,SILVER,자켓/ 베스트,셋업,1,1,1,68200
2024-08-05,SILVER,자켓/ 베스트,라운드티,1,1,1,40640
2024-08-06,FAMILY,긴바지,남성,1,1,1,152050
2024-08-06,FAMILY,남성,남성,3,3,4,316090
2024-08-06,FAMILY,남성,셋업,1,1,1,61020
2024-08-06,FAMILY,라운드티,남성,1,1,1,6500
2024-08-06,FAMILY,반바지,라운드티,1,1,1,37470
2024-08-06,FAMILY,셔츠,라운드티,1,1,1,37470
2024-08-06,SILVER,남성,남성,1,1,1,43400
2024-08-06,SILVER,라운드티,남성,1,1,1,118300
2024-08-06,SILVER,반바지,남성,1,1,1,118300
2024-08-07,FAMILY,UNKNOWN,여성,1,1,1,75990
2024-08-07,FAMILY,남성,남성,3,3,5,260400
2024-08-07,FAMILY,남성,여성,1,1,1,75990
2024-08-07,FAMILY,라운드티,라운드티,1,1,1,84640
2024-08-07,FAMILY,라운드티,여성,1,1,1,75990
2024-08-07,FAMILY,라운드티,반바지,1,1,1,45200
2024-08-08,FAMILY,UNKNOWN,남성,1,1,1,55300
2024-08-08,FAMILY,긴바지,남성,3,3,5,188800
2024-08-08,FAMILY,긴바지,긴바지,1,1,1,44500
2024-08-08,FAMILY,긴바지,반바지,1,1,1,39500
2024-08-08,FAMILY,남성,남성,3,3,5,134060
2024-08-08,FAMILY,남성,긴바지,1,1,1,44500
2024-08-08,FAMILY,남성,반바지,1,1,1,39500
2024-08-08,FAMILY,라운드티,반바지,2,2,2,78700
2024-08-08,FAMILY,라운드티,긴바지,1,1,1,44500
2024-08-08,FAMILY,라운드티,남성,1,1,2,35000
2024-08-08,FAMILY,바람막이,남성,1,1,1,59720
2024-08-08,FAMILY,반바지,남성,1,1,1,49350
2024-08-08,FAMILY,셔츠,남성,1,1,1,49350
2024-08-08,FAMILY,여성,긴바지,1,1,1,44500
2024-08-08,FAMILY,여성,반바지,1,1,1,39500
2024-08-08,FAMILY,여성,남성,1,1,2,35000
2024-08-08,SILVER,긴바지,긴바지,1,1,1,60910
2024-08-08,SILVER,긴바지,라운드티,1,1,1,34450
2024-08-08,SILVER,반바지,긴바지,1,1,1,60910
2024-08-08,SILVER,반바지,라운드티,1,1,1,34450
2024-08-09,FAMILY,긴바지,반바지,1,1,1,39200
2024-08-09,FAMILY,긴바지,라운드티,1,1,1,39200
2024-08-09,FAMILY,긴바지,남성,1,1,1,37460
2024-08-09,FAMILY,남성,자켓/ 베스트,1,1,1,108180
2024-08-09,FAMILY,남성,남성,2,2,3,101280
2024-08-09,FAMILY,라운드티,자켓/ 베스트,1,1,1,108180
2024-08-09,FAMILY,라운드티,라운드티,1,1,1,66000
2024-08-09,FAMILY,바람막이,남성,1,1,1,34550
2024-08-09,FAMILY,여성,남성,1,1,1,25520
2024-08-10,FAMILY,긴바지,바람막이,1,1,1,98320
2024-08-10,FAMILY,긴바지,남성,2,2,2,61330
2024-08-10,FAMILY,남성,바람막이,1,1,1,98320
2024-08-10,FAMILY,남성,남성,2,2,2,91830
2024-08-10,FAMILY,남성,반바지,1,1,1,35000
2024-08-10,FAMILY,라운드티,바람막이,1,1,1,98320
2024-08-10,FAMILY,라운드티,남성,1,1,1,9500
2024-08-10,FAMILY,상의,남성,1,1,1,51830
2024-08-10,FAMILY,셋업,긴바지,1,1,1,119000
2024-08-10,FAMILY,셋업,남성,1,1,1,39200
2024-08-10,FAMILY,하이킹,라운드티,1,1,1,36200
2024-08-11,FAMILY,긴바지,남성,1,1,1,18950
2024-08-11,FAMILY,남성,남성,3,3,4,121530
2024-08-11,FAMILY,남성,UNKNOWN,1,1,1,95670
2024-08-11,FAMILY,남성,긴바지,1,1,1,69300
2024-08-11,FAMILY,남성,상의,1,1,1,66120
2024-08-11,FAMILY,남성,여성,1,1,1,40000
2024-08-11,FAMILY,바람막이,남성,1,1,1,18950
2024-08-11,FAMILY,상의,가방,1,1,1,86700
2024-08-12,FAMILY,UNKNOWN,남성,1,1,1,57880
2024-08-12,FAMILY,긴바지,라운드티,1,1,1,42380
2024-08-12,FAMILY,긴바지,여성,1,1,1,12280
2024-08-12,FAMILY,남성,남성,5,5,5,200820
2024-08-12,FAMILY,남성,라운드티,2,2,2,100370
2024-08-12,FAMILY,남성,여성,1,1,1,12280
2024-08-12,FAMILY,라운드티,라운드티,1,1,1,57990
2024-08-12,FAMILY,라운드티,남성,1,1,1,31470
2024-08-12,FAMILY,여성,라운드티,1,1,1,28480
2024-08-12,FAMILY,자켓/ 베스트,남성,2,2,2,89350
2024-08-12,SILVER,남성,남성,1,1,4,276000
2024-08-13,FAMILY,가방,가방,1,1,2,166000
2024-08-13,FAMILY,긴바지,남성,2,2,2,155320
2024-08-13,FAMILY,남성,남성,1,1,1,134810
2024-08-13,FAMILY,남성,셋업,1,1,2,129000
2024-08-13,FAMILY,남성,긴바지,1,1,1,88300
2024-08-13,FAMILY,라운드티,UNKNOWN,1,1,1,69000
2024-08-13,FAMILY,바람막이,반바지,1,1,1,24470
2024-08-13,FAMILY,상의,남성,1,1,1,56320
2024-08-13,FAMILY,셋업,남성,1,1,2,171500
2024-08-13,FAMILY,셋업,긴바지,1,1,1,119000
2024-08-13,FAMILY,셋업,폴로/집업티,1,1,1,62300
2024-08-14,FAMILY,긴바지,남성,1,1,1,108420
2024-08-14,FAMILY,긴바지,UNKNOWN,1,1,1,52910
2024-08-14,FAMILY,긴바지,라운드티,1,1,1,37570
2024-08-14,FAMILY,남성,남성,4,4,10,533910
2024-08-14,FAMILY,남성,여성,1,1,2,199000
2024-08-14,FAMILY,남성,긴바지,1,1,2,138600
2024-08-14,FAMILY,남성,셋업,1,1,1,135200
2024-08-14,FAMILY,남성,라운드티,1,1,1,22590
2024-08-14,FAMILY,라운드티,UNKNOWN,1,1,1,52910
2024-08-14,FAMILY,라운드티,라운드티,1,1,1,37570
2024-08-14,FAMILY,라운드티,남성,1,1,1,24510
2024-08-14,FAMILY,자켓/ 베스트,남성,1,1,1,24510
2024-08-14,SILVER,남성,남성,1,1,1,36050
2024-08-15,FAMILY,긴바지,긴바지,1,1,1,54540
2024-08-15,FAMILY,남성,셋업,1,1,1,100330
2024-08-15,FAMILY,남성,남성,1,1,1,50840
2024-08-15,FAMILY,라운드티,셋업,1,1,1,100330
2024-08-15,FAMILY,라운드티,긴바지,1,1,1,54540
2024-08-15,FAMILY,라운드티,남성,1,1,1,50840
2024-08-16,FAMILY,UNKNOWN,여성,1,1,1,77430
2024-08-16,FAMILY,긴바지,남성,1,1,1,141100
2024-08-16,FAMILY,라운드티,남성,1,1,1,66250
2024-08-16,FAMILY,반바지,남성,1,1,1,66250
2024-08-16,FAMILY,상의,상의,1,1,1,54370
2024-08-16,FAMILY,햇,상의,1,1,1,54370
2024-08-16,SILVER,남성,셋업,1,1,1,42450
2024-08-17,FAMILY,UNKNOWN,라운드티,1,1,1,31350
2024-08-17,FAMILY,긴바지,남성,1,1,1,77000
2024-08-17,FAMILY,남성,남성,2,2,2,144280
2024-08-17,FAMILY,남성,셋업,1,1,1,50120
2024-08-17,FAMILY,라운드티,셋업,1,1,1,87300
2024-08-17,FAMILY,라운드티,라운드티,1,1,1,48300
2024-08-17,FAMILY,방수자켓,남성,1,1,1,46110
2024-08-18,FAMILY,긴바지,라운드티,1,1,1,43990
2024-08-18,FAMILY,남성,남성,2,2,4,134890
2024-08-18,FAMILY,남성,라운드티,1,1,1,34300
2024-08-18,FAMILY,셋업,자켓/ 베스트,1,1,1,196000
2024-08-18,FAMILY,트레일러닝,남성,1,1,1,109050
2024-08-18,SILVER,셔츠,여성,1,1,1,104390
2024-08-19,FAMILY,UNKNOWN,남성,1,1,2,24000
2024-08-19,FAMILY,긴바지,라운드티,1,1,1,48300
2024-08-19,FAMILY,남성,남성,3,3,3,211400
2024-08-19,FAMILY,남성,라운드티,1,1,1,48300
2024-08-19,FAMILY,셋업,남성,1,1,1,110760
2024-08-19,FAMILY,셋업,긴바지,1,1,1,57210
2024-08-19,FAMILY,자켓/ 베스트,라운드티,1,1,1,48300
2024-08-19,FAMILY,하이킹,하이킹,1,1,1,83000
2024-08-19,SILVER,남성,남성,1,1,6,57000
2024-08-20,FAMILY,남성,남성,2,2,2,132320
2024-08-20,FAMILY,라운드티,남성,3,3,3,144740
2024-08-20,FAMILY,반바지,남성,1,1,1,26740
2024-08-20,FAMILY,셋업,남성,1,1,1,79000
2024-08-20,SILVER,남성,남성,1,1,1,26900
2024-08-20,SILVER,등산화,반바지,1,1,1,48820
2024-08-20,SILVER,바람막이,반바지,1,1,1,48820
2024-08-21,FAMILY,긴바지,남성,1,1,1,26190
2024-08-21,FAMILY,남성,남성,2,2,2,80500
2024-08-21,FAMILY,남성,볼캡,1,1,1,27340
2024-08-21,FAMILY,라운드티,여성,1,1,1,44770
2024-08-21,FAMILY,반바지,여성,1,1,1,44770
2024-08-21,FAMILY,상의,상의,1,1,1,64040
2024-08-22,FAMILY,긴바지,남성,1,1,1,189000
2024-08-22,FAMILY,긴바지,라운드티,1,1,1,37010
2024-08-22,FAMILY,남성,남성,7,7,7,561610
2024-08-22,FAMILY,남성,등산화,1,1,1,169000
2024-08-22,FAMILY,남성,반바지,1,1,1,55300
2024-08-22,FAMILY,남성,라운드티,1,1,1,53200
2024-08-22,FAMILY,라운드티,남성,2,2,5,657000
2024-08-22,FAMILY,라운드티,등산화,1,1,1,169000
2024-08-22,FAMILY,라운드티,반바지,1,1,1,55300
2024-08-22,FAMILY,셋업,반바지,1,1,1,33000
2024-08-22,FAMILY,여성,남성,1,1,4,598000
2024-08-22,SILVER,긴바지,긴바지,1,1,1,62200
2024-08-22,SILVER,긴바지,라운드티,1,1,1,43350
2024-08-22,SILVER,라운드티,긴바지,1,1,1,62200
2024-08-22,SILVER,라운드티,라운드티,1,1,1,43350
2024-08-23,FAMILY,남성,등산화,1,1,1,167590
2024-08-23,FAMILY,남성,셋업,1,1,1,72520
2024-08-23,FAMILY,등산화,등산화,1,1,1,169000
2024-08-23,FAMILY,라운드티,등산화,1,1,1,169000
2024-08-23,FAMILY,반바지,긴바지,1,1,1,114740
2024-08-23,FAMILY,셋업,남성,1,1,1,159520
2024-08-24,FAMILY,남성,남성,1,1,1,146300
2024-08-24,FAMILY,셋업,셋업,1,1,1,134210
2024-08-24,FAMILY,셋업,바람막이,1,1,1,117430
2024-08-25,FAMILY,긴바지,남성,1,1,1,32420
2024-08-25,FAMILY,남성,남성,3,3,3,271900
2024-08-25,FAMILY,남성,긴바지,1,1,1,98950
2024-08-25,FAMILY,남성,셋업,1,1,1,61440
2024-08-25,FAMILY,남성,라운드티,1,1,1,44040
2024-08-25,FAMILY,라운드티,여성,1,1,1,157000
2024-08-25,FAMILY,라운드티,긴바지,1,1,1,98950
2024-08-25,FAMILY,라운드티,라운드티,2,2,2,76420
2024-08-25,FAMILY,바람막이,여성,1,1,1,157000
2024-08-25,FAMILY,상의,남성,2,2,2,180340
2024-08-25,FAMILY,여성,여성,1,1,1,157000
2024-08-25,SILVER,긴바지,남성,1,1,2,338000
2024-08-25,SILVER,라운드티,남성,1,1,2,338000
2024-08-26,FAMILY,남성,남성,3,3,4,164960
2024-08-26,FAMILY,남성,라운드티,1,1,2,71390
2024-08-26,FAMILY,남성,긴바지,1,1,1,60700
2024-08-26,FAMILY,남성,상의,1,1,1,59700
2024-08-26,FAMILY,라운드티,남성,1,1,1,53200
2024-08-27,FAMILY,긴바지,하이킹,1,1,1,128590
2024-08-27,FAMILY,긴바지,여성,1,1,1,58480
2024-08-27,FAMILY,긴바지,남성,2,2,6,47590
2024-08-27,FAMILY,긴바지,라운드티,1,1,1,36790
2024-08-27,FAMILY,남성,남성,1,1,2,296000
2024-08-27,FAMILY,반바지,라운드티,1,1,1,51010
2024-08-27,FAMILY,여성,남성,1,1,2,17310
2024-08-27,FAMILY,자켓/ 베스트,하이킹,1,1,1,128590
2024-08-27,FAMILY,자켓/ 베스트,여성,1,1,1,58480
2024-08-27,FAMILY,자켓/ 베스트,라운드티,1,1,1,36790
2024-08-27,FAMILY,자켓/ 베스트,남성,1,1,2,21590
2024-08-28,FAMILY,긴바지,남성,1,1,1,51090
2024-08-28,FAMILY,남성,남성,3,3,5,332820
2024-08-28,FAMILY,라운드티,라운드티,1,1,2,94400
2024-08-28,SILVER,라운드티,여성,1,1,1,79500
2024-08-28,SILVER,셋업,여성,1,1,1,79500
2024-08-29,FAMILY,긴바지,긴바지,1,1,1,58730
2024-08-29,FAMILY,남성,라운드티,1,1,1,44210
2024-08-29,FAMILY,라운드티,여성,1,1,2,159200
2024-08-29,FAMILY,라운드티,긴바지,1,1,1,90300
2024-08-29,FAMILY,바람막이,여성,1,1,2,159200
2024-08-29,FAMILY,바람막이,긴바지,1,1,1,90300
2024-08-29,FAMILY,반바지,남성,1,1,1,49680
2024-08-29,FAMILY,상의,남성,1,1,1,44300
2024-08-29,FAMILY,셋업,가방,1,1,1,75340
2024-08-30,FAMILY,가방,라운드티,1,1,1,23880
2024-08-30,FAMILY,긴바지,자켓/ 베스트,1,1,1,195030
2024-08-30,FAMILY,남성,남성,4,4,5,211060
2024-08-30,FAMILY,남성,바람막이,1,1,1,86280
2024-08-30,FAMILY,남성,가방,1,1,1,71970
2024-08-30,FAMILY,남성,라운드티,2,2,2,69130
2024-08-30,FAMILY,라운드티,자켓/ 베스트,1,1,1,195030
2024-08-30,FAMILY,라운드티,라운드티,1,1,1,23880
2024-08-30,FAMILY,반바지,바람막이,1,1,1,86280
2024-08-30,FAMILY,반바지,남성,1,1,1,12200
2024-08-30,FAMILY,셋업,남성,2,2,3,78010
2024-08-30,FAMILY,액세서리,남성,1,1,2,15710
2024-08-30,FAMILY,여성,남성,1,1,2,15710
2024-08-31,FAMILY,긴바지,반바지,1,1,2,87940
2024-08-31,FAMILY,긴바지,라운드티,1,1,2,81060
2024-08-31,FAMILY,긴바지,남성,2,2,2,73990
2024-08-31,FAMILY,남성,셋업,1,1,3,162020
2024-08-31,FAMILY,남성,라운드티,2,2,3,130920
2024-08-31,FAMILY,남성,남성,2,2,2,116450
2024-08-31,FAMILY,남성,자켓/ 베스트,1,1,1,92750
2024-08-31,FAMILY,남성,UNKNOWN,1,1,1,33560
2024-08-31,FAMILY,라운드티,라운드티,2,2,3,106810
2024-08-31,FAMILY,라운드티,반바지,1,1,2,87940
2024-08-31,FAMILY,라운드티,남성,1,1,1,25690
2024-08-31,FAMILY,셋업,자켓/ 베스트,1,1,1,107460
2024-09-01,FAMILY,UNKNOWN,등산화,1,1,1,95970
2024-09-01,FAMILY,남성,남성,5,5,6,336370
2024-09-01,FAMILY,남성,셋업,1,1,3,213220
2024-09-01,FAMILY,남성,라운드티,2,2,4,155290
2024-09-01,FAMILY,남성,셔츠,1,1,1,68190
2024-09-01,FAMILY,남성,긴바지,1,1,1,59670
2024-09-01,FAMILY,라운드티,남성,1,1,1,71000
2024-09-01,FAMILY,라운드티,라운드티,1,1,1,42670
2024-09-01,FAMILY,상의,셋업,1,1,3,213220
2024-09-01,FAMILY,상의,라운드티,1,1,3,112620
2024-09-01,FAMILY,상의,셔츠,1,1,1,68190
2024-09-01,FAMILY,상의,긴바지,1,1,1,59670
2024-09-01,FAMILY,셋업,셋업,1,1,3,213220
2024-09-01,FAMILY,셋업,라운드티,1,1,3,112620
2024-09-01,FAMILY,셋업,셔츠,1,1,1,68190
2024-09-01,FAMILY,셋업,긴바지,1,1,1,59670
2024-09-01,SILVER,남성,남성,1,1,2,147200
2024-09-02,FAMILY,UNKNOWN,남성,1,1,1,42350
2024-09-02,FAMILY,남성,남성,2,2,2,107560
2024-09-02,FAMILY,라운드티,남성,2,2,4,110630
2024-09-02,FAMILY,라운드티,반바지,1,1,1,51020
2024-09-02,FAMILY,맨투맨/후드티,남성,1,1,1,42350
2024-09-03,FAMILY,가방,남성,1,1,1,27790
2024-09-03,FAMILY,긴바지,남성,1,1,1,40270
2024-09-03,FAMILY,남성,남성,5,5,7,193070
2024-09-03,FAMILY,남성,하이킹,2,2,2,183780
2024-09-03,FAMILY,남성,셋업,1,1,1,48770
2024-09-03,FAMILY,남성,여성,1,1,1,10000
2024-09-03,FAMILY,등산화,여성,1,1,1,10000
2024-09-03,FAMILY,등산화,남성,1,1,1,9500
2024-09-03,FAMILY,라운드티,남성,3,3,4,119500
2024-09-03,FAMILY,라운드티,셋업,1,1,1,48770
2024-09-03,FAMILY,라운드티,하이킹,1,1,1,48730
2024-09-03,FAMILY,바람막이,여성,1,1,1,48320
2024-09-03,FAMILY,바람막이,남성,1,1,1,11630
2024-09-03,FAMILY,반바지,라운드티,1,1,2,57490
2024-09-03,FAMILY,반바지,셋업,1,1,1,48770
2024-09-03,FAMILY,방수자켓,셋업,1,1,1,57780
2024-09-03,FAMILY,상의,하이킹,1,1,1,48730
2024-09-03,FAMILY,상의,라운드티,1,1,1,37780
2024-09-03,FAMILY,셋업,남성,2,2,2,50140
2024-09-03,FAMILY,여성,라운드티,1,1,1,26160
2024-09-03,SILVER,UNKNOWN,남성,1,1,1,106580
2024-09-03,SILVER,가방,자켓/ 베스트,1,1,1,128900
2024-09-03,SILVER,남성,남성,1,1,1,42300
2024-09-03,SILVER,라운드티,자켓/ 베스트,1,1,1,128900
2024-09-03,SILVER,햇,자켓/ 베스트,1,1,1,128900
2024-09-04,FAMILY,긴바지,자켓/ 베스트,1,1,1,88400
2024-09-04,FAMILY,남성,라운드티,4,4,4,208540
2024-09-04,FAMILY,남성,여성,1,1,1,137520
2024-09-04,FAMILY,남성,자켓/ 베스트,1,1,1,78210
2024-09-04,FAMILY,남성,남성,1,1,1,72820
2024-09-04,FAMILY,라운드티,바람막이,1,1,1,85550
2024-09-04,FAMILY,라운드티,라운드티,1,1,1,37510
2024-09-04,FAMILY,바람막이,남성,1,1,1,25170
2024-09-04,FAMILY,반바지,남성,1,1,1,33980
2024-09-04,FAMILY,반바지,반바지,1,1,1,28050
2024-09-04,FAMILY,셋업,자켓/ 베스트,1,1,1,78210
2024-09-04,FAMILY,셋업,남성,1,1,1,25170
2024-09-05,FAMILY,긴바지,남성,2,2,3,310400
2024-09-05,FAMILY,남성,남성,8,8,11,370580
2024-09-05,FAMILY,남성,긴바지,2,2,2,111210
2024-09-05,FAMILY,남성,자켓/ 베스트,1,1,1,94740
2024-09-05,FAMILY,남성,등산화,1,1,1,79500
2024-09-05,FAMILY,남성,액세서리,1,1,1,5500
2024-09-05,FAMILY,라운드티,긴바지,1,1,1,54980
2024-09-05,FAMILY,방수자켓,긴바지,1,1,1,66790
2024-09-05,FAMILY,셋업,남성,2,2,3,163380
2024-09-05,FAMILY,셋업,자켓/ 베스트,1,1,1,94740
2024-09-05,FAMILY,셋업,긴바지,1,1,1,56230
2024-09-05,FAMILY,여성,남성,1,1,1,79500
2024-09-05,FAMILY,여성,등산화,1,1,1,79500
2024-09-05,SILVER,남성,자켓/베스트,1,1,1,85050
2024-09-05,SILVER,남성,셋업,1,1,1,75930
2024-09-06,FAMILY,남성,남성,2,2,5,202200
2024-09-06,FAMILY,남성,긴바지,2,2,2,121920
2024-09-06,FAMILY,라운드티,남성,1,1,3,101500
2024-09-06,FAMILY,맨투맨/후드티,남성,1,1,2,36550
2024-09-06,FAMILY,바람막이,남성,1,1,3,101500
2024-09-06,FAMILY,반바지,남성,1,1,3,101500
2024-09-06,FAMILY,하이킹,하이킹,1,1,1,80130
2024-09-07,FAMILY,UNKNOWN,여성,1,1,1,123920
2024-09-07,FAMILY,UNKNOWN,카고/조거,1,1,1,104700
2024-09-07,FAMILY,UNKNOWN,남성,1,1,1,74540
2024-09-07,FAMILY,긴바지,여성,1,1,1,123920
2024-09-07,FAMILY,긴바지,카고/조거,1,1,1,104700
2024-09-07,FAMILY,긴바지,긴바지,1,1,1,79000
2024-09-07,FAMILY,남성,여성,1,1,1,123920
2024-09-07,FAMILY,남성,남성,2,2,2,117890
2024-09-07,FAMILY,남성,카고/조거,1,1,1,104700
2024-09-07,FAMILY,남성,액세서리,1,1,2,15550
2024-09-07,FAMILY,맨투맨/후드티,긴바지,1,1,1,50730
2024-09-08,FAMILY,가방,남성,1,1,1,38880
2024-09-08,FAMILY,남성,남성,11,11,12,396970
2024-09-08,FAMILY,남성,라운드티,3,3,4,124360
2024-09-08,FAMILY,남성,자켓/ 베스트,1,1,1,87080
2024-09-08,FAMILY,남성,긴바지,1,1,1,67220
2024-09-08,FAMILY,남성,바람막이,1,1,1,66150
2024-09-08,FAMILY,등산화,긴바지,1,1,1,67220
2024-09-08,FAMILY,라운드티,여성,1,1,1,58000
2024-09-08,FAMILY,라운드티,남성,1,1,1,54050
2024-09-08,FAMILY,라운드티,라운드티,1,1,1,34280
2024-09-08,FAMILY,반바지,라운드티,1,1,2,82410
2024-09-08,FAMILY,반바지,남성,1,1,1,32190
2024-09-08,FAMILY,자켓/ 베스트,라운드티,1,1,2,82410
2024-09-08,FAMILY,자켓/ 베스트,남성,1,1,1,32190
2024-09-08,FAMILY,자켓/ 베스트,반바지,1,1,1,27410
2024-09-08,SILVER,남성,라운드티,1,1,5,200570
2024-09-08,SILVER,남성,셋업,1,1,3,182350
2024-09-08,SILVER,남성,남성,2,2,5,118030
2024-09-08,SILVER,남성,긴바지,1,1,1,65530
2024-09-08,SILVER,남성,상의,1,1,1,60900
2024-09-08,SILVER,남성,반바지,1,1,1,36720
2024-09-08,SILVER,라운드티,남성,1,1,1,65530
2024-09-08,SILVER,라운드티,긴바지,1,1,1,65530
2024-09-09,FAMILY,가방,긴바지,1,1,1,73820
2024-09-09,FAMILY,가방,라운드티,1,1,1,39960
2024-09-09,FAMILY,남성,남성,1,1,1,152150
2024-09-09,FAMILY,남성,긴바지,1,1,1,93870
2024-09-09,FAMILY,라운드티,긴바지,2,2,2,167690
2024-09-09,FAMILY,라운드티,라운드티,2,2,2,78720
2024-09-10,FAMILY,남성,남성,2,2,2,248050
2024-09-10,FAMILY,남성,긴바지,1,1,1,67240
2024-09-10,FAMILY,라운드티,남성,1,1,1,110150
2024-09-10,SILVER,남성,자켓/베스트,1,1,1,70000
2024-09-10,SILVER,라운드티,방수자켓,1,1,1,80630
2024-09-10,SILVER,라운드티,가방,1,1,1,74110
2024-09-10,SILVER,라운드티,반바지,1,1,1,35000
2024-09-10,SILVER,라운드티,남성,1,1,1,34820
2024-09-10,SILVER,상의,방수자켓,1,1,1,80630
2024-09-10,SILVER,상의,가방,1,1,1,74110
2024-09-10,SILVER,상의,반바지,1,1,1,35000
2024-09-10,SILVER,상의,남성,1,1,1,34820
2024-09-11,FAMILY,UNKNOWN,긴바지,2,2,2,77910
2024-09-11,FAMILY,UNKNOWN,남성,1,1,1,19500
2024-09-11,FAMILY,남성,가방,1,1,1,81760
2024-09-11,FAMILY,남성,긴바지,2,2,2,77910
2024-09-11,FAMILY,남성,남성,2,2,2,65500
2024-09-11,FAMILY,라운드티,남성,2,2,3,31500
2024-09-11,FAMILY,라운드티,라운드티,1,1,1,17150
2024-09-11,FAMILY,바람막이,남성,1,1,1,9500
2024-09-11,FAMILY,자켓/ 베스트,셋업,1,1,1,33510
2024-09-11,FAMILY,하이킹,자켓/ 베스트,1,1,1,101320
2024-09-11,FAMILY,하이킹,자켓/베스트,1,1,1,52370
2024-09-11,FAMILY,하이킹,남성,2,2,3,49790
2024-09-11,FAMILY,하이킹,반바지,1,1,1,39120
2024-09-11,TITANIUM,UNKNOWN,남성,1,1,1,19600
2024-09-11,TITANIUM,남성,남성,1,1,1,19600
2024-09-12,FAMILY,UNKNOWN,가방,1,1,1,69490
2024-09-12,FAMILY,UNKNOWN,셋업,1,1,1,24150
2024-09-12,FAMILY,가방,남성,2,2,2,129150
2024-09-12,FAMILY,가방,긴바지,1,1,1,47680
2024-09-12,FAMILY,긴바지,긴바지,1,1,1,118200
2024-09-12,FAMILY,긴바지,남성,1,1,1,47720
2024-09-12,FAMILY,긴바지,셋업,1,1,1,24150
2024-09-12,FAMILY,남성,남성,19,19,26,730640
2024-09-12,FAMILY,남성,셋업,5,5,6,331330
2024-09-12,FAMILY,남성,긴바지,2,2,2,132020
2024-09-12,FAMILY,남성,상의,2,2,2,80000
2024-09-12,FAMILY,남성,라운드티,3,3,3,78290
2024-09-12,FAMILY,남성,가방,1,1,1,69490
2024-09-12,FAMILY,남성,자켓/ 베스트,1,1,1,64980
2024-09-12,FAMILY,남성,여성,1,1,1,60310
2024-09-12,FAMILY,남성,방수자켓,1,1,1,54880
2024-09-12,FAMILY,남성,자켓/베스트,1,1,1,31030
2024-09-12,FAMILY,남성,반바지,1,1,1,19600
2024-09-12,FAMILY,등산화,남성,1,1,1,19500
2024-09-12,FAMILY,라운드티,라운드티,3,3,4,146700
2024-09-12,FAMILY,라운드티,긴바지,1,1,1,118200
2024-09-12,FAMILY,라운드티,셋업,2,2,2,84150
2024-09-12,FAMILY,라운드티,남성,2,2,2,62510
2024-09-12,FAMILY,맨투맨/후드티,남성,1,1,1,48580
2024-09-12,FAMILY,바람막이,남성,1,1,1,70730
2024-09-12,FAMILY,반바지,남성,1,1,1,106040
2024-09-12,FAMILY,반바지,반바지,1,1,1,19600
2024-09-12,FAMILY,셋업,남성,2,2,2,127800
2024-09-12,FAMILY,셋업,라운드티,1,1,2,97780
2024-09-12,FAMILY,셋업,셋업,1,1,1,50670
2024-09-12,FAMILY,자켓/ 베스트,남성,1,1,1,70730
2024-09-12,FAMILY,트레일러닝,긴바지,1,1,1,84300
2024-09-12,FAMILY,하이킹,남성,1,1,3,61150
2024-09-12,FAMILY,햇,반바지,1,1,1,29310
2024-09-13,FAMILY,긴바지,긴바지,1,1,1,65940
2024-09-13,FAMILY,남성,남성,7,7,9,369260
2024-09-13,FAMILY,남성,긴바지,2,2,3,213550
2024-09-13,FAMILY,남성,자켓/ 베스트,1,1,1,92160
2024-09-13,FAMILY,남성,하이킹,1,1,1,85390
2024-09-13,FAMILY,남성,여성,1,1,1,85100
2024-09-13,FAMILY,남성,트레일러닝,1,1,1,71710
2024-09-13,FAMILY,남성,셋업,1,1,1,53660
2024-09-13,FAMILY,라운드티,긴바지,2,2,2,89850
2024-09-13,FAMILY,라운드티,하이킹,1,1,1,85390
2024-09-13,FAMILY,라운드티,UNKNOWN,1,1,1,40030
2024-09-13,FAMILY,라운드티,라운드티,1,1,1,27420
2024-09-13,FAMILY,상의,남성,1,1,3,164230
2024-09-13,FAMILY,상의,긴바지,1,1,1,57770
2024-09-13,FAMILY,상의,라운드티,1,1,1,28600
2024-09-13,FAMILY,셋업,셋업,2,2,2,127050
2024-09-13,FAMILY,자켓/ 베스트,남성,1,1,2,19000
2024-09-14,FAMILY,긴바지,자켓/베스트,1,1,1,82330
2024-09-14,FAMILY,남성,남성,2,2,2,101320
2024-09-14,FAMILY,남성,셋업,1,1,1,49220
2024-09-14,FAMILY,남성,긴바지,1,1,1,42520
2024-09-14,FAMILY,남성,라운드티,1,1,1,29070
2024-09-14,FAMILY,남성,반바지,1,1,1,27650
2024-09-14,FAMILY,라운드티,셋업,1,1,1,49220
2024-09-14,FAMILY,라운드티,남성,1,1,1,17500
2024-09-14,FAMILY,반바지,반바지,3,3,3,78230
2024-09-14,FAMILY,반바지,액세서리,1,1,1,7220
2024-09-14,FAMILY,상의,상의,1,1,1,51000
2024-09-14,FAMILY,셋업,라운드티,1,1,1,20650
2024-09-14,FAMILY,여성,셋업,1,1,1,65920
2024-09-14,FAMILY,자켓/ 베스트,긴바지,1,1,1,82000
2024-09-14,FAMILY,캡,남성,1,1,1,16000
2024-09-14,FAMILY,하이킹,자켓/베스트,1,1,1,82330
2024-09-15,FAMILY,UNKNOWN,반바지,1,1,1,40500
2024-09-15,FAMILY,UNKNOWN,라운드티,1,1,1,35370
2024-09-15,FAMILY,긴바지,라운드티,1,1,1,24150
2024-09-15,FAMILY,긴바지,남성,1,1,1,15000
2024-09-15,FAMILY,남성,남성,4,4,5,176230
2024-09-15,FAMILY,남성,라운드티,1,1,2,40940
2024-09-15,FAMILY,남성,여성,1,1,1,36110
2024-09-15,FAMILY,남성,반바지,1,1,1,19600
2024-09-15,FAMILY,라운드티,라운드티,2,2,4,113100
2024-09-15,FAMILY,라운드티,여성,1,1,1,89060
2024-09-15,FAMILY,라운드티,셋업,1,1,1,75800
2024-09-15,FAMILY,라운드티,남성,1,1,1,29190
2024-09-15,FAMILY,트레일러닝,라운드티,1,1,1,19150
2024-09-15,FAMILY,하이킹,남성,1,1,2,84000
2024-09-15,SILVER,라운드티,라운드티,1,1,1,55300
2024-09-16,FAMILY,UNKNOWN,셋업,1,1,1,53660
2024-09-16,FAMILY,긴바지,남성,1,1,1,55850
2024-09-16,FAMILY,긴바지,라운드티,1,1,1,18600
2024-09-16,FAMILY,남성,남성,7,7,12,383210
2024-09-16,FAMILY,남성,긴바지,1,1,1,46990
2024-09-16,FAMILY,남성,라운드티,2,2,2,41300
2024-09-16,FAMILY,남성,상의,1,1,1,36100
2024-09-16,FAMILY,라운드티,여성,1,1,1,40100
2024-09-16,FAMILY,라운드티,라운드티,2,2,2,39250
2024-09-16,FAMILY,라운드티,남성,1,1,1,29000
2024-09-16,FAMILY,셋업,맨투맨/후드티,1,1,1,33260
2024-09-16,FAMILY,액세서리,남성,1,1,1,19600
2024-09-16,FAMILY,여성,남성,1,1,1,55850
2024-09-16,FAMILY,자켓/ 베스트,UNKNOWN,1,1,1,73300
2024-09-16,FAMILY,하이킹,남성,1,1,1,32100
2024-09-17,FAMILY,긴바지,장갑,1,1,1,21000
2024-09-17,FAMILY,긴바지,남성,1,1,1,6500
2024-09-17,FAMILY,남성,남성,3,3,4,141340
2024-09-17,FAMILY,남성,여성,1,1,1,64250
2024-09-17,FAMILY,라운드티,반바지,1,1,2,66670
2024-09-17,FAMILY,라운드티,남성,2,2,3,64800
2024-09-17,FAMILY,라운드티,라운드티,1,1,1,33330
2024-09-17,FAMILY,반바지,반바지,1,1,2,66670
2024-09-17,FAMILY,반바지,라운드티,1,1,1,33330
2024-09-17,FAMILY,액세서리,남성,1,1,1,19600
2024-09-18,FAMILY,UNKNOWN,남성,1,1,1,29500
2024-09-18,FAMILY,가방,여성,1,1,1,104240
2024-09-18,FAMILY,가방,남성,1,1,2,75520
2024-09-18,FAMILY,긴바지,셔츠,1,1,2,248080
2024-09-18,FAMILY,긴바지,자켓/ 베스트,1,1,1,87180
2024-09-18,FAMILY,남성,남성,10,10,22,761420
2024-09-18,FAMILY,남성,셔츠,1,1,2,248080
2024-09-18,FAMILY,남성,자켓/ 베스트,1,1,1,210300
2024-09-18,FAMILY,남성,등산화,1,1,1,145340
2024-09-18,FAMILY,남성,셋업,1,1,1,75230
2024-09-18,FAMILY,남성,상의,1,1,1,28300
2024-09-18,FAMILY,남성,라운드티,1,1,1,14600
2024-09-18,FAMILY,라운드티,남성,2,2,2,157940
2024-09-18,FAMILY,라운드티,라운드티,2,2,3,74680
2024-09-18,FAMILY,라운드티,여성,2,2,3,62010
2024-09-18,FAMILY,맨투맨/후드티,남성,1,1,2,40430
2024-09-18,FAMILY,맨투맨/후드티,상의,1,1,1,28300
2024-09-18,FAMILY,바람막이,남성,1,1,1,68160
2024-09-18,FAMILY,상의,라운드티,1,1,3,115900
2024-09-18,FAMILY,셋업,남성,1,1,2,147240
2024-09-18,FAMILY,셋업,자켓/ 베스트,1,1,1,87180
2024-09-18,FAMILY,셋업,셋업,1,1,1,30650
2024-09-18,FAMILY,여성,여성,1,1,1,42010
2024-09-18,FAMILY,여성,라운드티,1,1,1,17000
2024-09-18,FAMILY,여성,남성,1,1,1,7970
2024-09-18,FAMILY,자켓/ 베스트,남성,2,2,5,63430
2024-09-18,FAMILY,자켓/ 베스트,상의,1,1,1,28300
2024-09-18,SILVER,남성,남성,1,1,1,95820
2024-09-19,FAMILY,UNKNOWN,남성,1,1,1,32170
2024-09-19,FAMILY,긴바지,셋업,1,1,1,40290
2024-09-19,FAMILY,남성,남성,2,2,2,58190
2024-09-19,FAMILY,남성,여성,1,1,1,34740
2024-09-19,FAMILY,남성,긴바지,1,1,1,34260
2024-09-19,FAMILY,등산화,여성,1,1,1,34740
2024-09-19,FAMILY,라운드티,긴바지,1,1,1,34260
2024-09-19,FAMILY,반바지,남성,1,1,1,28190
2024-09-19,FAMILY,여성,여성,1,1,1,34740
2024-09-19,FAMILY,자켓/ 베스트,가방,1,1,1,53000
2024-09-20,FAMILY,긴바지,남성,1,1,3,195850
2024-09-20,FAMILY,남성,남성,5,5,8,418470
2024-09-20,FAMILY,남성,가방,1,1,1,61610
2024-09-20,FAMILY,남성,긴바지,1,1,1,57000
2024-09-20,FAMILY,남성,폴로/집업티,1,1,1,36420
2024-09-20,FAMILY,남성,라운드티,1,1,1,23600
2024-09-20,FAMILY,남성,여성,1,1,1,10000
2024-09-20,FAMILY,라운드티,남성,1,1,3,195850
2024-09-20,FAMILY,상의,남성,1,1,4,24000
2024-09-20,FAMILY,셋업,남성,1,1,4,24000
2024-09-20,FAMILY,트레일러닝,남성,1,1,1,14500
2024-09-20,FAMILY,트레일러닝,액세서리,1,1,1,5500
2024-09-20,FAMILY,하이킹,남성,1,1,1,49000
2024-09-21,FAMILY,긴바지,셋업,2,2,2,124140
2024-09-21,FAMILY,긴바지,긴바지,1,1,1,41440
2024-09-21,FAMILY,긴바지,라운드티,1,1,1,39970
2024-09-21,FAMILY,남성,남성,5,5,9,344700
2024-09-21,FAMILY,남성,라운드티,1,1,1,20860
2024-09-21,FAMILY,라운드티,라운드티,1,1,2,73360
2024-09-21,FAMILY,라운드티,상의,1,1,1,41410
2024-09-21,FAMILY,반바지,라운드티,1,1,2,73360
2024-09-21,FAMILY,셋업,라운드티,1,1,2,73360
2024-09-21,SILVER,긴바지,셔츠,1,1,1,110070
2024-09-21,SILVER,라운드티,셔츠,1,1,1,110070
2024-09-22,FAMILY,가방,남성,3,3,4,122450
2024-09-22,FAMILY,가방,가방,1,1,1,61320
2024-09-22,FAMILY,긴바지,남성,9,9,11,779409
2024-09-22,FAMILY,긴바지,자켓/ 베스트,1,1,1,80920
2024-09-22,FAMILY,긴바지,라운드티,3,3,3,76980
2024-09-22,FAMILY,긴바지,긴바지,1,1,1,48920
2024-09-22,FAMILY,긴바지,여성,1,1,1,39100
2024-09-22,FAMILY,남성,남성,36,36,62,1061450
2024-09-22,FAMILY,남성,자켓/ 베스트,3,3,3,276770
2024-09-22,FAMILY,남성,여성,4,4,4,203990
2024-09-22,FAMILY,남성,라운드티,8,8,8,197130
2024-09-22,FAMILY,남성,맨투맨/후드티,2,2,2,150630
2024-09-22,FAMILY,남성,긴바지,2,2,2,98240
2024-09-22,FAMILY,남성,바람막이,1,1,1,91949
2024-09-22,FAMILY,남성,상의,1,1,1,40410
2024-09-22,FAMILY,남성,셋업,1,1,1,40400
2024-09-22,FAMILY,남성,자켓/베스트,1,1,1,33490
2024-09-22,FAMILY,남성,장갑,1,1,1,21000
2024-09-22,FAMILY,등산화,남성,2,2,2,136000
2024-09-22,FAMILY,라운드티,남성,8,8,14,438860
2024-09-22,FAMILY,라운드티,라운드티,8,8,8,241930
2024-09-22,FAMILY,라운드티,바람막이,1,1,1,91949
2024-09-22,FAMILY,라운드티,폴로티/집업,1,1,1,89650
2024-09-22,FAMILY,라운드티,자켓/ 베스트,1,1,1,80920
2024-09-22,FAMILY,라운드티,자켓/베스트,1,1,1,73350
2024-09-22,FAMILY,라운드티,여성,1,1,1,57230
2024-09-22,FAMILY,라운드티,긴바지,1,1,1,48920
2024-09-22,FAMILY,라운드티,셋업,1,1,1,40440
2024-09-22,FAMILY,라운드티,맨투맨/후드티,1,1,1,35640
2024-09-22,FAMILY,바람막이,남성,3,3,7,74480
2024-09-22,FAMILY,바람막이,크로스/토트백,1,1,1,40330
2024-09-22,FAMILY,반바지,여성,1,1,1,63070
2024-09-22,FAMILY,반바지,자켓/베스트,1,1,1,34080
2024-09-22,FAMILY,반바지,남성,1,1,1,19500
2024-09-22,FAMILY,상의,라운드티,1,1,1,45300
2024-09-22,FAMILY,상의,맨투맨/후드티,1,1,1,35570
2024-09-22,FAMILY,셋업,남성,4,4,4,101500
2024-09-22,FAMILY,셋업,여성,1,1,1,56040
2024-09-22,FAMILY,셋업,긴바지,1,1,1,47930
2024-09-22,FAMILY,액세서리,여성,1,1,1,74460
2024-09-22,FAMILY,액세서리,상의,1,1,1,40410
2024-09-22,FAMILY,액세서리,남성,1,1,2,25600
2024-09-22,FAMILY,여성,여성,2,2,2,262730
2024-09-22,FAMILY,여성,남성,6,6,9,170980
2024-09-22,FAMILY,여성,셋업,1,1,1,162320
2024-09-22,FAMILY,여성,상의,2,2,2,66830
2024-09-22,FAMILY,자켓/ 베스트,남성,2,2,2,84850
2024-09-22,FAMILY,트레일러닝,라운드티,1,1,1,27300
2024-09-22,FAMILY,하이킹,남성,1,1,1,139000
2024-09-22,FAMILY,하이킹,방수자켓,1,1,1,70300
2024-09-22,GOLD,남성,남성,1,1,1,57070
2024-09-22,SILVER,남성,남성,1,1,1,43040
2024-09-22,SILVER,남성,라운드티,1,1,1,36940
2024-09-23,FAMILY,UNKNOWN,남성,1,1,2,104550
2024-09-23,FAMILY,남성,남성,4,4,4,262660
2024-09-23,FAMILY,남성,하이킹,1,1,1,127000
2024-09-23,FAMILY,남성,등산화,1,1,1,106750
2024-09-23,FAMILY,라운드티,남성,1,1,1,83300
2024-09-23,FAMILY,여성,남성,1,1,1,7000
2024-09-23,FAMILY,햇,남성,1,1,1,32000
2024-09-23,SILVER,남성,남성,1,1,1,149000
2024-09-24,FAMILY,남성,남성,2,2,4,218000
2024-09-25,FAMILY,남성,남성,2,2,2,73500
2024-09-25,FAMILY,남성,가방,1,1,1,71160
2024-09-25,FAMILY,라운드티,여성,1,1,1,79500
2024-09-25,FAMILY,라운드티,남성,1,1,1,5000
2024-09-25,FAMILY,상의,여성,1,1,1,52300
2024-09-25,FAMILY,셔츠,남성,1,1,1,34500
2024-09-25,SILVER,볼캡,남성,1,1,1,73000
2024-09-26,FAMILY,남성,남성,2,2,2,157360
2024-09-26,FAMILY,남성,셋업,1,1,1,82850
2024-09-26,FAMILY,라운드티,남성,1,1,1,46060
2024-09-26,FAMILY,라운드티,라운드티,1,1,1,44830
2024-09-26,FAMILY,자켓/ 베스트,자켓/ 베스트,1,1,4,212000
2024-09-26,SILVER,남성,여성,1,1,1,65370
2024-09-27,FAMILY,긴바지,자켓/ 베스트,1,1,1,64670
2024-09-27,FAMILY,남성,등산화,1,1,1,111300
2024-09-27,FAMILY,남성,바람막이,1,1,1,105879
2024-09-27,FAMILY,남성,남성,1,1,1,74290
2024-09-27,FAMILY,등산화,남성,1,1,1,69000
2024-09-27,FAMILY,라운드티,자켓/ 베스트,1,1,1,64670
2024-09-27,FAMILY,반바지,자켓/ 베스트,1,1,1,64670
2024-09-27,FAMILY,셋업,남성,1,1,2,376340
2024-09-27,FAMILY,셋업,등산화,1,1,1,188170
2024-09-27,FAMILY,여성,남성,1,1,1,83000
2024-09-27,FAMILY,자켓/ 베스트,셋업,1,1,2,132020
2024-09-27,FAMILY,자켓/ 베스트,폴로티/집업,1,1,1,94710
2024-09-27,FAMILY,자켓/베스트,자켓/베스트,1,1,1,152100
2024-09-27,GOLD,라운드티,남성,1,1,1,43510
2024-09-27,SILVER,자켓/ 베스트,남성,1,1,1,229620
2024-09-28,FAMILY,UNKNOWN,폴로티/집업,1,1,1,83000
2024-09-28,FAMILY,긴바지,남성,1,1,1,323620
2024-09-28,FAMILY,남성,남성,1,1,1,323620
2024-09-28,FAMILY,라운드티,남성,2,2,2,502990
2024-09-28,FAMILY,방수자켓,남성,1,1,1,323620
2024-09-28,FAMILY,상의,남성,1,1,1,76990
2024-09-28,FAMILY,셋업,남성,1,1,1,184000
2024-09-28,FAMILY,인터체인지 (3 in 1),하이킹,1,1,1,137000
2024-09-29,FAMILY,남성,자켓/ 베스트,1,1,1,117850
2024-09-29,FAMILY,남성,남성,1,1,3,38180
2024-09-30,FAMILY,가방,남성,1,1,1,99000
2024-09-30,FAMILY,긴바지,남성,2,2,2,186560
2024-09-30,FAMILY,긴바지,셋업,1,1,1,77000
2024-09-30,FAMILY,남성,남성,5,5,5,420650
2024-09-30,FAMILY,남성,셋업,1,1,1,77000
2024-09-30,FAMILY,라운드티,남성,1,1,1,107920
2024-09-30,FAMILY,반바지,긴바지,1,1,1,79000
2024-09-30,FAMILY,셋업,남성,1,1,1,103260
2024-09-30,FAMILY,여성,남성,1,1,1,111300
2024-09-30,SILVER,남성,남성,1,1,1,119000
2024-10-01,FAMILY,남성,라운드티,1,1,1,52000
2024-10-01,FAMILY,반바지,셋업,1,1,1,56550
2024-10-01,SILVER,가방,남성,1,1,2,192990
2024-10-01,SILVER,가방,여성,1,1,1,115990
2024-10-01,SILVER,남성,남성,1,1,2,192990
2024-10-01,SILVER,남성,여성,1,1,1,115990
2024-10-02,FAMILY,긴바지,여성,1,1,1,227400
2024-10-02,FAMILY,긴바지,남성,1,1,1,119000
2024-10-02,FAMILY,남성,자켓/ 베스트,1,1,1,119400
2024-10-02,FAMILY,남성,남성,1,1,1,59000
2024-10-02,TITANIUM,긴바지,남성,1,1,2,138000
2024-10-03,FAMILY,남성,자켓/ 베스트,1,1,1,207640
2024-10-03,FAMILY,남성,남성,1,1,2,201520
2024-10-03,FAMILY,남성,긴바지,2,2,2,162050
2024-10-03,FAMILY,남성,액세서리,1,1,3,21840
2024-10-04,FAMILY,긴바지,남성,1,1,1,117980
2024-10-04,FAMILY,긴바지,셋업,1,1,1,96460
2024-10-04,FAMILY,남성,남성,1,1,1,129000
2024-10-04,FAMILY,반바지,남성,1,1,1,89000
2024-10-04,SILVER,폴로티/집업,바람막이,1,1,1,104349
2024-10-05,FAMILY,남성,남성,4,4,4,175430
2024-10-05,FAMILY,남성,자켓/ 베스트,2,2,2,100530
2024-10-05,FAMILY,남성,라운드티,1,1,1,48300
2024-10-05,FAMILY,등산화,남성,1,1,1,25400
2024-10-05,GOLD,라운드티,남성,1,1,1,63200
2024-10-05,SILVER,남성,남성,1,1,3,321780
2024-10-05,SILVER,남성,셋업,1,1,1,185960
2024-10-05,SILVER,남성,폴로티/집업,1,1,1,97420
2024-10-05,SILVER,남성,맨투맨/후드티,1,1,1,97420
2024-10-05,SILVER,자켓/ 베스트,남성,1,1,3,321780
2024-10-05,SILVER,자켓/ 베스트,셋업,1,1,1,185960
2024-10-05,SILVER,자켓/ 베스트,맨투맨/후드티,1,1,1,97420
2024-10-05,SILVER,자켓/ 베스트,폴로티/집업,1,1,1,97420
2024-10-05,SILVER,자켓/베스트,남성,1,1,3,321780
2024-10-05,SILVER,자켓/베스트,셋업,1,1,1,185960
2024-10-05,SILVER,자켓/베스트,폴로티/집업,1,1,1,97420
2024-10-05,SILVER,자켓/베스트,맨투맨/후드티,1,1,1,97420
2024-10-06,FAMILY,가방,남성,1,1,1,6500
2024-10-06,FAMILY,남성,남성,2,2,2,128780
2024-10-06,FAMILY,남성,자켓/ 베스트,1,1,1,107000
2024-10-06,FAMILY,남성,라운드티,1,1,1,48300
2024-10-06,FAMILY,라운드티,남성,2,2,3,189780
2024-10-06,FAMILY,라운드티,자켓/ 베스트,1,1,1,107000
2024-10-06,FAMILY,라운드티,긴바지,1,1,1,79000
2024-10-06,FAMILY,라운드티,라운드티,1,1,1,48300
2024-10-06,FAMILY,여성,남성,1,1,1,27780
2024-10-06,FAMILY,자켓/ 베스트,자켓/ 베스트,1,1,1,107000
2024-10-06,FAMILY,자켓/ 베스트,남성,1,1,1,56300
2024-10-06,FAMILY,자켓/ 베스트,라운드티,1,1,1,48300
2024-10-06,FAMILY,자켓/베스트,남성,1,1,1,27780
2024-10-06,FAMILY,햇,남성,1,1,1,27780
2024-10-07,FAMILY,남성,남성,3,3,3,304050
2024-10-07,FAMILY,남성,트레일러닝,1,1,1,103040
2024-10-07,FAMILY,남성,자켓/ 베스트,1,1,2,92790
2024-10-07,FAMILY,라운드티,자켓/베스트,1,1,1,169000
2024-10-07,FAMILY,라운드티,남성,1,1,1,89000
2024-10-07,FAMILY,맨투맨/후드티,남성,1,1,1,75640
2024-10-07,FAMILY,폴로/집업티,남성,1,1,1,75640
2024-10-07,FAMILY,하이킹,자켓/ 베스트,1,1,1,125300
2024-10-07,FAMILY,하이킹,라운드티,1,1,2,96600
2024-10-07,FAMILY,하이킹,남성,1,1,1,77000
2024-10-07,FAMILY,하이킹,셋업,1,1,1,69000
2024-10-08,FAMILY,UNKNOWN,남성,1,1,1,74700
2024-10-08,FAMILY,긴바지,남성,1,1,2,153050
2024-10-08,FAMILY,긴바지,긴바지,1,1,1,63480
2024-10-08,FAMILY,남성,여성,2,2,2,233820
2024-10-08,FAMILY,남성,긴바지,1,1,1,63480
2024-10-08,FAMILY,남성,남성,2,2,2,58300
2024-10-08,FAMILY,라운드티,남성,1,1,3,437000
2024-10-08,FAMILY,라운드티,크로스/토트백,1,1,1,59000
2024-10-08,FAMILY,셋업,남성,1,1,1,74700
2024-10-08,FAMILY,자켓/ 베스트,남성,1,1,1,74700
2024-10-08,FAMILY,하이킹,자켓/베스트,1,1,1,55300
2024-10-08,FAMILY,하이킹,라운드티,1,1,1,55300
2024-10-08,FAMILY,하이킹,남성,1,1,1,13000
2024-10-09,FAMILY,긴바지,긴바지,1,1,1,58550
2024-10-09,FAMILY,긴바지,폴로/집업티,1,1,1,48630
2024-10-09,FAMILY,남성,남성,3,3,4,111250
2024-10-09,FAMILY,남성,긴바지,1,1,1,58550
2024-10-09,FAMILY,남성,라운드티,1,1,1,54830
2024-10-09,FAMILY,남성,폴로/집업티,1,1,1,48630
2024-10-09,FAMILY,라운드티,긴바지,1,1,1,58550
2024-10-09,FAMILY,라운드티,폴로/집업티,1,1,1,48630
2024-10-10,FAMILY,UNKNOWN,남성,1,1,1,10000
2024-10-10,FAMILY,긴바지,여성,1,1,2,469220
2024-10-10,FAMILY,긴바지,남성,1,1,2,141350
2024-10-10,FAMILY,긴바지,라운드티,1,1,1,54280
2024-10-10,FAMILY,남성,여성,1,1,1,119000
2024-10-10,FAMILY,남성,남성,1,1,1,49000
2024-10-10,FAMILY,등산화,셋업,1,1,1,74190
2024-10-10,FAMILY,라운드티,여성,1,1,2,469220
2024-10-10,FAMILY,라운드티,자켓/ 베스트,2,2,2,297860
2024-10-10,FAMILY,라운드티,남성,2,2,3,265320
2024-10-10,FAMILY,라운드티,라운드티,2,2,2,103440
2024-10-10,FAMILY,바람막이,여성,1,1,2,469220
2024-10-10,FAMILY,바람막이,남성,1,1,2,141350
2024-10-10,FAMILY,바람막이,라운드티,1,1,1,54280
2024-10-10,FAMILY,반바지,자켓/ 베스트,1,1,1,176020
2024-10-10,FAMILY,반바지,남성,1,1,1,123970
2024-10-10,FAMILY,셋업,자켓/ 베스트,1,1,1,176020
2024-10-10,FAMILY,셋업,남성,1,1,1,123970
2024-10-11,FAMILY,UNKNOWN,남성,1,1,1,109160
2024-10-11,FAMILY,긴바지,하이킹,1,1,1,137000
2024-10-11,FAMILY,남성,남성,1,1,1,142720
2024-10-11,FAMILY,라운드티,남성,1,1,1,109160
2024-10-11,FAMILY,여성,여성,1,1,2,246200
2024-10-12,FAMILY,UNKNOWN,자켓/ 베스트,1,1,1,121610
2024-10-12,FAMILY,UNKNOWN,셋업,1,1,1,94440
2024-10-12,FAMILY,UNKNOWN,여성,1,1,1,60470
2024-10-12,FAMILY,UNKNOWN,남성,1,1,1,30570
2024-10-12,FAMILY,긴바지,바람막이,1,1,1,101399
2024-10-12,FAMILY,남성,여성,3,3,3,424480
2024-10-12,FAMILY,남성,남성,2,2,2,152550
2024-10-12,FAMILY,남성,자켓/ 베스트,1,1,1,121610
2024-10-12,FAMILY,남성,바람막이,1,1,1,101399
2024-10-12,FAMILY,남성,셋업,1,1,1,94440
2024-10-12,FAMILY,등산화,여성,1,1,1,245010
2024-10-12,FAMILY,반바지,남성,1,1,1,24230
2024-10-12,FAMILY,자켓/ 베스트,여성,1,1,1,98100
2024-10-12,FAMILY,자켓/ 베스트,라운드티,1,1,1,49770
2024-10-12,FAMILY,장갑,자켓/ 베스트,1,1,1,121610
2024-10-12,FAMILY,장갑,셋업,1,1,1,94440
2024-10-12,FAMILY,장갑,여성,1,1,1,60470
2024-10-12,FAMILY,하이킹,남성,1,1,2,76500
2024-10-12,GOLD,라운드티,남성,1,1,6,334010
2024-10-12,GOLD,라운드티,라운드티,1,1,1,47430
2024-10-13,FAMILY,긴바지,긴바지,2,2,3,291150
2024-10-13,FAMILY,긴바지,셋업,1,1,2,171540
2024-10-13,FAMILY,긴바지,자켓/ 베스트,1,1,1,52160
2024-10-13,FAMILY,남성,남성,2,2,3,63550
2024-10-13,FAMILY,여성,남성,1,1,1,89000
2024-10-13,FAMILY,자켓/ 베스트,남성,1,1,2,29000
2024-10-14,FAMILY,남성,셋업,1,1,1,97300
2024-10-14,FAMILY,남성,폴로티/집업,1,1,1,96100
2024-10-14,FAMILY,남성,남성,2,2,2,95790
2024-10-14,FAMILY,남성,여성,1,1,1,87800
2024-10-14,FAMILY,남성,가방,1,1,1,73000
2024-10-14,FAMILY,남성,라운드티,1,1,1,58200
2024-10-14,SILVER,라운드티,여성,1,1,1,79000
2024-10-14,SILVER,라운드티,남성,1,1,1,25000
2024-10-14,SILVER,셋업,여성,1,1,1,79000
2024-10-14,SILVER,셋업,남성,1,1,1,25000
2024-10-14,SILVER,자켓/ 베스트,여성,1,1,1,79000
2024-10-14,SILVER,자켓/ 베스트,남성,1,1,1,25000
2024-10-15,FAMILY,긴바지,남성,1,1,4,185700
2024-10-15,FAMILY,남성,남성,4,4,5,353840
2024-10-15,FAMILY,라운드티,UNKNOWN,1,1,1,100000
2024-10-15,FAMILY,라운드티,라운드티,1,1,1,48300
2024-10-15,FAMILY,반바지,여성,1,1,1,72840
2024-10-15,FAMILY,여성,남성,1,1,2,26000
2024-10-15,FAMILY,자켓/ 베스트,UNKNOWN,1,1,1,100000
2024-10-15,FAMILY,자켓/ 베스트,여성,1,1,1,72840
2024-10-15,FAMILY,햇,남성,1,1,4,185700
2024-10-15,SILVER,남성,남성,1,1,3,419510
2024-10-15,SILVER,남성,자켓/베스트,1,1,1,104810
2024-10-15,SILVER,라운드티,남성,1,1,3,419510
2024-10-15,SILVER,라운드티,자켓/베스트,1,1,1,104810
2024-10-15,SILVER,반바지,남성,1,1,3,419510
2024-10-15,SILVER,반바지,자켓/베스트,1,1,1,104810
2024-10-16,FAMILY,가방,남성,1,1,1,4500
2024-10-16,FAMILY,긴바지,셋업,1,1,1,63050
2024-10-16,FAMILY,남성,남성,9,9,11,569729
2024-10-16,FAMILY,남성,가방,1,1,1,64050
2024-10-16,FAMILY,남성,라운드티,1,1,1,44770
2024-10-16,FAMILY,남성,여성,1,1,1,44500
2024-10-16,FAMILY,남성,자켓/베스트,1,1,1,42380
2024-10-16,FAMILY,남성,자켓/ 베스트,1,1,1,25110
2024-10-16,FAMILY,라운드티,여성,1,1,1,100170
2024-10-16,FAMILY,라운드티,셋업,1,1,1,64250
2024-10-16,FAMILY,방수자켓,남성,1,1,3,67280
2024-10-16,FAMILY,셋업,여성,1,1,1,44500
2024-10-16,FAMILY,셋업,남성,1,1,1,44500
2024-10-16,FAMILY,셋업,자켓/베스트,1,1,1,42380
2024-10-16,FAMILY,셔츠,라운드티,1,1,1,32520
2024-10-16,FAMILY,여성,남성,1,1,1,11250
2024-10-16,FAMILY,자켓/ 베스트,긴바지,1,1,1,93870
2024-10-16,FAMILY,자켓/ 베스트,라운드티,1,1,1,40770
2024-10-16,FAMILY,자켓/ 베스트,남성,1,1,1,11250
2024-10-16,FAMILY,하이킹,남성,1,1,1,68000
2024-10-16,SILVER,남성,남성,1,1,1,48100
2024-10-17,FAMILY,긴바지,남성,3,3,3,351660
2024-10-17,FAMILY,긴바지,라운드티,1,1,1,43980
2024-10-17,FAMILY,남성,남성,3,3,3,81280
2024-10-17,FAMILY,남성,긴바지,1,1,1,68170
2024-10-17,FAMILY,라운드티,남성,1,1,1,71550
2024-10-17,FAMILY,여성,남성,1,1,1,14720
2024-10-17,SILVER,남성,셋업,1,1,1,218100
2024-10-18,FAMILY,UNKNOWN,남성,1,1,1,77100
2024-10-18,FAMILY,남성,남성,1,1,1,70020
2024-10-18,FAMILY,등산화,남성,1,1,1,22060
2024-10-18,FAMILY,라운드티,남성,1,1,1,107420
2024-10-18,FAMILY,바람막이,라운드티,1,1,1,35570
2024-10-18,FAMILY,반바지,남성,1,1,1,107420
2024-10-18,FAMILY,셋업,라운드티,1,1,1,48300
2024-10-18,FAMILY,여성,여성,1,1,1,113150
2024-10-18,FAMILY,햇,남성,1,1,2,51250
2024-10-19,FAMILY,남성,남성,4,4,6,308380
2024-10-19,FAMILY,라운드티,남성,3,3,3,144030
2024-10-19,FAMILY,액세서리,남성,1,1,3,44320
2024-10-19,FAMILY,트레일러닝,남성,1,1,1,71220
2024-10-20,FAMILY,긴바지,남성,1,1,5,63440
2024-10-20,FAMILY,남성,남성,2,2,6,212440
2024-10-20,FAMILY,남성,자켓/ 베스트,2,2,2,91680
2024-10-20,FAMILY,남성,여성,2,2,2,88000
2024-10-20,FAMILY,상의,폴로티/집업,1,1,1,87740
2024-10-20,FAMILY,상의,자켓/ 베스트,1,1,1,56200
2024-10-20,FAMILY,상의,남성,1,1,1,22160
2024-10-20,SILVER,자켓/ 베스트,자켓/ 베스트,1,1,1,45700
2024-10-21,FAMILY,남성,남성,2,2,2,281970
2024-10-21,FAMILY,남성,여성,1,1,1,197000
2024-10-21,FAMILY,남성,셔츠,1,1,1,126190
2024-10-21,SILVER,남성,남성,1,1,1,100420
2024-10-22,FAMILY,남성,부츠,1,1,1,148630
2024-10-22,FAMILY,남성,패딩/슬림다운,1,1,1,116270
2024-10-22,FAMILY,남성,남성,3,3,3,108050
2024-10-22,FAMILY,라운드티,패딩/슬림다운,1,1,1,116270
2024-10-22,FAMILY,라운드티,자켓/ 베스트,1,1,1,104090
2024-10-22,FAMILY,라운드티,셋업,1,1,1,74910
2024-10-22,FAMILY,상의,남성,1,1,2,21190
2024-10-22,FAMILY,셋업,라운드티,1,1,1,46980
2024-10-22,FAMILY,여성,부츠,1,1,1,148630
2024-10-22,FAMILY,여성,셋업,1,1,1,59740
2024-10-22,FAMILY,자켓/ 베스트,남성,1,1,1,94500
2024-10-22,SILVER,남성,남성,1,1,2,30000
2024-10-23,FAMILY,남성,남성,2,2,3,78250
2024-10-23,FAMILY,라운드티,남성,1,1,1,9070
2024-10-23,FAMILY,반바지,바람막이,1,1,1,136300
2024-10-23,FAMILY,셋업,남성,1,1,1,119200
2024-10-23,FAMILY,액세서리,남성,1,1,1,119200
2024-10-23,FAMILY,여성,여성,1,1,2,232900
2024-10-23,FAMILY,패딩/슬림다운,패딩/슬림다운,1,1,1,142980
2024-10-23,SILVER,남성,남성,1,1,4,716000
2024-10-23,TITANIUM,남성,남성,1,1,1,139170
2024-10-24,FAMILY,가방,남성,1,1,1,98030
2024-10-24,FAMILY,긴바지,남성,1,1,1,109140
2024-10-24,FAMILY,남성,남성,6,6,7,358930
2024-10-24,FAMILY,남성,볼캡,1,1,1,59000
2024-10-24,FAMILY,남성,라운드티,1,1,1,49630
2024-10-24,FAMILY,라운드티,남성,1,1,1,109140
2024-10-24,FAMILY,라운드티,자켓/베스트,1,1,1,109000
2024-10-24,FAMILY,라운드티,라운드티,1,1,1,48300
2024-10-24,FAMILY,셋업,가방,1,1,1,70010
2024-10-24,FAMILY,여성,바람막이,1,1,1,139300
2024-10-24,FAMILY,여성,남성,1,1,1,105470
2024-10-25,FAMILY,남성,남성,4,4,4,964600
2024-10-25,FAMILY,남성,하이킹,1,1,1,135850
2024-10-25,FAMILY,남성,자켓/ 베스트,1,1,1,124250
2024-10-25,FAMILY,남성,셋업,1,1,1,76350
2024-10-25,FAMILY,라운드티,남성,1,1,2,44150
2024-10-25,FAMILY,반바지,남성,1,1,1,153780
2024-10-25,SILVER,긴바지,여성,1,1,3,477130
2024-10-25,SILVER,남성,여성,1,1,3,477130
2024-10-25,SILVER,라운드티,여성,1,1,3,477130
2024-10-26,FAMILY,남성,남성,2,2,2,220130
2024-10-26,FAMILY,남성,여성,1,1,1,159500
2024-10-26,FAMILY,셋업,남성,1,1,1,95170
2024-10-26,FAMILY,자켓/ 베스트,남성,1,1,1,95170
2024-10-26,SILVER,하이킹,가방,1,1,1,73000
2024-10-27,FAMILY,긴바지,남성,1,1,1,67880
2024-10-27,FAMILY,남성,남성,1,1,1,115800
2024-10-27,FAMILY,여성,남성,1,1,1,28130
2024-10-28,FAMILY,UNKNOWN,남성,1,1,3,241870
2024-10-28,FAMILY,UNKNOWN,셋업,1,1,2,101030
2024-10-28,FAMILY,UNKNOWN,액세서리,1,1,1,18920
2024-10-28,FAMILY,남성,남성,4,4,6,544690
2024-10-28,FAMILY,남성,여성,2,2,2,189250
2024-10-28,FAMILY,남성,셋업,1,1,2,101030
2024-10-28,FAMILY,남성,액세서리,1,1,1,18920
2024-10-28,FAMILY,자켓/베스트,남성,1,1,1,77160
2024-10-29,FAMILY,긴바지,UNKNOWN,1,1,1,179000
2024-10-29,FAMILY,남성,남성,1,1,1,212400
2024-10-29,FAMILY,라운드티,자켓/ 베스트,1,1,1,44030
2024-10-29,FAMILY,셋업,남성,1,1,3,111310
2024-10-29,FAMILY,폴로티/집업,UNKNOWN,1,1,1,179000
2024-10-30,FAMILY,긴바지,남성,1,1,1,102790
2024-10-30,FAMILY,남성,남성,2,2,4,193250
2024-10-30,FAMILY,남성,폴로티/집업,1,1,1,99000
2024-10-30,FAMILY,남성,여성,1,1,1,79000
2024-10-30,FAMILY,셔츠,남성,1,1,2,89000
2024-10-30,FAMILY,여성,남성,1,1,2,104250
2024-10-30,FAMILY,여성,여성,1,1,1,79000
2024-10-30,SILVER,남성,자켓/ 베스트,1,1,1,149500
2024-10-30,SILVER,바람막이,자켓/ 베스트,1,1,1,149500
2024-10-30,SILVER,셋업,자켓/ 베스트,1,1,1,149500
2024-10-31,FAMILY,UNKNOWN,남성,2,2,2,268760
2024-10-31,FAMILY,긴바지,남성,1,1,1,70000
2024-10-31,FAMILY,남성,남성,14,14,20,1218320
2024-10-31,FAMILY,남성,자켓/베스트,2,2,3,253300
2024-10-31,FAMILY,남성,셔츠,1,1,2,139000
2024-10-31,FAMILY,남성,긴바지,1,1,1,98360
2024-10-31,FAMILY,남성,패딩/슬림다운,1,1,1,69500
2024-10-31,FAMILY,등산화,등산화,1,1,1,149010
2024-10-31,FAMILY,라운드티,남성,3,3,6,417840
2024-10-31,FAMILY,라운드티,자켓/베스트,2,2,3,253300
2024-10-31,FAMILY,라운드티,셔츠,1,1,2,139000
2024-10-31,FAMILY,라운드티,패딩/슬림다운,1,1,1,69500
2024-10-31,FAMILY,바람막이,남성,2,2,2,171150
2024-10-31,FAMILY,셋업,패딩/슬림다운,2,2,2,208800
2024-10-31,FAMILY,셋업,남성,1,1,4,193000
2024-10-31,FAMILY,셋업,자켓/베스트,1,1,2,184000
2024-10-31,FAMILY,셋업,셔츠,1,1,2,139000
2024-10-31,FAMILY,셋업,셋업,1,1,1,97300
2024-10-31,FAMILY,여성,여성,2,2,2,185660
2024-11-01,FAMILY,남성,남성,1,1,1,63250
2024-11-01,FAMILY,햇,남성,1,1,1,47700
2024-11-01,SILVER,남성,남성,1,1,3,81000
2024-11-02,FAMILY,남성,가방,1,1,1,74550
2024-11-02,FAMILY,남성,여성,1,1,1,67930
2024-11-02,FAMILY,남성,남성,1,1,1,39000
2024-11-02,FAMILY,등산화,등산화,1,1,1,129950
2024-11-02,FAMILY,등산화,하이킹,1,1,1,123300
2024-11-02,FAMILY,여성,UNKNOWN,1,1,1,68870
2024-11-02,FAMILY,여성,남성,1,1,1,8040
2024-11-02,FAMILY,하이킹,등산화,1,1,1,129950
2024-11-03,FAMILY,가방,남성,1,1,1,165680
2024-11-03,FAMILY,등산화,바람막이,1,1,1,121750
2024-11-03,FAMILY,등산화,남성,1,1,1,104840
2024-11-03,FAMILY,라운드티,하이킹,1,1,1,81250
2024-11-03,FAMILY,셋업,남성,1,1,1,8000
2024-11-03,FAMILY,여성,여성,1,1,1,132050
2024-11-03,FAMILY,여성,남성,1,1,1,62000
2024-11-03,SILVER,폴로티/집업,남성,1,1,1,149000
2024-11-04,FAMILY,남성,가방,1,1,1,78000
2024-11-04,FAMILY,남성,남성,1,1,1,71200
2024-11-04,FAMILY,등산화,남성,1,1,1,107970
2024-11-04,FAMILY,라운드티,자켓/베스트,1,1,1,49320
2024-11-04,FAMILY,반바지,라운드티,1,1,1,38000
2024-11-04,FAMILY,여성,등산화,1,1,1,148170
2024-11-04,FAMILY,여성,액세서리,1,1,1,10960
2024-11-04,SILVER,라운드티,남성,1,1,1,80550
2024-11-05,FAMILY,가방,남성,2,2,2,139000
2024-11-05,FAMILY,긴바지,남성,1,1,1,25800
2024-11-05,FAMILY,남성,남성,6,6,9,331450
2024-11-05,FAMILY,등산화,남성,1,1,1,29000
2024-11-05,FAMILY,라운드티,남성,2,2,3,173430
2024-11-05,FAMILY,라운드티,라운드티,1,1,1,40000
2024-11-05,FAMILY,반바지,라운드티,1,1,1,40000
2024-11-05,FAMILY,셋업,가방,1,1,1,83000
2024-11-05,FAMILY,장갑,남성,1,1,1,19000
2024-11-05,FAMILY,하이킹,남성,1,1,2,51930
2024-11-05,GOLD,긴바지,남성,1,1,2,248920
2024-11-05,GOLD,긴바지,등산화,1,1,1,110680
2024-11-05,GOLD,남성,남성,1,1,2,248920
2024-11-05,GOLD,남성,등산화,1,1,1,110680
2024-11-05,GOLD,라운드티,남성,1,1,2,248920
2024-11-05,GOLD,라운드티,등산화,1,1,1,110680
2024-11-05,GOLD,자켓/ 베스트,남성,1,1,2,248920
2024-11-05,GOLD,자켓/ 베스트,등산화,1,1,1,110680
2024-11-06,FAMILY,남성,남성,6,6,7,421620
2024-11-06,FAMILY,자켓/ 베스트,남성,1,1,2,278600
2024-11-06,FAMILY,자켓/ 베스트,여성,1,1,1,209300
2024-11-06,FAMILY,패딩/슬림다운,남성,1,1,1,17780
2024-11-06,SILVER,남성,맨투맨/후드티,1,1,1,63140
2024-11-07,FAMILY,UNKNOWN,바람막이,1,1,1,104279
2024-11-07,FAMILY,남성,남성,3,3,4,217880
2024-11-07,FAMILY,남성,패딩/슬림다운,1,1,1,134100
2024-11-07,FAMILY,남성,바람막이,1,1,1,104279
2024-11-07,FAMILY,남성,크로스/토트백,1,1,1,29500
2024-11-07,FAMILY,등산화,남성,1,1,1,140720
2024-11-07,FAMILY,라운드티,남성,3,3,4,462320
2024-11-07,FAMILY,라운드티,바람막이,1,1,1,104279
2024-11-07,FAMILY,반바지,남성,1,1,1,47340
2024-11-07,FAMILY,상의,여성,1,1,1,223300
2024-11-07,FAMILY,여성,여성,2,2,2,365630
2024-11-07,FAMILY,여성,라운드티,1,1,1,39610
2024-11-07,FAMILY,하이킹,여성,1,1,1,217480
2024-11-07,SILVER,남성,UNKNOWN,1,1,1,106300
2024-11-08,FAMILY,가방,남성,1,1,1,189970
2024-11-08,FAMILY,긴바지,라운드티,1,1,1,41570
2024-11-08,FAMILY,남성,남성,2,2,4,164920
2024-11-08,FAMILY,반바지,남성,1,1,1,28510
2024-11-08,FAMILY,자켓/ 베스트,남성,1,1,2,234500
2024-11-08,FAMILY,자켓/ 베스트,자켓/ 베스트,1,1,1,93620
2024-11-08,FAMILY,자켓/ 베스트,셋업,1,1,1,67370
2024-11-09,FAMILY,긴바지,남성,1,1,1,176910
2024-11-09,FAMILY,남성,남성,2,2,2,203720
2024-11-09,FAMILY,남성,셋업,1,1,1,138420
2024-11-09,FAMILY,등산화,남성,1,1,1,176910
2024-11-10,FAMILY,남성,남성,4,4,4,165250
2024-11-10,FAMILY,남성,가방,1,1,1,82700
2024-11-10,FAMILY,등산화,남성,1,1,1,14820
2024-11-10,FAMILY,라운드티,여성,1,1,1,218160
2024-11-10,FAMILY,라운드티,남성,1,1,1,208490
2024-11-10,FAMILY,셋업,남성,1,1,1,31860
2024-11-10,FAMILY,스니커즈,남성,1,1,5,53360
2024-11-10,FAMILY,여성,여성,1,1,1,213820
2024-11-11,FAMILY,긴바지,남성,1,1,1,137200
2024-11-11,FAMILY,남성,하이킹,1,1,1,82560
2024-11-11,FAMILY,남성,남성,2,2,3,29700
2024-11-11,FAMILY,라운드티,남성,1,1,1,44800
2024-11-11,FAMILY,스니커즈,남성,1,1,1,94000
2024-11-11,FAMILY,여성,하이킹,1,1,1,82560
2024-11-11,FAMILY,여성,남성,1,1,1,20620
2024-11-12,FAMILY,UNKNOWN,여성,1,1,1,127000
2024-11-12,FAMILY,남성,남성,4,4,8,179740
2024-11-12,FAMILY,남성,하이킹,1,1,1,120670
2024-11-12,FAMILY,남성,여성,1,1,1,71070
2024-11-12,FAMILY,남성,라운드티,1,1,1,35540
2024-11-12,FAMILY,라운드티,남성,1,1,1,17100
2024-11-12,FAMILY,인터체인지 (3 in 1),폴로티/집업,1,1,1,62660
2024-11-12,FAMILY,인터체인지 (3 in 1),남성,1,1,1,49990
2024-11-13,FAMILY,긴바지,여성,1,1,1,55670
2024-11-13,FAMILY,남성,남성,2,2,4,127830
2024-11-13,FAMILY,여성,등산화,1,1,1,96610
2024-11-13,SILVER,남성,남성,1,1,1,193500
2024-11-14,FAMILY,남성,가방,1,1,1,78620
2024-11-14,FAMILY,라운드티,여성,1,1,2,202490
2024-11-14,FAMILY,라운드티,등산화,1,1,1,108340
2024-11-14,FAMILY,라운드티,라운드티,1,1,1,40210
2024-11-14,FAMILY,라운드티,남성,1,1,2,29800
2024-11-14,FAMILY,반바지,여성,1,1,2,202490
2024-11-14,FAMILY,반바지,등산화,1,1,1,108340
2024-11-14,FAMILY,반바지,라운드티,1,1,1,40210
2024-11-14,FAMILY,방수자켓,남성,1,1,1,221200
2024-11-14,FAMILY,셋업,여성,1,1,2,202490
2024-11-14,FAMILY,셋업,등산화,1,1,1,108340
2024-11-14,FAMILY,셋업,라운드티,1,1,1,40210
2024-11-14,FAMILY,자켓/ 베스트,남성,1,1,1,139000
2024-11-14,SILVER,셋업,남성,1,1,1,77360
2024-11-15,FAMILY,UNKNOWN,여성,1,1,2,282000
2024-11-15,FAMILY,긴바지,남성,2,2,2,242940
2024-11-15,FAMILY,긴바지,맨투맨/후드티,1,1,1,77540
2024-11-15,FAMILY,남성,남성,14,14,18,989520
2024-11-15,FAMILY,남성,긴바지,1,1,1,104300
2024-11-15,FAMILY,남성,크로스/토트백,1,1,1,53100
2024-11-15,FAMILY,남성,라운드티,1,1,1,46770
2024-11-15,FAMILY,등산화,남성,1,1,1,20910
2024-11-15,FAMILY,라운드티,남성,3,3,4,353440
2024-11-15,FAMILY,라운드티,가방,1,1,1,78000
2024-11-15,FAMILY,셋업,남성,1,1,1,140390
2024-11-15,FAMILY,셋업,맨투맨/후드티,1,1,1,77540
2024-11-15,FAMILY,액세서리,남성,1,1,1,67980
2024-11-15,FAMILY,여성,등산화,1,1,2,270570
2024-11-15,FAMILY,여성,여성,1,1,1,189300
2024-11-15,FAMILY,트레일러닝,여성,1,1,1,178400
2024-11-15,FAMILY,하이킹,남성,3,3,3,144680
2024-11-15,FAMILY,하이킹,하이킹,1,1,1,132000
2024-11-15,SILVER,긴바지,남성,1,1,3,130840
2024-11-15,SILVER,남성,남성,3,3,4,679500
2024-11-15,SILVER,남성,UNKNOWN,1,1,1,179000
2024-11-15,SILVER,라운드티,여성,1,1,2,266450
2024-11-15,SILVER,라운드티,남성,1,1,1,75910
2024-11-15,SILVER,라운드티,라운드티,1,1,1,40500
2024-11-15,SILVER,셋업,여성,1,1,2,266450
2024-11-15,SILVER,셋업,남성,1,1,1,75910
2024-11-15,SILVER,셋업,라운드티,1,1,1,40500
2024-11-16,FAMILY,UNKNOWN,남성,1,1,1,159000
2024-11-16,FAMILY,긴바지,남성,3,3,3,548690
2024-11-16,FAMILY,남성,남성,7,7,7,488190
2024-11-16,FAMILY,남성,여성,2,2,2,203620
2024-11-16,FAMILY,남성,볼캡,1,1,1,45000
2024-11-16,FAMILY,라운드티,남성,1,1,1,79000
2024-11-16,FAMILY,방수자켓,남성,1,1,1,64800
2024-11-16,FAMILY,상의,남성,1,1,1,143470
2024-11-16,FAMILY,셋업,여성,1,1,2,184800
2024-11-16,FAMILY,하이킹,남성,1,1,1,342400
2024-11-16,FAMILY,하이킹,여성,1,1,2,184800
2024-11-17,FAMILY,가방,남성,1,1,1,44000
2024-11-17,FAMILY,긴바지,남성,1,1,1,62280
2024-11-17,FAMILY,남성,남성,7,7,9,624850
2024-11-17,FAMILY,남성,미드/롱다운,1,1,1,323000
2024-11-17,FAMILY,남성,여성,2,2,3,191700
2024-11-17,FAMILY,남성,긴바지,1,1,1,89500
2024-11-17,FAMILY,남성,가방,1,1,1,64800
2024-11-17,FAMILY,남성,맨투맨/후드티,1,1,1,61830
2024-11-17,FAMILY,남성,장갑,1,1,1,49500
2024-11-17,FAMILY,라운드티,남성,1,1,1,48380
2024-11-17,FAMILY,여성,남성,1,1,3,163500
2024-11-17,FAMILY,여성,긴바지,1,1,1,89500
2024-11-17,FAMILY,여성,여성,1,1,1,49500
2024-11-17,FAMILY,여성,장갑,1,1,1,49500
2024-11-17,FAMILY,자켓/ 베스트,남성,2,2,2,166420
2024-11-18,FAMILY,긴바지,남성,1,1,1,30000
2024-11-18,FAMILY,남성,남성,11,11,14,1370760
2024-11-18,FAMILY,남성,여성,3,3,3,384030
2024-11-18,FAMILY,남성,셋업,1,1,1,69500
2024-11-18,FAMILY,남성,볼캡,1,1,1,30990
2024-11-18,FAMILY,라운드티,남성,1,1,1,49070
2024-11-18,FAMILY,반바지,남성,1,1,2,122220
2024-11-18,FAMILY,셋업,볼캡,1,1,2,86890
2024-11-18,FAMILY,여성,남성,2,2,4,280480
2024-11-18,FAMILY,여성,셋업,1,1,1,69500
2024-11-18,FAMILY,자켓/ 베스트,여성,1,1,1,178400
2024-11-18,FAMILY,자켓/ 베스트,남성,1,1,1,30000
2024-11-18,FAMILY,캡,남성,1,1,1,142440
2024-11-18,SILVER,긴바지,볼캡,1,1,1,42000
2024-11-18,SILVER,남성,남성,1,1,1,111310
2024-11-18,SILVER,자켓/ 베스트,남성,1,1,1,111310
2024-11-19,FAMILY,UNKNOWN,남성,1,1,1,22550
2024-11-19,FAMILY,남성,남성,14,14,21,1219460
2024-11-19,FAMILY,남성,맨투맨/후드티,1,1,2,158400
2024-11-19,FAMILY,남성,셔츠,1,1,1,104330
2024-11-19,FAMILY,남성,폴로티/집업,1,1,1,88850
2024-11-19,FAMILY,남성,긴바지,1,1,1,70900
2024-11-19,FAMILY,등산화,남성,1,1,2,27370
2024-11-19,FAMILY,라운드티,남성,1,1,1,140040
2024-11-19,FAMILY,여성,남성,1,1,1,13500
2024-11-19,FAMILY,트레일러닝,남성,1,1,2,54750
2024-11-19,SILVER,셋업,남성,1,1,1,49320
2024-11-20,FAMILY,가방,남성,1,1,1,136080
2024-11-20,FAMILY,긴바지,남성,1,1,1,207190
2024-11-20,FAMILY,남성,남성,13,13,18,1394030
2024-11-20,FAMILY,남성,여성,2,2,2,311300
2024-11-20,FAMILY,남성,볼캡,1,1,2,85000
2024-11-20,FAMILY,남성,가방,1,1,1,63690
2024-11-20,FAMILY,라운드티,자켓/ 베스트,1,1,1,48780
2024-11-20,FAMILY,라운드티,남성,1,1,1,28140
2024-11-20,FAMILY,맨투맨/후드티,남성,1,1,1,44110
2024-11-20,FAMILY,바람막이,남성,1,1,1,273810
2024-11-20,FAMILY,반바지,자켓/ 베스트,1,1,1,48780
2024-11-20,FAMILY,셋업,여성,2,2,2,293110
2024-11-20,FAMILY,셋업,남성,2,2,3,113010
2024-11-20,FAMILY,여성,여성,2,2,4,466080
2024-11-20,FAMILY,하이킹,남성,2,2,4,231800
2024-11-20,SILVER,등산화,남성,1,1,1,130770
2024-11-20,SILVER,등산화,자켓/ 베스트,1,1,1,49860
2024-11-20,TITANIUM,남성,남성,1,1,1,118300
2024-11-21,FAMILY,긴바지,셋업,1,1,1,115100
2024-11-21,FAMILY,긴바지,남성,2,2,2,114580
2024-11-21,FAMILY,긴바지,볼캡,1,1,1,43450
2024-11-21,FAMILY,남성,남성,16,16,19,1683180
2024-11-21,FAMILY,남성,여성,2,2,3,222470
2024-11-21,FAMILY,남성,자켓/ 베스트,1,1,1,48000
2024-11-21,FAMILY,라운드티,남성,1,1,1,139010
2024-11-21,FAMILY,라운드티,라운드티,1,1,1,28880
2024-11-21,FAMILY,바람막이,남성,2,2,5,303140
2024-11-21,FAMILY,바람막이,셋업,1,1,1,115100
2024-11-21,FAMILY,바람막이,여성,1,1,1,111300
2024-11-21,FAMILY,바람막이,볼캡,1,1,1,43450
2024-11-21,FAMILY,반바지,남성,1,1,1,88960
2024-11-21,FAMILY,여성,여성,1,1,1,173940
2024-11-21,FAMILY,여성,남성,1,1,1,68190
2024-11-21,FAMILY,여성,라운드티,1,1,1,36620
2024-11-21,FAMILY,자켓/ 베스트,남성,2,2,2,126335
2024-11-21,FAMILY,하이킹,남성,1,1,1,143400
2024-11-22,FAMILY,남성,남성,10,10,13,660150
2024-11-22,FAMILY,남성,긴바지,1,1,1,93250
2024-11-22,FAMILY,맨투맨/후드티,남성,1,1,1,116690
2024-11-22,FAMILY,미드/롱다운,여성,1,1,1,194240
2024-11-22,FAMILY,미드/롱다운,남성,1,1,1,179920
2024-11-22,FAMILY,미드/롱다운,볼캡,1,1,1,41740
2024-11-22,FAMILY,바람막이,남성,1,1,1,135330
2024-11-22,FAMILY,반바지,남성,1,1,1,140900
2024-11-22,FAMILY,볼캡,남성,1,1,1,143400
2024-11-22,FAMILY,여성,남성,2,2,5,498200
2024-11-22,FAMILY,자켓/ 베스트,남성,1,1,1,37700
2024-11-22,FAMILY,자켓/베스트,남성,1,1,1,193950
2024-11-22,SILVER,남성,남성,2,2,4,440700
2024-11-22,SILVER,셋업,여성,1,1,1,215400
2024-11-22,SILVER,셋업,긴바지,1,1,1,90300
2024-11-23,FAMILY,가방,남성,1,1,1,72590
2024-11-23,FAMILY,남성,남성,14,14,16,892160
2024-11-23,FAMILY,라운드티,남성,1,1,1,119260
2024-11-23,FAMILY,반바지,남성,1,1,1,80040
2024-11-23,FAMILY,여성,여성,1,1,1,196300
2024-11-23,FAMILY,자켓/ 베스트,남성,1,1,1,77400
2024-11-24,FAMILY,긴바지,여성,1,1,1,159990
2024-11-24,FAMILY,남성,남성,10,10,13,1556610
2024-11-24,FAMILY,남성,미드/롱다운,1,1,1,324060
2024-11-24,FAMILY,남성,여성,1,1,1,159990
2024-11-24,FAMILY,남성,맨투맨/후드티,1,1,1,79200
2024-11-24,FAMILY,남성,볼캡,1,1,1,35000
2024-11-24,FAMILY,라운드티,남성,2,2,3,210050
2024-11-24,FAMILY,라운드티,자켓/ 베스트,1,1,1,112270
2024-11-24,FAMILY,라운드티,셋업,1,1,1,104930
2024-11-24,FAMILY,맨투맨/후드티,맨투맨/후드티,1,1,1,79200
2024-11-24,FAMILY,미드/롱다운,남성,1,1,1,287400
2024-11-24,FAMILY,반바지,볼캡,1,1,1,42500
2024-11-24,FAMILY,셋업,남성,1,1,2,183540
2024-11-24,FAMILY,셋업,셋업,1,1,1,104930
2024-11-24,FAMILY,여성,여성,1,1,1,306400
2024-11-24,FAMILY,여성,남성,3,3,3,289190
2024-11-24,FAMILY,여성,볼캡,1,1,1,45000
2024-11-24,FAMILY,카고/조거,남성,1,1,1,25550
2024-11-24,SILVER,긴바지,남성,1,1,1,313050
2024-11-24,SILVER,남성,남성,1,1,1,313050
2024-11-25,FAMILY,UNKNOWN,남성,2,2,3,306020
2024-11-25,FAMILY,가방,남성,1,1,2,92490
2024-11-25,FAMILY,가방,가방,1,1,1,83000
2024-11-25,FAMILY,긴바지,남성,2,2,3,110860
2024-11-25,FAMILY,남성,남성,12,12,13,1826760
2024-11-25,FAMILY,남성,셋업,1,1,2,239400
2024-11-25,FAMILY,남성,여성,1,1,1,164970
2024-11-25,FAMILY,라운드티,남성,1,1,1,338440
2024-11-25,FAMILY,셋업,남성,1,1,2,204620
2024-11-25,FAMILY,여성,남성,1,1,1,121400
2024-11-25,FAMILY,패딩/슬림다운,남성,1,1,1,121400
2024-11-25,SILVER,가방,남성,1,1,1,289500
2024-11-25,SILVER,가방,여성,1,1,1,259500
2024-11-25,SILVER,여성,남성,1,1,1,289500
2024-11-25,SILVER,여성,여성,1,1,1,259500
2024-11-26,FAMILY,가방,자켓/베스트,1,1,1,201100
2024-11-26,FAMILY,가방,라운드티,1,1,1,38660
2024-11-26,FAMILY,긴바지,남성,2,2,3,429320
2024-11-26,FAMILY,긴바지,UNKNOWN,1,1,1,111300
2024-11-26,FAMILY,남성,남성,11,11,12,632450
2024-11-26,FAMILY,남성,여성,1,1,1,201400
2024-11-26,FAMILY,남성,등산화,1,1,1,133770
2024-11-26,FAMILY,남성,UNKNOWN,1,1,1,111300
2024-11-26,FAMILY,남성,볼캡,2,2,2,81770
2024-11-26,FAMILY,남성,맨투맨/후드티,1,1,1,72730
2024-11-26,FAMILY,라운드티,남성,1,1,1,71880
2024-11-26,FAMILY,미드/롱다운,UNKNOWN,1,1,1,111300
2024-11-26,FAMILY,셋업,남성,3,3,4,482270
2024-11-26,FAMILY,여성,여성,1,1,1,209300
2024-11-26,FAMILY,자켓/ 베스트,여성,1,1,2,94000
2024-11-26,SILVER,남성,남성,2,2,2,86480
2024-11-26,SILVER,라운드티,남성,1,1,1,20050
2024-11-27,FAMILY,긴바지,하이킹,1,1,1,131410
2024-11-27,FAMILY,긴바지,남성,1,1,2,42090
2024-11-27,FAMILY,남성,남성,14,14,16,1865680
2024-11-27,FAMILY,남성,여성,2,2,2,336770
2024-11-27,FAMILY,남성,하이킹,1,1,1,137000
2024-11-27,FAMILY,라운드티,맨투맨/후드티,1,1,2,158400
2024-11-27,FAMILY,반바지,맨투맨/후드티,1,1,2,158400
2024-11-27,FAMILY,반바지,남성,1,1,2,15500
2024-11-27,FAMILY,셋업,셋업,1,1,1,98340
2024-11-27,FAMILY,셋업,여성,1,1,1,77000
2024-11-27,FAMILY,셋업,남성,1,1,1,16850
2024-11-27,FAMILY,여성,남성,2,2,4,194880
2024-11-27,FAMILY,여성,장갑,1,1,1,97120
2024-11-27,FAMILY,여성,여성,1,1,1,77840
2024-11-27,FAMILY,자켓/ 베스트,남성,3,3,3,392760
2024-11-27,SILVER,남성,남성,1,1,1,149000
2024-11-28,FAMILY,긴바지,여성,1,1,1,105330
2024-11-28,FAMILY,긴바지,남성,1,1,1,102990
2024-11-28,FAMILY,남성,남성,15,15,17,2256540
2024-11-28,FAMILY,남성,미드/롱다운,2,2,2,880330
2024-11-28,FAMILY,남성,여성,1,1,2,394400
2024-11-28,FAMILY,남성,캐주얼,1,1,1,66000
2024-11-28,FAMILY,라운드티,남성,2,2,2,202170
2024-11-28,FAMILY,라운드티,여성,1,1,1,104950
2024-11-28,FAMILY,라운드티,라운드티,1,1,1,45300
2024-11-28,FAMILY,반바지,남성,1,1,1,73400
2024-11-28,FAMILY,셋업,셋업,1,1,1,109900
2024-11-28,FAMILY,셋업,남성,2,2,2,105200
2024-11-28,FAMILY,셋업,라운드티,1,1,1,45300
2024-11-28,FAMILY,자켓/ 베스트,남성,1,1,1,347400
2024-11-28,SILVER,남성,셋업,1,1,1,119200
2024-11-29,FAMILY,UNKNOWN,남성,1,1,1,77400
2024-11-29,FAMILY,남성,남성,6,6,7,512720
2024-11-29,FAMILY,남성,여성,2,2,2,293905
2024-11-29,FAMILY,남성,셋업,1,1,1,89460
2024-11-29,FAMILY,남성,가방,1,1,1,63955
2024-11-29,FAMILY,볼캡,남성,1,1,1,142400
2024-11-29,FAMILY,셋업,남성,2,2,3,174170
2024-11-29,FAMILY,여성,셋업,1,1,1,89460
2024-11-29,FAMILY,하이킹,등산화,1,1,1,114930
2024-11-29,SILVER,남성,남성,1,1,2,328350
2024-11-30,FAMILY,가방,남성,1,1,1,42000
2024-11-30,FAMILY,긴바지,남성,1,1,1,164300
2024-11-30,FAMILY,남성,남성,9,9,9,861650
2024-11-30,FAMILY,남성,여성,1,1,1,51750
2024-11-30,FAMILY,남성,볼캡,1,1,1,30600
2024-11-30,FAMILY,등산화,남성,1,1,1,65380
2024-11-30,FAMILY,셋업,여성,1,1,1,35500
2024-11-30,FAMILY,여성,남성,2,2,2,96890
2024-11-30,FAMILY,여성,여성,1,1,1,35500
2024-11-30,FAMILY,자켓/ 베스트,남성,2,2,2,184400
2024-11-30,FAMILY,하이킹,남성,2,2,2,384810
2024-11-30,FAMILY,하이킹,셋업,1,1,1,62100
2024-11-30,FAMILY,하이킹,볼캡,1,1,1,44750
2024-11-30,SILVER,남성,남성,2,2,5,242990
2024-11-30,SILVER,등산화,남성,1,1,3,127040
2024-11-30,SILVER,라운드티,남성,1,1,2,115950
2024-11-30,SILVER,셋업,여성,1,1,1,148700
2024-11-30,SILVER,여성,여성,1,1,1,148700
2024-11-30,SILVER,하이킹,남성,1,1,2,115950
2024-12-01,FAMILY,가방,남성,1,1,1,143400
2024-12-01,FAMILY,긴바지,자켓/ 베스트,1,1,1,152860
2024-12-01,FAMILY,긴바지,남성,1,1,1,20500
2024-12-01,FAMILY,남성,남성,48,48,61,4085675
2024-12-01,FAMILY,남성,여성,4,4,4,524550
2024-12-01,FAMILY,남성,가방,4,4,4,284340
2024-12-01,FAMILY,남성,하이킹,2,2,2,168540
2024-12-01,FAMILY,남성,자켓/ 베스트,1,1,1,152860
2024-12-01,FAMILY,남성,셋업,1,1,1,121900
2024-12-01,FAMILY,남성,볼캡,3,3,3,95220
2024-12-01,FAMILY,남성,라운드티,1,1,1,32850
2024-12-01,FAMILY,라운드티,남성,3,3,4,524970
2024-12-01,FAMILY,라운드티,라운드티,1,1,1,34990
2024-12-01,FAMILY,미드/롱다운,남성,1,1,1,327400
2024-12-01,FAMILY,반바지,하이킹,1,1,1,130000
2024-12-01,FAMILY,반바지,남성,1,1,2,17310
2024-12-01,FAMILY,방수자켓,남성,1,1,1,22390
2024-12-01,FAMILY,볼캡,볼캡,1,1,1,45000
2024-12-01,FAMILY,볼캡,라운드티,1,1,1,41300
2024-12-01,FAMILY,셋업,남성,4,4,6,321660
2024-12-01,FAMILY,셋업,셋업,1,1,1,81750
2024-12-01,FAMILY,여성,여성,3,3,3,393430
2024-12-01,FAMILY,여성,셋업,1,1,1,121900
2024-12-01,FAMILY,여성,남성,3,3,3,120760
2024-12-01,FAMILY,여성,가방,1,1,1,74200
2024-12-01,FAMILY,여성,볼캡,2,2,2,67960
2024-12-01,FAMILY,인터체인지 (3 in 1),남성,2,2,3,138370
2024-12-01,FAMILY,자켓/ 베스트,남성,1,1,1,143650
2024-12-01,FAMILY,자켓/베스트,여성,1,1,1,32830
2024-12-01,FAMILY,크로스/토트백,남성,1,1,1,12990
2024-12-01,FAMILY,트레일러닝,트레일러닝,1,1,1,75650
2024-12-01,FAMILY,트레일러닝,남성,1,1,1,24000
2024-12-01,FAMILY,폴로티/집업,남성,1,1,2,26630
2024-12-01,FAMILY,하이킹,남성,3,3,4,113130
2024-12-01,FAMILY,하이킹,하이킹,1,1,1,103450
2024-12-01,SILVER,라운드티,남성,1,1,1,103140
2024-12-01,TITANIUM,남성,남성,1,1,1,347400
2024-12-02,FAMILY,UNKNOWN,남성,1,1,2,198300
2024-12-02,FAMILY,가방,남성,1,1,1,6730
2024-12-02,FAMILY,긴바지,남성,1,1,3,229599
2024-12-02,FAMILY,긴바지,하이킹,1,1,1,137000
2024-12-02,FAMILY,긴바지,맨투맨/후드티,1,1,1,69300
2024-12-02,FAMILY,남성,남성,18,18,21,1786909
2024-12-02,FAMILY,남성,여성,4,4,5,524580
2024-12-02,FAMILY,남성,UNKNOWN,2,2,2,165720
2024-12-02,FAMILY,남성,하이킹,1,1,1,137000
2024-12-02,FAMILY,남성,긴바지,1,1,1,116570
2024-12-02,FAMILY,남성,맨투맨/후드티,1,1,1,69300
2024-12-02,FAMILY,라운드티,남성,2,2,5,271109
2024-12-02,FAMILY,라운드티,하이킹,1,1,1,137000
2024-12-02,FAMILY,라운드티,맨투맨/후드티,1,1,1,69300
2024-12-02,FAMILY,라운드티,여성,1,1,1,59460
2024-12-02,FAMILY,반바지,남성,1,1,3,229599
2024-12-02,FAMILY,반바지,하이킹,1,1,1,137000
2024-12-02,FAMILY,반바지,맨투맨/후드티,1,1,1,69300
2024-12-02,FAMILY,방수자켓,남성,1,1,1,95200
2024-12-02,FAMILY,셋업,하이킹,1,1,1,120430
2024-12-02,FAMILY,셋업,셋업,1,1,2,112300
2024-12-02,FAMILY,여성,남성,4,4,4,413770
2024-12-02,FAMILY,자켓/베스트,남성,1,1,1,128220
2024-12-02,SILVER,남성,남성,1,1,2,177480
2024-12-02,SILVER,미드/롱다운,남성,1,1,1,139200
2024-12-03,FAMILY,남성,남성,6,6,7,701480
2024-12-03,FAMILY,남성,부츠,1,1,1,97300
2024-12-03,FAMILY,남성,볼캡,1,1,1,60000
2024-12-03,FAMILY,남성,여성,1,1,1,58420
2024-12-03,FAMILY,남성,셋업,1,1,1,49640
2024-12-03,FAMILY,라운드티,남성,2,2,3,80940
2024-12-03,FAMILY,라운드티,여성,1,1,1,66100
2024-12-03,FAMILY,바람막이,부츠,1,1,1,97300
2024-12-03,FAMILY,반바지,남성,1,1,1,272540
2024-12-03,FAMILY,반바지,여성,1,1,1,67870
2024-12-03,FAMILY,여성,남성,2,2,3,80940
2024-12-03,FAMILY,여성,여성,1,1,1,66100
2024-12-03,FAMILY,폴로티/집업,라운드티,1,1,1,38490
2024-12-03,FAMILY,하이킹,남성,2,2,2,232470
2024-12-04,FAMILY,남성,남성,10,10,11,894700
2024-12-04,FAMILY,남성,하이킹,1,1,1,137000
2024-12-04,FAMILY,남성,여성,1,1,1,100350
2024-12-04,FAMILY,미드/롱다운,남성,1,1,1,114350
2024-12-04,FAMILY,여성,남성,3,3,4,53050
2024-12-04,GOLD,남성,남성,1,1,2,79000
2024-12-05,FAMILY,남성,남성,2,2,2,407240
2024-12-05,FAMILY,라운드티,라운드티,1,1,1,24520
2024-12-05,FAMILY,바람막이,남성,1,1,1,136330
2024-12-05,FAMILY,셋업,남성,1,1,1,10350
2024-12-05,FAMILY,여성,여성,1,1,1,55300
2024-12-05,SILVER,여성,남성,1,1,1,216850
2024-12-05,SILVER,하이킹,남성,1,1,1,30000
2024-12-06,FAMILY,UNKNOWN,남성,1,1,1,260000
2024-12-06,FAMILY,가방,남성,1,1,1,69000
2024-12-06,FAMILY,남성,남성,13,13,16,2144490
2024-12-06,FAMILY,남성,부츠,1,1,1,269000
2024-12-06,FAMILY,남성,긴바지,1,1,1,161000
2024-12-06,FAMILY,남성,볼캡,1,1,1,57340
2024-12-06,FAMILY,남성,자켓/ 베스트,1,1,1,48550
2024-12-06,FAMILY,등산화,남성,1,1,1,109300
2024-12-06,FAMILY,라운드티,남성,3,3,3,115850
2024-12-06,FAMILY,셋업,남성,1,1,1,108350
2024-12-06,FAMILY,셋업,셋업,1,1,1,46580
2024-12-06,FAMILY,여성,남성,2,2,2,353250
2024-12-06,FAMILY,하이킹,남성,1,1,1,125300
2024-12-06,GOLD,남성,남성,1,1,1,27000
2024-12-06,SILVER,UNKNOWN,남성,1,1,2,138000
2024-12-06,SILVER,남성,남성,2,2,2,192920
2024-12-06,SILVER,자켓/ 베스트,남성,1,1,1,67620
2024-12-07,FAMILY,가방,남성,1,1,1,139300
2024-12-07,FAMILY,남성,남성,3,3,3,323370
2024-12-07,FAMILY,남성,여성,1,1,1,47300
2024-12-07,FAMILY,라운드티,남성,1,1,1,109440
2024-12-07,FAMILY,여성,긴바지,1,1,1,125300
2024-12-07,FAMILY,여성,여성,1,1,1,52270
2024-12-08,FAMILY,UNKNOWN,남성,1,1,1,60100
2024-12-08,FAMILY,남성,남성,9,9,10,1050990
2024-12-08,FAMILY,남성,UNKNOWN,2,2,2,489450
2024-12-08,FAMILY,남성,패딩/슬림다운,1,1,1,157180
2024-12-08,FAMILY,남성,액세서리,1,1,1,10210
2024-12-08,FAMILY,라운드티,패딩/슬림다운,1,1,1,157180
2024-12-08,FAMILY,스니커즈,UNKNOWN,1,1,1,448250
2024-12-08,FAMILY,스니커즈,남성,1,1,1,98620
2024-12-08,FAMILY,여성,남성,2,2,2,149650
2024-12-08,FAMILY,자켓/ 베스트,자켓/ 베스트,1,1,4,212000
2024-12-08,FAMILY,자켓/ 베스트,남성,1,1,1,160790
2024-12-08,SILVER,UNKNOWN,남성,1,1,1,159000
2024-12-08,SILVER,라운드티,여성,1,1,3,172640
2024-12-08,SILVER,라운드티,남성,1,1,2,100090
2024-12-08,SILVER,라운드티,맨투맨/후드티,1,1,1,55670
2024-12-08,SILVER,여성,여성,1,1,3,172640
2024-12-08,SILVER,여성,남성,1,1,2,100090
2024-12-08,SILVER,여성,맨투맨/후드티,1,1,1,55670
2024-12-09,FAMILY,UNKNOWN,남성,1,1,1,49000
2024-12-09,FAMILY,긴바지,남성,2,2,2,102890
2024-12-09,FAMILY,남성,남성,9,9,10,794790
2024-12-09,FAMILY,남성,하이킹,1,1,1,137000
2024-12-09,FAMILY,남성,폴로티/집업,1,1,1,64620
2024-12-09,FAMILY,남성,여성,1,1,1,61200
2024-12-09,FAMILY,남성,액세서리,1,1,1,11000
2024-12-09,FAMILY,라운드티,남성,2,2,2,192990
2024-12-09,FAMILY,라운드티,액세서리,1,1,1,11000
2024-12-09,FAMILY,상의,남성,1,1,1,90950
2024-12-09,FAMILY,셋업,남성,1,1,1,90950
2024-12-09,FAMILY,액세서리,남성,1,1,1,90300
2024-12-09,FAMILY,여성,남성,1,1,1,101750
2024-12-09,FAMILY,하이킹,남성,1,1,2,204300
2024-12-09,SILVER,UNKNOWN,남성,1,1,1,260000
2024-12-09,SILVER,남성,남성,1,1,1,260000
2024-12-10,FAMILY,남성,남성,6,6,6,611450
2024-12-10,FAMILY,남성,여성,1,1,1,51880
2024-12-10,FAMILY,미드/롱다운,남성,1,1,3,214020
2024-12-10,FAMILY,자켓/ 베스트,폴로티/집업,1,1,1,66810
2024-12-10,SILVER,긴바지,남성,1,1,1,121660
2024-12-10,SILVER,긴바지,폴로티/집업,1,1,1,60530
2024-12-10,SILVER,남성,남성,1,1,1,121660
2024-12-10,SILVER,남성,폴로티/집업,1,1,1,60530
2024-12-10,SILVER,셋업,남성,1,1,1,121660
2024-12-10,SILVER,셋업,폴로티/집업,1,1,1,60530
2024-12-11,FAMILY,긴바지,남성,3,3,3,412200
2024-12-11,FAMILY,긴바지,등산화,1,1,1,131000
2024-12-11,FAMILY,긴바지,맨투맨/후드티,1,1,1,65450
2024-12-11,FAMILY,긴바지,여성,1,1,3,31030
2024-12-11,FAMILY,남성,남성,9,9,9,992090
2024-12-11,FAMILY,남성,하이킹,1,1,2,264000
2024-12-11,FAMILY,남성,등산화,1,1,1,131000
2024-12-11,FAMILY,남성,맨투맨/후드티,1,1,1,65450
2024-12-11,FAMILY,남성,여성,1,1,3,31030
2024-12-11,FAMILY,라운드티,남성,1,1,1,145030
2024-12-11,FAMILY,미드/롱다운,미드/롱다운,1,1,1,447200
2024-12-11,FAMILY,반바지,남성,1,1,1,113870
2024-12-11,FAMILY,여성,여성,1,1,1,217030
2024-12-11,FAMILY,여성,남성,1,1,1,119200
2024-12-11,FAMILY,자켓/ 베스트,남성,1,1,1,63200
2024-12-11,GOLD,남성,남성,1,1,1,44000
2024-12-11,SILVER,캐주얼,긴바지,1,1,1,151000
2024-12-12,FAMILY,UNKNOWN,남성,1,1,1,97300
2024-12-12,FAMILY,가방,남성,1,1,1,97300
2024-12-12,FAMILY,긴바지,남성,1,1,1,119200
2024-12-12,FAMILY,남성,남성,6,6,6,349920
2024-12-12,FAMILY,남성,여성,1,1,1,8830
2024-12-12,FAMILY,라운드티,남성,2,2,2,108100
2024-12-12,FAMILY,여성,남성,1,1,2,77190
2024-12-12,FAMILY,여성,볼캡,1,1,1,43600
2024-12-12,GOLD,남성,남성,1,1,1,94470
2024-12-12,SILVER,긴바지,남성,1,1,1,103820
2024-12-13,FAMILY,남성,남성,12,12,14,1279120
2024-12-13,FAMILY,볼캡,남성,1,1,1,49680
2024-12-13,FAMILY,액세서리,남성,1,1,1,39200
2024-12-13,FAMILY,여성,남성,2,2,2,165140
2024-12-13,SILVER,남성,셋업,1,1,1,104390
2024-12-13,SILVER,여성,셋업,1,1,1,104390
2024-12-14,FAMILY,남성,남성,5,5,9,504700
2024-12-14,FAMILY,남성,하이킹,1,1,1,132000
2024-12-14,FAMILY,남성,부츠,1,1,1,111300
2024-12-14,FAMILY,남성,자켓/베스트,1,1,1,62300
2024-12-14,FAMILY,등산화,여성,1,1,1,58200
2024-12-14,FAMILY,상의,남성,1,1,1,53200
2024-12-14,FAMILY,셋업,남성,1,1,5,290000
2024-12-14,FAMILY,셋업,부츠,1,1,1,111300
2024-12-14,FAMILY,셋업,자켓/베스트,1,1,1,62300
2024-12-15,FAMILY,남성,남성,7,7,9,1224840
2024-12-15,FAMILY,남성,가방,1,1,1,80060
2024-12-15,FAMILY,남성,여성,1,1,1,52000
2024-12-15,FAMILY,여성,남성,3,3,4,347100
2024-12-15,FAMILY,여성,여성,1,1,1,39500
2024-12-15,FAMILY,하이킹,남성,1,1,1,289170
2024-12-16,FAMILY,긴바지,남성,1,1,1,119740
2024-12-16,FAMILY,남성,남성,5,5,5,483390
2024-12-16,FAMILY,남성,자켓/베스트,1,1,1,109000
2024-12-16,FAMILY,남성,셋업,1,1,1,97300
2024-12-16,FAMILY,라운드티,남성,2,2,2,143260
2024-12-16,FAMILY,미드/롱다운,남성,1,1,1,27830
2024-12-16,FAMILY,셋업,셋업,2,2,2,229600
2024-12-16,FAMILY,셋업,남성,3,3,4,121490
2024-12-16,FAMILY,액세서리,남성,1,1,1,31200
2024-12-16,FAMILY,여성,남성,3,3,3,308820
2024-12-16,FAMILY,여성,셋업,1,1,1,132300
2024-12-17,FAMILY,남성,남성,5,5,6,329110
2024-12-17,FAMILY,볼캡,남성,1,1,1,27000
2024-12-17,FAMILY,하이킹,남성,1,1,1,153300
2024-12-18,FAMILY,긴바지,셋업,1,1,1,116160
2024-12-18,FAMILY,긴바지,여성,1,1,1,116150
2024-12-18,FAMILY,남성,미드/롱다운,1,1,1,384300
2024-12-18,FAMILY,남성,남성,4,4,6,208160
2024-12-18,FAMILY,미드/롱다운,부츠,1,1,1,72700
2024-12-18,FAMILY,부츠,남성,1,1,2,21100
2024-12-18,FAMILY,여성,셋업,1,1,1,116160
2024-12-18,FAMILY,여성,여성,1,1,1,116150
2024-12-18,FAMILY,하이킹,하이킹,1,1,1,137000
2024-12-18,FAMILY,하이킹,남성,1,1,2,56940
2024-12-18,SILVER,남성,남성,1,1,1,129000
2024-12-19,FAMILY,남성,남성,10,10,14,1107140
2024-12-19,FAMILY,남성,UNKNOWN,1,1,1,445650
2024-12-19,FAMILY,남성,미드/롱다운,1,1,1,444850
2024-12-19,FAMILY,남성,패딩/슬림다운,1,1,1,167300
2024-12-19,FAMILY,남성,여성,1,1,1,5500
2024-12-19,FAMILY,라운드티,남성,1,1,1,129300
2024-12-19,FAMILY,바람막이,남성,1,1,1,68000
2024-12-19,FAMILY,볼캡,남성,1,1,1,132300
2024-12-19,FAMILY,부츠,남성,1,1,2,94400
2024-12-19,FAMILY,액세서리,남성,1,1,1,59000
2024-12-19,FAMILY,여성,패딩/슬림다운,1,1,1,167300
2024-12-19,FAMILY,여성,남성,1,1,2,94400
2024-12-19,FAMILY,패딩/슬림다운,패딩/슬림다운,1,1,1,167300
2024-12-19,FAMILY,하이킹,남성,1,1,1,87300
2024-12-20,FAMILY,UNKNOWN,남성,1,1,1,34000
2024-12-20,FAMILY,남성,남성,5,5,8,491010
2024-12-20,FAMILY,남성,여성,1,1,1,48470
2024-12-20,FAMILY,버킷/부니,남성,1,1,2,112500
2024-12-20,FAMILY,여성,남성,1,1,1,124940
2024-12-21,FAMILY,UNKNOWN,남성,1,1,2,318000
2024-12-21,FAMILY,남성,남성,5,5,5,339370
2024-12-21,FAMILY,남성,셋업,1,1,1,103800
2024-12-21,FAMILY,등산화,등산화,1,1,1,125870
2024-12-21,FAMILY,라운드티,남성,3,3,3,271220
2024-12-21,FAMILY,바람막이,남성,1,1,1,116490
2024-12-21,FAMILY,여성,남성,2,2,2,164790
2024-12-21,FAMILY,여성,셋업,1,1,1,103800
2024-12-22,FAMILY,긴바지,남성,2,2,2,180200
2024-12-22,FAMILY,남성,여성,4,4,4,670350
2024-12-22,FAMILY,남성,남성,7,7,7,639440
2024-12-22,FAMILY,남성,폴로티/집업,2,2,2,134600
2024-12-22,FAMILY,남성,볼캡,1,1,1,59000
2024-12-22,FAMILY,바람막이,남성,1,1,1,64850
2024-12-22,FAMILY,자켓/ 베스트,자켓/ 베스트,1,1,1,27790
2024-12-23,FAMILY,남성,남성,3,3,3,391020
2024-12-23,FAMILY,남성,여성,1,1,1,137580
2024-12-23,FAMILY,남성,셋업,1,1,1,130840
2024-12-23,FAMILY,여성,셋업,1,1,1,130840
2024-12-23,SILVER,남성,남성,1,1,1,104300
2024-12-24,FAMILY,남성,남성,7,7,7,682780
2024-12-24,FAMILY,남성,액세서리,2,2,4,30810
2024-12-24,FAMILY,셋업,남성,1,1,1,62920
2024-12-24,FAMILY,셔츠,남성,1,1,1,51740
2024-12-24,FAMILY,여성,남성,1,1,1,47870
2024-12-24,FAMILY,자켓/베스트,남성,2,2,2,99470
2024-12-25,FAMILY,긴바지,남성,1,1,1,113020
2024-12-25,FAMILY,남성,남성,11,11,13,1161200
2024-12-25,FAMILY,남성,여성,2,2,2,79420
2024-12-25,FAMILY,남성,액세서리,1,1,1,10370
2024-12-25,FAMILY,여성,남성,2,2,2,123300
2024-12-25,FAMILY,여성,부츠,1,1,1,76570
2024-12-25,SILVER,남성,여성,1,1,1,80330
2024-12-26,FAMILY,긴바지,남성,1,1,1,131640
2024-12-26,FAMILY,남성,남성,7,7,14,497950
2024-12-26,FAMILY,남성,폴로티/집업,1,1,1,49810
2024-12-26,FAMILY,남성,장갑,1,1,1,43960
2024-12-26,FAMILY,남성,자켓/ 베스트,1,1,1,36240
2024-12-26,FAMILY,남성,여성,2,2,2,21210
2024-12-26,FAMILY,남성,액세서리,1,1,1,9870
2024-12-26,FAMILY,라운드티,남성,1,1,1,75430
2024-12-26,FAMILY,라운드티,폴로티/집업,1,1,1,49810
2024-12-26,FAMILY,볼캡,남성,1,1,5,198800
2024-12-26,FAMILY,볼캡,장갑,1,1,1,43960
2024-12-26,FAMILY,볼캡,여성,1,1,1,9870
2024-12-26,FAMILY,볼캡,액세서리,1,1,1,9870
2024-12-26,FAMILY,여성,하이킹,1,1,1,137000
2024-12-26,FAMILY,여성,남성,1,1,1,11340
2024-12-26,FAMILY,캐주얼,액세서리,1,1,2,22000
2024-12-26,FAMILY,캐주얼,남성,1,1,1,11000
2024-12-27,FAMILY,긴바지,남성,1,1,2,117480
2024-12-27,FAMILY,남성,남성,3,3,4,223110
2024-12-27,FAMILY,남성,볼캡,2,2,2,96170
2024-12-27,FAMILY,라운드티,폴로티/집업,1,1,1,58740
2024-12-27,FAMILY,부츠,남성,1,1,1,37390
2024-12-27,FAMILY,셋업,남성,1,1,1,16510
2024-12-27,FAMILY,여성,여성,1,1,1,107300
2024-12-27,FAMILY,자켓/베스트,남성,1,1,1,78750
2024-12-27,GOLD,남성,남성,1,1,1,30200
2024-12-27,SILVER,남성,남성,1,1,1,16540
2024-12-28,FAMILY,남성,남성,4,4,5,256430
2024-12-28,FAMILY,남성,등산화,1,1,1,112890
2024-12-28,FAMILY,맨투맨/후드티,맨투맨/후드티,1,1,1,55590
2024-12-28,FAMILY,폴로티/집업,남성,1,1,2,64000
2024-12-28,SILVER,남성,남성,1,1,2,38020
2024-12-29,FAMILY,긴바지,남성,1,1,2,175550
2024-12-29,FAMILY,남성,남성,8,8,9,805610
2024-12-29,FAMILY,남성,가방,2,2,2,118560
2024-12-29,FAMILY,라운드티,폴로티/집업,1,1,1,58770
2024-12-29,FAMILY,라운드티,남성,1,1,1,46760
2024-12-29,FAMILY,방수자켓,남성,1,1,1,26530
2024-12-29,FAMILY,여성,남성,1,1,2,211920
2024-12-29,FAMILY,하이킹,하이킹,1,1,1,137000
2024-12-30,FAMILY,긴바지,셋업,1,1,1,53200
2024-12-30,FAMILY,남성,남성,8,8,9,886840
2024-12-30,FAMILY,남성,폴로티/집업,1,1,1,37500
2024-12-30,FAMILY,남성,액세서리,1,1,1,5500
2024-12-30,FAMILY,라운드티,남성,1,1,1,49840
2024-12-30,FAMILY,미드/롱다운,남성,2,2,2,52780
2024-12-30,FAMILY,미드/롱다운,액세서리,1,1,1,8750
2024-12-30,FAMILY,상의,남성,1,1,1,48830
2024-12-30,FAMILY,폴로티/집업,셋업,1,1,1,45190
2024-12-30,SILVER,남성,남성,1,1,1,374300
2024-12-30,SILVER,등산화,등산화,1,1,3,387130
2024-12-30,SILVER,등산화,남성,1,1,2,107880
2024-12-30,SILVER,등산화,여성,1,1,1,63270
2024-12-30,SILVER,자켓/베스트,여성,1,1,1,63270
2024-12-30,SILVER,하이킹,등산화,1,1,3,387130
2024-12-30,SILVER,하이킹,남성,1,1,2,107880
2024-12-31,FAMILY,남성,남성,14,14,22,625580
2024-12-31,FAMILY,남성,여성,3,3,3,135900
2024-12-31,FAMILY,남성,등산화,1,1,1,104870
2024-12-31,FAMILY,남성,셋업,1,1,2,88690
2024-12-31,FAMILY,라운드티,남성,2,2,2,44990
2024-12-31,FAMILY,바람막이,셋업,1,1,1,122630
2024-12-31,FAMILY,바람막이,남성,1,1,1,18350
2024-12-31,FAMILY,반바지,액세서리,1,1,1,5500
2024-12-31,FAMILY,볼캡,여성,1,1,1,59900
2024-12-31,FAMILY,볼캡,남성,1,1,2,22200
2024-12-31,FAMILY,부츠,여성,1,1,1,5500
2024-12-31,FAMILY,상의,남성,1,1,1,15780
2024-12-31,FAMILY,셋업,남성,1,1,1,95050
2024-12-31,FAMILY,여성,등산화,1,1,1,104870
2024-12-31,FAMILY,여성,여성,2,2,2,72100
2024-12-31,FAMILY,여성,남성,1,1,1,60060
2024-12-31,SILVER,남성,남성,1,1,2,175630
2024-12-31,SILVER,남성,여성,1,1,1,68620
2025-01-01,FAMILY,긴바지,남성,1,1,1,16620
2025-01-01,FAMILY,남성,남성,6,6,7,442790
2025-01-01,FAMILY,남성,액세서리,1,1,1,7040
2025-01-01,FAMILY,볼캡,남성,1,1,1,119200
2025-01-01,FAMILY,폴로티/집업,셋업,1,1,1,52840
2025-01-02,FAMILY,남성,셋업,1,1,1,123470
2025-01-02,FAMILY,남성,남성,2,2,3,83780
2025-01-02,FAMILY,남성,여성,1,1,1,62220
2025-01-02,FAMILY,남성,볼캡,1,1,1,47200
2025-01-02,FAMILY,미드/롱다운,남성,1,1,1,35530
2025-01-02,FAMILY,여성,여성,1,1,1,56090
2025-01-02,FAMILY,여성,남성,1,1,1,33170
2025-01-02,FAMILY,카고/조거,UNKNOWN,1,1,1,121200
2025-01-02,SILVER,남성,자켓/ 베스트,1,1,1,208450
2025-01-02,SILVER,남성,남성,1,1,2,167610
2025-01-02,SILVER,남성,맨투맨/후드티,1,1,1,69020
2025-01-02,SILVER,남성,폴로/집업티,1,1,1,62050
2025-01-03,FAMILY,UNKNOWN,남성,1,1,1,53700
2025-01-03,FAMILY,남성,남성,7,7,8,612250
2025-01-03,FAMILY,자켓/베스트,남성,1,1,1,59100
2025-01-03,SILVER,남성,미드/롱다운,1,1,1,378850
2025-01-03,SILVER,여성,셋업,1,1,1,125150
2025-01-04,FAMILY,UNKNOWN,남성,2,2,2,150640
2025-01-04,FAMILY,긴바지,남성,1,1,1,55300
2025-01-04,FAMILY,남성,남성,2,2,2,187600
2025-01-04,FAMILY,남성,여성,1,1,1,62300
2025-01-04,FAMILY,남성,자켓/베스트,1,1,1,58300
2025-01-04,FAMILY,부츠,여성,1,1,1,63200
2025-01-04,FAMILY,여성,여성,1,1,1,62300
2025-01-05,FAMILY,UNKNOWN,남성,1,1,1,69300
2025-01-05,FAMILY,남성,남성,2,2,3,32570
2025-01-05,FAMILY,남성,액세서리,1,1,1,10430
2025-01-05,FAMILY,상의,남성,1,1,1,46540
2025-01-05,FAMILY,여성,남성,1,1,2,13000
2025-01-05,FAMILY,폴로티/집업,남성,1,1,3,177430
2025-01-05,SILVER,남성,남성,1,1,1,142730
2025-01-06,FAMILY,UNKNOWN,폴로티/집업,1,1,1,55480
2025-01-06,FAMILY,UNKNOWN,남성,1,1,1,17950
2025-01-06,FAMILY,남성,남성,5,5,6,336210
2025-01-06,FAMILY,남성,여성,2,2,2,202970
2025-01-06,FAMILY,남성,등산화,1,1,1,147750
2025-01-06,FAMILY,등산화,남성,2,2,3,86460
2025-01-06,FAMILY,라운드티,남성,1,1,1,135380
2025-01-06,FAMILY,맨투맨/후드티,하이킹,1,1,1,137000
2025-01-06,SILVER,하이킹,남성,1,1,1,129300
2025-01-07,FAMILY,남성,남성,7,7,7,401810
2025-01-07,FAMILY,미드/롱다운,미드/롱다운,1,1,1,447200
2025-01-07,FAMILY,여성,남성,1,1,1,219350
2025-01-07,FAMILY,자켓/ 베스트,폴로티/집업,1,1,1,69300
2025-01-08,FAMILY,UNKNOWN,남성,1,1,1,60040
2025-01-08,FAMILY,긴바지,셋업,1,1,1,99390
2025-01-08,FAMILY,남성,남성,4,4,4,856590
2025-01-08,FAMILY,남성,여성,1,1,1,216790
2025-01-08,FAMILY,여성,남성,1,1,1,58050
2025-01-08,FAMILY,여성,여성,1,1,1,32130
2025-01-08,FAMILY,하이킹,남성,1,1,1,81270
2025-01-08,SILVER,남성,미드/롱다운,1,1,1,370690
2025-01-08,SILVER,남성,남성,1,1,1,132870
2025-01-08,SILVER,남성,여성,1,1,1,119510
2025-01-08,SILVER,라운드티,남성,1,1,3,476420
2025-01-08,SILVER,여성,미드/롱다운,2,2,2,751430
2025-01-09,FAMILY,가방,가방,1,1,1,83000
2025-01-09,FAMILY,남성,남성,8,8,8,668480
2025-01-09,FAMILY,남성,긴바지,1,1,1,125300
2025-01-09,FAMILY,남성,자켓/ 베스트,1,1,1,38150
2025-01-09,FAMILY,미드/롱다운,여성,1,1,1,100630
2025-01-09,FAMILY,볼캡,남성,1,1,1,71640
2025-01-09,FAMILY,스니커즈,UNKNOWN,1,1,1,33200
2025-01-09,FAMILY,여성,긴바지,1,1,1,125300
2025-01-09,FAMILY,여성,남성,1,1,1,97300
2025-01-09,SILVER,남성,남성,1,1,1,120420
2025-01-10,FAMILY,남성,남성,5,5,5,604600
2025-01-10,FAMILY,남성,미드/롱다운,1,1,1,376750
2025-01-10,FAMILY,남성,인터체인지 (3 in 1),1,1,1,251190
2025-01-10,FAMILY,남성,부츠,1,1,1,106310
2025-01-10,FAMILY,남성,액세서리,2,2,3,29630
2025-01-10,GOLD,남성,남성,1,1,1,447200
2025-01-10,SILVER,라운드티,여성,1,1,1,244300
2025-01-11,FAMILY,남성,남성,4,4,4,209290
2025-01-11,FAMILY,바람막이,남성,1,1,1,99500
2025-01-11,FAMILY,부츠,남성,1,1,1,3500
2025-01-11,FAMILY,셋업,남성,1,1,1,99500
2025-01-11,FAMILY,여성,남성,1,1,1,66230
2025-01-11,SILVER,남성,남성,2,2,2,575280
2025-01-11,SILVER,라운드티,남성,1,1,1,437980
2025-01-11,SILVER,맨투맨/후드티,남성,1,1,1,437980
2025-01-12,FAMILY,남성,남성,2,2,3,102120
2025-01-12,FAMILY,셋업,남성,1,1,1,111300
2025-01-12,SILVER,UNKNOWN,남성,1,1,3,366410
2025-01-13,FAMILY,긴바지,긴바지,1,1,1,106350
2025-01-13,FAMILY,긴바지,남성,1,1,1,28550
2025-01-13,FAMILY,남성,남성,17,17,17,940460
2025-01-13,FAMILY,남성,여성,3,3,3,184020
2025-01-13,FAMILY,남성,하이킹,1,1,1,110390
2025-01-13,FAMILY,남성,볼캡,1,1,1,36700
2025-01-13,FAMILY,남성,액세서리,2,2,4,35210
2025-01-13,FAMILY,남성,자켓/ 베스트,1,1,1,32160
2025-01-13,FAMILY,남성,셋업,1,1,1,30200
2025-01-13,FAMILY,남성,UNKNOWN,1,1,1,21600
2025-01-13,FAMILY,등산화,남성,2,2,2,245080
2025-01-13,FAMILY,라운드티,하이킹,1,1,1,75020
2025-01-13,FAMILY,라운드티,남성,1,1,2,14000
2025-01-13,FAMILY,미드/롱다운,여성,1,1,1,323260
2025-01-13,FAMILY,미드/롱다운,셋업,1,1,1,103300
2025-01-13,FAMILY,미드/롱다운,남성,1,1,1,67100
2025-01-13,FAMILY,미드/롱다운,액세서리,1,1,1,13650
2025-01-13,FAMILY,부츠,긴바지,1,1,1,147500
2025-01-13,FAMILY,부츠,액세서리,1,1,2,11000
2025-01-13,FAMILY,부츠,남성,1,1,1,5000
2025-01-13,FAMILY,상의,남성,1,1,1,81230
2025-01-13,FAMILY,상의,자켓/ 베스트,1,1,1,21770
2025-01-13,FAMILY,여성,남성,1,1,1,85130
2025-01-13,FAMILY,여성,여성,1,1,1,55300
2025-01-13,FAMILY,여성,장갑,1,1,1,39550
2025-01-13,FAMILY,자켓/베스트,하이킹,1,1,1,111040
2025-01-13,FAMILY,하이킹,하이킹,2,2,2,183390
2025-01-13,SILVER,남성,여성,2,2,2,319620
2025-01-13,SILVER,남성,가방,1,1,1,60510
2025-01-13,SILVER,장갑,여성,1,1,1,146070
2025-01-14,FAMILY,남성,남성,11,11,15,942990
2025-01-14,FAMILY,남성,자켓/ 베스트,2,2,3,199910
2025-01-14,FAMILY,남성,셋업,1,1,1,86130
2025-01-14,FAMILY,남성,캐주얼,1,1,1,61830
2025-01-14,FAMILY,남성,라운드티,1,1,1,38520
2025-01-14,FAMILY,남성,여성,1,1,1,5500
2025-01-14,FAMILY,라운드티,남성,1,1,1,8500
2025-01-14,FAMILY,부츠,라운드티,1,1,1,38520
2025-01-14,FAMILY,부츠,남성,1,1,1,17930
2025-01-14,FAMILY,셋업,남성,2,2,3,291980
2025-01-14,FAMILY,여성,남성,2,2,2,85930
2025-01-14,FAMILY,여성,라운드티,1,1,1,38520
2025-01-14,SILVER,남성,등산화,1,1,1,103430
2025-01-15,FAMILY,UNKNOWN,남성,2,2,3,268480
2025-01-15,FAMILY,긴바지,남성,1,1,1,125300
2025-01-15,FAMILY,남성,남성,4,4,10,284580
2025-01-15,FAMILY,남성,하이킹,1,1,1,69530
2025-01-15,FAMILY,방수자켓,여성,1,1,1,94930
2025-01-15,FAMILY,여성,남성,1,1,1,16700
2025-01-15,SILVER,남성,남성,1,1,1,144100
2025-01-16,FAMILY,남성,남성,9,9,11,446070
2025-01-16,FAMILY,남성,여성,1,1,1,80580
2025-01-16,FAMILY,남성,자켓/ 베스트,1,1,1,35090
2025-01-16,FAMILY,액세서리,남성,1,1,1,31430
2025-01-16,FAMILY,여성,남성,3,3,4,126020
2025-01-16,FAMILY,여성,여성,1,1,2,101110
2025-01-16,FAMILY,하이킹,등산화,1,1,1,185880
2025-01-16,SILVER,남성,남성,2,2,2,210180
2025-01-17,FAMILY,가방,남성,1,1,1,132350
2025-01-17,FAMILY,남성,남성,9,9,12,648570
2025-01-17,FAMILY,남성,여성,2,2,2,158500
2025-01-17,FAMILY,남성,셋업,2,2,2,152690
2025-01-17,FAMILY,라운드티,여성,2,2,3,392570
2025-01-17,FAMILY,라운드티,남성,1,1,1,162220
2025-01-17,FAMILY,맨투맨/후드티,셋업,1,1,1,100000
2025-01-17,FAMILY,미드/롱다운,등산화,1,1,1,73150
2025-01-17,FAMILY,셋업,여성,1,1,2,281680
2025-01-17,FAMILY,셋업,남성,1,1,1,162220
2025-01-17,FAMILY,여성,등산화,1,1,1,73150
2025-01-17,FAMILY,자켓/ 베스트,남성,1,1,1,147550
2025-01-17,SILVER,남성,남성,1,1,1,67080
2025-01-17,SILVER,남성,가방,1,1,1,66000
2025-01-17,SILVER,남성,여성,1,1,1,31600
2025-01-18,FAMILY,남성,남성,4,4,4,183730
2025-01-18,FAMILY,남성,자켓/ 베스트,1,1,1,95850
2025-01-18,FAMILY,남성,셋업,1,1,1,68970
2025-01-18,FAMILY,남성,여성,1,1,2,27840
2025-01-18,FAMILY,남성,액세서리,3,3,3,25570
2025-01-18,FAMILY,하이킹,셋업,1,1,1,35200
2025-01-18,SILVER,남성,여성,1,1,1,364600
2025-01-19,FAMILY,긴바지,남성,1,1,1,47830
2025-01-19,FAMILY,남성,남성,9,9,12,443740
2025-01-19,FAMILY,남성,액세서리,1,1,1,10690
2025-01-19,FAMILY,맨투맨/후드티,남성,1,1,1,32720
2025-01-19,FAMILY,액세서리,액세서리,1,1,1,6490
2025-01-19,FAMILY,폴로티/집업,액세서리,1,1,1,6490
2025-01-19,SILVER,남성,남성,1,1,2,298300
2025-01-19,SILVER,미드/롱다운,남성,2,2,3,447300
2025-01-20,FAMILY,남성,긴바지,1,1,1,232590
2025-01-20,FAMILY,남성,남성,4,4,5,156910
2025-01-20,FAMILY,남성,UNKNOWN,1,1,1,62550
2025-01-20,FAMILY,남성,볼캡,1,1,1,30530
2025-01-20,SILVER,여성,남성,1,1,1,25340
2025-01-21,FAMILY,가방,남성,2,2,2,71490
2025-01-21,FAMILY,긴바지,남성,1,1,1,119200
2025-01-21,FAMILY,남성,남성,7,7,7,601500
2025-01-21,FAMILY,볼캡,긴바지,1,1,1,118100
2025-01-21,FAMILY,볼캡,남성,1,1,1,6600
2025-01-21,FAMILY,여성,남성,2,2,5,352640
2025-01-21,FAMILY,자켓/ 베스트,남성,1,1,1,63200
2025-01-21,SILVER,남성,UNKNOWN,1,1,2,247610
2025-01-21,SILVER,남성,남성,2,2,2,146170
2025-01-21,SILVER,라운드티,여성,1,1,1,54040
2025-01-21,SILVER,셋업,남성,1,1,1,92300
2025-01-21,SILVER,여성,남성,1,1,1,92300
2025-01-21,SILVER,여성,여성,1,1,1,54040
2025-01-22,FAMILY,가방,남성,1,1,1,24000
2025-01-22,FAMILY,남성,남성,11,11,14,734870
2025-01-22,FAMILY,남성,자켓/베스트,1,1,1,82640
2025-01-22,FAMILY,남성,장갑,1,1,1,47150
2025-01-22,FAMILY,라운드티,남성,1,1,1,111500
2025-01-22,FAMILY,볼캡,셋업,1,1,1,120200
2025-01-22,FAMILY,셋업,남성,1,1,1,46920
2025-01-22,FAMILY,여성,남성,2,2,2,109190
2025-01-22,FAMILY,여성,여성,1,1,1,59000
2025-01-22,FAMILY,여성,라운드티,1,1,1,20650
2025-01-22,SILVER,남성,남성,3,3,5,425880
2025-01-22,SILVER,남성,셋업,1,1,4,192550
2025-01-22,SILVER,셋업,맨투맨/후드티,1,1,1,55350
2025-01-23,FAMILY,남성,남성,11,11,19,727370
2025-01-23,FAMILY,남성,패딩/슬림다운,1,1,1,164350
2025-01-23,FAMILY,남성,셋업,1,1,1,33900
2025-01-23,FAMILY,라운드티,남성,2,2,2,161900
2025-01-23,FAMILY,셋업,여성,1,1,1,36050
2025-01-23,FAMILY,자켓/베스트,남성,1,1,1,69730
2025-01-23,FAMILY,트레일러닝,남성,1,1,1,52200
2025-01-23,SILVER,등산화,남성,1,1,1,157960
2025-01-23,SILVER,셋업,자켓/베스트,1,1,1,260310
2025-01-24,FAMILY,긴바지,맨투맨/후드티,1,1,1,58600
2025-01-24,FAMILY,남성,미드/롱다운,1,1,1,447200
2025-01-24,FAMILY,남성,남성,7,7,12,322790
2025-01-24,FAMILY,남성,여성,1,1,1,60440
2025-01-24,FAMILY,부츠,남성,1,1,1,68330
2025-01-24,FAMILY,셋업,가방,1,1,1,61190
2025-01-24,FAMILY,여성,남성,3,3,6,165600
2025-01-24,SILVER,스니커즈,등산화,1,1,1,88350
2025-01-25,FAMILY,남성,여성,1,1,1,50230
2025-01-25,FAMILY,남성,남성,1,1,1,35080
2025-01-25,FAMILY,등산화,여성,1,1,1,33160
2025-01-25,FAMILY,라운드티,남성,1,1,1,51080
2025-01-25,FAMILY,버킷/부니,여성,1,1,1,50230
2025-01-25,FAMILY,자켓/베스트,남성,1,1,2,21550
2025-01-26,FAMILY,UNKNOWN,남성,4,4,4,178150
2025-01-26,FAMILY,가방,남성,3,3,5,124350
2025-01-26,FAMILY,가방,가방,2,2,2,115450
2025-01-26,FAMILY,긴바지,남성,5,5,5,317470
2025-01-26,FAMILY,남성,남성,87,87,108,3375710
2025-01-26,FAMILY,남성,여성,8,8,8,405330
2025-01-26,FAMILY,남성,긴바지,1,1,1,189150
2025-01-26,FAMILY,남성,가방,3,3,3,160120
2025-01-26,FAMILY,남성,UNKNOWN,2,2,2,125290
2025-01-26,FAMILY,남성,셋업,3,3,3,122080
2025-01-26,FAMILY,남성,라운드티,4,4,4,111690
2025-01-26,FAMILY,남성,패딩/슬림다운,1,1,1,82740
2025-01-26,FAMILY,남성,캐주얼,2,2,2,79280
2025-01-26,FAMILY,남성,맨투맨/후드티,2,2,2,78780
2025-01-26,FAMILY,남성,볼캡,3,3,3,71720
2025-01-26,FAMILY,남성,부츠,1,1,1,65500
2025-01-26,FAMILY,남성,자켓/ 베스트,2,2,2,59570
2025-01-26,FAMILY,남성,자켓/베스트,1,1,1,22650
2025-01-26,FAMILY,등산화,남성,2,2,2,65370
2025-01-26,FAMILY,라운드티,남성,15,15,17,729190
2025-01-26,FAMILY,라운드티,여성,4,4,4,195430
2025-01-26,FAMILY,라운드티,패딩/슬림다운,1,1,1,107170
2025-01-26,FAMILY,라운드티,부츠,1,1,1,65500
2025-01-26,FAMILY,라운드티,자켓/ 베스트,1,1,1,32380
2025-01-26,FAMILY,라운드티,라운드티,1,1,1,15650
2025-01-26,FAMILY,맨투맨/후드티,남성,1,1,1,15600
2025-01-26,FAMILY,미드/롱다운,남성,2,2,2,171820
2025-01-26,FAMILY,반바지,여성,2,2,2,85050
2025-01-26,FAMILY,반바지,남성,3,3,3,72080
2025-01-26,FAMILY,반바지,부츠,1,1,1,65500
2025-01-26,FAMILY,볼캡,하이킹,1,1,1,63000
2025-01-26,FAMILY,볼캡,여성,1,1,1,43770
2025-01-26,FAMILY,상의,여성,1,1,1,40490
2025-01-26,FAMILY,상의,남성,1,1,1,19500
2025-01-26,FAMILY,셋업,남성,4,4,7,93440
2025-01-26,FAMILY,셋업,셋업,1,1,1,76860
2025-01-26,FAMILY,셋업,자켓/ 베스트,1,1,1,21200
2025-01-26,FAMILY,액세서리,부츠,1,1,1,65500
2025-01-26,FAMILY,여성,여성,7,7,8,479280
2025-01-26,FAMILY,여성,남성,8,8,10,315320
2025-01-26,FAMILY,여성,부츠,1,1,1,65500
2025-01-26,FAMILY,여성,가방,1,1,1,44070
2025-01-26,FAMILY,여성,라운드티,1,1,1,20650
2025-01-26,FAMILY,자켓/ 베스트,남성,1,1,1,24920
2025-01-26,FAMILY,자켓/베스트,여성,1,1,1,36380
2025-01-26,FAMILY,장갑,남성,1,1,1,22050
2025-01-26,FAMILY,트레일러닝,남성,1,1,1,77300
2025-01-26,FAMILY,패딩/슬림다운,남성,2,2,2,49850
2025-01-26,FAMILY,폴로/집업티,남성,1,1,1,53240
2025-01-26,FAMILY,폴로티/집업,남성,3,3,3,130650
2025-01-26,FAMILY,하이킹,남성,5,5,5,306480
2025-01-26,FAMILY,햇,크로스/토트백,1,1,1,35900
2025-01-26,SILVER,긴바지,여성,1,1,1,32450
2025-01-26,SILVER,남성,남성,4,4,5,621520
2025-01-26,SILVER,남성,등산화,1,1,1,47320
2025-01-26,SILVER,볼캡,남성,1,1,1,21600
2025-01-26,SILVER,여성,여성,1,1,2,272500
2025-01-26,SILVER,여성,남성,1,1,1,21600
2025-01-26,SILVER,크로스/토트백,남성,1,1,1,15600
2025-01-27,FAMILY,UNKNOWN,남성,3,3,3,194510
2025-01-27,FAMILY,UNKNOWN,여성,1,1,1,32450
2025-01-27,FAMILY,긴바지,남성,9,9,11,660530
2025-01-27,FAMILY,긴바지,UNKNOWN,1,1,1,89230
2025-01-27,FAMILY,긴바지,셋업,1,1,1,88910
2025-01-27,FAMILY,긴바지,여성,1,1,1,26990
2025-01-27,FAMILY,긴바지,액세서리,1,1,1,10230
2025-01-27,FAMILY,남성,남성,59,59,79,2846680
2025-01-27,FAMILY,남성,여성,7,7,7,384950
2025-01-27,FAMILY,남성,하이킹,3,3,3,205470
2025-01-27,FAMILY,남성,볼캡,4,4,4,124550
2025-01-27,FAMILY,남성,UNKNOWN,2,2,2,101260
2025-01-27,FAMILY,남성,등산화,1,1,1,85310
2025-01-27,FAMILY,남성,셋업,2,2,2,82130
2025-01-27,FAMILY,남성,긴바지,1,1,1,64490
2025-01-27,FAMILY,남성,맨투맨/후드티,1,1,1,44170
2025-01-27,FAMILY,남성,가방,1,1,1,37350
2025-01-27,FAMILY,남성,크로스/토트백,1,1,1,29500
2025-01-27,FAMILY,남성,자켓/ 베스트,1,1,1,29330
2025-01-27,FAMILY,남성,장갑,1,1,1,21000
2025-01-27,FAMILY,남성,라운드티,1,1,1,20650
2025-01-27,FAMILY,등산화,남성,1,1,3,19500
2025-01-27,FAMILY,라운드티,남성,10,10,12,446250
2025-01-27,FAMILY,라운드티,여성,3,3,3,122180
2025-01-27,FAMILY,라운드티,셋업,1,1,1,42020
2025-01-27,FAMILY,라운드티,라운드티,1,1,1,19170
2025-01-27,FAMILY,맨투맨/후드티,남성,1,1,1,35110
2025-01-27,FAMILY,맨투맨/후드티,자켓/ 베스트,1,1,1,26080
2025-01-27,FAMILY,미드/롱다운,남성,3,3,4,98890
2025-01-27,FAMILY,반바지,남성,2,2,2,138610
2025-01-27,FAMILY,볼캡,UNKNOWN,1,1,1,91010
2025-01-27,FAMILY,상의,남성,1,1,1,26630
2025-01-27,FAMILY,셋업,남성,3,3,4,377850
2025-01-27,FAMILY,셋업,여성,1,1,1,40990
2025-01-27,FAMILY,셔츠,남성,1,1,1,71540
2025-01-27,FAMILY,액세서리,여성,1,1,1,32450
2025-01-27,FAMILY,여성,여성,2,2,2,148930
2025-01-27,FAMILY,여성,하이킹,1,1,1,90680
2025-01-27,FAMILY,여성,남성,2,2,2,72800
2025-01-27,FAMILY,여성,장갑,1,1,1,68380
2025-01-27,FAMILY,여성,셋업,1,1,1,40790
2025-01-27,FAMILY,여성,자켓/ 베스트,1,1,1,32000
2025-01-27,FAMILY,여성,볼캡,1,1,1,21240
2025-01-27,FAMILY,인터체인지 (3 in 1),장갑,1,1,1,68380
2025-01-27,FAMILY,자켓/ 베스트,남성,2,2,2,91660
2025-01-27,FAMILY,자켓/베스트,남성,1,1,1,19030
2025-01-27,SILVER,남성,남성,6,6,7,503560
2025-01-27,SILVER,하이킹,셋업,1,1,1,112300
2025-01-28,FAMILY,가방,남성,2,2,2,122380
2025-01-28,FAMILY,긴바지,남성,1,1,1,125320
2025-01-28,FAMILY,남성,남성,27,27,35,1324590
2025-01-28,FAMILY,남성,가방,2,2,2,100880
2025-01-28,FAMILY,남성,셋업,1,1,1,88680
2025-01-28,FAMILY,남성,하이킹,1,1,1,53970
2025-01-28,FAMILY,남성,여성,1,1,1,28240
2025-01-28,FAMILY,남성,액세서리,1,1,1,13820
2025-01-28,FAMILY,등산화,남성,2,2,3,44830
2025-01-28,FAMILY,등산화,여성,1,1,1,29200
2025-01-28,FAMILY,라운드티,여성,1,1,1,38130
2025-01-28,FAMILY,라운드티,크로스/토트백,1,1,1,32090
2025-01-28,FAMILY,라운드티,라운드티,1,1,1,29400
2025-01-28,FAMILY,라운드티,남성,1,1,1,7980
2025-01-28,FAMILY,미드/롱다운,남성,1,1,4,20500
2025-01-28,FAMILY,바람막이,남성,1,1,2,21000
2025-01-28,FAMILY,셋업,남성,3,3,6,174720
2025-01-28,FAMILY,셋업,여성,2,2,2,150040
2025-01-28,FAMILY,셋업,가방,1,1,1,49230
2025-01-28,FAMILY,여성,여성,2,2,2,112230
2025-01-28,FAMILY,여성,셋업,1,1,1,81810
2025-01-28,FAMILY,여성,자켓/베스트,1,1,1,81740
2025-01-28,FAMILY,여성,남성,2,2,2,39500
2025-01-28,FAMILY,여성,라운드티,1,1,1,29400
2025-01-28,FAMILY,자켓/ 베스트,남성,1,1,2,9000
2025-01-28,FAMILY,하이킹,남성,1,1,1,26100
2025-01-28,SILVER,남성,여성,2,2,2,282380
2025-01-28,SILVER,남성,라운드티,1,1,1,35630
2025-01-28,SILVER,남성,남성,1,1,1,33820
2025-01-29,FAMILY,남성,남성,14,14,15,659270
2025-01-29,FAMILY,남성,하이킹,2,2,2,131730
2025-01-29,FAMILY,남성,여성,1,1,1,33890
2025-01-29,FAMILY,남성,UNKNOWN,1,1,1,19440
2025-01-29,FAMILY,라운드티,여성,1,1,1,78860
2025-01-29,FAMILY,라운드티,남성,1,1,1,38480
2025-01-29,FAMILY,바람막이,남성,1,1,1,58180
2025-01-29,FAMILY,반바지,남성,1,1,1,31100
2025-01-29,FAMILY,볼캡,가방,1,1,1,33200
2025-01-29,FAMILY,셋업,남성,1,1,1,32540
2025-01-29,FAMILY,여성,여성,3,3,3,253160
2025-01-29,FAMILY,여성,남성,2,2,2,176620
2025-01-29,FAMILY,여성,등산화,1,1,1,129650
2025-01-29,FAMILY,자켓/베스트,남성,1,1,1,68830
2025-01-29,FAMILY,자켓/베스트,라운드티,1,1,1,18670
2025-01-29,FAMILY,장갑,UNKNOWN,1,1,1,86970
2025-01-29,FAMILY,패딩/슬림다운,남성,1,1,2,25500
2025-01-29,FAMILY,하이킹,남성,1,1,1,15000
2025-01-29,SILVER,남성,남성,1,1,3,417550
2025-01-30,FAMILY,UNKNOWN,남성,1,1,1,57790
2025-01-30,FAMILY,UNKNOWN,자켓/ 베스트,1,1,1,42210
2025-01-30,FAMILY,긴바지,여성,1,1,1,347750
2025-01-30,FAMILY,긴바지,남성,2,2,2,175410
2025-01-30,FAMILY,긴바지,하이킹,1,1,1,53230
2025-01-30,FAMILY,남성,남성,28,28,36,1536250
2025-01-30,FAMILY,남성,여성,3,3,3,456870
2025-01-30,FAMILY,남성,하이킹,2,2,2,186080
2025-01-30,FAMILY,남성,등산화,2,2,2,136170
2025-01-30,FAMILY,남성,부츠,1,1,1,85990
2025-01-30,FAMILY,남성,가방,1,1,1,49050
2025-01-30,FAMILY,남성,셋업,1,1,1,43350
2025-01-30,FAMILY,남성,자켓/ 베스트,1,1,1,42210
2025-01-30,FAMILY,남성,볼캡,1,1,1,24130
2025-01-30,FAMILY,남성,라운드티,1,1,1,18090
2025-01-30,FAMILY,등산화,남성,1,1,1,43290
2025-01-30,FAMILY,라운드티,남성,1,1,1,67010
2025-01-30,FAMILY,라운드티,라운드티,1,1,1,20800
2025-01-30,FAMILY,맨투맨/후드티,남성,1,1,1,24890
2025-01-30,FAMILY,미드/롱다운,남성,1,1,1,60600
2025-01-30,FAMILY,미드/롱다운,가방,1,1,1,52110
2025-01-30,FAMILY,볼캡,남성,1,1,1,28750
2025-01-30,FAMILY,셋업,남성,2,2,2,105090
2025-01-30,FAMILY,셋업,자켓/베스트,1,1,2,63280
2025-01-30,FAMILY,액세서리,남성,2,2,2,31500
2025-01-30,FAMILY,액세서리,라운드티,1,1,1,18090
2025-01-30,FAMILY,여성,등산화,2,2,2,172030
2025-01-30,FAMILY,여성,여성,2,2,2,103920
2025-01-30,FAMILY,여성,부츠,1,1,1,89300
2025-01-30,FAMILY,여성,자켓/베스트,1,1,2,63280
2025-01-30,FAMILY,여성,남성,1,1,1,39540
2025-01-30,FAMILY,여성,장갑,1,1,1,29330
2025-01-30,FAMILY,하이킹,남성,2,2,2,59980
2025-01-31,FAMILY,UNKNOWN,남성,3,3,3,136550
2025-01-31,FAMILY,UNKNOWN,셋업,2,2,2,84920
2025-01-31,FAMILY,UNKNOWN,UNKNOWN,1,1,1,84590
2025-01-31,FAMILY,UNKNOWN,자켓/ 베스트,1,1,1,67090
2025-01-31,FAMILY,UNKNOWN,하이킹,1,1,1,60100
2025-01-31,FAMILY,가방,남성,2,2,3,38050
2025-01-31,FAMILY,가방,자켓/ 베스트,1,1,1,27700
2025-01-31,FAMILY,가방,라운드티,1,1,1,20650
2025-01-31,FAMILY,긴바지,남성,9,9,12,445650
2025-01-31,FAMILY,긴바지,셋업,1,1,1,28210
2025-01-31,FAMILY,남성,남성,148,148,181,6963920
2025-01-31,FAMILY,남성,여성,17,17,17,939910
2025-01-31,FAMILY,남성,셋업,5,5,5,285450
2025-01-31,FAMILY,남성,자켓/ 베스트,8,8,8,248460
2025-01-31,FAMILY,남성,등산화,2,2,2,216820
2025-01-31,FAMILY,남성,하이킹,2,2,2,212740
2025-01-31,FAMILY,남성,패딩/슬림다운,1,1,1,133590
2025-01-31,FAMILY,남성,UNKNOWN,3,3,3,128250
2025-01-31,FAMILY,남성,볼캡,5,5,5,111330
2025-01-31,FAMILY,남성,가방,2,2,2,101090
2025-01-31,FAMILY,남성,라운드티,5,5,5,98250
2025-01-31,FAMILY,남성,장갑,4,4,4,93940
2025-01-31,FAMILY,남성,액세서리,3,3,5,65620
2025-01-31,FAMILY,남성,맨투맨/후드티,1,1,1,59300
2025-01-31,FAMILY,등산화,남성,8,8,10,341970
2025-01-31,FAMILY,라운드티,남성,19,19,26,978680
2025-01-31,FAMILY,라운드티,여성,10,10,10,599880
2025-01-31,FAMILY,라운드티,하이킹,1,1,1,109710
2025-01-31,FAMILY,라운드티,라운드티,2,2,3,73170
2025-01-31,FAMILY,라운드티,부츠,1,1,1,72700
2025-01-31,FAMILY,라운드티,자켓/ 베스트,2,2,2,56600
2025-01-31,FAMILY,라운드티,캐주얼,1,1,1,47540
2025-01-31,FAMILY,라운드티,셋업,1,1,1,37090
2025-01-31,FAMILY,라운드티,장갑,1,1,1,21000
2025-01-31,FAMILY,라운드티,UNKNOWN,1,1,1,19440
2025-01-31,FAMILY,맨투맨/후드티,남성,4,4,4,102780
2025-01-31,FAMILY,맨투맨/후드티,셋업,1,1,1,83720
2025-01-31,FAMILY,미드/롱다운,남성,3,3,3,139780
2025-01-31,FAMILY,바람막이,남성,4,4,4,139060
2025-01-31,FAMILY,반바지,하이킹,1,1,1,109710
2025-01-31,FAMILY,반바지,남성,1,1,1,23600
2025-01-31,FAMILY,방수자켓,하이킹,1,1,1,109710
2025-01-31,FAMILY,버킷/부니,남성,1,1,1,38540
2025-01-31,FAMILY,볼캡,UNKNOWN,1,1,1,105300
2025-01-31,FAMILY,볼캡,가방,1,1,1,50930
2025-01-31,FAMILY,상의,남성,2,2,2,77990
2025-01-31,FAMILY,셋업,남성,8,8,8,496610
2025-01-31,FAMILY,셋업,여성,3,3,3,129810
2025-01-31,FAMILY,셋업,셔츠,1,1,1,101440
2025-01-31,FAMILY,셋업,부츠,1,1,1,72700
2025-01-31,FAMILY,셋업,셋업,1,1,1,37090
2025-01-31,FAMILY,셋업,자켓/ 베스트,1,1,1,24230
2025-01-31,FAMILY,액세서리,남성,3,3,3,131070
2025-01-31,FAMILY,액세서리,하이킹,1,1,1,110440
2025-01-31,FAMILY,액세서리,캐주얼,1,1,1,47540
2025-01-31,FAMILY,액세서리,액세서리,1,1,1,16480
2025-01-31,FAMILY,여성,남성,15,15,15,755490
2025-01-31,FAMILY,여성,여성,7,7,7,572370
2025-01-31,FAMILY,여성,라운드티,2,2,2,54790
2025-01-31,FAMILY,여성,캐주얼,1,1,1,42400
2025-01-31,FAMILY,여성,자켓/ 베스트,1,1,1,30560
2025-01-31,FAMILY,여성,자켓/베스트,1,1,1,28070
2025-01-31,FAMILY,여성,셋업,1,1,1,23520
2025-01-31,FAMILY,여성,장갑,1,1,1,22050
2025-01-31,FAMILY,여성,UNKNOWN,1,1,1,21600
2025-01-31,FAMILY,자켓/ 베스트,남성,3,3,4,173500
2025-01-31,FAMILY,자켓/ 베스트,폴로/집업티,2,2,2,76370
2025-01-31,FAMILY,자켓/ 베스트,셋업,2,2,2,74530
2025-01-31,FAMILY,자켓/ 베스트,부츠,1,1,1,72700
2025-01-31,FAMILY,자켓/ 베스트,여성,1,1,1,45260
2025-01-31,FAMILY,자켓/ 베스트,자켓/ 베스트,1,1,1,30190
2025-01-31,FAMILY,자켓/베스트,여성,1,1,1,93280
2025-01-31,FAMILY,자켓/베스트,남성,1,1,3,43560
2025-01-31,FAMILY,캐주얼,여성,1,1,1,46300
2025-01-31,FAMILY,트레일러닝,남성,1,1,1,103370
2025-01-31,FAMILY,패딩/슬림다운,자켓/베스트,1,1,1,28070
2025-01-31,FAMILY,패딩/슬림다운,남성,1,1,1,19500
2025-01-31,FAMILY,하이킹,남성,6,6,6,275120
2025-01-31,FAMILY,하이킹,하이킹,1,1,1,100380
2025-01-31,FAMILY,하이킹,가방,1,1,1,63000
2025-01-31,GOLD,남성,남성,1,1,2,186550
2025-01-31,SILVER,UNKNOWN,자켓/ 베스트,1,1,1,107000
2025-01-31,SILVER,남성,남성,8,8,12,1009300
2025-01-31,SILVER,남성,패딩/슬림다운,2,2,2,254650
2025-01-31,SILVER,남성,긴바지,1,1,1,112770
2025-01-31,SILVER,남성,액세서리,1,1,1,14450
2025-01-31,SILVER,반바지,남성,1,1,1,68460
2025-01-31,SILVER,스니커즈,남성,1,1,1,209270
2025-01-31,SILVER,액세서리,긴바지,1,1,1,112770
2025-01-31,SILVER,자켓/ 베스트,남성,1,1,3,290300
2025-01-31,SILVER,자켓/ 베스트,패딩/슬림다운,1,1,1,159000
2025-01-31,SILVER,자켓/베스트,남성,1,1,3,290300
2025-01-31,SILVER,자켓/베스트,패딩/슬림다운,1,1,1,159000
2025-02-01,FAMILY,긴바지,하이킹,1,1,1,130920
2025-02-01,FAMILY,긴바지,남성,1,1,1,79320
2025-02-01,FAMILY,남성,남성,2,2,2,55100
2025-02-01,FAMILY,남성,여성,1,1,1,37950
2025-02-01,FAMILY,상의,여성,1,1,1,106350
2025-02-02,FAMILY,남성,남성,4,4,4,358430
2025-02-02,FAMILY,남성,긴바지,1,1,1,79000
2025-02-02,FAMILY,셋업,남성,1,1,1,176620
2025-02-03,FAMILY,남성,여성,1,1,1,212540
2025-02-03,FAMILY,남성,장갑,1,1,1,47300
2025-02-03,GOLD,남성,남성,1,1,1,44000
2025-02-03,SILVER,남성,남성,1,1,1,123370
2025-02-04,FAMILY,가방,남성,1,1,1,38540
2025-02-04,FAMILY,남성,폴로티/집업,2,2,2,138600
2025-02-04,FAMILY,남성,남성,3,3,3,113020
2025-02-04,FAMILY,남성,UNKNOWN,1,1,1,109780
2025-02-04,FAMILY,남성,볼캡,1,1,1,18600
2025-02-04,FAMILY,액세서리,폴로티/집업,1,1,1,69300
2025-02-04,FAMILY,액세서리,남성,1,1,1,23950
2025-02-04,FAMILY,여성,남성,1,1,1,23950
2025-02-04,SILVER,남성,남성,1,1,1,97300
2025-02-05,FAMILY,남성,남성,5,5,6,479420
2025-02-05,FAMILY,남성,라운드티,1,1,1,31300
2025-02-05,FAMILY,라운드티,여성,1,1,1,52300
2025-02-05,FAMILY,바람막이,남성,1,1,2,189260
2025-02-05,FAMILY,볼캡,액세서리,1,1,2,19630
2025-02-05,FAMILY,여성,등산화,1,1,1,129130
2025-02-05,FAMILY,하이킹,등산화,1,1,1,143300
2025-02-05,SILVER,UNKNOWN,미드/롱다운,1,1,1,447200
2025-02-06,FAMILY,남성,남성,5,5,5,602550
2025-02-06,FAMILY,남성,여성,2,2,2,247140
2025-02-06,FAMILY,남성,가방,1,1,1,60210
2025-02-06,FAMILY,셋업,남성,1,1,1,81310
2025-02-06,FAMILY,여성,가방,1,1,1,60210
2025-02-06,FAMILY,여성,여성,1,1,1,59000
2025-02-06,FAMILY,인터체인지 (3 in 1),등산화,1,1,1,100170
2025-02-06,FAMILY,자켓/ 베스트,하이킹,1,1,1,123300
2025-02-06,FAMILY,자켓/ 베스트,남성,1,1,1,98170
2025-02-06,FAMILY,장갑,가방,1,1,1,61970
2025-02-06,SILVER,여성,여성,1,1,1,59000
2025-02-07,FAMILY,남성,남성,8,8,9,789380
2025-02-07,FAMILY,남성,하이킹,5,5,5,248410
2025-02-07,FAMILY,남성,등산화,1,1,1,118300
2025-02-07,FAMILY,남성,액세서리,2,2,4,37480
2025-02-07,FAMILY,남성,볼캡,1,1,1,30080
2025-02-07,FAMILY,라운드티,등산화,1,1,1,135140
2025-02-07,FAMILY,볼캡,볼캡,1,1,1,30080
2025-02-07,FAMILY,부츠,남성,1,1,1,93370
2025-02-07,FAMILY,액세서리,남성,1,1,1,251850
2025-02-07,FAMILY,여성,하이킹,2,2,2,93990
2025-02-07,FAMILY,자켓/베스트,하이킹,1,1,1,55000
2025-02-07,FAMILY,패딩/슬림다운,남성,1,1,1,251850
2025-02-07,FAMILY,폴로티/집업,UNKNOWN,1,1,1,29460
2025-02-08,FAMILY,남성,하이킹,1,1,1,123300
2025-02-08,FAMILY,남성,가방,1,1,1,71700
2025-02-08,FAMILY,남성,남성,1,1,1,47530
2025-02-08,FAMILY,남성,UNKNOWN,1,1,1,27350
2025-02-08,FAMILY,볼캡,남성,1,1,3,241030
2025-02-08,FAMILY,셋업,셋업,1,1,1,53200
2025-02-08,FAMILY,여성,남성,1,1,3,241030
2025-02-08,FAMILY,하이킹,남성,1,1,1,212570
2025-02-08,SILVER,남성,남성,2,2,2,150820
2025-02-09,FAMILY,남성,남성,3,3,3,337080
2025-02-09,FAMILY,남성,여성,2,2,2,317740
2025-02-09,FAMILY,남성,긴바지,1,1,1,122610
2025-02-09,FAMILY,남성,자켓/ 베스트,1,1,1,47700
2025-02-09,FAMILY,남성,장갑,1,1,1,39000
2025-02-09,FAMILY,바람막이,남성,1,1,1,132200
2025-02-09,FAMILY,여성,여성,2,2,2,170200
2025-02-09,FAMILY,여성,장갑,2,2,2,135560
2025-02-09,FAMILY,여성,남성,1,1,1,86670
2025-02-09,FAMILY,자켓/베스트,여성,1,1,1,51000
2025-02-09,FAMILY,하이킹,남성,1,1,3,156600
2025-02-09,FAMILY,하이킹,하이킹,1,1,2,110000
2025-02-09,SILVER,남성,남성,1,1,4,317750
2025-02-10,FAMILY,남성,남성,2,2,2,231560
2025-02-10,FAMILY,남성,하이킹,1,1,1,117530
2025-02-10,FAMILY,남성,크로스/토트백,1,1,1,51300
2025-02-10,FAMILY,하이킹,하이킹,1,1,1,48000
2025-02-10,SILVER,남성,하이킹,1,1,1,128970
2025-02-10,SILVER,남성,셔츠,1,1,1,116950
2025-02-10,SILVER,남성,남성,1,1,1,71830
2025-02-10,SILVER,셋업,하이킹,1,1,1,49410
2025-02-10,SILVER,여성,하이킹,1,1,1,49410
2025-02-10,SILVER,자켓/ 베스트,하이킹,1,1,1,49410
2025-02-10,SILVER,자켓/ 베스트,남성,1,1,1,34000
2025-02-10,SILVER,캐주얼,남성,1,1,1,269100
2025-02-10,SILVER,캐주얼,자켓/ 베스트,1,1,1,112770
2025-02-10,TITANIUM,남성,셋업,1,1,1,132300
2025-02-10,TITANIUM,남성,남성,1,1,1,125300
2025-02-10,TITANIUM,셋업,셋업,1,1,1,132300
2025-02-10,TITANIUM,셋업,남성,1,1,1,125300
2025-02-10,TITANIUM,하이킹,셋업,1,1,1,132300
2025-02-10,TITANIUM,하이킹,남성,1,1,1,125300
2025-02-11,FAMILY,남성,남성,3,3,3,401910
2025-02-11,FAMILY,남성,여성,1,1,1,128920
2025-02-11,FAMILY,남성,하이킹,1,1,1,117740
2025-02-11,FAMILY,셋업,셋업,1,1,1,55200
2025-02-11,FAMILY,셋업,하이킹,1,1,1,55000
2025-02-11,FAMILY,하이킹,하이킹,1,1,1,50000
2025-02-11,SILVER,남성,남성,1,1,1,159000
2025-02-11,SILVER,남성,맨투맨/후드티,1,1,1,56810
2025-02-12,FAMILY,가방,볼캡,1,1,1,24100
2025-02-12,FAMILY,긴바지,등산화,1,1,1,114940
2025-02-12,FAMILY,남성,남성,5,5,6,303170
2025-02-12,FAMILY,남성,UNKNOWN,1,1,1,94000
2025-02-12,FAMILY,남성,여성,1,1,1,51510
2025-02-12,FAMILY,남성,볼캡,1,1,1,24100
2025-02-12,FAMILY,남성,액세서리,1,1,1,21200
2025-02-12,FAMILY,반바지,UNKNOWN,1,1,1,94000
2025-02-12,FAMILY,상의,UNKNOWN,1,1,1,94000
2025-02-12,FAMILY,자켓/베스트,여성,1,1,1,51510
2025-02-13,FAMILY,긴바지,가방,1,1,1,72000
2025-02-13,FAMILY,남성,남성,6,6,7,301000
2025-02-13,FAMILY,남성,가방,2,2,2,150150
2025-02-13,FAMILY,남성,액세서리,1,1,2,17780
2025-02-13,FAMILY,미드/롱다운,남성,1,1,1,169100
2025-02-13,FAMILY,미드/롱다운,가방,1,1,1,73000
2025-02-13,FAMILY,볼캡,가방,1,1,1,74700
2025-02-13,FAMILY,액세서리,남성,1,1,1,137410
2025-02-13,FAMILY,여성,여성,1,1,1,56580
2025-02-13,FAMILY,자켓/ 베스트,하이킹,1,1,1,47420
2025-02-13,FAMILY,자켓/ 베스트,남성,1,1,1,37650
2025-02-13,FAMILY,하이킹,하이킹,1,1,1,54470
2025-02-13,FAMILY,하이킹,남성,1,1,1,48530
2025-02-13,SILVER,남성,남성,1,1,1,165000
2025-02-14,FAMILY,남성,남성,4,4,8,310290
2025-02-14,FAMILY,남성,하이킹,1,1,1,124150
2025-02-14,FAMILY,남성,가방,1,1,1,66200
2025-02-14,FAMILY,셋업,남성,1,1,1,54920
2025-02-15,FAMILY,가방,남성,1,1,1,24570
2025-02-15,FAMILY,남성,남성,3,3,3,269240
2025-02-15,FAMILY,남성,셋업,1,1,1,104300
2025-02-15,FAMILY,남성,가방,1,1,1,64420
2025-02-15,FAMILY,남성,자켓/베스트,1,1,1,44870
2025-02-15,FAMILY,남성,액세서리,1,1,2,20950
2025-02-15,FAMILY,남성,여성,1,1,1,10480
2025-02-15,FAMILY,라운드티,가방,1,1,1,64420
2025-02-15,FAMILY,라운드티,자켓/베스트,1,1,1,44870
2025-02-15,FAMILY,바람막이,가방,1,1,1,64420
2025-02-15,FAMILY,바람막이,자켓/베스트,1,1,1,44870
2025-02-15,FAMILY,셋업,셋업,1,1,1,104300
2025-02-15,SILVER,바람막이,남성,1,1,1,91870
2025-02-16,FAMILY,남성,남성,7,7,9,394520
2025-02-16,FAMILY,남성,여성,1,1,1,50540
2025-02-16,FAMILY,여성,남성,2,2,3,119390
2025-02-16,FAMILY,여성,트레일러닝,1,1,1,109000
2025-02-16,FAMILY,하이킹,남성,1,1,1,111670
2025-02-16,FAMILY,하이킹,하이킹,1,1,1,55000
2025-02-16,GOLD,등산화,여성,1,1,1,95500
2025-02-16,GOLD,여성,여성,1,1,1,95500
2025-02-16,SILVER,남성,남성,2,2,2,418300
2025-02-16,SILVER,자켓/ 베스트,남성,1,1,1,139300
2025-02-17,FAMILY,남성,남성,3,3,3,171380
2025-02-17,FAMILY,남성,패딩/슬림다운,1,1,1,160200
2025-02-17,FAMILY,남성,등산화,1,1,1,97300
2025-02-17,FAMILY,등산화,여성,1,1,1,143390
2025-02-17,FAMILY,등산화,하이킹,1,1,1,43910
2025-02-17,FAMILY,라운드티,남성,2,2,4,29220
2025-02-17,FAMILY,맨투맨/후드티,셋업,1,1,1,52700
2025-02-17,FAMILY,액세서리,셋업,1,1,1,77000
2025-02-17,FAMILY,여성,여성,1,1,1,76300
2025-02-17,SILVER,남성,남성,1,1,1,160300
2025-02-18,FAMILY,남성,남성,3,3,3,274260
2025-02-18,FAMILY,남성,여성,1,1,1,99570
2025-02-18,FAMILY,볼캡,남성,1,1,1,146880
2025-02-18,SILVER,UNKNOWN,남성,1,1,2,49000
2025-02-18,SILVER,남성,남성,2,2,3,484250
2025-02-19,FAMILY,남성,남성,5,5,6,255300
2025-02-19,FAMILY,남성,여성,1,1,1,57680
2025-02-19,FAMILY,남성,하이킹,1,1,1,49000
2025-02-19,FAMILY,라운드티,남성,1,1,1,233100
2025-02-19,FAMILY,라운드티,하이킹,1,1,1,49000
2025-02-19,FAMILY,볼캡,남성,1,1,2,13000
2025-02-19,FAMILY,여성,여성,1,1,1,38470
2025-02-19,SILVER,남성,남성,1,1,9,975330
2025-02-19,SILVER,남성,하이킹,1,1,1,49040
2025-02-19,SILVER,셋업,하이킹,1,1,1,49040
2025-02-19,SILVER,자켓/ 베스트,남성,1,1,9,975330
2025-02-20,FAMILY,UNKNOWN,남성,1,1,1,63730
2025-02-20,FAMILY,긴바지,남성,1,1,1,80010
2025-02-20,FAMILY,남성,남성,6,6,7,601496
2025-02-20,FAMILY,남성,여성,2,2,2,291222
2025-02-20,FAMILY,남성,미드/롱다운,1,1,1,225700
2025-02-20,FAMILY,남성,하이킹,1,1,1,55000
2025-02-20,FAMILY,라운드티,여성,1,1,1,155446
2025-02-20,FAMILY,라운드티,남성,2,2,2,124626
2025-02-20,FAMILY,미드/롱다운,하이킹,1,1,1,23430
2025-02-20,FAMILY,셋업,남성,2,2,3,220880
2025-02-20,FAMILY,액세서리,남성,1,1,1,137010
2025-02-20,FAMILY,여성,여성,1,1,1,63200
2025-02-20,FAMILY,하이킹,남성,2,2,3,192700
2025-02-20,FAMILY,하이킹,하이킹,1,1,1,55000
2025-02-20,SILVER,긴바지,남성,1,1,2,282996
2025-02-20,SILVER,긴바지,액세서리,1,1,1,11000
2025-02-20,SILVER,등산화,여성,1,1,1,112200
2025-02-20,SILVER,여성,여성,2,2,2,240720
2025-02-21,FAMILY,가방,남성,1,1,2,108170
2025-02-21,FAMILY,긴바지,여성,1,1,1,36310
2025-02-21,FAMILY,긴바지,셋업,1,1,1,36250
2025-02-21,FAMILY,남성,남성,4,4,4,456376
2025-02-21,FAMILY,남성,하이킹,1,1,1,55000
2025-02-21,FAMILY,등산화,남성,1,1,1,122850
2025-02-21,FAMILY,라운드티,남성,1,1,1,47720
2025-02-21,FAMILY,맨투맨/후드티,남성,1,1,1,47720
2025-02-21,FAMILY,미드/롱다운,여성,1,1,1,283870
2025-02-21,FAMILY,볼캡,남성,1,1,1,152523
2025-02-21,FAMILY,셋업,남성,3,3,3,306996
2025-02-21,FAMILY,셋업,패딩/슬림다운,1,1,1,156430
2025-02-21,FAMILY,셋업,여성,1,1,1,36310
2025-02-21,FAMILY,셋업,셋업,1,1,1,36250
2025-02-21,FAMILY,셋업,액세서리,1,1,1,11000
2025-02-21,FAMILY,여성,남성,1,1,1,157783
2025-02-21,FAMILY,여성,여성,2,2,2,126202
2025-02-21,FAMILY,여성,하이킹,1,1,1,55000
2025-02-21,FAMILY,여성,셋업,1,1,1,36250
2025-02-21,SILVER,여성,자켓/ 베스트,1,1,1,155000
2025-02-21,SILVER,인터체인지 (3 in 1),남성,1,1,2,215700
2025-02-21,SILVER,자켓/ 베스트,남성,1,1,1,212240
2025-02-22,FAMILY,남성,남성,6,6,9,359950
2025-02-22,FAMILY,남성,여성,1,1,2,108560
2025-02-22,FAMILY,남성,가방,1,1,1,83000
2025-02-22,FAMILY,등산화,여성,1,1,1,212190
2025-02-22,FAMILY,등산화,남성,1,1,1,37790
2025-02-22,FAMILY,라운드티,남성,1,1,1,35000
2025-02-22,FAMILY,셋업,남성,1,1,1,49200
2025-02-22,FAMILY,여성,남성,2,2,4,310230
2025-02-22,FAMILY,여성,여성,1,1,1,212190
2025-02-23,FAMILY,UNKNOWN,여성,1,1,1,52740
2025-02-23,FAMILY,긴바지,남성,1,1,1,25570
2025-02-23,FAMILY,남성,남성,3,3,4,400113
2025-02-23,FAMILY,남성,패딩/슬림다운,1,1,1,167300
2025-02-23,FAMILY,남성,긴바지,1,1,1,69990
2025-02-23,FAMILY,라운드티,남성,2,2,2,102960
2025-02-23,FAMILY,라운드티,긴바지,1,1,1,69990
2025-02-23,FAMILY,반바지,남성,1,1,1,77390
2025-02-23,FAMILY,반바지,긴바지,1,1,1,69990
2025-02-23,FAMILY,여성,하이킹,1,1,1,43500
2025-02-23,FAMILY,여성,남성,1,1,1,23200
2025-02-23,FAMILY,하이킹,라운드티,1,1,1,37170
2025-02-23,SILVER,남성,미드/롱다운,1,1,1,411400
2025-02-23,SILVER,남성,남성,2,2,2,298190
2025-02-23,SILVER,미드/롱다운,미드/롱다운,1,1,1,411400
2025-02-23,SILVER,여성,패딩/슬림다운,1,1,1,156530
2025-02-24,FAMILY,가방,남성,1,1,1,169533
2025-02-24,FAMILY,긴바지,남성,1,1,1,118240
2025-02-24,FAMILY,남성,남성,6,6,7,798253
2025-02-24,FAMILY,남성,여성,1,1,1,48370
2025-02-24,FAMILY,여성,긴바지,1,1,1,111770
2025-02-24,FAMILY,여성,하이킹,1,1,1,55000
2025-02-24,FAMILY,자켓/ 베스트,남성,1,1,1,24000
2025-02-24,SILVER,남성,하이킹,1,1,2,274000
2025-02-24,SILVER,남성,UNKNOWN,1,1,1,111300
2025-02-24,SILVER,남성,남성,1,1,1,108990
2025-02-25,FAMILY,긴바지,긴바지,2,2,2,247480
2025-02-25,FAMILY,남성,남성,1,1,1,62100
2025-02-25,FAMILY,남성,라운드티,1,1,1,29520
2025-02-25,FAMILY,라운드티,남성,1,1,1,92050
2025-02-25,FAMILY,셋업,남성,1,1,1,77400
2025-02-25,FAMILY,여성,남성,3,3,3,91160
2025-02-26,FAMILY,남성,남성,6,6,10,327360
2025-02-26,FAMILY,남성,패딩/슬림다운,1,1,1,86400
2025-02-26,FAMILY,남성,여성,1,1,1,71040
2025-02-26,FAMILY,라운드티,남성,1,1,1,96430
2025-02-26,FAMILY,셋업,남성,1,1,1,7600
2025-02-26,FAMILY,여성,남성,1,1,1,189000
2025-02-26,FAMILY,여성,긴바지,1,1,1,111770
2025-02-26,FAMILY,하이킹,남성,2,2,2,200440
2025-02-26,SILVER,남성,남성,1,1,1,93750
2025-02-26,SILVER,맨투맨/후드티,남성,1,1,3,360000
2025-02-27,FAMILY,남성,남성,6,6,7,456170
2025-02-27,FAMILY,남성,패딩/슬림다운,1,1,1,98570
2025-02-27,FAMILY,남성,하이킹,1,1,1,52800
2025-02-27,FAMILY,등산화,남성,1,1,1,270850
2025-02-27,FAMILY,여성,하이킹,2,2,8,427470
2025-02-27,FAMILY,여성,여성,1,1,1,116736
2025-02-27,FAMILY,자켓/ 베스트,남성,1,1,1,108830
2025-02-27,SILVER,남성,남성,2,2,32,408300
2025-02-28,FAMILY,UNKNOWN,남성,1,1,1,117200
2025-02-28,FAMILY,가방,남성,1,1,1,41770
2025-02-28,FAMILY,긴바지,남성,1,1,1,66300
2025-02-28,FAMILY,남성,남성,2,2,2,164200
2025-02-28,FAMILY,남성,하이킹,1,1,1,44920
2025-03-01,FAMILY,남성,남성,3,3,3,219310
2025-03-01,FAMILY,남성,하이킹,1,1,1,52090
2025-03-01,FAMILY,남성,액세서리,1,1,2,17630
2025-03-01,FAMILY,여성,라운드티,1,1,2,75750
2025-03-01,FAMILY,하이킹,패딩/슬림다운,1,1,1,167300
2025-03-01,SILVER,남성,여성,1,1,4,429780
2025-03-01,SILVER,남성,남성,1,1,2,114320
2025-03-01,SILVER,남성,셋업,1,1,1,55030
2025-03-01,SILVER,남성,자켓/ 베스트,1,1,1,46520
2025-03-01,SILVER,여성,여성,1,1,4,429780
2025-03-01,SILVER,여성,남성,1,1,2,114320
2025-03-01,SILVER,여성,셋업,1,1,1,55030
2025-03-02,FAMILY,가방,여성,1,1,1,179100
2025-03-02,FAMILY,긴바지,여성,1,1,1,179100
2025-03-02,FAMILY,남성,남성,2,2,2,175730
2025-03-02,FAMILY,남성,여성,1,1,1,58500
2025-03-02,FAMILY,라운드티,여성,1,1,1,179100
2025-03-02,FAMILY,장갑,남성,1,1,1,85880
2025-03-02,SILVER,남성,남성,1,1,2,229420
2025-03-03,FAMILY,UNKNOWN,남성,1,1,1,42030
2025-03-03,FAMILY,남성,남성,4,4,8,416550
2025-03-03,FAMILY,남성,여성,1,1,1,92102
2025-03-03,SILVER,남성,남성,4,4,4,478570
2025-03-03,SILVER,라운드티,남성,1,1,1,152530
2025-03-03,SILVER,여성,남성,1,1,1,152530
2025-03-04,FAMILY,남성,남성,2,2,2,263713
2025-03-04,FAMILY,셋업,여성,1,1,1,154480
2025-03-04,FAMILY,여성,맨투맨/후드티,1,1,1,65680
2025-03-04,FAMILY,하이킹,남성,1,1,1,150070
2025-03-04,FAMILY,하이킹,하이킹,1,1,1,53000
2025-03-04,SILVER,남성,남성,1,1,1,186900
2025-03-04,SILVER,여성,남성,1,1,1,186900
2025-03-05,FAMILY,남성,남성,4,4,9,367350
2025-03-05,FAMILY,남성,등산화,1,1,1,81030
2025-03-05,FAMILY,남성,여성,2,2,2,65580
2025-03-05,FAMILY,남성,하이킹,1,1,1,49190
2025-03-05,FAMILY,남성,라운드티,1,1,1,36940
2025-03-05,FAMILY,라운드티,남성,1,1,1,100550
2025-03-05,FAMILY,라운드티,바람막이,1,1,1,100540
2025-03-05,FAMILY,라운드티,액세서리,1,1,1,10950
2025-03-05,SILVER,남성,남성,1,1,1,150570
2025-03-05,SILVER,자켓/ 베스트,남성,1,1,1,150570
2025-03-05,SILVER,자켓/베스트,남성,1,1,1,150570
2025-03-06,FAMILY,UNKNOWN,남성,1,1,1,79000
2025-03-06,FAMILY,가방,바람막이,1,1,1,88550
2025-03-06,FAMILY,남성,남성,2,2,2,103270
2025-03-06,FAMILY,남성,하이킹,1,1,1,45670
2025-03-06,FAMILY,남성,여성,1,1,1,44680
2025-03-06,FAMILY,남성,셋업,1,1,1,40820
2025-03-06,FAMILY,라운드티,여성,1,1,1,180873
2025-03-06,FAMILY,라운드티,남성,1,1,1,130503
2025-03-06,FAMILY,라운드티,바람막이,1,1,1,88550
2025-03-06,FAMILY,맨투맨/후드티,남성,1,1,1,157680
2025-03-06,FAMILY,여성,남성,1,1,1,150570
2025-03-06,FAMILY,하이킹,남성,1,1,1,23000
2025-03-06,SILVER,남성,남성,1,1,1,119000
2025-03-06,SILVER,등산화,남성,1,1,1,119000
2025-03-06,SILVER,하이킹,남성,1,1,1,119000
2025-03-07,FAMILY,남성,남성,6,6,8,485950
2025-03-07,FAMILY,남성,여성,1,1,1,60480
2025-03-07,FAMILY,남성,긴바지,1,1,1,50580
2025-03-07,FAMILY,남성,바람막이,1,1,1,50410
2025-03-07,FAMILY,여성,UNKNOWN,1,1,1,93070
2025-03-07,SILVER,남성,남성,1,1,1,232470
2025-03-08,FAMILY,남성,남성,6,6,7,525286
2025-03-08,FAMILY,남성,UNKNOWN,1,1,1,96220
2025-03-08,FAMILY,남성,여성,1,1,1,28770
2025-03-08,FAMILY,여성,여성,1,1,3,158350
2025-03-08,FAMILY,여성,남성,1,1,2,22000
2025-03-08,FAMILY,여성,액세서리,1,1,2,22000
2025-03-09,FAMILY,남성,남성,4,4,4,379513
2025-03-09,FAMILY,라운드티,액세서리,1,1,3,28880
2025-03-09,FAMILY,라운드티,남성,1,1,2,17770
2025-03-09,SILVER,여성,남성,1,1,1,104300
2025-03-10,FAMILY,UNKNOWN,남성,1,1,1,119940
2025-03-10,FAMILY,가방,남성,1,1,150,8280000
2025-03-10,FAMILY,남성,남성,8,8,157,8763970
2025-03-10,FAMILY,남성,바람막이,2,2,2,103040
2025-03-10,FAMILY,남성,방수자켓,1,1,1,63780
2025-03-10,FAMILY,자켓/ 베스트,남성,1,1,1,22920
2025-03-10,SILVER,남성,남성,1,1,1,110000
2025-03-11,FAMILY,긴바지,긴바지,1,1,1,36180
2025-03-11,FAMILY,남성,남성,1,1,1,83000
2025-03-11,FAMILY,남성,긴바지,1,1,1,36180
2025-03-11,FAMILY,등산화,여성,1,1,1,111300
2025-03-11,FAMILY,셋업,남성,1,1,1,109550
2025-03-11,FAMILY,여성,남성,1,1,2,12240
2025-03-11,SILVER,남성,남성,2,2,2,231680
2025-03-12,FAMILY,가방,남성,1,1,1,97420
2025-03-12,FAMILY,긴바지,여성,1,1,1,188630
2025-03-12,FAMILY,남성,여성,2,2,3,626690
2025-03-12,FAMILY,남성,남성,3,3,3,535070
2025-03-12,FAMILY,남성,상의,1,1,1,43590
2025-03-12,FAMILY,남성,라운드티,1,1,1,18470
2025-03-12,FAMILY,하이킹,남성,1,1,1,24000
2025-03-12,GOLD,긴바지,남성,1,1,1,111300
2025-03-12,SILVER,남성,남성,1,1,1,185610
2025-03-13,FAMILY,가방,남성,1,1,1,71100
2025-03-13,FAMILY,가방,여성,1,1,1,69530
2025-03-13,FAMILY,남성,남성,6,6,8,561670
2025-03-13,FAMILY,남성,여성,3,3,3,232890
2025-03-13,FAMILY,남성,상의,1,1,1,56660
2025-03-13,FAMILY,남성,바람막이,1,1,1,53870
2025-03-13,FAMILY,남성,하이킹,1,1,1,47000
2025-03-13,FAMILY,바람막이,방수자켓,1,1,1,69300
2025-03-13,FAMILY,바람막이,남성,1,1,3,30600
2025-03-13,FAMILY,바람막이,여성,1,1,1,6300
2025-03-13,FAMILY,셋업,자켓/베스트,1,1,1,47000
2025-03-13,FAMILY,액세서리,방수자켓,1,1,1,69300
2025-03-13,FAMILY,액세서리,남성,1,1,3,30600
2025-03-13,FAMILY,액세서리,여성,1,1,1,6300
2025-03-13,FAMILY,여성,여성,1,1,1,109490
2025-03-13,FAMILY,카고/조거,여성,1,1,1,69530
2025-03-13,FAMILY,하이킹,남성,1,1,1,73490
2025-03-13,SILVER,등산화,하이킹,1,1,1,55000
2025-03-14,FAMILY,UNKNOWN,남성,1,1,1,34770
2025-03-14,FAMILY,남성,남성,3,3,3,255000
2025-03-14,FAMILY,남성,긴바지,1,1,1,161000
2025-03-14,FAMILY,남성,상의,1,1,1,59000
2025-03-14,FAMILY,여성,상의,1,1,1,54550
2025-03-14,FAMILY,여성,남성,1,1,1,32130
2025-03-14,SILVER,남성,남성,1,1,1,97750
2025-03-15,FAMILY,UNKNOWN,등산화,1,1,1,95000
2025-03-15,FAMILY,남성,남성,2,2,2,42300
2025-03-15,FAMILY,남성,바람막이,1,1,1,39000
2025-03-15,FAMILY,여성,남성,1,1,1,97300
2025-03-15,FAMILY,하이킹,남성,1,1,1,23350
2025-03-16,FAMILY,긴바지,남성,1,1,1,79440
2025-03-16,FAMILY,남성,남성,3,3,4,256590
2025-03-16,FAMILY,남성,패딩/슬림다운,1,1,2,241550
2025-03-16,FAMILY,남성,라운드티,1,1,1,34120
2025-03-16,FAMILY,라운드티,라운드티,1,1,1,34120
2025-03-16,FAMILY,여성,여성,2,2,2,326430
2025-03-16,FAMILY,자켓/베스트,여성,1,1,1,145160
2025-03-16,SILVER,남성,하이킹,1,1,1,123720
2025-03-17,FAMILY,UNKNOWN,등산화,1,1,1,136210
2025-03-17,FAMILY,가방,하이킹,1,1,1,46200
2025-03-17,FAMILY,긴바지,남성,1,1,1,87570
2025-03-17,FAMILY,남성,남성,5,5,8,221750
2025-03-17,FAMILY,남성,자켓/ 베스트,1,1,1,107000
2025-03-17,FAMILY,남성,바람막이,1,1,1,59000
2025-03-17,FAMILY,바람막이,하이킹,1,1,1,55000
2025-03-17,FAMILY,여성,여성,1,1,1,79780
2025-03-17,FAMILY,장갑,여성,1,1,1,79780
2025-03-17,FAMILY,트레일러닝,남성,1,1,1,137300
2025-03-17,SILVER,남성,여성,1,1,1,199480
2025-03-17,SILVER,여성,여성,2,2,2,269330
2025-03-18,FAMILY,남성,남성,2,2,2,120500
2025-03-18,FAMILY,여성,하이킹,1,1,1,48650
2025-03-19,FAMILY,긴바지,남성,1,1,1,52300
2025-03-19,FAMILY,긴바지,자켓/ 베스트,1,1,1,46980
2025-03-19,FAMILY,남성,남성,3,3,3,157230
2025-03-19,FAMILY,남성,트레일러닝,1,1,1,109000
2025-03-19,FAMILY,남성,바람막이,1,1,1,101000
2025-03-19,FAMILY,남성,긴바지,1,1,1,71100
2025-03-19,FAMILY,남성,하이킹,1,1,1,55000
2025-03-19,FAMILY,자켓/ 베스트,남성,1,1,1,52300
2025-03-19,FAMILY,자켓/ 베스트,자켓/ 베스트,1,1,1,46980
2025-03-19,SILVER,남성,남성,1,1,1,149000
2025-03-20,FAMILY,UNKNOWN,남성,1,1,1,115670
2025-03-20,FAMILY,남성,남성,3,3,6,384570
2025-03-20,FAMILY,남성,바람막이,1,1,1,103230
2025-03-20,FAMILY,남성,여성,1,1,1,98100
2025-03-20,FAMILY,남성,하이킹,1,1,1,45000
2025-03-20,FAMILY,라운드티,여성,1,1,1,98100
2025-03-20,FAMILY,반바지,여성,1,1,1,98100
2025-03-20,FAMILY,액세서리,셔츠,1,1,1,125100
2025-03-20,FAMILY,액세서리,상의,1,1,1,59000
2025-03-20,FAMILY,여성,등산화,1,1,1,105060
2025-03-20,SILVER,남성,남성,1,1,1,58940
2025-03-20,SILVER,라운드티,여성,1,1,1,39000
2025-03-20,SILVER,셋업,남성,1,1,1,158810
2025-03-21,FAMILY,남성,남성,6,6,10,569650
2025-03-21,FAMILY,남성,상의,1,1,1,54720
2025-03-21,FAMILY,남성,바람막이,1,1,1,52600
2025-03-21,FAMILY,맨투맨/후드티,남성,1,1,2,138000
2025-03-21,FAMILY,여성,남성,1,1,1,126600
2025-03-21,FAMILY,여성,하이킹,1,1,1,55000
2025-03-21,FAMILY,여성,바람막이,1,1,1,52600
2025-03-21,FAMILY,인터체인지 (3 in 1),자켓/ 베스트,1,1,1,26500
2025-03-21,SILVER,남성,남성,1,1,1,108940
2025-03-21,SILVER,남성,여성,1,1,1,57030
2025-03-21,SILVER,여성,남성,1,1,1,108940
2025-03-21,SILVER,여성,여성,1,1,1,57030
2025-03-22,FAMILY,남성,남성,4,4,4,375280
2025-03-22,FAMILY,남성,바람막이,1,1,1,57030
2025-03-22,FAMILY,액세서리,바람막이,1,1,1,57030
2025-03-22,FAMILY,액세서리,남성,1,1,1,47030
2025-03-22,FAMILY,여성,등산화,1,1,1,113190
2025-03-23,FAMILY,UNKNOWN,남성,1,1,1,125100
2025-03-23,FAMILY,긴바지,긴바지,1,1,1,46830
2025-03-23,FAMILY,남성,남성,6,6,6,525740
2025-03-23,FAMILY,남성,방수자켓,1,1,1,74340
2025-03-23,FAMILY,남성,크로스/토트백,1,1,1,53100
2025-03-23,FAMILY,남성,긴바지,1,1,1,46830
2025-03-23,FAMILY,바람막이,긴바지,1,1,1,46830
2025-03-23,FAMILY,하이킹,여성,1,1,1,7000
2025-03-24,FAMILY,남성,남성,5,5,9,369260
2025-03-24,FAMILY,남성,트레일러닝,1,1,1,106060
2025-03-24,FAMILY,남성,바람막이,1,1,1,58530
2025-03-24,FAMILY,남성,상의,1,1,1,58340
2025-03-24,FAMILY,남성,셋업,1,1,1,52580
2025-03-24,FAMILY,남성,여성,1,1,1,10000
2025-03-24,FAMILY,반바지,남성,1,1,1,49990
2025-03-24,FAMILY,여성,남성,2,2,2,150690
2025-03-24,FAMILY,여성,여성,1,1,1,101300
2025-03-24,FAMILY,자켓/ 베스트,남성,1,1,1,82350
2025-03-24,FAMILY,자켓/ 베스트,바람막이,1,1,1,58530
2025-03-24,FAMILY,자켓/ 베스트,셋업,1,1,1,52580
2025-03-25,FAMILY,긴바지,남성,1,1,3,219650
2025-03-25,FAMILY,남성,남성,3,3,3,270360
2025-03-25,FAMILY,남성,긴바지,2,2,2,104240
2025-03-25,FAMILY,남성,바람막이,1,1,1,59000
2025-03-25,FAMILY,셋업,바람막이,1,1,1,54000
2025-03-25,SILVER,남성,남성,1,1,1,91550
2025-03-26,FAMILY,남성,바람막이,3,3,3,203050
2025-03-26,FAMILY,남성,남성,1,1,2,107520
2025-03-26,FAMILY,남성,상의,1,1,1,59000
2025-03-26,FAMILY,남성,셋업,1,1,1,43000
2025-03-26,FAMILY,바람막이,남성,1,1,2,107520
2025-03-26,FAMILY,여성,남성,1,1,1,159000
2025-03-26,FAMILY,자켓/ 베스트,상의,1,1,1,59000
2025-03-26,SILVER,등산화,셋업,1,1,2,132570
2025-03-26,SILVER,등산화,여성,1,1,1,66290
2025-03-27,FAMILY,남성,남성,3,3,4,127940
2025-03-27,SILVER,남성,긴바지,1,1,1,53000
2025-03-28,FAMILY,긴바지,바람막이,1,1,1,93950
2025-03-28,FAMILY,남성,남성,3,3,5,124950
2025-03-28,FAMILY,라운드티,바람막이,1,1,1,93950
2025-03-28,FAMILY,여성,여성,1,1,1,90480
2025-03-28,FAMILY,하이킹,여성,1,1,1,90480
2025-03-28,FAMILY,하이킹,남성,1,1,1,57600
2025-03-28,GOLD,남성,여성,1,1,1,81670
2025-03-28,SILVER,남성,바람막이,1,1,1,59000
2025-03-29,FAMILY,UNKNOWN,남성,1,1,1,145620
2025-03-29,FAMILY,긴바지,여성,1,1,1,73100
2025-03-29,FAMILY,남성,남성,2,2,4,299070
2025-03-29,FAMILY,미드/롱다운,남성,1,1,1,189200
2025-03-29,FAMILY,바람막이,남성,2,2,4,173000
2025-03-29,FAMILY,바람막이,바람막이,1,1,1,51750
2025-03-29,SILVER,남성,상의,1,1,1,34110
2025-03-29,SILVER,남성,셋업,1,1,1,32990
2025-03-29,SILVER,남성,여성,1,1,1,4050
2025-03-29,SILVER,남성,남성,1,1,1,4050
2025-03-29,SILVER,여성,상의,1,1,1,34110
2025-03-29,SILVER,여성,셋업,1,1,1,32990
2025-03-29,SILVER,여성,여성,1,1,1,4050
2025-03-29,SILVER,여성,남성,1,1,1,4050
2025-03-30,FAMILY,남성,남성,5,5,7,156820
2025-03-30,FAMILY,바람막이,남성,1,1,1,13100
2025-03-30,FAMILY,반바지,남성,1,1,1,13100
2025-03-30,FAMILY,여성,여성,1,1,1,89000
2025-03-30,FAMILY,자켓/ 베스트,남성,1,1,1,36640
2025-03-30,FAMILY,하이킹,남성,1,1,1,18000
2025-03-30,SILVER,남성,남성,1,1,1,67240
2025-03-30,SILVER,하이킹,등산화,1,1,3,372910
2025-03-31,FAMILY,남성,남성,1,1,1,56680
2025-03-31,FAMILY,남성,긴바지,1,1,1,52190
2025-03-31,FAMILY,남성,맨투맨/후드티,1,1,1,46880
2025-03-31,FAMILY,하이킹,바람막이,1,1,1,59000
2025-04-01,FAMILY,UNKNOWN,셋업,1,1,1,39810
2025-04-01,FAMILY,긴바지,남성,1,1,2,118000
2025-04-01,FAMILY,남성,방수자켓,1,1,1,72050
2025-04-01,FAMILY,남성,남성,2,2,2,62970
2025-04-01,FAMILY,남성,바람막이,1,1,1,58000
2025-04-01,SILVER,남성,남성,1,1,2,281020
2025-04-02,FAMILY,남성,남성,4,4,5,248810
2025-04-02,FAMILY,바람막이,바람막이,1,1,1,101000
2025-04-02,FAMILY,셋업,여성,1,1,1,72090
2025-04-02,FAMILY,여성,여성,1,1,1,83760
2025-04-02,SILVER,남성,남성,2,2,3,295430
2025-04-02,SILVER,남성,하이킹,1,1,3,282000
2025-04-02,SILVER,하이킹,하이킹,1,1,3,282000
2025-04-02,SILVER,하이킹,남성,1,1,1,97300
2025-04-03,FAMILY,가방,남성,1,1,1,58650
2025-04-03,FAMILY,남성,남성,7,7,9,470260
2025-04-03,FAMILY,남성,여성,1,1,1,128900
2025-04-03,FAMILY,남성,액세서리,1,1,2,18000
2025-04-03,FAMILY,남성,장갑,1,1,1,12500
2025-04-03,FAMILY,라운드티,여성,1,1,1,64960
2025-04-03,FAMILY,라운드티,셋업,1,1,1,64960
2025-04-03,FAMILY,미드/롱다운,폴로티/집업,1,1,1,82900
2025-04-03,FAMILY,미드/롱다운,바람막이,1,1,1,58250
2025-04-03,FAMILY,반바지,여성,1,1,1,27140
2025-04-03,FAMILY,상의,셋업,1,1,1,64960
2025-04-03,FAMILY,상의,여성,1,1,1,64960
2025-04-03,FAMILY,여성,남성,1,1,1,131200
2025-04-03,FAMILY,여성,여성,1,1,1,123990
2025-04-03,FAMILY,하이킹,남성,1,1,1,32150
2025-04-04,FAMILY,남성,남성,2,2,2,136360
2025-04-04,SILVER,남성,남성,1,1,1,87300
2025-04-05,FAMILY,UNKNOWN,긴바지,1,1,1,51190
2025-04-05,FAMILY,남성,남성,5,5,5,240535
2025-04-05,FAMILY,남성,셋업,1,1,1,41000
2025-04-05,FAMILY,등산화,긴바지,1,1,1,51190
2025-04-05,FAMILY,바람막이,긴바지,1,1,1,53000
2025-04-05,FAMILY,여성,긴바지,1,1,1,42430
2025-04-05,FAMILY,여성,남성,1,1,1,39000
2025-04-05,FAMILY,하이킹,긴바지,1,1,1,42430
2025-04-05,SILVER,남성,남성,2,2,2,195470
2025-04-06,FAMILY,남성,남성,5,5,6,224250
2025-04-06,FAMILY,남성,여성,2,2,2,190250
2025-04-06,FAMILY,남성,긴바지,1,1,1,45730
2025-04-06,FAMILY,남성,셋업,1,1,1,45680
2025-04-06,FAMILY,여성,여성,1,1,1,93760
2025-04-06,FAMILY,자켓/ 베스트,바람막이,1,1,1,48410
2025-04-06,FAMILY,자켓/베스트,남성,1,1,1,15300
2025-04-06,SILVER,여성,여성,1,1,3,289440
2025-04-07,FAMILY,긴바지,여성,1,1,1,83910
2025-04-07,FAMILY,긴바지,남성,1,1,1,18300
2025-04-07,FAMILY,남성,여성,1,1,2,241200
2025-04-07,FAMILY,남성,남성,4,4,5,145970
2025-04-07,FAMILY,남성,자켓/ 베스트,1,1,1,135000
2025-04-07,FAMILY,남성,바람막이,1,1,1,127200
2025-04-07,FAMILY,남성,등산화,1,1,1,95000
2025-04-07,FAMILY,라운드티,남성,1,1,1,58020
2025-04-07,FAMILY,반바지,긴바지,1,1,1,52230
2025-04-07,FAMILY,반바지,반바지,1,1,1,46310
2025-04-07,FAMILY,반바지,남성,1,1,1,12810
2025-04-07,FAMILY,여성,바람막이,1,1,1,127200
2025-04-07,FAMILY,여성,반바지,1,1,1,77000
2025-04-07,FAMILY,햇,긴바지,1,1,1,52230
2025-04-07,FAMILY,햇,반바지,1,1,1,46310
2025-04-07,FAMILY,햇,남성,1,1,1,12810
2025-04-08,FAMILY,긴바지,여성,1,1,2,222030
2025-04-08,FAMILY,긴바지,남성,2,2,2,153230
2025-04-08,FAMILY,긴바지,긴바지,1,1,2,104000
2025-04-08,FAMILY,긴바지,셋업,1,1,1,79550
2025-04-08,FAMILY,긴바지,맨투맨/후드티,1,1,1,51420
2025-04-08,FAMILY,남성,남성,3,3,3,315300
2025-04-08,FAMILY,남성,여성,1,1,2,222030
2025-04-08,FAMILY,남성,셋업,1,1,1,79550
2025-04-08,FAMILY,남성,맨투맨/후드티,1,1,1,51420
2025-04-08,FAMILY,셋업,여성,1,1,2,222030
2025-04-08,FAMILY,셋업,셋업,1,1,1,79550
2025-04-08,FAMILY,셋업,남성,1,1,1,69530
2025-04-08,FAMILY,셋업,맨투맨/후드티,1,1,1,51420
2025-04-08,FAMILY,여성,바람막이,1,1,1,56240
2025-04-08,FAMILY,자켓/ 베스트,여성,1,1,2,222030
2025-04-08,FAMILY,자켓/ 베스트,셋업,1,1,1,79550
2025-04-08,FAMILY,자켓/ 베스트,남성,1,1,1,69530
2025-04-08,FAMILY,자켓/ 베스트,맨투맨/후드티,1,1,1,51420
2025-04-08,SILVER,남성,남성,1,1,1,144620
2025-04-09,FAMILY,남성,남성,6,6,9,324170
2025-04-09,FAMILY,라운드티,남성,1,1,1,57890
2025-04-09,FAMILY,라운드티,긴바지,1,1,1,33700
2025-04-09,FAMILY,여성,남성,1,1,1,97300
2025-04-10,FAMILY,남성,남성,8,8,9,307090
2025-04-10,FAMILY,남성,상의,2,2,3,180830
2025-04-10,FAMILY,남성,바람막이,1,1,1,111130
2025-04-10,FAMILY,남성,트레일러닝,1,1,1,109000
2025-04-10,FAMILY,남성,셋업,1,1,2,102570
2025-04-10,FAMILY,남성,긴바지,1,1,1,50480
2025-04-10,FAMILY,남성,라운드티,1,1,1,34390
2025-04-10,FAMILY,남성,반바지,1,1,1,25150
2025-04-10,FAMILY,맨투맨/후드티,반바지,1,1,1,29000
2025-04-10,FAMILY,볼캡,남성,1,1,2,56150
2025-04-10,FAMILY,상의,등산화,1,1,1,91540
2025-04-10,FAMILY,상의,남성,1,1,1,27110
2025-04-10,FAMILY,여성,바람막이,1,1,1,131570
2025-04-10,FAMILY,햇,등산화,1,1,1,91540
2025-04-10,FAMILY,햇,남성,1,1,1,27110
2025-04-11,FAMILY,UNKNOWN,남성,1,1,1,97300
2025-04-11,FAMILY,긴바지,여성,1,1,1,53200
2025-04-11,FAMILY,남성,남성,3,3,3,120850
2025-04-11,FAMILY,남성,UNKNOWN,1,1,1,109500
2025-04-11,FAMILY,남성,여성,1,1,1,95330
2025-04-11,FAMILY,남성,상의,2,2,2,91990
2025-04-11,FAMILY,남성,반바지,1,1,3,87000
2025-04-11,FAMILY,남성,라운드티,2,2,3,84750
2025-04-11,FAMILY,여성,여성,2,2,2,128860
2025-04-11,FAMILY,여성,셋업,1,1,1,54170
2025-04-11,FAMILY,여성,남성,1,1,1,46400
2025-04-11,FAMILY,여성,라운드티,1,1,1,46300
2025-04-11,SILVER,남성,남성,2,2,2,209340
2025-04-11,SILVER,남성,반바지,1,1,1,27770
2025-04-12,FAMILY,긴바지,반바지,1,1,2,66000
2025-04-12,FAMILY,긴바지,긴바지,1,1,1,65000
2025-04-12,FAMILY,남성,남성,3,3,4,265150
2025-04-12,FAMILY,라운드티,남성,1,1,1,66550
2025-04-12,FAMILY,바람막이,반바지,1,1,2,66000
2025-04-12,FAMILY,바람막이,긴바지,1,1,1,65000
2025-04-12,FAMILY,셋업,반바지,1,1,2,66000
2025-04-12,FAMILY,셋업,긴바지,1,1,1,65000
2025-04-12,FAMILY,셋업,상의,1,1,1,59000
2025-04-12,FAMILY,여성,남성,1,1,2,54260
2025-04-12,FAMILY,하이킹,남성,1,1,2,54260
2025-04-13,FAMILY,긴바지,맨투맨/후드티,1,1,1,44830
2025-04-13,FAMILY,남성,남성,4,4,4,438060
2025-04-13,FAMILY,남성,상의,3,3,3,138450
2025-04-13,FAMILY,남성,라운드티,1,1,2,56580
2025-04-13,FAMILY,라운드티,셔츠,1,1,1,41700
2025-04-13,FAMILY,바람막이,남성,1,1,1,118150
2025-04-13,FAMILY,셋업,남성,1,1,1,32650
2025-04-13,FAMILY,여성,남성,1,1,1,42800
2025-04-13,SILVER,남성,남성,1,1,3,151000
2025-04-13,SILVER,남성,라운드티,1,1,1,41000
2025-04-13,SILVER,남성,반바지,1,1,1,29000
2025-04-14,FAMILY,가방,반바지,1,1,3,83560
2025-04-14,FAMILY,긴바지,액세서리,1,1,2,16000
2025-04-14,FAMILY,남성,남성,6,6,7,805980
2025-04-14,FAMILY,남성,등산화,1,1,1,125685
2025-04-14,FAMILY,남성,긴바지,2,2,2,112320
2025-04-14,FAMILY,남성,여성,2,2,2,107690
2025-04-14,FAMILY,남성,반바지,2,2,4,99830
2025-04-14,FAMILY,남성,라운드티,1,1,2,87050
2025-04-14,FAMILY,라운드티,남성,1,1,1,184650
2025-04-14,FAMILY,라운드티,등산화,1,1,1,125685
2025-04-14,FAMILY,라운드티,여성,1,1,1,75150
2025-04-14,FAMILY,반바지,등산화,1,1,1,125685
2025-04-14,FAMILY,스니커즈,남성,1,1,2,110460
2025-04-14,FAMILY,스니커즈,여성,1,1,1,32540
2025-04-14,FAMILY,여성,등산화,1,1,1,223290
2025-04-14,FAMILY,여성,여성,1,1,1,75150
2025-04-14,FAMILY,여성,반바지,1,1,1,16270
2025-04-14,GOLD,남성,남성,1,1,1,139000
2025-04-15,FAMILY,긴바지,남성,2,2,2,142835
2025-04-15,FAMILY,남성,남성,9,9,11,564080
2025-04-15,FAMILY,남성,긴바지,1,1,1,65000
2025-04-15,FAMILY,남성,라운드티,1,1,1,26510
2025-04-15,FAMILY,남성,반바지,1,1,1,17680
2025-04-15,FAMILY,라운드티,남성,1,1,2,61770
2025-04-15,FAMILY,라운드티,긴바지,1,1,1,50750
2025-04-15,FAMILY,라운드티,라운드티,1,1,1,39000
2025-04-15,FAMILY,바람막이,긴바지,1,1,1,53000
2025-04-15,FAMILY,바람막이,라운드티,1,1,1,41000
2025-04-15,FAMILY,바람막이,남성,1,1,1,11000
2025-04-15,FAMILY,여성,반바지,1,1,1,17680
2025-04-15,FAMILY,여성,남성,1,1,1,7310
2025-04-15,FAMILY,자켓/ 베스트,라운드티,1,1,1,27120
2025-04-15,SILVER,여성,카고/조거,1,1,1,65000
2025-04-15,SILVER,하이킹,카고/조거,1,1,1,65000
2025-04-16,FAMILY,긴바지,남성,1,1,1,95000
2025-04-16,FAMILY,남성,여성,2,2,2,173100
2025-04-16,FAMILY,남성,긴바지,1,1,1,77730
2025-04-16,FAMILY,남성,남성,3,3,3,64210
2025-04-16,FAMILY,등산화,여성,1,1,1,102270
2025-04-16,FAMILY,등산화,반바지,1,1,1,21500
2025-04-16,FAMILY,라운드티,남성,1,1,1,95000
2025-04-16,FAMILY,반바지,남성,1,1,1,95000
2025-04-16,FAMILY,액세서리,남성,1,1,1,31560
2025-04-16,FAMILY,여성,남성,1,1,1,50230
2025-04-16,FAMILY,자켓/ 베스트,셋업,1,1,1,47120
2025-04-16,FAMILY,자켓/ 베스트,남성,1,1,1,31560
2025-04-16,FAMILY,트레일러닝,남성,1,1,1,81000
2025-04-16,FAMILY,패딩/슬림다운,남성,1,1,1,123850
2025-04-17,FAMILY,남성,남성,2,2,3,101700
2025-04-17,FAMILY,남성,반바지,1,1,2,58000
2025-04-17,FAMILY,남성,자켓/ 베스트,1,1,1,53000
2025-04-17,FAMILY,남성,라운드티,1,1,1,18850
2025-04-17,FAMILY,라운드티,여성,1,1,1,58590
2025-04-17,FAMILY,라운드티,라운드티,1,1,1,41000
2025-04-17,FAMILY,라운드티,상의,1,1,1,36510
2025-04-17,FAMILY,상의,남성,1,1,1,107100
2025-04-17,FAMILY,여성,여성,1,1,1,79150
2025-04-17,FAMILY,여성,카고/조거,1,1,1,55000
2025-04-17,SILVER,남성,남성,1,1,1,125690
2025-04-17,SILVER,남성,셋업,1,1,1,49840
2025-04-17,SILVER,남성,UNKNOWN,1,1,1,28560
2025-04-17,SILVER,남성,반바지,1,1,1,27270
2025-04-18,FAMILY,긴바지,UNKNOWN,1,1,1,85790
2025-04-18,FAMILY,남성,남성,7,7,9,539460
2025-04-18,FAMILY,남성,UNKNOWN,2,2,2,114230
2025-04-18,FAMILY,남성,셋업,1,1,2,106000
2025-04-18,FAMILY,남성,상의,2,2,2,91710
2025-04-18,FAMILY,남성,스니커즈,1,1,1,69000
2025-04-18,FAMILY,남성,라운드티,1,1,1,26490
2025-04-18,FAMILY,남성,반바지,1,1,1,24180
2025-04-18,FAMILY,남성,여성,1,1,1,7570
2025-04-18,FAMILY,볼캡,남성,2,2,2,75150
2025-04-18,FAMILY,셋업,셋업,1,1,2,106000
2025-04-18,FAMILY,셋업,UNKNOWN,1,1,1,91250
2025-04-18,FAMILY,셋업,반바지,1,1,1,26790
2025-04-18,FAMILY,여성,남성,1,1,1,132990
2025-04-18,FAMILY,하이킹,상의,1,1,1,34470
2025-04-19,FAMILY,긴바지,라운드티,1,1,2,69620
2025-04-19,FAMILY,긴바지,긴바지,1,1,1,45000
2025-04-19,FAMILY,남성,남성,4,4,4,370430
2025-04-19,FAMILY,남성,자켓/ 베스트,1,1,1,191040
2025-04-19,FAMILY,남성,하이킹,1,1,1,137000
2025-04-19,FAMILY,남성,라운드티,2,2,3,98390
2025-04-19,FAMILY,남성,여성,1,1,1,55580
2025-04-19,FAMILY,남성,긴바지,1,1,1,45000
2025-04-19,FAMILY,남성,반바지,1,1,1,28760
2025-04-19,FAMILY,등산화,라운드티,1,1,2,69620
2025-04-19,FAMILY,등산화,긴바지,1,1,1,45000
2025-04-19,FAMILY,라운드티,라운드티,1,1,2,69620
2025-04-19,FAMILY,라운드티,남성,1,1,1,66120
2025-04-19,FAMILY,라운드티,긴바지,1,1,1,45000
2025-04-19,FAMILY,바람막이,UNKNOWN,1,1,1,41000
2025-04-19,FAMILY,방수자켓,남성,1,1,1,89000
2025-04-19,FAMILY,방수자켓,긴바지,1,1,1,59000
2025-04-19,FAMILY,여성,여성,1,1,1,55580
2025-04-19,FAMILY,하이킹,라운드티,1,1,2,69620
2025-04-19,FAMILY,하이킹,긴바지,1,1,1,45000
2025-04-20,FAMILY,UNKNOWN,남성,1,1,1,4500
2025-04-20,FAMILY,UNKNOWN,여성,1,1,1,4500
2025-04-20,FAMILY,긴바지,반바지,2,2,2,54180
2025-04-20,FAMILY,긴바지,라운드티,1,1,1,35000
2025-04-20,FAMILY,긴바지,액세서리,1,1,1,7820
2025-04-20,FAMILY,남성,라운드티,4,4,5,183540
2025-04-20,FAMILY,남성,남성,1,1,1,32090
2025-04-20,FAMILY,남성,반바지,1,1,1,29000
2025-04-20,FAMILY,라운드티,반바지,2,2,2,94000
2025-04-20,FAMILY,라운드티,라운드티,1,1,1,35000
2025-04-20,FAMILY,맨투맨/후드티,라운드티,1,1,1,53100
2025-04-20,FAMILY,반바지,남성,1,1,1,90000
2025-04-20,FAMILY,여성,라운드티,1,1,2,60440
2025-04-20,FAMILY,여성,남성,1,1,1,32090
2025-04-20,FAMILY,하이킹,남성,1,1,1,83000
2025-04-21,FAMILY,긴바지,라운드티,1,1,2,53480
2025-04-21,FAMILY,긴바지,긴바지,1,1,1,48870
2025-04-21,FAMILY,남성,자켓/ 베스트,1,1,1,173400
2025-04-21,FAMILY,남성,남성,3,3,3,166000
2025-04-21,FAMILY,남성,여성,1,1,1,136600
2025-04-21,FAMILY,남성,라운드티,3,3,4,126830
2025-04-21,FAMILY,남성,긴바지,2,2,2,113870
2025-04-21,FAMILY,남성,셔츠,1,1,1,53000
2025-04-21,FAMILY,남성,반바지,1,1,1,21750
2025-04-21,FAMILY,라운드티,남성,1,1,2,163770
2025-04-21,FAMILY,라운드티,라운드티,1,1,1,47000
2025-04-21,FAMILY,반바지,긴바지,1,1,1,65000
2025-04-21,FAMILY,볼캡,여성,1,1,1,136600
2025-04-21,FAMILY,셋업,남성,1,1,1,69240
2025-04-21,FAMILY,여성,라운드티,1,1,2,53480
2025-04-21,FAMILY,여성,긴바지,1,1,1,48870
2025-04-21,FAMILY,자켓/ 베스트,남성,1,1,1,49000
2025-04-21,FAMILY,카고/조거,라운드티,1,1,1,47000
2025-04-21,SILVER,긴바지,긴바지,1,1,1,65000
2025-04-21,SILVER,남성,남성,2,2,3,140350
2025-04-21,SILVER,남성,맨투맨/후드티,1,1,2,105150
2025-04-22,FAMILY,긴바지,긴바지,1,1,1,46000
2025-04-22,FAMILY,남성,남성,6,6,6,569500
2025-04-22,FAMILY,남성,반바지,1,1,1,20300
2025-04-22,FAMILY,남성,여성,1,1,2,18160
2025-04-22,FAMILY,라운드티,남성,1,1,1,47560
2025-04-22,FAMILY,맨투맨/후드티,상의,1,1,1,57530
2025-04-22,FAMILY,여성,하이킹,1,1,1,92000
2025-04-23,FAMILY,긴바지,긴바지,1,1,1,107000
2025-04-23,FAMILY,남성,남성,9,9,12,1224750
2025-04-23,FAMILY,남성,셋업,1,1,1,38580
2025-04-23,FAMILY,남성,라운드티,1,1,1,20800
2025-04-23,FAMILY,라운드티,남성,1,1,1,277620
2025-04-23,FAMILY,라운드티,셋업,1,1,1,42370
2025-04-23,FAMILY,바람막이,라운드티,1,1,2,76000
2025-04-23,FAMILY,바람막이,긴바지,1,1,1,65000
2025-04-23,FAMILY,바람막이,남성,1,1,1,39000
2025-04-23,FAMILY,반바지,남성,1,1,1,57100
2025-04-23,FAMILY,반바지,반바지,1,1,1,29000
2025-04-23,FAMILY,액세서리,남성,1,1,1,39390
2025-04-23,FAMILY,액세서리,여성,1,1,1,9610
2025-04-23,SILVER,긴바지,남성,1,1,2,21600
2025-04-23,SILVER,남성,남성,1,1,3,313570
2025-04-23,SILVER,남성,긴바지,2,2,2,119290
2025-04-23,SILVER,남성,라운드티,1,1,1,34650
2025-04-23,SILVER,반바지,긴바지,1,1,1,54930
2025-04-24,FAMILY,가방,바람막이,1,1,1,106100
2025-04-24,FAMILY,남성,남성,8,8,9,693090
2025-04-24,FAMILY,남성,여성,2,2,2,264710
2025-04-24,FAMILY,남성,가방,1,1,1,72240
2025-04-24,FAMILY,남성,긴바지,1,1,1,53000
2025-04-24,FAMILY,남성,라운드티,1,1,1,33150
2025-04-24,FAMILY,남성,반바지,1,1,1,28060
2025-04-24,FAMILY,바람막이,여성,1,1,1,115860
2025-04-24,FAMILY,방수자켓,UNKNOWN,1,1,1,36980
2025-04-24,FAMILY,액세서리,남성,1,1,1,90300
2025-04-24,FAMILY,여성,남성,1,1,1,99720
2025-04-24,FAMILY,여성,긴바지,1,1,1,55000
2025-04-24,FAMILY,자켓/ 베스트,남성,1,1,1,30210
2025-04-24,FAMILY,캡,남성,1,1,1,41000
2025-04-24,SILVER,남성,남성,3,3,6,539580
2025-04-24,SILVER,남성,여성,1,1,1,147430
2025-04-25,FAMILY,남성,남성,4,4,4,241250
2025-04-25,FAMILY,남성,여성,2,2,2,190330
2025-04-25,FAMILY,남성,라운드티,2,2,2,68350
2025-04-25,FAMILY,상의,상의,1,1,2,98000
2025-04-25,FAMILY,여성,남성,1,1,1,35000
2025-04-26,FAMILY,남성,남성,5,5,10,605850
2025-04-26,FAMILY,남성,라운드티,1,1,1,33610
2025-04-26,FAMILY,남성,반바지,1,1,1,27850
2025-04-26,FAMILY,바람막이,바람막이,1,1,1,97870
2025-04-26,FAMILY,여성,남성,1,1,2,18580
2025-04-27,FAMILY,긴바지,남성,1,1,1,90300
2025-04-27,FAMILY,긴바지,셋업,1,1,1,83000
2025-04-27,FAMILY,남성,남성,2,2,4,178520
2025-04-27,FAMILY,남성,셋업,1,1,1,83000
2025-04-27,FAMILY,남성,라운드티,1,1,1,41000
2025-04-27,FAMILY,라운드티,셋업,1,1,1,83000
2025-04-27,FAMILY,라운드티,카고/조거,1,1,1,65000
2025-04-27,FAMILY,상의,맨투맨/후드티,1,1,1,53000
2025-04-27,FAMILY,셋업,맨투맨/후드티,1,1,1,53000
2025-04-27,FAMILY,자켓/ 베스트,남성,1,1,1,53100
2025-04-27,SILVER,남성,남성,1,1,2,134810
2025-04-27,SILVER,남성,긴바지,1,1,2,127200
2025-04-27,SILVER,남성,상의,1,1,1,57730
2025-04-27,SILVER,남성,셋업,1,1,1,51860
2025-04-28,FAMILY,UNKNOWN,여성,1,1,1,111300
2025-04-28,FAMILY,긴바지,긴바지,1,1,2,104400
2025-04-28,FAMILY,남성,여성,1,1,1,199000
2025-04-28,FAMILY,남성,남성,3,3,4,170430
2025-04-28,FAMILY,남성,긴바지,1,1,1,107450
2025-04-28,FAMILY,남성,셋업,1,1,1,75950
2025-04-28,FAMILY,등산화,UNKNOWN,1,1,1,36500
2025-04-28,FAMILY,상의,UNKNOWN,1,1,1,36500
2025-04-28,FAMILY,여성,여성,1,1,1,199000
2025-04-28,FAMILY,여성,등산화,1,1,1,136430
2025-04-28,FAMILY,폴로티/집업,남성,1,1,1,78730
2025-04-28,FAMILY,폴로티/집업,UNKNOWN,1,1,1,36500
2025-04-29,FAMILY,남성,여성,1,1,2,178000
2025-04-29,FAMILY,남성,남성,3,3,3,147640
2025-04-29,FAMILY,남성,긴바지,1,1,1,65000
2025-04-29,FAMILY,남성,반바지,1,1,1,26000
2025-04-29,FAMILY,바람막이,남성,1,1,1,39000
2025-04-29,FAMILY,여성,여성,1,1,2,178000
2025-04-29,SILVER,라운드티,남성,1,1,1,109000
2025-04-30,FAMILY,UNKNOWN,남성,1,1,1,5000
2025-04-30,FAMILY,가방,긴바지,1,1,1,55000
2025-04-30,FAMILY,긴바지,남성,2,2,2,129300
2025-04-30,FAMILY,긴바지,긴바지,1,1,1,59760
2025-04-30,FAMILY,긴바지,반바지,1,1,1,17680
2025-04-30,FAMILY,남성,남성,15,15,25,683210
2025-04-30,FAMILY,남성,여성,3,3,5,197090
2025-04-30,FAMILY,남성,자켓/ 베스트,1,1,1,160060
2025-04-30,FAMILY,남성,UNKNOWN,2,2,2,130870
2025-04-30,FAMILY,남성,긴바지,2,2,2,92590
2025-04-30,FAMILY,남성,등산화,1,1,1,82320
2025-04-30,FAMILY,남성,라운드티,1,1,1,32840
2025-04-30,FAMILY,남성,반바지,1,1,1,18030
2025-04-30,FAMILY,등산화,남성,1,1,1,75300
2025-04-30,FAMILY,라운드티,남성,2,2,2,86430
2025-04-30,FAMILY,미드/롱다운,상의,1,1,1,38000
2025-04-30,FAMILY,반바지,남성,1,1,1,37000
2025-04-30,FAMILY,방수자켓,방수자켓,1,1,1,57000
2025-04-30,FAMILY,상의,남성,1,1,1,11500
2025-04-30,FAMILY,셋업,남성,2,2,2,85530
2025-04-30,FAMILY,셋업,여성,1,1,1,5000
2025-04-30,FAMILY,액세서리,남성,1,1,1,37930
2025-04-30,FAMILY,여성,여성,2,2,2,78560
2025-04-30,FAMILY,여성,반바지,1,1,1,41270
2025-04-30,FAMILY,여성,라운드티,1,1,1,30730
2025-04-30,FAMILY,자켓/ 베스트,남성,1,1,1,19000
2025-04-30,FAMILY,하이킹,남성,2,2,2,40950
2025-04-30,SILVER,남성,UNKNOWN,1,1,1,71760
2025-04-30,SILVER,상의,여성,1,1,1,89000
2025-04-30,SILVER,여성,여성,1,1,1,89000
2025-05-01,FAMILY,UNKNOWN,남성,2,2,2,68210
2025-05-01,FAMILY,가방,남성,1,1,1,94600
2025-05-01,FAMILY,긴바지,남성,1,1,1,17630
2025-05-01,FAMILY,남성,남성,9,9,9,503290
2025-05-01,FAMILY,남성,긴바지,2,2,2,120130
2025-05-01,FAMILY,남성,여성,1,1,1,74680
2025-05-01,FAMILY,남성,UNKNOWN,1,1,1,29390
2025-05-01,FAMILY,라운드티,긴바지,1,1,1,31200
2025-05-01,FAMILY,바람막이,긴바지,2,2,2,87740
2025-05-01,FAMILY,바람막이,남성,1,1,1,9500
2025-05-01,FAMILY,상의,남성,1,1,1,94600
2025-05-01,FAMILY,상의,여성,1,1,1,87570
2025-05-01,FAMILY,스니커즈,남성,1,1,1,6650
2025-05-01,FAMILY,자켓/ 베스트,남성,1,1,1,35300
2025-05-01,FAMILY,자켓/베스트,여성,1,1,2,140600
2025-05-01,FAMILY,자켓/베스트,남성,1,1,1,18210
2025-05-01,SILVER,남성,남성,1,1,1,37620
2025-05-02,FAMILY,남성,남성,8,8,13,425390
2025-05-02,FAMILY,남성,반바지,1,1,1,35000
2025-05-02,FAMILY,라운드티,남성,1,1,1,28270
2025-05-02,FAMILY,여성,남성,2,2,2,136120
2025-05-03,FAMILY,가방,남성,1,1,2,10000
2025-05-03,FAMILY,긴바지,긴바지,1,1,1,97530
2025-05-03,FAMILY,긴바지,자켓/ 베스트,1,1,1,37430
2025-05-03,FAMILY,긴바지,라운드티,1,1,1,32510
2025-05-03,FAMILY,남성,바람막이,1,1,1,62870
2025-05-03,FAMILY,남성,남성,2,2,2,62030
2025-05-03,FAMILY,라운드티,긴바지,1,1,1,97530
2025-05-03,FAMILY,라운드티,바람막이,1,1,1,91000
2025-05-03,FAMILY,라운드티,여성,1,1,1,49830
2025-05-03,FAMILY,라운드티,자켓/ 베스트,1,1,1,37430
2025-05-03,FAMILY,라운드티,라운드티,1,1,1,32510
2025-05-03,FAMILY,라운드티,반바지,1,1,1,29370
2025-05-03,FAMILY,상의,바람막이,1,1,1,91000
2025-05-03,FAMILY,셋업,여성,1,1,1,62590
2025-05-03,FAMILY,장갑,남성,1,1,2,36550
2025-05-04,FAMILY,남성,남성,4,4,5,446170
2025-05-04,FAMILY,남성,바람막이,1,1,1,80300
2025-05-04,FAMILY,남성,긴바지,1,1,1,46920
2025-05-04,FAMILY,라운드티,남성,1,1,1,70970
2025-05-04,FAMILY,라운드티,UNKNOWN,1,1,1,28070
2025-05-04,FAMILY,스니커즈,남성,1,1,1,70970
2025-05-04,FAMILY,여성,남성,1,1,1,21920
2025-05-04,FAMILY,하이킹,등산화,1,1,1,74300
2025-05-04,GOLD,바람막이,남성,1,1,1,39000
2025-05-04,GOLD,여성,남성,1,1,1,39000
2025-05-04,SILVER,남성,남성,1,1,1,83300
2025-05-05,FAMILY,남성,남성,5,5,6,324290
2025-05-05,FAMILY,남성,자켓/ 베스트,1,1,1,123500
2025-05-05,FAMILY,남성,여성,1,1,1,101300
2025-05-05,FAMILY,남성,상의,1,1,1,46950
2025-05-05,FAMILY,남성,긴바지,1,1,1,42000
2025-05-05,FAMILY,등산화,여성,1,1,1,101300
2025-05-05,FAMILY,셋업,남성,1,1,2,166600
2025-05-05,FAMILY,액세서리,반바지,1,1,1,32820
2025-05-05,FAMILY,여성,남성,2,2,2,90110
2025-05-05,FAMILY,여성,등산화,1,1,1,72820
2025-05-05,FAMILY,자켓/ 베스트,자켓/ 베스트,1,1,1,40480
2025-05-06,FAMILY,UNKNOWN,여성,1,1,1,111170
2025-05-06,FAMILY,긴바지,남성,1,1,1,105800
2025-05-06,FAMILY,남성,남성,9,9,12,739540
2025-05-06,FAMILY,남성,등산화,2,2,2,135120
2025-05-06,FAMILY,남성,셔츠,1,1,1,53000
2025-05-06,FAMILY,남성,긴바지,1,1,1,38700
2025-05-06,FAMILY,등산화,등산화,1,1,1,85620
2025-05-06,FAMILY,라운드티,남성,2,2,3,143710
2025-05-06,FAMILY,반바지,셔츠,1,1,1,53000
2025-05-06,FAMILY,부츠,여성,1,1,1,38010
2025-05-06,FAMILY,부츠,남성,1,1,1,22500
2025-05-06,FAMILY,자켓/ 베스트,UNKNOWN,1,1,1,41000
2025-05-06,FAMILY,하이킹,긴바지,1,1,1,40440
2025-05-06,SILVER,남성,남성,3,3,6,636350
2025-05-06,SILVER,셋업,여성,1,1,1,131490
2025-05-06,SILVER,셋업,상의,1,1,1,45420
2025-05-07,FAMILY,UNKNOWN,남성,1,1,1,24800
2025-05-07,FAMILY,가방,남성,1,1,1,24800
2025-05-07,FAMILY,긴바지,UNKNOWN,1,1,1,111000
2025-05-07,FAMILY,긴바지,남성,1,1,1,39000
2025-05-07,FAMILY,남성,UNKNOWN,2,2,2,221360
2025-05-07,FAMILY,남성,남성,3,3,3,169600
2025-05-07,FAMILY,남성,긴바지,1,1,1,38750
2025-05-07,FAMILY,라운드티,UNKNOWN,1,1,1,111000
2025-05-07,FAMILY,라운드티,하이킹,1,1,1,63430
2025-05-07,FAMILY,라운드티,남성,1,1,1,39000
2025-05-07,FAMILY,라운드티,라운드티,1,1,1,28900
2025-05-07,FAMILY,반바지,UNKNOWN,1,1,1,29990
2025-05-07,FAMILY,여성,UNKNOWN,1,1,1,110360
2025-05-07,FAMILY,여성,남성,1,1,1,6000
2025-05-07,SILVER,남성,남성,4,4,4,426200
2025-05-07,SILVER,남성,상의,1,1,1,59000
2025-05-08,FAMILY,긴바지,남성,2,2,3,197300
2025-05-08,FAMILY,긴바지,긴바지,1,1,1,65000
2025-05-08,FAMILY,남성,남성,2,2,2,163600
2025-05-08,FAMILY,남성,긴바지,1,1,1,36000
2025-05-08,FAMILY,라운드티,남성,1,1,1,113300
2025-05-08,FAMILY,바람막이,남성,1,1,1,6000
2025-05-08,FAMILY,여성,여성,1,1,1,131550
2025-05-08,FAMILY,여성,남성,1,1,1,77200
2025-05-08,SILVER,셔츠,남성,1,1,1,66050
2025-05-09,FAMILY,가방,남성,1,1,1,90300
2025-05-09,FAMILY,긴바지,라운드티,1,1,1,27280
2025-05-09,FAMILY,남성,남성,7,7,8,450270
2025-05-09,FAMILY,남성,맨투맨/후드티,1,1,1,34290
2025-05-09,FAMILY,라운드티,라운드티,1,1,1,28000
2025-05-09,FAMILY,바람막이,맨투맨/후드티,1,1,1,34290
2025-05-09,FAMILY,반바지,남성,1,1,1,52100
2025-05-09,FAMILY,여성,남성,1,1,1,27790
2025-05-09,FAMILY,자켓/ 베스트,남성,1,1,1,16030
2025-05-09,FAMILY,자켓/ 베스트,여성,1,1,1,6970
2025-05-09,SILVER,남성,남성,1,1,1,103870
2025-05-09,SILVER,바람막이,남성,1,1,1,103870
2025-05-10,FAMILY,긴바지,바람막이,1,1,1,47000
2025-05-10,FAMILY,남성,긴바지,2,2,2,114790
2025-05-10,FAMILY,남성,남성,1,1,1,59000
2025-05-10,FAMILY,남성,라운드티,1,1,1,39500
2025-05-10,FAMILY,등산화,남성,1,1,1,17500
2025-05-10,FAMILY,라운드티,긴바지,2,2,2,114790
2025-05-10,FAMILY,라운드티,라운드티,1,1,1,39500
2025-05-10,FAMILY,반바지,긴바지,1,1,1,52180
2025-05-10,FAMILY,상의,남성,1,1,1,21500
2025-05-10,FAMILY,셋업,남성,1,1,1,21500
2025-05-11,FAMILY,UNKNOWN,남성,6,6,8,355680
2025-05-11,FAMILY,가방,남성,3,3,3,62400
2025-05-11,FAMILY,가방,반바지,1,1,1,17000
2025-05-11,FAMILY,긴바지,남성,5,5,5,191860
2025-05-11,FAMILY,긴바지,셋업,1,1,1,68130
2025-05-11,FAMILY,긴바지,라운드티,2,2,2,48600
2025-05-11,FAMILY,긴바지,여성,1,1,1,5000
2025-05-11,FAMILY,남성,남성,68,68,79,2436060
2025-05-11,FAMILY,남성,여성,12,12,12,559380
2025-05-11,FAMILY,남성,긴바지,6,6,6,284300
2025-05-11,FAMILY,남성,라운드티,9,9,9,207380
2025-05-11,FAMILY,남성,반바지,9,9,10,198480
2025-05-11,FAMILY,남성,등산화,2,2,2,159130
2025-05-11,FAMILY,남성,셋업,1,1,1,35300
2025-05-11,FAMILY,등산화,남성,1,1,1,85200
2025-05-11,FAMILY,등산화,등산화,1,1,1,70300
2025-05-11,FAMILY,등산화,여성,1,1,1,37820
2025-05-11,FAMILY,라운드티,남성,6,6,7,258950
2025-05-11,FAMILY,라운드티,여성,1,1,1,93900
2025-05-11,FAMILY,라운드티,라운드티,2,2,2,85190
2025-05-11,FAMILY,라운드티,긴바지,1,1,1,41570
2025-05-11,FAMILY,라운드티,UNKNOWN,1,1,1,29160
2025-05-11,FAMILY,라운드티,반바지,1,1,1,16370
2025-05-11,FAMILY,미드/롱다운,남성,1,1,1,20500
2025-05-11,FAMILY,바람막이,긴바지,1,1,1,45820
2025-05-11,FAMILY,반바지,라운드티,1,1,1,54910
2025-05-11,FAMILY,반바지,반바지,1,1,1,19000
2025-05-11,FAMILY,반바지,남성,1,1,1,10000
2025-05-11,FAMILY,상의,남성,1,1,1,142100
2025-05-11,FAMILY,상의,셋업,2,2,2,109410
2025-05-11,FAMILY,셋업,반바지,1,1,1,17020
2025-05-11,FAMILY,액세서리,반바지,1,1,1,18030
2025-05-11,FAMILY,여성,여성,2,2,2,155220
2025-05-11,FAMILY,여성,남성,8,8,8,153780
2025-05-11,FAMILY,여성,카고/조거,1,1,1,50000
2025-05-11,FAMILY,여성,셋업,1,1,1,35300
2025-05-11,FAMILY,여성,라운드티,1,1,1,14500
2025-05-11,FAMILY,자켓/ 베스트,상의,1,1,1,35450
2025-05-11,FAMILY,자켓/베스트,라운드티,1,1,1,24790
2025-05-11,FAMILY,캡,여성,1,1,1,93900
2025-05-11,FAMILY,캡,남성,1,1,1,90100
2025-05-11,FAMILY,폴로티/집업,남성,1,1,1,107460
2025-05-11,FAMILY,하이킹,남성,1,1,1,28000
2025-05-11,FAMILY,하이킹,폴로티/집업,1,1,1,27000
2025-05-11,FAMILY,하이킹,반바지,1,1,1,19000
2025-05-11,FAMILY,햇,긴바지,1,1,1,32000
2025-05-11,SILVER,남성,남성,4,4,5,495170
2025-05-11,SILVER,남성,여성,1,1,1,138390
2025-05-11,SILVER,등산화,남성,1,1,1,90870
2025-05-11,SILVER,맨투맨/후드티,남성,1,1,2,54000
2025-05-11,SILVER,볼캡,남성,1,1,1,45200
2025-05-12,FAMILY,긴바지,스니커즈,1,1,1,69000
2025-05-12,FAMILY,남성,남성,7,7,11,460040
2025-05-12,FAMILY,남성,라운드티,1,1,1,28310
2025-05-12,FAMILY,여성,남성,1,1,3,40000
2025-05-12,FAMILY,하이킹,스니커즈,1,1,1,69000
2025-05-13,FAMILY,UNKNOWN,남성,1,1,1,34330
2025-05-13,FAMILY,남성,남성,3,3,3,95190
2025-05-13,FAMILY,남성,카고/조거,1,1,1,54750
2025-05-13,FAMILY,라운드티,남성,2,2,2,131050
2025-05-13,FAMILY,미드/롱다운,남성,1,1,1,129680
2025-05-13,FAMILY,반바지,남성,1,1,1,12610
2025-05-14,FAMILY,남성,남성,3,3,4,458840
2025-05-14,FAMILY,남성,긴바지,1,1,2,104360
2025-05-14,FAMILY,남성,여성,1,1,1,87620
2025-05-14,FAMILY,남성,UNKNOWN,1,1,1,37840
2025-05-14,FAMILY,상의,셋업,1,1,1,61500
2025-05-14,FAMILY,패딩/슬림다운,스니커즈,1,1,1,58680
2025-05-15,FAMILY,긴바지,남성,1,1,1,81270
2025-05-15,FAMILY,긴바지,긴바지,1,1,1,65000
2025-05-15,FAMILY,긴바지,라운드티,1,1,1,36900
2025-05-15,FAMILY,남성,남성,4,4,5,306300
2025-05-15,FAMILY,남성,반바지,2,2,2,93500
2025-05-15,FAMILY,남성,폴로/집업티,1,1,1,53000
2025-05-15,FAMILY,남성,자켓/ 베스트,1,1,1,53000
2025-05-15,FAMILY,등산화,남성,1,1,1,32760
2025-05-15,FAMILY,라운드티,반바지,1,1,1,79000
2025-05-15,FAMILY,상의,남성,1,1,1,99000
2025-05-15,FAMILY,하이킹,남성,1,1,1,32760
2025-05-15,SILVER,긴바지,바람막이,1,1,1,129000
2025-05-15,SILVER,남성,셋업,1,1,2,172000
2025-05-16,FAMILY,가방,남성,1,1,1,88440
2025-05-16,FAMILY,남성,남성,5,5,6,440700
2025-05-16,FAMILY,남성,스니커즈,1,1,1,67640
2025-05-16,FAMILY,남성,긴바지,1,1,1,32480
2025-05-16,FAMILY,등산화,여성,1,1,1,77910
2025-05-16,FAMILY,자켓/ 베스트,남성,1,1,1,65780
2025-05-16,FAMILY,자켓/ 베스트,긴바지,1,1,1,52000
2025-05-16,FAMILY,카고/조거,남성,1,1,1,65780
2025-05-16,SILVER,긴바지,긴바지,1,1,1,90400
2025-05-16,SILVER,남성,긴바지,1,1,1,90400
2025-05-16,SILVER,라운드티,긴바지,1,1,1,90400
2025-05-16,SILVER,바람막이,긴바지,1,1,1,90400
2025-05-16,SILVER,반바지,긴바지,1,1,1,90400
2025-05-16,SILVER,셋업,긴바지,1,1,1,90400
2025-05-17,FAMILY,남성,남성,5,5,5,398080
2025-05-17,FAMILY,여성,라운드티,1,1,1,30260
2025-05-18,FAMILY,남성,남성,6,6,8,366670
2025-05-18,FAMILY,등산화,등산화,1,1,1,87900
2025-05-18,FAMILY,라운드티,남성,1,1,1,35000
2025-05-18,FAMILY,반바지,남성,1,1,1,139000
2025-05-18,FAMILY,카고/조거,여성,1,1,1,129100
2025-05-19,FAMILY,UNKNOWN,남성,1,1,1,36130
2025-05-19,FAMILY,남성,남성,4,4,4,132670
2025-05-19,FAMILY,남성,긴바지,1,1,1,60650
2025-05-19,FAMILY,남성,라운드티,1,1,1,22900
2025-05-19,FAMILY,여성,남성,2,2,2,52430
2025-05-19,SILVER,UNKNOWN,남성,1,1,2,150600
2025-05-19,SILVER,긴바지,남성,1,1,2,208300
2025-05-19,SILVER,남성,남성,1,1,2,208300
2025-05-19,SILVER,등산화,남성,1,1,2,150600
2025-05-19,SILVER,셋업,남성,1,1,2,208300
2025-05-20,FAMILY,UNKNOWN,남성,1,1,1,48600
2025-05-20,FAMILY,긴바지,남성,1,1,1,79000
2025-05-20,FAMILY,긴바지,긴바지,1,1,1,65000
2025-05-20,FAMILY,남성,남성,3,3,3,234390
2025-05-20,FAMILY,남성,긴바지,1,1,1,65000
2025-05-20,FAMILY,남성,라운드티,1,1,1,24840
2025-05-20,FAMILY,라운드티,여성,1,1,1,50540
2025-05-20,FAMILY,바람막이,남성,2,2,2,205740
2025-05-20,FAMILY,상의,긴바지,1,1,1,65000
2025-05-20,FAMILY,상의,라운드티,1,1,1,24840
2025-05-20,FAMILY,상의,남성,1,1,1,6850
2025-05-20,FAMILY,하이킹,남성,1,1,2,208700
2025-05-20,FAMILY,하이킹,등산화,1,1,1,90300
2025-05-20,SILVER,남성,남성,1,1,2,181620
2025-05-21,FAMILY,긴바지,스니커즈,1,1,1,66860
2025-05-21,FAMILY,남성,남성,4,4,4,97080
2025-05-21,FAMILY,남성,여성,2,2,2,92310
2025-05-21,FAMILY,남성,스니커즈,1,1,1,69000
2025-05-21,FAMILY,남성,라운드티,1,1,1,56560
2025-05-21,FAMILY,남성,반바지,1,1,1,29000
2025-05-21,FAMILY,라운드티,남성,1,1,1,39000
2025-05-21,FAMILY,반바지,라운드티,1,1,1,29000
2025-05-21,FAMILY,셔츠,라운드티,1,1,1,29000
2025-05-21,FAMILY,여성,남성,2,2,2,30610
2025-05-21,FAMILY,자켓/ 베스트,여성,1,1,1,85310
2025-05-21,FAMILY,자켓/ 베스트,라운드티,1,1,1,56560
2025-05-21,SILVER,남성,남성,2,2,4,373470
2025-05-22,FAMILY,긴바지,긴바지,1,1,1,49900
2025-05-22,FAMILY,남성,남성,3,3,3,210400
2025-05-22,FAMILY,라운드티,라운드티,1,1,1,28000
2025-05-22,FAMILY,라운드티,남성,1,1,1,20050
2025-05-22,FAMILY,반바지,라운드티,1,1,2,55420
2025-05-22,FAMILY,트레일러닝,스니커즈,1,1,1,69000
2025-05-22,FAMILY,폴로티/집업,셋업,1,1,1,83000
2025-05-22,FAMILY,폴로티/집업,라운드티,1,1,1,41000
2025-05-22,SILVER,남성,남성,1,1,3,237000
2025-05-23,FAMILY,긴바지,여성,1,1,1,101000
2025-05-23,FAMILY,긴바지,긴바지,1,1,1,44470
2025-05-23,FAMILY,남성,여성,1,1,1,126890
2025-05-23,FAMILY,남성,남성,3,3,3,99050
2025-05-23,FAMILY,남성,UNKNOWN,1,1,1,38000
2025-05-23,FAMILY,라운드티,여성,2,2,2,227890
2025-05-23,FAMILY,바람막이,여성,1,1,1,126890
2025-05-23,FAMILY,캡,남성,1,1,1,29000
2025-05-23,SILVER,남성,남성,1,1,1,54490
2025-05-24,FAMILY,긴바지,여성,1,1,1,58220
2025-05-24,FAMILY,긴바지,남성,1,1,1,25550
2025-05-24,FAMILY,남성,남성,3,3,4,127960
2025-05-24,FAMILY,남성,UNKNOWN,1,1,1,41000
2025-05-24,FAMILY,방수자켓,남성,1,1,1,149000
2025-05-24,FAMILY,셋업,긴바지,1,1,1,98100
2025-05-24,FAMILY,스니커즈,스니커즈,1,1,1,49000
2025-05-24,FAMILY,하이킹,남성,1,1,1,97300
2025-05-24,GOLD,여성,남성,1,1,3,122500
2025-05-24,GOLD,여성,여성,1,1,1,94750
2025-05-24,GOLD,여성,폴로티/집업,1,1,2,89960
2025-05-24,SILVER,남성,바람막이,1,1,1,100000
2025-05-25,FAMILY,남성,남성,3,3,7,481950
2025-05-25,FAMILY,남성,스니커즈,1,1,1,42970
2025-05-25,FAMILY,라운드티,반바지,1,1,2,74560
2025-05-25,FAMILY,라운드티,남성,1,1,2,68580
2025-05-25,FAMILY,여성,스니커즈,1,1,1,47540
2025-05-25,FAMILY,여성,남성,1,1,2,35900
2025-05-26,FAMILY,남성,남성,5,5,9,267430
2025-05-26,FAMILY,라운드티,남성,2,2,2,131610
2025-05-26,FAMILY,스니커즈,스니커즈,1,1,1,43900
2025-05-26,FAMILY,여성,남성,2,2,3,123160
2025-05-26,FAMILY,하이킹,남성,1,1,1,137000
2025-05-26,SILVER,남성,남성,1,1,2,184770
2025-05-27,FAMILY,UNKNOWN,남성,1,1,1,35170
2025-05-27,FAMILY,긴바지,남성,1,1,1,123190
2025-05-27,FAMILY,남성,남성,2,2,3,136800
2025-05-27,FAMILY,남성,여성,1,1,1,121400
2025-05-27,FAMILY,남성,UNKNOWN,1,1,1,99950
2025-05-27,FAMILY,남성,긴바지,1,1,1,65000
2025-05-27,FAMILY,남성,스니커즈,1,1,1,49000
2025-05-27,FAMILY,등산화,등산화,1,1,1,90300
2025-05-27,FAMILY,등산화,남성,1,1,1,35370
2025-05-27,FAMILY,바람막이,남성,1,1,1,95000
2025-05-27,FAMILY,셋업,남성,1,1,1,123190
2025-05-27,FAMILY,액세서리,스니커즈,1,1,1,49000
2025-05-27,FAMILY,여성,남성,2,2,2,131710
2025-05-27,SILVER,긴바지,남성,1,1,1,53520
2025-05-27,SILVER,긴바지,긴바지,1,1,1,48080
2025-05-27,SILVER,남성,남성,1,1,1,53520
2025-05-27,SILVER,남성,긴바지,1,1,1,48080
2025-05-28,FAMILY,UNKNOWN,남성,1,1,2,150870
2025-05-28,FAMILY,긴바지,남성,1,1,2,150870
2025-05-28,FAMILY,긴바지,스니커즈,1,1,1,47740
2025-05-28,FAMILY,남성,남성,7,7,7,251030
2025-05-28,FAMILY,남성,반바지,1,1,1,33390
2025-05-28,FAMILY,남성,라운드티,1,1,1,20610
2025-05-28,FAMILY,라운드티,남성,1,1,2,150870
2025-05-28,FAMILY,라운드티,스니커즈,1,1,1,47940
2025-05-28,FAMILY,바람막이,반바지,1,1,1,33390
2025-05-28,FAMILY,바람막이,라운드티,1,1,1,20610
2025-05-28,FAMILY,반바지,남성,1,1,1,89100
2025-05-28,SILVER,남성,남성,1,1,2,314110
2025-05-29,FAMILY,UNKNOWN,남성,1,1,1,44600
2025-05-29,FAMILY,가방,남성,1,1,1,68440
2025-05-29,FAMILY,남성,남성,12,12,18,1137330
2025-05-29,FAMILY,남성,스니커즈,2,2,3,143720
2025-05-29,FAMILY,남성,바람막이,1,1,1,84880
2025-05-29,FAMILY,남성,라운드티,2,2,3,84110
2025-05-29,FAMILY,남성,긴바지,1,1,1,62570
2025-05-29,FAMILY,남성,상의,1,1,1,56100
2025-05-29,FAMILY,라운드티,남성,4,4,6,441460
2025-05-29,FAMILY,라운드티,상의,1,1,1,56100
2025-05-29,FAMILY,라운드티,라운드티,1,1,1,27580
2025-05-29,FAMILY,셋업,남성,4,4,4,375480
2025-05-29,SILVER,남성,남성,2,2,2,122000
2025-05-29,SILVER,라운드티,남성,1,1,1,84650
2025-05-30,FAMILY,긴바지,긴바지,1,1,1,60000
2025-05-30,FAMILY,긴바지,스니커즈,1,1,1,44300
2025-05-30,FAMILY,남성,남성,6,6,6,323240
2025-05-30,FAMILY,남성,여성,2,2,2,134850
2025-05-30,FAMILY,남성,스니커즈,1,1,2,98000
2025-05-30,FAMILY,남성,긴바지,1,1,1,87200
2025-05-30,FAMILY,라운드티,남성,1,1,1,23000
2025-05-31,FAMILY,긴바지,긴바지,1,1,1,65000
2025-05-31,FAMILY,남성,남성,4,4,4,284360
2025-05-31,FAMILY,남성,여성,1,1,1,26100
2025-05-31,FAMILY,라운드티,남성,1,1,1,96280
2025-05-31,FAMILY,반바지,남성,1,1,1,96280
2025-05-31,FAMILY,여성,여성,2,2,2,197810
2025-05-31,FAMILY,여성,등산화,1,1,1,162610
2025-05-31,SILVER,남성,남성,1,1,1,20850
2025-06-01,FAMILY,긴바지,남성,1,1,2,106620
2025-06-01,FAMILY,남성,남성,11,11,13,711060
2025-06-01,FAMILY,남성,스니커즈,1,1,1,43560
2025-06-01,FAMILY,부츠,남성,1,1,2,47910
2025-06-01,FAMILY,부츠,스니커즈,1,1,1,46950
2025-06-01,FAMILY,부츠,여성,1,1,1,9580
2025-06-01,FAMILY,스니커즈,남성,1,1,1,87980
2025-06-01,FAMILY,스니커즈,긴바지,1,1,1,57640
2025-06-01,FAMILY,여성,남성,1,1,1,26720
2025-06-01,FAMILY,하이킹,셋업,1,1,1,53000
2025-06-01,SILVER,하이킹,여성,1,1,1,92100
2025-06-01,SILVER,하이킹,셋업,1,1,1,60000
2025-06-02,FAMILY,남성,남성,3,3,7,585670
2025-06-02,FAMILY,등산화,여성,1,1,1,47200
2025-06-02,FAMILY,등산화,남성,1,1,1,7240
2025-06-02,FAMILY,라운드티,남성,1,1,1,147810
2025-06-02,FAMILY,바람막이,여성,1,1,1,50270
2025-06-02,FAMILY,상의,남성,1,1,1,89000
2025-06-02,FAMILY,여성,긴바지,1,1,1,52000
2025-06-02,FAMILY,하이킹,남성,2,2,2,152300
2025-06-02,SILVER,남성,남성,1,1,1,59000
2025-06-02,SILVER,크로스/토트백,UNKNOWN,1,1,1,101410
2025-06-03,FAMILY,남성,등산화,1,1,1,72270
2025-06-03,FAMILY,라운드티,라운드티,1,1,1,24560
2025-06-03,FAMILY,여성,남성,1,1,1,188300
2025-06-03,FAMILY,하이킹,하이킹,1,1,1,90340
2025-06-04,FAMILY,남성,남성,3,3,3,273730
2025-06-04,FAMILY,남성,상의,1,1,1,55900
2025-06-04,FAMILY,남성,스니커즈,1,1,1,47000
2025-06-04,FAMILY,반바지,여성,1,1,2,72770
2025-06-05,FAMILY,남성,긴바지,1,1,1,60190
2025-06-05,FAMILY,스니커즈,스니커즈,1,1,2,95000
2025-06-05,FAMILY,하이킹,라운드티,1,1,2,58000
2025-06-05,SILVER,긴바지,긴바지,1,1,3,193000
2025-06-05,SILVER,남성,긴바지,1,1,3,193000
2025-06-05,SILVER,여성,남성,1,1,1,52550
2025-06-05,SILVER,하이킹,긴바지,1,1,3,193000
2025-06-06,FAMILY,남성,남성,4,4,4,145120
2025-06-06,FAMILY,셋업,셋업,1,1,1,83300
2025-06-06,FAMILY,셋업,남성,1,1,1,35490
2025-06-07,FAMILY,긴바지,여성,1,1,1,117920
2025-06-07,FAMILY,긴바지,남성,1,1,1,40860
2025-06-07,FAMILY,남성,남성,5,5,6,185860
2025-06-07,FAMILY,남성,여성,1,1,1,117920
2025-06-07,FAMILY,남성,바람막이,1,1,1,92950
2025-06-07,FAMILY,등산화,남성,1,1,2,7000
2025-06-07,FAMILY,라운드티,남성,2,2,2,81930
2025-06-07,FAMILY,라운드티,여성,1,1,1,52230
2025-06-07,FAMILY,반바지,남성,1,1,1,55730
2025-06-07,FAMILY,반바지,여성,1,1,1,52230
2025-06-07,FAMILY,상의,남성,1,1,1,42200
2025-06-07,FAMILY,여성,남성,1,1,1,55730
2025-06-07,FAMILY,여성,여성,1,1,1,52230
2025-06-08,FAMILY,UNKNOWN,남성,1,1,1,55550
2025-06-08,FAMILY,긴바지,남성,1,1,1,101870
2025-06-08,FAMILY,남성,남성,14,14,22,1175640
2025-06-08,FAMILY,라운드티,라운드티,1,1,2,58000
2025-06-08,FAMILY,라운드티,남성,1,1,1,47200
2025-06-08,FAMILY,맨투맨/후드티,남성,1,1,1,95200
2025-06-08,FAMILY,셋업,남성,1,1,2,171380
2025-06-08,FAMILY,셋업,여성,1,1,2,127130
2025-06-08,FAMILY,여성,여성,2,2,2,130000
2025-06-08,FAMILY,여성,남성,1,1,3,125200
2025-06-08,SILVER,남성,남성,1,1,1,75650
2025-06-09,FAMILY,남성,남성,7,7,9,574720
2025-06-09,FAMILY,남성,여성,3,3,4,258810
2025-06-09,FAMILY,라운드티,남성,1,1,3,127300
2025-06-09,FAMILY,맨투맨/후드티,남성,1,1,3,127300
2025-06-09,FAMILY,반바지,긴바지,1,1,2,114710
2025-06-09,FAMILY,여성,여성,1,1,1,42400
2025-06-09,FAMILY,자켓/베스트,여성,1,1,1,43990
2025-06-10,FAMILY,남성,남성,9,9,9,639750
2025-06-10,FAMILY,남성,등산화,1,1,1,88300
2025-06-10,FAMILY,남성,여성,1,1,2,79300
2025-06-10,FAMILY,라운드티,여성,1,1,2,79300
2025-06-10,FAMILY,라운드티,남성,2,2,2,42070
2025-06-10,FAMILY,바람막이,남성,1,1,1,90300
2025-06-10,FAMILY,방수자켓,남성,1,1,1,101200
2025-06-10,FAMILY,셋업,남성,1,1,1,27070
2025-06-10,FAMILY,여성,남성,1,1,1,36150
2025-06-10,FAMILY,하이킹,남성,1,1,1,27000
2025-06-11,FAMILY,긴바지,남성,1,1,3,211250
2025-06-11,FAMILY,남성,남성,4,4,4,372690
2025-06-11,FAMILY,남성,여성,1,1,1,97300
2025-06-11,FAMILY,남성,UNKNOWN,1,1,1,61200
2025-06-11,FAMILY,반바지,남성,1,1,1,34300
2025-06-11,FAMILY,여성,남성,1,1,1,23020
2025-06-11,SILVER,긴바지,남성,1,1,2,393570
2025-06-12,FAMILY,UNKNOWN,남성,2,2,2,94390
2025-06-12,FAMILY,가방,남성,1,1,3,192800
2025-06-12,FAMILY,남성,남성,9,9,14,1069280
2025-06-12,FAMILY,남성,UNKNOWN,1,1,1,61200
2025-06-12,FAMILY,남성,스니커즈,1,1,1,43520
2025-06-12,FAMILY,라운드티,남성,1,1,1,36530
2025-06-12,FAMILY,액세서리,남성,1,1,1,39090
2025-06-12,FAMILY,여성,남성,1,1,1,79000
2025-06-12,FAMILY,여성,스니커즈,1,1,1,43130
2025-06-12,FAMILY,하이킹,남성,1,1,1,39090
2025-06-13,FAMILY,긴바지,남성,1,1,1,38850
2025-06-13,FAMILY,남성,남성,7,7,14,639820
2025-06-13,FAMILY,남성,여성,1,1,1,120470
2025-06-13,FAMILY,남성,상의,1,1,1,33120
2025-06-13,FAMILY,등산화,여성,1,1,1,132300
2025-06-13,FAMILY,라운드티,여성,1,1,1,120470
2025-06-13,FAMILY,셋업,스니커즈,1,1,1,49000
2025-06-13,FAMILY,폴로티/집업,폴로티/집업,1,1,1,41900
2025-06-14,FAMILY,UNKNOWN,남성,1,1,1,52100
2025-06-14,FAMILY,긴바지,남성,1,1,1,43180
2025-06-14,FAMILY,긴바지,라운드티,1,1,1,32020
2025-06-14,FAMILY,남성,남성,7,7,10,610650
2025-06-14,FAMILY,남성,여성,1,1,1,119000
2025-06-14,FAMILY,라운드티,남성,3,3,3,86990
2025-06-14,FAMILY,미드/롱다운,남성,1,1,1,23730
2025-06-14,FAMILY,반바지,남성,1,1,1,29000
2025-06-14,FAMILY,셋업,남성,1,1,1,96740
2025-06-14,SILVER,남성,남성,1,1,1,41000
2025-06-15,FAMILY,남성,남성,2,2,7,260500
2025-06-15,FAMILY,라운드티,여성,1,1,1,29000
2025-06-15,FAMILY,여성,여성,1,1,1,65720
2025-06-16,FAMILY,가방,남성,1,1,1,41000
2025-06-16,FAMILY,긴바지,긴바지,1,1,1,104470
2025-06-16,FAMILY,남성,남성,5,5,7,335960
2025-06-16,FAMILY,등산화,남성,1,1,1,119200
2025-06-16,FAMILY,라운드티,남성,1,1,1,35180
2025-06-16,FAMILY,셋업,남성,1,1,1,83000
2025-06-16,FAMILY,폴로티/집업,남성,1,1,1,90300
2025-06-17,FAMILY,UNKNOWN,남성,1,1,1,83000
2025-06-17,FAMILY,가방,남성,1,1,3,258700
2025-06-17,FAMILY,남성,남성,6,6,8,290700
2025-06-17,FAMILY,남성,여성,2,2,2,153300
2025-06-17,FAMILY,남성,액세서리,1,1,1,8680
2025-06-17,FAMILY,라운드티,남성,3,3,3,114450
2025-06-17,FAMILY,라운드티,상의,1,1,1,58180
2025-06-17,FAMILY,라운드티,라운드티,1,1,1,24520
2025-06-17,FAMILY,라운드티,액세서리,1,1,1,8680
2025-06-17,FAMILY,반바지,남성,1,1,1,30740
2025-06-17,FAMILY,스니커즈,스니커즈,1,1,1,48900
2025-06-17,FAMILY,여성,남성,2,2,3,137310
2025-06-18,FAMILY,남성,남성,3,3,7,487730
2025-06-18,FAMILY,반바지,라운드티,1,1,1,29000
2025-06-18,FAMILY,액세서리,남성,1,1,1,40890
2025-06-18,FAMILY,여성,남성,1,1,2,139230
2025-06-18,FAMILY,여성,여성,1,1,1,110920
2025-06-18,GOLD,여성,남성,1,1,1,198000
2025-06-19,FAMILY,남성,남성,4,4,5,339640
2025-06-19,FAMILY,남성,셔츠,1,1,1,53000
2025-06-19,FAMILY,남성,스니커즈,1,1,1,46150
2025-06-19,FAMILY,남성,반바지,1,1,1,43630
2025-06-19,FAMILY,라운드티,남성,2,2,2,79830
2025-06-19,FAMILY,라운드티,라운드티,1,1,1,21780
2025-06-19,FAMILY,여성,남성,1,1,1,20500
2025-06-19,SILVER,남성,남성,2,2,8,639780
2025-06-19,SILVER,남성,셋업,1,1,2,208050
2025-06-19,SILVER,남성,여성,1,1,1,97050
2025-06-20,FAMILY,남성,남성,20,20,25,1995010
2025-06-20,FAMILY,등산화,남성,1,1,1,95300
2025-06-20,FAMILY,여성,여성,1,1,1,55300
2025-06-20,FAMILY,크로스/토트백,남성,1,1,1,92650
2025-06-21,FAMILY,남성,남성,4,4,5,309980
2025-06-21,FAMILY,셋업,남성,1,1,1,118990
2025-06-21,FAMILY,여성,남성,3,3,4,152280
2025-06-22,FAMILY,남성,남성,6,6,7,441890
2025-06-22,FAMILY,남성,방수자켓,1,1,1,77000
2025-06-22,FAMILY,셋업,남성,1,1,1,111300
2025-06-22,SILVER,남성,남성,1,1,2,222320
2025-06-23,FAMILY,남성,남성,3,3,3,252980
2025-06-23,FAMILY,등산화,여성,1,1,1,105760
2025-06-23,FAMILY,라운드티,남성,2,2,2,63960
2025-06-23,FAMILY,스니커즈,스니커즈,1,1,1,49000
2025-06-23,FAMILY,자켓/ 베스트,남성,1,1,1,98680
2025-06-23,FAMILY,트레일러닝,남성,1,1,1,117070
2025-06-24,FAMILY,긴바지,남성,3,3,4,325940
2025-06-24,FAMILY,남성,남성,7,7,8,576140
2025-06-24,FAMILY,남성,여성,1,1,1,46300
2025-06-24,FAMILY,남성,반바지,1,1,1,29000
2025-06-24,FAMILY,라운드티,남성,1,1,2,184420
2025-06-24,FAMILY,방수자켓,남성,1,1,3,49300
2025-06-24,FAMILY,상의,남성,1,1,1,90300
2025-06-24,FAMILY,여성,남성,1,1,1,20590
2025-06-25,FAMILY,UNKNOWN,남성,2,2,3,219200
2025-06-25,FAMILY,긴바지,남성,2,2,4,213130
2025-06-25,FAMILY,남성,남성,6,6,7,306290
2025-06-25,FAMILY,등산화,스니커즈,1,1,1,49000
2025-06-25,FAMILY,라운드티,남성,1,1,1,181300
2025-06-25,FAMILY,라운드티,상의,1,1,1,48300
2025-06-25,FAMILY,맨투맨/후드티,남성,1,1,1,38500
2025-06-25,FAMILY,여성,남성,1,1,1,47200
2025-06-25,FAMILY,자켓/ 베스트,남성,1,1,1,74970
2025-06-25,SILVER,남성,남성,1,1,1,169000
2025-06-25,SILVER,남성,등산화,1,1,1,82350
2025-06-26,FAMILY,긴바지,남성,2,2,2,186710
2025-06-26,FAMILY,남성,남성,6,6,6,508460
2025-06-26,FAMILY,남성,여성,2,2,2,151600
2025-06-26,FAMILY,남성,라운드티,1,1,3,91000
2025-06-26,FAMILY,라운드티,여성,1,1,1,99200
2025-06-26,FAMILY,미드/롱다운,남성,1,1,1,98850
2025-06-26,FAMILY,여성,등산화,1,1,1,130160
2025-06-26,FAMILY,여성,남성,1,1,1,120160
2025-06-26,FAMILY,트레일러닝,남성,1,1,1,41000
2025-06-26,GOLD,남성,남성,1,1,1,41000
2025-06-26,SILVER,남성,남성,1,1,1,49280
2025-06-26,SILVER,라운드티,남성,1,1,1,49280
2025-06-27,FAMILY,UNKNOWN,남성,1,1,1,136300
2025-06-27,FAMILY,남성,남성,14,14,14,784000
2025-06-27,FAMILY,남성,스니커즈,2,2,2,98000
2025-06-27,FAMILY,남성,여성,1,1,1,54880
2025-06-27,FAMILY,여성,남성,2,2,2,94400
2025-06-27,FAMILY,여성,여성,1,1,1,48300
2025-06-27,FAMILY,하이킹,스니커즈,1,1,1,35570
2025-06-28,FAMILY,가방,남성,2,2,3,234090
2025-06-28,FAMILY,가방,여성,1,1,1,44290
2025-06-28,FAMILY,긴바지,남성,2,2,2,68640
2025-06-28,FAMILY,남성,남성,12,12,14,710260
2025-06-28,FAMILY,남성,여성,1,1,1,44290
2025-06-28,FAMILY,남성,반바지,1,1,1,30270
2025-06-28,FAMILY,스니커즈,남성,1,1,1,66400
2025-06-28,FAMILY,여성,남성,2,2,2,71700
2025-06-28,FAMILY,하이킹,남성,1,1,1,24500
2025-06-29,FAMILY,남성,남성,10,10,11,645320
2025-06-29,FAMILY,남성,여성,1,1,1,44530
2025-06-29,FAMILY,라운드티,남성,1,1,1,123080
2025-06-30,FAMILY,긴바지,남성,2,2,3,87570
2025-06-30,FAMILY,남성,남성,7,7,40,2174130
2025-06-30,FAMILY,남성,여성,2,2,16,865000
2025-06-30,FAMILY,남성,셋업,1,1,13,838500
2025-06-30,FAMILY,남성,셔츠,1,1,2,106000
2025-06-30,FAMILY,남성,반바지,1,1,1,47000
2025-06-30,FAMILY,라운드티,남성,2,2,4,231350
2025-06-30,FAMILY,미드/롱다운,남성,1,1,2,126300
2025-06-30,FAMILY,셋업,남성,2,2,5,249920
2025-06-30,FAMILY,셋업,여성,1,1,1,48630
2025-06-30,FAMILY,여성,남성,1,1,32,1709000
2025-06-30,FAMILY,여성,셋업,1,1,13,838500
2025-06-30,FAMILY,여성,여성,1,1,15,752500
2025-06-30,FAMILY,자켓/ 베스트,남성,1,1,3,184320
2025-06-30,FAMILY,자켓/ 베스트,여성,1,1,1,48630
2025-06-30,FAMILY,폴로티/집업,남성,1,1,1,16520
2025-06-30,SILVER,남성,남성,1,1,1,89000
2025-07-01,FAMILY,UNKNOWN,남성,1,1,2,100200
2025-07-01,FAMILY,남성,남성,3,3,4,147560
2025-07-01,FAMILY,남성,UNKNOWN,1,1,1,52990
2025-07-01,FAMILY,라운드티,남성,1,1,3,70200
2025-07-01,FAMILY,바람막이,남성,1,1,1,47200
2025-07-01,FAMILY,반바지,남성,1,1,2,100200
2025-07-01,FAMILY,셋업,반바지,1,1,1,79000
2025-07-01,FAMILY,셔츠,남성,1,1,2,100200
2025-07-02,FAMILY,긴바지,남성,2,2,2,64720
2025-07-02,FAMILY,남성,남성,8,8,16,649840
2025-07-02,FAMILY,남성,여성,1,1,1,67000
2025-07-02,FAMILY,여성,남성,2,2,2,77920
2025-07-02,FAMILY,하이킹,남성,1,1,3,180600
2025-07-03,FAMILY,긴바지,남성,1,1,1,87200
2025-07-03,FAMILY,남성,남성,3,3,3,129520
2025-07-03,FAMILY,남성,여성,1,1,1,117160
2025-07-03,FAMILY,남성,UNKNOWN,1,1,1,40920
2025-07-03,FAMILY,라운드티,남성,1,1,1,9750
2025-07-03,FAMILY,여성,셋업,1,1,1,40650
2025-07-03,FAMILY,하이킹,남성,1,1,1,83300
2025-07-03,SILVER,남성,남성,1,1,1,63200
2025-07-04,FAMILY,UNKNOWN,여성,1,1,1,130630
2025-07-04,FAMILY,UNKNOWN,남성,1,1,1,38510
2025-07-04,FAMILY,남성,남성,15,15,19,855940
2025-07-04,FAMILY,남성,여성,2,2,2,88410
2025-07-04,FAMILY,반바지,남성,1,1,1,52930
2025-07-04,FAMILY,볼캡,남성,1,1,1,29000
2025-07-04,FAMILY,하이킹,남성,1,1,1,39200
2025-07-04,SILVER,남성,남성,1,1,5,436630
2025-07-04,SILVER,남성,여성,2,2,2,232310
2025-07-05,FAMILY,UNKNOWN,남성,1,1,2,120630
2025-07-05,FAMILY,남성,남성,5,5,9,377500
2025-07-05,FAMILY,남성,여성,1,1,2,223400
2025-07-05,FAMILY,라운드티,남성,1,1,1,39000
2025-07-05,FAMILY,여성,여성,4,4,4,181730
2025-07-05,FAMILY,여성,남성,2,2,3,119550
2025-07-05,FAMILY,여성,셋업,1,1,1,45730
2025-07-05,SILVER,남성,여성,1,1,2,205450
2025-07-05,SILVER,남성,남성,1,1,1,50230
2025-07-05,SILVER,부츠,여성,1,1,2,205450
2025-07-05,SILVER,부츠,남성,1,1,1,50230
2025-07-05,SILVER,하이킹,여성,1,1,2,205450
2025-07-05,SILVER,하이킹,남성,1,1,1,50230
2025-07-06,FAMILY,가방,남성,1,1,1,41300
2025-07-06,FAMILY,긴바지,남성,1,1,2,110650
2025-07-06,FAMILY,남성,남성,11,11,14,810420
2025-07-06,FAMILY,남성,바람막이,1,1,1,123450
2025-07-06,FAMILY,남성,여성,1,1,1,97300
2025-07-06,FAMILY,등산화,등산화,1,1,1,139510
2025-07-06,FAMILY,라운드티,남성,1,1,1,37080
2025-07-06,FAMILY,반바지,남성,2,2,2,66380
2025-07-06,FAMILY,여성,남성,3,3,5,231110
2025-07-06,FAMILY,여성,긴바지,1,1,1,59310
2025-07-06,FAMILY,여성,여성,1,1,1,41720
2025-07-07,FAMILY,남성,남성,10,10,14,880090
2025-07-07,FAMILY,남성,여성,1,1,2,111510
2025-07-07,FAMILY,라운드티,남성,1,1,3,138080
2025-07-07,FAMILY,여성,남성,3,3,5,307380
2025-07-07,FAMILY,여성,여성,1,1,1,99530
2025-07-07,FAMILY,폴로티/집업,남성,1,1,3,138080
2025-07-08,FAMILY,긴바지,남성,1,1,1,89500
2025-07-08,FAMILY,남성,남성,3,3,3,161490
2025-07-08,FAMILY,라운드티,남성,2,2,2,96960
2025-07-08,FAMILY,맨투맨/후드티,남성,1,1,2,198120
2025-07-08,FAMILY,셋업,남성,2,2,3,279860
2025-07-08,FAMILY,셋업,셋업,1,1,1,35270
2025-07-08,FAMILY,스니커즈,남성,1,1,4,170300
2025-07-08,FAMILY,여성,여성,1,1,2,169000
2025-07-08,FAMILY,여성,남성,1,1,1,37210
2025-07-08,FAMILY,하이킹,상의,1,1,1,49000
2025-07-08,SILVER,남성,남성,1,1,1,99750
2025-07-09,FAMILY,남성,남성,7,7,12,835610
2025-07-09,FAMILY,남성,미드/롱다운,2,2,2,522760
2025-07-09,FAMILY,남성,여성,2,2,2,142620
2025-07-09,FAMILY,남성,바람막이,1,1,1,127200
2025-07-09,FAMILY,남성,상의,1,1,1,55660
2025-07-09,FAMILY,남성,반바지,1,1,1,24650
2025-07-09,FAMILY,라운드티,남성,1,1,2,142400
2025-07-09,FAMILY,바람막이,남성,1,1,1,61275
2025-07-09,FAMILY,볼캡,남성,1,1,1,63200
2025-07-09,FAMILY,여성,남성,2,2,4,193110
2025-07-09,FAMILY,여성,여성,1,1,1,44160
2025-07-09,FAMILY,패딩/슬림다운,UNKNOWN,1,1,1,88075
2025-07-09,SILVER,남성,미드/롱다운,1,1,1,265525
2025-07-09,SILVER,남성,남성,1,1,1,78495
2025-07-09,SILVER,남성,부츠,1,1,1,57735
2025-07-09,SILVER,하이킹,미드/롱다운,1,1,1,227525
2025-07-09,SILVER,하이킹,남성,1,1,2,182400
2025-07-10,FAMILY,남성,남성,6,6,6,186250
2025-07-10,FAMILY,라운드티,남성,1,1,2,126200
2025-07-10,FAMILY,라운드티,여성,1,1,1,48300
2025-07-10,FAMILY,반바지,남성,1,1,1,55200
2025-07-10,FAMILY,볼캡,스니커즈,1,1,1,49000
2025-07-10,FAMILY,스니커즈,스니커즈,1,1,1,49000
2025-07-10,FAMILY,여성,남성,2,2,3,257550
2025-07-10,FAMILY,자켓/ 베스트,남성,1,1,1,33180
2025-07-10,FAMILY,카고/조거,남성,1,1,1,147000
2025-07-10,SILVER,남성,남성,1,1,2,159700
2025-07-11,FAMILY,남성,남성,7,7,14,606355
2025-07-11,FAMILY,남성,여성,3,3,3,208870
2025-07-11,FAMILY,셋업,남성,1,1,1,94525
2025-07-11,FAMILY,여성,남성,1,1,1,45030
2025-07-11,SILVER,여성,셋업,1,1,2,171370
2025-07-11,SILVER,여성,여성,1,1,1,119830
2025-07-11,SILVER,여성,등산화,1,1,1,78695
2025-07-12,FAMILY,UNKNOWN,남성,1,1,1,24130
2025-07-12,FAMILY,남성,남성,10,10,12,644155
2025-07-12,FAMILY,남성,등산화,1,1,1,93970
2025-07-12,FAMILY,등산화,남성,1,1,2,59470
2025-07-12,FAMILY,여성,남성,2,2,2,103530
2025-07-12,FAMILY,여성,여성,1,1,1,70280
2025-07-12,FAMILY,여성,긴바지,1,1,1,49670
2025-07-12,SILVER,미드/롱다운,셋업,1,1,1,108300
2025-07-12,SILVER,미드/롱다운,남성,1,1,1,57420
2025-07-12,SILVER,미드/롱다운,라운드티,1,1,1,42880
2025-07-12,SILVER,여성,라운드티,1,1,2,81000
2025-07-12,SILVER,여성,여성,1,1,1,43630
2025-07-13,FAMILY,긴바지,남성,1,1,1,83340
2025-07-13,FAMILY,남성,남성,12,12,15,920980
2025-07-13,FAMILY,남성,등산화,1,1,2,160550
2025-07-13,FAMILY,남성,긴바지,2,2,2,103100
2025-07-13,FAMILY,남성,상의,1,1,1,55860
2025-07-13,FAMILY,남성,여성,1,1,1,55300
2025-07-13,FAMILY,여성,여성,1,1,2,202970
2025-07-13,FAMILY,여성,남성,2,2,2,134510
2025-07-13,SILVER,UNKNOWN,남성,1,1,3,138000
2025-07-13,SILVER,UNKNOWN,반바지,1,1,1,25850
2025-07-13,SILVER,긴바지,남성,1,1,3,138000
2025-07-13,SILVER,긴바지,반바지,1,1,1,25850
2025-07-13,SILVER,남성,남성,1,1,3,138000
2025-07-13,SILVER,남성,반바지,1,1,1,25850
2025-07-14,FAMILY,남성,남성,3,3,4,267825
2025-07-14,FAMILY,트레일러닝,트레일러닝,1,1,1,109000
2025-07-14,GOLD,여성,긴바지,1,1,1,30880
2025-07-14,SILVER,남성,남성,2,2,2,105550
2025-07-15,FAMILY,남성,남성,3,3,3,189120
2025-07-15,FAMILY,남성,라운드티,1,1,1,27540
2025-07-15,FAMILY,바람막이,라운드티,1,1,1,35000
2025-07-15,FAMILY,반바지,남성,1,1,1,36790
2025-07-15,SILVER,남성,남성,2,2,2,181725
2025-07-16,FAMILY,남성,남성,5,5,7,200585
2025-07-16,FAMILY,남성,여성,1,1,1,52300
2025-07-16,FAMILY,남성,스니커즈,1,1,1,44620
2025-07-16,FAMILY,바람막이,남성,1,1,3,54200
2025-07-16,FAMILY,여성,남성,1,1,1,21990
2025-07-17,FAMILY,긴바지,남성,1,1,2,110500
2025-07-17,FAMILY,남성,남성,10,10,13,755345
2025-07-17,FAMILY,남성,여성,3,3,4,305280
2025-07-17,FAMILY,남성,UNKNOWN,1,1,1,89095
2025-07-17,FAMILY,남성,라운드티,1,1,1,23400
2025-07-17,FAMILY,등산화,자켓/ 베스트,1,1,1,131200
2025-07-17,FAMILY,등산화,바람막이,1,1,1,56500
2025-07-17,FAMILY,라운드티,라운드티,1,1,2,59480
2025-07-17,FAMILY,라운드티,남성,1,1,1,38400
2025-07-17,FAMILY,미드/롱다운,여성,1,1,1,43270
2025-07-17,FAMILY,여성,미드/롱다운,1,1,1,265525
2025-07-17,FAMILY,하이킹,남성,1,1,1,94525
2025-07-17,SILVER,남성,남성,2,2,5,516270
2025-07-17,SILVER,남성,긴바지,1,1,1,58940
2025-07-17,SILVER,남성,상의,1,1,1,53500
2025-07-17,SILVER,셋업,남성,1,1,2,172775
2025-07-18,FAMILY,긴바지,미드/롱다운,1,1,1,265525
2025-07-18,FAMILY,남성,남성,5,5,6,363520
2025-07-18,FAMILY,남성,미드/롱다운,1,1,1,265525
2025-07-18,FAMILY,남성,UNKNOWN,1,1,1,91225
2025-07-18,FAMILY,남성,상의,1,1,1,55720
2025-07-18,FAMILY,남성,스니커즈,1,1,1,46280
2025-07-18,FAMILY,남성,라운드티,1,1,1,33930
2025-07-18,FAMILY,라운드티,남성,2,2,4,87840
2025-07-18,FAMILY,스니커즈,스니커즈,2,2,2,96000
2025-07-18,FAMILY,여성,남성,1,1,1,14870
2025-07-18,SILVER,남성,남성,1,1,5,321610
2025-07-18,SILVER,여성,여성,1,1,2,159125
2025-07-19,FAMILY,남성,미드/롱다운,1,1,1,279500
2025-07-19,FAMILY,남성,남성,4,4,4,258630
2025-07-19,FAMILY,남성,바람막이,1,1,1,127200
2025-07-19,FAMILY,남성,UNKNOWN,1,1,1,87525
2025-07-19,FAMILY,남성,반바지,1,1,1,26290
2025-07-19,FAMILY,라운드티,남성,1,1,1,59370
2025-07-19,FAMILY,라운드티,반바지,1,1,1,29000
2025-07-19,SILVER,남성,남성,1,1,1,66200
2025-07-20,FAMILY,UNKNOWN,여성,1,1,1,44220
2025-07-20,FAMILY,UNKNOWN,남성,1,1,1,9840
2025-07-20,FAMILY,남성,남성,8,8,14,695920
2025-07-20,FAMILY,남성,여성,3,3,3,208650
2025-07-20,FAMILY,남성,부츠,1,1,1,58725
2025-07-20,FAMILY,여성,여성,1,1,1,38920
2025-07-20,GOLD,남성,미드/롱다운,1,1,1,265525
2025-07-20,SILVER,남성,남성,2,2,2,155740
2025-07-21,FAMILY,남성,남성,7,7,7,460160
2025-07-21,FAMILY,남성,스니커즈,1,1,1,47000
2025-07-21,FAMILY,라운드티,남성,1,1,1,59060
2025-07-21,FAMILY,스니커즈,스니커즈,1,1,1,39000
2025-07-21,FAMILY,여성,남성,1,1,1,42170
2025-07-21,SILVER,남성,남성,1,1,4,204900
2025-07-22,FAMILY,남성,남성,4,4,6,363710
2025-07-22,FAMILY,남성,UNKNOWN,1,1,1,13930
2025-07-22,FAMILY,라운드티,여성,1,1,1,36180
2025-07-22,FAMILY,바람막이,스니커즈,1,1,1,42570
2025-07-23,FAMILY,남성,남성,8,8,10,524505
2025-07-23,FAMILY,남성,스니커즈,2,2,2,98000
2025-07-23,FAMILY,라운드티,남성,1,1,1,44030
2025-07-23,FAMILY,바람막이,남성,1,1,1,132300
2025-07-23,FAMILY,여성,등산화,1,1,1,84500
2025-07-23,FAMILY,여성,여성,1,1,1,65420
2025-07-24,FAMILY,남성,남성,2,2,2,97770
2025-07-24,FAMILY,남성,상의,1,1,1,45460
2025-07-24,FAMILY,남성,폴로티/집업,1,1,1,45050
2025-07-24,FAMILY,남성,라운드티,1,1,1,25020
2025-07-24,FAMILY,스니커즈,상의,1,1,1,45460
2025-07-24,FAMILY,여성,여성,1,1,1,63020
2025-07-24,FAMILY,자켓/ 베스트,남성,1,1,1,81820
2025-07-24,GOLD,남성,여성,1,1,3,189430
2025-07-24,GOLD,남성,남성,1,1,1,11110
2025-07-24,GOLD,라운드티,여성,1,1,3,189430
2025-07-24,GOLD,라운드티,남성,1,1,1,11110
2025-07-24,GOLD,여성,여성,1,1,3,189430
2025-07-24,GOLD,여성,남성,1,1,1,11110
2025-07-25,FAMILY,남성,남성,5,5,12,544655
2025-07-25,FAMILY,남성,여성,2,2,2,111470
2025-07-25,FAMILY,라운드티,셋업,1,1,1,41100
2025-07-25,FAMILY,미드/롱다운,미드/롱다운,1,1,1,256775
2025-07-25,FAMILY,여성,남성,1,1,8,261520
2025-07-25,FAMILY,여성,여성,2,2,2,127640
2025-07-26,FAMILY,긴바지,남성,2,2,5,243600
2025-07-26,FAMILY,남성,남성,8,8,13,732540
2025-07-26,FAMILY,남성,상의,1,1,1,47020
2025-07-26,FAMILY,라운드티,남성,1,1,4,217600
2025-07-26,FAMILY,반바지,남성,1,1,1,26000
2025-07-26,FAMILY,스니커즈,남성,1,1,1,83000
2025-07-26,FAMILY,여성,상의,1,1,1,47020
2025-07-26,FAMILY,자켓/ 베스트,남성,1,1,1,47200
2025-07-27,FAMILY,남성,남성,8,8,10,372230
2025-07-27,FAMILY,남성,패딩/슬림다운,1,1,1,109560
2025-07-27,FAMILY,남성,라운드티,2,2,2,90750
2025-07-27,FAMILY,남성,상의,1,1,1,51050
2025-07-27,FAMILY,셋업,남성,1,1,2,58180
2025-07-27,FAMILY,액세서리,남성,1,1,2,58180
2025-07-27,FAMILY,여성,남성,1,1,1,59750
2025-07-27,FAMILY,여성,여성,1,1,1,46650
2025-07-27,SILVER,남성,남성,1,1,2,41660
2025-07-28,FAMILY,남성,남성,5,5,6,335855
2025-07-28,FAMILY,남성,스니커즈,1,1,1,46470
2025-07-28,FAMILY,등산화,등산화,1,1,1,90300
2025-07-28,FAMILY,미드/롱다운,남성,1,1,2,50430
2025-07-29,FAMILY,긴바지,남성,1,1,1,104300
2025-07-29,FAMILY,남성,남성,9,9,11,861180
2025-07-29,FAMILY,남성,UNKNOWN,1,1,1,100380
2025-07-29,FAMILY,등산화,남성,1,1,1,31500
2025-07-29,FAMILY,여성,남성,1,1,1,33400
2025-07-29,FAMILY,햇,남성,1,1,2,100300
2025-07-29,SILVER,남성,남성,2,2,5,312900
2025-07-30,FAMILY,남성,미드/롱다운,1,1,1,263665
2025-07-30,FAMILY,남성,남성,3,3,3,147000
2025-07-30,FAMILY,남성,여성,2,2,2,75550
2025-07-30,FAMILY,라운드티,남성,2,2,2,76900
2025-07-30,FAMILY,라운드티,라운드티,1,1,1,47000
2025-07-30,FAMILY,바람막이,남성,1,1,1,73720
2025-07-30,FAMILY,여성,남성,1,1,1,16230
2025-07-30,SILVER,남성,남성,1,1,2,131100
2025-07-30,SILVER,여성,남성,1,1,2,131100
2025-07-31,FAMILY,남성,남성,7,7,12,619970
2025-07-31,FAMILY,남성,여성,1,1,1,48300
2025-07-31,FAMILY,라운드티,여성,1,1,1,66200
2025-07-31,FAMILY,반바지,남성,1,1,1,37530
2025-07-31,FAMILY,여성,여성,1,1,2,138250
2025-08-01,FAMILY,긴바지,남성,1,1,2,124200
2025-08-01,FAMILY,남성,남성,12,12,20,1359300
2025-08-01,FAMILY,남성,셋업,2,2,5,228610
2025-08-01,FAMILY,남성,반바지,1,1,1,46410
2025-08-01,FAMILY,라운드티,긴바지,1,1,1,53000
2025-08-01,FAMILY,여성,셋업,1,1,1,53100
2025-08-01,FAMILY,여성,라운드티,1,1,1,36900
2025-08-02,FAMILY,UNKNOWN,남성,1,1,1,59450
2025-08-02,FAMILY,긴바지,남성,1,1,1,83000
2025-08-02,FAMILY,남성,남성,8,8,14,584880
2025-08-02,FAMILY,남성,여성,1,1,1,111300
2025-08-02,FAMILY,남성,라운드티,2,2,3,106320
2025-08-02,FAMILY,남성,상의,1,1,1,56190
2025-08-02,FAMILY,남성,반바지,1,1,1,46080
2025-08-02,FAMILY,등산화,여성,1,1,1,114610
2025-08-02,FAMILY,여성,바람막이,1,1,1,42940
2025-08-03,FAMILY,UNKNOWN,남성,1,1,1,76720
2025-08-03,FAMILY,긴바지,남성,3,3,3,248430
2025-08-03,FAMILY,남성,남성,9,9,13,785050
2025-08-03,FAMILY,라운드티,남성,1,1,1,36350
2025-08-03,FAMILY,볼캡,남성,1,1,1,110350
2025-08-03,FAMILY,여성,여성,1,1,1,25360
2025-08-03,FAMILY,여성,남성,1,1,1,21220
2025-08-04,FAMILY,UNKNOWN,남성,1,1,1,35630
2025-08-04,FAMILY,남성,남성,1,1,2,146010
2025-08-04,FAMILY,남성,상의,1,1,1,55780
2025-08-04,FAMILY,맨투맨/후드티,남성,1,1,1,116050
2025-08-04,SILVER,남성,남성,1,1,6,457610
2025-08-04,SILVER,남성,라운드티,1,1,1,34250
2025-08-04,SILVER,폴로티/집업,남성,1,1,6,457610
2025-08-04,SILVER,폴로티/집업,라운드티,1,1,1,34250
2025-08-05,FAMILY,UNKNOWN,남성,1,1,1,130840
2025-08-05,FAMILY,남성,남성,3,3,5,323900
2025-08-05,FAMILY,남성,셋업,1,1,1,109750
2025-08-05,FAMILY,남성,라운드티,1,1,3,89250
2025-08-05,FAMILY,남성,바람막이,1,1,1,54330
2025-08-05,FAMILY,라운드티,셋업,1,1,1,109750
2025-08-05,FAMILY,라운드티,바람막이,1,1,1,54330
2025-08-05,FAMILY,반바지,남성,1,1,1,119200
2025-08-05,FAMILY,여성,남성,2,2,2,50310
2025-08-05,FAMILY,자켓/ 베스트,남성,2,2,3,176640
2025-08-05,FAMILY,자켓/ 베스트,라운드티,1,1,1,24650
2025-08-05,FAMILY,카고/조거,카고/조거,1,1,1,63000
2025-08-05,FAMILY,폴로티/집업,여성,1,1,1,46000
2025-08-06,FAMILY,남성,남성,8,8,12,722450
2025-08-06,FAMILY,남성,여성,2,2,2,127200
2025-08-06,FAMILY,여성,남성,2,2,3,109430
2025-08-06,FAMILY,여성,여성,1,1,1,47200
2025-08-06,FAMILY,트레일러닝,남성,2,2,3,68200
2025-08-06,SILVER,남성,남성,1,1,3,101760
2025-08-06,SILVER,여성,남성,1,1,3,101760
2025-08-07,FAMILY,UNKNOWN,남성,1,1,3,230760
2025-08-07,FAMILY,UNKNOWN,여성,1,1,2,13860
2025-08-07,FAMILY,남성,남성,7,7,8,388990
2025-08-07,FAMILY,남성,긴바지,1,1,1,50720
2025-08-07,FAMILY,남성,라운드티,1,1,1,24450
2025-08-07,FAMILY,남성,여성,1,1,1,5900
2025-08-07,FAMILY,셋업,셋업,1,1,1,86760
2025-08-07,FAMILY,셋업,남성,1,1,1,73300
2025-08-07,FAMILY,여성,여성,1,1,1,69000
2025-08-08,FAMILY,남성,남성,7,7,10,569580
2025-08-08,FAMILY,등산화,라운드티,1,1,1,26950
2025-08-08,FAMILY,여성,남성,2,2,3,188610
2025-08-08,TITANIUM,남성,남성,1,1,150,5280000
2025-08-09,FAMILY,남성,남성,7,7,10,701040
2025-08-09,FAMILY,남성,폴로티/집업,1,1,1,54500
2025-08-09,FAMILY,남성,라운드티,1,1,1,51760
2025-08-09,FAMILY,남성,자켓/ 베스트,1,1,1,39000
2025-08-10,FAMILY,긴바지,남성,2,2,2,364130
2025-08-10,FAMILY,남성,남성,10,10,14,767790
2025-08-10,FAMILY,남성,여성,1,1,1,46240
2025-08-10,FAMILY,라운드티,남성,1,1,1,26100
2025-08-10,FAMILY,바람막이,남성,1,1,1,334600
2025-08-10,FAMILY,여성,남성,1,1,1,52840
2025-08-10,FAMILY,여성,여성,1,1,1,46240
2025-08-11,FAMILY,UNKNOWN,남성,1,1,1,135200
2025-08-11,FAMILY,긴바지,여성,1,1,1,63830
2025-08-11,FAMILY,남성,남성,6,6,9,372900
2025-08-11,FAMILY,남성,UNKNOWN,1,1,1,111300
2025-08-11,FAMILY,액세서리,남성,1,1,2,38680
2025-08-11,FAMILY,여성,등산화,1,1,1,90300
2025-08-11,FAMILY,여성,남성,1,1,1,37660
2025-08-11,GOLD,남성,남성,1,1,1,124340
2025-08-12,FAMILY,남성,남성,3,3,5,169900
2025-08-12,FAMILY,라운드티,남성,1,1,2,113500
2025-08-12,FAMILY,라운드티,라운드티,1,1,1,35000
2025-08-12,FAMILY,셋업,남성,1,1,2,39000
2025-08-12,FAMILY,셔츠,반바지,1,1,1,40000
2025-08-12,FAMILY,여성,남성,1,1,1,33970
2025-08-13,FAMILY,남성,남성,8,8,10,329680
2025-08-13,FAMILY,남성,자켓/ 베스트,1,1,2,66300
2025-08-13,FAMILY,남성,긴바지,1,1,1,45050
2025-08-13,FAMILY,남성,라운드티,1,1,1,24650
2025-08-13,FAMILY,남성,액세서리,1,1,3,23960
2025-08-13,FAMILY,미드/롱다운,라운드티,1,1,1,22000
2025-08-13,FAMILY,여성,여성,1,1,1,130680
2025-08-13,FAMILY,여성,남성,1,1,1,28700
2025-08-13,SILVER,미드/롱다운,미드/롱다운,1,1,1,192000
2025-08-14,FAMILY,남성,남성,3,3,3,260540
2025-08-15,FAMILY,남성,여성,1,1,1,93670
2025-08-15,FAMILY,여성,여성,1,1,2,103370
2025-08-15,FAMILY,여성,남성,1,1,1,38080
2025-08-16,FAMILY,남성,남성,9,9,14,601420
2025-08-16,FAMILY,액세서리,남성,1,1,1,81300
2025-08-16,FAMILY,여성,남성,1,1,5,57900
2025-08-17,FAMILY,남성,남성,3,3,5,556100
2025-08-17,FAMILY,남성,여성,1,1,1,66460
2025-08-17,FAMILY,반바지,남성,1,1,1,25740
2025-08-17,FAMILY,셋업,남성,1,1,1,103000
2025-08-17,FAMILY,여성,여성,1,1,1,66460
2025-08-18,FAMILY,긴바지,남성,1,1,3,198900
2025-08-18,FAMILY,남성,남성,3,3,4,221000
2025-08-18,FAMILY,남성,여성,1,1,1,139000
2025-08-18,FAMILY,셋업,남성,1,1,3,198900
2025-08-18,FAMILY,자켓/ 베스트,남성,1,1,3,198900
2025-08-18,FAMILY,하이킹,남성,1,1,2,89800
2025-08-18,SILVER,반바지,남성,1,1,1,55300
2025-08-18,SILVER,셔츠,남성,1,1,1,55300
2025-08-19,FAMILY,남성,남성,3,3,3,154840
2025-08-20,FAMILY,가방,남성,1,1,2,116300
2025-08-20,FAMILY,남성,남성,5,5,5,497750
2025-08-20,FAMILY,남성,여성,1,1,1,66090
2025-08-20,FAMILY,남성,긴바지,1,1,1,65000
2025-08-20,FAMILY,반바지,남성,1,1,1,139000
2025-08-21,FAMILY,남성,남성,4,4,5,260760
2025-08-21,FAMILY,라운드티,반바지,1,1,1,61620
2025-08-21,FAMILY,라운드티,남성,1,1,1,38030
2025-08-22,FAMILY,남성,남성,4,4,5,188100
2025-08-23,FAMILY,긴바지,남성,1,1,3,97300
2025-08-23,FAMILY,남성,여성,2,2,2,154390
2025-08-23,FAMILY,남성,남성,2,2,2,153280
2025-08-23,FAMILY,남성,셋업,1,1,1,48980
2025-08-23,FAMILY,여성,여성,1,1,1,93190
2025-08-23,FAMILY,여성,남성,1,1,1,24790
2025-08-23,SILVER,남성,미드/롱다운,1,1,1,322310
2025-08-23,SILVER,남성,남성,1,1,1,61910
2025-08-24,FAMILY,가방,남성,1,1,2,66400
2025-08-24,FAMILY,남성,남성,4,4,5,234180
2025-08-24,FAMILY,남성,라운드티,1,1,2,82000
2025-08-24,FAMILY,미드/롱다운,남성,1,1,1,35260
2025-08-24,SILVER,남성,남성,2,2,5,410180
2025-08-24,SILVER,남성,여성,1,1,1,46340
2025-08-25,FAMILY,남성,남성,3,3,3,119510
2025-08-25,FAMILY,남성,여성,1,1,2,119500
2025-08-25,FAMILY,남성,셋업,1,1,1,51350
2025-08-25,FAMILY,라운드티,여성,1,1,2,119500
2025-08-25,FAMILY,라운드티,남성,1,1,1,29000
2025-08-25,SILVER,남성,남성,1,1,1,119000
2025-08-26,FAMILY,남성,남성,2,2,5,111300
2025-08-27,FAMILY,남성,남성,3,3,3,116230
2025-08-27,FAMILY,남성,폴로티/집업,1,1,1,75640
2025-08-27,FAMILY,자켓/ 베스트,남성,1,1,1,155000
2025-08-28,FAMILY,남성,남성,7,7,8,471130
2025-08-28,SILVER,남성,UNKNOWN,1,1,1,102510
2025-08-28,SILVER,남성,남성,1,1,3,19340
2025-08-29,FAMILY,남성,남성,3,3,3,143270
2025-08-29,FAMILY,남성,상의,1,1,1,59000
2025-08-30,FAMILY,UNKNOWN,남성,1,1,1,146030
2025-08-30,FAMILY,남성,남성,6,6,10,575700
2025-08-30,FAMILY,남성,라운드티,1,1,1,32880
2025-08-30,FAMILY,라운드티,남성,2,2,2,76430
2025-08-30,FAMILY,라운드티,하이킹,1,1,1,54470
2025-08-30,FAMILY,바람막이,남성,1,1,1,15000
2025-08-30,FAMILY,반바지,남성,1,1,1,69000
2025-08-30,FAMILY,방수자켓,남성,1,1,1,15000
2025-08-30,FAMILY,여성,여성,1,1,1,47410
2025-08-30,FAMILY,폴로티/집업,남성,1,1,1,61430
2025-08-30,FAMILY,폴로티/집업,하이킹,1,1,1,54470
2025-08-31,FAMILY,남성,남성,4,4,5,165120
2025-08-31,FAMILY,남성,자켓/ 베스트,1,1,1,27990
2025-08-31,FAMILY,라운드티,셋업,1,1,1,89000
2025-09-01,FAMILY,남성,남성,7,7,8,226540
2025-09-01,FAMILY,라운드티,남성,1,1,1,27400
2025-09-01,FAMILY,여성,여성,2,2,2,118940
2025-09-02,FAMILY,긴바지,남성,1,1,1,31300
2025-09-02,FAMILY,남성,셋업,1,1,2,99400
2025-09-02,FAMILY,남성,자켓/ 베스트,1,1,1,32820
2025-09-02,FAMILY,남성,남성,2,2,2,19930
2025-09-02,FAMILY,등산화,남성,1,1,1,11500
2025-09-02,FAMILY,여성,남성,1,1,2,60620
2025-09-02,FAMILY,자켓/베스트,남성,1,1,2,168850
2025-09-03,FAMILY,남성,남성,7,7,9,385930
2025-09-03,FAMILY,남성,하이킹,1,1,1,55000
2025-09-03,FAMILY,남성,라운드티,1,1,1,31860
2025-09-03,FAMILY,라운드티,라운드티,1,1,1,31860
2025-09-03,FAMILY,라운드티,남성,1,1,1,21230
2025-09-03,FAMILY,하이킹,하이킹,1,1,1,55000
2025-09-04,FAMILY,남성,남성,8,8,12,632510
2025-09-04,FAMILY,남성,하이킹,1,1,1,55000
2025-09-04,FAMILY,남성,긴바지,1,1,1,43000
2025-09-04,FAMILY,남성,라운드티,1,1,1,29000
2025-09-04,FAMILY,라운드티,남성,1,1,1,38670
2025-09-04,FAMILY,하이킹,하이킹,1,1,1,55000
2025-09-05,FAMILY,남성,남성,2,2,2,185440
2025-09-05,FAMILY,남성,여성,1,1,1,65900
2025-09-05,FAMILY,여성,여성,1,1,1,65900
2025-09-05,SILVER,긴바지,남성,1,1,4,100350
2025-09-05,SILVER,남성,남성,1,1,2,80500
2025-09-05,SILVER,남성,라운드티,1,1,1,35000
2025-09-05,SILVER,라운드티,남성,1,1,4,100350
2025-09-06,FAMILY,남성,남성,4,4,5,369300
2025-09-06,FAMILY,하이킹,남성,1,1,1,39050
2025-09-06,SILVER,남성,남성,1,1,1,87600
2025-09-07,FAMILY,긴바지,남성,1,1,2,107800
2025-09-07,FAMILY,남성,남성,6,6,6,378790
2025-09-07,FAMILY,반바지,남성,1,1,2,107800
2025-09-07,FAMILY,여성,남성,1,1,1,81490
2025-09-07,FAMILY,자켓/ 베스트,남성,1,1,1,61200
2025-09-07,FAMILY,하이킹,남성,1,1,2,38500
2025-09-08,FAMILY,남성,남성,2,2,2,185810
2025-09-08,FAMILY,남성,자켓/ 베스트,1,1,1,35000
2025-09-08,FAMILY,부츠,남성,1,1,1,127410
2025-09-08,FAMILY,스니커즈,남성,1,1,1,83000
2025-09-08,SILVER,남성,남성,1,1,1,80560
2025-09-09,FAMILY,남성,남성,5,5,8,452090
2025-09-09,FAMILY,남성,바람막이,1,1,1,124090
2025-09-09,FAMILY,셋업,바람막이,1,1,1,124090
2025-09-09,FAMILY,셋업,남성,1,1,1,81270
2025-09-09,FAMILY,셋업,셋업,1,1,1,46740
2025-09-09,FAMILY,여성,여성,1,1,1,99000
2025-09-09,FAMILY,여성,남성,1,1,1,11380
2025-09-10,FAMILY,긴바지,남성,1,1,1,42000
2025-09-10,FAMILY,남성,남성,2,2,2,45450
2025-09-10,SILVER,가방,남성,1,1,4,347000
2025-09-10,SILVER,남성,남성,1,1,3,263890
2025-09-11,FAMILY,가방,남성,1,1,1,16000
2025-09-11,FAMILY,남성,남성,5,5,5,319480
2025-09-11,FAMILY,남성,여성,1,1,1,95000
2025-09-11,FAMILY,등산화,남성,1,1,2,35070
2025-09-11,FAMILY,라운드티,남성,1,1,1,27950
2025-09-12,FAMILY,남성,남성,1,1,1,87200
2025-09-12,FAMILY,남성,셋업,1,1,1,53000
2025-09-12,FAMILY,여성,여성,1,1,1,46340
2025-09-12,SILVER,남성,남성,1,1,2,125300
2025-09-13,FAMILY,남성,남성,4,4,4,284850
2025-09-13,FAMILY,남성,긴바지,1,1,1,58090
2025-09-13,FAMILY,남성,자켓/ 베스트,1,1,1,21490
2025-09-13,FAMILY,여성,여성,1,1,1,115550
2025-09-13,SILVER,남성,남성,1,1,1,112730
2025-09-14,FAMILY,UNKNOWN,바람막이,1,1,1,82930
2025-09-14,FAMILY,남성,바람막이,1,1,1,82930
2025-09-14,FAMILY,여성,여성,1,1,1,139300
2025-09-14,FAMILY,하이킹,자켓/ 베스트,1,1,1,35000
2025-09-15,FAMILY,UNKNOWN,남성,2,2,2,206740
2025-09-15,FAMILY,UNKNOWN,UNKNOWN,1,1,1,97210
2025-09-15,FAMILY,긴바지,남성,2,2,3,270800
2025-09-15,FAMILY,긴바지,긴바지,1,1,1,65000
2025-09-15,FAMILY,남성,남성,16,16,20,872540
2025-09-15,FAMILY,남성,여성,2,2,3,247450
2025-09-15,FAMILY,남성,라운드티,1,1,1,17500
2025-09-15,FAMILY,등산화,남성,1,1,2,16000
2025-09-15,FAMILY,라운드티,라운드티,3,3,4,90000
2025-09-15,FAMILY,라운드티,남성,1,1,3,66500
2025-09-15,FAMILY,바람막이,긴바지,1,1,1,51000
2025-09-15,FAMILY,바람막이,남성,1,1,1,39000
2025-09-15,FAMILY,반바지,여성,1,1,2,192400
2025-09-15,FAMILY,반바지,남성,1,1,1,67950
2025-09-15,FAMILY,반바지,반바지,1,1,1,51350
2025-09-15,FAMILY,상의,남성,1,1,2,36000
2025-09-15,FAMILY,셋업,긴바지,1,1,1,65000
2025-09-15,FAMILY,여성,여성,1,1,2,192400
2025-09-15,FAMILY,여성,남성,1,1,1,45000
2025-09-15,FAMILY,자켓/ 베스트,남성,1,1,2,16000
2025-09-15,FAMILY,하이킹,남성,1,1,1,31300
2025-09-16,FAMILY,긴바지,여성,1,1,1,87000
2025-09-16,FAMILY,남성,남성,5,5,6,153380
2025-09-16,FAMILY,남성,UNKNOWN,1,1,1,67410
2025-09-16,FAMILY,남성,자켓/베스트,1,1,1,59600
2025-09-16,FAMILY,남성,장갑,1,1,1,22450
2025-09-16,FAMILY,여성,여성,1,1,1,27200
2025-09-16,FAMILY,여성,장갑,1,1,1,16050
2025-09-17,FAMILY,남성,남성,4,4,4,696010
2025-09-17,FAMILY,남성,UNKNOWN,1,1,1,111300
2025-09-17,FAMILY,남성,긴바지,1,1,1,45650
2025-09-17,FAMILY,남성,여성,1,1,1,17000
2025-09-17,FAMILY,셋업,셋업,1,1,1,53000
2025-09-17,FAMILY,스니커즈,남성,1,1,1,69000
2025-09-17,FAMILY,액세서리,남성,1,1,1,61820
2025-09-17,FAMILY,여성,라운드티,1,1,1,38170
2025-09-17,FAMILY,자켓/베스트,등산화,1,1,1,93740
2025-09-17,FAMILY,자켓/베스트,장갑,1,1,1,27940
2025-09-17,FAMILY,자켓/베스트,남성,1,1,1,10120
2025-09-17,FAMILY,하이킹,남성,1,1,1,61820
2025-09-18,FAMILY,UNKNOWN,남성,2,2,3,110890
2025-09-18,FAMILY,가방,남성,1,1,2,112580
2025-09-18,FAMILY,가방,라운드티,1,1,1,34320
2025-09-18,FAMILY,남성,남성,16,16,20,1317630
2025-09-18,FAMILY,남성,여성,3,3,5,388670
2025-09-18,FAMILY,남성,긴바지,3,3,3,154770
2025-09-18,FAMILY,남성,라운드티,2,2,2,55290
2025-09-18,FAMILY,남성,상의,1,1,1,53670
2025-09-18,FAMILY,남성,자켓/ 베스트,2,2,2,49590
2025-09-18,FAMILY,라운드티,긴바지,1,1,1,43000
2025-09-18,FAMILY,라운드티,남성,1,1,1,34500
2025-09-18,FAMILY,반바지,긴바지,1,1,1,43000
2025-09-18,FAMILY,반바지,남성,1,1,1,34500
2025-09-18,FAMILY,방수자켓,자켓/ 베스트,1,1,1,21880
2025-09-18,FAMILY,방수자켓,남성,1,1,1,18120
2025-09-18,FAMILY,상의,상의,1,1,1,59000
2025-09-18,FAMILY,여성,여성,4,4,6,458670
2025-09-18,FAMILY,여성,남성,4,4,6,309290
2025-09-18,FAMILY,여성,긴바지,2,2,2,95650
2025-09-18,FAMILY,여성,등산화,1,1,1,78250
2025-09-19,FAMILY,UNKNOWN,남성,1,1,1,4550
2025-09-19,FAMILY,남성,남성,7,7,12,904250
2025-09-19,FAMILY,남성,여성,1,1,1,85700
2025-09-19,FAMILY,상의,남성,1,1,1,21300
2025-09-19,FAMILY,여성,여성,3,3,3,302310
2025-09-19,FAMILY,여성,남성,1,1,1,116560
2025-09-19,SILVER,남성,남성,1,1,1,112020
2025-09-20,FAMILY,남성,남성,3,3,6,157900
2025-09-20,FAMILY,미드/롱다운,바람막이,1,1,1,113960
2025-09-20,FAMILY,여성,여성,2,2,2,86870
2025-09-20,FAMILY,여성,남성,1,1,1,58330
2025-09-20,TITANIUM,남성,셋업,1,1,3,397200
2025-09-20,TITANIUM,남성,인터체인지 (3 in 1),1,1,1,395000
2025-09-20,TITANIUM,남성,남성,1,1,2,222300
2025-09-20,TITANIUM,남성,여성,1,1,1,71200
2025-09-20,TITANIUM,남성,긴바지,1,1,1,53000
2025-09-20,TITANIUM,반바지,셋업,1,1,3,397200
2025-09-20,TITANIUM,반바지,인터체인지 (3 in 1),1,1,1,395000
2025-09-20,TITANIUM,반바지,남성,1,1,2,222300
2025-09-20,TITANIUM,반바지,여성,1,1,1,71200
2025-09-20,TITANIUM,반바지,긴바지,1,1,1,53000
2025-09-20,TITANIUM,셋업,셋업,1,1,3,397200
2025-09-20,TITANIUM,셋업,인터체인지 (3 in 1),1,1,1,395000
2025-09-20,TITANIUM,셋업,남성,1,1,2,222300
2025-09-20,TITANIUM,셋업,여성,1,1,1,71200
2025-09-20,TITANIUM,셋업,긴바지,1,1,1,53000
2025-09-21,FAMILY,가방,남성,1,1,1,21300
2025-09-21,FAMILY,남성,남성,5,5,5,464590
2025-09-21,FAMILY,남성,자켓/ 베스트,2,2,2,51360
2025-09-21,FAMILY,여성,남성,1,1,2,34340
2025-09-21,FAMILY,여성,라운드티,1,1,1,32260
2025-09-22,FAMILY,UNKNOWN,맨투맨/후드티,1,1,1,39000
2025-09-22,FAMILY,남성,남성,7,7,11,289410
2025-09-22,FAMILY,남성,자켓/ 베스트,1,1,1,35000
2025-09-22,FAMILY,햇,자켓/ 베스트,1,1,1,35000
2025-09-22,GOLD,남성,남성,1,1,1,129000
2025-09-22,TITANIUM,남성,남성,1,1,9,849060
2025-09-23,FAMILY,긴바지,남성,1,1,2,31650
2025-09-23,FAMILY,남성,남성,11,11,17,504000
2025-09-23,FAMILY,남성,자켓/ 베스트,2,2,2,42500
2025-09-23,FAMILY,남성,상의,1,1,1,36300
2025-09-23,FAMILY,남성,장갑,1,1,1,14500
2025-09-23,FAMILY,라운드티,라운드티,1,1,1,21820
2025-09-23,FAMILY,라운드티,남성,1,1,1,19500
2025-09-23,FAMILY,반바지,남성,1,1,1,72940
2025-09-23,FAMILY,반바지,셋업,1,1,1,44330
2025-09-23,FAMILY,볼캡,장갑,1,1,1,16160
2025-09-23,FAMILY,볼캡,남성,1,1,1,10580
2025-09-23,FAMILY,액세서리,남성,1,1,2,21840
2025-09-23,FAMILY,여성,남성,2,2,2,54520
2025-09-23,FAMILY,여성,UNKNOWN,1,1,1,27000
2025-09-23,FAMILY,여성,여성,1,1,1,21000
2025-09-23,SILVER,여성,남성,1,1,1,59000
2025-09-24,FAMILY,가방,셋업,1,1,1,32000
2025-09-24,FAMILY,남성,남성,9,9,11,663080
2025-09-24,FAMILY,남성,폴로티/집업,1,1,1,39000
2025-09-24,FAMILY,라운드티,남성,1,1,1,93000
2025-09-24,FAMILY,바람막이,맨투맨/후드티,1,1,1,47000
2025-09-24,FAMILY,여성,라운드티,1,1,1,20500
2025-09-25,FAMILY,남성,남성,12,12,14,1072160
2025-09-25,FAMILY,남성,여성,2,2,2,225690
2025-09-25,FAMILY,남성,라운드티,1,1,1,25000
2025-09-25,FAMILY,남성,셋업,1,1,1,21500
2025-09-25,FAMILY,라운드티,남성,2,2,2,30150
2025-09-25,FAMILY,셋업,남성,1,1,1,95060
2025-09-25,FAMILY,셋업,여성,1,1,1,63260
2025-09-25,FAMILY,여성,여성,2,2,2,142460
2025-09-25,FAMILY,여성,라운드티,1,1,1,18300
2025-09-25,FAMILY,여성,남성,1,1,1,13750
2025-09-25,FAMILY,자켓/ 베스트,남성,2,2,2,115000
2025-09-25,FAMILY,자켓/ 베스트,자켓/베스트,1,1,1,37010
2025-09-25,FAMILY,자켓/ 베스트,라운드티,1,1,1,24060
2025-09-25,FAMILY,자켓/베스트,여성,1,1,1,63260
2025-09-25,SILVER,남성,남성,2,2,3,269190
2025-09-25,SILVER,미드/롱다운,여성,1,1,2,187100
2025-09-26,FAMILY,UNKNOWN,여성,1,1,1,80840
2025-09-26,FAMILY,남성,남성,9,9,10,788520
2025-09-26,FAMILY,남성,여성,1,1,1,40450
2025-09-26,FAMILY,남성,폴로/집업티,1,1,1,26500
2025-09-26,FAMILY,라운드티,남성,1,1,1,79000
2025-09-26,FAMILY,셋업,미드/롱다운,1,1,1,294410
2025-09-26,FAMILY,여성,여성,1,1,1,115840
2025-09-26,FAMILY,여성,남성,1,1,2,93460
2025-09-26,FAMILY,폴로티/집업,미드/롱다운,1,1,1,294410
2025-09-26,SILVER,남성,남성,1,1,2,129590
2025-09-27,FAMILY,남성,남성,5,5,6,346920
2025-09-27,FAMILY,남성,라운드티,1,1,1,38700
2025-09-27,SILVER,남성,남성,1,1,2,301020
2025-09-27,SILVER,남성,라운드티,1,1,1,31360
2025-09-27,SILVER,여성,남성,1,1,2,301020
2025-09-27,SILVER,여성,라운드티,1,1,1,31360
2025-09-28,FAMILY,긴바지,남성,2,2,2,115100
2025-09-28,FAMILY,남성,남성,21,21,26,1289670
2025-09-28,FAMILY,남성,여성,3,3,4,442510
2025-09-28,FAMILY,남성,미드/롱다운,1,1,1,168150
2025-09-28,FAMILY,남성,셔츠,1,1,1,83000
2025-09-28,FAMILY,남성,등산화,1,1,1,79530
2025-09-28,FAMILY,남성,상의,1,1,1,31750
2025-09-28,FAMILY,남성,라운드티,1,1,1,24980
2025-09-28,FAMILY,셋업,남성,1,1,1,15000
2025-09-28,FAMILY,여성,미드/롱다운,1,1,1,168150
2025-09-28,FAMILY,여성,남성,2,2,4,83600
2025-09-28,SILVER,남성,남성,1,1,1,71200
2025-09-28,SILVER,남성,셋업,1,1,1,54900
2025-09-28,SILVER,남성,라운드티,1,1,1,19800
2025-09-29,FAMILY,남성,남성,5,5,7,516770
2025-09-29,FAMILY,남성,여성,1,1,1,113150
2025-09-29,GOLD,남성,자켓/베스트,1,1,2,136000
2025-09-29,GOLD,남성,부츠,1,1,1,83000
2025-09-29,GOLD,남성,UNKNOWN,1,1,1,62720
2025-09-30,FAMILY,남성,남성,6,6,11,450120
2025-09-30,FAMILY,스니커즈,남성,1,1,1,49000
2025-09-30,FAMILY,여성,남성,1,1,2,21300
2025-09-30,SILVER,남성,남성,2,2,2,135420
2025-10-01,FAMILY,UNKNOWN,남성,1,1,1,46190
2025-10-01,FAMILY,남성,남성,43,43,62,2177050
2025-10-01,FAMILY,남성,여성,6,6,6,330300
2025-10-01,FAMILY,남성,셋업,3,3,3,147220
2025-10-01,FAMILY,남성,바람막이,1,1,1,71910
2025-10-01,FAMILY,남성,폴로티/집업,2,2,2,68400
2025-10-01,FAMILY,라운드티,남성,2,2,5,62000
2025-10-01,FAMILY,라운드티,폴로티/집업,1,1,1,53300
2025-10-01,FAMILY,라운드티,맨투맨/후드티,1,1,1,39000
2025-10-01,FAMILY,바람막이,남성,2,2,2,240800
2025-10-01,FAMILY,바람막이,셋업,1,1,1,91520
2025-10-01,FAMILY,바람막이,패딩/슬림다운,1,1,1,62450
2025-10-01,FAMILY,부츠,남성,1,1,1,19350
2025-10-01,FAMILY,상의,맨투맨/후드티,1,1,1,39000
2025-10-01,FAMILY,액세서리,여성,1,1,1,59510
2025-10-01,FAMILY,액세서리,남성,1,1,2,19500
2025-10-01,FAMILY,여성,여성,3,3,3,133020
2025-10-01,FAMILY,여성,셋업,1,1,1,91520
2025-10-01,FAMILY,자켓/ 베스트,남성,1,1,2,9450
2025-10-01,FAMILY,장갑,남성,1,1,2,9450
2025-10-01,FAMILY,하이킹,남성,1,1,1,35300
2025-10-01,FAMILY,하이킹,긴바지,1,1,1,33000
2025-10-02,FAMILY,남성,남성,19,19,29,923250
2025-10-02,FAMILY,남성,패딩/슬림다운,1,1,1,120360
2025-10-02,FAMILY,남성,여성,1,1,1,58630
2025-10-02,FAMILY,라운드티,남성,2,2,2,54000
2025-10-02,FAMILY,여성,여성,2,2,2,209280
2025-10-02,FAMILY,여성,남성,2,2,2,155680
2025-10-02,FAMILY,여성,라운드티,1,1,2,40000
2025-10-02,FAMILY,자켓/ 베스트,여성,1,1,1,51620
2025-10-03,FAMILY,남성,남성,9,9,15,350370
2025-10-03,FAMILY,남성,셋업,1,1,1,38440
2025-10-03,FAMILY,맨투맨/후드티,자켓/베스트,1,1,1,86400
2025-10-03,FAMILY,반바지,자켓/베스트,1,1,1,43470
2025-10-03,FAMILY,반바지,남성,1,1,1,12530
2025-10-03,FAMILY,액세서리,남성,1,1,1,16370
2025-10-03,FAMILY,액세서리,라운드티,1,1,1,16360
2025-10-03,FAMILY,여성,여성,1,1,1,119000
2025-10-03,FAMILY,여성,남성,1,1,1,24750
2025-10-03,FAMILY,자켓/ 베스트,셋업,1,1,1,69000
2025-10-03,FAMILY,자켓/ 베스트,남성,1,1,1,50330
2025-10-03,SILVER,UNKNOWN,남성,1,1,6,449530
2025-10-03,SILVER,남성,남성,1,1,6,449530
2025-10-04,FAMILY,남성,남성,4,4,5,315310
2025-10-04,FAMILY,남성,등산화,1,1,1,112720
2025-10-04,FAMILY,남성,UNKNOWN,1,1,1,83850
2025-10-04,FAMILY,등산화,남성,1,1,1,81000
2025-10-04,FAMILY,맨투맨/후드티,남성,1,1,2,114610
2025-10-04,FAMILY,미드/롱다운,UNKNOWN,1,1,1,63100
2025-10-04,FAMILY,반바지,남성,2,2,2,44500
2025-10-04,FAMILY,스니커즈,남성,1,1,1,29200
2025-10-04,FAMILY,여성,남성,1,1,1,53400
2025-10-04,FAMILY,여성,자켓/베스트,1,1,1,29500
2025-10-04,FAMILY,자켓/베스트,여성,1,1,1,49100
2025-10-05,FAMILY,가방,남성,1,1,1,149300
2025-10-05,FAMILY,남성,남성,8,8,12,488650
2025-10-05,FAMILY,남성,패딩/슬림다운,1,1,1,87690
2025-10-05,FAMILY,남성,셋업,1,1,1,69200
2025-10-05,FAMILY,남성,자켓/베스트,1,1,1,60000
2025-10-05,FAMILY,남성,크로스/토트백,1,1,1,27220
2025-10-05,FAMILY,바람막이,남성,1,1,1,107760
2025-10-05,FAMILY,상의,남성,1,1,1,72450
2025-10-05,FAMILY,셋업,셋업,1,1,1,75820
2025-10-05,FAMILY,여성,남성,2,2,2,189620
2025-10-05,FAMILY,여성,여성,1,1,1,48910
2025-10-05,FAMILY,하이킹,남성,1,1,1,115000
2025-10-05,GOLD,남성,남성,1,1,2,225510
2025-10-05,GOLD,라운드티,남성,1,1,2,225510
2025-10-05,GOLD,반바지,남성,1,1,2,225510
2025-10-05,GOLD,셔츠,남성,1,1,2,225510
2025-10-05,SILVER,남성,남성,1,1,1,109120
2025-10-06,FAMILY,남성,남성,9,9,12,488140
2025-10-06,FAMILY,남성,여성,1,1,1,141650
2025-10-06,FAMILY,남성,라운드티,1,1,2,55400
2025-10-06,FAMILY,등산화,남성,2,2,4,84050
2025-10-06,FAMILY,라운드티,남성,1,1,1,19500
2025-10-06,FAMILY,바람막이,남성,1,1,1,53610
2025-10-06,FAMILY,셋업,여성,1,1,1,23150
2025-10-06,FAMILY,여성,여성,1,1,1,179960
2025-10-06,FAMILY,여성,남성,1,1,1,99000
2025-10-06,FAMILY,자켓/ 베스트,남성,1,1,2,16500
2025-10-06,FAMILY,자켓/베스트,여성,1,1,1,55000
2025-10-07,FAMILY,남성,남성,11,11,14,599230
2025-10-07,FAMILY,남성,여성,3,3,3,254190
2025-10-07,FAMILY,남성,패딩/슬림다운,1,1,1,72750
2025-10-07,FAMILY,남성,크로스/토트백,1,1,1,17500
2025-10-07,FAMILY,라운드티,남성,1,1,1,20650
2025-10-07,FAMILY,셋업,남성,2,2,3,102100
2025-10-08,FAMILY,긴바지,여성,1,1,1,91000
2025-10-08,FAMILY,남성,남성,9,9,11,472790
2025-10-08,FAMILY,남성,여성,1,1,1,91000
2025-10-08,FAMILY,남성,UNKNOWN,1,1,1,80700
2025-10-08,FAMILY,남성,등산화,1,1,1,63770
2025-10-08,FAMILY,남성,볼캡,1,1,1,28450
2025-10-08,FAMILY,남성,크로스/토트백,1,1,1,23500
2025-10-08,FAMILY,반바지,UNKNOWN,1,1,1,80700
2025-10-08,FAMILY,반바지,남성,1,1,2,27110
2025-10-08,FAMILY,액세서리,여성,1,1,1,75300
2025-10-08,FAMILY,여성,남성,1,1,1,59000
2025-10-08,FAMILY,자켓/ 베스트,남성,3,3,4,369460
2025-10-08,FAMILY,자켓/ 베스트,맨투맨/후드티,1,1,1,39000
2025-10-09,FAMILY,긴바지,남성,1,1,1,21000
2025-10-09,FAMILY,긴바지,크로스/토트백,1,1,1,17500
2025-10-09,FAMILY,남성,남성,15,15,20,607910
2025-10-09,FAMILY,남성,셋업,1,1,1,141470
2025-10-09,FAMILY,남성,등산화,1,1,1,79000
2025-10-09,FAMILY,남성,라운드티,1,1,1,11390
2025-10-09,FAMILY,라운드티,남성,1,1,1,15600
2025-10-09,FAMILY,미드/롱다운,여성,1,1,1,168100
2025-10-09,FAMILY,상의,등산화,1,1,1,127000
2025-10-09,FAMILY,셔츠,남성,1,1,1,21000
2025-10-09,FAMILY,여성,여성,1,1,1,55640
2025-10-09,FAMILY,여성,남성,1,1,1,35140
2025-10-09,FAMILY,자켓/베스트,남성,1,1,1,111550
2025-10-09,SILVER,남성,남성,1,1,2,178850
2025-10-09,SILVER,남성,바람막이,1,1,1,85810
2025-10-09,SILVER,바람막이,남성,1,1,2,178850
2025-10-09,SILVER,바람막이,바람막이,1,1,1,85810
2025-10-09,SILVER,셋업,남성,1,1,2,178850
2025-10-09,SILVER,셋업,바람막이,1,1,1,85810
2025-10-09,SILVER,폴로티/집업,남성,1,1,2,178850
2025-10-09,SILVER,폴로티/집업,바람막이,1,1,1,85810
2025-10-10,FAMILY,긴바지,셋업,1,1,1,20500
2025-10-10,FAMILY,남성,남성,6,6,6,252630
2025-10-10,FAMILY,남성,바람막이,1,1,1,129070
2025-10-10,FAMILY,남성,여성,1,1,1,103300
2025-10-10,FAMILY,남성,등산화,1,1,1,83260
2025-10-10,FAMILY,남성,셋업,2,2,2,43360
2025-10-10,FAMILY,바람막이,맨투맨/후드티,1,1,1,37000
2025-10-10,FAMILY,패딩/슬림다운,남성,1,1,1,4500
2025-10-11,FAMILY,남성,남성,7,7,9,666520
2025-10-11,FAMILY,남성,셋업,2,2,2,78960
2025-10-11,FAMILY,남성,라운드티,1,1,1,17500
2025-10-11,FAMILY,여성,남성,4,4,4,205570
2025-10-11,FAMILY,여성,UNKNOWN,1,1,1,86270
2025-10-11,FAMILY,여성,긴바지,1,1,1,36240
2025-10-11,FAMILY,여성,라운드티,1,1,1,21000
2025-10-12,FAMILY,UNKNOWN,남성,3,3,4,83990
2025-10-12,FAMILY,UNKNOWN,폴로티/집업,1,1,1,35820
2025-10-12,FAMILY,UNKNOWN,맨투맨/후드티,1,1,1,35540
2025-10-12,FAMILY,UNKNOWN,여성,1,1,1,14500
2025-10-12,FAMILY,가방,남성,5,5,5,153020
2025-10-12,FAMILY,가방,긴바지,1,1,1,35000
2025-10-12,FAMILY,가방,라운드티,1,1,1,17500
2025-10-12,FAMILY,긴바지,남성,8,8,11,234420
2025-10-12,FAMILY,긴바지,상의,1,1,1,27000
2025-10-12,FAMILY,긴바지,라운드티,1,1,1,17500
2025-10-12,FAMILY,남성,남성,200,200,263,8043980
2025-10-12,FAMILY,남성,여성,17,17,19,773700
2025-10-12,FAMILY,남성,맨투맨/후드티,14,14,14,492720
2025-10-12,FAMILY,남성,라운드티,14,14,14,293770
2025-10-12,FAMILY,남성,자켓/베스트,6,6,6,285080
2025-10-12,FAMILY,남성,패딩/슬림다운,4,4,4,277300
2025-10-12,FAMILY,남성,긴바지,6,6,6,223810
2025-10-12,FAMILY,남성,바람막이,2,2,2,186470
2025-10-12,FAMILY,남성,셋업,4,4,4,185290
2025-10-12,FAMILY,남성,상의,5,5,5,185040
2025-10-12,FAMILY,남성,등산화,2,2,2,154000
2025-10-12,FAMILY,남성,폴로티/집업,2,2,2,77800
2025-10-12,FAMILY,남성,장갑,2,2,4,60530
2025-10-12,FAMILY,남성,볼캡,2,2,2,52890
2025-10-12,FAMILY,남성,셔츠,1,1,1,52140
2025-10-12,FAMILY,남성,버킷/부니,1,1,1,24780
2025-10-12,FAMILY,남성,크로스/토트백,1,1,1,17500
2025-10-12,FAMILY,등산화,남성,5,5,6,176820
2025-10-12,FAMILY,등산화,여성,1,1,1,69000
2025-10-12,FAMILY,라운드티,남성,12,12,14,494720
2025-10-12,FAMILY,라운드티,여성,2,2,2,107570
2025-10-12,FAMILY,라운드티,셋업,2,2,2,62000
2025-10-12,FAMILY,라운드티,라운드티,1,1,1,17500
2025-10-12,FAMILY,맨투맨/후드티,라운드티,1,1,1,23740
2025-10-12,FAMILY,미드/롱다운,남성,3,3,3,113250
2025-10-12,FAMILY,미드/롱다운,자켓/베스트,1,1,1,33610
2025-10-12,FAMILY,바람막이,남성,3,3,3,108830
2025-10-12,FAMILY,반바지,남성,7,7,7,210800
2025-10-12,FAMILY,반바지,바람막이,1,1,1,123000
2025-10-12,FAMILY,반바지,맨투맨/후드티,1,1,1,35540
2025-10-12,FAMILY,반바지,셋업,1,1,1,31750
2025-10-12,FAMILY,방수자켓,남성,2,2,2,127100
2025-10-12,FAMILY,볼캡,남성,1,1,2,10500
2025-10-12,FAMILY,부츠,남성,1,1,1,56380
2025-10-12,FAMILY,부츠,여성,1,1,1,46290
2025-10-12,FAMILY,상의,남성,2,2,2,134240
2025-10-12,FAMILY,상의,상의,1,1,1,27000
2025-10-12,FAMILY,셋업,남성,9,9,10,280440
2025-10-12,FAMILY,셋업,여성,2,2,3,136050
2025-10-12,FAMILY,셋업,셋업,1,1,1,20500
2025-10-12,FAMILY,셔츠,남성,2,2,3,171430
2025-10-12,FAMILY,스니커즈,상의,1,1,1,39000
2025-10-12,FAMILY,스니커즈,셋업,1,1,1,31000
2025-10-12,FAMILY,액세서리,여성,1,1,2,69600
2025-10-12,FAMILY,액세서리,남성,3,3,4,56500
2025-10-12,FAMILY,여성,남성,17,17,20,587240
2025-10-12,FAMILY,여성,여성,6,6,7,420310
2025-10-12,FAMILY,여성,셋업,2,2,2,104430
2025-10-12,FAMILY,여성,UNKNOWN,1,1,1,83040
2025-10-12,FAMILY,여성,등산화,1,1,1,74000
2025-10-12,FAMILY,여성,라운드티,2,2,3,72020
2025-10-12,FAMILY,여성,맨투맨/후드티,2,2,2,67920
2025-10-12,FAMILY,여성,패딩/슬림다운,1,1,1,61250
2025-10-12,FAMILY,여성,상의,1,1,1,47650
2025-10-12,FAMILY,여성,장갑,2,2,3,44690
2025-10-12,FAMILY,여성,카고/조거,1,1,1,41330
2025-10-12,FAMILY,여성,자켓/베스트,1,1,1,40300
2025-10-12,FAMILY,여성,폴로티/집업,1,1,1,23500
2025-10-12,FAMILY,자켓/ 베스트,남성,5,5,6,164340
2025-10-12,FAMILY,자켓/베스트,라운드티,1,1,1,17500
2025-10-12,FAMILY,트레일러닝,남성,1,1,2,19500
2025-10-12,FAMILY,패딩/슬림다운,남성,2,2,2,201840
2025-10-12,FAMILY,폴로/집업티,남성,1,1,1,15820
2025-10-12,FAMILY,폴로티/집업,남성,2,2,2,130570
2025-10-12,FAMILY,폴로티/집업,여성,1,1,1,52990
2025-10-12,FAMILY,하이킹,남성,3,3,5,329100
2025-10-12,FAMILY,햇,남성,1,1,1,20500
2025-10-12,SILVER,긴바지,남성,1,1,1,133370
2025-10-12,SILVER,남성,남성,5,5,6,557580
2025-10-12,SILVER,남성,맨투맨/후드티,1,1,1,39000
2025-10-12,SILVER,상의,남성,1,1,2,226590
2025-10-13,FAMILY,남성,여성,2,2,3,343060
2025-10-13,FAMILY,남성,남성,7,7,7,335130
2025-10-13,FAMILY,남성,등산화,1,1,1,97160
2025-10-13,FAMILY,남성,셋업,2,2,2,82210
2025-10-13,FAMILY,남성,부츠,1,1,1,73440
2025-10-13,FAMILY,여성,여성,1,1,1,147680
2025-10-13,FAMILY,여성,남성,1,1,1,27630
2025-10-13,FAMILY,여성,라운드티,1,1,1,22330
2025-10-13,FAMILY,자켓/ 베스트,남성,1,1,1,117300
2025-10-14,FAMILY,남성,남성,3,3,4,126280
2025-10-14,FAMILY,상의,여성,1,1,1,40770
2025-10-14,FAMILY,여성,자켓/베스트,1,1,1,55770
2025-10-14,FAMILY,자켓/ 베스트,여성,1,1,1,40770
2025-10-14,FAMILY,카고/조거,여성,1,1,1,40770
2025-10-14,FAMILY,폴로티/집업,여성,1,1,1,40770
2025-10-14,SILVER,남성,남성,1,1,3,134400
2025-10-15,FAMILY,긴바지,여성,1,1,1,76350
2025-10-15,FAMILY,남성,남성,5,5,6,164770
2025-10-15,FAMILY,반바지,남성,1,1,1,83780
2025-10-16,FAMILY,긴바지,여성,1,1,1,152100
2025-10-16,FAMILY,남성,남성,4,4,4,236600
2025-10-16,FAMILY,남성,셋업,1,1,1,27950
2025-10-16,FAMILY,라운드티,남성,1,1,1,55000
2025-10-16,FAMILY,라운드티,긴바지,1,1,1,43000
2025-10-16,FAMILY,맨투맨/후드티,볼캡,1,1,2,90000
2025-10-16,FAMILY,반바지,긴바지,1,1,1,43000
2025-10-16,FAMILY,여성,여성,1,1,1,215200
2025-10-16,FAMILY,여성,남성,2,2,3,144570
2025-10-16,FAMILY,여성,긴바지,1,1,1,46000
2025-10-16,FAMILY,패딩/슬림다운,남성,1,1,1,148000
2025-10-17,FAMILY,가방,남성,1,1,1,347100
2025-10-17,FAMILY,긴바지,남성,1,1,1,41000
2025-10-17,FAMILY,남성,남성,4,4,5,337520
2025-10-17,FAMILY,남성,여성,1,1,1,55850
2025-10-17,FAMILY,남성,맨투맨/후드티,1,1,1,51290
2025-10-17,FAMILY,방수자켓,남성,1,1,2,140100
2025-10-17,FAMILY,셋업,남성,1,1,1,107100
2025-10-17,FAMILY,여성,여성,1,1,1,55850
2025-10-17,FAMILY,자켓/베스트,라운드티,1,1,1,23650
2025-10-17,FAMILY,트레일러닝,남성,1,1,1,41000
2025-10-17,FAMILY,하이킹,여성,1,1,2,308000
2025-10-17,SILVER,남성,남성,1,1,1,172860
2025-10-18,FAMILY,남성,남성,6,6,6,562400
2025-10-18,FAMILY,남성,여성,3,3,3,280520
2025-10-18,FAMILY,맨투맨/후드티,남성,1,1,1,59000
2025-10-18,FAMILY,상의,라운드티,1,1,1,35000
2025-10-18,FAMILY,셋업,남성,1,1,1,188100
2025-10-18,FAMILY,여성,여성,1,1,1,119000
2025-10-19,FAMILY,긴바지,남성,1,1,1,99300
2025-10-19,FAMILY,남성,남성,10,10,13,740280
2025-10-19,FAMILY,남성,여성,1,1,1,86570
2025-10-19,FAMILY,남성,패딩/슬림다운,1,1,1,78420
2025-10-19,FAMILY,남성,맨투맨/후드티,1,1,1,55160
2025-10-19,FAMILY,라운드티,남성,1,1,1,117000
2025-10-19,FAMILY,반바지,여성,1,1,1,149500
2025-10-19,FAMILY,셋업,여성,1,1,1,149500
2025-10-19,FAMILY,셋업,남성,1,1,1,96560
2025-10-19,FAMILY,여성,여성,2,2,2,449760
2025-10-20,FAMILY,남성,남성,3,3,5,223260
2025-10-20,FAMILY,남성,셋업,1,1,1,86160
2025-10-20,FAMILY,볼캡,패딩/슬림다운,1,1,1,95000
2025-10-20,FAMILY,패딩/슬림다운,남성,1,1,1,47790
2025-10-20,SILVER,남성,남성,1,1,1,219000
2025-10-20,SILVER,바람막이,바람막이,1,1,1,68360
2025-10-21,FAMILY,UNKNOWN,남성,1,1,1,13000
2025-10-21,FAMILY,긴바지,여성,1,1,1,119000
2025-10-21,FAMILY,남성,남성,13,13,15,800980
2025-10-21,FAMILY,남성,패딩/슬림다운,1,1,1,140140
2025-10-21,FAMILY,남성,등산화,1,1,1,117480
2025-10-21,FAMILY,남성,자켓/베스트,1,1,1,77000
2025-10-21,SILVER,남성,여성,1,1,2,404720
2025-10-21,SILVER,남성,남성,3,3,3,262450
2025-10-21,SILVER,여성,여성,1,1,2,404720
2025-10-21,SILVER,여성,남성,1,1,1,171380
2025-10-22,FAMILY,UNKNOWN,남성,1,1,1,57940
2025-10-22,FAMILY,남성,남성,5,5,6,590550
2025-10-22,FAMILY,남성,여성,3,3,3,340440
2025-10-22,FAMILY,남성,패딩/슬림다운,1,1,1,87170
2025-10-22,FAMILY,등산화,남성,1,1,1,118930
2025-10-22,FAMILY,라운드티,남성,1,1,1,115100
2025-10-22,FAMILY,라운드티,라운드티,1,1,1,33000
2025-10-22,FAMILY,바람막이,남성,1,1,2,124200
2025-10-22,FAMILY,여성,여성,1,1,1,227860
2025-10-22,FAMILY,여성,남성,2,2,2,203210
2025-10-23,FAMILY,남성,남성,7,7,8,556270
2025-10-23,FAMILY,남성,여성,1,1,2,127000
2025-10-23,FAMILY,등산화,여성,2,2,2,256530
2025-10-23,FAMILY,등산화,등산화,1,1,1,127790
2025-10-23,FAMILY,등산화,남성,1,1,1,107240
2025-10-23,FAMILY,부츠,남성,1,1,1,22190
2025-10-23,FAMILY,여성,남성,2,2,2,146090
2025-10-23,FAMILY,패딩/슬림다운,패딩/슬림다운,1,1,1,82000
2025-10-23,FAMILY,하이킹,여성,1,1,1,132300
2025-10-23,FAMILY,하이킹,남성,1,1,1,132300
2025-10-24,FAMILY,남성,남성,5,5,6,1008580
2025-10-24,FAMILY,등산화,여성,1,1,1,77000
2025-10-24,FAMILY,등산화,남성,1,1,1,41300
2025-10-24,FAMILY,인터체인지 (3 in 1),패딩/슬림다운,1,1,1,73200
2025-10-24,SILVER,맨투맨/후드티,남성,1,1,1,92400
2025-10-25,FAMILY,남성,남성,5,5,5,460310
2025-10-25,FAMILY,남성,여성,1,1,1,146300
2025-10-25,FAMILY,남성,자켓/ 베스트,1,1,1,51130
2025-10-25,FAMILY,셋업,남성,1,1,1,20000
2025-10-25,SILVER,남성,남성,1,1,3,345900
2025-10-25,SILVER,등산화,남성,1,1,3,345900
2025-10-25,SILVER,여성,남성,1,1,3,345900
2025-10-26,FAMILY,UNKNOWN,등산화,1,1,1,156160
2025-10-26,FAMILY,남성,남성,6,6,9,435360
2025-10-26,FAMILY,바람막이,남성,1,1,1,16750
2025-10-26,FAMILY,여성,여성,2,2,2,237680
2025-10-26,FAMILY,자켓/베스트,남성,1,1,1,105620
2025-10-26,FAMILY,장갑,남성,1,1,1,16750
2025-10-27,FAMILY,긴바지,셋업,1,1,1,79300
2025-10-27,FAMILY,남성,남성,8,8,10,845050
2025-10-27,FAMILY,남성,등산화,1,1,1,98130
2025-10-27,FAMILY,남성,자켓/ 베스트,2,2,2,90200
2025-10-27,FAMILY,남성,여성,1,1,1,86400
2025-10-27,FAMILY,남성,볼캡,1,1,1,45000
2025-10-27,FAMILY,바람막이,남성,1,1,1,83300
2025-10-27,FAMILY,여성,여성,2,2,2,99260
2025-10-27,FAMILY,여성,자켓/베스트,1,1,1,58600
2025-10-27,FAMILY,여성,남성,1,1,1,13000
2025-10-27,FAMILY,하이킹,남성,1,1,2,61790
2025-10-27,SILVER,남성,남성,1,1,1,632000
2025-10-28,FAMILY,긴바지,남성,1,1,4,116000
2025-10-28,FAMILY,남성,남성,8,8,9,810400
2025-10-28,FAMILY,남성,자켓/ 베스트,2,2,3,123090
2025-10-28,FAMILY,남성,UNKNOWN,1,1,1,111300
2025-10-28,FAMILY,바람막이,남성,1,1,4,116000
2025-10-28,FAMILY,반바지,남성,1,1,4,116000
2025-10-28,FAMILY,자켓/베스트,남성,1,1,1,52300
2025-10-28,FAMILY,하이킹,긴바지,1,1,1,107000
2025-10-28,SILVER,남성,남성,1,1,1,164300
2025-10-29,FAMILY,UNKNOWN,부츠,1,1,1,139770
2025-10-29,FAMILY,남성,남성,11,11,12,1071190
2025-10-29,FAMILY,남성,여성,2,2,2,91150
2025-10-29,FAMILY,남성,라운드티,1,1,1,49500
2025-10-29,FAMILY,미드/롱다운,남성,1,1,3,107500
2025-10-29,FAMILY,바람막이,남성,1,1,1,59000
2025-10-29,FAMILY,셋업,라운드티,1,1,1,49500
2025-10-29,FAMILY,셋업,여성,1,1,1,39500
2025-10-29,FAMILY,하이킹,부츠,1,1,1,139770
2025-10-29,SILVER,남성,남성,1,1,2,303600
2025-10-30,FAMILY,남성,남성,4,4,5,280730
2025-10-30,FAMILY,남성,라운드티,1,1,1,23270
2025-10-30,FAMILY,라운드티,남성,1,1,2,164300
2025-10-30,FAMILY,부츠,남성,1,1,1,129490
2025-10-30,FAMILY,셋업,남성,1,1,1,146300
2025-10-30,FAMILY,여성,남성,1,1,1,56970
2025-10-31,FAMILY,남성,남성,4,4,5,392140
2025-10-31,FAMILY,남성,맨투맨/후드티,1,1,1,47710
2025-10-31,SILVER,남성,남성,1,1,3,33580
2025-11-01,FAMILY,남성,남성,2,2,2,216660
2025-11-01,FAMILY,라운드티,맨투맨/후드티,1,1,1,57000
2025-11-01,SILVER,남성,남성,1,1,1,31150
2025-11-02,FAMILY,남성,남성,3,3,6,461460
2025-11-02,FAMILY,상의,남성,1,1,1,20000
2025-11-02,FAMILY,여성,여성,1,1,1,189200
2025-11-03,FAMILY,긴바지,셋업,1,1,2,184200
2025-11-03,FAMILY,긴바지,남성,1,1,1,26450
2025-11-03,FAMILY,남성,남성,6,6,6,384680
2025-11-03,FAMILY,바람막이,인터체인지 (3 in 1),1,1,1,385000
2025-11-03,FAMILY,셋업,셋업,1,1,2,184200
2025-11-03,FAMILY,셋업,남성,2,2,2,52800
2025-11-03,FAMILY,여성,셋업,1,1,2,184200
2025-11-03,FAMILY,여성,여성,1,1,1,114050
2025-11-03,FAMILY,여성,남성,1,1,1,26450
2025-11-03,SILVER,남성,남성,1,1,1,599000
2025-11-03,TITANIUM,남성,남성,1,1,5,220500
2025-11-04,FAMILY,긴바지,맨투맨/후드티,1,1,1,59000
2025-11-04,FAMILY,남성,남성,3,3,4,296410
2025-11-04,FAMILY,남성,맨투맨/후드티,1,1,1,59000
2025-11-04,FAMILY,라운드티,남성,1,1,1,52300
2025-11-04,FAMILY,여성,여성,1,1,2,121990
2025-11-04,FAMILY,하이킹,여성,1,1,1,146300
2025-11-04,GOLD,남성,남성,2,2,6,1328770
2025-11-04,SILVER,미드/롱다운,여성,1,1,1,329000
2025-11-05,FAMILY,남성,남성,8,8,9,947510
2025-11-05,FAMILY,남성,패딩/슬림다운,1,1,1,137200
2025-11-05,FAMILY,남성,여성,1,1,1,56820
2025-11-05,FAMILY,등산화,남성,1,1,1,20150
2025-11-05,FAMILY,여성,남성,1,1,1,60570
2025-11-05,FAMILY,자켓/베스트,패딩/슬림다운,1,1,1,137200
2025-11-05,SILVER,남성,여성,1,1,1,612380
2025-11-05,SILVER,액세서리,여성,1,1,1,612380
2025-11-05,SILVER,여성,여성,1,1,1,612380
2025-11-06,FAMILY,긴바지,남성,1,1,1,53450
2025-11-06,FAMILY,남성,남성,3,3,3,174330
2025-11-06,FAMILY,남성,여성,1,1,1,53740
2025-11-06,FAMILY,셋업,남성,1,1,1,27730
2025-11-06,FAMILY,여성,남성,1,1,1,79000
2025-11-06,FAMILY,패딩/슬림다운,남성,1,1,1,53450
2025-11-07,FAMILY,UNKNOWN,패딩/슬림다운,1,1,1,83000
2025-11-07,FAMILY,남성,남성,2,2,2,201070
2025-11-07,FAMILY,남성,여성,1,1,1,181200
2025-11-07,FAMILY,등산화,여성,1,1,1,124220
2025-11-07,FAMILY,바람막이,여성,1,1,1,181200
2025-11-07,FAMILY,볼캡,볼캡,1,1,1,45000
2025-11-07,SILVER,긴바지,남성,1,1,2,198000
2025-11-07,SILVER,남성,남성,1,1,2,198000
2025-11-07,SILVER,여성,남성,1,1,2,198000
2025-11-08,FAMILY,남성,남성,4,4,4,338300
2025-11-08,FAMILY,여성,여성,1,1,3,204220
2025-11-08,SILVER,남성,남성,1,1,2,278000
2025-11-09,FAMILY,긴바지,남성,1,1,1,161000
2025-11-09,FAMILY,남성,여성,2,2,2,220200
2025-11-09,FAMILY,남성,맨투맨/후드티,1,1,1,57530
2025-11-09,FAMILY,남성,남성,2,2,2,38520
2025-11-09,FAMILY,미드/롱다운,남성,1,1,1,17480
2025-11-09,FAMILY,셋업,셋업,1,1,1,87000
2025-11-09,FAMILY,자켓/베스트,남성,1,1,1,71720
2025-11-10,FAMILY,남성,남성,7,7,7,429370
2025-11-10,FAMILY,남성,여성,3,3,4,253300
2025-11-10,FAMILY,남성,볼캡,2,2,2,77360
2025-11-10,FAMILY,남성,장갑,1,1,1,27110
2025-11-10,FAMILY,반바지,여성,1,1,1,64500
2025-11-10,FAMILY,반바지,장갑,1,1,1,27110
2025-11-10,FAMILY,반바지,남성,1,1,1,9350
2025-11-10,SILVER,미드/롱다운,남성,1,1,1,649100
2025-11-11,FAMILY,남성,남성,4,4,4,397020
2025-11-11,FAMILY,남성,라운드티,1,1,1,20570
2025-11-11,FAMILY,여성,남성,2,2,4,50100
2025-11-11,FAMILY,폴로티/집업,남성,1,1,3,59900
2025-11-12,FAMILY,긴바지,남성,1,1,1,109200
2025-11-12,FAMILY,남성,남성,6,6,9,462620
2025-11-12,FAMILY,남성,여성,2,2,2,101570
2025-11-12,FAMILY,남성,라운드티,1,1,1,35000
2025-11-12,FAMILY,여성,남성,2,2,2,165570
2025-11-12,FAMILY,여성,자켓/베스트,1,1,1,60350
2025-11-12,SILVER,남성,여성,2,2,3,485440
2025-11-12,SILVER,남성,남성,1,1,2,94400
2025-11-12,SILVER,남성,셋업,1,1,1,81560
2025-11-12,SILVER,여성,여성,1,1,2,116440
2025-11-12,SILVER,여성,남성,1,1,2,94400
2025-11-12,SILVER,여성,셋업,1,1,1,81560
2025-11-13,FAMILY,UNKNOWN,남성,1,1,1,26010
2025-11-13,FAMILY,남성,남성,6,6,7,598550
2025-11-13,FAMILY,남성,여성,2,2,2,186850
2025-11-13,FAMILY,바람막이,남성,1,1,1,117240
2025-11-13,FAMILY,폴로티/집업,남성,1,1,2,92000
2025-11-13,SILVER,남성,남성,2,2,3,899770
2025-11-14,FAMILY,남성,남성,6,6,12,937320
2025-11-14,FAMILY,볼캡,남성,1,1,2,148000
2025-11-14,FAMILY,장갑,남성,1,1,2,148000
2025-11-14,SILVER,남성,남성,1,1,1,331900
2025-11-15,FAMILY,긴바지,남성,1,1,1,54000
2025-11-15,FAMILY,남성,여성,1,1,1,198020
2025-11-15,FAMILY,남성,남성,3,3,3,139270
2025-11-15,FAMILY,맨투맨/후드티,남성,1,1,1,20000
2025-11-15,FAMILY,미드/롱다운,여성,1,1,1,198020
2025-11-15,FAMILY,미드/롱다운,남성,1,1,1,108410
2025-11-15,FAMILY,반바지,남성,1,1,1,25000
2025-11-15,FAMILY,셋업,남성,1,1,1,107280
2025-11-15,SILVER,남성,미드/롱다운,1,1,1,284030
2025-11-15,SILVER,남성,남성,1,1,1,19790
2025-11-15,SILVER,미드/롱다운,미드/롱다운,1,1,1,284030
2025-11-15,SILVER,미드/롱다운,남성,1,1,1,19790
2025-11-16,FAMILY,남성,남성,5,5,5,458490
2025-11-16,FAMILY,맨투맨/후드티,남성,1,1,1,59000
2025-11-16,FAMILY,셋업,남성,1,1,1,59000
2025-11-16,FAMILY,액세서리,남성,1,1,1,57510
2025-11-16,SILVER,여성,여성,1,1,1,304290
2025-11-17,FAMILY,긴바지,남성,1,1,2,64600
2025-11-17,FAMILY,남성,남성,4,4,6,453640
2025-11-17,FAMILY,남성,맨투맨/후드티,1,1,1,59000
2025-11-17,FAMILY,미드/롱다운,볼캡,1,1,1,45000
2025-11-17,FAMILY,여성,여성,2,2,2,190050
2025-11-17,SILVER,액세서리,여성,1,1,1,589000
2025-11-17,SILVER,하이킹,여성,1,1,1,589000
2025-11-18,FAMILY,남성,남성,7,7,11,876860
2025-11-18,FAMILY,남성,여성,1,1,1,26580
2025-11-18,FAMILY,남성,크로스/토트백,1,1,1,25000
2025-11-18,FAMILY,라운드티,남성,1,1,2,129700
2025-11-18,FAMILY,인터체인지 (3 in 1),여성,1,1,1,42000
2025-11-19,FAMILY,가방,남성,1,1,1,119200
2025-11-19,FAMILY,남성,남성,5,5,7,276650
2025-11-19,FAMILY,남성,여성,1,1,1,238900
2025-11-19,FAMILY,남성,긴바지,1,1,1,89120
2025-11-19,FAMILY,남성,셋업,1,1,1,87960
2025-11-19,FAMILY,라운드티,긴바지,1,1,1,89120
2025-11-20,FAMILY,남성,남성,6,6,7,732030
2025-11-20,SILVER,남성,남성,2,2,2,153630
2025-11-20,SILVER,남성,여성,1,1,1,124140
2025-11-20,SILVER,미드/롱다운,여성,1,1,1,599000
2025-11-20,SILVER,여성,여성,1,1,1,124140
2025-11-20,SILVER,여성,남성,1,1,1,124130
2025-11-21,FAMILY,긴바지,남성,1,1,1,107400
2025-11-21,FAMILY,남성,남성,12,12,12,953830
2025-11-21,FAMILY,남성,여성,2,2,2,252000
2025-11-21,FAMILY,남성,맨투맨/후드티,6,6,6,245090
2025-11-21,FAMILY,라운드티,여성,1,1,1,203400
2025-11-21,FAMILY,미드/롱다운,남성,1,1,1,479200
2025-11-21,FAMILY,부츠,남성,1,1,1,129000
2025-11-21,FAMILY,여성,남성,2,2,2,290930
2025-11-21,FAMILY,여성,맨투맨/후드티,1,1,1,49000
2025-11-21,FAMILY,여성,장갑,1,1,1,27540
2025-11-21,FAMILY,카고/조거,남성,1,1,1,47500
2025-11-21,SILVER,남성,남성,3,3,3,284745
2025-11-21,SILVER,남성,맨투맨/후드티,2,2,3,130800
2025-11-21,SILVER,남성,장갑,1,1,1,59000
2025-11-21,SILVER,여성,여성,1,1,1,224140
2025-11-22,FAMILY,남성,남성,7,7,7,543490
2025-11-22,FAMILY,남성,셋업,2,2,2,121150
2025-11-22,FAMILY,남성,여성,1,1,1,111200
2025-11-22,FAMILY,라운드티,남성,1,1,1,79100
2025-11-22,FAMILY,미드/롱다운,남성,1,1,1,34750
2025-11-22,FAMILY,볼캡,남성,1,1,1,6500
2025-11-22,FAMILY,여성,남성,3,3,3,479880
2025-11-22,FAMILY,여성,여성,1,1,1,119000
2025-11-22,GOLD,남성,남성,1,1,5,537000
2025-11-23,FAMILY,긴바지,남성,1,1,1,89400
2025-11-23,FAMILY,남성,남성,15,15,23,1464370
2025-11-23,FAMILY,남성,패딩/슬림다운,1,1,1,86780
2025-11-23,FAMILY,남성,자켓/베스트,1,1,1,68610
2025-11-23,FAMILY,남성,긴바지,1,1,1,41170
2025-11-23,FAMILY,남성,볼캡,1,1,1,35000
2025-11-23,FAMILY,남성,셋업,1,1,1,33060
2025-11-23,FAMILY,남성,라운드티,1,1,1,27560
2025-11-23,FAMILY,등산화,남성,1,1,1,48260
2025-11-23,FAMILY,부츠,남성,1,1,1,50850
2025-11-23,FAMILY,셋업,남성,1,1,1,142100
2025-11-23,FAMILY,여성,여성,2,2,2,183070
2025-11-23,FAMILY,여성,남성,2,2,2,158640
2025-11-23,FAMILY,여성,상의,1,1,1,48880
2025-11-23,FAMILY,폴로티/집업,남성,1,1,1,69000
2025-11-23,SILVER,남성,남성,1,1,1,118300
2025-11-23,SILVER,맨투맨/후드티,남성,1,1,1,489300
2025-11-23,SILVER,여성,여성,1,1,1,26600
2025-11-24,FAMILY,UNKNOWN,남성,1,1,2,167050
2025-11-24,FAMILY,남성,남성,12,12,15,804370
2025-11-24,FAMILY,남성,자켓/베스트,1,1,1,87380
2025-11-24,FAMILY,남성,긴바지,2,2,2,46310
2025-11-24,FAMILY,남성,여성,1,1,1,33210
2025-11-24,FAMILY,남성,셋업,1,1,1,31000
2025-11-24,FAMILY,맨투맨/후드티,여성,1,1,1,35000
2025-11-24,FAMILY,상의,남성,1,1,1,186100
2025-11-24,FAMILY,셋업,남성,1,1,1,34000
2025-11-24,FAMILY,셋업,셋업,1,1,1,27900
2025-11-24,FAMILY,트레일러닝,남성,1,1,1,139300
2025-11-24,SILVER,남성,여성,1,1,1,224410
2025-11-24,SILVER,남성,남성,1,1,2,198940
2025-11-24,SILVER,셋업,여성,1,1,1,224410
2025-11-24,SILVER,셋업,남성,1,1,2,198940
2025-11-25,FAMILY,남성,남성,16,16,20,1235080
2025-11-25,FAMILY,남성,바람막이,1,1,1,90300
2025-11-25,FAMILY,남성,긴바지,2,2,2,85790
2025-11-25,FAMILY,남성,셋업,2,2,2,74610
2025-11-25,FAMILY,남성,여성,2,2,2,54770
2025-11-25,FAMILY,남성,자켓/베스트,1,1,1,49220
2025-11-25,FAMILY,남성,장갑,1,1,1,17660
2025-11-25,FAMILY,라운드티,남성,1,1,2,37060
2025-11-25,FAMILY,맨투맨/후드티,남성,2,2,2,112650
2025-11-25,FAMILY,셋업,남성,4,4,4,256710
2025-11-25,FAMILY,여성,남성,2,2,2,126110
2025-11-25,FAMILY,여성,여성,1,1,1,65500
2025-11-25,FAMILY,여성,셋업,1,1,1,64650
2025-11-25,FAMILY,여성,장갑,1,1,1,17660
2025-11-25,FAMILY,자켓/베스트,여성,1,1,1,89000
2025-11-25,FAMILY,자켓/베스트,남성,1,1,1,20000
2025-11-25,SILVER,남성,남성,2,2,2,500910
2025-11-25,SILVER,미드/롱다운,남성,1,1,1,639060
2025-11-25,SILVER,여성,라운드티,1,1,1,36170
2025-11-26,FAMILY,남성,남성,8,8,9,785570
2025-11-26,FAMILY,남성,여성,2,2,3,531255
2025-11-26,FAMILY,남성,셋업,2,2,2,181330
2025-11-26,FAMILY,남성,등산화,1,1,1,104700
2025-11-26,FAMILY,남성,맨투맨/후드티,1,1,1,59000
2025-11-26,FAMILY,등산화,셋업,1,1,1,28570
2025-11-26,FAMILY,여성,여성,1,1,2,371300
2025-11-26,FAMILY,자켓/ 베스트,남성,1,1,1,284100
2025-11-26,FAMILY,패딩/슬림다운,긴바지,1,1,1,31300
2025-11-26,SILVER,남성,남성,3,3,6,394130
2025-11-26,SILVER,남성,여성,2,2,2,170930
2025-11-26,SILVER,여성,여성,1,1,1,108760
2025-11-26,SILVER,여성,남성,1,1,3,106930
2025-11-27,FAMILY,남성,남성,16,16,18,1124800
2025-11-27,FAMILY,남성,여성,3,3,3,329060
2025-11-27,FAMILY,남성,맨투맨/후드티,1,1,1,59000
2025-11-27,FAMILY,남성,상의,1,1,1,42150
2025-11-27,FAMILY,남성,볼캡,1,1,1,17000
2025-11-27,FAMILY,맨투맨/후드티,자켓/ 베스트,1,1,1,79750
2025-11-27,FAMILY,바람막이,여성,1,1,1,225160
2025-11-27,FAMILY,볼캡,남성,1,1,1,334260
2025-11-27,FAMILY,여성,남성,2,2,3,166790
2025-11-27,FAMILY,여성,여성,1,1,1,77000
2025-11-27,FAMILY,여성,상의,1,1,1,43880
2025-11-27,FAMILY,자켓/베스트,여성,1,1,1,141560
2025-11-27,FAMILY,자켓/베스트,남성,1,1,1,46460
2025-11-27,GOLD,남성,남성,2,2,23,1716310
2025-11-27,GOLD,볼캡,남성,1,1,2,302400
2025-11-27,SILVER,가방,남성,1,1,2,240830
2025-11-27,SILVER,가방,여성,1,1,1,77000
2025-11-27,SILVER,남성,남성,2,2,4,213170
2025-11-27,SILVER,남성,셋업,1,1,1,109620
2025-11-27,SILVER,남성,여성,1,1,1,24110
2025-11-27,SILVER,미드/롱다운,남성,1,1,3,643600
2025-11-27,SILVER,여성,남성,2,2,4,751570
2025-11-27,SILVER,여성,셋업,1,1,1,109620
2025-11-28,FAMILY,긴바지,남성,1,1,1,89400
2025-11-28,FAMILY,남성,여성,1,1,1,126590
2025-11-28,FAMILY,남성,긴바지,2,2,2,80200
2025-11-28,FAMILY,남성,볼캡,1,1,1,37000
2025-11-28,FAMILY,남성,남성,2,2,2,29580
2025-11-28,FAMILY,남성,장갑,1,1,1,24550
2025-11-28,FAMILY,등산화,남성,1,1,1,159170
2025-11-28,FAMILY,반바지,여성,1,1,2,175100
2025-11-28,FAMILY,상의,남성,1,1,2,40000
2025-11-28,FAMILY,여성,여성,2,2,2,273130
2025-11-28,FAMILY,여성,남성,1,1,2,40000
2025-11-28,FAMILY,인터체인지 (3 in 1),남성,1,1,4,443700
2025-11-28,FAMILY,인터체인지 (3 in 1),긴바지,1,1,1,47000
2025-11-28,FAMILY,패딩/슬림다운,남성,1,1,1,77400
2025-11-28,FAMILY,폴로티/집업,남성,1,1,1,77400
2025-11-28,SILVER,남성,남성,3,3,3,455620
2025-11-29,FAMILY,긴바지,긴바지,1,1,1,107000
2025-11-29,FAMILY,남성,남성,11,11,11,927590
2025-11-29,FAMILY,남성,자켓/ 베스트,1,1,1,80000
2025-11-29,FAMILY,남성,볼캡,1,1,1,35000
2025-11-29,FAMILY,여성,남성,1,1,1,205660
2025-11-29,SILVER,남성,남성,3,3,3,1140960
2025-11-30,FAMILY,UNKNOWN,자켓/ 베스트,1,1,1,40000
2025-11-30,FAMILY,가방,자켓/ 베스트,1,1,1,31000
2025-11-30,FAMILY,가방,남성,1,1,2,29000
2025-11-30,FAMILY,긴바지,남성,1,1,1,64200
2025-11-30,FAMILY,남성,남성,25,25,39,2606080
2025-11-30,FAMILY,남성,다운/ 패딩,4,4,4,459560
2025-11-30,FAMILY,남성,여성,4,4,4,366330
2025-11-30,FAMILY,남성,등산화,1,1,1,127200
2025-11-30,FAMILY,남성,맨투맨/후드티,2,2,2,114910
2025-11-30,FAMILY,남성,자켓/ 베스트,1,1,1,104540
2025-11-30,FAMILY,남성,패딩/슬림다운,1,1,1,84340
2025-11-30,FAMILY,남성,긴바지,2,2,2,75990
2025-11-30,FAMILY,남성,라운드티,2,2,2,46670
2025-11-30,FAMILY,남성,셋업,1,1,1,22620
2025-11-30,FAMILY,라운드티,라운드티,2,2,2,46900
2025-11-30,FAMILY,맨투맨/후드티,다운/ 패딩,1,1,1,97000
2025-11-30,FAMILY,바람막이,남성,1,1,3,103250
2025-11-30,FAMILY,바람막이,볼캡,1,1,1,21850
2025-11-30,FAMILY,볼캡,남성,1,1,2,36270
2025-11-30,FAMILY,부츠,남성,1,1,1,50180
2025-11-30,FAMILY,상의,남성,1,1,1,64200
2025-11-30,FAMILY,셋업,남성,1,1,2,36270
2025-11-30,FAMILY,셋업,라운드티,1,1,1,29000
2025-11-30,FAMILY,여성,남성,4,4,6,230250
2025-11-30,FAMILY,여성,여성,2,2,2,126540
2025-11-30,FAMILY,여성,셋업,1,1,1,77710
2025-11-30,FAMILY,자켓/베스트,남성,1,1,1,53300
2025-11-30,FAMILY,폴로/집업티,남성,1,1,1,72990
2025-11-30,SILVER,남성,남성,2,2,2,162535
2025-11-30,SILVER,남성,다운/ 패딩,1,1,1,99640
2025-12-01,FAMILY,남성,남성,9,9,9,469230
2025-12-01,FAMILY,남성,셋업,2,2,2,174240
2025-12-01,FAMILY,남성,자켓/ 베스트,1,1,1,40000
2025-12-01,FAMILY,남성,긴바지,1,1,1,38190
2025-12-01,FAMILY,여성,여성,1,1,1,297840
2025-12-01,FAMILY,여성,남성,1,1,1,22980
2025-12-01,FAMILY,자켓/베스트,셋업,1,1,1,89000
2025-12-02,FAMILY,긴바지,남성,2,2,2,388000
2025-12-02,FAMILY,남성,미드/롱다운,1,1,1,287000
2025-12-02,FAMILY,남성,남성,5,5,5,270800
2025-12-02,FAMILY,남성,다운/ 패딩,1,1,1,159800
2025-12-02,FAMILY,셋업,남성,1,1,1,169000
2025-12-02,FAMILY,여성,남성,1,1,1,178470
2025-12-02,SILVER,남성,남성,1,1,2,858000
2025-12-03,FAMILY,남성,남성,12,12,19,1824840
2025-12-03,FAMILY,남성,여성,2,2,2,140910
2025-12-03,FAMILY,남성,셋업,1,1,1,89000
2025-12-03,FAMILY,남성,긴바지,1,1,1,28420
2025-12-03,FAMILY,라운드티,남성,1,1,3,112800
2025-12-03,FAMILY,라운드티,여성,1,1,1,61800
2025-12-03,FAMILY,셋업,남성,3,3,3,120980
2025-12-03,FAMILY,스니커즈,남성,1,1,2,8600
2025-12-03,FAMILY,여성,남성,2,2,2,208110
2025-12-03,FAMILY,여성,다운/ 패딩,1,1,1,159800
2025-12-03,FAMILY,여성,여성,2,2,2,140910
2025-12-03,FAMILY,장갑,남성,1,1,3,157700
2025-12-03,SILVER,남성,남성,3,3,9,482970
2025-12-03,SILVER,남성,여성,1,1,2,257430
2025-12-03,SILVER,남성,크로스/토트백,1,1,1,35000
2025-12-03,SILVER,부츠,남성,1,1,5,325970
2025-12-03,SILVER,부츠,여성,1,1,2,257430
2025-12-04,FAMILY,긴바지,남성,1,1,2,268400
2025-12-04,FAMILY,남성,남성,19,19,22,1548560
2025-12-04,FAMILY,남성,셋업,1,1,1,148610
2025-12-04,FAMILY,남성,상의,1,1,1,59500
2025-12-04,FAMILY,남성,맨투맨/후드티,1,1,1,54000
2025-12-04,FAMILY,남성,자켓/ 베스트,1,1,1,48320
2025-12-04,FAMILY,남성,긴바지,1,1,1,44800
2025-12-04,FAMILY,남성,볼캡,1,1,1,39550
2025-12-04,FAMILY,다운/ 패딩,남성,1,1,1,66600
2025-12-04,FAMILY,셋업,남성,2,2,3,149210
2025-12-04,FAMILY,여성,남성,1,1,1,164590
2025-12-04,SILVER,남성,남성,1,1,3,393050
2025-12-04,SILVER,셋업,셋업,1,1,2,176980
2025-12-04,SILVER,셋업,여성,1,1,2,157020
2025-12-04,SILVER,여성,셋업,1,1,2,176980
2025-12-04,SILVER,여성,여성,1,1,2,157020
2025-12-05,FAMILY,UNKNOWN,남성,1,1,1,126090
2025-12-05,FAMILY,남성,남성,16,16,24,1605240
2025-12-05,FAMILY,남성,장갑,1,1,1,56090
2025-12-05,FAMILY,등산화,여성,1,1,1,179200
2025-12-05,FAMILY,등산화,남성,1,1,4,106000
2025-12-05,FAMILY,맨투맨/후드티,남성,2,2,2,70700
2025-12-05,FAMILY,반바지,남성,1,1,2,366400
2025-12-05,FAMILY,볼캡,남성,1,1,1,173200
2025-12-05,FAMILY,셋업,남성,2,2,3,481500
2025-12-05,FAMILY,여성,남성,2,2,2,299100
2025-12-05,SILVER,긴바지,남성,1,1,1,89400
2025-12-05,SILVER,남성,남성,1,1,1,147630
2025-12-05,SILVER,라운드티,남성,1,1,1,89400
2025-12-06,FAMILY,긴바지,남성,1,1,1,64000
2025-12-06,FAMILY,남성,남성,5,5,8,349150
2025-12-06,FAMILY,남성,여성,1,1,1,187990
2025-12-06,FAMILY,다운/ 패딩,남성,1,1,1,47200
2025-12-06,FAMILY,등산화,여성,1,1,1,187990
2025-12-06,FAMILY,미드/롱다운,남성,1,1,1,39680
2025-12-06,FAMILY,반바지,여성,1,1,1,48540
2025-12-06,FAMILY,셋업,여성,1,1,1,48540
2025-12-06,FAMILY,여성,남성,1,1,2,179650
2025-12-06,SILVER,남성,남성,1,1,1,559000
2025-12-07,FAMILY,긴바지,패딩/슬림다운,1,1,1,89000
2025-12-07,FAMILY,남성,남성,7,7,9,482990
2025-12-07,FAMILY,남성,셋업,1,1,1,155700
2025-12-07,FAMILY,남성,여성,1,1,2,118280
2025-12-07,FAMILY,남성,패딩/슬림다운,1,1,1,89000
2025-12-07,FAMILY,남성,장갑,2,2,2,56020
2025-12-07,FAMILY,셋업,남성,1,1,1,76400
2025-12-07,SILVER,남성,남성,1,1,1,52480
2025-12-07,SILVER,남성,맨투맨/후드티,1,1,1,34790
2025-12-08,FAMILY,남성,남성,11,11,17,971930
2025-12-08,FAMILY,남성,여성,2,2,2,137070
2025-12-08,FAMILY,여성,남성,1,1,1,40000
2025-12-08,SILVER,남성,남성,1,1,1,484080
2025-12-08,SILVER,셋업,남성,1,1,4,532800
2025-12-09,FAMILY,남성,남성,8,8,9,827920
2025-12-09,FAMILY,미드/롱다운,남성,1,1,3,126730
2025-12-09,FAMILY,셋업,부츠,1,1,1,148500
2025-12-09,FAMILY,셋업,셋업,1,1,1,126260
2025-12-09,FAMILY,여성,여성,1,1,2,189990
2025-12-09,FAMILY,여성,부츠,1,1,1,148500
2025-12-09,FAMILY,여성,셋업,1,1,1,126260
2025-12-09,FAMILY,여성,남성,2,2,2,121150
2025-12-09,GOLD,남성,남성,1,1,2,90660
2025-12-09,GOLD,남성,셋업,1,1,1,83510
2025-12-09,GOLD,남성,라운드티,1,1,1,32850
2025-12-09,GOLD,장갑,남성,1,1,2,90660
2025-12-09,GOLD,장갑,셋업,1,1,1,83510
2025-12-09,GOLD,장갑,라운드티,1,1,1,32850
2025-12-09,TITANIUM,남성,남성,1,1,5,695000
2025-12-09,TITANIUM,셋업,남성,1,1,5,695000
2025-12-09,TITANIUM,카고/조거,남성,1,1,5,695000
2025-12-10,FAMILY,남성,남성,3,3,4,408150
2025-12-10,FAMILY,남성,긴바지,1,1,1,45880
2025-12-10,FAMILY,셋업,남성,1,1,1,31000
2025-12-10,FAMILY,여성,남성,1,1,5,43510
2025-12-10,FAMILY,폴로티/집업,긴바지,1,1,1,45880
2025-12-10,SILVER,남성,남성,1,1,8,232000
2025-12-11,FAMILY,남성,남성,8,8,10,607040
2025-12-11,FAMILY,남성,다운/ 패딩,1,1,1,156410
2025-12-11,FAMILY,남성,패딩/슬림다운,1,1,1,81000
2025-12-11,FAMILY,남성,여성,1,1,1,48880
2025-12-11,FAMILY,남성,라운드티,1,1,1,20510
2025-12-11,FAMILY,라운드티,긴바지,1,1,1,47000
2025-12-11,FAMILY,셋업,남성,1,1,1,199000
2025-12-11,FAMILY,셋업,맨투맨/후드티,1,1,1,46410
2025-12-11,FAMILY,액세서리,맨투맨/후드티,1,1,1,46410
2025-12-11,FAMILY,여성,남성,2,2,2,156620
2025-12-11,FAMILY,여성,여성,1,1,1,40510
2025-12-11,SILVER,남성,남성,3,3,4,1014000
2025-12-12,FAMILY,남성,남성,11,11,14,1745030
2025-12-12,FAMILY,남성,여성,1,1,1,70970
2025-12-12,FAMILY,여성,남성,3,3,3,240440
2025-12-12,FAMILY,자켓/ 베스트,남성,1,1,1,93800
2025-12-12,FAMILY,하이킹,볼캡,1,1,1,18000
2025-12-12,GOLD,UNKNOWN,남성,1,1,3,1560100
2025-12-12,GOLD,남성,남성,1,1,3,1560100
2025-12-12,GOLD,부츠,남성,1,1,3,1560100
2025-12-12,SILVER,UNKNOWN,남성,1,1,1,285530
2025-12-12,SILVER,남성,남성,5,5,13,1058350
2025-12-12,SILVER,남성,여성,2,2,4,701570
2025-12-12,SILVER,여성,여성,1,1,3,229200
2025-12-12,SILVER,여성,남성,2,2,9,212600
2025-12-12,SILVER,장갑,여성,1,1,3,229200
2025-12-12,SILVER,장갑,남성,1,1,7,171000
2025-12-13,FAMILY,UNKNOWN,여성,1,1,1,208550
2025-12-13,FAMILY,남성,여성,2,2,2,260100
2025-12-13,FAMILY,남성,남성,4,4,5,184030
2025-12-13,FAMILY,남성,등산화,1,1,1,111300
2025-12-13,FAMILY,라운드티,남성,2,2,2,212000
2025-12-13,FAMILY,부츠,남성,1,1,1,167200
2025-12-13,FAMILY,상의,남성,1,1,1,59000
2025-12-13,SILVER,남성,남성,1,1,2,272870
2025-12-13,SILVER,라운드티,남성,1,1,3,537000
2025-12-13,SILVER,여성,남성,1,1,2,272870
2025-12-14,FAMILY,UNKNOWN,여성,1,1,1,184360
2025-12-14,FAMILY,UNKNOWN,라운드티,1,1,1,33710
2025-12-14,FAMILY,UNKNOWN,남성,1,1,1,6740
2025-12-14,FAMILY,남성,남성,11,11,13,763730
2025-12-14,FAMILY,남성,여성,2,2,2,478660
2025-12-14,FAMILY,남성,라운드티,1,1,1,33710
2025-12-14,FAMILY,등산화,등산화,1,1,1,132300
2025-12-14,FAMILY,라운드티,라운드티,1,1,1,35000
2025-12-14,FAMILY,여성,여성,1,1,1,294300
2025-12-14,SILVER,남성,남성,2,2,4,804560
2025-12-14,SILVER,남성,셋업,1,1,1,134530
2025-12-14,SILVER,남성,맨투맨/후드티,1,1,1,24500
2025-12-15,FAMILY,UNKNOWN,긴바지,1,1,1,33940
2025-12-15,FAMILY,UNKNOWN,셋업,1,1,1,30060
2025-12-15,FAMILY,긴바지,남성,1,1,1,181100
2025-12-15,FAMILY,남성,남성,18,18,24,1452070
2025-12-15,FAMILY,남성,맨투맨/후드티,5,5,5,242240
2025-12-15,FAMILY,남성,셋업,3,3,3,146830
2025-12-15,FAMILY,남성,여성,1,1,1,123220
2025-12-15,FAMILY,남성,자켓/ 베스트,2,2,2,79570
2025-12-15,FAMILY,남성,긴바지,2,2,2,57120
2025-12-15,FAMILY,남성,장갑,1,1,1,48920
2025-12-15,FAMILY,남성,UNKNOWN,1,1,1,31800
2025-12-15,FAMILY,라운드티,상의,1,1,1,37000
2025-12-15,FAMILY,셋업,셋업,2,2,3,190000
2025-12-15,FAMILY,셋업,남성,1,1,1,49500
2025-12-15,FAMILY,액세서리,남성,1,1,1,40000
2025-12-15,FAMILY,액세서리,장갑,1,1,1,29000
2025-12-15,FAMILY,여성,남성,4,4,6,206090
2025-12-15,FAMILY,여성,UNKNOWN,1,1,1,31800
2025-12-15,SILVER,남성,남성,1,1,1,169360
2025-12-16,FAMILY,긴바지,자켓/ 베스트,1,1,1,38000
2025-12-16,FAMILY,남성,남성,5,5,5,198700
2025-12-16,FAMILY,남성,맨투맨/후드티,1,1,1,47000
2025-12-16,FAMILY,라운드티,여성,1,1,1,94000
2025-12-16,FAMILY,부츠,남성,1,1,1,114220
2025-12-16,FAMILY,여성,여성,2,2,2,161520
2025-12-16,FAMILY,여성,남성,2,2,2,133680
2025-12-16,FAMILY,여성,상의,1,1,1,47670
2025-12-16,FAMILY,자켓/ 베스트,여성,1,1,1,106500
2025-12-16,SILVER,긴바지,남성,1,1,1,299000
2025-12-16,SILVER,남성,남성,1,1,2,286400
2025-12-16,SILVER,남성,미드/롱다운,1,1,1,155030
2025-12-16,SILVER,남성,상의,1,1,1,46320
2025-12-16,SILVER,남성,맨투맨/후드티,1,1,1,46320
2025-12-17,FAMILY,UNKNOWN,남성,1,1,1,76600
2025-12-17,FAMILY,가방,셋업,1,1,1,31000
2025-12-17,FAMILY,긴바지,바람막이,1,1,1,124000
2025-12-17,FAMILY,긴바지,남성,1,1,1,62000
2025-12-17,FAMILY,긴바지,볼캡,1,1,1,37000
2025-12-17,FAMILY,남성,남성,6,6,9,717900
2025-12-17,FAMILY,남성,여성,1,1,1,187730
2025-12-17,FAMILY,남성,셋업,2,2,2,63630
2025-12-17,FAMILY,남성,장갑,1,1,1,50340
2025-12-17,FAMILY,남성,UNKNOWN,1,1,1,39180
2025-12-17,FAMILY,남성,볼캡,1,1,1,25040
2025-12-17,FAMILY,등산화,등산화,1,1,1,114070
2025-12-17,FAMILY,미드/롱다운,미드/롱다운,1,1,2,324000
2025-12-17,FAMILY,반바지,남성,1,1,2,173160
2025-12-17,FAMILY,부츠,남성,1,1,1,239000
2025-12-17,FAMILY,여성,여성,1,1,2,156300
2025-12-17,FAMILY,여성,남성,1,1,1,115240
2025-12-17,FAMILY,여성,라운드티,1,1,1,35000
2025-12-17,FAMILY,크로스/토트백,여성,1,1,1,187730
2025-12-17,SILVER,남성,남성,2,2,4,575800
2025-12-17,SILVER,여성,남성,1,1,2,77800
2025-12-18,FAMILY,남성,남성,7,7,7,512210
2025-12-18,FAMILY,남성,미드/롱다운,1,1,1,161220
2025-12-18,FAMILY,남성,바람막이,1,1,1,129000
2025-12-18,FAMILY,남성,여성,2,2,2,110950
2025-12-18,FAMILY,남성,폴로티/집업,1,1,1,59000
2025-12-18,FAMILY,남성,장갑,1,1,1,42010
2025-12-18,FAMILY,남성,셋업,1,1,1,26770
2025-12-18,FAMILY,남성,볼캡,1,1,1,13650
2025-12-18,FAMILY,등산화,여성,1,1,2,194650
2025-12-18,FAMILY,등산화,라운드티,1,1,1,33510
2025-12-18,FAMILY,라운드티,여성,1,1,2,194650
2025-12-18,FAMILY,라운드티,라운드티,1,1,1,33510
2025-12-18,FAMILY,미드/롱다운,남성,1,1,1,48650
2025-12-18,FAMILY,미드/롱다운,라운드티,1,1,1,17500
2025-12-18,FAMILY,방수자켓,남성,1,1,1,29000
2025-12-18,FAMILY,셋업,긴바지,1,1,1,25000
2025-12-18,FAMILY,여성,여성,1,1,2,194650
2025-12-18,FAMILY,여성,남성,1,1,1,82770
2025-12-18,FAMILY,여성,라운드티,1,1,1,33510
2025-12-18,FAMILY,자켓/ 베스트,남성,1,1,1,97300
2025-12-18,FAMILY,자켓/ 베스트,맨투맨/후드티,1,1,1,49000
2025-12-18,FAMILY,하이킹,남성,1,1,1,97400
2025-12-18,SILVER,남성,자켓/베스트,1,1,3,252000
2025-12-18,SILVER,남성,여성,1,1,1,229340
2025-12-18,SILVER,남성,셋업,1,1,1,106770
2025-12-19,FAMILY,남성,남성,8,8,8,1021150
2025-12-19,FAMILY,남성,셋업,1,1,1,25610
2025-12-19,FAMILY,여성,여성,1,1,1,60320
2025-12-19,FAMILY,여성,남성,1,1,1,15500
2025-12-19,FAMILY,하이킹,남성,1,1,1,69000
2025-12-19,GOLD,남성,남성,1,1,1,239000
2025-12-19,SILVER,UNKNOWN,남성,1,1,1,335200
2025-12-19,SILVER,남성,남성,1,1,1,335200
2025-12-19,SILVER,남성,여성,1,1,1,287130
2025-12-19,SILVER,등산화,남성,1,1,1,335200
2025-12-20,FAMILY,긴바지,남성,1,1,2,116810
2025-12-20,FAMILY,긴바지,여성,1,1,1,89000
2025-12-20,FAMILY,긴바지,긴바지,1,1,1,34890
2025-12-20,FAMILY,남성,남성,2,2,2,154770
2025-12-20,FAMILY,남성,자켓/ 베스트,1,1,1,40000
2025-12-20,FAMILY,남성,긴바지,1,1,1,29070
2025-12-20,FAMILY,여성,남성,1,1,2,116810
2025-12-20,FAMILY,여성,긴바지,1,1,1,34890
2025-12-20,FAMILY,자켓/ 베스트,남성,1,1,2,116810
2025-12-20,FAMILY,자켓/ 베스트,긴바지,1,1,1,34890
2025-12-20,FAMILY,자켓/베스트,자켓/베스트,1,1,1,57000
2025-12-20,SILVER,남성,남성,1,1,1,310280
2025-12-21,FAMILY,UNKNOWN,남성,1,1,1,79200
2025-12-21,FAMILY,가방,자켓/ 베스트,1,1,1,40000
2025-12-21,FAMILY,긴바지,남성,2,2,2,113000
2025-12-21,FAMILY,남성,남성,13,13,18,981230
2025-12-21,FAMILY,남성,여성,3,3,3,564440
2025-12-21,FAMILY,남성,부츠,1,1,1,109200
2025-12-21,FAMILY,남성,볼캡,2,2,2,61200
2025-12-21,FAMILY,다운/ 패딩,남성,1,1,2,88100
2025-12-21,FAMILY,다운/ 패딩,자켓/베스트,1,1,1,59000
2025-12-21,FAMILY,다운/ 패딩,맨투맨/후드티,1,1,1,49000
2025-12-21,FAMILY,상의,여성,1,1,1,84000
2025-12-22,FAMILY,남성,남성,14,14,19,1314450
2025-12-22,FAMILY,남성,여성,1,1,2,117600
2025-12-22,FAMILY,남성,셔츠,1,1,1,60970
2025-12-22,FAMILY,남성,긴바지,1,1,1,20770
2025-12-22,FAMILY,다운/ 패딩,남성,1,1,1,62100
2025-12-22,FAMILY,여성,남성,1,1,1,60630
2025-12-22,FAMILY,여성,여성,1,1,1,14820
2025-12-22,SILVER,남성,여성,1,1,2,114480
2025-12-23,FAMILY,남성,남성,12,12,15,850200
2025-12-23,FAMILY,남성,셋업,1,1,1,64730
2025-12-23,FAMILY,맨투맨/후드티,남성,1,1,1,69000
2025-12-23,FAMILY,바람막이,다운/ 패딩,1,1,1,166800
2025-12-23,FAMILY,반바지,남성,1,1,1,159200
2025-12-23,FAMILY,반바지,자켓/ 베스트,1,1,1,40000
2025-12-23,FAMILY,셋업,부츠,1,1,1,83000
2025-12-23,FAMILY,셋업,셋업,1,1,2,62000
2025-12-23,FAMILY,셋업,남성,1,1,1,5000
2025-12-23,FAMILY,여성,남성,3,3,3,122500
2025-12-23,FAMILY,여성,여성,1,1,1,50000
2025-12-23,FAMILY,자켓/ 베스트,남성,1,1,1,40000
2025-12-23,FAMILY,자켓/베스트,남성,1,1,1,62000
2025-12-23,FAMILY,자켓/베스트,여성,1,1,1,30790
2025-12-23,SILVER,남성,남성,2,2,6,349570
2025-12-23,SILVER,남성,다운/ 패딩,1,1,1,164000
2025-12-23,SILVER,남성,자켓/베스트,1,1,1,82490
2025-12-23,SILVER,맨투맨/후드티,남성,1,1,2,259370
2025-12-23,SILVER,맨투맨/후드티,다운/ 패딩,1,1,1,164000
2025-12-23,SILVER,맨투맨/후드티,자켓/베스트,1,1,1,82490
2025-12-24,FAMILY,남성,남성,8,8,9,746510
2025-12-24,FAMILY,남성,여성,2,2,3,250050
2025-12-24,FAMILY,남성,라운드티,1,1,2,69680
2025-12-24,FAMILY,남성,자켓/ 베스트,1,1,1,32480
2025-12-24,FAMILY,남성,볼캡,1,1,1,30070
2025-12-24,FAMILY,라운드티,남성,1,1,1,31200
2025-12-24,FAMILY,여성,남성,1,1,1,74770
2025-12-24,FAMILY,여성,라운드티,1,1,1,33000
2025-12-24,FAMILY,여성,장갑,1,1,1,25670
2025-12-24,FAMILY,자켓/베스트,여성,1,1,1,71100
2025-12-24,SILVER,남성,남성,3,3,5,546370
2025-12-25,FAMILY,남성,남성,5,5,8,528720
2025-12-25,FAMILY,남성,여성,2,2,2,199390
2025-12-25,FAMILY,다운/ 패딩,남성,1,1,2,42300
2025-12-25,FAMILY,미드/롱다운,남성,1,1,1,32430
2025-12-25,FAMILY,상의,자켓/ 베스트,1,1,1,30000
2025-12-25,FAMILY,셋업,등산화,1,1,1,127200
2025-12-25,FAMILY,셋업,남성,2,2,2,53810
2025-12-25,FAMILY,셋업,여성,1,1,1,49000
2025-12-25,FAMILY,셋업,UNKNOWN,1,1,1,29000
2025-12-25,FAMILY,액세서리,남성,1,1,1,28670
2025-12-25,FAMILY,여성,남성,3,3,4,253330
2025-12-25,FAMILY,여성,등산화,1,1,1,127200
2025-12-25,FAMILY,여성,여성,1,1,1,49000
2025-12-25,SILVER,남성,남성,2,2,2,317250
2025-12-25,SILVER,여성,상의,1,1,2,98000
2025-12-26,FAMILY,남성,남성,13,13,18,946990
2025-12-26,FAMILY,남성,자켓/베스트,1,1,1,80690
2025-12-26,FAMILY,라운드티,자켓/ 베스트,1,1,1,29100
2025-12-26,FAMILY,미드/롱다운,남성,1,1,1,28370
2025-12-26,FAMILY,셋업,남성,1,1,3,141000
2025-12-26,FAMILY,셋업,셋업,1,1,1,61240
2025-12-26,FAMILY,여성,여성,1,1,3,219200
2025-12-26,FAMILY,여성,남성,1,1,1,14500
2025-12-26,FAMILY,자켓/베스트,자켓/ 베스트,1,1,1,80000
2025-12-26,FAMILY,폴로티/집업,남성,1,1,3,83000
2025-12-26,FAMILY,하이킹,남성,1,1,3,252000
2025-12-26,FAMILY,하이킹,셋업,1,1,1,74000
2025-12-26,FAMILY,하이킹,맨투맨/후드티,1,1,1,49000
2025-12-27,FAMILY,긴바지,남성,2,2,2,156200
2025-12-27,FAMILY,긴바지,긴바지,2,2,2,74000
2025-12-27,FAMILY,긴바지,자켓/ 베스트,1,1,1,71000
2025-12-27,FAMILY,남성,남성,12,12,17,1272380
2025-12-27,FAMILY,남성,자켓/ 베스트,2,2,2,102300
2025-12-27,FAMILY,남성,셋업,1,1,1,90990
2025-12-27,FAMILY,남성,긴바지,2,2,2,74000
2025-12-27,FAMILY,남성,장갑,1,1,1,27850
2025-12-27,FAMILY,라운드티,남성,1,1,1,127200
2025-12-27,FAMILY,라운드티,자켓/ 베스트,1,1,1,71000
2025-12-27,FAMILY,라운드티,긴바지,1,1,1,39000
2025-12-27,FAMILY,볼캡,셋업,1,1,1,90990
2025-12-27,FAMILY,볼캡,남성,2,2,2,89010
2025-12-27,FAMILY,볼캡,긴바지,1,1,1,35000
2025-12-27,FAMILY,셋업,남성,1,1,1,127200
2025-12-27,FAMILY,셋업,자켓/ 베스트,1,1,1,71000
2025-12-27,FAMILY,셋업,긴바지,1,1,1,39000
2025-12-27,FAMILY,여성,상의,1,1,1,43800
2025-12-27,FAMILY,여성,남성,1,1,1,38430
2025-12-27,FAMILY,자켓/ 베스트,자켓/ 베스트,1,1,1,111000
2025-12-27,SILVER,남성,남성,1,1,2,157670
2025-12-27,SILVER,남성,자켓/ 베스트,1,1,1,45170
2025-12-28,FAMILY,남성,남성,7,7,10,496770
2025-12-28,FAMILY,남성,여성,1,1,1,62100
2025-12-28,FAMILY,상의,남성,2,2,2,62200
2025-12-28,FAMILY,상의,여성,1,1,1,62100
2025-12-28,FAMILY,셋업,여성,1,1,1,54000
2025-12-28,FAMILY,여성,남성,2,2,4,275130
2025-12-28,FAMILY,여성,여성,1,1,1,113040
2025-12-28,FAMILY,패딩/슬림다운,남성,1,1,1,111300
2025-12-28,FAMILY,하이킹,남성,1,1,1,33200
2025-12-28,SILVER,남성,남성,1,1,3,213850
2025-12-28,SILVER,남성,상의,1,1,1,44910
2025-12-28,SILVER,하이킹,여성,1,1,1,263300
2025-12-29,FAMILY,가방,셋업,1,1,1,130820
2025-12-29,FAMILY,남성,남성,4,4,5,292170
2025-12-29,FAMILY,남성,셋업,1,1,1,130820
2025-12-29,FAMILY,남성,라운드티,1,1,1,18920
2025-12-29,FAMILY,라운드티,남성,1,1,2,56200
2025-12-29,FAMILY,미드/롱다운,다운/ 패딩,1,1,1,158000
2025-12-29,FAMILY,바람막이,남성,1,1,2,56200
2025-12-29,FAMILY,상의,남성,1,1,2,56200
2025-12-29,FAMILY,셋업,남성,1,1,2,56200
2025-12-29,FAMILY,여성,남성,3,3,4,156060
2025-12-29,FAMILY,여성,여성,1,1,1,86010
2025-12-29,SILVER,남성,남성,1,1,1,34500
2025-12-30,FAMILY,남성,남성,6,6,7,271600
2025-12-30,FAMILY,셋업,남성,1,1,1,75140
2025-12-30,FAMILY,여성,남성,2,2,2,154140
2025-12-30,FAMILY,여성,여성,1,1,1,73100
2025-12-30,SILVER,남성,남성,2,2,2,660800
2025-12-30,SILVER,셋업,남성,1,1,1,423410
2025-12-30,SILVER,여성,남성,2,2,2,447010
2025-12-31,FAMILY,가방,남성,1,1,1,79000
2025-12-31,FAMILY,남성,남성,9,9,12,644480
2025-12-31,FAMILY,남성,등산화,1,1,1,122040
2025-12-31,FAMILY,라운드티,남성,1,1,1,72370
2025-12-31,FAMILY,상의,상의,1,1,1,53000
2025-12-31,FAMILY,액세서리,남성,1,1,1,33880
2025-12-31,FAMILY,여성,남성,3,3,4,140310
2025-12-31,FAMILY,패딩/슬림다운,남성,1,1,1,286090
2025-12-31,SILVER,남성,남성,3,3,6,679270
2025-12-31,SILVER,남성,인터체인지 (3 in 1),1,1,1,393710
2026-01-01,FAMILY,남성,남성,9,9,12,898940
2026-01-01,FAMILY,남성,다운/ 패딩,1,1,1,167000
2026-01-01,FAMILY,남성,자켓/ 베스트,1,1,1,106240
2026-01-01,FAMILY,남성,볼캡,1,1,1,43050
2026-01-01,FAMILY,라운드티,여성,1,1,1,69000
2026-01-01,FAMILY,여성,남성,1,1,2,83580
2026-01-01,FAMILY,패딩/슬림다운,남성,1,1,1,75600
2026-01-02,FAMILY,남성,남성,9,9,10,1289270
2026-01-02,FAMILY,셋업,남성,1,1,1,49500
2026-01-02,FAMILY,여성,남성,1,1,1,80440
2026-01-02,FAMILY,여성,여성,1,1,1,24040
2026-01-02,SILVER,남성,여성,1,1,1,478440
2026-01-02,SILVER,여성,여성,1,1,1,478440
2026-01-03,FAMILY,남성,남성,5,5,5,553640
2026-01-03,FAMILY,남성,여성,1,1,1,72350
2026-01-03,FAMILY,등산화,남성,1,1,1,307910
2026-01-03,FAMILY,라운드티,남성,1,1,1,73600
2026-01-03,FAMILY,미드/롱다운,남성,1,1,2,23900
2026-01-03,FAMILY,셋업,셋업,1,1,1,109690
2026-01-03,SILVER,남성,남성,2,2,4,202690
2026-01-03,SILVER,여성,남성,1,1,3,122010
2026-01-04,FAMILY,긴바지,남성,1,1,1,101470
2026-01-04,FAMILY,남성,남성,5,5,6,766240
2026-01-04,FAMILY,남성,여성,2,2,2,164000
2026-01-04,FAMILY,남성,자켓/ 베스트,1,1,1,103740
2026-01-04,FAMILY,셋업,여성,1,1,1,48370
2026-01-04,FAMILY,여성,남성,3,3,3,126580
2026-01-05,FAMILY,남성,남성,4,4,4,98800
2026-01-05,FAMILY,여성,남성,2,2,2,198830
2026-01-05,FAMILY,여성,여성,1,1,1,49800
2026-01-05,FAMILY,여성,장갑,1,1,1,25940
2026-01-05,SILVER,남성,남성,1,1,3,189110
2026-01-06,FAMILY,남성,여성,3,3,3,599420
2026-01-06,FAMILY,남성,남성,5,5,6,594320
2026-01-06,FAMILY,남성,맨투맨/후드티,1,1,1,34950
2026-01-06,FAMILY,등산화,남성,2,2,2,181150
2026-01-06,FAMILY,등산화,여성,1,1,1,58100
2026-01-06,FAMILY,여성,여성,2,2,2,167900
2026-01-07,FAMILY,남성,여성,1,1,4,292400
2026-01-07,FAMILY,남성,남성,6,6,6,149080
2026-01-07,FAMILY,남성,맨투맨/후드티,1,1,1,56470
2026-01-07,FAMILY,남성,자켓/ 베스트,1,1,1,38390
2026-01-07,FAMILY,남성,액세서리,1,1,1,8620
2026-01-07,FAMILY,여성,자켓/ 베스트,1,1,1,38390
2026-01-07,FAMILY,여성,남성,1,1,1,29000
2026-01-07,FAMILY,장갑,남성,1,1,1,16600
2026-01-08,FAMILY,남성,남성,6,6,7,601910
2026-01-08,FAMILY,남성,셋업,1,1,1,39000
2026-01-08,FAMILY,여성,남성,3,3,3,288590
2026-01-09,FAMILY,남성,남성,14,14,16,1330280
2026-01-09,FAMILY,남성,여성,4,4,4,479940
2026-01-09,FAMILY,남성,셔츠,1,1,1,48990
2026-01-09,FAMILY,남성,액세서리,1,1,1,6090
2026-01-09,FAMILY,등산화,남성,1,1,1,361400
2026-01-09,FAMILY,등산화,여성,1,1,1,82300
2026-01-09,FAMILY,여성,남성,2,2,4,259200
2026-01-09,FAMILY,자켓/베스트,여성,1,1,1,181400
2026-01-09,FAMILY,장갑,여성,1,1,1,86850
2026-01-09,FAMILY,장갑,남성,1,1,1,28300
2026-01-10,FAMILY,남성,남성,7,7,8,574950
2026-01-10,FAMILY,남성,여성,2,2,2,113870
2026-01-10,FAMILY,남성,볼캡,1,1,1,35850
2026-01-10,FAMILY,남성,액세서리,1,1,3,27000
2026-01-10,FAMILY,셋업,남성,1,1,1,59000
2026-01-10,FAMILY,여성,남성,1,1,1,52000
2026-01-10,FAMILY,자켓/ 베스트,자켓/ 베스트,1,1,1,97000
2026-01-11,FAMILY,UNKNOWN,맨투맨/후드티,1,1,1,55730
2026-01-11,FAMILY,남성,남성,8,8,8,710230
2026-01-11,FAMILY,남성,여성,2,2,2,448500
2026-01-11,FAMILY,미드/롱다운,남성,1,1,1,17500
2026-01-11,FAMILY,셋업,남성,1,1,1,24640
2026-01-11,FAMILY,액세서리,남성,1,1,1,29000
2026-01-11,FAMILY,여성,여성,2,2,2,448500
2026-01-11,FAMILY,여성,남성,3,3,3,384070
2026-01-12,FAMILY,남성,남성,7,7,7,561900
2026-01-12,FAMILY,남성,여성,1,1,1,79000
2026-01-12,FAMILY,남성,액세서리,1,1,2,18000
2026-01-12,FAMILY,볼캡,남성,1,1,1,23200
2026-01-12,FAMILY,여성,남성,2,2,2,178020
2026-01-12,FAMILY,하이킹,액세서리,1,1,2,18000
2026-01-13,FAMILY,남성,남성,5,5,7,375370
2026-01-13,FAMILY,남성,셋업,1,1,1,89000
2026-01-13,FAMILY,남성,액세서리,1,1,1,8250
2026-01-13,FAMILY,다운/ 패딩,남성,1,1,1,167200
2026-01-13,FAMILY,볼캡,남성,1,1,2,70330
2026-01-13,FAMILY,셋업,셋업,1,1,1,89000
2026-01-14,FAMILY,UNKNOWN,등산화,1,1,1,101000
2026-01-14,FAMILY,남성,남성,9,9,13,791290
2026-01-14,FAMILY,남성,자켓/ 베스트,1,1,1,49890
2026-01-14,FAMILY,등산화,등산화,1,1,1,127870
2026-01-14,FAMILY,등산화,남성,1,1,2,63610
2026-01-14,FAMILY,미드/롱다운,남성,1,1,1,127200
2026-01-14,FAMILY,상의,남성,1,1,2,197300
2026-01-14,FAMILY,여성,남성,1,1,1,23990
2026-01-14,FAMILY,장갑,남성,1,1,1,22650
2026-01-15,FAMILY,남성,남성,4,4,4,394030
2026-01-15,FAMILY,맨투맨/후드티,남성,1,1,1,135200
2026-01-15,FAMILY,셋업,남성,1,1,1,35100
2026-01-15,FAMILY,여성,남성,2,2,2,97310
2026-01-15,FAMILY,여성,여성,1,1,1,75670
2026-01-16,FAMILY,남성,남성,3,3,3,201990
2026-01-16,FAMILY,남성,부츠,1,1,1,100940
2026-01-16,FAMILY,남성,여성,1,1,1,80200
2026-01-16,FAMILY,남성,액세서리,1,1,4,30570
2026-01-16,FAMILY,부츠,패딩/슬림다운,1,1,1,86090
2026-01-16,FAMILY,여성,액세서리,1,1,4,30570
2026-01-16,FAMILY,장갑,여성,1,1,1,80200
2026-01-17,FAMILY,남성,여성,1,1,2,335530
2026-01-17,FAMILY,남성,남성,4,4,4,301300
2026-01-17,FAMILY,남성,액세서리,1,1,4,36000
2026-01-17,FAMILY,라운드티,여성,2,2,4,391530
2026-01-17,FAMILY,라운드티,남성,1,1,1,73130
2026-01-17,FAMILY,볼캡,남성,1,1,1,11500
2026-01-17,FAMILY,부츠,부츠,1,1,1,111300
2026-01-17,FAMILY,부츠,남성,1,1,1,58560
2026-01-17,FAMILY,상의,여성,1,1,2,56000
2026-01-17,FAMILY,셋업,여성,1,1,2,335530
2026-01-17,FAMILY,셋업,셋업,1,1,1,89000
2026-01-17,FAMILY,셋업,남성,1,1,1,73130
2026-01-17,FAMILY,여성,여성,3,3,4,791570
2026-01-17,FAMILY,여성,남성,3,3,3,137660
2026-01-17,FAMILY,여성,액세서리,1,1,1,7470
2026-01-18,FAMILY,남성,남성,4,4,6,346600
2026-01-18,FAMILY,여성,여성,1,1,1,112570
2026-01-18,FAMILY,여성,남성,2,2,2,36560
2026-01-18,SILVER,남성,셋업,1,1,1,111650
2026-01-19,FAMILY,긴바지,액세서리,1,1,3,26560
2026-01-19,FAMILY,남성,남성,6,6,9,631770
2026-01-19,FAMILY,남성,여성,1,1,1,140690
2026-01-19,FAMILY,남성,셋업,1,1,1,136860
2026-01-19,FAMILY,남성,맨투맨/후드티,1,1,1,42690
2026-01-19,FAMILY,남성,라운드티,1,1,1,29550
2026-01-19,FAMILY,남성,액세서리,1,1,3,26560
2026-01-19,FAMILY,액세서리,남성,2,2,4,319500
2026-01-19,FAMILY,액세서리,여성,1,1,1,140690
2026-01-19,FAMILY,액세서리,셋업,1,1,1,136860
2026-01-19,FAMILY,액세서리,액세서리,1,1,3,26560
2026-01-19,FAMILY,여성,남성,1,1,3,262800
2026-01-19,FAMILY,여성,여성,1,1,1,140690
2026-01-19,FAMILY,여성,셋업,1,1,1,136860
2026-01-20,FAMILY,남성,남성,7,7,8,1006430
2026-01-20,FAMILY,남성,셋업,1,1,1,107510
2026-01-20,FAMILY,남성,여성,1,1,1,89000
2026-01-20,FAMILY,남성,UNKNOWN,1,1,1,39360
2026-01-20,FAMILY,액세서리,여성,1,1,1,89000
2026-01-20,FAMILY,하이킹,남성,1,1,1,29000
2026-01-21,FAMILY,남성,남성,8,8,14,875940
2026-01-21,FAMILY,남성,다운/ 패딩,1,1,1,163120
2026-01-21,FAMILY,남성,맨투맨/후드티,1,1,1,41350
2026-01-21,FAMILY,남성,액세서리,1,1,1,9000
2026-01-21,FAMILY,상의,남성,1,1,1,89000
2026-01-21,FAMILY,액세서리,남성,1,1,5,393500
2026-01-21,FAMILY,여성,남성,1,1,1,89000
2026-01-22,FAMILY,남성,남성,10,10,12,1267630
2026-01-22,FAMILY,남성,액세서리,1,1,1,8450
2026-01-22,FAMILY,맨투맨/후드티,맨투맨/후드티,1,1,1,59000
2026-01-22,FAMILY,폴로티/집업,남성,1,1,1,124100
2026-01-23,FAMILY,남성,남성,5,5,6,415920
2026-01-23,FAMILY,남성,여성,1,1,1,74400
2026-01-23,FAMILY,등산화,여성,1,1,1,74400
2026-01-23,FAMILY,자켓/ 베스트,여성,1,1,1,186370
2026-01-23,SILVER,남성,여성,1,1,1,21000
2026-01-23,SILVER,셋업,여성,1,1,1,21000
2026-01-23,SILVER,여성,여성,1,1,1,21000
2026-01-24,FAMILY,남성,남성,6,6,8,415230
2026-01-24,FAMILY,남성,여성,1,1,1,86380
2026-01-24,FAMILY,남성,자켓/ 베스트,1,1,1,39930
2026-01-24,FAMILY,미드/롱다운,여성,1,1,1,68930
2026-01-24,FAMILY,미드/롱다운,자켓/베스트,1,1,1,51600
2026-01-24,FAMILY,액세서리,남성,1,1,1,54740
2026-01-24,FAMILY,여성,여성,1,1,1,86380
2026-01-25,FAMILY,남성,남성,4,4,6,424410
2026-01-25,FAMILY,남성,여성,1,1,1,166870
2026-01-25,FAMILY,남성,액세서리,1,1,4,36000
2026-01-25,FAMILY,여성,남성,1,1,1,14580
2026-01-25,FAMILY,여성,액세서리,1,1,1,5660
2026-01-25,SILVER,남성,남성,1,1,1,52690
2026-01-26,FAMILY,남성,남성,4,4,4,269830
2026-01-26,FAMILY,남성,등산화,1,1,1,125200
2026-01-26,FAMILY,등산화,남성,1,1,1,159000
2026-01-26,FAMILY,상의,등산화,1,1,1,125200
2026-01-26,FAMILY,여성,남성,2,2,5,292440
2026-01-26,FAMILY,여성,여성,2,2,2,171030
2026-01-26,FAMILY,여성,등산화,1,1,1,121790
2026-01-27,FAMILY,남성,남성,6,6,8,405550
2026-01-27,FAMILY,남성,여성,1,1,1,184400
2026-01-27,FAMILY,남성,다운/ 패딩,1,1,1,167000
2026-01-27,FAMILY,남성,액세서리,1,1,2,12230
2026-01-27,FAMILY,다운/ 패딩,남성,1,1,1,133470
2026-01-27,FAMILY,등산화,남성,1,1,1,13790
2026-01-27,FAMILY,등산화,액세서리,1,1,2,12230
2026-01-27,FAMILY,라운드티,여성,1,1,1,184400
2026-01-27,FAMILY,여성,여성,1,1,1,184400
2026-01-27,FAMILY,자켓/ 베스트,남성,1,1,1,18000
2026-01-27,FAMILY,자켓/베스트,여성,1,1,1,184400
2026-01-27,FAMILY,하이킹,여성,1,1,1,184400
2026-01-28,FAMILY,가방,여성,1,1,1,258300
2026-01-28,FAMILY,남성,남성,6,6,12,431750
2026-01-28,FAMILY,남성,라운드티,1,1,1,24980
2026-01-28,FAMILY,남성,액세서리,1,1,1,7370
2026-01-28,FAMILY,액세서리,라운드티,1,1,1,24980
2026-01-28,FAMILY,액세서리,남성,1,1,1,20690
2026-01-28,FAMILY,여성,셋업,1,1,1,87090
2026-01-28,FAMILY,여성,여성,1,1,1,69410
2026-01-28,FAMILY,여성,라운드티,1,1,1,24980
2026-01-28,FAMILY,여성,남성,1,1,1,20690
2026-01-28,FAMILY,자켓/베스트,라운드티,1,1,1,24980
2026-01-28,FAMILY,자켓/베스트,남성,1,1,1,20690
2026-01-29,FAMILY,남성,남성,5,5,6,592630
2026-01-29,FAMILY,남성,여성,1,1,1,89000
2026-01-29,FAMILY,남성,장갑,1,1,1,59000
2026-01-29,FAMILY,등산화,등산화,1,1,1,128300
2026-01-29,FAMILY,볼캡,남성,1,1,1,127200
2026-01-29,FAMILY,여성,라운드티,1,1,1,22910
2026-01-29,FAMILY,여성,남성,1,1,1,21610
2026-01-30,FAMILY,UNKNOWN,자켓/ 베스트,1,1,1,10579
2026-01-30,FAMILY,남성,남성,10,10,11,551740
2026-01-30,FAMILY,남성,여성,3,3,5,277710
2026-01-30,FAMILY,남성,다운/ 패딩,1,1,1,105060
2026-01-30,FAMILY,남성,자켓/ 베스트,1,1,1,8999
2026-01-30,FAMILY,등산화,등산화,1,1,1,106930
2026-01-30,FAMILY,라운드티,미드/롱다운,1,1,1,325000
2026-01-30,FAMILY,라운드티,남성,1,1,1,28300
2026-01-30,FAMILY,반바지,남성,1,1,3,40000
2026-01-30,FAMILY,상의,긴바지,1,1,1,79600
2026-01-30,FAMILY,셋업,긴바지,1,1,1,27650
2026-01-30,FAMILY,셋업,라운드티,1,1,1,12500
2026-01-30,FAMILY,여성,미드/롱다운,1,1,1,325000
2026-01-30,FAMILY,여성,여성,1,1,1,92430
2026-01-30,FAMILY,여성,남성,2,2,4,42500
2026-01-30,FAMILY,여성,맨투맨/후드티,1,1,1,41370
2026-01-30,FAMILY,자켓/ 베스트,남성,1,1,1,49570
2026-01-31,FAMILY,UNKNOWN,자켓/ 베스트,1,1,1,15579
2026-01-31,FAMILY,남성,남성,16,16,18,1732670
2026-01-31,FAMILY,남성,자켓/ 베스트,2,2,2,34628
2026-01-31,FAMILY,남성,장갑,1,1,1,27060
2026-01-31,FAMILY,등산화,등산화,1,1,1,115330
2026-01-31,FAMILY,맨투맨/후드티,맨투맨/후드티,1,1,1,39000
2026-01-31,FAMILY,여성,남성,3,3,3,236530
2026-01-31,FAMILY,여성,장갑,1,1,1,27060
2026-01-31,FAMILY,자켓/ 베스트,남성,2,2,2,151470
2026-01-31,FAMILY,장갑,남성,1,1,1,54760
2026-01-31,FAMILY,패딩/슬림다운,남성,1,1,2,250000
2026-01-31,FAMILY,폴로티/집업,남성,1,1,1,122000
2026-01-31,FAMILY,하이킹,등산화,1,1,1,115330
2026-02-01,FAMILY,긴바지,남성,1,1,1,16000
2026-02-01,FAMILY,남성,남성,12,12,15,1063980
2026-02-01,FAMILY,남성,다운/ 패딩,1,1,1,76840
2026-02-01,FAMILY,남성,액세서리,4,4,5,34120
2026-02-01,FAMILY,남성,자켓/ 베스트,1,1,1,15579
2026-02-01,FAMILY,등산화,장갑,1,1,2,30610
2026-02-01,FAMILY,등산화,남성,1,1,1,23220
2026-02-01,FAMILY,미드/롱다운,남성,1,1,1,52350
2026-02-01,FAMILY,셋업,여성,1,1,1,11500
2026-02-01,FAMILY,셋업,남성,1,1,1,5000
2026-02-01,FAMILY,여성,남성,3,3,3,139040
2026-02-01,FAMILY,여성,장갑,1,1,2,30610
2026-02-01,FAMILY,장갑,여성,1,1,1,13830
2026-02-01,FAMILY,장갑,액세서리,1,1,1,4500
2026-02-02,FAMILY,긴바지,자켓/ 베스트,1,1,1,17799
2026-02-02,FAMILY,남성,남성,12,12,17,852790
2026-02-02,FAMILY,남성,여성,3,3,3,163620
2026-02-02,FAMILY,남성,등산화,1,1,1,96090
2026-02-02,FAMILY,남성,자켓/ 베스트,2,2,2,33378
2026-02-02,FAMILY,등산화,남성,1,1,2,45830
2026-02-02,FAMILY,라운드티,남성,1,1,1,187100
2026-02-02,FAMILY,셋업,남성,1,1,2,45830
2026-02-02,FAMILY,여성,남성,1,1,1,23740
2026-02-03,FAMILY,남성,남성,5,5,5,423290
2026-02-03,FAMILY,남성,자켓/ 베스트,1,1,1,30039
2026-02-03,FAMILY,남성,자켓/베스트,1,1,1,29500
2026-02-03,FAMILY,등산화,여성,1,1,3,163810
2026-02-03,FAMILY,라운드티,남성,1,1,1,22530
2026-02-03,FAMILY,셋업,여성,1,1,1,23000
2026-02-03,FAMILY,여성,셋업,1,1,1,77760
2026-02-03,FAMILY,패딩/슬림다운,남성,1,1,1,174820
2026-02-03,FAMILY,패딩/슬림다운,자켓/ 베스트,1,1,1,30039
2026-02-03,SILVER,남성,남성,1,1,3,35400
2026-02-04,FAMILY,긴바지,남성,2,2,4,325500
2026-02-04,FAMILY,남성,남성,11,11,13,1028140
2026-02-04,FAMILY,남성,여성,1,1,1,97300
2026-02-04,FAMILY,남성,라운드티,1,1,1,22180
2026-02-04,FAMILY,남성,자켓/ 베스트,1,1,1,19749
2026-02-04,FAMILY,남성,액세서리,2,2,3,18000
2026-02-04,FAMILY,맨투맨/후드티,남성,1,1,2,151300
2026-02-04,FAMILY,셋업,다운/ 패딩,1,1,1,91600
2026-02-04,FAMILY,셔츠,남성,1,1,1,24720
2026-02-04,FAMILY,셔츠,라운드티,1,1,1,22180
2026-02-04,FAMILY,액세서리,액세서리,1,1,1,9000
2026-02-04,FAMILY,여성,여성,1,1,1,97300
2026-02-04,FAMILY,자켓/ 베스트,액세서리,1,1,1,9000
2026-02-05,FAMILY,긴바지,남성,1,1,2,134100
2026-02-05,FAMILY,남성,남성,11,11,13,1025700
2026-02-05,FAMILY,남성,맨투맨/후드티,1,1,1,33270
2026-02-05,FAMILY,남성,UNKNOWN,1,1,2,10000
2026-02-05,FAMILY,남성,액세서리,1,1,1,8640
2026-02-05,FAMILY,등산화,남성,1,1,1,39000
2026-02-05,FAMILY,방수자켓,패딩/슬림다운,1,1,1,85130
2026-02-05,FAMILY,방수자켓,여성,1,1,1,67670
2026-02-05,FAMILY,방수자켓,남성,1,1,1,59300
2026-02-05,FAMILY,액세서리,남성,1,1,1,13680
2026-02-05,FAMILY,액세서리,액세서리,1,1,1,5300
2026-02-05,FAMILY,여성,남성,2,2,2,191120
2026-02-05,FAMILY,여성,여성,1,1,1,125140
2026-02-06,FAMILY,긴바지,여성,1,1,1,97300
2026-02-06,FAMILY,긴바지,남성,1,1,1,13800
2026-02-06,FAMILY,남성,남성,16,16,21,895930
2026-02-06,FAMILY,남성,자켓/ 베스트,1,1,1,104440
2026-02-06,FAMILY,남성,여성,1,1,1,84030
2026-02-06,FAMILY,남성,맨투맨/후드티,1,1,1,49500
2026-02-06,FAMILY,남성,라운드티,1,1,1,16400
2026-02-06,FAMILY,남성,버킷/부니,1,1,1,13000
2026-02-06,FAMILY,라운드티,남성,1,1,1,17500
2026-02-06,FAMILY,상의,자켓/ 베스트,1,1,1,31149
2026-02-06,FAMILY,셋업,남성,1,1,2,76910
2026-02-06,FAMILY,셋업,액세서리,1,1,1,4330
2026-02-06,FAMILY,셔츠,남성,1,1,1,14500
2026-02-06,FAMILY,여성,여성,1,1,1,34500
2026-02-06,FAMILY,여성,상의,1,1,1,21800
2026-02-06,FAMILY,여성,남성,1,1,1,17500
2026-02-07,FAMILY,가방,여성,1,1,1,243300
2026-02-07,FAMILY,남성,남성,8,8,9,732810
2026-02-07,FAMILY,남성,여성,1,1,2,240070
2026-02-07,FAMILY,미드/롱다운,남성,1,1,1,17550
2026-02-07,FAMILY,셋업,여성,1,1,1,64500
2026-02-07,FAMILY,여성,남성,2,2,3,281930
2026-02-08,FAMILY,남성,남성,3,3,3,119950
2026-02-08,FAMILY,남성,여성,2,2,2,71380
2026-02-08,FAMILY,남성,자켓/ 베스트,1,1,1,15579
2026-02-08,FAMILY,등산화,남성,1,1,1,96430
2026-02-08,FAMILY,미드/롱다운,남성,2,2,2,174870
2026-02-08,FAMILY,미드/롱다운,볼캡,1,1,1,11880
2026-02-09,FAMILY,남성,남성,4,4,7,223180
2026-02-09,FAMILY,남성,여성,2,2,2,88220
2026-02-09,FAMILY,남성,긴바지,1,1,1,33260
2026-02-09,FAMILY,남성,라운드티,1,1,1,28320
2026-02-09,FAMILY,셋업,남성,1,1,4,78290
2026-02-09,FAMILY,셋업,긴바지,1,1,1,33260
2026-02-09,FAMILY,여성,라운드티,1,1,1,28320
2026-02-10,FAMILY,긴바지,남성,1,1,1,19500
2026-02-10,FAMILY,남성,여성,2,2,2,582800
2026-02-10,FAMILY,남성,남성,5,5,5,279940
2026-02-10,FAMILY,남성,등산화,2,2,2,226130
2026-02-10,FAMILY,남성,자켓/ 베스트,1,1,1,26089
2026-02-10,FAMILY,남성,긴바지,1,1,1,25410
2026-02-10,FAMILY,남성,라운드티,1,1,1,14750
2026-02-10,FAMILY,남성,액세서리,1,1,2,6000
2026-02-10,FAMILY,액세서리,액세서리,1,1,2,6000
2026-02-10,FAMILY,여성,여성,1,1,1,34120
2026-02-11,FAMILY,남성,남성,7,7,8,590690
2026-02-11,FAMILY,남성,다운/ 패딩,1,1,1,63840
2026-02-11,FAMILY,남성,여성,1,1,1,29000
2026-02-11,FAMILY,라운드티,남성,2,2,3,79600
2026-02-11,FAMILY,반바지,남성,1,1,2,66600
2026-02-11,FAMILY,여성,남성,1,1,2,94150
2026-02-11,FAMILY,자켓/ 베스트,액세서리,1,1,5,15000
2026-02-11,FAMILY,하이킹,남성,1,1,1,68000
2026-02-12,FAMILY,UNKNOWN,남성,1,1,2,216300
2026-02-12,FAMILY,긴바지,여성,1,1,1,55480
2026-02-12,FAMILY,남성,남성,17,17,19,945760
2026-02-12,FAMILY,남성,다운/ 패딩,1,1,1,97650
2026-02-12,FAMILY,남성,등산화,1,1,1,72320
2026-02-12,FAMILY,남성,장갑,1,1,1,56860
2026-02-12,FAMILY,남성,볼캡,1,1,1,8100
2026-02-12,FAMILY,남성,액세서리,1,1,2,6000
2026-02-12,FAMILY,라운드티,남성,1,1,2,216300
2026-02-12,FAMILY,여성,남성,3,3,3,179800
2026-02-12,FAMILY,여성,등산화,1,1,1,127200
2026-02-12,FAMILY,여성,장갑,1,1,1,16460
2026-02-12,FAMILY,자켓/베스트,남성,1,1,2,39880
2026-02-12,FAMILY,자켓/베스트,액세서리,1,1,1,4120
2026-02-13,FAMILY,긴바지,남성,1,1,1,42730
2026-02-13,FAMILY,남성,남성,11,11,13,1084710
2026-02-13,FAMILY,남성,여성,2,2,2,128720
2026-02-13,FAMILY,셋업,남성,1,1,1,42730
2026-02-13,FAMILY,여성,남성,2,2,2,110730
2026-02-13,FAMILY,인터체인지 (3 in 1),남성,1,1,1,124100
2026-02-13,FAMILY,자켓/ 베스트,남성,1,1,1,43600
2026-02-13,FAMILY,패딩/슬림다운,남성,1,1,1,116550
2026-02-14,FAMILY,UNKNOWN,남성,1,1,1,54230
2026-02-14,FAMILY,가방,남성,1,1,1,56480
2026-02-14,FAMILY,긴바지,남성,1,1,1,55303
2026-02-14,FAMILY,남성,남성,44,44,61,2669740
2026-02-14,FAMILY,남성,패딩/슬림다운,1,1,1,117090
2026-02-14,FAMILY,남성,맨투맨/후드티,2,2,2,61530
2026-02-14,FAMILY,남성,여성,1,1,1,32170
2026-02-14,FAMILY,남성,액세서리,7,7,9,29950
2026-02-14,FAMILY,남성,볼캡,2,2,2,29040
2026-02-14,FAMILY,남성,긴바지,1,1,1,17390
2026-02-14,FAMILY,남성,장갑,1,1,1,14500
2026-02-14,FAMILY,다운/ 패딩,남성,2,2,2,110533
2026-02-14,FAMILY,등산화,남성,1,1,1,79300
2026-02-14,FAMILY,등산화,라운드티,1,1,1,15430
2026-02-14,FAMILY,등산화,여성,1,1,1,12400
2026-02-14,FAMILY,라운드티,여성,2,2,2,93340
2026-02-14,FAMILY,라운드티,남성,1,1,2,24000
2026-02-14,FAMILY,맨투맨/후드티,볼캡,1,1,1,21240
2026-02-14,FAMILY,맨투맨/후드티,긴바지,1,1,1,17390
2026-02-14,FAMILY,맨투맨/후드티,액세서리,1,1,1,3770
2026-02-14,FAMILY,반바지,셔츠,1,1,1,42550
2026-02-14,FAMILY,셋업,볼캡,1,1,1,21240
2026-02-14,FAMILY,셋업,긴바지,1,1,1,17390
2026-02-14,FAMILY,셋업,액세서리,1,1,1,3770
2026-02-14,FAMILY,스니커즈,여성,1,1,2,27400
2026-02-14,FAMILY,액세서리,남성,2,2,4,71293
2026-02-14,FAMILY,여성,여성,2,2,2,99490
2026-02-14,FAMILY,여성,등산화,1,1,1,97520
2026-02-14,FAMILY,여성,부츠,1,1,1,82300
2026-02-14,FAMILY,여성,셋업,1,1,1,59420
2026-02-14,FAMILY,여성,남성,2,2,2,54700
2026-02-14,FAMILY,여성,UNKNOWN,1,1,1,19440
2026-02-14,FAMILY,여성,긴바지,1,1,1,16670
2026-02-14,FAMILY,여성,액세서리,1,1,2,8810
2026-02-14,FAMILY,자켓/ 베스트,남성,2,2,4,116720
2026-02-14,FAMILY,자켓/베스트,남성,1,1,3,102220
2026-02-14,FAMILY,장갑,여성,1,1,2,216000
2026-02-14,FAMILY,하이킹,여성,1,1,1,61050
2026-02-15,FAMILY,긴바지,남성,1,1,1,107200
2026-02-15,FAMILY,남성,남성,16,16,18,866490
2026-02-15,FAMILY,남성,여성,2,2,2,307770
2026-02-15,FAMILY,남성,액세서리,1,1,10,40000
2026-02-15,FAMILY,라운드티,남성,2,2,2,120300
2026-02-15,FAMILY,미드/롱다운,여성,1,1,2,166280
2026-02-15,FAMILY,미드/롱다운,남성,1,1,1,29060
2026-02-15,FAMILY,반바지,남성,1,1,1,107200
2026-02-15,FAMILY,상의,자켓/ 베스트,1,1,1,15579
2026-02-15,FAMILY,액세서리,남성,1,1,2,32000
2026-02-15,FAMILY,액세서리,여성,1,1,1,11250
2026-02-15,FAMILY,여성,남성,1,1,1,38070
2026-02-15,FAMILY,자켓/ 베스트,남성,1,1,1,24300
2026-02-16,FAMILY,남성,남성,15,15,15,864170
2026-02-16,FAMILY,남성,여성,1,1,1,41100
2026-02-16,FAMILY,라운드티,자켓/베스트,1,1,1,50970
2026-02-16,FAMILY,라운드티,라운드티,1,1,1,15280
2026-02-16,FAMILY,라운드티,남성,1,1,1,6220
2026-02-16,FAMILY,셋업,자켓/베스트,1,1,1,50970
2026-02-16,FAMILY,여성,등산화,1,1,1,162070
2026-02-16,FAMILY,여성,여성,1,1,1,119370
2026-02-16,FAMILY,자켓/ 베스트,남성,1,1,1,29960
2026-02-16,FAMILY,하이킹,여성,1,1,1,59000
2026-02-17,FAMILY,가방,남성,2,2,2,101070
2026-02-17,FAMILY,긴바지,셔츠,1,1,1,40550
2026-02-17,FAMILY,긴바지,UNKNOWN,1,1,2,38000
2026-02-17,FAMILY,긴바지,자켓/ 베스트,2,2,2,31158
2026-02-17,FAMILY,긴바지,긴바지,1,1,1,13830
2026-02-17,FAMILY,긴바지,액세서리,1,1,2,6000
2026-02-17,FAMILY,남성,남성,48,48,75,2286290
2026-02-17,FAMILY,남성,여성,4,4,5,319700
2026-02-17,FAMILY,남성,바람막이,1,1,1,108450
2026-02-17,FAMILY,남성,맨투맨/후드티,3,3,3,83180
2026-02-17,FAMILY,남성,볼캡,1,1,2,56620
2026-02-17,FAMILY,남성,상의,2,2,2,45400
2026-02-17,FAMILY,남성,자켓/ 베스트,2,2,2,31708
2026-02-17,FAMILY,남성,UNKNOWN,1,1,1,14500
2026-02-17,FAMILY,남성,라운드티,1,1,1,9500
2026-02-17,FAMILY,남성,액세서리,2,2,3,9020
2026-02-17,FAMILY,등산화,남성,3,3,4,66960
2026-02-17,FAMILY,라운드티,남성,3,3,4,181620
2026-02-17,FAMILY,바람막이,남성,1,1,4,239180
2026-02-17,FAMILY,반바지,남성,1,1,1,14500
2026-02-17,FAMILY,반바지,자켓/ 베스트,1,1,1,10579
2026-02-17,FAMILY,볼캡,남성,1,1,1,17500
2026-02-17,FAMILY,볼캡,자켓/ 베스트,1,1,1,10579
2026-02-17,FAMILY,부츠,남성,1,1,1,28300
2026-02-17,FAMILY,셋업,남성,1,1,1,118850
2026-02-17,FAMILY,셋업,셋업,1,1,1,66460
2026-02-17,FAMILY,액세서리,남성,1,1,3,21500
2026-02-17,FAMILY,여성,남성,6,6,6,205720
2026-02-17,FAMILY,여성,여성,3,3,3,73760
2026-02-17,FAMILY,여성,긴바지,1,1,1,67500
2026-02-17,FAMILY,여성,UNKNOWN,1,1,3,15000
2026-02-17,FAMILY,여성,자켓/ 베스트,1,1,1,9289
2026-02-17,FAMILY,여성,액세서리,1,1,1,3000
2026-02-17,FAMILY,자켓/ 베스트,액세서리,1,1,2,6000
2026-02-17,FAMILY,장갑,남성,1,1,1,19600
2026-02-17,FAMILY,패딩/슬림다운,남성,1,1,4,239180
2026-02-17,FAMILY,하이킹,상의,1,1,1,21800
2026-02-17,FAMILY,하이킹,남성,1,1,1,13800
2026-02-17,SILVER,남성,부츠,1,1,1,34750
2026-02-17,SILVER,여성,부츠,1,1,1,34750
2026-02-18,FAMILY,UNKNOWN,남성,1,1,1,14600
2026-02-18,FAMILY,가방,남성,2,2,2,57650
2026-02-18,FAMILY,가방,버킷/부니,1,1,2,27750
2026-02-18,FAMILY,가방,자켓/ 베스트,1,1,1,9579
2026-02-18,FAMILY,남성,남성,34,34,43,1379060
2026-02-18,FAMILY,남성,등산화,2,2,2,176250
2026-02-18,FAMILY,남성,여성,3,3,3,144690
2026-02-18,FAMILY,남성,자켓/베스트,1,1,1,53150
2026-02-18,FAMILY,남성,라운드티,2,2,2,39610
2026-02-18,FAMILY,남성,자켓/ 베스트,2,2,2,31158
2026-02-18,FAMILY,남성,맨투맨/후드티,1,1,1,27500
2026-02-18,FAMILY,남성,긴바지,1,1,1,13830
2026-02-18,FAMILY,다운/ 패딩,남성,1,1,1,111500
2026-02-18,FAMILY,라운드티,남성,1,1,1,32500
2026-02-18,FAMILY,라운드티,맨투맨/후드티,1,1,1,29500
2026-02-18,FAMILY,반바지,남성,1,1,1,42000
2026-02-18,FAMILY,볼캡,남성,1,1,1,7250
2026-02-18,FAMILY,상의,남성,1,1,1,102100
2026-02-18,FAMILY,상의,상의,1,1,1,23600
2026-02-18,FAMILY,스니커즈,여성,1,1,1,52500
2026-02-18,FAMILY,여성,등산화,1,1,1,149730
2026-02-18,FAMILY,여성,남성,2,2,6,50000
2026-02-18,FAMILY,여성,라운드티,1,1,1,14750
2026-02-18,FAMILY,자켓/ 베스트,남성,1,1,1,42000
2026-02-19,FAMILY,긴바지,남성,1,1,3,19500
2026-02-19,FAMILY,남성,남성,26,26,40,1085450
2026-02-19,FAMILY,남성,여성,2,2,4,145690
2026-02-19,FAMILY,남성,맨투맨/후드티,1,1,1,34760
2026-02-19,FAMILY,남성,긴바지,1,1,1,19410
2026-02-19,FAMILY,상의,셔츠,1,1,1,40050
2026-02-19,FAMILY,스니커즈,남성,1,1,1,166900
2026-02-19,FAMILY,액세서리,남성,1,1,1,17250
2026-02-19,FAMILY,여성,남성,4,4,10,104620
2026-02-19,FAMILY,여성,여성,2,2,2,95650
2026-02-19,FAMILY,여성,등산화,1,1,1,66000
2026-02-19,FAMILY,자켓/베스트,남성,1,1,1,15650
2026-02-19,SILVER,남성,남성,1,1,1,82500
2026-02-20,FAMILY,긴바지,남성,1,1,2,184300
2026-02-20,FAMILY,남성,남성,13,13,18,1069660
2026-02-20,FAMILY,남성,맨투맨/후드티,1,1,1,24750
2026-02-20,FAMILY,남성,상의,1,1,1,23600
2026-02-20,FAMILY,남성,긴바지,1,1,1,13830
2026-02-20,FAMILY,등산화,라운드티,1,1,1,14750
2026-02-20,FAMILY,등산화,남성,1,1,1,3500
2026-02-20,FAMILY,부츠,남성,2,2,2,64070
2026-02-20,FAMILY,부츠,볼캡,1,1,1,7800
2026-02-20,FAMILY,셋업,상의,1,1,1,23600
2026-02-20,FAMILY,액세서리,남성,1,1,1,67570
2026-02-20,FAMILY,여성,남성,2,2,3,52010
2026-02-20,FAMILY,여성,라운드티,1,1,1,28220
2026-02-20,FAMILY,자켓/ 베스트,상의,1,1,1,23600
2026-02-21,FAMILY,긴바지,남성,2,2,2,136300
2026-02-21,FAMILY,남성,남성,19,19,26,1579750
2026-02-21,FAMILY,남성,긴바지,2,2,2,77210
2026-02-21,FAMILY,남성,자켓/ 베스트,2,2,2,60959
2026-02-21,FAMILY,남성,맨투맨/후드티,1,1,1,28780
2026-02-21,FAMILY,남성,여성,1,1,1,14390
2026-02-21,FAMILY,볼캡,남성,1,1,2,48100
2026-02-21,FAMILY,셋업,남성,1,1,1,102300
2026-02-21,FAMILY,여성,여성,1,1,1,92310
2026-02-21,FAMILY,하이킹,남성,1,1,1,81300
2026-02-22,FAMILY,UNKNOWN,남성,2,2,2,55300
2026-02-22,FAMILY,UNKNOWN,자켓/ 베스트,1,1,1,10579
2026-02-22,FAMILY,가방,맨투맨/후드티,1,1,1,27500
2026-02-22,FAMILY,가방,긴바지,1,1,1,19750
2026-02-22,FAMILY,긴바지,남성,6,6,7,215400
2026-02-22,FAMILY,긴바지,여성,1,1,1,61000
2026-02-22,FAMILY,긴바지,긴바지,1,1,1,55600
2026-02-22,FAMILY,긴바지,액세서리,1,1,1,3000
2026-02-22,FAMILY,남성,남성,150,150,192,6289950
2026-02-22,FAMILY,남성,여성,17,17,20,859520
2026-02-22,FAMILY,남성,등산화,3,3,3,314490
2026-02-22,FAMILY,남성,맨투맨/후드티,8,8,8,225410
2026-02-22,FAMILY,남성,자켓/ 베스트,8,8,8,204713
2026-02-22,FAMILY,남성,자켓/베스트,2,2,2,177950
2026-02-22,FAMILY,남성,셋업,1,1,1,51240
2026-02-22,FAMILY,남성,라운드티,2,2,3,48470
2026-02-22,FAMILY,남성,액세서리,5,5,12,38790
2026-02-22,FAMILY,남성,긴바지,2,2,2,28520
2026-02-22,FAMILY,남성,볼캡,1,1,1,7800
2026-02-22,FAMILY,남성,UNKNOWN,1,1,1,5000
2026-02-22,FAMILY,등산화,남성,4,4,5,215890
2026-02-22,FAMILY,등산화,여성,1,1,1,12400
2026-02-22,FAMILY,라운드티,남성,10,10,11,273640
2026-02-22,FAMILY,라운드티,여성,1,1,1,62370
2026-02-22,FAMILY,라운드티,셋업,1,1,1,44500
2026-02-22,FAMILY,라운드티,맨투맨/후드티,1,1,1,27500
2026-02-22,FAMILY,맨투맨/후드티,남성,3,3,3,273350
2026-02-22,FAMILY,맨투맨/후드티,등산화,1,1,1,54000
2026-02-22,FAMILY,맨투맨/후드티,라운드티,1,1,1,25300
2026-02-22,FAMILY,맨투맨/후드티,액세서리,1,1,1,5150
2026-02-22,FAMILY,바람막이,남성,2,2,4,40540
2026-02-22,FAMILY,볼캡,남성,1,1,1,95370
2026-02-22,FAMILY,볼캡,등산화,1,1,1,54000
2026-02-22,FAMILY,부츠,여성,1,1,1,26600
2026-02-22,FAMILY,상의,남성,1,1,1,21300
2026-02-22,FAMILY,셋업,여성,3,3,3,270900
2026-02-22,FAMILY,셋업,남성,6,6,6,185150
2026-02-22,FAMILY,셔츠,남성,1,1,1,23040
2026-02-22,FAMILY,액세서리,여성,1,1,1,79530
2026-02-22,FAMILY,액세서리,남성,2,2,2,42290
2026-02-22,FAMILY,액세서리,자켓/ 베스트,1,1,1,20149
2026-02-22,FAMILY,여성,남성,29,29,40,1202560
2026-02-22,FAMILY,여성,여성,12,12,14,906090
2026-02-22,FAMILY,여성,라운드티,5,5,6,139700
2026-02-22,FAMILY,여성,등산화,1,1,1,103520
2026-02-22,FAMILY,여성,자켓/ 베스트,3,3,4,91377
2026-02-22,FAMILY,여성,액세서리,3,3,3,11150
2026-02-22,FAMILY,자켓/ 베스트,남성,1,1,2,15000
2026-02-22,FAMILY,자켓/베스트,여성,1,1,3,186670
2026-02-22,FAMILY,자켓/베스트,자켓/베스트,1,1,1,134500
2026-02-22,FAMILY,자켓/베스트,라운드티,1,1,1,26390
2026-02-22,FAMILY,장갑,남성,1,1,2,32000
2026-02-22,FAMILY,패딩/슬림다운,남성,1,1,1,70300
2026-02-22,FAMILY,폴로티/집업,남성,1,1,1,95220
2026-02-22,FAMILY,하이킹,남성,4,4,4,477930
2026-02-22,FAMILY,하이킹,여성,1,1,1,14770
2026-02-22,SILVER,남성,남성,2,2,3,258550
2026-02-22,SILVER,남성,여성,1,1,1,37250
2026-02-22,SILVER,여성,남성,1,1,1,98080
2026-02-23,FAMILY,긴바지,여성,1,1,3,341320
2026-02-23,FAMILY,남성,남성,8,8,9,1247090
2026-02-23,FAMILY,남성,여성,1,1,3,341320
2026-02-23,FAMILY,남성,자켓/ 베스트,1,1,1,62650
2026-02-23,FAMILY,등산화,남성,1,1,1,71280
2026-02-23,FAMILY,등산화,자켓/ 베스트,1,1,1,62650
2026-02-23,FAMILY,라운드티,여성,1,1,3,341320
2026-02-23,FAMILY,셋업,여성,1,1,3,341320
2026-02-24,FAMILY,미드/롱다운,남성,1,1,1,38630
2026-02-24,FAMILY,상의,남성,1,1,1,72710
2026-02-24,FAMILY,여성,남성,1,1,1,72710
2026-02-24,FAMILY,하이킹,여성,1,1,1,151100
2026-02-25,FAMILY,남성,남성,3,3,3,260590
2026-02-25,FAMILY,남성,여성,1,1,1,67100
2026-02-25,FAMILY,맨투맨/후드티,남성,1,1,1,67400
2026-02-25,FAMILY,여성,남성,1,1,1,355870
2026-02-26,FAMILY,UNKNOWN,남성,1,1,6,84000
2026-02-26,FAMILY,가방,등산화,1,1,1,125200
2026-02-26,FAMILY,긴바지,긴바지,1,1,1,27650
2026-02-26,FAMILY,남성,남성,5,5,8,695010
2026-02-26,FAMILY,남성,등산화,1,1,1,125200
2026-02-26,FAMILY,남성,여성,1,1,1,87000
2026-02-26,FAMILY,남성,바람막이,1,1,1,67000
2026-02-26,FAMILY,자켓/ 베스트,남성,1,1,2,102570
2026-02-26,FAMILY,자켓/ 베스트,긴바지,1,1,1,27650
2026-02-26,FAMILY,장갑,여성,1,1,1,87000
2026-02-27,FAMILY,남성,남성,5,5,5,450760
2026-02-27,FAMILY,남성,여성,1,1,1,53376
2026-02-27,FAMILY,셋업,여성,1,1,2,137570
2026-02-27,FAMILY,액세서리,남성,1,1,1,22310
2026-02-27,FAMILY,여성,여성,1,1,1,59890
2026-02-28,FAMILY,남성,남성,12,12,15,1407280
2026-02-28,FAMILY,남성,여성,3,3,3,516950
2026-02-28,FAMILY,남성,UNKNOWN,1,1,2,18150
2026-02-28,FAMILY,남성,액세서리,1,1,1,5050
2026-02-28,FAMILY,액세서리,남성,1,1,2,22690
2026-02-28,FAMILY,액세서리,UNKNOWN,1,1,2,18150
2026-02-28,FAMILY,여성,남성,1,1,1,172550
2026-03-01,FAMILY,남성,남성,4,4,5,367810
2026-03-01,FAMILY,남성,맨투맨/후드티,1,1,1,49500
2026-03-01,FAMILY,라운드티,여성,1,1,1,156870
2026-03-01,FAMILY,여성,남성,2,2,3,73820
2026-03-01,FAMILY,장갑,여성,1,1,1,156870
2026-03-02,FAMILY,등산화,등산화,1,1,1,128870
2026-03-03,FAMILY,남성,남성,5,5,7,910500
2026-03-03,FAMILY,여성,남성,1,1,1,152420
2026-03-03,FAMILY,하이킹,남성,1,1,1,125370
2026-03-03,SILVER,남성,여성,1,1,2,43450
2026-03-03,SILVER,여성,여성,1,1,2,43450
2026-03-04,FAMILY,남성,남성,5,5,5,472100
2026-03-04,FAMILY,남성,여성,3,3,3,213710
2026-03-04,FAMILY,등산화,여성,1,1,1,120910
2026-03-04,FAMILY,라운드티,라운드티,1,1,1,27500
2026-03-04,FAMILY,장갑,여성,1,1,1,21700
2026-03-05,FAMILY,남성,남성,5,5,11,1099720
2026-03-05,FAMILY,남성,등산화,1,1,1,72220
2026-03-05,FAMILY,등산화,남성,1,1,1,17830
2026-03-05,FAMILY,여성,남성,1,1,1,35740
2026-03-05,FAMILY,폴로티/집업,여성,1,1,1,83570
2026-03-06,FAMILY,남성,인터체인지 (3 in 1),1,1,1,320440
2026-03-06,FAMILY,남성,긴바지,1,1,1,20220
2026-03-06,FAMILY,남성,남성,1,1,1,20120
2026-03-06,FAMILY,셋업,여성,1,1,1,21700
2026-03-07,FAMILY,남성,남성,2,2,3,127890
2026-03-07,FAMILY,남성,자켓/ 베스트,1,1,1,24050
2026-03-07,FAMILY,라운드티,남성,1,1,1,156870
2026-03-07,FAMILY,스니커즈,남성,1,1,1,29000
2026-03-07,FAMILY,여성,여성,1,1,1,65750
2026-03-08,FAMILY,긴바지,남성,1,1,2,162400
2026-03-08,FAMILY,남성,남성,5,5,5,586910
2026-03-08,FAMILY,남성,여성,1,1,2,85500
2026-03-08,FAMILY,등산화,남성,1,1,1,124100
2026-03-08,FAMILY,라운드티,남성,1,1,2,162400
2026-03-09,FAMILY,남성,남성,6,6,9,504010
2026-03-09,FAMILY,남성,셋업,1,1,1,131670
2026-03-09,FAMILY,남성,셔츠,1,1,1,47560
2026-03-09,FAMILY,등산화,등산화,1,1,1,100500
2026-03-09,FAMILY,미드/롱다운,자켓/베스트,1,1,1,84500
2026-03-09,FAMILY,여성,남성,1,1,2,145820
2026-03-10,FAMILY,남성,남성,3,3,7,600300
2026-03-10,FAMILY,남성,여성,1,1,1,69000
2026-03-10,FAMILY,자켓/ 베스트,남성,1,1,1,41300
2026-03-11,FAMILY,남성,남성,7,7,7,497850
2026-03-11,FAMILY,남성,라운드티,1,1,1,22180
2026-03-11,FAMILY,볼캡,남성,1,1,1,97100
2026-03-11,FAMILY,여성,여성,1,1,1,66400
2026-03-12,FAMILY,남성,남성,5,5,6,388550
2026-03-12,FAMILY,남성,여성,1,1,1,166120
2026-03-12,FAMILY,바람막이,남성,1,1,1,249100
2026-03-12,FAMILY,스니커즈,남성,1,1,1,62000
2026-03-12,FAMILY,여성,여성,3,3,3,447490
2026-03-12,FAMILY,여성,남성,1,1,1,122830
2026-03-13,FAMILY,UNKNOWN,남성,1,1,2,77900
2026-03-13,FAMILY,남성,남성,4,4,6,548790
2026-03-13,FAMILY,남성,셋업,1,1,1,65590
2026-03-13,FAMILY,등산화,남성,1,1,2,11500
2026-03-13,FAMILY,셋업,남성,1,1,2,217270
2026-03-13,FAMILY,셋업,등산화,1,1,1,154670
2026-03-13,FAMILY,액세서리,남성,1,1,2,77900
2026-03-13,FAMILY,여성,등산화,1,1,1,154670
2026-03-13,FAMILY,여성,남성,1,1,2,77000
2026-03-13,FAMILY,여성,여성,1,1,1,74040
2026-03-14,FAMILY,남성,여성,1,1,1,85130
2026-03-15,FAMILY,남성,남성,1,1,1,133100
2026-03-15,FAMILY,여성,등산화,1,1,1,105700
2026-03-16,FAMILY,가방,남성,1,1,1,80100
2026-03-16,FAMILY,남성,남성,2,2,3,226190
2026-03-16,FAMILY,남성,셋업,1,1,1,146300
2026-03-16,FAMILY,남성,여성,1,1,1,90300
2026-03-16,FAMILY,남성,바람막이,1,1,1,75020
2026-03-16,FAMILY,남성,자켓/ 베스트,1,1,1,15730
2026-03-16,FAMILY,여성,남성,2,2,2,86300
2026-03-17,FAMILY,남성,여성,3,3,3,261000
2026-03-17,FAMILY,남성,남성,4,4,4,192750
2026-03-17,FAMILY,여성,여성,2,2,2,311200
2026-03-18,FAMILY,UNKNOWN,남성,1,1,1,97300
2026-03-18,FAMILY,남성,남성,9,9,13,1058900
2026-03-18,FAMILY,남성,등산화,1,1,1,108140
2026-03-18,FAMILY,남성,바람막이,1,1,1,77000
2026-03-18,FAMILY,등산화,여성,1,1,1,131100
2026-03-18,FAMILY,반바지,남성,1,1,1,132300
2026-03-18,FAMILY,여성,남성,1,1,1,30720
2026-03-18,FAMILY,여성,라운드티,1,1,1,27550
2026-03-19,FAMILY,남성,남성,8,8,9,614510
2026-03-20,FAMILY,남성,남성,5,5,5,527520
2026-03-20,FAMILY,라운드티,여성,1,1,1,21610
2026-03-20,FAMILY,라운드티,남성,1,1,1,9390
2026-03-20,FAMILY,여성,여성,1,1,1,21610
2026-03-20,FAMILY,여성,남성,1,1,1,9390
2026-03-21,FAMILY,UNKNOWN,남성,1,1,1,95100
2026-03-21,FAMILY,긴바지,긴바지,1,1,1,27650
2026-03-21,FAMILY,남성,남성,2,2,2,44100
2026-03-21,FAMILY,여성,남성,1,1,1,58770
2026-03-22,FAMILY,남성,남성,3,3,3,216550
2026-03-22,FAMILY,남성,바람막이,1,1,1,77000
2026-03-23,FAMILY,남성,남성,3,3,4,550920
2026-03-23,FAMILY,남성,여성,1,1,1,124100
2026-03-23,FAMILY,패딩/슬림다운,남성,1,1,1,39000
2026-03-24,FAMILY,남성,남성,2,2,4,298400
2026-03-24,FAMILY,라운드티,남성,1,1,1,62100
2026-03-24,FAMILY,여성,여성,1,1,1,207420
2026-03-25,FAMILY,긴바지,남성,1,1,1,89000
2026-03-25,FAMILY,남성,여성,1,1,1,182540
2026-03-25,FAMILY,남성,남성,2,2,3,36530
2026-03-25,FAMILY,여성,여성,4,4,4,482160
2026-03-25,FAMILY,폴로티/집업,남성,1,1,2,31000
2026-03-26,FAMILY,남성,남성,5,5,5,441170
2026-03-26,FAMILY,남성,등산화,1,1,1,78470
2026-03-26,FAMILY,남성,바람막이,1,1,1,72800
2026-03-26,FAMILY,액세서리,등산화,1,1,1,78470
2026-03-26,FAMILY,액세서리,바람막이,1,1,1,72800
2026-03-26,FAMILY,여성,여성,1,1,1,78330
2026-03-27,FAMILY,남성,남성,3,3,3,295850
2026-03-27,FAMILY,남성,바람막이,2,2,2,145880
2026-03-27,FAMILY,등산화,남성,1,1,1,185100
2026-03-27,FAMILY,액세서리,바람막이,1,1,1,78810
2026-03-28,FAMILY,남성,남성,2,2,2,209370
2026-03-28,FAMILY,등산화,등산화,1,1,1,158100
2026-03-28,FAMILY,라운드티,긴바지,1,1,1,65000
2026-03-28,FAMILY,라운드티,폴로티/집업,1,1,1,59000
2026-03-28,FAMILY,맨투맨/후드티,긴바지,1,1,1,55000
2026-03-28,FAMILY,여성,여성,1,1,2,103230
2026-03-29,FAMILY,남성,남성,4,4,4,539920
2026-03-30,FAMILY,남성,남성,10,10,12,1070200
2026-03-30,FAMILY,남성,여성,2,2,3,553400
2026-03-30,FAMILY,등산화,남성,1,1,1,93880
2026-03-30,FAMILY,셋업,남성,1,1,1,112900
2026-03-30,FAMILY,여성,남성,1,1,1,112900
2026-03-31,FAMILY,남성,남성,7,7,11,789030
2026-03-31,FAMILY,남성,여성,1,1,1,84640
2026-03-31,FAMILY,남성,라운드티,1,1,1,16980
2026-03-31,FAMILY,미드/롱다운,남성,1,1,1,169100
2026-03-31,FAMILY,바람막이,라운드티,1,1,1,16980
2026-03-31,FAMILY,여성,여성,1,1,1,84640
2026-03-31,FAMILY,하이킹,남성,1,1,1,177500
2026-04-01,FAMILY,남성,남성,5,5,5,372060
2026-04-01,FAMILY,남성,등산화,1,1,1,169100
2026-04-01,FAMILY,남성,여성,1,1,1,105500
2026-04-01,FAMILY,셋업,남성,1,1,1,23200
2026-04-01,FAMILY,여성,남성,2,2,2,96240
2026-04-02,FAMILY,남성,남성,8,8,9,833850
2026-04-02,FAMILY,남성,여성,2,2,2,189080
2026-04-02,FAMILY,남성,등산화,1,1,1,102780
2026-04-02,FAMILY,여성,여성,2,2,2,189080
2026-04-02,FAMILY,여성,남성,1,1,2,184420
2026-04-03,FAMILY,남성,남성,8,8,12,538620
2026-04-03,FAMILY,남성,여성,2,2,2,157750
2026-04-03,FAMILY,남성,바람막이,1,1,1,72030
2026-04-03,FAMILY,여성,남성,1,1,1,30330
2026-04-04,FAMILY,남성,남성,4,4,5,404990
2026-04-04,FAMILY,남성,폴로티/집업,1,1,1,65000
2026-04-04,FAMILY,셋업,폴로티/집업,1,1,1,65000
2026-04-04,FAMILY,셋업,남성,1,1,1,47000
2026-04-05,FAMILY,남성,남성,3,3,4,530450
2026-04-05,FAMILY,남성,여성,1,1,1,157530
2026-04-05,FAMILY,셋업,남성,1,1,1,97100
2026-04-05,FAMILY,여성,남성,1,1,1,98100
2026-04-05,FAMILY,여성,바람막이,1,1,1,77000
2026-04-06,FAMILY,남성,남성,3,3,3,273060
2026-04-06,FAMILY,남성,바람막이,1,1,1,65000
2026-04-06,FAMILY,남성,긴바지,1,1,1,55000
2026-04-06,FAMILY,바람막이,여성,1,1,1,106100
2026-04-06,FAMILY,반바지,남성,1,1,1,49000
2026-04-07,FAMILY,긴바지,남성,1,1,3,98100
2026-04-07,FAMILY,남성,남성,6,6,9,1203330
2026-04-07,FAMILY,여성,여성,1,1,1,118070
2026-04-07,FAMILY,여성,남성,1,1,1,98080
2026-04-08,FAMILY,남성,남성,3,3,3,309940
2026-04-08,FAMILY,남성,바람막이,2,2,2,180000
2026-04-08,FAMILY,남성,등산화,1,1,1,123570
2026-04-08,FAMILY,등산화,등산화,1,1,1,123570
2026-04-08,FAMILY,여성,남성,1,1,1,56730
2026-04-09,FAMILY,남성,남성,5,5,7,539100
2026-04-09,FAMILY,남성,셋업,1,1,1,39810
2026-04-09,FAMILY,라운드티,남성,1,1,1,62300
2026-04-09,FAMILY,여성,여성,1,1,1,80100
2026-04-09,FAMILY,하이킹,남성,1,1,1,62300
2026-04-10,FAMILY,긴바지,남성,1,1,2,215100
2026-04-10,FAMILY,남성,남성,6,6,6,431330
2026-04-10,FAMILY,남성,등산화,1,1,1,127200
2026-04-10,FAMILY,남성,여성,1,1,2,120840
2026-04-10,FAMILY,남성,바람막이,1,1,1,77000
2026-04-10,FAMILY,등산화,남성,1,1,1,127300
2026-04-10,FAMILY,여성,여성,1,1,2,120840
2026-04-10,FAMILY,여성,남성,1,1,1,24470
2026-04-11,FAMILY,남성,남성,5,5,6,554970
2026-04-11,FAMILY,라운드티,남성,1,1,1,23000
2026-04-11,FAMILY,여성,남성,1,1,1,22070
2026-04-12,FAMILY,남성,남성,8,8,9,434500
2026-04-12,FAMILY,남성,버킷/부니,1,1,1,15130
2026-04-12,FAMILY,라운드티,남성,2,2,2,69370
2026-04-12,FAMILY,반바지,남성,1,1,1,21270
2026-04-12,FAMILY,여성,등산화,1,1,1,95900
2026-04-13,FAMILY,남성,남성,6,6,6,636630
2026-04-13,FAMILY,남성,여성,1,1,2,289100
2026-04-13,FAMILY,등산화,남성,2,2,3,152640
2026-04-13,FAMILY,미드/롱다운,여성,1,1,2,154100
2026-04-13,FAMILY,셋업,여성,1,1,2,154100
2026-04-14,FAMILY,남성,남성,6,6,7,364410
2026-04-14,FAMILY,남성,여성,1,1,1,94920
2026-04-14,FAMILY,남성,바람막이,1,1,1,77000
2026-04-14,FAMILY,바람막이,남성,1,1,1,41350
2026-04-15,FAMILY,남성,남성,3,3,7,298630
2026-04-15,FAMILY,라운드티,남성,1,1,2,82000
2026-04-15,FAMILY,여성,바람막이,1,1,1,95000
2026-04-15,FAMILY,여성,남성,1,1,2,20000
2026-04-16,FAMILY,UNKNOWN,바람막이,1,1,1,76500
2026-04-16,FAMILY,남성,남성,14,14,16,1363020
2026-04-16,FAMILY,남성,바람막이,4,4,4,282670
2026-04-16,FAMILY,남성,여성,2,2,2,229790
2026-04-16,FAMILY,남성,긴바지,1,1,1,64100
2026-04-16,FAMILY,바람막이,바람막이,1,1,1,63870
2026-04-16,FAMILY,바람막이,긴바지,1,1,1,40000
2026-04-16,FAMILY,여성,여성,1,1,1,85130
2026-04-16,FAMILY,여성,셋업,1,1,1,66720
2026-04-16,FAMILY,여성,남성,1,1,1,22970
2026-04-16,SILVER,남성,남성,1,1,1,69240
2026-04-17,FAMILY,남성,여성,4,4,6,646680
2026-04-17,FAMILY,남성,남성,2,2,2,198630
2026-04-17,FAMILY,남성,등산화,1,1,1,99500
2026-04-17,FAMILY,남성,긴바지,1,1,1,55000
2026-04-17,FAMILY,부츠,여성,1,1,2,117530
2026-04-17,FAMILY,부츠,라운드티,1,1,1,46910
2026-04-17,FAMILY,여성,여성,1,1,3,298500
2026-04-17,FAMILY,여성,등산화,1,1,1,99500
2026-04-18,FAMILY,남성,남성,10,10,15,895550
2026-04-18,FAMILY,남성,긴바지,1,1,1,65000
2026-04-18,FAMILY,남성,바람막이,1,1,1,61730
2026-04-18,FAMILY,남성,여성,1,1,1,37780
2026-04-18,FAMILY,등산화,남성,1,1,1,34470
2026-04-18,FAMILY,라운드티,셋업,1,1,1,86440
2026-04-18,FAMILY,라운드티,여성,1,1,1,82060
2026-04-18,FAMILY,여성,여성,1,1,1,60300
2026-04-18,FAMILY,여성,남성,1,1,2,54350
2026-04-19,FAMILY,UNKNOWN,바람막이,1,1,1,77970
2026-04-19,FAMILY,UNKNOWN,남성,1,1,1,74830
2026-04-19,FAMILY,긴바지,남성,1,1,1,55000
2026-04-19,FAMILY,남성,남성,9,9,18,1089040
2026-04-19,FAMILY,남성,여성,3,3,3,317650
2026-04-19,FAMILY,남성,바람막이,1,1,1,63020
2026-04-19,FAMILY,바람막이,남성,1,1,4,124200
2026-04-20,FAMILY,남성,남성,5,5,5,557930
2026-04-20,FAMILY,남성,여성,1,1,1,90300
2026-04-20,FAMILY,라운드티,남성,1,1,1,35110
2026-04-20,FAMILY,맨투맨/후드티,긴바지,1,1,1,39500
2026-04-20,FAMILY,여성,여성,1,1,2,117020
2026-04-21,FAMILY,남성,남성,9,9,13,1052020
2026-04-21,FAMILY,남성,여성,2,2,2,236720
2026-04-21,FAMILY,남성,바람막이,1,1,1,64500
2026-04-21,FAMILY,셋업,셋업,1,1,2,124320
2026-04-21,FAMILY,여성,남성,2,2,2,193220
2026-04-22,FAMILY,남성,남성,4,4,6,516430
2026-04-22,FAMILY,남성,긴바지,1,1,1,65000
2026-04-22,FAMILY,여성,긴바지,1,1,1,65000
2026-04-23,FAMILY,UNKNOWN,여성,1,1,9,760500
2026-04-23,FAMILY,남성,남성,8,8,9,616410
2026-04-23,FAMILY,남성,UNKNOWN,1,1,1,80050
2026-04-23,FAMILY,남성,바람막이,1,1,1,54500
2026-04-23,FAMILY,라운드티,남성,1,1,2,109480
2026-04-23,FAMILY,라운드티,여성,1,1,1,56620
2026-04-23,FAMILY,바람막이,바람막이,1,1,4,249000
2026-04-23,FAMILY,여성,여성,1,1,1,58580
2026-04-24,FAMILY,남성,남성,8,8,8,713810
2026-04-24,FAMILY,라운드티,UNKNOWN,1,1,1,83130
2026-04-24,FAMILY,라운드티,남성,1,1,1,28370
2026-04-25,FAMILY,남성,남성,11,11,11,827280
2026-04-25,FAMILY,남성,여성,1,1,1,121950
2026-04-25,FAMILY,액세서리,남성,1,1,1,48300
2026-04-25,FAMILY,여성,남성,2,2,2,101560
2026-04-26,FAMILY,남성,남성,9,9,14,1035360
2026-04-26,FAMILY,남성,여성,4,4,4,267250
2026-04-26,FAMILY,남성,등산화,1,1,1,74500
2026-04-26,FAMILY,남성,바람막이,1,1,1,63270
2026-04-26,FAMILY,반바지,남성,1,1,1,53100
2026-04-26,FAMILY,여성,남성,1,1,3,203300
2026-04-26,FAMILY,폴로티/집업,남성,1,1,1,46950
2026-04-26,FAMILY,폴로티/집업,여성,1,1,1,22350
2026-04-27,FAMILY,남성,남성,9,9,10,731960
2026-04-27,FAMILY,남성,바람막이,5,5,6,367640
2026-04-27,FAMILY,남성,여성,1,1,1,83870
2026-04-27,FAMILY,셋업,남성,1,1,1,25360
2026-04-27,FAMILY,자켓/ 베스트,남성,1,1,1,112160
2026-04-27,FAMILY,자켓/ 베스트,여성,1,1,1,83870
2026-04-27,FAMILY,자켓/ 베스트,바람막이,1,1,1,54020
2026-04-27,FAMILY,하이킹,등산화,1,1,1,97300
2026-04-28,FAMILY,긴바지,바람막이,1,1,1,74160
2026-04-28,FAMILY,남성,남성,11,11,13,1041100
2026-04-28,FAMILY,남성,등산화,2,2,2,204890
2026-04-28,FAMILY,남성,바람막이,1,1,1,55570
2026-04-28,FAMILY,라운드티,남성,1,1,1,95100
2026-04-28,FAMILY,볼캡,남성,1,1,1,110100
2026-04-28,GOLD,바람막이,여성,1,1,1,28170
2026-04-28,GOLD,바람막이,남성,1,1,1,15980
2026-04-28,TITANIUM,남성,남성,1,1,1,127200
2026-04-29,FAMILY,남성,남성,6,6,6,595910
2026-04-29,FAMILY,등산화,남성,1,1,1,40850
2026-04-29,FAMILY,바람막이,남성,1,1,1,83300
2026-04-29,FAMILY,여성,남성,1,1,1,40850
2026-04-30,FAMILY,긴바지,남성,1,1,1,29000
2026-04-30,FAMILY,남성,남성,9,9,13,707180
2026-04-30,FAMILY,남성,바람막이,1,1,1,63900
2026-04-30,FAMILY,여성,여성,1,1,1,181300
2026-04-30,FAMILY,여성,남성,1,1,2,59570
2026-04-30,SILVER,여성,여성,1,1,1,93520
2026-05-01,FAMILY,남성,남성,20,20,23,1037960
2026-05-01,FAMILY,남성,등산화,1,1,1,70300
2026-05-01,FAMILY,남성,여성,1,1,1,68040
2026-05-01,FAMILY,남성,라운드티,1,1,1,31000
2026-05-01,FAMILY,맨투맨/후드티,남성,1,1,1,13000
2026-05-01,FAMILY,셋업,긴바지,1,1,1,23000
2026-05-01,FAMILY,여성,여성,1,1,1,133740
2026-05-01,FAMILY,여성,남성,1,1,1,31040
2026-05-01,FAMILY,자켓/ 베스트,여성,1,1,1,68040
2026-05-01,FAMILY,하이킹,남성,1,1,1,39000
2026-05-02,FAMILY,UNKNOWN,남성,1,1,1,25000
2026-05-02,FAMILY,남성,남성,17,17,24,1403880
2026-05-02,FAMILY,남성,여성,2,2,3,428930
2026-05-02,FAMILY,남성,바람막이,1,1,1,61320
2026-05-02,FAMILY,남성,라운드티,2,2,2,35020
2026-05-02,FAMILY,남성,긴바지,1,1,1,19220
2026-05-02,FAMILY,맨투맨/후드티,남성,1,1,2,227380
2026-05-02,FAMILY,여성,남성,2,2,2,158810
2026-05-02,FAMILY,여성,여성,2,2,2,94380
2026-05-03,FAMILY,UNKNOWN,남성,1,1,2,46500
2026-05-03,FAMILY,남성,남성,4,4,5,150070
2026-05-03,FAMILY,남성,긴바지,2,2,2,57550
2026-05-03,FAMILY,라운드티,등산화,1,1,1,131480
2026-05-03,FAMILY,라운드티,남성,2,2,3,116420
2026-05-03,FAMILY,반바지,남성,1,1,6,288000
2026-05-03,FAMILY,반바지,여성,1,1,1,89500
2026-05-03,FAMILY,셋업,여성,1,1,1,333100
2026-05-03,FAMILY,여성,여성,1,1,1,167000
2026-05-03,FAMILY,여성,남성,2,2,2,37650
2026-05-04,FAMILY,UNKNOWN,남성,1,1,1,61300
2026-05-04,FAMILY,긴바지,남성,2,2,2,126400
2026-05-04,FAMILY,남성,남성,11,11,12,756310
2026-05-04,FAMILY,남성,등산화,1,1,1,117870
2026-05-04,FAMILY,남성,UNKNOWN,1,1,1,71100
2026-05-04,FAMILY,라운드티,남성,1,1,1,24100
2026-05-04,FAMILY,여성,여성,1,1,1,93490
2026-05-04,FAMILY,여성,남성,1,1,1,59000
2026-05-05,FAMILY,긴바지,남성,3,3,3,67200
2026-05-05,FAMILY,남성,남성,53,53,67,3079540
2026-05-05,FAMILY,남성,여성,3,3,3,181450
2026-05-05,FAMILY,남성,바람막이,1,1,1,78150
2026-05-05,FAMILY,남성,긴바지,1,1,1,50340
2026-05-05,FAMILY,남성,셋업,1,1,1,27650
2026-05-05,FAMILY,남성,라운드티,1,1,1,23000
2026-05-05,FAMILY,등산화,남성,1,1,1,28000
2026-05-05,FAMILY,라운드티,남성,2,2,2,111780
2026-05-05,FAMILY,라운드티,라운드티,1,1,1,25000
2026-05-05,FAMILY,반바지,남성,2,2,2,88680
2026-05-05,FAMILY,셋업,여성,1,1,1,101000
2026-05-05,FAMILY,여성,남성,11,11,12,302220
2026-05-05,FAMILY,여성,라운드티,1,1,1,25000
2026-05-05,FAMILY,인터체인지 (3 in 1),남성,2,2,2,127200
2026-05-05,FAMILY,자켓/ 베스트,남성,1,1,1,37000
2026-05-05,FAMILY,자켓/베스트,남성,1,1,1,70100
2026-05-05,FAMILY,하이킹,남성,1,1,1,36300
2026-05-05,FAMILY,하이킹,라운드티,1,1,1,23000
2026-05-06,FAMILY,남성,남성,18,18,24,1041560
2026-05-06,FAMILY,남성,여성,2,2,2,101900
2026-05-06,FAMILY,라운드티,남성,2,2,2,139200
2026-05-06,FAMILY,맨투맨/후드티,남성,1,1,1,14500
2026-05-06,FAMILY,셋업,남성,1,1,1,48940
2026-05-06,FAMILY,액세서리,등산화,1,1,1,66000
2026-05-06,FAMILY,액세서리,남성,1,1,1,33000
2026-05-06,FAMILY,여성,남성,5,5,5,168300
2026-05-06,FAMILY,여성,여성,1,1,1,44740
2026-05-06,FAMILY,자켓/ 베스트,등산화,1,1,1,66000
2026-05-06,FAMILY,폴로티/집업,여성,1,1,1,45660
2026-05-07,FAMILY,남성,남성,20,20,23,975410
2026-05-07,FAMILY,남성,여성,2,2,2,179030
2026-05-07,FAMILY,남성,등산화,1,1,1,114590
2026-05-07,FAMILY,남성,셋업,1,1,1,37640
2026-05-07,FAMILY,등산화,여성,1,1,1,68680
2026-05-07,FAMILY,등산화,남성,1,1,1,14500
2026-05-07,FAMILY,반바지,남성,1,1,1,24000
2026-05-07,FAMILY,부츠,남성,1,1,3,78650
2026-05-07,FAMILY,하이킹,UNKNOWN,1,1,3,15710
2026-05-07,FAMILY,하이킹,남성,1,1,1,7860
2026-05-07,SILVER,남성,남성,1,1,1,57180
2026-05-07,SILVER,셋업,남성,1,1,1,57180
2026-05-08,FAMILY,긴바지,남성,1,1,2,158100
2026-05-08,FAMILY,남성,남성,9,9,11,582760
2026-05-08,FAMILY,남성,바람막이,1,1,1,61770
2026-05-08,FAMILY,남성,여성,1,1,1,58100
2026-05-08,FAMILY,등산화,남성,3,3,3,168700
2026-05-08,FAMILY,여성,남성,5,5,5,173680
2026-05-08,SILVER,남성,남성,2,2,3,105900
2026-05-09,FAMILY,긴바지,남성,2,2,2,100100
2026-05-09,FAMILY,남성,남성,7,7,8,475660
2026-05-09,FAMILY,남성,바람막이,1,1,1,77000
2026-05-09,FAMILY,남성,긴바지,1,1,1,59650
2026-05-09,FAMILY,반바지,남성,1,1,1,17000
2026-05-09,FAMILY,볼캡,남성,1,1,1,38300
2026-05-09,FAMILY,여성,남성,2,2,3,83340
2026-05-10,FAMILY,UNKNOWN,남성,3,3,4,214480
2026-05-10,FAMILY,가방,남성,1,1,1,23000
2026-05-10,FAMILY,긴바지,긴바지,1,1,1,28000
2026-05-10,FAMILY,남성,남성,110,110,142,4990140
2026-05-10,FAMILY,남성,여성,5,5,6,499050
2026-05-10,FAMILY,남성,등산화,2,2,2,230680
2026-05-10,FAMILY,남성,긴바지,2,2,2,53560
2026-05-10,FAMILY,남성,라운드티,2,2,2,43210
2026-05-10,FAMILY,등산화,남성,9,9,13,542520
2026-05-10,FAMILY,라운드티,남성,6,6,6,152900
2026-05-10,FAMILY,라운드티,여성,1,1,1,93430
2026-05-10,FAMILY,라운드티,라운드티,1,1,1,54570
2026-05-10,FAMILY,바람막이,남성,1,1,1,66300
2026-05-10,FAMILY,반바지,남성,1,1,1,27000
2026-05-10,FAMILY,부츠,남성,1,1,1,35540
2026-05-10,FAMILY,셋업,남성,2,2,2,60100
2026-05-10,FAMILY,스니커즈,남성,1,1,1,13000
2026-05-10,FAMILY,액세서리,남성,1,1,1,10000
2026-05-10,FAMILY,여성,여성,5,5,7,610920
2026-05-10,FAMILY,여성,남성,14,14,17,423300
2026-05-10,FAMILY,여성,반바지,2,2,2,83210
2026-05-10,FAMILY,여성,셋업,2,2,2,72590
2026-05-10,FAMILY,하이킹,남성,1,1,1,29000
2026-05-11,FAMILY,남성,남성,6,6,7,665400
2026-05-11,FAMILY,남성,여성,2,2,2,278100
2026-05-11,FAMILY,여성,여성,1,1,1,159000
2026-05-11,FAMILY,폴로티/집업,남성,1,1,1,47000
2026-05-12,FAMILY,남성,남성,5,5,8,792280
2026-05-12,FAMILY,남성,긴바지,1,1,1,62450
2026-05-12,FAMILY,남성,여성,1,1,1,60920
2026-05-12,FAMILY,자켓/ 베스트,남성,1,1,1,117200
2026-05-13,FAMILY,남성,남성,7,7,8,546390
2026-05-13,FAMILY,남성,여성,1,1,3,203900
2026-05-13,FAMILY,남성,긴바지,1,1,1,65000
2026-05-13,FAMILY,여성,여성,2,2,4,298550
2026-05-13,FAMILY,여성,남성,1,1,1,46520
2026-05-14,FAMILY,남성,남성,3,3,3,142670
2026-05-14,FAMILY,등산화,남성,1,1,1,159200
2026-05-14,FAMILY,등산화,등산화,1,1,1,119200
2026-05-14,FAMILY,여성,여성,1,1,1,39130
2026-05-14,FAMILY,여성,남성,1,1,1,26890
2026-05-15,FAMILY,남성,남성,7,7,14,1098220
2026-05-15,FAMILY,라운드티,남성,2,2,4,182410
2026-05-15,FAMILY,셋업,남성,1,1,4,358100
2026-05-16,FAMILY,긴바지,남성,1,1,1,34960
2026-05-16,FAMILY,남성,남성,3,3,3,123200
2026-05-16,FAMILY,등산화,남성,1,1,1,43600
2026-05-16,FAMILY,셋업,여성,1,1,1,69000
2026-05-16,FAMILY,여성,남성,1,1,1,39200
2026-05-17,FAMILY,남성,남성,4,4,7,668590
2026-05-17,FAMILY,남성,등산화,1,1,1,70690
2026-05-17,FAMILY,바람막이,등산화,1,1,1,70690
2026-05-18,FAMILY,가방,남성,1,1,1,53300
2026-05-18,FAMILY,남성,남성,4,4,12,722040
2026-05-18,FAMILY,등산화,남성,1,1,9,481000
2026-05-18,FAMILY,여성,남성,1,1,5,313100
2026-05-19,FAMILY,긴바지,남성,1,1,2,103100
2026-05-19,FAMILY,남성,남성,3,3,5,274940
2026-05-19,FAMILY,남성,등산화,1,1,1,119200
2026-05-19,FAMILY,라운드티,여성,1,1,1,145660
2026-05-19,FAMILY,라운드티,남성,1,1,1,62440
2026-05-19,FAMILY,셋업,여성,1,1,1,62300
2026-05-19,FAMILY,셋업,남성,1,1,1,29000
2026-05-19,FAMILY,여성,여성,1,1,1,62300
2026-05-19,FAMILY,여성,남성,1,1,1,29000
2026-05-20,FAMILY,남성,남성,13,13,14,1564470
2026-05-20,FAMILY,남성,여성,2,2,2,223990
2026-05-20,FAMILY,남성,등산화,1,1,1,152350
2026-05-20,FAMILY,남성,부츠,1,1,1,78350
2026-05-20,FAMILY,등산화,남성,1,1,1,38430
2026-05-20,FAMILY,라운드티,남성,1,1,1,38300
2026-05-20,FAMILY,셔츠,남성,1,1,1,142100
2026-05-20,FAMILY,여성,남성,1,1,1,138680
2026-05-20,FAMILY,여성,여성,1,1,1,63550
2026-05-20,FAMILY,장갑,남성,1,1,1,38430
2026-05-20,FAMILY,하이킹,남성,1,1,1,27000
2026-05-21,FAMILY,가방,남성,1,1,2,223300
2026-05-21,FAMILY,남성,남성,10,10,11,746720
2026-05-21,FAMILY,액세서리,남성,1,1,1,62100
2026-05-21,FAMILY,하이킹,남성,1,1,2,146770
2026-05-21,FAMILY,하이킹,긴바지,1,1,1,48530
2026-05-22,FAMILY,남성,여성,1,1,1,54000
2026-05-22,FAMILY,남성,남성,1,1,1,7500
2026-05-22,FAMILY,여성,여성,1,1,1,63080
2026-05-23,FAMILY,남성,남성,3,3,3,299600
2026-05-23,FAMILY,남성,여성,1,1,1,127360
2026-05-23,FAMILY,셋업,부츠,1,1,1,85100
2026-05-23,FAMILY,여성,여성,1,1,1,119000
2026-05-23,FAMILY,여성,남성,1,1,1,74840
2026-05-23,SILVER,남성,여성,1,1,1,72990
2026-05-23,SILVER,여성,여성,1,1,1,72990
2026-05-24,FAMILY,남성,남성,6,6,8,303320
2026-05-24,FAMILY,남성,바람막이,1,1,1,60740
2026-05-24,FAMILY,스니커즈,남성,1,1,1,133100
2026-05-25,FAMILY,긴바지,남성,1,1,1,69100
2026-05-25,FAMILY,긴바지,라운드티,1,1,2,51880
2026-05-25,FAMILY,남성,남성,12,12,16,1006110
2026-05-25,FAMILY,남성,라운드티,2,2,3,92880
2026-05-25,FAMILY,남성,긴바지,1,1,1,37750
2026-05-25,FAMILY,셋업,남성,1,1,1,69100
2026-05-25,FAMILY,여성,남성,2,2,3,247830
2026-05-25,FAMILY,여성,여성,1,1,1,129150
2026-05-25,FAMILY,자켓/ 베스트,남성,1,1,2,118000
2026-05-26,FAMILY,남성,남성,5,5,5,566200
2026-05-26,FAMILY,라운드티,등산화,1,1,1,89000
2026-05-26,FAMILY,라운드티,남성,1,1,1,55300
2026-05-26,FAMILY,라운드티,여성,1,1,1,47000
2026-05-26,FAMILY,여성,남성,3,3,3,86250
2026-05-27,FAMILY,남성,남성,9,9,15,1475070
2026-05-27,FAMILY,남성,바람막이,1,1,1,77000
2026-05-27,FAMILY,여성,여성,1,1,1,63220
2026-05-28,FAMILY,남성,남성,9,9,11,863710
2026-05-28,FAMILY,여성,남성,3,3,4,207120
2026-05-29,FAMILY,남성,남성,14,14,22,1505080
2026-05-29,FAMILY,남성,여성,2,2,2,191860
2026-05-29,FAMILY,등산화,남성,1,1,1,55100
2026-05-29,FAMILY,라운드티,남성,2,2,4,286200
2026-05-29,FAMILY,바람막이,남성,1,1,2,127530
2026-05-29,FAMILY,바람막이,라운드티,1,1,1,40570
2026-05-29,FAMILY,여성,여성,1,1,1,134610
2026-05-29,FAMILY,하이킹,남성,1,1,1,49500
2026-05-30,FAMILY,남성,남성,4,4,4,403900
2026-05-30,FAMILY,남성,셋업,1,1,1,85550
2026-05-30,FAMILY,남성,여성,1,1,1,50930
2026-05-30,FAMILY,라운드티,남성,1,1,1,47000
2026-05-30,FAMILY,여성,남성,2,2,2,220680
2026-05-30,FAMILY,여성,여성,1,1,1,50930
2026-05-30,SILVER,남성,남성,1,1,2,52270
2026-05-31,FAMILY,남성,남성,10,10,17,1240310
2026-05-31,FAMILY,남성,UNKNOWN,1,1,1,37390
2026-05-31,FAMILY,남성,긴바지,1,1,1,37000
2026-05-31,FAMILY,볼캡,남성,1,1,3,172310
2026-05-31,FAMILY,볼캡,여성,1,1,1,106790
2026-05-31,FAMILY,여성,여성,2,2,2,203220
2026-05-31,FAMILY,여성,남성,2,2,2,77910
2026-06-01,FAMILY,남성,남성,10,10,14,1065080
2026-06-01,FAMILY,여성,남성,2,2,4,252410
2026-06-01,FAMILY,여성,여성,1,1,1,62300
2026-06-02,FAMILY,남성,남성,6,6,9,608470
2026-06-02,FAMILY,여성,남성,1,1,1,126460
