order_date,category,repeat_orders,repeat_buyers,quantity,revenue,repeat_rate
2024-04-16,셋업,1,1,1,169000,1.0
2024-04-16,긴바지,1,1,1,119000,1.0
2024-04-16,여성,1,1,1,104500,1.0
2024-04-16,바람막이,1,1,1,84500,1.0
2024-04-16,남성,2,1,3,59000,0.5
2024-04-17,남성,2,2,4,104500,1.0
2024-04-18,라운드티,1,1,1,60000,1.0
2024-04-19,남성,2,2,2,205000,1.0
2024-04-19,반바지,2,2,3,119060,1.0
2024-04-19,라운드티,2,2,3,107140,1.0
2024-04-20,셋업,1,1,1,99000,1.0
2024-04-20,남성,2,2,3,87680,1.0
2024-04-20,햇,1,1,1,37680,1.0
2024-04-21,등산화,1,1,1,219000,1.0
2024-04-21,남성,1,1,2,163000,1.0
2024-04-21,자켓/ 베스트,1,1,1,114500,1.0
2024-04-21,반바지,1,1,1,79000,1.0
2024-04-22,남성,5,5,7,435000,1.0
2024-04-22,자켓/ 베스트,2,1,3,383500,0.5
2024-04-22,바람막이,2,2,2,176500,1.0
2024-04-22,라운드티,2,2,2,118000,1.0
2024-04-22,등산화,1,1,1,84500,1.0
2024-04-22,UNKNOWN,1,1,1,34500,1.0
2024-04-23,남성,4,4,9,250000,1.0
2024-04-23,긴바지,1,1,1,119000,1.0
2024-04-23,여성,1,1,1,54500,1.0
2024-04-24,남성,4,4,4,348240,1.0
2024-04-24,트레일러닝,2,1,2,216030,0.5
2024-04-24,라운드티,3,3,5,208100,1.0
2024-04-24,긴바지,2,2,2,101770,1.0
2024-04-24,등산화,1,1,1,79500,1.0
2024-04-24,반바지,1,1,1,39500,1.0
2024-04-25,긴바지,2,2,2,238000,1.0
2024-04-25,남성,3,3,4,223000,1.0
2024-04-25,스니커즈,1,1,1,95300,1.0
2024-04-25,등산화,1,1,1,79500,1.0
2024-04-26,남성,3,3,3,213380,1.0
2024-04-26,등산화,1,1,1,171510,1.0
2024-04-26,바람막이,1,1,1,122380,1.0
2024-04-26,셋업,1,1,1,69500,1.0
2024-04-27,남성,4,4,8,643480,1.0
2024-04-27,긴바지,1,1,1,136440,1.0
2024-04-27,셋업,1,1,1,71200,1.0
2024-04-27,라운드티,1,1,1,55200,1.0
2024-04-28,남성,5,5,6,274000,1.0
2024-04-28,라운드티,2,2,2,155610,1.0
2024-04-28,UNKNOWN,2,2,2,149550,1.0
2024-04-29,남성,3,3,4,274120,1.0
2024-04-29,카고/조거,1,1,1,85020,1.0
2024-04-29,하이킹,1,1,1,69500,1.0
2024-04-29,등산화,1,1,1,64500,1.0
2024-04-29,라운드티,1,1,2,59000,1.0
2024-04-29,셋업,1,1,1,44500,1.0
2024-04-29,UNKNOWN,1,1,1,34500,1.0
2024-04-29,반바지,1,1,1,24500,1.0
2024-04-30,남성,6,6,6,378990,1.0
2024-04-30,여성,3,1,3,163500,0.3333333333333333
2024-04-30,긴바지,2,2,2,147700,1.0
2024-04-30,자켓/ 베스트,1,1,1,109500,1.0
2024-04-30,바람막이,2,1,2,99000,0.5
2024-04-30,반바지,2,1,2,79000,0.5
2024-04-30,UNKNOWN,1,1,1,34500,1.0
2024-04-30,라운드티,1,1,1,34500,1.0
2024-05-01,여성,2,2,2,218550,1.0
2024-05-01,남성,2,2,2,88020,1.0
2024-05-01,라운드티,1,1,1,53400,1.0
2024-05-01,UNKNOWN,1,1,1,49890,1.0
2024-05-02,남성,5,4,13,684500,0.8
2024-05-02,라운드티,6,6,7,291320,1.0
2024-05-02,UNKNOWN,1,1,2,179000,1.0
2024-05-02,하이킹,1,1,2,139000,1.0
2024-05-02,긴바지,2,2,2,123700,1.0
2024-05-02,여성,1,1,1,79000,1.0
2024-05-02,셔츠,1,1,1,44500,1.0
2024-05-02,반바지,1,1,1,22900,1.0
2024-05-03,긴바지,2,2,4,378900,1.0
2024-05-03,라운드티,3,3,8,368500,1.0
2024-05-03,남성,5,5,6,353380,1.0
2024-05-03,자켓/ 베스트,1,1,1,144680,1.0
2024-05-03,하이킹,1,1,1,94500,1.0
2024-05-03,가방,1,1,1,74500,1.0
2024-05-03,반바지,1,1,2,70000,1.0
2024-05-03,UNKNOWN,1,1,1,69000,1.0
2024-05-04,남성,6,6,7,289100,1.0
2024-05-04,긴바지,1,1,1,109460,1.0
2024-05-05,남성,2,2,2,204420,1.0
2024-05-05,라운드티,3,3,3,173540,1.0
2024-05-05,바람막이,1,1,1,124330,1.0
2024-05-05,트레일러닝,1,1,1,109000,1.0
2024-05-05,긴바지,1,1,1,76170,1.0
2024-05-06,남성,5,5,6,550480,1.0
2024-05-06,긴바지,1,1,1,72050,1.0
2024-05-06,상의,1,1,1,65250,1.0
2024-05-06,UNKNOWN,1,1,1,62100,1.0
2024-05-07,남성,13,13,18,720130,1.0
2024-05-07,자켓/ 베스트,3,3,3,346490,1.0
2024-05-07,긴바지,2,2,2,187700,1.0
2024-05-07,등산화,1,1,1,172320,1.0
2024-05-07,라운드티,2,2,2,113590,1.0
2024-05-07,상의,1,1,1,76630,1.0
2024-05-07,가방,1,1,1,74500,1.0
2024-05-08,남성,9,8,12,743620,0.8888888888888888
2024-05-08,여성,3,3,3,323200,1.0
2024-05-08,바람막이,1,1,3,238500,1.0
2024-05-08,라운드티,2,2,6,177000,1.0
2024-05-08,트레일러닝,1,1,1,109000,1.0
2024-05-08,셋업,2,2,2,94000,1.0
2024-05-08,하이킹,1,1,1,83000,1.0
2024-05-08,긴바지,1,1,1,59500,1.0
2024-05-08,셔츠,1,1,1,44500,1.0
2024-05-08,반바지,1,1,1,24500,1.0
2024-05-09,남성,4,4,5,362870,1.0
2024-05-09,UNKNOWN,4,4,5,305620,1.0
2024-05-09,셋업,1,1,2,110400,1.0
2024-05-09,가방,1,1,1,65120,1.0
2024-05-10,긴바지,4,4,4,323240,1.0
2024-05-10,남성,4,3,8,288150,0.75
2024-05-10,라운드티,2,2,2,85120,1.0
2024-05-10,반바지,1,1,1,61800,1.0
2024-05-10,상의,1,1,1,49500,1.0
2024-05-10,햇,1,1,1,25920,1.0
2024-05-11,남성,8,8,11,513450,1.0
2024-05-11,여성,1,1,1,149000,1.0
2024-05-11,트레일러닝,1,1,1,109000,1.0
2024-05-11,반바지,2,2,2,91860,1.0
2024-05-11,자켓/ 베스트,1,1,1,89500,1.0
2024-05-11,셋업,1,1,1,85350,1.0
2024-05-11,바람막이,1,1,1,79500,1.0
2024-05-11,라운드티,1,1,2,59000,1.0
2024-05-12,남성,7,7,8,498780,1.0
2024-05-12,자켓/ 베스트,3,3,3,479940,1.0
2024-05-12,셋업,2,2,2,154000,1.0
2024-05-12,등산화,1,1,1,84500,1.0
2024-05-12,긴바지,1,1,1,59500,1.0
2024-05-12,햇,1,1,1,42110,1.0
2024-05-13,남성,2,2,4,149700,1.0
2024-05-13,여성,1,1,1,74500,1.0
2024-05-13,상의,1,1,1,61440,1.0
2024-05-13,셋업,1,1,1,39500,1.0
2024-05-14,남성,4,4,5,368500,1.0
2024-05-14,긴바지,2,2,2,130700,1.0
2024-05-14,셋업,1,1,1,71200,1.0
2024-05-14,UNKNOWN,2,2,2,69000,1.0
2024-05-14,스니커즈,1,1,1,68710,1.0
2024-05-14,여성,1,1,1,58350,1.0
2024-05-14,바람막이,1,1,1,49500,1.0
2024-05-14,반바지,1,1,1,39500,1.0
2024-05-14,라운드티,1,1,1,24500,1.0
2024-05-15,남성,6,6,6,353300,1.0
2024-05-15,라운드티,3,3,4,152500,1.0
2024-05-15,긴바지,2,2,2,114000,1.0
2024-05-15,바람막이,1,1,1,49500,1.0
2024-05-15,반바지,1,1,1,39500,1.0
2024-05-15,UNKNOWN,1,1,1,24500,1.0
2024-05-16,남성,5,5,9,580990,1.0
2024-05-16,라운드티,3,3,4,138000,1.0
2024-05-16,반바지,2,2,3,118500,1.0
2024-05-16,바람막이,1,1,1,79500,1.0
2024-05-16,긴바지,1,1,1,59500,1.0
2024-05-17,남성,6,6,8,313330,1.0
2024-05-17,라운드티,1,1,1,87540,1.0
2024-05-17,UNKNOWN,1,1,1,69000,1.0
2024-05-18,남성,5,5,7,327630,1.0
2024-05-18,긴바지,1,1,1,60860,1.0
2024-05-18,UNKNOWN,1,1,1,34500,1.0
2024-05-19,남성,5,5,8,500100,1.0
2024-05-19,긴바지,3,3,4,372200,1.0
2024-05-19,UNKNOWN,1,1,1,175590,1.0
2024-05-19,셋업,1,1,1,143200,1.0
2024-05-19,라운드티,2,2,2,117690,1.0
2024-05-19,반바지,2,2,2,88500,1.0
2024-05-19,셔츠,1,1,1,44500,1.0
2024-05-19,햇,1,1,1,40570,1.0
2024-05-20,남성,6,6,13,463830,1.0
2024-05-20,바람막이,1,1,1,149350,1.0
2024-05-20,긴바지,1,1,1,111200,1.0
2024-05-20,상의,1,1,1,71630,1.0
2024-05-20,햇,1,1,1,19500,1.0
2024-05-21,남성,6,6,16,668360,1.0
2024-05-21,트레일러닝,1,1,1,104100,1.0
2024-05-21,라운드티,2,2,2,98500,1.0
2024-05-21,긴바지,1,1,1,87200,1.0
2024-05-22,남성,6,6,6,300700,1.0
2024-05-22,긴바지,2,2,2,153860,1.0
2024-05-22,UNKNOWN,1,1,1,54080,1.0
2024-05-22,반바지,1,1,1,39500,1.0
2024-05-23,남성,10,10,14,687640,1.0
2024-05-23,긴바지,3,3,4,254700,1.0
2024-05-23,라운드티,3,3,3,108500,1.0
2024-05-23,여성,2,2,2,74000,1.0
2024-05-23,셋업,1,1,1,69500,1.0
2024-05-23,장갑,1,1,1,24450,1.0
2024-05-24,남성,9,7,16,611690,0.7777777777777778
2024-05-24,라운드티,5,5,8,344540,1.0
2024-05-24,하이킹,1,1,1,130300,1.0
2024-05-24,가방,1,1,1,114540,1.0
2024-05-24,긴바지,2,2,2,110840,1.0
2024-05-24,상의,1,1,1,90860,1.0
2024-05-24,바람막이,1,1,1,69500,1.0
2024-05-24,반바지,1,1,1,39500,1.0
2024-05-25,남성,5,5,7,566860,1.0
2024-05-25,스니커즈,1,1,1,133880,1.0
2024-05-25,라운드티,2,2,3,128000,1.0
2024-05-25,상의,1,1,1,76840,1.0
2024-05-25,UNKNOWN,1,1,1,59650,1.0
2024-05-26,남성,5,5,8,347080,1.0
2024-05-26,여성,1,1,2,149000,1.0
2024-05-26,라운드티,3,3,3,144580,1.0
2024-05-26,긴바지,1,1,1,110280,1.0
2024-05-26,UNKNOWN,1,1,1,62950,1.0
2024-05-26,가방,1,1,1,62300,1.0
2024-05-26,상의,1,1,1,61340,1.0
2024-05-26,바람막이,1,1,1,49500,1.0
2024-05-26,반바지,1,1,1,39500,1.0
2024-05-26,액세서리,1,1,2,7500,1.0
2024-05-27,남성,11,10,17,952780,0.9090909090909091
2024-05-27,라운드티,5,5,8,387180,1.0
2024-05-27,여성,2,2,2,176500,1.0
2024-05-27,셋업,1,1,1,137820,1.0
2024-05-27,바람막이,1,1,1,95210,1.0
2024-05-27,반바지,2,2,2,88500,1.0
2024-05-27,긴바지,1,1,1,76760,1.0
2024-05-27,폴로티/집업,1,1,1,71100,1.0
2024-05-28,남성,7,5,35,1565700,0.7142857142857143
2024-05-28,긴바지,3,3,6,615270,1.0
2024-05-28,자켓/ 베스트,3,3,3,437360,1.0
2024-05-28,폴로티/집업,2,1,8,316000,0.5
2024-05-28,라운드티,4,4,5,290310,1.0
2024-05-28,하이킹,1,1,2,139000,1.0
2024-05-28,UNKNOWN,2,2,2,127070,1.0
2024-05-28,등산화,1,1,1,79500,1.0
2024-05-28,여성,1,1,1,74500,1.0
2024-05-28,셋업,1,1,1,70190,1.0
2024-05-29,남성,8,8,11,516360,1.0
2024-05-29,라운드티,3,3,4,157260,1.0
2024-05-29,긴바지,2,2,2,131940,1.0
2024-05-29,바람막이,1,1,1,110270,1.0
2024-05-29,셋업,1,1,1,69500,1.0
2024-05-29,캡,1,1,1,17700,1.0
2024-05-29,반바지,1,1,1,17500,1.0
2024-05-30,남성,10,8,10,600900,0.8
2024-05-30,라운드티,5,4,7,287350,0.8
2024-05-30,UNKNOWN,2,2,3,256030,1.0
2024-05-30,긴바지,3,3,3,195400,1.0
2024-05-30,바람막이,1,1,1,150650,1.0
2024-05-30,등산화,1,1,1,103200,1.0
2024-05-30,맨투맨/후드티,1,1,2,89000,1.0
2024-05-30,셋업,1,1,1,74500,1.0
2024-05-30,여성,1,1,1,74500,1.0
2024-05-30,상의,1,1,1,61140,1.0
2024-05-30,액세서리,1,1,2,12620,1.0
2024-05-31,남성,6,6,6,430850,1.0
2024-05-31,라운드티,2,2,3,80960,1.0
2024-06-01,남성,4,4,6,563090,1.0
2024-06-01,긴바지,2,2,4,252160,1.0
2024-06-01,햇,1,1,1,36650,1.0
2024-06-02,남성,8,7,13,559750,0.875
2024-06-02,라운드티,4,4,4,208350,1.0
2024-06-02,셔츠,1,1,1,87540,1.0
2024-06-02,UNKNOWN,1,1,1,83720,1.0
2024-06-03,남성,6,6,9,770300,1.0
2024-06-03,라운드티,2,2,3,185200,1.0
2024-06-03,바람막이,1,1,1,159000,1.0
2024-06-03,하이킹,1,1,1,153340,1.0
2024-06-03,반바지,1,1,1,39200,1.0
2024-06-04,남성,8,8,13,383700,1.0
2024-06-04,UNKNOWN,1,1,1,72700,1.0
2024-06-04,라운드티,1,1,1,65540,1.0
2024-06-05,긴바지,3,3,3,257630,1.0
2024-06-05,남성,4,4,5,218790,1.0
2024-06-05,여성,2,2,2,216730,1.0
2024-06-05,맨투맨/후드티,1,1,1,89000,1.0
2024-06-05,라운드티,2,2,2,87680,1.0
2024-06-05,반바지,1,1,1,49000,1.0
2024-06-06,남성,6,6,6,299430,1.0
2024-06-06,여성,2,2,2,164360,1.0
2024-06-06,UNKNOWN,1,1,1,89500,1.0
2024-06-06,바람막이,1,1,1,65840,1.0
2024-06-06,라운드티,1,1,1,56670,1.0
2024-06-06,햇,1,1,1,19500,1.0
2024-06-07,라운드티,6,6,7,247150,1.0
2024-06-07,남성,2,2,3,215070,1.0
2024-06-07,카고/조거,1,1,1,99240,1.0
2024-06-07,긴바지,1,1,1,79200,1.0
2024-06-07,상의,1,1,1,75820,1.0
2024-06-07,폴로티/집업,1,1,1,65810,1.0
2024-06-07,자켓/ 베스트,1,1,1,51320,1.0
2024-06-07,UNKNOWN,1,1,1,35000,1.0
2024-06-08,남성,8,8,11,532720,1.0
2024-06-08,긴바지,4,4,4,412360,1.0
2024-06-08,라운드티,2,2,4,241740,1.0
2024-06-08,방수자켓,1,1,1,129000,1.0
2024-06-08,셋업,1,1,1,110350,1.0
2024-06-08,등산화,1,1,1,107970,1.0
2024-06-08,자켓/ 베스트,1,1,1,89500,1.0
2024-06-08,UNKNOWN,1,1,1,57790,1.0
2024-06-09,셋업,2,2,2,312860,1.0
2024-06-09,긴바지,3,3,3,304870,1.0
2024-06-09,라운드티,5,4,6,274570,0.8
2024-06-09,남성,4,4,5,220840,1.0
2024-06-09,자켓/ 베스트,1,1,1,137060,1.0
2024-06-09,반바지,3,3,4,127500,1.0
2024-06-09,햇,1,1,1,22750,1.0
2024-06-10,남성,9,9,13,502810,1.0
2024-06-10,긴바지,2,2,2,236850,1.0
2024-06-10,바람막이,1,1,1,148530,1.0
2024-06-10,반바지,1,1,1,75090,1.0
2024-06-10,스니커즈,1,1,1,73670,1.0
2024-06-10,셋업,1,1,1,58710,1.0
2024-06-10,라운드티,1,1,1,57000,1.0
2024-06-10,맨투맨/후드티,1,1,1,54700,1.0
2024-06-10,여성,1,1,1,34500,1.0
2024-06-11,라운드티,6,6,10,358800,1.0
2024-06-11,남성,5,5,6,221750,1.0
2024-06-11,폴로티/집업,2,2,2,114730,1.0
2024-06-11,긴바지,1,1,1,113330,1.0
2024-06-11,반바지,2,2,2,86160,1.0
2024-06-11,바람막이,1,1,1,84500,1.0
2024-06-11,가방,1,1,1,60300,1.0
2024-06-11,셋업,1,1,1,39500,1.0
2024-06-12,남성,7,7,11,517310,1.0
2024-06-12,라운드티,5,5,6,289130,1.0
2024-06-12,긴바지,2,2,2,161300,1.0
2024-06-12,상의,1,1,1,69650,1.0
2024-06-12,크로스/토트백,1,1,1,22250,1.0
2024-06-13,남성,9,9,16,780320,1.0
2024-06-13,라운드티,6,6,7,292970,1.0
2024-06-13,UNKNOWN,2,2,3,138000,1.0
2024-06-13,자켓/ 베스트,1,1,1,131460,1.0
2024-06-13,긴바지,1,1,1,79200,1.0
2024-06-13,햇,1,1,1,42010,1.0
2024-06-13,여성,1,1,1,34500,1.0
2024-06-13,캡,1,1,1,19210,1.0
2024-06-14,남성,14,12,22,1266820,0.8571428571428571
2024-06-14,라운드티,9,9,13,487450,1.0
2024-06-14,셋업,4,4,6,409580,1.0
2024-06-14,긴바지,5,5,5,317710,1.0
2024-06-14,UNKNOWN,2,2,2,178700,1.0
2024-06-14,바람막이,1,1,1,159000,1.0
2024-06-14,여성,1,1,1,149000,1.0
2024-06-14,자켓/ 베스트,1,1,1,109500,1.0
2024-06-14,등산화,1,1,1,79500,1.0
2024-06-14,반바지,2,2,2,70000,1.0
2024-06-14,상의,1,1,1,69300,1.0
2024-06-14,카고/조거,1,1,1,64500,1.0
2024-06-14,폴로티/집업,1,1,1,53200,1.0
2024-06-15,라운드티,5,5,9,409550,1.0
2024-06-15,남성,3,3,8,343440,1.0
2024-06-15,하이킹,1,1,1,160300,1.0
2024-06-15,긴바지,2,2,2,92520,1.0
2024-06-15,셋업,1,1,1,81600,1.0
2024-06-15,여성,1,1,1,40120,1.0
2024-06-16,남성,7,7,9,495400,1.0
2024-06-16,라운드티,8,8,11,435020,1.0
2024-06-16,긴바지,3,3,4,356350,1.0
2024-06-16,여성,4,4,4,302700,1.0
2024-06-16,자켓/ 베스트,1,1,1,132090,1.0
2024-06-16,반바지,2,2,3,99100,1.0
2024-06-16,UNKNOWN,1,1,1,79500,1.0
2024-06-16,등산화,1,1,1,79500,1.0
2024-06-16,셋업,1,1,1,74810,1.0
2024-06-16,가방,1,1,1,45160,1.0
2024-06-17,남성,11,11,15,735880,1.0
2024-06-17,라운드티,10,10,17,669720,1.0
2024-06-17,셋업,4,4,4,392650,1.0
2024-06-17,긴바지,3,3,4,270040,1.0
2024-06-17,반바지,3,3,4,140500,1.0
2024-06-17,여성,3,3,3,134580,1.0
2024-06-17,등산화,1,1,1,94500,1.0
2024-06-17,바람막이,1,1,1,79270,1.0
2024-06-17,하이킹,1,1,1,69500,1.0
2024-06-17,가방,1,1,1,31150,1.0
2024-06-18,라운드티,8,8,17,642180,1.0
2024-06-18,남성,5,5,7,560350,1.0
2024-06-18,셋업,3,3,3,169570,1.0
2024-06-18,긴바지,2,2,2,168480,1.0
2024-06-18,반바지,2,2,2,73240,1.0
2024-06-18,UNKNOWN,1,1,1,69000,1.0
2024-06-19,남성,9,8,14,769950,0.8888888888888888
2024-06-19,라운드티,8,8,10,356020,1.0
2024-06-19,UNKNOWN,2,2,2,133300,1.0
2024-06-19,셋업,2,2,2,114660,1.0
2024-06-19,긴바지,1,1,1,67550,1.0
2024-06-19,가방,1,1,1,47690,1.0
2024-06-19,반바지,1,1,1,38550,1.0
2024-06-20,자켓/ 베스트,4,4,5,714610,1.0
2024-06-20,남성,10,10,14,629540,1.0
2024-06-20,셋업,2,2,2,134890,1.0
2024-06-20,긴바지,1,1,1,118000,1.0
2024-06-20,UNKNOWN,2,2,2,114000,1.0
2024-06-20,트레일러닝,1,1,1,107500,1.0
2024-06-20,여성,2,2,2,102000,1.0
2024-06-20,반바지,1,1,2,76480,1.0
2024-06-20,라운드티,2,2,2,76430,1.0
2024-06-20,가방,1,1,1,62300,1.0
2024-06-21,남성,9,9,11,594840,1.0
2024-06-21,긴바지,5,5,6,536320,1.0
2024-06-21,여성,6,6,6,413970,1.0
2024-06-21,라운드티,5,5,7,274030,1.0
2024-06-21,셋업,2,2,3,256590,1.0
2024-06-21,패딩/슬림다운,1,1,1,99500,1.0
2024-06-21,등산화,1,1,1,94500,1.0
2024-06-21,하이킹,1,1,1,69500,1.0
2024-06-21,방수자켓,1,1,1,64500,1.0
2024-06-21,반바지,1,1,1,39500,1.0
2024-06-22,남성,8,8,10,846770,1.0
2024-06-22,긴바지,4,4,4,395540,1.0
2024-06-22,여성,2,2,3,239600,1.0
2024-06-22,라운드티,3,3,4,176540,1.0
2024-06-22,자켓/ 베스트,1,1,1,146230,1.0
2024-06-22,트레일러닝,1,1,1,90590,1.0
2024-06-23,남성,10,10,12,520690,1.0
2024-06-23,라운드티,3,3,6,303230,1.0
2024-06-23,긴바지,3,3,3,204300,1.0
2024-06-23,셋업,1,1,1,80200,1.0
2024-06-23,여성,1,1,1,74500,1.0
2024-06-23,가방,1,1,1,57520,1.0
2024-06-23,햇,1,1,1,17990,1.0
2024-06-24,남성,8,8,9,770610,1.0
2024-06-24,긴바지,4,4,4,353580,1.0
2024-06-24,라운드티,6,5,6,296990,0.8333333333333334
2024-06-24,여성,3,3,4,232720,1.0
2024-06-24,반바지,2,2,2,78300,1.0
2024-06-24,셔츠,1,1,1,69350,1.0
2024-06-24,캡,1,1,2,42800,1.0
2024-06-25,남성,7,7,11,707100,1.0
2024-06-25,라운드티,6,6,7,267400,1.0
2024-06-25,긴바지,3,3,3,191840,1.0
2024-06-25,반바지,3,3,3,115910,1.0
2024-06-25,UNKNOWN,1,1,1,101300,1.0
2024-06-25,가방,1,1,1,89350,1.0
2024-06-25,바람막이,1,1,1,69500,1.0
2024-06-26,라운드티,6,5,11,420950,0.8333333333333334
2024-06-26,긴바지,3,3,3,212600,1.0
2024-06-26,남성,4,4,4,175120,1.0
2024-06-26,바람막이,1,1,1,142330,1.0
2024-06-26,반바지,3,3,4,127440,1.0
2024-06-26,여성,1,1,1,111970,1.0
2024-06-26,UNKNOWN,1,1,2,69000,1.0
2024-06-27,남성,9,9,15,664070,1.0
2024-06-27,라운드티,4,4,5,171690,1.0
2024-06-27,반바지,4,3,4,123800,0.75
2024-06-27,긴바지,2,2,2,114180,1.0
2024-06-28,남성,9,9,9,521470,1.0
2024-06-28,긴바지,4,4,4,313650,1.0
2024-06-28,라운드티,4,4,4,220110,1.0
2024-06-28,여성,2,2,2,89770,1.0
2024-06-28,셋업,1,1,1,81320,1.0
2024-06-29,남성,3,3,3,254490,1.0
2024-06-29,긴바지,2,2,2,162680,1.0
2024-06-29,자켓/ 베스트,1,1,1,150260,1.0
2024-06-29,맨투맨/후드티,1,1,1,61070,1.0
2024-06-30,남성,8,8,8,799930,1.0
2024-06-30,셋업,2,2,2,309100,1.0
2024-06-30,라운드티,4,4,4,162280,1.0
2024-06-30,자켓/ 베스트,1,1,1,147000,1.0
2024-06-30,반바지,2,2,3,85580,1.0
2024-06-30,여성,1,1,1,74500,1.0
2024-06-30,가방,1,1,1,51530,1.0
2024-07-01,남성,8,8,10,463490,1.0
2024-07-01,하이킹,1,1,1,123090,1.0
2024-07-01,셋업,1,1,2,101810,1.0
2024-07-01,라운드티,2,2,2,73590,1.0
2024-07-01,긴바지,1,1,1,62370,1.0
2024-07-01,UNKNOWN,1,1,1,38220,1.0
2024-07-02,남성,9,9,11,754790,1.0
2024-07-02,셋업,2,2,2,308200,1.0
2024-07-02,긴바지,2,2,2,229830,1.0
2024-07-02,자켓/ 베스트,1,1,1,149300,1.0
2024-07-02,가방,1,1,1,104300,1.0
2024-07-02,반바지,2,2,3,99380,1.0
2024-07-02,여성,1,1,1,59500,1.0
2024-07-02,라운드티,1,1,1,33920,1.0
2024-07-03,남성,9,4,12,619500,0.4444444444444444
2024-07-03,여성,7,3,7,603300,0.42857142857142855
2024-07-03,셋업,3,3,3,237460,1.0
2024-07-03,긴바지,2,2,3,174100,1.0
2024-07-03,라운드티,3,3,3,146430,1.0
2024-07-03,하이킹,1,1,1,132300,1.0
2024-07-03,자켓/ 베스트,1,1,1,109500,1.0
2024-07-03,등산화,1,1,1,109500,1.0
2024-07-03,반바지,1,1,1,39200,1.0
2024-07-03,UNKNOWN,1,1,1,34500,1.0
2024-07-04,남성,7,7,10,508980,1.0
2024-07-04,긴바지,6,6,7,474220,1.0
2024-07-04,바람막이,1,1,3,238500,1.0
2024-07-04,라운드티,2,2,3,93640,1.0
2024-07-05,남성,8,8,9,407690,1.0
2024-07-05,여성,4,2,5,358770,0.5
2024-07-05,라운드티,7,7,8,329140,1.0
2024-07-05,긴바지,3,3,3,247300,1.0
2024-07-05,하이킹,1,1,1,160300,1.0
2024-07-05,등산화,1,1,1,109500,1.0
2024-07-05,UNKNOWN,1,1,1,60630,1.0
2024-07-05,반바지,2,2,2,57110,1.0
2024-07-05,셋업,1,1,1,45650,1.0
2024-07-05,크로스/토트백,1,1,1,26300,1.0
2024-07-06,남성,10,9,19,830460,0.9
2024-07-06,셋업,3,3,3,208180,1.0
2024-07-06,라운드티,4,4,5,174700,1.0
2024-07-06,패딩/슬림다운,1,1,1,99500,1.0
2024-07-06,긴바지,1,1,1,75180,1.0
2024-07-06,셔츠,1,1,1,69200,1.0
2024-07-06,반바지,1,1,1,47020,1.0
2024-07-06,여성,1,1,1,34500,1.0
2024-07-07,남성,3,3,4,196410,1.0
2024-07-07,맨투맨/후드티,1,1,1,62300,1.0
2024-07-07,여성,1,1,2,62000,1.0
2024-07-07,반바지,1,1,1,58800,1.0
2024-07-07,가방,1,1,1,53610,1.0
2024-07-07,라운드티,1,1,1,52330,1.0
2024-07-08,남성,11,10,15,705540,0.9090909090909091
2024-07-08,여성,4,3,4,365050,0.75
2024-07-08,라운드티,6,6,6,189730,1.0
2024-07-08,트레일러닝,1,1,1,107840,1.0
2024-07-08,셋업,1,1,1,84500,1.0
2024-07-08,바람막이,1,1,1,79500,1.0
2024-07-08,UNKNOWN,1,1,1,66030,1.0
2024-07-08,긴바지,1,1,1,64500,1.0
2024-07-08,반바지,1,1,1,42200,1.0
2024-07-09,남성,10,8,13,691160,0.8
2024-07-09,여성,6,2,6,450100,0.3333333333333333
2024-07-09,긴바지,3,3,5,398340,1.0
2024-07-09,라운드티,4,4,5,190130,1.0
2024-07-09,UNKNOWN,1,1,2,179000,1.0
2024-07-09,셋업,2,2,2,78270,1.0
2024-07-09,반바지,1,1,1,51970,1.0
2024-07-10,긴바지,4,4,7,493650,1.0
2024-07-10,남성,9,9,13,474360,1.0
2024-07-10,라운드티,6,6,7,256100,1.0
2024-07-10,자켓/ 베스트,1,1,1,209300,1.0
2024-07-10,반바지,2,2,3,186120,1.0
2024-07-10,셋업,2,2,2,182560,1.0
2024-07-10,UNKNOWN,2,2,2,119830,1.0
2024-07-10,여성,2,2,2,83940,1.0
2024-07-11,남성,7,7,7,396540,1.0
2024-07-11,셋업,5,5,6,374610,1.0
2024-07-11,라운드티,5,5,7,278470,1.0
2024-07-11,긴바지,3,3,4,275910,1.0
2024-07-11,자켓/ 베스트,1,1,1,99500,1.0
2024-07-11,여성,1,1,1,74500,1.0
2024-07-11,가방,1,1,1,59300,1.0
2024-07-11,UNKNOWN,1,1,1,55640,1.0
2024-07-11,반바지,1,1,1,24500,1.0
2024-07-12,셋업,4,4,4,330170,1.0
2024-07-12,남성,5,5,9,305580,1.0
2024-07-12,라운드티,5,5,6,270290,1.0
2024-07-12,긴바지,3,3,3,200700,1.0
2024-07-12,상의,1,1,1,66360,1.0
2024-07-12,여성,1,1,1,48300,1.0
2024-07-12,햇,1,1,1,23110,1.0
2024-07-13,남성,9,9,12,640860,1.0
2024-07-13,라운드티,7,7,8,352160,1.0
2024-07-13,여성,1,1,1,85820,1.0
2024-07-13,하이킹,1,1,1,81550,1.0
2024-07-13,셋업,1,1,1,69500,1.0
2024-07-13,긴바지,1,1,1,49500,1.0
2024-07-13,햇,1,1,1,44710,1.0
2024-07-14,남성,12,11,15,725940,0.9166666666666666
2024-07-14,라운드티,11,11,13,530920,1.0
2024-07-14,긴바지,6,6,6,361150,1.0
2024-07-14,반바지,2,2,2,103460,1.0
2024-07-14,셋업,1,1,1,61370,1.0
2024-07-14,햇,1,1,1,14500,1.0
2024-07-15,남성,10,10,11,627550,1.0
2024-07-15,긴바지,5,5,5,411620,1.0
2024-07-15,여성,4,4,4,157670,1.0
2024-07-15,라운드티,2,2,2,116200,1.0
2024-07-15,반바지,2,2,2,89500,1.0
2024-07-15,셋업,1,1,1,64500,1.0
2024-07-15,UNKNOWN,1,1,1,52720,1.0
2024-07-16,남성,8,8,8,370970,1.0
2024-07-16,라운드티,5,5,6,243660,1.0
2024-07-16,긴바지,3,3,3,196600,1.0
2024-07-16,여성,2,2,11,134550,1.0
2024-07-16,UNKNOWN,2,2,2,88730,1.0
2024-07-16,등산화,1,1,1,79500,1.0
2024-07-16,셋업,1,1,1,46300,1.0
2024-07-17,긴바지,6,6,7,647110,1.0
2024-07-17,남성,11,11,14,584160,1.0
2024-07-17,셋업,3,3,3,403760,1.0
2024-07-17,라운드티,4,4,6,223730,1.0
2024-07-17,하이킹,1,1,1,124320,1.0
2024-07-17,여성,1,1,1,74500,1.0
2024-07-17,반바지,2,2,2,64000,1.0
2024-07-17,가방,1,1,1,60540,1.0
2024-07-18,남성,14,14,14,721740,1.0
2024-07-18,라운드티,10,10,12,536200,1.0
2024-07-18,여성,4,4,4,529980,1.0
2024-07-18,긴바지,6,6,6,444710,1.0
2024-07-18,바람막이,2,2,2,238780,1.0
2024-07-18,등산화,1,1,1,131570,1.0
2024-07-18,상의,2,2,2,110780,1.0
2024-07-18,반바지,2,2,2,88170,1.0
2024-07-18,방수자켓,1,1,1,76670,1.0
2024-07-18,UNKNOWN,1,1,1,61800,1.0
2024-07-18,셋업,1,1,1,55300,1.0
2024-07-18,햇,1,1,1,39000,1.0
2024-07-19,남성,8,8,11,790570,1.0
2024-07-19,긴바지,4,4,5,336530,1.0
2024-07-19,라운드티,4,4,4,183650,1.0
2024-07-19,UNKNOWN,2,2,2,93730,1.0
2024-07-19,셔츠,1,1,1,62110,1.0
2024-07-19,반바지,1,1,1,55140,1.0
2024-07-19,셋업,1,1,1,51720,1.0
2024-07-19,가방,1,1,1,50840,1.0
2024-07-20,남성,11,11,13,970230,1.0
2024-07-20,라운드티,6,6,7,318020,1.0
2024-07-20,긴바지,3,3,3,217780,1.0
2024-07-20,UNKNOWN,1,1,1,161100,1.0
2024-07-20,여성,2,2,2,144660,1.0
2024-07-20,셋업,1,1,1,83300,1.0
2024-07-20,반바지,2,2,2,78630,1.0
2024-07-20,크로스/토트백,1,1,1,24750,1.0
2024-07-21,남성,13,13,16,706200,1.0
2024-07-21,라운드티,6,6,10,383500,1.0
2024-07-21,방수자켓,1,1,2,180600,1.0
2024-07-21,긴바지,2,2,2,137970,1.0
2024-07-21,바람막이,1,1,1,106470,1.0
2024-07-21,UNKNOWN,2,2,2,95230,1.0
2024-07-21,셋업,1,1,1,43690,1.0
2024-07-21,반바지,1,1,1,28940,1.0
2024-07-22,남성,5,5,6,356720,1.0
2024-07-22,라운드티,3,3,6,308020,1.0
2024-07-22,긴바지,3,3,3,184630,1.0
2024-07-22,하이킹,1,1,1,125560,1.0
2024-07-22,셋업,1,1,1,78650,1.0
2024-07-22,반바지,2,2,2,70560,1.0
2024-07-22,크로스/토트백,1,1,1,27500,1.0
2024-07-23,남성,9,9,11,472670,1.0
2024-07-23,셋업,3,3,3,219050,1.0
2024-07-23,라운드티,4,4,4,179910,1.0
2024-07-23,긴바지,1,1,1,66000,1.0
2024-07-23,UNKNOWN,1,1,1,53440,1.0
2024-07-23,햇,1,1,1,29000,1.0
2024-07-23,크로스/토트백,1,1,1,27500,1.0
2024-07-23,여성,1,1,1,10000,1.0
2024-07-24,남성,7,7,9,609040,1.0
2024-07-24,라운드티,5,5,6,307560,1.0
2024-07-24,긴바지,2,2,2,186180,1.0
2024-07-24,셋업,1,1,1,128010,1.0
2024-07-24,여성,1,1,1,118210,1.0
2024-07-24,가방,1,1,1,60830,1.0
2024-07-24,UNKNOWN,1,1,1,37000,1.0
2024-07-25,남성,11,11,14,624860,1.0
2024-07-25,셋업,4,4,6,317040,1.0
2024-07-25,라운드티,5,5,6,235000,1.0
2024-07-25,여성,1,1,1,109200,1.0
2024-07-25,자켓/ 베스트,1,1,1,107000,1.0
2024-07-25,반바지,2,2,2,69990,1.0
2024-07-25,긴바지,1,1,1,59430,1.0
2024-07-26,남성,12,12,19,832660,1.0
2024-07-26,라운드티,4,4,6,282370,1.0
2024-07-26,긴바지,3,3,4,244250,1.0
2024-07-26,여성,2,2,2,235550,1.0
2024-07-26,등산화,1,1,1,150410,1.0
2024-07-26,반바지,2,2,2,71580,1.0
2024-07-26,셔츠,1,1,1,69320,1.0
2024-07-26,셋업,1,1,1,62300,1.0
2024-07-26,UNKNOWN,1,1,1,59000,1.0
2024-07-26,햇,1,1,1,45500,1.0
2024-07-27,남성,5,5,6,370440,1.0
2024-07-27,셋업,2,2,2,156130,1.0
2024-07-27,라운드티,3,3,3,129390,1.0
2024-07-27,카고/조거,1,1,1,81880,1.0
2024-07-27,여성,2,2,2,77510,1.0
2024-07-27,반바지,1,1,1,62090,1.0
2024-07-27,긴바지,1,1,1,60510,1.0
2024-07-27,UNKNOWN,1,1,1,55200,1.0
2024-07-28,남성,5,5,5,423660,1.0
2024-07-28,라운드티,6,5,8,388620,0.8333333333333334
2024-07-28,자켓/ 베스트,1,1,1,201250,1.0
2024-07-28,긴바지,2,2,2,184850,1.0
2024-07-28,셋업,1,1,1,64500,1.0
2024-07-28,맨투맨/후드티,1,1,1,59550,1.0
2024-07-28,반바지,1,1,1,55300,1.0
2024-07-28,여성,1,1,1,36300,1.0
2024-07-29,남성,6,6,9,318570,1.0
2024-07-29,라운드티,4,4,5,191490,1.0
2024-07-29,등산화,1,1,1,143200,1.0
2024-07-29,셔츠,2,2,2,142400,1.0
2024-07-29,가방,2,2,2,140070,1.0
2024-07-29,UNKNOWN,2,2,2,135900,1.0
2024-07-29,바람막이,1,1,1,84500,1.0
2024-07-29,긴바지,1,1,1,64480,1.0
2024-07-29,셋업,1,1,1,48300,1.0
2024-07-29,반바지,1,1,1,39200,1.0
2024-07-30,남성,11,11,26,1183560,1.0
2024-07-30,긴바지,3,3,3,203120,1.0
2024-07-30,반바지,3,3,3,118060,1.0
2024-07-30,라운드티,3,3,3,117290,1.0
2024-07-30,여성,2,2,2,100090,1.0
2024-07-30,자켓/ 베스트,1,1,1,97000,1.0
2024-07-30,등산화,1,1,1,79500,1.0
2024-07-30,카고/조거,1,1,1,58550,1.0
2024-07-30,맨투맨/후드티,1,1,1,53780,1.0
2024-07-30,볼캡,1,1,1,15780,1.0
2024-07-31,가방,1,1,5,415000,1.0
2024-07-31,남성,5,5,5,247270,1.0
2024-07-31,셋업,1,1,2,173140,1.0
2024-07-31,라운드티,3,3,4,156190,1.0
2024-07-31,맨투맨/후드티,1,1,1,62300,1.0
2024-07-31,반바지,1,1,1,32560,1.0
2024-07-31,볼캡,1,1,1,28490,1.0
2024-07-31,크로스/토트백,1,1,1,27010,1.0
2024-08-01,남성,4,3,6,309270,0.75
2024-08-01,라운드티,7,7,8,270330,1.0
2024-08-01,긴바지,2,2,4,234570,1.0
2024-08-01,여성,2,2,2,131540,1.0
2024-08-01,하이킹,1,1,1,94500,1.0
2024-08-01,바람막이,1,1,1,79500,1.0
2024-08-01,셋업,1,1,1,69500,1.0
2024-08-01,상의,1,1,1,61210,1.0
2024-08-01,맨투맨/후드티,1,1,1,56070,1.0
2024-08-02,남성,9,9,10,466380,1.0
2024-08-02,라운드티,4,4,7,278720,1.0
2024-08-02,자켓/ 베스트,1,1,1,99790,1.0
2024-08-02,방수자켓,1,1,1,89390,1.0
2024-08-02,가방,1,1,1,83490,1.0
2024-08-02,맨투맨/후드티,1,1,1,62300,1.0
2024-08-02,긴바지,1,1,1,54500,1.0
2024-08-02,UNKNOWN,1,1,1,47080,1.0
2024-08-02,여성,1,1,1,45040,1.0
2024-08-02,셋업,1,1,1,39500,1.0
2024-08-02,반바지,1,1,1,38810,1.0
2024-08-03,남성,5,5,5,322100,1.0
2024-08-03,라운드티,6,6,6,242540,1.0
2024-08-03,등산화,1,1,1,113140,1.0
2024-08-03,UNKNOWN,2,2,2,95440,1.0
2024-08-03,셋업,1,1,1,76710,1.0
2024-08-03,긴바지,1,1,1,68670,1.0
2024-08-03,반바지,1,1,1,39200,1.0
2024-08-04,남성,7,7,8,391330,1.0
2024-08-04,라운드티,2,2,2,101970,1.0
2024-08-04,셋업,1,1,1,51330,1.0
2024-08-05,라운드티,4,4,6,240270,1.0
2024-08-05,남성,6,6,7,236440,1.0
2024-08-05,셋업,2,2,2,203400,1.0
2024-08-05,여성,1,1,1,79600,1.0
2024-08-05,카고/조거,1,1,1,54500,1.0
2024-08-05,긴바지,1,1,1,51060,1.0
2024-08-06,남성,12,12,14,943230,1.0
2024-08-06,라운드티,4,4,4,170880,1.0
2024-08-06,등산화,1,1,1,135200,1.0
2024-08-06,긴바지,1,1,1,73730,1.0
2024-08-06,셋업,1,1,1,61020,1.0
2024-08-06,UNKNOWN,1,1,1,44500,1.0
2024-08-07,남성,9,9,11,547330,1.0
2024-08-07,라운드티,2,2,3,148640,1.0
2024-08-07,여성,1,1,1,75990,1.0
2024-08-07,반바지,1,1,1,45200,1.0
2024-08-07,상의,1,1,1,39110,1.0
2024-08-07,UNKNOWN,1,1,1,34500,1.0
2024-08-08,남성,16,16,20,947880,1.0
2024-08-08,셋업,4,4,5,327590,1.0
2024-08-08,긴바지,4,4,4,293570,1.0
2024-08-08,라운드티,4,4,6,281230,1.0
2024-08-08,반바지,3,3,3,126390,1.0
2024-08-09,UNKNOWN,3,2,26,1134500,0.6666666666666666
2024-08-09,남성,11,11,20,1058060,1.0
2024-08-09,라운드티,3,3,4,169200,1.0
2024-08-09,자켓/ 베스트,1,1,1,108180,1.0
2024-08-09,긴바지,1,1,1,49500,1.0
2024-08-09,셋업,1,1,1,39500,1.0
2024-08-09,반바지,1,1,1,39200,1.0
2024-08-10,남성,8,8,20,432300,1.0
2024-08-10,긴바지,2,2,2,188300,1.0
2024-08-10,가방,2,2,2,137240,1.0
2024-08-10,바람막이,1,1,1,98320,1.0
2024-08-10,하이킹,1,1,1,80470,1.0
2024-08-10,라운드티,2,2,2,65700,1.0
2024-08-10,UNKNOWN,1,1,1,35890,1.0
2024-08-10,반바지,1,1,1,35000,1.0
2024-08-10,여성,1,1,1,10000,1.0
2024-08-11,남성,5,5,6,205530,1.0
2024-08-11,UNKNOWN,1,1,1,95670,1.0
2024-08-11,가방,1,1,1,86700,1.0
2024-08-11,라운드티,1,1,2,77270,1.0
2024-08-11,긴바지,1,1,1,69300,1.0
2024-08-11,상의,1,1,1,66120,1.0
2024-08-11,여성,1,1,1,40000,1.0
2024-08-11,셋업,1,1,1,37530,1.0
2024-08-12,남성,8,8,11,542610,1.0
2024-08-12,라운드티,4,4,4,168620,1.0
2024-08-12,여성,1,1,1,12280,1.0
2024-08-13,남성,6,6,7,505440,1.0
2024-08-13,하이킹,1,1,2,210000,1.0
2024-08-13,긴바지,2,2,2,207300,1.0
2024-08-13,가방,1,1,2,166000,1.0
2024-08-13,셋업,1,1,2,129000,1.0
2024-08-13,UNKNOWN,1,1,1,69000,1.0
2024-08-13,폴로/집업티,1,1,1,62300,1.0
2024-08-13,반바지,2,2,2,57040,1.0
2024-08-13,라운드티,1,1,1,39220,1.0
2024-08-14,남성,9,9,17,888270,1.0
2024-08-14,여성,2,2,3,233620,1.0
2024-08-14,라운드티,4,4,4,138790,1.0
2024-08-14,긴바지,1,1,2,138600,1.0
2024-08-14,셋업,1,1,1,135200,1.0
2024-08-14,UNKNOWN,1,1,1,52910,1.0
2024-08-15,남성,4,4,4,267060,1.0
2024-08-15,라운드티,2,2,3,156810,1.0
2024-08-15,등산화,1,1,1,141690,1.0
2024-08-15,셋업,1,1,1,100330,1.0
2024-08-15,긴바지,1,1,1,54540,1.0
2024-08-16,남성,6,6,6,354350,1.0
2024-08-16,여성,1,1,1,77430,1.0
2024-08-16,상의,1,1,1,54370,1.0
2024-08-16,셋업,1,1,1,42450,1.0
2024-08-16,UNKNOWN,1,1,1,37600,1.0
2024-08-17,남성,5,5,5,336580,1.0
2024-08-17,셋업,2,2,2,137420,1.0
2024-08-17,라운드티,3,3,3,110030,1.0
2024-08-17,상의,1,1,1,57540,1.0
2024-08-17,맨투맨/후드티,1,1,1,52140,1.0
2024-08-18,남성,5,5,7,393200,1.0
2024-08-18,자켓/ 베스트,1,1,1,196000,1.0
2024-08-18,라운드티,3,3,4,153030,1.0
2024-08-18,여성,1,1,1,104390,1.0
2024-08-18,UNKNOWN,1,1,1,67190,1.0
2024-08-18,셋업,1,1,1,32030,1.0
2024-08-19,남성,8,8,14,471290,1.0
2024-08-19,라운드티,4,4,5,206740,1.0
2024-08-19,긴바지,2,2,2,133510,1.0
2024-08-19,등산화,1,1,1,109500,1.0
2024-08-19,하이킹,1,1,1,83000,1.0
2024-08-20,남성,11,11,12,826140,1.0
2024-08-20,등산화,1,1,1,173310,1.0
2024-08-20,반바지,3,3,3,113320,1.0
2024-08-20,여성,1,1,1,79500,1.0
2024-08-20,UNKNOWN,1,1,1,71400,1.0
2024-08-20,라운드티,1,1,1,24500,1.0
2024-08-21,남성,8,8,11,459520,1.0
2024-08-21,긴바지,3,3,3,220810,1.0
2024-08-21,라운드티,3,3,3,117120,1.0
2024-08-21,상의,1,1,1,64040,1.0
2024-08-21,여성,2,2,2,56060,1.0
2024-08-21,볼캡,1,1,1,27340,1.0
2024-08-21,UNKNOWN,1,1,1,25310,1.0
2024-08-22,남성,13,13,17,1508850,1.0
2024-08-22,등산화,2,2,2,314540,1.0
2024-08-22,라운드티,4,4,4,158060,1.0
2024-08-22,긴바지,2,2,2,138500,1.0
2024-08-22,반바지,2,2,2,88300,1.0
2024-08-23,등산화,2,2,2,336590,1.0
2024-08-23,남성,3,3,3,261250,1.0
2024-08-23,긴바지,1,1,1,114740,1.0
2024-08-23,라운드티,2,2,2,99940,1.0
2024-08-23,셋업,1,1,1,72520,1.0
2024-08-23,가방,1,1,1,57770,1.0
2024-08-23,UNKNOWN,1,1,1,44500,1.0
2024-08-24,남성,2,2,2,185300,1.0
2024-08-24,셋업,1,1,1,134210,1.0
2024-08-24,긴바지,2,2,2,127130,1.0
2024-08-24,라운드티,2,2,3,121350,1.0
2024-08-24,바람막이,1,1,1,117430,1.0
2024-08-24,여성,1,1,2,88000,1.0
2024-08-25,남성,10,10,14,1137910,1.0
2024-08-25,여성,2,2,2,216500,1.0
2024-08-25,라운드티,4,4,4,157640,1.0
2024-08-25,등산화,1,1,1,109500,1.0
2024-08-25,긴바지,1,1,1,98950,1.0
2024-08-25,반바지,2,2,2,66210,1.0
2024-08-25,셋업,1,1,1,61440,1.0
2024-08-26,남성,6,6,10,611940,1.0
2024-08-26,긴바지,2,2,2,121080,1.0
2024-08-26,상의,2,2,2,121030,1.0
2024-08-26,셋업,1,1,1,115120,1.0
2024-08-26,라운드티,2,2,3,102680,1.0
2024-08-26,트레일러닝,1,1,1,100660,1.0
2024-08-26,맨투맨/후드티,1,1,1,62300,1.0
2024-08-26,볼캡,1,1,1,25510,1.0
2024-08-27,남성,11,10,33,2464880,0.9090909090909091
2024-08-27,하이킹,1,1,1,128590,1.0
2024-08-27,바람막이,1,1,1,99780,1.0
2024-08-27,라운드티,2,2,2,87800,1.0
2024-08-27,여성,1,1,1,58480,1.0
2024-08-27,액세서리,1,1,1,4940,1.0
2024-08-28,남성,9,9,14,724810,1.0
2024-08-28,라운드티,4,4,5,197900,1.0
2024-08-28,등산화,1,1,1,160650,1.0
2024-08-28,여성,1,1,1,79500,1.0
2024-08-28,UNKNOWN,1,1,1,34500,1.0
2024-08-29,남성,5,5,6,250640,1.0
2024-08-29,긴바지,3,3,3,208200,1.0
2024-08-29,여성,1,1,2,159200,1.0
2024-08-29,가방,1,1,1,75340,1.0
2024-08-29,라운드티,1,1,1,44210,1.0
2024-08-30,남성,11,11,20,841960,1.0
2024-08-30,자켓/ 베스트,1,1,1,195030,1.0
2024-08-30,바람막이,2,2,2,185780,1.0
2024-08-30,가방,2,2,2,145130,1.0
2024-08-30,긴바지,1,1,1,85620,1.0
2024-08-30,여성,1,1,2,74000,1.0
2024-08-30,라운드티,2,2,2,69130,1.0
2024-08-30,방수자켓,1,1,1,64500,1.0
2024-08-31,라운드티,5,5,7,293290,1.0
2024-08-31,남성,6,6,6,274940,1.0
2024-08-31,자켓/ 베스트,2,2,2,200210,1.0
2024-08-31,셋업,1,1,3,162020,1.0
2024-08-31,반바지,1,1,2,87940,1.0
2024-08-31,패딩/슬림다운,1,1,1,74500,1.0
2024-08-31,긴바지,1,1,1,55970,1.0
2024-08-31,UNKNOWN,1,1,1,33560,1.0
2024-09-01,남성,7,7,9,652570,1.0
2024-09-01,셋업,2,1,4,292740,0.5
2024-09-01,긴바지,4,4,4,258600,1.0
2024-09-01,라운드티,2,2,4,155290,1.0
2024-09-01,자켓/ 베스트,1,1,1,130780,1.0
2024-09-01,여성,1,1,1,125480,1.0
2024-09-01,등산화,1,1,1,95970,1.0
2024-09-01,셔츠,1,1,1,68190,1.0
2024-09-01,크로스/토트백,1,1,1,31980,1.0
2024-09-01,볼캡,1,1,1,28100,1.0
2024-09-02,남성,8,8,13,580160,1.0
2024-09-02,긴바지,1,1,1,74350,1.0
2024-09-02,여성,1,1,2,69000,1.0
2024-09-02,반바지,1,1,1,51020,1.0
2024-09-02,라운드티,1,1,1,38300,1.0
2024-09-03,남성,21,21,25,952310,1.0
2024-09-03,라운드티,6,6,7,238050,1.0
2024-09-03,하이킹,2,2,2,183780,1.0
2024-09-03,자켓/ 베스트,1,1,1,128900,1.0
2024-09-03,여성,3,3,3,120130,1.0
2024-09-03,상의,2,2,2,113300,1.0
2024-09-03,셋업,2,2,2,106550,1.0
2024-09-03,바람막이,1,1,1,79040,1.0
2024-09-03,맨투맨/후드티,1,1,1,50320,1.0
2024-09-03,긴바지,1,1,1,49500,1.0
2024-09-04,라운드티,8,8,9,463180,1.0
2024-09-04,남성,10,10,11,458080,1.0
2024-09-04,자켓/ 베스트,2,2,2,166610,1.0
2024-09-04,여성,1,1,1,137520,1.0
2024-09-04,긴바지,2,2,2,128560,1.0
2024-09-04,바람막이,1,1,1,85550,1.0
2024-09-04,자켓/베스트,1,1,1,72530,1.0
2024-09-04,셋업,1,1,1,69350,1.0
2024-09-04,반바지,1,1,1,28050,1.0
2024-09-04,액세서리,1,1,1,8110,1.0
2024-09-05,남성,15,15,26,1165560,1.0
2024-09-05,긴바지,5,5,5,335660,1.0
2024-09-05,등산화,2,2,2,261650,1.0
2024-09-05,패딩/슬림다운,1,1,1,100890,1.0
2024-09-05,자켓/ 베스트,1,1,1,94740,1.0
2024-09-05,자켓/베스트,1,1,1,85050,1.0
2024-09-05,가방,1,1,1,81990,1.0
2024-09-05,하이킹,1,1,1,78540,1.0
2024-09-05,셋업,1,1,1,75930,1.0
2024-09-05,라운드티,1,1,1,39200,1.0
2024-09-05,액세서리,1,1,1,5500,1.0
2024-09-06,남성,6,6,10,387270,1.0
2024-09-06,긴바지,3,3,3,161420,1.0
2024-09-06,하이킹,1,1,1,80130,1.0
2024-09-06,라운드티,1,1,2,59000,1.0
2024-09-07,남성,3,3,3,192390,1.0
2024-09-07,긴바지,2,2,2,129730,1.0
2024-09-07,여성,1,1,1,123920,1.0
2024-09-07,바람막이,1,1,1,118740,1.0
2024-09-07,카고/조거,1,1,1,104700,1.0
2024-09-07,트레일러닝,1,1,1,99000,1.0
2024-09-07,라운드티,2,2,2,76700,1.0
2024-09-07,가방,1,1,1,64910,1.0
2024-09-07,셋업,1,1,1,53100,1.0
2024-09-07,반바지,1,1,1,17570,1.0
2024-09-07,액세서리,1,1,2,15550,1.0
2024-09-08,남성,21,21,27,808070,1.0
2024-09-08,라운드티,5,5,10,359210,1.0
2024-09-08,긴바지,4,4,4,256310,1.0
2024-09-08,셋업,1,1,3,182350,1.0
2024-09-08,반바지,3,3,3,109670,1.0
2024-09-08,자켓/ 베스트,1,1,1,87080,1.0
2024-09-08,바람막이,1,1,1,66150,1.0
2024-09-08,상의,1,1,1,60900,1.0
2024-09-08,여성,1,1,1,58000,1.0
2024-09-08,액세서리,1,1,1,5500,1.0
2024-09-09,남성,5,5,7,411900,1.0
2024-09-09,긴바지,3,3,5,401520,1.0
2024-09-09,여성,1,1,1,174500,1.0
2024-09-09,라운드티,3,3,3,115980,1.0
2024-09-09,등산화,1,1,1,109500,1.0
2024-09-10,남성,7,7,8,734520,1.0
2024-09-10,긴바지,2,2,2,124950,1.0
2024-09-10,등산화,1,1,1,109500,1.0
2024-09-10,라운드티,1,1,2,105500,1.0
2024-09-10,패딩/슬림다운,1,1,1,101540,1.0
2024-09-10,방수자켓,1,1,1,80630,1.0
2024-09-10,폴로티/집업,1,1,2,79000,1.0
2024-09-10,가방,1,1,1,74110,1.0
2024-09-10,자켓/베스트,1,1,1,70000,1.0
2024-09-10,셋업,1,1,1,62300,1.0
2024-09-10,맨투맨/후드티,1,1,1,57520,1.0
2024-09-10,UNKNOWN,1,1,1,44500,1.0
2024-09-10,반바지,1,1,1,35000,1.0
2024-09-11,남성,18,18,27,726030,1.0
2024-09-11,등산화,1,1,1,219000,1.0
2024-09-11,라운드티,4,4,5,172460,1.0
2024-09-11,긴바지,4,4,4,164990,1.0
2024-09-11,가방,2,2,2,144760,1.0
2024-09-11,자켓/ 베스트,1,1,1,101320,1.0
2024-09-11,반바지,2,2,2,70740,1.0
2024-09-11,상의,1,1,1,62960,1.0
2024-09-11,자켓/베스트,1,1,1,52370,1.0
2024-09-11,셋업,1,1,1,33510,1.0
2024-09-12,남성,49,48,68,2837030,0.9795918367346939
2024-09-12,긴바지,12,12,12,748520,1.0
2024-09-12,셋업,8,8,10,575840,1.0
2024-09-12,등산화,1,1,5,472500,1.0
2024-09-12,라운드티,11,11,12,350030,1.0
2024-09-12,여성,3,3,3,188050,1.0
2024-09-12,가방,2,2,2,153030,1.0
2024-09-12,상의,2,2,2,80000,1.0
2024-09-12,반바지,3,3,3,69810,1.0
2024-09-12,자켓/ 베스트,1,1,1,64980,1.0
2024-09-12,방수자켓,1,1,1,54880,1.0
2024-09-12,자켓/베스트,1,1,1,31030,1.0
2024-09-12,액세서리,1,1,1,8680,1.0
2024-09-13,남성,16,16,23,1041220,1.0
2024-09-13,긴바지,7,7,8,469270,1.0
2024-09-13,셋업,4,4,4,224460,1.0
2024-09-13,라운드티,6,6,7,173820,1.0
2024-09-13,UNKNOWN,2,2,2,118920,1.0
2024-09-13,자켓/ 베스트,1,1,1,92160,1.0
2024-09-13,하이킹,1,1,1,85390,1.0
2024-09-13,여성,1,1,1,85100,1.0
2024-09-13,트레일러닝,1,1,1,71710,1.0
2024-09-14,남성,13,13,13,751260,1.0
2024-09-14,긴바지,3,3,3,193820,1.0
2024-09-14,셋업,3,3,3,170570,1.0
2024-09-14,여성,1,1,1,150000,1.0
2024-09-14,라운드티,5,5,5,148080,1.0
2024-09-14,반바지,4,4,4,109340,1.0
2024-09-14,자켓/베스트,1,1,1,82330,1.0
2024-09-14,상의,1,1,1,51000,1.0
2024-09-14,액세서리,1,1,1,7220,1.0
2024-09-15,남성,17,17,20,587640,1.0
2024-09-15,라운드티,10,10,14,442760,1.0
2024-09-15,셋업,2,2,2,156290,1.0
2024-09-15,여성,2,2,2,125170,1.0
2024-09-15,셔츠,1,1,1,123330,1.0
2024-09-15,가방,1,1,1,83000,1.0
2024-09-15,긴바지,1,1,1,67000,1.0
2024-09-15,반바지,2,2,2,60100,1.0
2024-09-15,폴로티/집업,1,1,1,50840,1.0
2024-09-15,상의,1,1,1,47270,1.0
2024-09-16,여성,5,5,6,775310,1.0
2024-09-16,남성,13,13,21,655720,1.0
2024-09-16,가방,1,1,5,387640,1.0
2024-09-16,라운드티,4,4,4,86560,1.0
2024-09-16,UNKNOWN,1,1,1,73300,1.0
2024-09-16,셋업,1,1,1,53660,1.0
2024-09-16,긴바지,1,1,1,46990,1.0
2024-09-16,상의,1,1,1,36100,1.0
2024-09-16,맨투맨/후드티,1,1,1,33260,1.0
2024-09-17,남성,17,16,27,771579,0.9411764705882353
2024-09-17,여성,2,2,2,142500,1.0
2024-09-17,라운드티,3,3,3,93300,1.0
2024-09-17,반바지,1,1,2,66670,1.0
2024-09-17,장갑,1,1,1,21000,1.0
2024-09-18,남성,31,31,60,2141010,1.0
2024-09-18,자켓/ 베스트,4,4,4,587310,1.0
2024-09-18,셋업,6,6,6,448250,1.0
2024-09-18,라운드티,9,9,13,366970,1.0
2024-09-18,셔츠,1,1,2,248080,1.0
2024-09-18,긴바지,3,3,3,174980,1.0
2024-09-18,여성,3,3,4,166250,1.0
2024-09-18,등산화,1,1,1,145340,1.0
2024-09-18,바람막이,1,1,1,94609,1.0
2024-09-18,UNKNOWN,1,1,1,89500,1.0
2024-09-18,반바지,1,1,1,39500,1.0
2024-09-18,크로스/토트백,1,1,1,33250,1.0
2024-09-18,상의,1,1,1,28300,1.0
2024-09-19,남성,11,11,12,574220,1.0
2024-09-19,하이킹,1,1,1,127000,1.0
2024-09-19,라운드티,3,3,3,103500,1.0
2024-09-19,여성,2,2,2,74240,1.0
2024-09-19,가방,1,1,1,53000,1.0
2024-09-19,폴로/집업티,1,1,1,42160,1.0
2024-09-19,셋업,1,1,1,40290,1.0
2024-09-19,크로스/토트백,1,1,1,37040,1.0
2024-09-19,긴바지,1,1,1,34260,1.0
2024-09-20,남성,14,14,20,729550,1.0
2024-09-20,긴바지,4,4,4,204860,1.0
2024-09-20,하이킹,1,1,1,110940,1.0
2024-09-20,자켓/베스트,1,1,1,102000,1.0
2024-09-20,트레일러닝,1,1,1,95000,1.0
2024-09-20,여성,2,2,2,89500,1.0
2024-09-20,가방,1,1,1,61610,1.0
2024-09-20,자켓/ 베스트,1,1,1,56030,1.0
2024-09-20,라운드티,2,2,2,51250,1.0
2024-09-20,폴로/집업티,1,1,1,36420,1.0
2024-09-20,액세서리,1,1,1,5500,1.0
2024-09-21,남성,16,16,29,1300540,1.0
2024-09-21,셋업,3,3,3,186440,1.0
2024-09-21,라운드티,3,3,4,134190,1.0
2024-09-21,여성,2,2,3,129500,1.0
2024-09-21,셔츠,1,1,1,110070,1.0
2024-09-21,자켓/ 베스트,1,1,1,72550,1.0
2024-09-21,바람막이,1,1,1,49500,1.0
2024-09-21,긴바지,1,1,1,41440,1.0
2024-09-21,상의,1,1,1,41410,1.0
2024-09-22,남성,89,89,133,4004549,1.0
2024-09-22,여성,11,11,12,708130,1.0
2024-09-22,라운드티,25,25,25,689820,1.0
2024-09-22,자켓/ 베스트,6,6,6,506850,1.0
2024-09-22,셋업,8,8,8,504520,1.0
2024-09-22,긴바지,5,5,5,249000,1.0
2024-09-22,맨투맨/후드티,4,4,4,221840,1.0
2024-09-22,바람막이,2,2,2,187328,1.0
2024-09-22,자켓/베스트,4,4,4,175250,1.0
2024-09-22,폴로티/집업,1,1,1,89650,1.0
2024-09-22,UNKNOWN,1,1,1,84540,1.0
2024-09-22,방수자켓,1,1,1,70300,1.0
2024-09-22,상의,2,2,2,66830,1.0
2024-09-22,가방,1,1,1,61320,1.0
2024-09-22,크로스/토트백,1,1,1,40330,1.0
2024-09-22,장갑,1,1,1,21000,1.0
2024-09-23,남성,14,13,21,1083010,0.9285714285714286
2024-09-23,하이킹,2,2,2,241500,1.0
2024-09-23,등산화,2,2,2,191250,1.0
2024-09-23,자켓/베스트,1,1,1,102500,1.0
2024-09-23,가방,1,1,1,78000,1.0
2024-09-23,긴바지,1,1,1,61170,1.0
2024-09-24,남성,4,4,7,377800,1.0
2024-09-24,하이킹,2,2,3,213500,1.0
2024-09-24,자켓/ 베스트,1,1,1,149500,1.0
2024-09-24,셔츠,1,1,1,139000,1.0
2024-09-24,라운드티,1,1,1,50720,1.0
2024-09-25,남성,8,8,8,397470,1.0
2024-09-25,여성,2,2,2,131800,1.0
2024-09-25,바람막이,1,1,1,117369,1.0
2024-09-25,가방,1,1,1,71160,1.0
2024-09-25,라운드티,1,1,1,43340,1.0
2024-09-26,남성,4,4,5,420860,1.0
2024-09-26,자켓/ 베스트,1,1,4,212000,1.0
2024-09-26,라운드티,2,2,2,97390,1.0
2024-09-26,셋업,1,1,1,82850,1.0
2024-09-26,여성,1,1,1,65370,1.0
2024-09-27,남성,10,10,12,1208720,1.0
2024-09-27,등산화,3,3,4,488470,1.0
2024-09-27,자켓/베스트,1,1,1,152100,1.0
2024-09-27,셋업,1,1,2,132020,1.0
2024-09-27,여성,1,1,1,109500,1.0
2024-09-27,바람막이,1,1,1,105879,1.0
2024-09-27,폴로티/집업,1,1,1,94710,1.0
2024-09-27,자켓/ 베스트,1,1,1,64670,1.0
2024-09-27,라운드티,1,1,1,29500,1.0
2024-09-28,남성,6,6,6,818120,1.0
2024-09-28,폴로티/집업,2,2,2,150810,1.0
2024-09-28,하이킹,1,1,1,137000,1.0
2024-09-28,여성,1,1,1,103660,1.0
2024-09-28,라운드티,1,1,2,90920,1.0
2024-09-29,자켓/ 베스트,2,2,6,382850,1.0
2024-09-29,남성,2,2,4,87180,1.0
2024-09-30,남성,18,17,24,1758900,0.9444444444444444
2024-09-30,여성,2,2,3,193000,1.0
2024-09-30,긴바지,2,2,2,183300,1.0
2024-09-30,하이킹,1,1,1,114500,1.0
2024-09-30,자켓/베스트,1,1,1,98680,1.0
2024-09-30,셋업,1,1,1,77000,1.0
2024-10-01,남성,6,6,8,682440,1.0
2024-10-01,여성,4,4,4,558490,1.0
2024-10-01,등산화,1,1,1,94500,1.0
2024-10-01,긴바지,1,1,1,77750,1.0
2024-10-01,가방,1,1,1,69500,1.0
2024-10-01,셋업,1,1,1,56550,1.0
2024-10-01,라운드티,1,1,1,52000,1.0
2024-10-02,남성,11,11,24,1430020,1.0
2024-10-02,자켓/ 베스트,3,3,13,828400,1.0
2024-10-02,인터체인지 (3 in 1),1,1,1,329500,1.0
2024-10-02,여성,2,2,2,266900,1.0
2024-10-02,등산화,1,1,1,79500,1.0
2024-10-02,UNKNOWN,1,1,1,79500,1.0
2024-10-02,셋업,1,1,1,69500,1.0
2024-10-02,라운드티,1,1,1,39500,1.0
2024-10-03,남성,8,8,10,915050,1.0
2024-10-03,등산화,4,3,4,438000,0.75
2024-10-03,자켓/ 베스트,2,2,2,324690,1.0
2024-10-03,긴바지,2,2,2,162050,1.0
2024-10-03,패딩/슬림다운,1,1,1,119500,1.0
2024-10-03,액세서리,1,1,3,21840,1.0
2024-10-04,남성,5,5,8,1140090,1.0
2024-10-04,바람막이,2,2,2,210648,1.0
2024-10-04,여성,1,1,1,119000,1.0
2024-10-04,자켓/ 베스트,1,1,2,106000,1.0
2024-10-04,셋업,1,1,1,96460,1.0
2024-10-05,남성,9,9,11,740010,1.0
2024-10-05,셋업,1,1,1,185960,1.0
2024-10-05,자켓/ 베스트,2,2,2,100530,1.0
2024-10-05,맨투맨/후드티,1,1,1,97420,1.0
2024-10-05,폴로티/집업,1,1,1,97420,1.0
2024-10-05,라운드티,1,1,1,48300,1.0
2024-10-06,자켓/ 베스트,2,2,10,584000,1.0
2024-10-06,남성,7,7,8,546080,1.0
2024-10-06,라운드티,2,2,3,152800,1.0
2024-10-06,셋업,1,1,1,117140,1.0
2024-10-06,등산화,1,1,1,109500,1.0
2024-10-06,긴바지,1,1,1,79000,1.0
2024-10-07,남성,9,9,11,820890,1.0
2024-10-07,자켓/베스트,3,3,3,298140,1.0
2024-10-07,자켓/ 베스트,2,2,3,218090,1.0
2024-10-07,패딩/슬림다운,2,2,2,208500,1.0
2024-10-07,하이킹,1,1,1,114500,1.0
2024-10-07,트레일러닝,1,1,1,103040,1.0
2024-10-07,라운드티,1,1,2,96600,1.0
2024-10-07,셋업,1,1,1,69000,1.0
2024-10-08,남성,9,9,12,957620,1.0
2024-10-08,자켓/ 베스트,3,2,12,688800,0.6666666666666666
2024-10-08,여성,2,2,2,233820,1.0
2024-10-08,라운드티,3,3,3,149050,1.0
2024-10-08,등산화,1,1,1,79500,1.0
2024-10-08,긴바지,1,1,1,63480,1.0
2024-10-08,크로스/토트백,1,1,1,59000,1.0
2024-10-08,자켓/베스트,1,1,1,55300,1.0
2024-10-09,남성,7,6,13,399570,0.8571428571428571
2024-10-09,여성,3,3,3,236470,1.0
2024-10-09,미드/롱다운,1,1,1,164500,1.0
2024-10-09,하이킹,1,1,1,126110,1.0
2024-10-09,긴바지,1,1,1,58550,1.0
2024-10-09,라운드티,1,1,1,54830,1.0
2024-10-09,폴로/집업티,1,1,1,48630,1.0
2024-10-10,여성,4,4,6,816220,1.0
2024-10-10,남성,7,7,8,556500,1.0
2024-10-10,자켓/ 베스트,2,2,2,297860,1.0
2024-10-10,라운드티,2,2,2,103440,1.0
2024-10-10,셋업,1,1,1,74190,1.0
2024-10-11,남성,14,13,40,2021120,0.9285714285714286
2024-10-11,여성,4,4,6,557460,1.0
2024-10-11,하이킹,1,1,1,137000,1.0
2024-10-11,자켓/ 베스트,1,1,1,89500,1.0
2024-10-12,남성,12,12,23,1308080,1.0
2024-10-12,여성,5,5,5,672080,1.0
2024-10-12,셋업,2,2,2,191740,1.0
2024-10-12,자켓/ 베스트,1,1,1,121610,1.0
2024-10-12,바람막이,1,1,1,101399,1.0
2024-10-12,라운드티,2,2,2,97200,1.0
2024-10-13,긴바지,2,2,3,291150,1.0
2024-10-13,남성,6,5,8,278950,0.8333333333333334
2024-10-13,미드/롱다운,1,1,1,274500,1.0
2024-10-13,셋업,1,1,2,171540,1.0
2024-10-13,자켓/ 베스트,1,1,1,52160,1.0
2024-10-14,남성,12,9,33,1883620,0.75
2024-10-14,여성,4,4,4,285820,1.0
2024-10-14,폴로티/집업,2,2,2,145600,1.0
2024-10-14,가방,2,2,2,142500,1.0
2024-10-14,셋업,1,1,1,97300,1.0
2024-10-14,라운드티,2,2,2,87700,1.0
2024-10-14,등산화,1,1,1,79500,1.0
2024-10-14,자켓/ 베스트,1,1,1,53000,1.0
2024-10-15,남성,15,15,22,1515550,1.0
2024-10-15,여성,2,2,2,117340,1.0
2024-10-15,자켓/베스트,1,1,1,104810,1.0
2024-10-15,UNKNOWN,1,1,1,100000,1.0
2024-10-15,셋업,1,1,1,77000,1.0
2024-10-15,라운드티,1,1,1,48300,1.0
2024-10-16,남성,33,32,44,1971409,0.9696969696969697
2024-10-16,여성,6,6,6,579480,1.0
2024-10-16,셋업,3,3,3,221800,1.0
2024-10-16,가방,2,2,2,123630,1.0
2024-10-16,라운드티,3,3,3,118060,1.0
2024-10-16,자켓/ 베스트,2,2,2,102110,1.0
2024-10-16,긴바지,1,1,1,93870,1.0
2024-10-16,자켓/베스트,2,2,2,89580,1.0
2024-10-16,맨투맨/후드티,1,1,1,71010,1.0
2024-10-16,액세서리,1,1,1,7960,1.0
2024-10-17,남성,16,16,18,1299080,1.0
2024-10-17,셋업,1,1,1,218100,1.0
2024-10-17,여성,2,2,2,149540,1.0
2024-10-17,하이킹,1,1,1,94500,1.0
2024-10-17,라운드티,2,2,2,78770,1.0
2024-10-17,긴바지,1,1,1,68170,1.0
2024-10-17,자켓/ 베스트,1,1,1,64500,1.0
2024-10-17,액세서리,1,1,1,8840,1.0
2024-10-18,남성,11,11,12,629330,1.0
2024-10-18,여성,2,2,2,292440,1.0
2024-10-18,셋업,3,3,4,271300,1.0
2024-10-18,등산화,1,1,1,84500,1.0
2024-10-18,라운드티,2,2,2,83870,1.0
2024-10-19,남성,17,17,35,2248030,1.0
2024-10-19,등산화,2,1,2,204000,0.5
2024-10-19,패딩/슬림다운,1,1,1,82350,1.0
2024-10-19,자켓/ 베스트,1,1,1,70770,1.0
2024-10-19,셋업,1,1,1,38500,1.0
2024-10-20,남성,12,12,17,775940,1.0
2024-10-20,자켓/ 베스트,5,5,6,286580,1.0
2024-10-20,여성,3,3,3,234050,1.0
2024-10-20,UNKNOWN,1,1,1,175460,1.0
2024-10-20,셔츠,1,1,1,139000,1.0
2024-10-20,하이킹,1,1,1,120290,1.0
2024-10-20,폴로티/집업,1,1,1,87740,1.0
2024-10-20,라운드티,1,1,1,35670,1.0
2024-10-21,남성,11,11,16,1150950,1.0
2024-10-21,미드/롱다운,1,1,1,274500,1.0
2024-10-21,여성,2,2,2,241500,1.0
2024-10-21,등산화,2,2,2,179000,1.0
2024-10-21,셔츠,1,1,1,126190,1.0
2024-10-22,남성,10,9,15,889840,0.9
2024-10-22,여성,2,2,2,182390,1.0
2024-10-22,부츠,1,1,1,148630,1.0
2024-10-22,셋업,2,2,2,134650,1.0
2024-10-22,패딩/슬림다운,1,1,1,116270,1.0
2024-10-22,자켓/ 베스트,1,1,1,104090,1.0
2024-10-22,긴바지,1,1,1,101940,1.0
2024-10-22,등산화,1,1,1,94500,1.0
2024-10-22,라운드티,1,1,1,46980,1.0
2024-10-23,남성,9,9,13,1296570,1.0
2024-10-23,여성,2,2,3,416100,1.0
2024-10-23,패딩/슬림다운,1,1,1,142980,1.0
2024-10-23,바람막이,1,1,1,136300,1.0
2024-10-24,남성,18,17,21,1964110,0.9444444444444444
2024-10-24,미드/롱다운,1,1,1,274500,1.0
2024-10-24,바람막이,1,1,1,139300,1.0
2024-10-24,여성,2,2,2,129000,1.0
2024-10-24,라운드티,3,3,3,127430,1.0
2024-10-24,자켓/베스트,1,1,1,109000,1.0
2024-10-24,UNKNOWN,2,1,2,89000,0.5
2024-10-24,가방,1,1,1,70010,1.0
2024-10-24,긴바지,1,1,1,64500,1.0
2024-10-24,볼캡,1,1,1,59000,1.0
2024-10-24,자켓/ 베스트,1,1,1,53000,1.0
2024-10-25,남성,13,11,15,2278630,0.8461538461538461
2024-10-25,여성,1,1,3,477130,1.0
2024-10-25,하이킹,2,2,2,272850,1.0
2024-10-25,자켓/ 베스트,1,1,1,124250,1.0
2024-10-25,셋업,1,1,1,76350,1.0
2024-10-26,남성,7,6,10,892300,0.8571428571428571
2024-10-26,여성,4,4,4,461110,1.0
2024-10-26,가방,1,1,1,73000,1.0
2024-10-26,폴로티/집업,1,1,1,49500,1.0
2024-10-27,남성,10,10,11,950030,1.0
2024-10-27,긴바지,1,1,1,64860,1.0
2024-10-27,볼캡,1,1,1,44100,1.0
2024-10-28,남성,9,9,13,1035970,1.0
2024-10-28,여성,5,4,6,611750,0.8
2024-10-28,패딩/슬림다운,1,1,1,119500,1.0
2024-10-28,셋업,1,1,2,101030,1.0
2024-10-28,자켓/ 베스트,1,1,1,77000,1.0
2024-10-28,액세서리,1,1,1,18920,1.0
2024-10-29,남성,13,13,21,1713880,1.0
2024-10-29,여성,2,2,2,195700,1.0
2024-10-29,UNKNOWN,1,1,1,179000,1.0
2024-10-29,자켓/ 베스트,2,2,2,162600,1.0
2024-10-29,등산화,1,1,1,84500,1.0
2024-10-29,긴바지,1,1,1,49500,1.0
2024-10-30,남성,8,8,11,816660,1.0
2024-10-30,여성,4,4,4,236850,1.0
2024-10-30,미드/롱다운,1,1,1,164500,1.0
2024-10-30,셋업,2,2,2,151500,1.0
2024-10-30,자켓/ 베스트,1,1,1,149500,1.0
2024-10-30,부츠,1,1,1,139000,1.0
2024-10-30,하이킹,1,1,1,129240,1.0
2024-10-30,폴로티/집업,1,1,1,99000,1.0
2024-10-31,남성,31,31,39,3104250,1.0
2024-10-31,여성,5,5,5,828130,1.0
2024-10-31,미드/롱다운,1,1,1,279500,1.0
2024-10-31,자켓/베스트,2,2,3,253300,1.0
2024-10-31,UNKNOWN,3,2,3,248500,0.6666666666666666
2024-10-31,패딩/슬림다운,2,2,2,208800,1.0
2024-10-31,등산화,1,1,1,149010,1.0
2024-10-31,셔츠,1,1,2,139000,1.0
2024-10-31,긴바지,1,1,1,98360,1.0
2024-10-31,셋업,1,1,1,97300,1.0
2024-10-31,하이킹,1,1,1,79230,1.0
2024-10-31,라운드티,2,2,2,42960,1.0
2024-10-31,액세서리,1,1,1,18340,1.0
2024-11-01,남성,7,6,9,610120,0.8571428571428571
2024-11-01,여성,2,2,3,173500,1.0
2024-11-01,등산화,1,1,1,135200,1.0
2024-11-01,긴바지,1,1,1,104300,1.0
2024-11-01,자켓/ 베스트,1,1,1,44500,1.0
2024-11-02,남성,6,6,9,513280,1.0
2024-11-02,여성,3,3,3,390730,1.0
2024-11-02,미드/롱다운,1,1,1,279500,1.0
2024-11-02,등산화,1,1,1,129950,1.0
2024-11-02,하이킹,1,1,1,123300,1.0
2024-11-02,가방,1,1,1,74550,1.0
2024-11-02,셋업,1,1,1,74500,1.0
2024-11-02,UNKNOWN,1,1,1,68870,1.0
2024-11-03,남성,18,18,22,2167480,1.0
2024-11-03,인터체인지 (3 in 1),1,1,1,526890,1.0
2024-11-03,여성,3,3,3,383850,1.0
2024-11-03,셋업,1,1,2,270400,1.0
2024-11-03,바람막이,1,1,1,121750,1.0
2024-11-03,패딩/슬림다운,1,1,1,119500,1.0
2024-11-03,가방,1,1,1,83000,1.0
2024-11-03,하이킹,1,1,1,81250,1.0
2024-11-03,맨투맨/후드티,1,1,1,79200,1.0
2024-11-03,자켓/ 베스트,1,1,1,53000,1.0
2024-11-03,볼캡,1,1,1,29500,1.0
2024-11-04,남성,8,8,13,1081970,1.0
2024-11-04,여성,4,4,6,687500,1.0
2024-11-04,미드/롱다운,1,1,1,279500,1.0
2024-11-04,등산화,1,1,1,148170,1.0
2024-11-04,가방,1,1,1,78000,1.0
2024-11-04,라운드티,2,2,2,74830,1.0
2024-11-04,자켓/베스트,1,1,1,49320,1.0
2024-11-04,액세서리,1,1,1,10960,1.0
2024-11-05,남성,24,24,31,1986120,1.0
2024-11-05,여성,4,4,4,479300,1.0
2024-11-05,등산화,2,2,2,195180,1.0
2024-11-05,가방,2,2,2,160070,1.0
2024-11-05,셋업,1,1,1,142890,1.0
2024-11-05,라운드티,2,2,2,90980,1.0
2024-11-06,남성,25,24,67,6116310,0.96
2024-11-06,여성,4,4,7,1196300,1.0
2024-11-06,인터체인지 (3 in 1),1,1,1,329500,1.0
2024-11-06,미드/롱다운,1,1,1,274500,1.0
2024-11-06,하이킹,1,1,1,131400,1.0
2024-11-06,셋업,1,1,1,94500,1.0
2024-11-06,맨투맨/후드티,1,1,1,63140,1.0
2024-11-06,UNKNOWN,1,1,1,54000,1.0
2024-11-06,볼캡,1,1,1,50990,1.0
2024-11-07,남성,17,16,32,1993560,0.9411764705882353
2024-11-07,여성,5,5,5,777080,1.0
2024-11-07,자켓/ 베스트,2,2,2,229220,1.0
2024-11-07,미드/롱다운,1,1,1,164500,1.0
2024-11-07,패딩/슬림다운,1,1,1,134100,1.0
2024-11-07,UNKNOWN,1,1,1,106300,1.0
2024-11-07,바람막이,1,1,1,104279,1.0
2024-11-07,셋업,1,1,1,94500,1.0
2024-11-07,등산화,1,1,1,94500,1.0
2024-11-07,라운드티,1,1,1,39610,1.0
2024-11-07,크로스/토트백,1,1,1,29500,1.0
2024-11-08,남성,12,11,16,1037830,0.9166666666666666
2024-11-08,여성,2,2,3,478500,1.0
2024-11-08,셋업,2,2,5,405370,1.0
2024-11-08,미드/롱다운,1,1,1,274500,1.0
2024-11-08,자켓/ 베스트,1,1,1,93620,1.0
2024-11-08,맨투맨/후드티,1,1,1,79200,1.0
2024-11-08,라운드티,1,1,1,41570,1.0
2024-11-08,자켓/베스트,1,1,1,27650,1.0
2024-11-09,남성,4,4,4,365180,1.0
2024-11-09,여성,2,2,4,278000,1.0
2024-11-09,부츠,1,1,1,157180,1.0
2024-11-09,셋업,1,1,1,138420,1.0
2024-11-09,볼캡,1,1,1,29500,1.0
2024-11-10,남성,18,18,23,1118850,1.0
2024-11-10,여성,2,2,2,431980,1.0
2024-11-10,가방,1,1,1,82700,1.0
2024-11-11,남성,16,15,20,1488270,0.9375
2024-11-11,자켓/ 베스트,1,1,1,149500,1.0
2024-11-11,하이킹,1,1,1,82560,1.0
2024-11-11,여성,1,1,1,39500,1.0
2024-11-12,남성,20,17,27,2189470,0.85
2024-11-12,여성,7,7,10,944070,1.0
2024-11-12,셋업,3,3,4,477980,1.0
2024-11-12,등산화,2,2,2,242740,1.0
2024-11-12,하이킹,1,1,1,120670,1.0
2024-11-12,자켓/ 베스트,1,1,1,115500,1.0
2024-11-12,폴로티/집업,1,1,1,62660,1.0
2024-11-12,라운드티,1,1,1,35540,1.0
2024-11-13,남성,14,13,35,1963050,0.9285714285714286
2024-11-13,여성,3,3,5,603670,1.0
2024-11-13,미드/롱다운,1,1,1,279500,1.0
2024-11-13,등산화,1,1,1,96610,1.0
2024-11-14,남성,11,11,21,1482420,1.0
2024-11-14,여성,2,2,3,326990,1.0
2024-11-14,등산화,2,2,2,192840,1.0
2024-11-14,하이킹,1,1,1,114500,1.0
2024-11-14,가방,1,1,1,78620,1.0
2024-11-14,셋업,1,1,1,69000,1.0
2024-11-14,라운드티,1,1,1,40210,1.0
2024-11-15,남성,60,60,81,5827710,1.0
2024-11-15,여성,10,10,14,1718400,1.0
2024-11-15,맨투맨/후드티,3,3,4,302860,1.0
2024-11-15,등산화,1,1,2,270570,1.0
2024-11-15,셋업,1,1,1,239640,1.0
2024-11-15,가방,3,3,3,223890,1.0
2024-11-15,라운드티,4,4,5,209220,1.0
2024-11-15,UNKNOWN,1,1,1,179000,1.0
2024-11-15,볼캡,4,4,4,164790,1.0
2024-11-15,하이킹,1,1,1,132000,1.0
2024-11-15,긴바지,1,1,1,104300,1.0
2024-11-15,크로스/토트백,1,1,1,53100,1.0
2024-11-16,남성,30,29,37,3700330,0.9666666666666667
2024-11-16,여성,6,6,8,800045,1.0
2024-11-16,미드/롱다운,1,1,1,274500,1.0
2024-11-16,셋업,1,1,1,110770,1.0
2024-11-16,폴로티/집업,1,1,1,99000,1.0
2024-11-16,볼캡,2,2,2,90000,1.0
2024-11-16,폴로/집업티,1,1,1,47970,1.0
2024-11-16,라운드티,1,1,1,35940,1.0
2024-11-17,남성,23,23,29,2366340,1.0
2024-11-17,미드/롱다운,1,1,1,323000,1.0
2024-11-17,여성,3,3,4,256200,1.0
2024-11-17,긴바지,1,1,1,89500,1.0
2024-11-17,가방,1,1,1,64800,1.0
2024-11-17,맨투맨/후드티,1,1,1,61830,1.0
2024-11-17,장갑,1,1,1,49500,1.0
2024-11-17,볼캡,1,1,1,39000,1.0
2024-11-17,UNKNOWN,1,1,1,27000,1.0
2024-11-18,남성,39,39,54,4094745,1.0
2024-11-18,여성,7,7,7,1008050,1.0
2024-11-18,셋업,5,5,6,563960,1.0
2024-11-18,볼캡,6,6,7,293310,1.0
2024-11-18,미드/롱다운,1,1,1,164500,1.0
2024-11-18,긴바지,1,1,1,93510,1.0
2024-11-18,부츠,1,1,1,79500,1.0
2024-11-19,남성,29,29,42,2908600,1.0
2024-11-19,여성,4,4,4,538500,1.0
2024-11-19,맨투맨/후드티,1,1,2,158400,1.0
2024-11-19,셔츠,1,1,1,104330,1.0
2024-11-19,폴로티/집업,1,1,1,88850,1.0
2024-11-19,긴바지,1,1,1,70900,1.0
2024-11-19,볼캡,2,2,2,68940,1.0
2024-11-20,남성,37,37,56,5405830,1.0
2024-11-20,여성,7,7,10,1301030,1.0
2024-11-20,미드/롱다운,2,1,2,559000,0.5
2024-11-20,자켓/ 베스트,4,4,4,195200,1.0
2024-11-20,볼캡,1,1,2,85000,1.0
2024-11-20,가방,1,1,1,63690,1.0
2024-11-21,남성,45,45,56,5062330,1.0
2024-11-21,여성,9,9,10,1115030,1.0
2024-11-21,자켓/ 베스트,3,3,3,221050,1.0
2024-11-21,라운드티,4,4,5,199680,1.0
2024-11-21,셋업,2,2,2,189920,1.0
2024-11-21,볼캡,3,3,3,109770,1.0
2024-11-21,폴로티/집업,1,1,1,71030,1.0
2024-11-21,맨투맨/후드티,1,1,1,65170,1.0
2024-11-21,버킷/부니,1,1,1,32500,1.0
2024-11-22,남성,31,31,44,3700680,1.0
2024-11-22,여성,6,6,7,1038360,1.0
2024-11-22,셋업,3,3,4,488460,1.0
2024-11-22,긴바지,2,2,2,183550,1.0
2024-11-22,등산화,1,1,1,132690,1.0
2024-11-22,UNKNOWN,1,1,1,89500,1.0
2024-11-22,볼캡,2,2,2,85740,1.0
2024-11-22,폴로티/집업,1,1,1,76890,1.0
2024-11-22,자켓/ 베스트,1,1,1,53000,1.0
2024-11-23,남성,25,25,27,2244110,1.0
2024-11-23,여성,2,2,2,370800,1.0
2024-11-23,미드/롱다운,1,1,1,285600,1.0
2024-11-23,장갑,1,1,1,93000,1.0
2024-11-23,볼캡,1,1,1,45000,1.0
2024-11-24,남성,34,33,42,4782450,0.9705882352941176
2024-11-24,여성,3,3,3,637790,1.0
2024-11-24,셋업,2,2,5,352330,1.0
2024-11-24,미드/롱다운,1,1,1,324060,1.0
2024-11-24,볼캡,4,4,5,181500,1.0
2024-11-24,자켓/ 베스트,2,2,2,165270,1.0
2024-11-24,하이킹,1,1,1,114500,1.0
2024-11-24,등산화,1,1,1,104500,1.0
2024-11-24,맨투맨/후드티,1,1,1,79200,1.0
2024-11-25,남성,30,30,36,4253340,1.0
2024-11-25,여성,8,7,8,1632730,0.875
2024-11-25,셋업,2,2,4,477800,1.0
2024-11-25,부츠,1,1,3,238500,1.0
2024-11-25,가방,1,1,1,83000,1.0
2024-11-25,하이킹,1,1,1,83000,1.0
2024-11-25,맨투맨/후드티,1,1,1,69440,1.0
2024-11-25,라운드티,1,1,1,39270,1.0
2024-11-26,남성,35,35,48,3215390,1.0
2024-11-26,여성,8,8,9,1228775,1.0
2024-11-26,UNKNOWN,2,2,2,222600,1.0
2024-11-26,자켓/베스트,1,1,1,201100,1.0
2024-11-26,맨투맨/후드티,2,2,2,139980,1.0
2024-11-26,부츠,2,2,2,139000,1.0
2024-11-26,등산화,1,1,1,133770,1.0
2024-11-26,패딩/슬림다운,1,1,1,119500,1.0
2024-11-26,볼캡,2,2,2,81770,1.0
2024-11-26,라운드티,1,1,1,38660,1.0
2024-11-27,남성,40,38,49,4482990,0.95
2024-11-27,여성,5,5,5,580900,1.0
2024-11-27,미드/롱다운,2,2,2,538810,1.0
2024-11-27,하이킹,2,2,2,268410,1.0
2024-11-27,맨투맨/후드티,1,1,2,158400,1.0
2024-11-27,셋업,1,1,1,98340,1.0
2024-11-27,장갑,1,1,1,97120,1.0
2024-11-27,등산화,1,1,1,79500,1.0
2024-11-27,볼캡,2,2,2,75310,1.0
2024-11-28,남성,37,37,53,5772310,1.0
2024-11-28,미드/롱다운,5,5,5,1815520,1.0
2024-11-28,여성,6,6,7,909910,1.0
2024-11-28,셋업,3,3,3,380300,1.0
2024-11-28,자켓/베스트,1,1,1,134500,1.0
2024-11-28,캐주얼,1,1,1,66000,1.0
2024-11-28,맨투맨/후드티,1,1,1,61510,1.0
2024-11-28,폴로티/집업,1,1,1,49500,1.0
2024-11-28,라운드티,1,1,1,45300,1.0
2024-11-28,볼캡,1,1,1,38190,1.0
2024-11-28,자켓/ 베스트,1,1,1,33620,1.0
2024-11-29,남성,21,21,26,2703150,1.0
2024-11-29,등산화,5,5,5,589420,1.0
2024-11-29,여성,3,3,3,357105,1.0
2024-11-29,미드/롱다운,1,1,1,279500,1.0
2024-11-29,UNKNOWN,1,1,1,108150,1.0
2024-11-29,셋업,1,1,1,89460,1.0
2024-11-29,폴로티/집업,1,1,1,68900,1.0
2024-11-29,자켓/베스트,1,1,1,64500,1.0
2024-11-29,가방,1,1,1,63955,1.0
2024-11-30,남성,32,32,36,3349070,1.0
2024-11-30,여성,5,5,5,432940,1.0
2024-11-30,볼캡,4,4,4,158420,1.0
2024-11-30,패딩/슬림다운,1,1,1,115405,1.0
2024-11-30,등산화,1,1,1,107970,1.0
2024-11-30,바람막이,1,1,1,100005,1.0
2024-11-30,부츠,1,1,1,79500,1.0
2024-11-30,셋업,1,1,1,62100,1.0
2024-11-30,맨투맨/후드티,1,1,1,57240,1.0
2024-12-01,남성,135,131,174,11380525,0.9703703703703703
2024-12-01,여성,11,10,12,1145520,0.9090909090909091
2024-12-01,하이킹,4,4,4,401990,1.0
2024-12-01,셋업,4,4,4,354620,1.0
2024-12-01,가방,5,5,5,348480,1.0
2024-12-01,볼캡,5,5,5,183770,1.0
2024-12-01,라운드티,5,5,5,168890,1.0
2024-12-01,자켓/ 베스트,1,1,1,152860,1.0
2024-12-01,트레일러닝,1,1,1,75650,1.0
2024-12-01,부츠,1,1,1,69500,1.0
2024-12-01,UNKNOWN,1,1,1,51850,1.0
2024-12-02,남성,53,51,65,6516059,0.9622641509433962
2024-12-02,여성,5,5,6,699080,1.0
2024-12-02,UNKNOWN,3,3,3,290210,1.0
2024-12-02,미드/롱다운,1,1,1,274500,1.0
2024-12-02,하이킹,2,2,2,257430,1.0
2024-12-02,셋업,3,3,4,241300,1.0
2024-12-02,패딩/슬림다운,1,1,1,160150,1.0
2024-12-02,맨투맨/후드티,2,2,2,138340,1.0
2024-12-02,긴바지,1,1,1,116570,1.0
2024-12-02,등산화,1,1,1,104500,1.0
2024-12-03,남성,23,23,34,2830800,1.0
2024-12-03,미드/롱다운,1,1,1,447200,1.0
2024-12-03,여성,4,4,4,366890,1.0
2024-12-03,셋업,2,2,2,148940,1.0
2024-12-03,긴바지,1,1,1,125300,1.0
2024-12-03,볼캡,2,2,2,105150,1.0
2024-12-03,부츠,1,1,1,97300,1.0
2024-12-03,가방,1,1,1,80630,1.0
2024-12-03,폴로티/집업,1,1,1,69300,1.0
2024-12-03,맨투맨/후드티,1,1,1,65550,1.0
2024-12-03,자켓/베스트,1,1,1,44500,1.0
2024-12-03,라운드티,1,1,1,38490,1.0
2024-12-04,남성,29,28,40,2911580,0.9655172413793104
2024-12-04,셋업,1,1,2,189000,1.0
2024-12-04,여성,2,2,2,155650,1.0
2024-12-04,하이킹,1,1,1,137000,1.0
2024-12-04,부츠,1,1,1,111300,1.0
2024-12-04,등산화,1,1,1,84500,1.0
2024-12-04,볼캡,1,1,1,60000,1.0
2024-12-04,자켓/ 베스트,1,1,1,53000,1.0
2024-12-05,남성,14,13,18,1534380,0.9285714285714286
2024-12-05,미드/롱다운,4,3,4,1103000,0.75
2024-12-05,셋업,2,2,2,129540,1.0
2024-12-05,UNKNOWN,1,1,1,125300,1.0
2024-12-05,여성,2,2,2,108100,1.0
2024-12-05,폴로티/집업,1,1,1,64300,1.0
2024-12-05,볼캡,1,1,1,51510,1.0
2024-12-05,자켓/베스트,1,1,1,33870,1.0
2024-12-05,라운드티,1,1,1,24520,1.0
2024-12-06,남성,51,48,60,7039050,0.9411764705882353
2024-12-06,부츠,5,5,5,1339100,1.0
2024-12-06,가방,1,1,4,332000,1.0
2024-12-06,여성,4,4,4,196940,1.0
2024-12-06,셋업,3,3,3,184250,1.0
2024-12-06,긴바지,1,1,1,161000,1.0
2024-12-06,볼캡,1,1,1,57340,1.0
2024-12-06,자켓/ 베스트,1,1,1,48550,1.0
2024-12-06,액세서리,1,1,1,9310,1.0
2024-12-07,남성,13,13,15,1500790,1.0
2024-12-07,부츠,1,1,1,269000,1.0
2024-12-07,긴바지,2,2,2,236720,1.0
2024-12-07,여성,2,2,2,99570,1.0
2024-12-07,폴로티/집업,1,1,1,69300,1.0
2024-12-08,남성,39,32,51,4684980,0.8205128205128205
2024-12-08,UNKNOWN,3,3,4,730380,1.0
2024-12-08,미드/롱다운,1,1,1,384300,1.0
2024-12-08,자켓/ 베스트,1,1,4,212000,1.0
2024-12-08,여성,3,3,5,192600,1.0
2024-12-08,긴바지,1,1,1,159110,1.0
2024-12-08,패딩/슬림다운,1,1,1,157180,1.0
2024-12-08,폴로티/집업,2,2,2,135920,1.0
2024-12-08,자켓/베스트,1,1,1,99000,1.0
2024-12-08,부츠,1,1,1,97310,1.0
2024-12-08,가방,1,1,1,79790,1.0
2024-12-08,맨투맨/후드티,1,1,1,55670,1.0
2024-12-08,액세서리,3,3,3,30170,1.0
2024-12-09,남성,29,29,36,3228970,1.0
2024-12-09,여성,2,2,2,340700,1.0
2024-12-09,셋업,3,3,3,247580,1.0
2024-12-09,긴바지,1,1,1,156000,1.0
2024-12-09,하이킹,1,1,1,137000,1.0
2024-12-09,부츠,1,1,1,111300,1.0
2024-12-09,UNKNOWN,1,1,1,89500,1.0
2024-12-09,폴로티/집업,1,1,1,64620,1.0
2024-12-09,볼캡,1,1,1,56720,1.0
2024-12-09,액세서리,1,1,1,11000,1.0
2024-12-10,남성,29,22,40,3070040,0.7586206896551724
2024-12-10,미드/롱다운,2,2,2,559000,1.0
2024-12-10,여성,4,4,6,334270,1.0
2024-12-10,폴로티/집업,2,2,2,127340,1.0
2024-12-10,긴바지,1,1,1,89500,1.0
2024-12-10,액세서리,2,2,5,51830,1.0
2024-12-10,자켓/ 베스트,1,1,1,44500,1.0
2024-12-10,볼캡,1,1,1,37500,1.0
2024-12-10,셋업,1,1,1,34500,1.0
2024-12-11,남성,28,28,38,2727310,1.0
2024-12-11,여성,4,4,6,774020,1.0
2024-12-11,미드/롱다운,1,1,1,447200,1.0
2024-12-11,하이킹,1,1,2,264000,1.0
2024-12-11,긴바지,1,1,1,151000,1.0
2024-12-11,등산화,1,1,1,131000,1.0
2024-12-11,맨투맨/후드티,1,1,1,65450,1.0
2024-12-12,남성,26,25,33,2361070,0.9615384615384616
2024-12-12,셋업,5,5,7,472590,1.0
2024-12-12,미드/롱다운,1,1,1,274500,1.0
2024-12-12,여성,3,3,3,96090,1.0
2024-12-12,긴바지,1,1,1,89500,1.0
2024-12-12,볼캡,2,2,2,73100,1.0
2024-12-12,폴로티/집업,1,1,1,49500,1.0
2024-12-13,남성,26,24,30,2623490,0.9230769230769231
2024-12-13,셋업,2,2,2,210380,1.0
2024-12-13,폴로티/집업,1,1,1,60000,1.0
2024-12-13,자켓/베스트,1,1,1,54300,1.0
2024-12-13,여성,1,1,1,50450,1.0
2024-12-13,라운드티,1,1,1,49120,1.0
2024-12-13,UNKNOWN,1,1,1,43200,1.0
2024-12-13,액세서리,1,1,4,22000,1.0
2024-12-14,남성,18,18,26,1840050,1.0
2024-12-14,하이킹,1,1,1,132000,1.0
2024-12-14,부츠,1,1,1,111300,1.0
2024-12-14,셋업,1,1,1,104300,1.0
2024-12-14,캐주얼,1,1,1,69790,1.0
2024-12-14,여성,2,2,2,68340,1.0
2024-12-14,자켓/베스트,1,1,1,62300,1.0
2024-12-14,액세서리,2,2,3,31100,1.0
2024-12-15,남성,20,20,33,3450610,1.0
2024-12-15,여성,6,6,6,567410,1.0
2024-12-15,셋업,3,3,4,316420,1.0
2024-12-15,등산화,1,1,1,189000,1.0
2024-12-15,미드/롱다운,1,1,1,164500,1.0
2024-12-15,긴바지,1,1,1,89500,1.0
2024-12-15,가방,1,1,1,80060,1.0
2024-12-15,폴로티/집업,1,1,1,49500,1.0
2024-12-16,남성,31,31,39,3004190,1.0
2024-12-16,미드/롱다운,2,2,2,559000,1.0
2024-12-16,셋업,5,5,5,457460,1.0
2024-12-16,자켓/베스트,1,1,1,109000,1.0
2024-12-16,부츠,1,1,1,106220,1.0
2024-12-16,폴로티/집업,1,1,1,63080,1.0
2024-12-17,남성,19,18,31,2068770,0.9473684210526315
2024-12-17,미드/롱다운,1,1,4,658000,1.0
2024-12-17,여성,1,1,1,109500,1.0
2024-12-17,자켓/ 베스트,1,1,2,106000,1.0
2024-12-17,폴로티/집업,1,1,1,69300,1.0
2024-12-17,볼캡,1,1,1,60000,1.0
2024-12-17,액세서리,1,1,3,32000,1.0
2024-12-18,남성,20,19,26,2594330,0.95
2024-12-18,미드/롱다운,1,1,1,384300,1.0
2024-12-18,여성,3,3,3,347450,1.0
2024-12-18,하이킹,1,1,1,137000,1.0
2024-12-18,셋업,1,1,1,116160,1.0
2024-12-18,부츠,1,1,1,72700,1.0
2024-12-18,폴로티/집업,1,1,1,67020,1.0
2024-12-18,액세서리,1,1,6,64860,1.0
2024-12-19,남성,31,31,40,2806030,1.0
2024-12-19,미드/롱다운,3,3,3,872550,1.0
2024-12-19,여성,5,5,5,515800,1.0
2024-12-19,패딩/슬림다운,3,3,3,501900,1.0
2024-12-19,UNKNOWN,2,2,2,478850,1.0
2024-12-19,셋업,1,1,1,99300,1.0
2024-12-19,장갑,2,2,2,73500,1.0
2024-12-19,폴로티/집업,1,1,1,69300,1.0
2024-12-19,폴로/집업티,1,1,1,62300,1.0
2024-12-19,액세서리,3,3,3,20500,1.0
2024-12-20,남성,18,17,27,1824060,0.9444444444444444
2024-12-20,여성,2,2,2,239980,1.0
2024-12-20,셋업,1,1,1,100720,1.0
2024-12-20,부츠,1,1,1,96800,1.0
2024-12-20,등산화,1,1,1,94500,1.0
2024-12-20,UNKNOWN,1,1,1,89500,1.0
2024-12-20,가방,1,1,1,81050,1.0
2024-12-20,액세서리,1,1,1,5500,1.0
2024-12-21,남성,17,15,31,2042320,0.8823529411764706
2024-12-21,여성,3,3,3,389300,1.0
2024-12-21,등산화,2,2,2,220370,1.0
2024-12-21,셋업,2,2,2,178300,1.0
2024-12-22,남성,14,14,14,1231100,1.0
2024-12-22,여성,5,5,5,773610,1.0
2024-12-22,미드/롱다운,2,2,2,592610,1.0
2024-12-22,인터체인지 (3 in 1),1,1,1,258300,1.0
2024-12-22,폴로티/집업,2,2,2,134600,1.0
2024-12-22,볼캡,1,1,1,59000,1.0
2024-12-22,셋업,1,1,1,49020,1.0
2024-12-22,자켓/ 베스트,1,1,1,27790,1.0
2024-12-22,액세서리,1,1,1,11000,1.0
2024-12-23,남성,18,17,22,2006870,0.9444444444444444
2024-12-23,여성,3,3,3,456580,1.0
2024-12-23,부츠,3,2,3,218500,0.6666666666666666
2024-12-23,셋업,1,1,1,130840,1.0
2024-12-23,긴바지,1,1,1,123520,1.0
2024-12-23,볼캡,2,2,2,75000,1.0
2024-12-24,남성,26,24,37,2270070,0.9230769230769231
2024-12-24,미드/롱다운,2,2,2,559000,1.0
2024-12-24,여성,1,1,1,233730,1.0
2024-12-24,액세서리,2,2,4,30810,1.0
2024-12-25,남성,32,32,43,2950580,1.0
2024-12-25,여성,6,6,6,224600,1.0
2024-12-25,폴로티/집업,3,3,3,202790,1.0
2024-12-25,셋업,2,2,2,201900,1.0
2024-12-25,UNKNOWN,2,2,2,163500,1.0
2024-12-25,패딩/슬림다운,1,1,1,119500,1.0
2024-12-25,부츠,1,1,1,76570,1.0
2024-12-25,가방,1,1,1,72940,1.0
2024-12-25,자켓/ 베스트,1,1,1,50270,1.0
2024-12-25,액세서리,3,3,4,34470,1.0
2024-12-25,장갑,1,1,1,22170,1.0
2024-12-26,남성,29,29,45,1937340,1.0
2024-12-26,하이킹,1,1,1,137000,1.0
2024-12-26,장갑,2,2,2,93460,1.0
2024-12-26,액세서리,5,5,8,71780,1.0
2024-12-26,라운드티,2,2,2,67050,1.0
2024-12-26,폴로티/집업,1,1,1,49810,1.0
2024-12-26,자켓/ 베스트,1,1,1,36240,1.0
2024-12-26,여성,2,2,2,21210,1.0
2024-12-27,남성,22,21,24,1359700,0.9545454545454546
2024-12-27,폴로티/집업,4,4,4,202060,1.0
2024-12-27,긴바지,2,2,2,188300,1.0
2024-12-27,여성,3,3,3,153230,1.0
2024-12-27,볼캡,3,3,3,125670,1.0
2024-12-27,부츠,1,1,1,79500,1.0
2024-12-28,남성,15,15,22,1120250,1.0
2024-12-28,등산화,1,1,1,112890,1.0
2024-12-28,맨투맨/후드티,1,1,1,55590,1.0
2024-12-29,남성,23,23,27,2083920,1.0
2024-12-29,미드/롱다운,1,1,1,380730,1.0
2024-12-29,가방,3,3,3,162260,1.0
2024-12-29,하이킹,1,1,1,137000,1.0
2024-12-29,폴로티/집업,2,2,2,128070,1.0
2024-12-29,긴바지,1,1,1,124140,1.0
2024-12-29,UNKNOWN,1,1,1,34510,1.0
2024-12-29,액세서리,1,1,2,16050,1.0
2024-12-30,남성,28,27,32,3104280,0.9642857142857143
2024-12-30,여성,5,5,5,764130,1.0
2024-12-30,미드/롱다운,2,2,2,554000,1.0
2024-12-30,등산화,2,2,4,511260,1.0
2024-12-30,셋업,3,3,3,172890,1.0
2024-12-30,가방,1,1,1,74680,1.0
2024-12-30,폴로티/집업,1,1,1,37500,1.0
2024-12-30,액세서리,2,2,2,14250,1.0
2024-12-31,남성,38,37,57,1960770,0.9736842105263158
2024-12-31,여성,12,12,12,553740,1.0
2024-12-31,셋업,3,3,5,280320,1.0
2024-12-31,미드/롱다운,1,1,1,279500,1.0
2024-12-31,하이킹,1,1,1,132060,1.0
2024-12-31,패딩/슬림다운,1,1,1,129920,1.0
2024-12-31,등산화,1,1,1,104870,1.0
2024-12-31,장갑,1,1,1,19500,1.0
2024-12-31,액세서리,2,2,2,11000,1.0
2025-01-01,남성,22,20,26,1973840,0.9090909090909091
2025-01-01,셋업,3,3,4,253900,1.0
2025-01-01,등산화,1,1,1,139300,1.0
2025-01-01,긴바지,1,1,1,125300,1.0
2025-01-01,자켓/베스트,1,1,1,99610,1.0
2025-01-01,폴로티/집업,1,1,1,49500,1.0
2025-01-01,라운드티,1,1,1,39930,1.0
2025-01-01,여성,1,1,1,10620,1.0
2025-01-01,액세서리,1,1,1,7040,1.0
2025-01-02,남성,11,10,17,1136430,0.9090909090909091
2025-01-02,여성,4,4,5,420610,1.0
2025-01-02,패딩/슬림다운,1,1,2,330280,1.0
2025-01-02,부츠,3,2,3,260300,0.6666666666666666
2025-01-02,자켓/ 베스트,1,1,1,208450,1.0
2025-01-02,UNKNOWN,2,2,2,149400,1.0
2025-01-02,셋업,1,1,1,123470,1.0
2025-01-02,하이킹,1,1,1,123000,1.0
2025-01-02,맨투맨/후드티,1,1,1,69020,1.0
2025-01-02,폴로/집업티,1,1,1,62050,1.0
2025-01-02,볼캡,1,1,1,47200,1.0
2025-01-03,남성,18,18,21,1352200,1.0
2025-01-03,여성,4,4,4,393370,1.0
2025-01-03,미드/롱다운,1,1,1,378850,1.0
2025-01-03,셋업,2,2,2,199650,1.0
2025-01-03,긴바지,1,1,1,125300,1.0
2025-01-04,남성,9,9,13,1123760,1.0
2025-01-04,여성,4,4,6,328670,1.0
2025-01-04,자켓/베스트,2,2,2,114470,1.0
2025-01-04,셋업,1,1,1,102040,1.0
2025-01-04,자켓/ 베스트,1,1,2,89000,1.0
2025-01-04,맨투맨/후드티,1,1,1,55060,1.0
2025-01-04,액세서리,1,1,1,7500,1.0
2025-01-05,남성,9,9,12,918980,1.0
2025-01-05,여성,2,2,2,186440,1.0
2025-01-05,미드/롱다운,1,1,1,164500,1.0
2025-01-05,등산화,1,1,1,113250,1.0
2025-01-05,부츠,1,1,1,79500,1.0
2025-01-05,자켓/ 베스트,1,1,1,53000,1.0
2025-01-05,액세서리,1,1,1,10430,1.0
2025-01-06,남성,17,15,18,1456740,0.8823529411764706
2025-01-06,여성,7,7,10,1076270,1.0
2025-01-06,등산화,1,1,1,147750,1.0
2025-01-06,하이킹,1,1,1,137000,1.0
2025-01-06,폴로티/집업,1,1,1,55480,1.0
2025-01-07,남성,21,21,26,2055770,1.0
2025-01-07,미드/롱다운,2,2,2,721700,1.0
2025-01-07,여성,2,2,2,480870,1.0
2025-01-07,셋업,1,1,1,108150,1.0
2025-01-07,맨투맨/후드티,1,1,1,69300,1.0
2025-01-07,폴로티/집업,1,1,1,69300,1.0
2025-01-07,장갑,1,1,1,24500,1.0
2025-01-08,남성,22,21,28,2551360,0.9545454545454546
2025-01-08,미드/롱다운,3,3,3,1025930,1.0
2025-01-08,여성,5,5,5,526540,1.0
2025-01-08,셋업,2,2,2,133890,1.0
2025-01-08,하이킹,1,1,1,114500,1.0
2025-01-08,라운드티,1,1,1,52520,1.0
2025-01-08,액세서리,1,1,1,7500,1.0
2025-01-09,남성,23,23,26,2295080,1.0
2025-01-09,미드/롱다운,3,3,3,886670,1.0
2025-01-09,셋업,1,1,3,333120,1.0
2025-01-09,가방,2,2,2,164510,1.0
2025-01-09,긴바지,1,1,1,125300,1.0
2025-01-09,여성,1,1,1,100630,1.0
2025-01-09,등산화,1,1,1,95690,1.0
2025-01-09,라운드티,1,1,1,57050,1.0
2025-01-09,폴로/집업티,1,1,1,44500,1.0
2025-01-09,자켓/ 베스트,1,1,1,38150,1.0
2025-01-09,볼캡,1,1,1,35000,1.0
2025-01-09,UNKNOWN,1,1,1,33200,1.0
2025-01-10,남성,19,18,22,2497820,0.9473684210526315
2025-01-10,여성,7,5,7,1075690,0.7142857142857143
2025-01-10,미드/롱다운,1,1,1,376750,1.0
2025-01-10,인터체인지 (3 in 1),1,1,1,251190,1.0
2025-01-10,부츠,1,1,1,106310,1.0
2025-01-10,셋업,2,2,2,102510,1.0
2025-01-10,액세서리,4,4,9,100590,1.0
2025-01-10,자켓/ 베스트,1,1,1,53000,1.0
2025-01-11,남성,13,13,13,1401590,1.0
2025-01-11,여성,1,1,1,57330,1.0
2025-01-12,남성,16,16,20,1757980,1.0
2025-01-12,여성,4,4,4,392430,1.0
2025-01-12,등산화,1,1,1,153300,1.0
2025-01-12,하이킹,1,1,1,128430,1.0
2025-01-12,액세서리,2,2,3,30200,1.0
2025-01-13,남성,61,60,80,3874540,0.9836065573770492
2025-01-13,여성,12,12,12,1234170,1.0
2025-01-13,셋업,5,5,7,466660,1.0
2025-01-13,하이킹,4,4,4,369450,1.0
2025-01-13,긴바지,2,2,2,253850,1.0
2025-01-13,UNKNOWN,4,4,4,214980,1.0
2025-01-13,등산화,2,2,2,174000,1.0
2025-01-13,볼캡,2,2,2,74200,1.0
2025-01-13,액세서리,5,5,8,65360,1.0
2025-01-13,가방,1,1,1,60510,1.0
2025-01-13,자켓/ 베스트,2,2,2,53930,1.0
2025-01-13,장갑,1,1,1,39550,1.0
2025-01-14,남성,26,26,40,2374540,1.0
2025-01-14,여성,7,7,8,971990,1.0
2025-01-14,자켓/ 베스트,4,4,5,275170,1.0
2025-01-14,미드/롱다운,1,1,1,274500,1.0
2025-01-14,패딩/슬림다운,1,1,3,218500,1.0
2025-01-14,등산화,1,1,1,103430,1.0
2025-01-14,셋업,1,1,1,86130,1.0
2025-01-14,캐주얼,1,1,1,61830,1.0
2025-01-14,맨투맨/후드티,1,1,1,49500,1.0
2025-01-14,라운드티,1,1,1,38520,1.0
2025-01-14,볼캡,1,1,1,29500,1.0
2025-01-14,액세서리,1,1,2,11000,1.0
2025-01-15,남성,24,23,35,1666820,0.9583333333333334
2025-01-15,인터체인지 (3 in 1),1,1,1,652530,1.0
2025-01-15,미드/롱다운,1,1,1,313940,1.0
2025-01-15,여성,3,3,3,172680,1.0
2025-01-15,등산화,1,1,1,115520,1.0
2025-01-15,하이킹,1,1,1,69530,1.0
2025-01-15,폴로/집업티,1,1,1,58970,1.0
2025-01-15,장갑,1,1,1,28750,1.0
2025-01-15,UNKNOWN,1,1,1,21600,1.0
2025-01-15,액세서리,3,3,3,19080,1.0
2025-01-16,남성,22,21,27,1470570,0.9545454545454546
2025-01-16,여성,7,7,8,792100,1.0
2025-01-16,긴바지,2,2,3,358500,1.0
2025-01-16,셋업,3,3,3,284790,1.0
2025-01-16,등산화,1,1,1,185880,1.0
2025-01-16,자켓/ 베스트,2,2,3,115090,1.0
2025-01-16,맨투맨/후드티,1,1,1,53350,1.0
2025-01-16,폴로/집업티,1,1,1,44500,1.0
2025-01-16,액세서리,1,1,1,5500,1.0
2025-01-17,남성,27,27,33,1952060,1.0
2025-01-17,여성,6,6,7,862170,1.0
2025-01-17,셋업,3,3,3,239570,1.0
2025-01-17,등산화,1,1,1,73150,1.0
2025-01-17,가방,1,1,1,66000,1.0
2025-01-17,자켓/ 베스트,1,1,1,32500,1.0
2025-01-17,볼캡,1,1,1,29500,1.0
2025-01-17,라운드티,1,1,1,29270,1.0
2025-01-18,남성,11,11,13,1149120,1.0
2025-01-18,여성,2,2,3,392440,1.0
2025-01-18,긴바지,1,1,1,113600,1.0
2025-01-18,셋업,2,2,2,104170,1.0
2025-01-18,자켓/ 베스트,1,1,1,95850,1.0
2025-01-18,가방,1,1,1,74260,1.0
2025-01-18,액세서리,3,3,3,25570,1.0
2025-01-19,남성,21,21,28,1574880,1.0
2025-01-19,미드/롱다운,1,1,1,274500,1.0
2025-01-19,여성,2,2,2,164800,1.0
2025-01-19,패딩/슬림다운,1,1,1,120560,1.0
2025-01-19,자켓/베스트,1,1,1,103200,1.0
2025-01-19,부츠,1,1,1,79500,1.0
2025-01-19,볼캡,1,1,1,40950,1.0
2025-01-19,셋업,1,1,1,34500,1.0
2025-01-19,액세서리,2,2,2,17180,1.0
2025-01-20,남성,14,14,17,1216820,1.0
2025-01-20,미드/롱다운,1,1,1,239500,1.0
2025-01-20,긴바지,1,1,1,232590,1.0
2025-01-20,셋업,1,1,1,101350,1.0
2025-01-20,UNKNOWN,1,1,1,62550,1.0
2025-01-20,맨투맨/후드티,1,1,1,45050,1.0
2025-01-20,볼캡,1,1,1,30530,1.0
2025-01-21,남성,21,20,32,2093130,0.9523809523809523
2025-01-21,UNKNOWN,2,2,3,337110,1.0
2025-01-21,자켓/베스트,3,3,3,225940,1.0
2025-01-21,여성,2,2,2,213540,1.0
2025-01-21,하이킹,1,1,1,129640,1.0
2025-01-21,긴바지,1,1,1,118100,1.0
2025-01-21,패딩/슬림다운,1,1,1,109490,1.0
2025-01-21,트레일러닝,1,1,1,86950,1.0
2025-01-21,부츠,1,1,1,84850,1.0
2025-01-21,등산화,1,1,1,84500,1.0
2025-01-21,가방,1,1,1,78090,1.0
2025-01-21,셋업,1,1,1,55200,1.0
2025-01-22,남성,37,37,47,2764180,1.0
2025-01-22,여성,4,4,5,507560,1.0
2025-01-22,셋업,2,2,5,312750,1.0
2025-01-22,자켓/베스트,1,1,1,82640,1.0
2025-01-22,맨투맨/후드티,1,1,1,55350,1.0
2025-01-22,장갑,1,1,1,47150,1.0
2025-01-22,자켓/ 베스트,1,1,1,29380,1.0
2025-01-22,라운드티,1,1,1,20650,1.0
2025-01-23,남성,29,29,41,1819670,1.0
2025-01-23,여성,8,8,8,913360,1.0
2025-01-23,자켓/베스트,1,1,1,260310,1.0
2025-01-23,패딩/슬림다운,1,1,1,164350,1.0
2025-01-23,셋업,3,3,3,161820,1.0
2025-01-23,긴바지,1,1,1,67610,1.0
2025-01-24,남성,16,16,21,1205450,1.0
2025-01-24,미드/롱다운,2,2,2,721700,1.0
2025-01-24,여성,2,2,2,239940,1.0
2025-01-24,등산화,1,1,1,88350,1.0
2025-01-24,트레일러닝,1,1,1,73100,1.0
2025-01-24,가방,1,1,1,61190,1.0
2025-01-24,맨투맨/후드티,1,1,1,58600,1.0
2025-01-24,셋업,1,1,1,50320,1.0
2025-01-25,남성,9,9,11,410030,1.0
2025-01-25,여성,3,3,3,219720,1.0
2025-01-25,셋업,1,1,1,98550,1.0
2025-01-26,남성,221,219,268,9888410,0.9909502262443439
2025-01-26,여성,31,31,33,1964720,1.0
2025-01-26,셋업,9,9,9,372470,1.0
2025-01-26,가방,6,6,6,346750,1.0
2025-01-26,라운드티,8,8,8,205940,1.0
2025-01-26,등산화,3,3,3,205380,1.0
2025-01-26,패딩/슬림다운,2,2,2,189910,1.0
2025-01-26,긴바지,1,1,1,189150,1.0
2025-01-26,자켓/ 베스트,5,5,5,179180,1.0
2025-01-26,자켓/베스트,3,3,3,170770,1.0
2025-01-26,UNKNOWN,2,2,2,125290,1.0
2025-01-26,하이킹,2,2,2,112590,1.0
2025-01-26,볼캡,4,4,4,95720,1.0
2025-01-26,캐주얼,2,2,2,79280,1.0
2025-01-26,맨투맨/후드티,2,2,2,78780,1.0
2025-01-26,트레일러닝,1,1,1,67200,1.0
2025-01-26,부츠,1,1,1,65500,1.0
2025-01-26,크로스/토트백,2,2,2,63760,1.0
2025-01-27,남성,184,184,233,9603950,1.0
2025-01-27,여성,20,20,22,1247220,1.0
2025-01-27,셋업,9,9,10,649630,1.0
2025-01-27,등산화,4,4,5,522780,1.0
2025-01-27,하이킹,4,4,4,296150,1.0
2025-01-27,긴바지,4,4,4,286140,1.0
2025-01-27,UNKNOWN,4,4,4,281500,1.0
2025-01-27,자켓/ 베스트,6,6,6,224020,1.0
2025-01-27,가방,4,4,4,198510,1.0
2025-01-27,셔츠,1,1,2,196270,1.0
2025-01-27,볼캡,7,7,7,190630,1.0
2025-01-27,크로스/토트백,4,4,4,145240,1.0
2025-01-27,장갑,3,3,3,108980,1.0
2025-01-27,맨투맨/후드티,1,1,1,44170,1.0
2025-01-27,라운드티,2,2,2,39820,1.0
2025-01-27,자켓/베스트,1,1,1,31150,1.0
2025-01-27,액세서리,3,3,3,30190,1.0
2025-01-28,남성,69,68,98,3396690,0.9855072463768116
2025-01-28,여성,20,20,22,1581650,1.0
2025-01-28,셋업,5,5,5,335810,1.0
2025-01-28,자켓/베스트,3,3,3,211730,1.0
2025-01-28,패딩/슬림다운,1,1,1,127900,1.0
2025-01-28,하이킹,2,2,2,111270,1.0
2025-01-28,가방,2,2,2,100880,1.0
2025-01-28,라운드티,2,2,2,65030,1.0
2025-01-28,캐주얼,1,1,1,39260,1.0
2025-01-28,크로스/토트백,1,1,1,32090,1.0
2025-01-28,자켓/ 베스트,1,1,1,22190,1.0
2025-01-28,UNKNOWN,1,1,1,19440,1.0
2025-01-28,액세서리,1,1,1,13820,1.0
2025-01-29,남성,51,50,61,3099520,0.9803921568627451
2025-01-29,여성,8,8,8,715280,1.0
2025-01-29,등산화,2,2,2,213030,1.0
2025-01-29,UNKNOWN,3,3,3,181060,1.0
2025-01-29,하이킹,2,2,2,131730,1.0
2025-01-29,가방,2,2,2,81490,1.0
2025-01-29,트레일러닝,1,1,1,76100,1.0
2025-01-29,셋업,1,1,1,52060,1.0
2025-01-29,라운드티,2,2,2,39320,1.0
2025-01-29,자켓/ 베스트,1,1,1,27700,1.0
2025-01-30,남성,79,79,95,4563500,1.0
2025-01-30,여성,8,8,8,881400,1.0
2025-01-30,하이킹,5,5,5,365670,1.0
2025-01-30,부츠,4,4,4,338540,1.0
2025-01-30,등산화,3,3,3,256520,1.0
2025-01-30,가방,3,3,3,137660,1.0
2025-01-30,자켓/베스트,2,2,3,94370,1.0
2025-01-30,패딩/슬림다운,1,1,1,85730,1.0
2025-01-30,맨투맨/후드티,1,1,2,84260,1.0
2025-01-30,자켓/ 베스트,2,2,2,66060,1.0
2025-01-30,셋업,1,1,1,43350,1.0
2025-01-30,라운드티,2,2,2,38890,1.0
2025-01-30,장갑,1,1,1,29330,1.0
2025-01-30,볼캡,1,1,1,24130,1.0
2025-01-30,액세서리,1,1,1,14040,1.0
2025-01-31,남성,356,354,427,18081870,0.9943820224719101
2025-01-31,여성,53,53,55,3243720,1.0
2025-01-31,셋업,18,18,18,874130,1.0
2025-01-31,미드/롱다운,3,2,3,838500,0.6666666666666666
2025-01-31,자켓/ 베스트,19,19,20,719570,1.0
2025-01-31,하이킹,7,7,7,689500,1.0
2025-01-31,등산화,6,6,6,586790,1.0
2025-01-31,UNKNOWN,8,8,8,451880,1.0
2025-01-31,패딩/슬림다운,3,3,3,388240,1.0
2025-01-31,가방,6,6,6,297710,1.0
2025-01-31,라운드티,11,11,12,265450,1.0
2025-01-31,자켓/베스트,4,4,4,189970,1.0
2025-01-31,볼캡,8,8,8,175740,1.0
2025-01-31,장갑,6,6,6,136990,1.0
2025-01-31,캐주얼,3,3,3,118340,1.0
2025-01-31,긴바지,1,1,1,112770,1.0
2025-01-31,액세서리,6,6,8,105650,1.0
2025-01-31,셔츠,1,1,1,101440,1.0
2025-01-31,폴로/집업티,2,2,2,76370,1.0
2025-01-31,부츠,1,1,1,72700,1.0
2025-01-31,맨투맨/후드티,1,1,1,59300,1.0
2025-01-31,크로스/토트백,2,2,2,52210,1.0
2025-02-01,여성,5,5,5,530190,1.0
2025-02-01,남성,7,7,7,379370,1.0
2025-02-01,하이킹,1,1,1,130920,1.0
2025-02-02,남성,11,11,11,1038890,1.0
2025-02-02,여성,2,2,5,685780,1.0
2025-02-02,미드/롱다운,1,1,1,274500,1.0
2025-02-02,긴바지,1,1,1,79000,1.0
2025-02-03,남성,7,7,7,498420,1.0
2025-02-03,여성,1,1,1,212540,1.0
2025-02-03,하이킹,1,1,1,134000,1.0
2025-02-03,가방,1,1,1,83000,1.0
2025-02-03,장갑,1,1,1,47300,1.0
2025-02-04,남성,12,11,12,962490,0.9166666666666666
2025-02-04,미드/롱다운,1,1,1,447200,1.0
2025-02-04,여성,3,3,3,427200,1.0
2025-02-04,등산화,1,1,1,169480,1.0
2025-02-04,폴로티/집업,2,2,2,138600,1.0
2025-02-04,UNKNOWN,1,1,1,109780,1.0
2025-02-04,볼캡,1,1,1,18600,1.0
2025-02-05,남성,14,13,20,1207310,0.9285714285714286
2025-02-05,미드/롱다운,1,1,1,447200,1.0
2025-02-05,여성,4,4,5,360300,1.0
2025-02-05,등산화,2,2,2,272430,1.0
2025-02-05,라운드티,1,1,1,31300,1.0
2025-02-05,액세서리,1,1,2,19630,1.0
2025-02-06,남성,16,15,20,1978710,0.9375
2025-02-06,여성,5,5,5,537270,1.0
2025-02-06,미드/롱다운,1,1,1,335300,1.0
2025-02-06,가방,4,4,4,267580,1.0
2025-02-06,인터체인지 (3 in 1),1,1,1,168070,1.0
2025-02-06,하이킹,1,1,1,123300,1.0
2025-02-06,등산화,1,1,1,100170,1.0
2025-02-06,셋업,1,1,1,95690,1.0
2025-02-06,부츠,1,1,1,79500,1.0
2025-02-06,긴바지,1,1,1,72450,1.0
2025-02-06,셔츠,1,1,1,69500,1.0
2025-02-06,자켓/ 베스트,1,1,1,47700,1.0
2025-02-07,남성,25,20,30,2698600,0.8
2025-02-07,하이킹,12,12,12,674780,1.0
2025-02-07,등산화,2,2,2,253440,1.0
2025-02-07,가방,3,3,3,216150,1.0
2025-02-07,액세서리,2,2,4,37480,1.0
2025-02-07,볼캡,1,1,1,30080,1.0
2025-02-07,UNKNOWN,1,1,1,29460,1.0
2025-02-08,남성,16,15,22,2058500,0.9375
2025-02-08,하이킹,2,2,2,172800,1.0
2025-02-08,셋업,2,2,2,120170,1.0
2025-02-08,등산화,1,1,1,112470,1.0
2025-02-08,가방,1,1,1,71700,1.0
2025-02-08,여성,1,1,1,65960,1.0
2025-02-08,맨투맨/후드티,1,1,1,58360,1.0
2025-02-08,UNKNOWN,1,1,1,27350,1.0
2025-02-08,장갑,1,1,1,24500,1.0
2025-02-09,남성,21,21,30,2670930,1.0
2025-02-09,여성,3,3,3,368740,1.0
2025-02-09,하이킹,3,3,4,203760,1.0
2025-02-09,장갑,2,2,2,135560,1.0
2025-02-09,긴바지,1,1,1,122610,1.0
2025-02-09,자켓/ 베스트,1,1,1,47700,1.0
2025-02-09,액세서리,1,1,1,5990,1.0
2025-02-10,남성,20,19,24,2233950,0.95
2025-02-10,하이킹,4,4,4,343910,1.0
2025-02-10,셋업,1,1,1,132300,1.0
2025-02-10,셔츠,1,1,1,116950,1.0
2025-02-10,자켓/ 베스트,1,1,1,112770,1.0
2025-02-10,가방,1,1,1,81000,1.0
2025-02-10,크로스/토트백,1,1,1,51300,1.0
2025-02-11,남성,18,18,22,1872580,1.0
2025-02-11,셋업,5,4,11,604670,0.8
2025-02-11,하이킹,6,5,6,377090,0.8333333333333334
2025-02-11,여성,3,3,3,245050,1.0
2025-02-11,맨투맨/후드티,3,3,3,166050,1.0
2025-02-11,UNKNOWN,1,1,1,79500,1.0
2025-02-12,남성,10,10,11,475280,1.0
2025-02-12,여성,3,3,3,195230,1.0
2025-02-12,등산화,1,1,1,114940,1.0
2025-02-12,UNKNOWN,1,1,1,94000,1.0
2025-02-12,라운드티,1,1,1,49500,1.0
2025-02-12,볼캡,1,1,1,24100,1.0
2025-02-12,액세서리,1,1,1,21200,1.0
2025-02-13,남성,28,28,35,2243330,1.0
2025-02-13,미드/롱다운,2,2,2,538020,1.0
2025-02-13,가방,5,5,5,369850,1.0
2025-02-13,여성,4,4,4,311670,1.0
2025-02-13,하이킹,3,3,3,211230,1.0
2025-02-13,맨투맨/후드티,1,1,1,69300,1.0
2025-02-13,액세서리,1,1,2,17780,1.0
2025-02-14,남성,25,22,37,2419080,0.88
2025-02-14,여성,4,4,6,318270,1.0
2025-02-14,하이킹,3,3,3,234150,1.0
2025-02-14,셋업,1,1,1,102920,1.0
2025-02-14,가방,1,1,1,66200,1.0
2025-02-14,라운드티,1,1,1,49500,1.0
2025-02-14,액세서리,2,2,5,42350,1.0
2025-02-15,남성,10,10,11,678630,1.0
2025-02-15,여성,2,2,2,161470,1.0
2025-02-15,등산화,1,1,1,118300,1.0
2025-02-15,셋업,1,1,1,104300,1.0
2025-02-15,트레일러닝,1,1,1,82740,1.0
2025-02-15,가방,1,1,1,64420,1.0
2025-02-15,하이킹,1,1,1,48520,1.0
2025-02-15,자켓/베스트,1,1,1,44870,1.0
2025-02-15,액세서리,2,2,3,37070,1.0
2025-02-16,남성,23,23,31,2220270,1.0
2025-02-16,여성,6,6,7,664630,1.0
2025-02-16,트레일러닝,1,1,1,109000,1.0
2025-02-16,등산화,1,1,1,84500,1.0
2025-02-16,하이킹,1,1,1,55000,1.0
2025-02-16,자켓/베스트,1,1,1,47920,1.0
2025-02-17,남성,18,18,26,1455210,1.0
2025-02-17,여성,9,8,10,1349100,0.8888888888888888
2025-02-17,패딩/슬림다운,2,2,2,299080,1.0
2025-02-17,등산화,2,2,2,181800,1.0
2025-02-17,셋업,2,2,2,129700,1.0
2025-02-17,맨투맨/후드티,1,1,1,65540,1.0
2025-02-17,하이킹,1,1,1,43910,1.0
2025-02-18,남성,15,15,23,1944460,1.0
2025-02-18,등산화,2,2,2,235800,1.0
2025-02-18,여성,3,3,3,169660,1.0
2025-02-18,자켓/베스트,1,1,1,79200,1.0
2025-02-18,맨투맨/후드티,1,1,1,50730,1.0
2025-02-18,액세서리,1,1,1,5610,1.0
2025-02-19,남성,19,18,34,2633400,0.9473684210526315
2025-02-19,여성,5,5,8,622810,1.0
2025-02-19,하이킹,2,2,2,98040,1.0
2025-02-19,셋업,1,1,1,94500,1.0
2025-02-19,상의,1,1,1,50230,1.0
2025-02-19,액세서리,1,1,1,11000,1.0
2025-02-20,남성,37,37,46,4526844,1.0
2025-02-20,여성,13,13,13,1936062,1.0
2025-02-20,하이킹,5,5,5,325430,1.0
2025-02-20,셋업,2,2,3,278280,1.0
2025-02-20,미드/롱다운,1,1,1,225700,1.0
2025-02-20,등산화,1,1,1,185670,1.0
2025-02-20,상의,2,2,2,102250,1.0
2025-02-20,바람막이,1,1,1,85230,1.0
2025-02-20,자켓/베스트,1,1,1,46190,1.0
2025-02-20,맨투맨/후드티,1,1,1,36220,1.0
2025-02-20,액세서리,1,1,1,11000,1.0
2025-02-21,남성,23,22,26,2555724,0.9565217391304348
2025-02-21,여성,4,4,4,555688,1.0
2025-02-21,미드/롱다운,1,1,1,278448,1.0
2025-02-21,긴바지,2,2,2,216200,1.0
2025-02-21,패딩/슬림다운,1,1,1,156430,1.0
2025-02-21,자켓/ 베스트,1,1,1,155000,1.0
2025-02-21,하이킹,3,3,3,152560,1.0
2025-02-21,셋업,1,1,1,36250,1.0
2025-02-21,라운드티,1,1,1,35600,1.0
2025-02-21,액세서리,1,1,1,11000,1.0
2025-02-22,남성,18,18,27,1366948,1.0
2025-02-22,여성,6,6,11,747426,1.0
2025-02-22,하이킹,3,3,3,148420,1.0
2025-02-22,가방,1,1,1,83000,1.0
2025-02-22,라운드티,2,2,2,59120,1.0
2025-02-22,액세서리,1,1,1,11000,1.0
2025-02-23,남성,24,24,29,2222869,1.0
2025-02-23,패딩/슬림다운,3,3,3,482830,1.0
2025-02-23,미드/롱다운,1,1,1,411400,1.0
2025-02-23,여성,2,2,2,155403,1.0
2025-02-23,하이킹,3,3,3,142260,1.0
2025-02-23,자켓/ 베스트,1,1,1,139990,1.0
2025-02-23,셋업,1,1,2,129000,1.0
2025-02-23,라운드티,2,2,2,75470,1.0
2025-02-23,가방,1,1,1,71770,1.0
2025-02-23,긴바지,1,1,1,69990,1.0
2025-02-23,폴로/집업티,1,1,1,52300,1.0
2025-02-24,남성,18,18,20,2171256,1.0
2025-02-24,하이킹,2,2,3,329000,1.0
2025-02-24,여성,2,2,2,152030,1.0
2025-02-24,패딩/슬림다운,1,1,1,150570,1.0
2025-02-24,바람막이,1,1,1,144274,1.0
2025-02-24,긴바지,1,1,1,111770,1.0
2025-02-24,UNKNOWN,1,1,1,111300,1.0
2025-02-25,남성,16,16,23,1183730,1.0
2025-02-25,여성,3,3,6,356940,1.0
2025-02-25,긴바지,2,2,2,247480,1.0
2025-02-25,인터체인지 (3 in 1),1,1,1,228560,1.0
2025-02-25,등산화,1,1,1,132300,1.0
2025-02-25,라운드티,2,2,3,64920,1.0
2025-02-25,자켓/베스트,1,1,1,54070,1.0
2025-02-25,바람막이,1,1,1,50699,1.0
2025-02-25,하이킹,1,1,1,49500,1.0
2025-02-26,남성,23,23,35,2537055,1.0
2025-02-26,여성,5,4,5,458770,0.8
2025-02-26,하이킹,2,2,2,192000,1.0
2025-02-26,긴바지,1,1,1,111770,1.0
2025-02-26,패딩/슬림다운,1,1,1,86400,1.0
2025-02-26,라운드티,1,1,1,49500,1.0
2025-02-27,남성,21,21,64,2586828,1.0
2025-02-27,여성,6,6,8,847096,1.0
2025-02-27,하이킹,4,4,10,524190,1.0
2025-02-27,등산화,1,1,1,102230,1.0
2025-02-27,패딩/슬림다운,1,1,1,98570,1.0
2025-02-27,맨투맨/후드티,1,1,1,60380,1.0
2025-02-28,남성,11,11,15,774410,1.0
2025-02-28,여성,3,3,4,373376,1.0
2025-02-28,하이킹,2,2,2,88920,1.0
2025-02-28,액세서리,2,2,3,26980,1.0
2025-03-01,남성,13,13,17,866310,1.0
2025-03-01,여성,1,1,4,429780,1.0
2025-03-01,패딩/슬림다운,1,1,1,167300,1.0
2025-03-01,셋업,2,2,2,166190,1.0
2025-03-01,하이킹,2,2,2,98400,1.0
2025-03-01,라운드티,1,1,2,75750,1.0
2025-03-01,자켓/ 베스트,1,1,1,46520,1.0
2025-03-01,액세서리,1,1,2,17630,1.0
2025-03-02,남성,12,12,14,1284920,1.0
2025-03-02,여성,2,2,2,237600,1.0
2025-03-02,바람막이,1,1,1,100000,1.0
2025-03-03,남성,23,23,36,2202532,1.0
2025-03-03,여성,3,3,3,290562,1.0
2025-03-03,자켓/ 베스트,2,2,2,128600,1.0
2025-03-04,남성,16,16,18,1601772,1.0
2025-03-04,여성,4,4,4,424200,1.0
2025-03-04,인터체인지 (3 in 1),1,1,1,184500,1.0
2025-03-04,하이킹,2,2,2,174300,1.0
2025-03-04,맨투맨/후드티,1,1,1,65680,1.0
2025-03-04,액세서리,1,1,1,11000,1.0
2025-03-05,남성,14,14,20,1279270,1.0
2025-03-05,여성,5,5,5,460442,1.0
2025-03-05,셋업,2,2,2,197630,1.0
2025-03-05,바람막이,3,3,3,185940,1.0
2025-03-05,등산화,1,1,1,81030,1.0
2025-03-05,패딩/슬림다운,1,1,1,74500,1.0
2025-03-05,하이킹,1,1,1,49190,1.0
2025-03-05,라운드티,1,1,1,36940,1.0
2025-03-05,액세서리,2,2,3,25540,1.0
2025-03-06,남성,19,19,33,2866263,1.0
2025-03-06,여성,7,7,7,619783,1.0
2025-03-06,바람막이,2,2,2,188190,1.0
2025-03-06,등산화,1,1,1,99500,1.0
2025-03-06,하이킹,1,1,1,45670,1.0
2025-03-06,셋업,1,1,1,40820,1.0
2025-03-07,남성,16,16,21,1512302,1.0
2025-03-07,여성,2,2,3,289480,1.0
2025-03-07,바람막이,3,3,3,182340,1.0
2025-03-07,UNKNOWN,2,2,2,110570,1.0
2025-03-07,패딩/슬림다운,1,1,1,91120,1.0
2025-03-07,긴바지,1,1,1,50580,1.0
2025-03-07,맨투맨/후드티,1,1,1,49500,1.0
2025-03-08,남성,17,16,19,1233192,0.9411764705882353
2025-03-08,여성,3,3,5,198120,1.0
2025-03-08,패딩/슬림다운,1,1,1,100080,1.0
2025-03-08,UNKNOWN,1,1,1,96220,1.0
2025-03-08,방수자켓,1,1,1,70810,1.0
2025-03-08,맨투맨/후드티,1,1,1,62370,1.0
2025-03-08,하이킹,1,1,1,53000,1.0
2025-03-08,액세서리,2,2,3,33000,1.0
2025-03-09,남성,11,11,14,1092803,1.0
2025-03-09,바람막이,2,2,2,287068,1.0
2025-03-09,인터체인지 (3 in 1),1,1,1,232470,1.0
2025-03-09,패딩/슬림다운,1,1,1,105780,1.0
2025-03-09,등산화,1,1,1,79500,1.0
2025-03-09,방수자켓,1,1,1,72800,1.0
2025-03-09,자켓/ 베스트,1,1,1,45220,1.0
2025-03-09,라운드티,1,1,1,39190,1.0
2025-03-09,액세서리,1,1,3,28880,1.0
2025-03-10,남성,19,19,169,9866410,1.0
2025-03-10,여성,4,3,4,448000,0.75
2025-03-10,바람막이,2,2,2,103040,1.0
2025-03-10,하이킹,1,1,1,94000,1.0
2025-03-10,라운드티,2,2,2,90800,1.0
2025-03-10,자켓/베스트,1,1,1,89840,1.0
2025-03-10,방수자켓,1,1,1,63780,1.0
2025-03-10,자켓/ 베스트,1,1,1,51740,1.0
2025-03-10,긴바지,1,1,1,51000,1.0
2025-03-10,상의,1,1,1,44980,1.0
2025-03-11,남성,10,10,18,992770,1.0
2025-03-11,여성,3,3,3,398540,1.0
2025-03-11,셋업,1,1,1,59500,1.0
2025-03-11,긴바지,1,1,1,36180,1.0
2025-03-12,남성,13,13,15,1388470,1.0
2025-03-12,여성,5,5,6,843090,1.0
2025-03-12,등산화,1,1,1,116060,1.0
2025-03-12,하이킹,1,1,1,109600,1.0
2025-03-12,상의,2,2,2,96300,1.0
2025-03-12,셋업,1,1,2,89000,1.0
2025-03-12,바람막이,1,1,1,51020,1.0
2025-03-12,라운드티,1,1,1,18470,1.0
2025-03-12,액세서리,1,1,1,5300,1.0
2025-03-13,남성,23,22,43,2560360,0.9565217391304348
2025-03-13,바람막이,5,5,5,327890,1.0
2025-03-13,여성,5,5,5,313690,1.0
2025-03-13,하이킹,2,2,2,102000,1.0
2025-03-13,상의,2,2,2,87010,1.0
2025-03-13,방수자켓,1,1,1,69300,1.0
2025-03-13,라운드티,2,2,2,57670,1.0
2025-03-13,자켓/베스트,1,1,1,47000,1.0
2025-03-13,셋업,1,1,1,38700,1.0
2025-03-14,남성,20,18,25,2219120,0.9
2025-03-14,여성,2,2,2,279000,1.0
2025-03-14,긴바지,3,3,3,272510,1.0
2025-03-14,상의,4,4,4,215120,1.0
2025-03-14,바람막이,2,2,2,162270,1.0
2025-03-14,셔츠,1,1,1,117890,1.0
2025-03-14,하이킹,1,1,1,55000,1.0
2025-03-14,맨투맨/후드티,1,1,1,49500,1.0
2025-03-15,남성,14,14,18,1255250,1.0
2025-03-15,여성,4,4,4,220430,1.0
2025-03-15,바람막이,4,4,4,190110,1.0
2025-03-15,하이킹,2,2,2,117190,1.0
2025-03-15,등산화,1,1,1,95000,1.0
2025-03-15,자켓/ 베스트,1,1,1,53000,1.0
2025-03-15,긴바지,1,1,1,52250,1.0
2025-03-15,상의,1,1,1,48110,1.0
2025-03-15,폴로/집업티,1,1,1,46060,1.0
2025-03-16,남성,15,15,25,1674360,1.0
2025-03-16,여성,5,5,5,555870,1.0
2025-03-16,패딩/슬림다운,1,1,2,241550,1.0
2025-03-16,하이킹,2,2,2,178720,1.0
2025-03-16,바람막이,2,2,2,141180,1.0
2025-03-16,긴바지,3,3,3,135700,1.0
2025-03-16,셋업,3,3,3,118570,1.0
2025-03-16,UNKNOWN,1,1,1,111300,1.0
2025-03-16,등산화,1,1,1,84500,1.0
2025-03-16,라운드티,2,2,2,54770,1.0
2025-03-16,상의,1,1,1,52050,1.0
2025-03-17,남성,18,18,23,1272860,1.0
2025-03-17,여성,4,4,4,475800,1.0
2025-03-17,등산화,1,1,1,136210,1.0
2025-03-17,자켓/ 베스트,1,1,1,107000,1.0
2025-03-17,하이킹,2,2,2,101200,1.0
2025-03-17,바람막이,1,1,1,59000,1.0
2025-03-17,폴로티/집업,1,1,1,54500,1.0
2025-03-17,긴바지,1,1,1,53000,1.0
2025-03-17,라운드티,1,1,1,49500,1.0
2025-03-18,남성,12,12,17,932260,1.0
2025-03-18,등산화,1,1,1,66150,1.0
2025-03-18,상의,1,1,1,57240,1.0
2025-03-18,셋업,1,1,1,51420,1.0
2025-03-18,하이킹,1,1,1,48650,1.0
2025-03-18,여성,1,1,1,8410,1.0
2025-03-19,남성,16,16,21,1262520,1.0
2025-03-19,바람막이,2,2,2,202000,1.0
2025-03-19,긴바지,3,3,3,180360,1.0
2025-03-19,여성,3,3,3,179350,1.0
2025-03-19,트레일러닝,1,1,1,109000,1.0
2025-03-19,하이킹,2,2,2,107240,1.0
2025-03-19,상의,1,1,1,59000,1.0
2025-03-19,자켓/ 베스트,1,1,1,46980,1.0
2025-03-20,남성,14,14,17,1170230,1.0
2025-03-20,바람막이,4,4,4,338540,1.0
2025-03-20,여성,2,2,2,137100,1.0
2025-03-20,셔츠,1,1,1,125100,1.0
2025-03-20,등산화,1,1,1,105060,1.0
2025-03-20,긴바지,1,1,2,96750,1.0
2025-03-20,상의,1,1,1,59000,1.0
2025-03-20,셋업,1,1,1,55200,1.0
2025-03-20,하이킹,1,1,1,45000,1.0
2025-03-20,라운드티,1,1,1,39930,1.0
2025-03-20,액세서리,1,1,1,4500,1.0
2025-03-21,남성,15,15,25,1848910,1.0
2025-03-21,여성,3,3,4,382620,1.0
2025-03-21,상의,2,2,2,113720,1.0
2025-03-21,바람막이,2,2,2,111600,1.0
2025-03-21,하이킹,2,2,2,110000,1.0
2025-03-21,긴바지,1,1,1,53000,1.0
2025-03-21,자켓/ 베스트,1,1,1,26500,1.0
2025-03-22,남성,9,9,13,1001640,1.0
2025-03-22,등산화,1,1,1,113190,1.0
2025-03-22,여성,1,1,1,102590,1.0
2025-03-22,바람막이,1,1,1,57030,1.0
2025-03-22,셋업,1,1,1,37140,1.0
2025-03-23,남성,14,14,18,1317380,1.0
2025-03-23,바람막이,4,4,4,217120,1.0
2025-03-23,긴바지,2,2,2,96450,1.0
2025-03-23,방수자켓,1,1,1,74340,1.0
2025-03-23,등산화,1,1,1,64500,1.0
2025-03-23,셋업,1,1,1,59500,1.0
2025-03-23,상의,1,1,1,57180,1.0
2025-03-23,크로스/토트백,1,1,1,53100,1.0
2025-03-23,여성,3,3,5,42250,1.0
2025-03-23,반바지,1,1,1,39500,1.0
2025-03-24,남성,18,18,23,1295670,1.0
2025-03-24,여성,4,4,6,334300,1.0
2025-03-24,바람막이,2,2,2,158650,1.0
2025-03-24,트레일러닝,1,1,1,106060,1.0
2025-03-24,상의,1,1,1,58340,1.0
2025-03-24,셋업,1,1,1,52580,1.0
2025-03-25,남성,9,9,16,763430,1.0
2025-03-25,여성,4,4,5,500590,1.0
2025-03-25,바람막이,2,2,2,113000,1.0
2025-03-25,긴바지,2,2,2,104240,1.0
2025-03-25,셋업,1,1,1,69500,1.0
2025-03-25,맨투맨/후드티,1,1,1,69300,1.0
2025-03-25,상의,1,1,1,56150,1.0
2025-03-26,남성,8,8,12,701830,1.0
2025-03-26,여성,4,3,7,662360,0.75
2025-03-26,바람막이,5,5,5,358140,1.0
2025-03-26,셋업,3,3,4,294570,1.0
2025-03-26,긴바지,3,3,5,263000,1.0
2025-03-26,상의,1,1,1,59000,1.0
2025-03-27,남성,10,10,33,864110,1.0
2025-03-27,여성,4,4,4,314990,1.0
2025-03-27,방수자켓,2,2,2,152070,1.0
2025-03-27,긴바지,3,3,3,151900,1.0
2025-03-27,셋업,1,1,1,59610,1.0
2025-03-27,상의,1,1,1,48910,1.0
2025-03-27,반바지,1,1,1,39500,1.0
2025-03-28,남성,13,13,21,1288780,1.0
2025-03-28,여성,4,4,4,328150,1.0
2025-03-28,바람막이,2,2,2,152950,1.0
2025-03-28,긴바지,2,2,2,112000,1.0
2025-03-28,장갑,1,1,1,21600,1.0
2025-03-29,남성,12,12,17,1307040,1.0
2025-03-29,여성,5,5,5,412640,1.0
2025-03-29,셋업,2,2,4,236490,1.0
2025-03-29,바람막이,1,1,1,51750,1.0
2025-03-29,상의,1,1,1,34110,1.0
2025-03-30,남성,15,14,17,981050,0.9333333333333333
2025-03-30,등산화,1,1,3,372910,1.0
2025-03-30,여성,2,2,2,99500,1.0
2025-03-30,긴바지,2,2,2,95990,1.0
2025-03-30,셋업,1,1,1,69000,1.0
2025-03-30,상의,1,1,1,58450,1.0
2025-03-31,남성,9,9,11,507350,1.0
2025-03-31,바람막이,3,3,3,249860,1.0
2025-03-31,여성,1,1,1,56960,1.0
2025-03-31,긴바지,1,1,1,52190,1.0
2025-03-31,자켓/ 베스트,1,1,1,48530,1.0
2025-03-31,맨투맨/후드티,1,1,1,46880,1.0
2025-04-01,남성,24,22,31,2043690,0.9166666666666666
2025-04-01,여성,3,3,5,587770,1.0
2025-04-01,바람막이,3,3,3,209890,1.0
2025-04-01,등산화,2,2,2,109210,1.0
2025-04-01,하이킹,1,1,1,94000,1.0
2025-04-01,방수자켓,1,1,1,72050,1.0
2025-04-01,긴바지,1,1,1,53000,1.0
2025-04-01,반바지,1,1,1,44500,1.0
2025-04-01,셋업,1,1,1,39810,1.0
2025-04-01,액세서리,1,1,2,15800,1.0
2025-04-02,남성,19,18,34,2497550,0.9473684210526315
2025-04-02,하이킹,1,1,3,282000,1.0
2025-04-02,여성,3,3,3,165200,1.0
2025-04-02,긴바지,1,1,2,122780,1.0
2025-04-02,바람막이,1,1,1,101000,1.0
2025-04-02,방수자켓,1,1,1,61600,1.0
2025-04-03,남성,25,25,32,1823380,1.0
2025-04-03,여성,5,5,5,470840,1.0
2025-04-03,바람막이,4,4,4,282120,1.0
2025-04-03,긴바지,4,4,4,219960,1.0
2025-04-03,셋업,2,2,2,111570,1.0
2025-04-03,폴로티/집업,1,1,1,82900,1.0
2025-04-03,상의,1,1,1,59000,1.0
2025-04-03,라운드티,1,1,1,30510,1.0
2025-04-03,액세서리,1,1,2,18000,1.0
2025-04-03,장갑,1,1,1,12500,1.0
2025-04-04,남성,21,20,154,7314620,0.9523809523809523
2025-04-04,라운드티,3,3,4,136000,1.0
2025-04-04,바람막이,1,1,1,101000,1.0
2025-04-04,UNKNOWN,1,1,1,100800,1.0
2025-04-04,여성,2,2,2,64910,1.0
2025-04-04,반바지,1,1,1,59380,1.0
2025-04-04,셋업,1,1,1,51870,1.0
2025-04-05,남성,17,17,20,1311745,1.0
2025-04-05,긴바지,4,4,4,196780,1.0
2025-04-05,자켓/ 베스트,1,1,1,179270,1.0
2025-04-05,하이킹,1,1,1,114500,1.0
2025-04-05,여성,2,2,2,94310,1.0
2025-04-05,셋업,2,2,2,94000,1.0
2025-04-05,바람막이,1,1,1,55840,1.0
2025-04-05,라운드티,1,1,1,28120,1.0
2025-04-06,남성,16,16,18,1023520,1.0
2025-04-06,여성,7,7,9,803770,1.0
2025-04-06,하이킹,1,1,1,132500,1.0
2025-04-06,바람막이,2,2,2,102670,1.0
2025-04-06,긴바지,2,2,2,98730,1.0
2025-04-06,셋업,1,1,1,45680,1.0
2025-04-06,라운드티,1,1,1,38950,1.0
2025-04-07,남성,20,19,48,2905690,0.95
2025-04-07,여성,3,3,6,463610,1.0
2025-04-07,반바지,4,4,4,235890,1.0
2025-04-07,등산화,2,2,2,194500,1.0
2025-04-07,긴바지,3,3,4,184740,1.0
2025-04-07,자켓/ 베스트,1,1,1,135000,1.0
2025-04-07,바람막이,1,1,1,127200,1.0
2025-04-07,셋업,2,2,2,107600,1.0
2025-04-07,상의,1,1,1,59000,1.0
2025-04-07,라운드티,2,2,2,56780,1.0
2025-04-07,폴로티/집업,1,1,1,49500,1.0
2025-04-08,남성,17,17,21,1450740,1.0
2025-04-08,여성,5,5,8,571980,1.0
2025-04-08,긴바지,3,3,4,208000,1.0
2025-04-08,셋업,2,2,3,180490,1.0
2025-04-08,바람막이,2,2,2,135740,1.0
2025-04-08,트레일러닝,1,1,1,107390,1.0
2025-04-08,상의,2,2,2,98340,1.0
2025-04-08,등산화,1,1,1,87000,1.0
2025-04-08,맨투맨/후드티,1,1,1,51420,1.0
2025-04-09,남성,20,20,34,1621390,1.0
2025-04-09,라운드티,8,8,11,460540,1.0
2025-04-09,여성,1,1,1,94500,1.0
2025-04-09,하이킹,1,1,1,94000,1.0
2025-04-09,긴바지,2,2,2,86700,1.0
2025-04-09,상의,1,1,1,57740,1.0
2025-04-09,셋업,1,1,1,46000,1.0
2025-04-09,UNKNOWN,1,1,1,32360,1.0
2025-04-09,반바지,1,1,1,27900,1.0
2025-04-09,장갑,1,1,1,25000,1.0
2025-04-10,남성,19,19,23,1203580,1.0
2025-04-10,상의,4,4,5,292740,1.0
2025-04-10,바람막이,2,2,2,242700,1.0
2025-04-10,등산화,2,2,2,215840,1.0
2025-04-10,반바지,5,5,5,205000,1.0
2025-04-10,여성,2,2,2,166550,1.0
2025-04-10,셋업,2,2,3,145570,1.0
2025-04-10,트레일러닝,1,1,1,109000,1.0
2025-04-10,긴바지,2,2,2,103480,1.0
2025-04-10,라운드티,2,2,3,98390,1.0
2025-04-10,맨투맨/후드티,1,1,1,53000,1.0
2025-04-10,셔츠,1,1,1,40670,1.0
2025-04-11,남성,19,19,24,1462410,1.0
2025-04-11,바람막이,3,3,3,304950,1.0
2025-04-11,라운드티,7,7,8,298160,1.0
2025-04-11,UNKNOWN,2,2,2,229610,1.0
2025-04-11,긴바지,3,3,3,192850,1.0
2025-04-11,여성,4,4,4,186410,1.0
2025-04-11,반바지,3,3,5,139110,1.0
2025-04-11,셋업,2,2,2,107170,1.0
2025-04-11,상의,2,2,2,91990,1.0
2025-04-11,등산화,1,1,1,82705,1.0
2025-04-12,남성,8,8,13,718690,1.0
2025-04-12,상의,3,3,3,165340,1.0
2025-04-12,셋업,3,3,3,142450,1.0
2025-04-12,등산화,1,1,1,123160,1.0
2025-04-12,긴바지,2,2,2,118000,1.0
2025-04-12,라운드티,4,4,4,116900,1.0
2025-04-12,반바지,2,2,3,109560,1.0
2025-04-12,여성,1,1,1,56370,1.0
2025-04-13,남성,18,18,22,1672790,1.0
2025-04-13,상의,4,4,4,190520,1.0
2025-04-13,라운드티,3,3,4,135330,1.0
2025-04-13,반바지,3,3,3,100870,1.0
2025-04-13,셋업,2,2,2,95880,1.0
2025-04-13,맨투맨/후드티,2,2,2,93180,1.0
2025-04-13,긴바지,1,1,1,82350,1.0
2025-04-13,셔츠,1,1,1,41700,1.0
2025-04-13,UNKNOWN,1,1,1,39000,1.0
2025-04-13,여성,1,1,2,19740,1.0
2025-04-13,액세서리,1,1,1,5300,1.0
2025-04-14,남성,25,25,32,2514360,1.0
2025-04-14,등산화,2,2,2,348975,1.0
2025-04-14,라운드티,4,4,6,222400,1.0
2025-04-14,반바지,4,4,7,184910,1.0
2025-04-14,여성,4,4,4,182190,1.0
2025-04-14,긴바지,3,3,3,174450,1.0
2025-04-14,바람막이,1,1,1,92040,1.0
2025-04-14,액세서리,1,1,2,16000,1.0
2025-04-15,남성,23,23,34,1579635,1.0
2025-04-15,라운드티,10,10,11,360910,1.0
2025-04-15,여성,2,2,2,275230,1.0
2025-04-15,바람막이,2,2,2,244940,1.0
2025-04-15,긴바지,4,4,4,220950,1.0
2025-04-15,반바지,5,5,5,125400,1.0
2025-04-15,UNKNOWN,2,2,2,113630,1.0
2025-04-15,카고/조거,1,1,1,65000,1.0
2025-04-15,상의,1,1,1,45440,1.0
2025-04-16,남성,18,18,32,1720400,1.0
2025-04-16,여성,5,5,5,331040,1.0
2025-04-16,라운드티,6,6,9,321780,1.0
2025-04-16,긴바지,3,3,3,216400,1.0
2025-04-16,바람막이,2,2,2,179830,1.0
2025-04-16,반바지,3,3,3,75000,1.0
2025-04-16,스니커즈,1,1,1,65440,1.0
2025-04-16,UNKNOWN,2,2,2,63420,1.0
2025-04-16,셋업,1,1,1,47120,1.0
2025-04-16,상의,1,1,1,44000,1.0
2025-04-16,액세서리,1,1,1,7280,1.0
2025-04-17,남성,17,17,23,1316670,1.0
2025-04-17,여성,6,6,6,297100,1.0
2025-04-17,반바지,5,5,7,235380,1.0
2025-04-17,바람막이,1,1,1,128190,1.0
2025-04-17,라운드티,4,4,4,117850,1.0
2025-04-17,등산화,1,1,1,94500,1.0
2025-04-17,카고/조거,1,1,1,55000,1.0
2025-04-17,자켓/ 베스트,1,1,1,53000,1.0
2025-04-17,셋업,1,1,1,49840,1.0
2025-04-17,상의,1,1,1,36510,1.0
2025-04-17,UNKNOWN,1,1,1,28560,1.0
2025-04-18,남성,24,24,40,2183530,1.0
2025-04-18,여성,4,4,6,447850,1.0
2025-04-18,라운드티,8,8,11,349280,1.0
2025-04-18,UNKNOWN,5,5,5,272560,1.0
2025-04-18,자켓/ 베스트,1,1,1,197000,1.0
2025-04-18,상의,3,3,4,189710,1.0
2025-04-18,긴바지,3,3,3,153370,1.0
2025-04-18,바람막이,1,1,1,130680,1.0
2025-04-18,반바지,5,5,5,115900,1.0
2025-04-18,셋업,1,1,2,106000,1.0
2025-04-18,스니커즈,1,1,1,69000,1.0
2025-04-18,등산화,1,1,1,64500,1.0
2025-04-19,남성,11,11,17,965930,1.0
2025-04-19,라운드티,7,7,15,503680,1.0
2025-04-19,자켓/ 베스트,2,2,2,235540,1.0
2025-04-19,반바지,5,5,6,190680,1.0
2025-04-19,여성,2,2,2,175080,1.0
2025-04-19,하이킹,1,1,1,137000,1.0
2025-04-19,긴바지,2,2,2,104000,1.0
2025-04-19,셋업,1,1,1,82170,1.0
2025-04-19,바람막이,1,1,1,64500,1.0
2025-04-19,상의,1,1,1,58410,1.0
2025-04-19,UNKNOWN,1,1,1,41000,1.0
2025-04-19,액세서리,1,1,1,8880,1.0
2025-04-20,남성,10,10,12,603950,1.0
2025-04-20,라운드티,9,9,12,431270,1.0
2025-04-20,반바지,10,10,12,370870,1.0
2025-04-20,바람막이,1,1,2,159000,1.0
2025-04-20,셋업,2,2,2,127500,1.0
2025-04-20,긴바지,2,2,2,115370,1.0
2025-04-20,여성,3,3,3,84000,1.0
2025-04-20,스니커즈,1,1,1,56000,1.0
2025-04-20,상의,1,1,1,49000,1.0
2025-04-20,UNKNOWN,1,1,1,41000,1.0
2025-04-20,폴로/집업티,1,1,1,41000,1.0
2025-04-20,셔츠,1,1,1,40370,1.0
2025-04-20,액세서리,1,1,1,7820,1.0
2025-04-21,남성,19,19,48,2362490,1.0
2025-04-21,긴바지,7,7,7,398070,1.0
2025-04-21,라운드티,7,7,9,305020,1.0
2025-04-21,자켓/ 베스트,1,1,1,173400,1.0
2025-04-21,UNKNOWN,3,3,3,164810,1.0
2025-04-21,바람막이,1,1,1,157100,1.0
2025-04-21,여성,1,1,1,136600,1.0
2025-04-21,반바지,3,3,5,124840,1.0
2025-04-21,트레일러닝,1,1,1,105860,1.0
2025-04-21,맨투맨/후드티,1,1,2,105150,1.0
2025-04-21,등산화,1,1,1,84500,1.0
2025-04-21,상의,2,2,2,79540,1.0
2025-04-21,셔츠,1,1,1,53000,1.0
2025-04-21,셋업,1,1,1,50010,1.0
2025-04-22,남성,20,20,21,1322740,1.0
2025-04-22,바람막이,2,2,2,220000,1.0
2025-04-22,여성,3,3,5,176660,1.0
2025-04-22,긴바지,3,3,3,152000,1.0
2025-04-22,하이킹,1,1,1,92000,1.0
2025-04-22,가방,1,1,1,83000,1.0
2025-04-22,UNKNOWN,2,2,2,78460,1.0
2025-04-22,상의,1,1,1,57530,1.0
2025-04-22,반바지,2,2,2,48030,1.0
2025-04-22,라운드티,1,1,1,32540,1.0
2025-04-23,남성,23,20,43,2546540,0.8695652173913043
2025-04-23,긴바지,9,9,9,637590,1.0
2025-04-23,바람막이,3,3,3,317810,1.0
2025-04-23,라운드티,7,7,8,308850,1.0
2025-04-23,셋업,2,2,2,80950,1.0
2025-04-23,반바지,2,2,2,57300,1.0
2025-04-23,여성,1,1,1,9610,1.0
2025-04-24,남성,31,31,42,2967220,1.0
2025-04-24,여성,11,11,13,1092060,1.0
2025-04-24,반바지,6,6,8,218480,1.0
2025-04-24,긴바지,2,2,2,108000,1.0
2025-04-24,바람막이,1,1,1,106100,1.0
2025-04-24,라운드티,3,3,3,101820,1.0
2025-04-24,UNKNOWN,2,2,2,90500,1.0
2025-04-24,가방,1,1,1,72240,1.0
2025-04-24,폴로티/집업,1,1,1,49500,1.0
2025-04-24,상의,1,1,1,49000,1.0
2025-04-25,남성,23,22,33,1861720,0.9565217391304348
2025-04-25,여성,4,4,6,304830,1.0
2025-04-25,라운드티,4,4,5,179350,1.0
2025-04-25,상의,2,2,3,141220,1.0
2025-04-25,하이킹,1,1,1,133430,1.0
2025-04-25,트레일러닝,1,1,1,102530,1.0
2025-04-25,등산화,1,1,1,99500,1.0
2025-04-25,UNKNOWN,3,3,3,96970,1.0
2025-04-25,긴바지,2,2,2,89880,1.0
2025-04-25,셋업,1,1,1,51660,1.0
2025-04-25,반바지,1,1,1,45810,1.0
2025-04-26,남성,8,8,16,779050,1.0
2025-04-26,여성,2,2,2,296000,1.0
2025-04-26,라운드티,7,7,7,244120,1.0
2025-04-26,긴바지,2,2,2,127600,1.0
2025-04-26,바람막이,1,1,1,97870,1.0
2025-04-26,반바지,2,2,2,56850,1.0
2025-04-27,남성,17,17,29,2143040,1.0
2025-04-27,긴바지,3,3,4,234410,1.0
2025-04-27,라운드티,5,5,6,199280,1.0
2025-04-27,자켓/ 베스트,1,1,1,172670,1.0
2025-04-27,셋업,3,3,3,169360,1.0
2025-04-27,여성,2,2,2,134180,1.0
2025-04-27,상의,2,2,2,104300,1.0
2025-04-27,맨투맨/후드티,2,2,2,104130,1.0
2025-04-27,등산화,1,1,1,85820,1.0
2025-04-27,카고/조거,1,1,1,65000,1.0
2025-04-28,남성,14,14,15,1148540,1.0
2025-04-28,여성,3,3,3,408530,1.0
2025-04-28,긴바지,4,4,5,319220,1.0
2025-04-28,등산화,1,1,1,136430,1.0
2025-04-28,라운드티,3,3,3,91470,1.0
2025-04-28,셋업,1,1,1,75950,1.0
2025-04-28,UNKNOWN,1,1,1,36500,1.0
2025-04-29,남성,17,17,24,1710060,1.0
2025-04-29,여성,4,4,5,353700,1.0
2025-04-29,바람막이,2,2,2,162500,1.0
2025-04-29,상의,2,2,2,108000,1.0
2025-04-29,방수자켓,1,1,1,77000,1.0
2025-04-29,스니커즈,1,1,1,69000,1.0
2025-04-29,긴바지,1,1,1,65000,1.0
2025-04-29,라운드티,1,1,1,41000,1.0
2025-04-29,반바지,1,1,1,26000,1.0
2025-04-30,남성,75,74,92,3505260,0.9866666666666667
2025-04-30,여성,16,16,20,815520,1.0
2025-04-30,UNKNOWN,4,4,4,228540,1.0
2025-04-30,긴바지,4,4,4,207350,1.0
2025-04-30,상의,5,5,5,194790,1.0
2025-04-30,라운드티,7,7,7,190880,1.0
2025-04-30,자켓/ 베스트,2,2,2,190060,1.0
2025-04-30,반바지,7,7,8,186770,1.0
2025-04-30,카고/조거,2,2,2,118910,1.0
2025-04-30,등산화,1,1,1,82320,1.0
2025-04-30,방수자켓,1,1,1,57000,1.0
2025-04-30,액세서리,2,2,2,10690,1.0
2025-05-01,남성,49,49,53,2556240,1.0
2025-05-01,긴바지,10,10,10,479160,1.0
2025-05-01,여성,4,4,5,454090,1.0
2025-05-01,반바지,7,7,8,185420,1.0
2025-05-01,UNKNOWN,3,3,3,82190,1.0
2025-05-01,바람막이,1,1,1,79500,1.0
2025-05-01,상의,1,1,1,50200,1.0
2025-05-01,맨투맨/후드티,1,1,1,44150,1.0
2025-05-01,자켓/ 베스트,1,1,1,29900,1.0
2025-05-01,라운드티,1,1,1,24290,1.0
2025-05-02,남성,33,33,44,1987320,1.0
2025-05-02,셋업,1,1,2,173100,1.0
2025-05-02,여성,3,3,3,156440,1.0
2025-05-02,긴바지,1,1,1,98600,1.0
2025-05-02,등산화,1,1,1,96810,1.0
2025-05-02,상의,1,1,2,96000,1.0
2025-05-02,반바지,2,2,2,72000,1.0
2025-05-02,라운드티,2,2,2,43420,1.0
2025-05-02,자켓/ 베스트,1,1,1,43000,1.0
2025-05-02,셔츠,1,1,1,41610,1.0
2025-05-02,UNKNOWN,1,1,1,36000,1.0
2025-05-03,남성,30,29,42,2033090,0.9666666666666667
2025-05-03,긴바지,3,3,3,203530,1.0
2025-05-03,바람막이,2,2,2,153870,1.0
2025-05-03,여성,3,3,3,147520,1.0
2025-05-03,카고/조거,1,1,2,121300,1.0
2025-05-03,상의,3,3,3,119000,1.0
2025-05-03,폴로티/집업,1,1,2,87700,1.0
2025-05-03,자켓/ 베스트,2,2,2,75640,1.0
2025-05-03,라운드티,2,2,2,58510,1.0
2025-05-03,반바지,1,1,1,29370,1.0
2025-05-04,남성,21,21,33,1652190,1.0
2025-05-04,여성,2,2,2,257490,1.0
2025-05-04,UNKNOWN,3,3,3,235350,1.0
2025-05-04,긴바지,3,3,3,147280,1.0
2025-05-04,바람막이,1,1,1,80300,1.0
2025-05-04,등산화,1,1,1,74300,1.0
2025-05-04,반바지,1,1,1,47000,1.0
2025-05-04,상의,1,1,1,35900,1.0
2025-05-05,남성,19,19,31,1248950,1.0
2025-05-05,자켓/ 베스트,3,3,4,501910,1.0
2025-05-05,긴바지,4,4,4,185760,1.0
2025-05-05,여성,2,2,2,138810,1.0
2025-05-05,셋업,1,1,1,123440,1.0
2025-05-05,상의,2,2,2,92600,1.0
2025-05-05,등산화,1,1,1,72820,1.0
2025-05-05,반바지,1,1,1,32820,1.0
2025-05-06,남성,40,39,52,3342330,0.975
2025-05-06,여성,6,6,6,443770,1.0
2025-05-06,등산화,2,2,2,135120,1.0
2025-05-06,긴바지,3,3,3,120040,1.0
2025-05-06,UNKNOWN,2,2,2,68950,1.0
2025-05-06,셔츠,2,2,2,65100,1.0
2025-05-06,상의,1,1,1,45420,1.0
2025-05-06,라운드티,1,1,1,39800,1.0
2025-05-07,남성,30,30,35,2053130,1.0
2025-05-07,UNKNOWN,4,4,4,281350,1.0
2025-05-07,등산화,1,1,3,270900,1.0
2025-05-07,여성,3,3,3,239850,1.0
2025-05-07,반바지,2,2,3,169880,1.0
2025-05-07,긴바지,3,3,3,146750,1.0
2025-05-07,하이킹,1,1,1,63430,1.0
2025-05-07,상의,1,1,1,59000,1.0
2025-05-07,라운드티,1,1,1,28900,1.0
2025-05-08,남성,14,14,16,1056260,1.0
2025-05-08,여성,2,2,2,151960,1.0
2025-05-08,카고/조거,1,1,2,112760,1.0
2025-05-08,긴바지,2,2,2,101000,1.0
2025-05-08,상의,1,1,1,47500,1.0
2025-05-09,남성,30,28,45,2362010,0.9333333333333333
2025-05-09,라운드티,5,5,5,170270,1.0
2025-05-09,방수자켓,1,1,1,77000,1.0
2025-05-09,스니커즈,1,1,1,67200,1.0
2025-05-09,상의,1,1,1,46500,1.0
2025-05-09,맨투맨/후드티,1,1,1,34290,1.0
2025-05-09,여성,1,1,1,6970,1.0
2025-05-10,남성,16,16,21,781840,1.0
2025-05-10,여성,4,4,4,269500,1.0
2025-05-10,긴바지,3,3,3,152790,1.0
2025-05-10,UNKNOWN,1,1,1,99350,1.0
2025-05-10,상의,2,2,2,86200,1.0
2025-05-10,라운드티,3,3,3,82960,1.0
2025-05-10,바람막이,1,1,1,47000,1.0
2025-05-10,셔츠,1,1,1,37000,1.0
2025-05-11,남성,198,197,234,9170350,0.9949494949494949
2025-05-11,여성,28,28,32,1805300,1.0
2025-05-11,라운드티,36,36,36,886000,1.0
2025-05-11,긴바지,17,17,18,826950,1.0
2025-05-11,반바지,29,29,30,625210,1.0
2025-05-11,등산화,5,5,5,443640,1.0
2025-05-11,셋업,9,9,9,440830,1.0
2025-05-11,바람막이,3,3,3,214630,1.0
2025-05-11,상의,3,3,4,193260,1.0
2025-05-11,자켓/ 베스트,1,1,1,173850,1.0
2025-05-11,폴로티/집업,3,3,3,155740,1.0
2025-05-11,트레일러닝,1,1,1,89000,1.0
2025-05-11,카고/조거,1,1,1,50000,1.0
2025-05-11,UNKNOWN,2,2,2,39110,1.0
2025-05-11,맨투맨/후드티,1,1,1,28920,1.0
2025-05-12,남성,22,22,33,1648200,1.0
2025-05-12,스니커즈,3,3,3,184620,1.0
2025-05-12,하이킹,1,1,1,131740,1.0
2025-05-12,라운드티,4,4,4,117010,1.0
2025-05-12,긴바지,1,1,1,55000,1.0
2025-05-12,셋업,1,1,1,52370,1.0
2025-05-12,여성,1,1,1,49500,1.0
2025-05-13,남성,14,14,23,1189300,1.0
2025-05-13,상의,2,1,2,118000,0.5
2025-05-13,셋업,1,1,1,97900,1.0
2025-05-13,여성,2,2,2,96830,1.0
2025-05-13,긴바지,1,1,1,65000,1.0
2025-05-13,카고/조거,1,1,1,54750,1.0
2025-05-13,바람막이,1,1,1,51600,1.0
2025-05-13,자켓/ 베스트,1,1,1,48000,1.0
2025-05-13,반바지,1,1,1,24500,1.0
2025-05-14,남성,15,15,19,1625460,1.0
2025-05-14,여성,5,5,7,478960,1.0
2025-05-14,긴바지,4,4,5,254740,1.0
2025-05-14,반바지,3,3,4,129000,1.0
2025-05-14,하이킹,1,1,1,89400,1.0
2025-05-14,라운드티,2,2,3,85000,1.0
2025-05-14,셋업,1,1,1,61500,1.0
2025-05-14,스니커즈,1,1,1,58680,1.0
2025-05-14,UNKNOWN,2,2,2,51110,1.0
2025-05-15,남성,12,12,15,891850,1.0
2025-05-15,긴바지,3,3,3,183000,1.0
2025-05-15,셋업,1,1,2,172000,1.0
2025-05-15,반바지,3,3,4,134490,1.0
2025-05-15,바람막이,1,1,1,129000,1.0
2025-05-15,라운드티,3,3,3,110890,1.0
2025-05-15,자켓/ 베스트,2,2,2,90750,1.0
2025-05-15,폴로/집업티,1,1,1,53000,1.0
2025-05-15,여성,1,1,1,49000,1.0
2025-05-16,남성,24,22,42,2121990,0.9166666666666666
2025-05-16,여성,4,4,6,493070,1.0
2025-05-16,긴바지,4,4,4,239780,1.0
2025-05-16,라운드티,3,2,3,95010,0.6666666666666666
2025-05-16,스니커즈,1,1,1,67640,1.0
2025-05-16,카고/조거,1,1,1,65000,1.0
2025-05-16,반바지,2,2,2,45640,1.0
2025-05-17,남성,12,11,15,1322680,0.9166666666666666
2025-05-17,등산화,1,1,1,98710,1.0
2025-05-17,여성,1,1,1,86420,1.0
2025-05-17,긴바지,1,1,1,65000,1.0
2025-05-17,라운드티,1,1,1,30260,1.0
2025-05-17,반바지,1,1,1,21750,1.0
2025-05-18,남성,15,14,21,1211080,0.9333333333333333
2025-05-18,여성,1,1,1,129100,1.0
2025-05-18,반바지,2,2,2,90920,1.0
2025-05-18,등산화,1,1,1,87900,1.0
2025-05-18,긴바지,1,1,1,52040,1.0
2025-05-19,남성,18,17,22,1555280,0.9444444444444444
2025-05-19,여성,3,3,4,248500,1.0
2025-05-19,등산화,1,1,1,94500,1.0
2025-05-19,라운드티,2,2,2,61900,1.0
2025-05-19,긴바지,1,1,1,60650,1.0
2025-05-19,상의,1,1,1,59000,1.0
2025-05-19,폴로티/집업,1,1,1,49500,1.0
2025-05-20,남성,23,23,42,2370140,1.0
2025-05-20,긴바지,2,2,2,164000,1.0
2025-05-20,여성,3,3,3,131540,1.0
2025-05-20,등산화,1,1,1,90300,1.0
2025-05-20,상의,1,1,1,59000,1.0
2025-05-20,라운드티,1,1,1,24840,1.0
2025-05-21,바람막이,2,1,20,2703000,0.5
2025-05-21,남성,31,28,43,2419500,0.9032258064516129
2025-05-21,여성,6,6,7,413160,1.0
2025-05-21,스니커즈,4,4,5,338560,1.0
2025-05-21,반바지,3,3,4,127460,1.0
2025-05-21,라운드티,3,3,3,114240,1.0
2025-05-21,폴로티/집업,1,1,1,93620,1.0
2025-05-21,셋업,1,1,1,81090,1.0
2025-05-22,남성,17,17,31,1775160,1.0
2025-05-22,긴바지,5,5,6,491530,1.0
2025-05-22,여성,3,3,3,269540,1.0
2025-05-22,라운드티,6,6,7,198890,1.0
2025-05-22,반바지,5,5,5,167230,1.0
2025-05-22,셋업,1,1,1,83000,1.0
2025-05-22,스니커즈,1,1,1,69000,1.0
2025-05-22,맨투맨/후드티,1,1,1,52440,1.0
2025-05-23,남성,18,18,23,1242640,1.0
2025-05-23,여성,4,4,5,519540,1.0
2025-05-23,등산화,2,2,2,253740,1.0
2025-05-23,긴바지,2,2,2,96890,1.0
2025-05-23,UNKNOWN,1,1,1,38000,1.0
2025-05-23,라운드티,1,1,1,32290,1.0
2025-05-24,남성,16,16,20,1332340,1.0
2025-05-24,스니커즈,6,6,6,269770,1.0
2025-05-24,긴바지,2,2,2,163590,1.0
2025-05-24,여성,2,2,2,152970,1.0
2025-05-24,상의,1,1,2,118000,1.0
2025-05-24,바람막이,1,1,1,100000,1.0
2025-05-24,폴로티/집업,1,1,2,89960,1.0
2025-05-24,셔츠,1,1,1,50430,1.0
2025-05-24,반바지,1,1,1,44720,1.0
2025-05-24,UNKNOWN,1,1,1,41000,1.0
2025-05-25,남성,7,7,14,816630,1.0
2025-05-25,스니커즈,3,3,3,139510,1.0
2025-05-25,반바지,1,1,2,74560,1.0
2025-05-26,남성,26,26,42,2315240,1.0
2025-05-26,스니커즈,5,4,5,237800,0.8
2025-05-26,긴바지,1,1,2,130000,1.0
2025-05-26,여성,2,2,2,123200,1.0
2025-05-26,트레일러닝,1,1,1,107000,1.0
2025-05-27,남성,18,17,23,1350970,0.9444444444444444
2025-05-27,여성,5,5,6,339440,1.0
2025-05-27,등산화,2,2,2,273860,1.0
2025-05-27,긴바지,2,2,2,113080,1.0
2025-05-27,UNKNOWN,1,1,1,99950,1.0
2025-05-27,스니커즈,2,2,2,97020,1.0
2025-05-27,셋업,1,1,2,69000,1.0
2025-05-27,카고/조거,1,1,1,46560,1.0
2025-05-27,반바지,1,1,1,28420,1.0
2025-05-27,라운드티,1,1,1,27460,1.0
2025-05-28,남성,27,27,36,2122780,1.0
2025-05-28,스니커즈,5,5,5,228720,1.0
2025-05-28,여성,3,3,4,211770,1.0
2025-05-28,바람막이,1,1,1,99940,1.0
2025-05-28,반바지,2,2,2,62390,1.0
2025-05-28,라운드티,2,2,2,49610,1.0
2025-05-28,긴바지,1,1,1,41000,1.0
2025-05-29,남성,37,36,49,3240990,0.972972972972973
2025-05-29,스니커즈,4,4,5,239610,1.0
2025-05-29,여성,3,3,4,207770,1.0
2025-05-29,라운드티,3,3,5,139310,1.0
2025-05-29,긴바지,2,2,2,112640,1.0
2025-05-29,바람막이,1,1,1,84880,1.0
2025-05-29,상의,1,1,1,56100,1.0
2025-05-30,남성,16,15,16,789250,0.9375
2025-05-30,여성,5,5,5,380510,1.0
2025-05-30,긴바지,2,2,2,147200,1.0
2025-05-30,스니커즈,2,2,3,142300,1.0
2025-05-30,라운드티,1,1,1,54860,1.0
2025-05-31,남성,20,20,23,1176340,1.0
2025-05-31,여성,3,3,4,345360,1.0
2025-05-31,스니커즈,6,6,7,323530,1.0
2025-05-31,등산화,1,1,1,162610,1.0
2025-05-31,셋업,1,1,1,72000,1.0
2025-05-31,긴바지,1,1,1,65000,1.0
2025-06-01,남성,28,28,38,1900260,1.0
2025-06-01,여성,6,6,8,324370,1.0
2025-06-01,스니커즈,3,3,3,137510,1.0
2025-06-01,하이킹,1,1,1,137000,1.0
2025-06-01,셋업,2,2,2,113000,1.0
2025-06-01,긴바지,1,1,1,57640,1.0
2025-06-01,상의,1,1,1,29500,1.0
2025-06-01,라운드티,1,1,1,28230,1.0
2025-06-02,남성,20,19,28,1901150,0.95
2025-06-02,여성,6,6,9,668030,1.0
2025-06-02,스니커즈,4,4,5,236040,1.0
2025-06-02,등산화,1,1,2,180600,1.0
2025-06-02,긴바지,2,2,2,105000,1.0
2025-06-02,UNKNOWN,1,1,1,101410,1.0
2025-06-02,라운드티,1,1,1,34070,1.0
2025-06-03,남성,15,15,18,1208010,1.0
2025-06-03,하이킹,1,1,1,90340,1.0
2025-06-03,등산화,1,1,1,72270,1.0
2025-06-03,라운드티,2,2,2,67300,1.0
2025-06-03,여성,2,2,2,63240,1.0
2025-06-03,스니커즈,1,1,1,45480,1.0
2025-06-04,남성,10,10,11,898840,1.0
2025-06-04,스니커즈,4,4,4,186980,1.0
2025-06-04,여성,2,2,3,102270,1.0
2025-06-04,등산화,1,1,1,89250,1.0
2025-06-04,셋업,1,1,1,57540,1.0
2025-06-04,상의,1,1,1,55900,1.0
2025-06-04,라운드티,1,1,1,41000,1.0
2025-06-05,남성,8,8,12,735650,1.0
2025-06-05,긴바지,2,2,4,253190,1.0
2025-06-05,스니커즈,3,3,4,188640,1.0
2025-06-05,여성,2,2,2,153500,1.0
2025-06-05,라운드티,2,2,3,87000,1.0
2025-06-05,상의,1,1,1,54340,1.0
2025-06-06,남성,16,16,23,965780,1.0
2025-06-06,여성,1,1,1,92690,1.0
2025-06-06,UNKNOWN,1,1,1,84500,1.0
2025-06-06,셋업,1,1,1,83300,1.0
2025-06-06,상의,1,1,1,59000,1.0
2025-06-06,스니커즈,1,1,1,44000,1.0
2025-06-06,액세서리,1,1,1,8400,1.0
2025-06-07,남성,18,18,25,1202420,1.0
2025-06-07,여성,6,6,8,586110,1.0
2025-06-07,등산화,1,1,1,94500,1.0
2025-06-07,바람막이,1,1,1,92950,1.0
2025-06-07,스니커즈,1,1,1,49000,1.0
2025-06-07,반바지,1,1,1,44500,1.0
2025-06-08,남성,46,45,64,3709600,0.9782608695652174
2025-06-08,여성,7,6,8,571560,0.8571428571428571
2025-06-08,긴바지,4,4,4,244200,1.0
2025-06-08,UNKNOWN,3,3,3,138690,1.0
2025-06-08,바람막이,1,1,1,127200,1.0
2025-06-08,라운드티,3,3,4,126600,1.0
2025-06-08,스니커즈,1,1,1,38100,1.0
2025-06-09,남성,21,21,31,1643860,1.0
2025-06-09,여성,10,10,12,753500,1.0
2025-06-09,긴바지,1,1,2,114710,1.0
2025-06-10,남성,29,29,35,2369170,1.0
2025-06-10,여성,5,5,7,411100,1.0
2025-06-10,바람막이,2,2,3,263650,1.0
2025-06-10,등산화,1,1,1,88300,1.0
2025-06-10,셋업,1,1,1,86530,1.0
2025-06-11,남성,24,24,43,2384840,1.0
2025-06-11,여성,5,5,7,480000,1.0
2025-06-11,UNKNOWN,1,1,1,61200,1.0
2025-06-12,남성,38,38,52,3533290,1.0
2025-06-12,여성,1,1,1,116300,1.0
2025-06-12,스니커즈,2,2,2,86650,1.0
2025-06-12,UNKNOWN,1,1,1,61200,1.0
2025-06-13,남성,22,22,32,1697430,1.0
2025-06-13,여성,6,6,7,560620,1.0
2025-06-13,스니커즈,1,1,1,49000,1.0
2025-06-13,폴로티/집업,1,1,1,41900,1.0
2025-06-13,상의,1,1,1,33120,1.0
2025-06-13,라운드티,1,1,1,23000,1.0
2025-06-14,남성,33,32,44,2569120,0.9696969696969697
2025-06-14,여성,4,4,5,438300,1.0
2025-06-14,라운드티,4,4,4,119550,1.0
2025-06-14,맨투맨/후드티,1,1,1,50990,1.0
2025-06-15,남성,20,20,35,1995070,1.0
2025-06-15,여성,7,7,9,525550,1.0
2025-06-15,셋업,3,3,4,190940,1.0
2025-06-15,긴바지,2,2,2,118590,1.0
2025-06-15,스니커즈,1,1,1,47700,1.0
2025-06-15,반바지,1,1,1,36700,1.0
2025-06-16,남성,28,27,38,2282820,0.9642857142857143
2025-06-16,긴바지,1,1,1,104470,1.0
2025-06-16,UNKNOWN,1,1,1,54900,1.0
2025-06-16,반바지,1,1,1,47000,1.0
2025-06-16,여성,1,1,1,44500,1.0
2025-06-16,스니커즈,1,1,1,41750,1.0
2025-06-17,남성,28,28,151,5794220,1.0
2025-06-17,여성,4,4,4,337100,1.0
2025-06-17,스니커즈,2,2,2,92900,1.0
2025-06-17,하이킹,1,1,1,83000,1.0
2025-06-17,셋업,1,1,1,82000,1.0
2025-06-17,상의,1,1,1,58180,1.0
2025-06-17,라운드티,2,2,2,56790,1.0
2025-06-17,UNKNOWN,1,1,1,31400,1.0
2025-06-17,액세서리,1,1,1,8680,1.0
2025-06-18,남성,20,20,30,1807070,1.0
2025-06-18,여성,5,5,5,299640,1.0
2025-06-18,스니커즈,2,2,2,89500,1.0
2025-06-18,라운드티,2,2,2,57040,1.0
2025-06-18,셋업,1,1,1,53000,1.0
2025-06-18,반바지,1,1,1,47000,1.0
2025-06-19,남성,25,24,38,2281840,0.96
2025-06-19,여성,2,2,3,221050,1.0
2025-06-19,셋업,1,1,2,208050,1.0
2025-06-19,긴바지,2,2,2,83080,1.0
2025-06-19,셔츠,1,1,1,53000,1.0
2025-06-19,스니커즈,1,1,1,46150,1.0
2025-06-19,반바지,1,1,1,43630,1.0
2025-06-19,라운드티,1,1,1,21780,1.0
2025-06-20,남성,54,51,67,4922880,0.9444444444444444
2025-06-20,긴바지,3,3,4,216170,1.0
2025-06-20,여성,4,4,4,178340,1.0
2025-06-20,폴로티/집업,1,1,1,49500,1.0
2025-06-21,남성,22,21,27,1465810,0.9545454545454546
2025-06-21,반바지,3,3,3,100210,1.0
2025-06-21,바람막이,1,1,1,89270,1.0
2025-06-21,등산화,1,1,1,87880,1.0
2025-06-21,라운드티,2,2,2,65090,1.0
2025-06-21,스니커즈,1,1,1,49000,1.0
2025-06-21,여성,1,1,1,43400,1.0
2025-06-22,남성,15,15,19,1129500,1.0
2025-06-22,여성,2,2,3,346150,1.0
2025-06-22,방수자켓,1,1,1,77000,1.0
2025-06-22,셋업,1,1,1,42870,1.0
2025-06-22,라운드티,1,1,1,31180,1.0
2025-06-23,남성,23,23,32,2045970,1.0
2025-06-23,여성,5,5,5,234140,1.0
2025-06-23,라운드티,2,2,2,63000,1.0
2025-06-23,셔츠,1,1,1,52210,1.0
2025-06-23,긴바지,1,1,1,52210,1.0
2025-06-23,스니커즈,1,1,1,49000,1.0
2025-06-24,남성,24,24,32,2111780,1.0
2025-06-24,여성,5,5,5,476270,1.0
2025-06-24,등산화,2,2,2,223490,1.0
2025-06-24,스니커즈,1,1,1,49000,1.0
2025-06-24,긴바지,1,1,1,48000,1.0
2025-06-24,반바지,1,1,1,29000,1.0
2025-06-25,남성,26,26,34,2485420,1.0
2025-06-25,바람막이,1,1,1,104310,1.0
2025-06-25,상의,2,2,2,92400,1.0
2025-06-25,등산화,1,1,1,82350,1.0
2025-06-25,스니커즈,1,1,1,49000,1.0
2025-06-25,라운드티,1,1,1,34500,1.0
2025-06-26,남성,20,19,24,1870010,0.95
2025-06-26,여성,4,4,4,245520,1.0
2025-06-26,등산화,2,2,2,194660,1.0
2025-06-26,라운드티,1,1,3,91000,1.0
2025-06-26,셔츠,1,1,1,53000,1.0
2025-06-26,반바지,1,1,1,47000,1.0
2025-06-27,남성,33,31,44,2447610,0.9393939393939394
2025-06-27,여성,5,4,5,312880,0.8
2025-06-27,스니커즈,3,3,3,133570,1.0
2025-06-27,반바지,1,1,1,47000,1.0
2025-06-28,남성,29,27,41,2391980,0.9310344827586207
2025-06-28,여성,3,3,3,169840,1.0
2025-06-28,반바지,1,1,1,30270,1.0
2025-06-29,남성,26,26,30,1599310,1.0
2025-06-29,여성,5,5,8,568240,1.0
2025-06-29,등산화,1,1,1,132300,1.0
2025-06-29,긴바지,1,1,1,51880,1.0
2025-06-29,라운드티,1,1,1,23750,1.0
2025-06-30,남성,35,34,89,4452860,0.9714285714285714
2025-06-30,여성,4,4,18,959230,1.0
2025-06-30,셋업,1,1,13,838500,1.0
2025-06-30,셔츠,1,1,2,106000,1.0
2025-06-30,반바지,1,1,1,47000,1.0
2025-07-01,남성,22,21,30,1445610,0.9545454545454546
2025-07-01,여성,3,3,5,308320,1.0
2025-07-01,반바지,3,3,4,225390,1.0
2025-07-01,등산화,1,1,2,169000,1.0
2025-07-01,UNKNOWN,2,2,2,154990,1.0
2025-07-01,라운드티,1,1,2,54860,1.0
2025-07-02,남성,22,22,35,1443400,1.0
2025-07-02,여성,4,4,6,528250,1.0
2025-07-02,셋업,2,2,2,226540,1.0
2025-07-02,라운드티,1,1,2,82000,1.0
2025-07-02,긴바지,1,1,1,52670,1.0
2025-07-03,남성,26,25,39,1843540,0.9615384615384616
2025-07-03,여성,2,2,3,290630,1.0
2025-07-03,반바지,1,1,1,62390,1.0
2025-07-03,UNKNOWN,1,1,1,40920,1.0
2025-07-03,셋업,1,1,1,40650,1.0
2025-07-03,라운드티,1,1,1,40000,1.0
2025-07-04,남성,46,44,72,3801050,0.9565217391304348
2025-07-04,여성,10,10,14,706560,1.0
2025-07-04,하이킹,1,1,1,126410,1.0
2025-07-04,긴바지,2,2,2,121640,1.0
2025-07-04,액세서리,1,1,1,8770,1.0
2025-07-05,남성,21,20,31,1734150,0.9523809523809523
2025-07-05,여성,11,11,13,885900,1.0
2025-07-05,등산화,1,1,1,109500,1.0
2025-07-05,셋업,1,1,1,45730,1.0
2025-07-06,남성,34,34,46,2473990,1.0
2025-07-06,등산화,2,2,2,236630,1.0
2025-07-06,여성,4,4,4,195990,1.0
2025-07-06,바람막이,1,1,1,123450,1.0
2025-07-06,상의,1,1,2,116000,1.0
2025-07-06,긴바지,1,1,1,59310,1.0
2025-07-06,셋업,1,1,1,48300,1.0
2025-07-07,남성,47,46,69,3672350,0.9787234042553191
2025-07-07,여성,8,8,10,590520,1.0
2025-07-07,등산화,2,2,2,158000,1.0
2025-07-07,긴바지,2,2,2,119230,1.0
2025-07-08,남성,35,35,53,2905595,1.0
2025-07-08,여성,4,4,5,459880,1.0
2025-07-08,등산화,1,1,1,84500,1.0
2025-07-08,반바지,1,1,1,58350,1.0
2025-07-08,상의,1,1,1,49000,1.0
2025-07-08,긴바지,1,1,1,43440,1.0
2025-07-08,셋업,1,1,1,35270,1.0
2025-07-09,남성,52,48,95,5690500,0.9230769230769231
2025-07-09,미드/롱다운,7,6,7,1805835,0.8571428571428571
2025-07-09,여성,7,7,8,456220,1.0
2025-07-09,등산화,2,2,4,314200,1.0
2025-07-09,UNKNOWN,2,2,2,180600,1.0
2025-07-09,셋업,3,3,3,152960,1.0
2025-07-09,바람막이,1,1,1,127200,1.0
2025-07-09,부츠,2,2,2,123760,1.0
2025-07-09,라운드티,3,3,3,116440,1.0
2025-07-09,상의,2,2,2,103550,1.0
2025-07-09,긴바지,1,1,1,49840,1.0
2025-07-09,반바지,1,1,1,24650,1.0
2025-07-10,남성,31,31,43,2495635,1.0
2025-07-10,여성,5,5,5,374690,1.0
2025-07-10,미드/롱다운,1,1,1,265525,1.0
2025-07-10,스니커즈,2,2,2,98000,1.0
2025-07-10,긴바지,1,1,1,84550,1.0
2025-07-10,등산화,1,1,1,81930,1.0
2025-07-10,UNKNOWN,1,1,1,79500,1.0
2025-07-10,반바지,2,2,2,78030,1.0
2025-07-10,라운드티,1,1,1,24700,1.0
2025-07-11,남성,27,27,41,1958170,1.0
2025-07-11,여성,7,7,8,495140,1.0
2025-07-11,미드/롱다운,1,1,1,265525,1.0
2025-07-11,셋업,2,2,3,216480,1.0
2025-07-11,등산화,1,1,1,78695,1.0
2025-07-11,라운드티,2,2,2,74060,1.0
2025-07-11,부츠,1,1,1,64665,1.0
2025-07-12,남성,31,29,48,2624855,0.9354838709677419
2025-07-12,여성,3,3,4,289980,1.0
2025-07-12,미드/롱다운,1,1,1,265525,1.0
2025-07-12,셋업,2,2,2,225240,1.0
2025-07-12,등산화,2,2,2,174245,1.0
2025-07-12,라운드티,3,3,4,164880,1.0
2025-07-12,긴바지,2,2,2,114670,1.0
2025-07-12,UNKNOWN,1,1,1,92255,1.0
2025-07-12,폴로티/집업,1,1,1,75730,1.0
2025-07-12,부츠,1,1,1,69500,1.0
2025-07-12,스니커즈,1,1,1,49000,1.0
2025-07-13,남성,25,25,35,1719200,1.0
2025-07-13,여성,5,5,8,515970,1.0
2025-07-13,미드/롱다운,1,1,1,257805,1.0
2025-07-13,등산화,1,1,2,160550,1.0
2025-07-13,긴바지,2,2,2,103100,1.0
2025-07-13,UNKNOWN,1,1,1,94525,1.0
2025-07-13,반바지,2,2,2,67510,1.0
2025-07-13,상의,1,1,1,55860,1.0
2025-07-14,남성,28,22,47,3333590,0.7857142857142857
2025-07-14,미드/롱다운,1,1,1,260775,1.0
2025-07-14,자켓/ 베스트,1,1,1,197000,1.0
2025-07-14,트레일러닝,1,1,1,109000,1.0
2025-07-14,셋업,1,1,3,103500,1.0
2025-07-14,반바지,2,2,2,66950,1.0
2025-07-14,라운드티,2,2,2,51580,1.0
2025-07-14,여성,1,1,1,48850,1.0
2025-07-14,스니커즈,1,1,1,39500,1.0
2025-07-14,긴바지,1,1,1,30880,1.0
2025-07-15,남성,25,22,38,2574335,0.88
2025-07-15,여성,5,5,5,378220,1.0
2025-07-15,미드/롱다운,1,1,1,260775,1.0
2025-07-15,긴바지,4,4,4,241160,1.0
2025-07-15,라운드티,3,3,3,87320,1.0
2025-07-15,셋업,1,1,1,80390,1.0
2025-07-15,부츠,1,1,1,66025,1.0
2025-07-16,남성,27,24,45,3070965,0.8888888888888888
2025-07-16,여성,6,6,6,588650,1.0
2025-07-16,미드/롱다운,2,2,2,537095,1.0
2025-07-16,스니커즈,2,2,2,93130,1.0
2025-07-16,UNKNOWN,1,1,1,92525,1.0
2025-07-16,라운드티,1,1,1,16180,1.0
2025-07-16,액세서리,1,1,1,4500,1.0
2025-07-17,남성,48,46,74,4695405,0.9583333333333334
2025-07-17,여성,8,7,11,659015,0.875
2025-07-17,미드/롱다운,2,2,2,486020,1.0
2025-07-17,라운드티,5,5,7,277290,1.0
2025-07-17,자켓/ 베스트,2,2,2,177610,1.0
2025-07-17,셋업,2,2,4,151800,1.0
2025-07-17,UNKNOWN,1,1,1,89095,1.0
2025-07-17,긴바지,1,1,1,58940,1.0
2025-07-17,바람막이,1,1,1,56500,1.0
2025-07-17,상의,1,1,1,53500,1.0
2025-07-18,남성,33,33,49,2687995,1.0
2025-07-18,미드/롱다운,2,2,2,524510,1.0
2025-07-18,여성,7,7,8,420725,1.0
2025-07-18,스니커즈,4,4,4,189220,1.0
2025-07-18,셋업,2,2,2,145160,1.0
2025-07-18,상의,2,2,2,111250,1.0
2025-07-18,UNKNOWN,1,1,1,91225,1.0
2025-07-18,폴로티/집업,1,1,1,73080,1.0
2025-07-18,라운드티,2,2,2,57990,1.0
2025-07-19,남성,24,23,27,1883660,0.9583333333333334
2025-07-19,미드/롱다운,1,1,1,279500,1.0
2025-07-19,등산화,2,2,2,203810,1.0
2025-07-19,UNKNOWN,2,2,2,196895,1.0
2025-07-19,바람막이,1,1,1,127200,1.0
2025-07-19,카고/조거,1,1,2,121500,1.0
2025-07-19,긴바지,1,1,1,58380,1.0
2025-07-19,라운드티,1,1,2,57050,1.0
2025-07-19,반바지,2,2,2,55290,1.0
2025-07-19,스니커즈,1,1,1,44100,1.0
2025-07-19,셋업,1,1,1,42930,1.0
2025-07-20,남성,25,25,38,2204060,1.0
2025-07-20,여성,7,7,9,577580,1.0
2025-07-20,미드/롱다운,1,1,1,265525,1.0
2025-07-20,스니커즈,3,3,3,147000,1.0
2025-07-20,UNKNOWN,1,1,1,82890,1.0
2025-07-20,등산화,1,1,1,76335,1.0
2025-07-20,부츠,1,1,1,58725,1.0
2025-07-21,남성,37,35,47,3048750,0.9459459459459459
2025-07-21,여성,3,3,3,186840,1.0
2025-07-21,스니커즈,3,3,3,135000,1.0
2025-07-21,바람막이,1,1,1,122000,1.0
2025-07-21,UNKNOWN,1,1,1,110420,1.0
2025-07-21,부츠,1,1,1,69500,1.0
2025-07-21,긴바지,1,1,1,60450,1.0
2025-07-22,남성,20,20,38,1857085,1.0
2025-07-22,미드/롱다운,1,1,1,258605,1.0
2025-07-22,여성,2,2,2,149350,1.0
2025-07-22,UNKNOWN,2,2,2,108455,1.0
2025-07-22,스니커즈,2,2,2,89990,1.0
2025-07-23,남성,31,31,102,7359545,1.0
2025-07-23,미드/롱다운,1,1,1,265525,1.0
2025-07-23,UNKNOWN,2,2,2,186090,1.0
2025-07-23,스니커즈,2,2,2,98000,1.0
2025-07-23,등산화,1,1,1,84500,1.0
2025-07-23,여성,1,1,1,65420,1.0
2025-07-24,남성,18,17,71,5608760,0.9444444444444444
2025-07-24,여성,5,5,7,603010,1.0
2025-07-24,등산화,1,1,2,152840,1.0
2025-07-24,스니커즈,2,2,2,98000,1.0
2025-07-24,셋업,2,2,2,88650,1.0
2025-07-24,상의,1,1,1,45460,1.0
2025-07-24,폴로티/집업,1,1,1,45050,1.0
2025-07-24,라운드티,1,1,1,25020,1.0
2025-07-25,남성,14,13,29,1380615,0.9285714285714286
2025-07-25,미드/롱다운,1,1,1,256775,1.0
2025-07-25,여성,4,4,4,195860,1.0
2025-07-25,스니커즈,4,4,4,194640,1.0
2025-07-25,셋업,4,4,4,160500,1.0
2025-07-26,남성,30,29,42,2426950,0.9666666666666667
2025-07-26,여성,5,5,5,208010,1.0
2025-07-26,상의,2,2,2,96100,1.0
2025-07-26,부츠,1,1,1,49580,1.0
2025-07-26,UNKNOWN,1,1,1,45380,1.0
2025-07-26,반바지,1,1,1,24550,1.0
2025-07-27,남성,24,24,34,1758480,1.0
2025-07-27,여성,3,3,3,227360,1.0
2025-07-27,상의,3,3,3,162240,1.0
2025-07-27,패딩/슬림다운,1,1,1,109560,1.0
2025-07-27,라운드티,2,2,2,90750,1.0
2025-07-27,등산화,1,1,1,80275,1.0
2025-07-28,남성,33,32,56,2613760,0.9696969696969697
2025-07-28,등산화,2,2,2,174800,1.0
2025-07-28,셋업,2,2,2,87500,1.0
2025-07-28,스니커즈,1,1,1,46470,1.0
2025-07-28,여성,1,1,1,34790,1.0
2025-07-28,반바지,1,1,1,26130,1.0
2025-07-29,남성,36,36,54,2890340,1.0
2025-07-29,여성,6,6,7,300920,1.0
2025-07-29,셋업,2,2,2,116500,1.0
2025-07-29,UNKNOWN,1,1,1,100380,1.0
2025-07-29,폴로티/집업,1,1,1,79200,1.0
2025-07-29,등산화,1,1,1,64500,1.0
2025-07-29,긴바지,1,1,1,58430,1.0
2025-07-29,라운드티,1,1,1,33250,1.0
2025-07-30,남성,29,28,41,2321140,0.9655172413793104
2025-07-30,여성,7,7,14,739840,1.0
2025-07-30,미드/롱다운,1,1,1,263665,1.0
2025-07-30,셋업,3,3,3,198710,1.0
2025-07-30,라운드티,2,2,2,92890,1.0
2025-07-30,등산화,1,1,1,84500,1.0
2025-07-31,남성,27,27,39,2147135,1.0
2025-07-31,여성,8,8,11,704350,1.0
2025-07-31,카고/조거,1,1,1,69950,1.0
2025-07-31,반바지,1,1,1,55170,1.0
2025-07-31,셋업,1,1,1,51930,1.0
2025-08-01,남성,37,37,58,3072820,1.0
2025-08-01,셋업,5,5,9,494310,1.0
2025-08-01,여성,5,5,6,357480,1.0
2025-08-01,긴바지,4,4,5,244760,1.0
2025-08-01,라운드티,3,3,4,114770,1.0
2025-08-01,상의,2,2,2,108520,1.0
2025-08-01,바람막이,1,1,1,75130,1.0
2025-08-01,반바지,1,1,1,46410,1.0
2025-08-01,자켓/ 베스트,1,1,1,33000,1.0
2025-08-02,남성,16,16,25,1223950,1.0
2025-08-02,여성,5,5,5,360110,1.0
2025-08-02,라운드티,3,3,10,278870,1.0
2025-08-02,상의,1,1,1,56190,1.0
2025-08-02,반바지,1,1,1,46080,1.0
2025-08-02,바람막이,1,1,1,42940,1.0
2025-08-03,남성,25,24,33,1910470,0.96
2025-08-03,여성,5,5,7,398800,1.0
2025-08-03,셋업,2,2,2,101840,1.0
2025-08-03,자켓/ 베스트,1,1,1,23500,1.0
2025-08-04,남성,17,17,28,1813300,1.0
2025-08-04,UNKNOWN,1,1,1,110270,1.0
2025-08-04,셋업,1,1,1,74500,1.0
2025-08-04,상의,1,1,1,55780,1.0
2025-08-04,맨투맨/후드티,1,1,1,49770,1.0
2025-08-04,라운드티,1,1,1,34250,1.0
2025-08-05,남성,26,26,36,2114830,1.0
2025-08-05,라운드티,3,3,5,144900,1.0
2025-08-05,셋업,1,1,1,109750,1.0
2025-08-05,여성,2,2,2,103300,1.0
2025-08-05,등산화,1,1,1,98900,1.0
2025-08-05,카고/조거,1,1,1,63000,1.0
2025-08-05,바람막이,1,1,1,54330,1.0
2025-08-05,폴로티/집업,1,1,1,38530,1.0
2025-08-06,남성,30,28,45,2288640,0.9333333333333333
2025-08-06,여성,3,3,3,174400,1.0
2025-08-06,셋업,2,1,3,103500,0.5
2025-08-06,라운드티,2,2,2,57850,1.0
2025-08-07,남성,27,27,40,2153900,1.0
2025-08-07,여성,6,6,8,343560,1.0
2025-08-07,바람막이,1,1,3,238500,1.0
2025-08-07,셋업,2,2,2,137240,1.0
2025-08-07,라운드티,3,3,3,65620,1.0
2025-08-07,긴바지,1,1,1,50720,1.0
2025-08-08,남성,20,20,177,6812720,1.0
2025-08-08,라운드티,3,3,3,91640,1.0
2025-08-08,여성,1,1,1,64200,1.0
2025-08-08,셋업,1,1,1,51050,1.0
2025-08-09,남성,18,15,28,2061080,0.8333333333333334
2025-08-09,여성,2,1,6,387000,0.5
2025-08-09,UNKNOWN,1,1,1,111300,1.0
2025-08-09,셋업,1,1,1,74500,1.0
2025-08-09,폴로티/집업,1,1,1,54500,1.0
2025-08-09,라운드티,1,1,1,51760,1.0
2025-08-09,자켓/ 베스트,1,1,1,39000,1.0
2025-08-10,남성,24,22,30,1867040,0.9166666666666666
2025-08-10,폴로티/집업,2,2,2,150520,1.0
2025-08-10,여성,3,3,3,148680,1.0
2025-08-10,바람막이,1,1,1,90300,1.0
2025-08-10,라운드티,1,1,1,44840,1.0
2025-08-11,남성,23,23,34,1463410,1.0
2025-08-11,여성,2,2,2,125830,1.0
2025-08-11,UNKNOWN,1,1,1,111300,1.0
2025-08-11,등산화,1,1,1,90300,1.0
2025-08-11,셋업,1,1,1,53050,1.0
2025-08-12,남성,15,15,21,759760,1.0
2025-08-12,셋업,2,2,3,138500,1.0
2025-08-12,반바지,1,1,1,40000,1.0
2025-08-12,라운드티,1,1,1,35000,1.0
2025-08-13,남성,23,22,31,1206620,0.9565217391304348
2025-08-13,여성,3,3,3,299030,1.0
2025-08-13,미드/롱다운,1,1,1,192000,1.0
2025-08-13,등산화,1,1,1,101000,1.0
2025-08-13,셋업,2,2,2,93310,1.0
2025-08-13,자켓/ 베스트,1,1,2,66300,1.0
2025-08-13,상의,1,1,1,48650,1.0
2025-08-13,라운드티,2,2,2,46650,1.0
2025-08-13,긴바지,1,1,1,45050,1.0
2025-08-13,액세서리,1,1,3,23960,1.0
2025-08-14,남성,14,14,20,1115620,1.0
2025-08-14,여성,2,2,2,207050,1.0
2025-08-14,셋업,1,1,1,55200,1.0
2025-08-15,남성,9,8,13,631610,0.8888888888888888
2025-08-15,여성,4,4,5,292310,1.0
2025-08-15,긴바지,1,1,1,49080,1.0
2025-08-15,맨투맨/후드티,1,1,1,47700,1.0
2025-08-16,남성,20,20,30,1587360,1.0
2025-08-16,등산화,2,2,2,260400,1.0
2025-08-16,여성,1,1,1,94500,1.0
2025-08-16,하이킹,1,1,1,55000,1.0
2025-08-17,남성,15,15,18,1611400,1.0
2025-08-17,여성,2,2,3,203240,1.0
2025-08-17,상의,1,1,1,53100,1.0
2025-08-17,라운드티,1,1,1,26100,1.0
2025-08-18,남성,16,15,20,1265760,0.9375
2025-08-18,여성,1,1,1,139000,1.0
2025-08-18,패딩/슬림다운,1,1,1,114580,1.0
2025-08-18,긴바지,1,1,1,65000,1.0
2025-08-19,남성,9,9,158,8850230,1.0
2025-08-19,여성,1,1,1,94330,1.0
2025-08-19,상의,1,1,1,49670,1.0
2025-08-19,셋업,1,1,1,48880,1.0
2025-08-19,자켓/ 베스트,1,1,1,44690,1.0
2025-08-20,남성,17,15,23,1478800,0.8823529411764706
2025-08-20,여성,5,4,6,382460,0.8
2025-08-20,긴바지,1,1,1,65000,1.0
2025-08-20,하이킹,1,1,1,55000,1.0
2025-08-21,남성,20,20,22,1245170,1.0
2025-08-21,하이킹,2,2,4,220000,1.0
2025-08-21,여성,2,2,2,144000,1.0
2025-08-21,반바지,2,2,2,106610,1.0
2025-08-21,등산화,1,1,1,84500,1.0
2025-08-21,상의,1,1,1,62210,1.0
2025-08-21,라운드티,1,1,1,37200,1.0
2025-08-22,남성,15,14,20,779570,0.9333333333333333
2025-08-22,미드/롱다운,1,1,1,331270,1.0
2025-08-22,여성,2,2,2,174000,1.0
2025-08-22,등산화,1,1,1,94500,1.0
2025-08-22,자켓/ 베스트,1,1,2,70000,1.0
2025-08-23,남성,14,14,20,945840,1.0
2025-08-23,여성,3,3,5,437890,1.0
2025-08-23,미드/롱다운,1,1,1,322310,1.0
2025-08-23,셋업,1,1,1,48980,1.0
2025-08-24,남성,19,19,29,1613250,1.0
2025-08-24,여성,3,3,3,220440,1.0
2025-08-24,긴바지,2,2,2,109720,1.0
2025-08-24,라운드티,1,1,2,82000,1.0
2025-08-24,폴로티/집업,1,1,1,43850,1.0
2025-08-25,남성,19,19,29,1555050,1.0
2025-08-25,여성,2,2,3,232880,1.0
2025-08-25,자켓/ 베스트,2,2,2,208450,1.0
2025-08-25,셋업,2,2,2,103860,1.0
2025-08-25,긴바지,1,1,1,51950,1.0
2025-08-25,하이킹,1,1,1,50000,1.0
2025-08-25,라운드티,1,1,1,35000,1.0
2025-08-26,남성,10,10,18,683260,1.0
2025-08-26,셋업,2,2,3,146760,1.0
2025-08-26,반바지,1,1,1,54200,1.0
2025-08-27,남성,16,16,20,1110550,1.0
2025-08-27,여성,3,3,3,265590,1.0
2025-08-27,반바지,1,1,2,87600,1.0
2025-08-27,폴로티/집업,1,1,1,75640,1.0
2025-08-27,라운드티,1,1,1,48190,1.0
2025-08-27,액세서리,1,1,1,8730,1.0
2025-08-28,남성,19,19,26,1199370,1.0
2025-08-28,셋업,2,2,2,226030,1.0
2025-08-28,미드/롱다운,1,1,1,197000,1.0
2025-08-28,여성,2,2,2,143320,1.0
2025-08-28,UNKNOWN,1,1,1,102510,1.0
2025-08-28,반바지,1,1,1,48260,1.0
2025-08-29,남성,12,12,17,834900,1.0
2025-08-29,여성,2,2,2,77570,1.0
2025-08-29,라운드티,2,2,2,62090,1.0
2025-08-29,상의,1,1,1,59000,1.0
2025-08-30,남성,18,18,26,1538100,1.0
2025-08-30,여성,2,2,2,102000,1.0
2025-08-30,하이킹,1,1,1,54470,1.0
2025-08-30,라운드티,1,1,1,32880,1.0
2025-08-31,남성,13,13,22,1009500,1.0
2025-08-31,등산화,2,2,2,298240,1.0
2025-08-31,셋업,3,3,3,186310,1.0
2025-08-31,상의,1,1,1,55430,1.0
2025-08-31,라운드티,1,1,1,49460,1.0
2025-08-31,자켓/ 베스트,1,1,1,27990,1.0
2025-09-01,남성,23,23,65,2769350,1.0
2025-09-01,여성,3,3,3,187790,1.0
2025-09-01,폴로티/집업,1,1,1,79200,1.0
2025-09-01,셋업,1,1,1,53380,1.0
2025-09-01,UNKNOWN,1,1,1,41000,1.0
2025-09-01,긴바지,1,1,1,37600,1.0
2025-09-01,자켓/ 베스트,1,1,1,7500,1.0
2025-09-02,남성,15,15,22,775440,1.0
2025-09-02,셋업,1,1,2,99400,1.0
2025-09-02,자켓/ 베스트,1,1,1,32820,1.0
2025-09-02,긴바지,1,1,1,32500,1.0
2025-09-03,남성,16,16,28,1196960,1.0
2025-09-03,여성,3,3,4,403840,1.0
2025-09-03,등산화,1,1,1,96660,1.0
2025-09-03,라운드티,2,2,2,76060,1.0
2025-09-03,하이킹,1,1,1,55000,1.0
2025-09-03,셋업,1,1,1,47330,1.0
2025-09-04,남성,27,27,47,2048000,1.0
2025-09-04,여성,3,3,4,416040,1.0
2025-09-04,긴바지,3,2,3,149000,0.6666666666666666
2025-09-04,등산화,1,1,1,114380,1.0
2025-09-04,하이킹,2,2,2,106820,1.0
2025-09-04,라운드티,1,1,1,29000,1.0
2025-09-05,남성,21,21,34,1799660,1.0
2025-09-05,등산화,1,1,1,97300,1.0
2025-09-05,부츠,1,1,1,80250,1.0
2025-09-05,폴로티/집업,1,1,1,74780,1.0
2025-09-05,여성,1,1,1,65900,1.0
2025-09-05,하이킹,1,1,1,55000,1.0
2025-09-05,라운드티,1,1,1,35000,1.0
2025-09-06,남성,14,14,17,1139270,1.0
2025-09-06,여성,3,3,3,255380,1.0
2025-09-06,셋업,1,1,1,82240,1.0
2025-09-07,남성,17,17,22,1251570,1.0
2025-09-07,여성,1,1,1,111400,1.0
2025-09-07,긴바지,1,1,1,35680,1.0
2025-09-07,자켓/ 베스트,1,1,1,34900,1.0
2025-09-08,남성,12,12,15,1159220,1.0
2025-09-08,긴바지,1,1,1,89000,1.0
2025-09-08,여성,2,2,2,59720,1.0
2025-09-08,상의,1,1,1,50000,1.0
2025-09-08,자켓/ 베스트,1,1,1,35000,1.0
2025-09-09,남성,32,22,41,3416320,0.6875
2025-09-09,여성,4,4,4,289380,1.0
2025-09-09,등산화,2,2,2,258940,1.0
2025-09-09,라운드티,4,4,6,237940,1.0
2025-09-09,바람막이,1,1,1,124090,1.0
2025-09-09,셋업,1,1,1,46740,1.0
2025-09-10,남성,15,15,24,1627030,1.0
2025-09-10,여성,4,4,4,270380,1.0
2025-09-10,자켓/ 베스트,2,2,2,61980,1.0
2025-09-10,긴바지,1,1,1,60540,1.0
2025-09-11,남성,19,19,24,1254040,1.0
2025-09-11,셋업,1,1,1,99900,1.0
2025-09-11,여성,1,1,1,95000,1.0
2025-09-11,라운드티,2,2,2,59000,1.0
2025-09-11,상의,1,1,1,56380,1.0
2025-09-11,맨투맨/후드티,1,1,1,53000,1.0
2025-09-11,자켓/ 베스트,1,1,1,35000,1.0
2025-09-12,남성,10,10,20,1257710,1.0
2025-09-12,바람막이,2,2,2,199260,1.0
2025-09-12,등산화,1,1,1,150540,1.0
2025-09-12,여성,2,2,2,133740,1.0
2025-09-12,셋업,1,1,1,53000,1.0
2025-09-12,라운드티,1,1,1,46160,1.0
2025-09-13,남성,13,12,14,908210,0.9230769230769231
2025-09-13,여성,3,3,3,260220,1.0
2025-09-13,바람막이,1,1,1,120970,1.0
2025-09-13,긴바지,1,1,1,58090,1.0
2025-09-13,자켓/ 베스트,1,1,1,21490,1.0
2025-09-14,남성,10,9,12,725250,0.9
2025-09-14,여성,2,2,2,252930,1.0
2025-09-14,바람막이,2,2,2,183880,1.0
2025-09-14,셋업,1,1,1,50580,1.0
2025-09-14,자켓/ 베스트,1,1,1,35000,1.0
2025-09-15,남성,55,53,84,3626220,0.9636363636363636
2025-09-15,여성,8,7,12,743970,0.875
2025-09-15,긴바지,4,4,4,222450,1.0
2025-09-15,등산화,1,1,1,153300,1.0
2025-09-15,라운드티,6,6,7,140500,1.0
2025-09-15,UNKNOWN,1,1,1,97210,1.0
2025-09-15,폴로티/집업,1,1,1,74340,1.0
2025-09-15,반바지,1,1,1,51350,1.0
2025-09-15,자켓/ 베스트,2,2,2,35070,1.0
2025-09-15,셋업,1,1,1,20500,1.0
2025-09-16,남성,22,22,30,1519010,1.0
2025-09-16,셋업,3,3,4,332190,1.0
2025-09-16,등산화,2,2,2,214040,1.0
2025-09-16,여성,2,2,2,114200,1.0
2025-09-16,바람막이,1,1,1,79500,1.0
2025-09-16,UNKNOWN,1,1,1,67410,1.0
2025-09-16,맨투맨/후드티,2,2,2,60590,1.0
2025-09-16,자켓/베스트,1,1,1,59600,1.0
2025-09-16,장갑,2,2,2,38500,1.0
2025-09-16,긴바지,1,1,1,33800,1.0
2025-09-16,폴로티/집업,1,1,1,29500,1.0
2025-09-17,남성,26,26,35,2214480,1.0
2025-09-17,등산화,3,3,3,264110,1.0
2025-09-17,여성,4,4,4,228930,1.0
2025-09-17,긴바지,4,4,4,204280,1.0
2025-09-17,라운드티,4,4,4,134160,1.0
2025-09-17,셋업,2,2,2,111310,1.0
2025-09-17,UNKNOWN,1,1,1,111300,1.0
2025-09-17,자켓/베스트,1,1,1,89420,1.0
2025-09-17,상의,1,1,1,36470,1.0
2025-09-17,장갑,1,1,1,27940,1.0
2025-09-18,남성,50,50,67,3691350,1.0
2025-09-18,여성,10,10,17,1254870,1.0
2025-09-18,긴바지,5,5,5,234800,1.0
2025-09-18,등산화,2,2,2,157750,1.0
2025-09-18,상의,2,2,2,112670,1.0
2025-09-18,라운드티,3,3,3,89610,1.0
2025-09-18,자켓/ 베스트,3,3,3,71470,1.0
2025-09-18,반바지,1,1,1,47000,1.0
2025-09-18,셋업,1,1,1,41650,1.0
2025-09-19,남성,22,22,31,2049270,1.0
2025-09-19,여성,5,5,6,482010,1.0
2025-09-19,미드/롱다운,1,1,1,331150,1.0
2025-09-19,셋업,3,3,3,131630,1.0
2025-09-19,패딩/슬림다운,1,1,1,74100,1.0
2025-09-19,자켓/ 베스트,1,1,1,35000,1.0
2025-09-20,남성,16,16,22,1194500,1.0
2025-09-20,셋업,2,2,5,475110,1.0
2025-09-20,인터체인지 (3 in 1),1,1,1,395000,1.0
2025-09-20,여성,4,4,5,304640,1.0
2025-09-20,패딩/슬림다운,1,1,1,136090,1.0
2025-09-20,바람막이,1,1,1,113960,1.0
2025-09-20,라운드티,2,2,2,66200,1.0
2025-09-20,긴바지,1,1,1,53000,1.0
2025-09-20,장갑,1,1,1,15650,1.0
2025-09-21,남성,26,26,32,1886630,1.0
2025-09-21,등산화,2,2,2,262130,1.0
2025-09-21,셋업,4,4,4,249120,1.0
2025-09-21,여성,1,1,2,175580,1.0
2025-09-21,바람막이,1,1,1,127200,1.0
2025-09-21,라운드티,3,3,3,88480,1.0
2025-09-21,자켓/ 베스트,3,3,3,68860,1.0
2025-09-21,자켓/베스트,1,1,1,45540,1.0
2025-09-21,긴바지,1,1,1,38780,1.0
2025-09-22,남성,22,22,40,1812320,1.0
2025-09-22,여성,2,2,3,170700,1.0
2025-09-22,라운드티,3,3,4,134390,1.0
2025-09-22,긴바지,1,1,2,98820,1.0
2025-09-22,셋업,1,1,1,51460,1.0
2025-09-22,맨투맨/후드티,1,1,1,39000,1.0
2025-09-22,상의,1,1,1,37000,1.0
2025-09-22,자켓/ 베스트,1,1,1,35000,1.0
2025-09-23,남성,55,54,93,3599730,0.9818181818181818
2025-09-23,여성,4,4,4,335600,1.0
2025-09-23,셋업,3,3,3,188320,1.0
2025-09-23,자켓/ 베스트,5,5,6,141710,1.0
2025-09-23,자켓/베스트,3,3,3,140890,1.0
2025-09-23,장갑,5,5,5,102180,1.0
2025-09-23,바람막이,1,1,1,68300,1.0
2025-09-23,패딩/슬림다운,1,1,1,62360,1.0
2025-09-23,라운드티,3,3,3,55170,1.0
2025-09-23,상의,1,1,1,36300,1.0
2025-09-23,UNKNOWN,1,1,1,27000,1.0
2025-09-24,남성,31,31,43,2437040,1.0
2025-09-24,여성,3,3,3,244840,1.0
2025-09-24,폴로티/집업,2,2,2,109300,1.0
2025-09-24,자켓/베스트,2,2,2,97390,1.0
2025-09-24,바람막이,1,1,1,91130,1.0
2025-09-24,라운드티,3,3,3,75940,1.0
2025-09-24,패딩/슬림다운,1,1,1,75690,1.0
2025-09-24,맨투맨/후드티,1,1,1,47000,1.0
2025-09-24,반바지,1,1,1,40030,1.0
2025-09-24,셋업,1,1,1,32000,1.0
2025-09-24,자켓/ 베스트,2,2,2,28120,1.0
2025-09-24,장갑,1,1,1,14500,1.0
2025-09-25,남성,48,48,60,4355230,1.0
2025-09-25,여성,9,9,12,1030490,1.0
2025-09-25,셋업,4,4,4,201900,1.0
2025-09-25,라운드티,6,6,6,152290,1.0
2025-09-25,긴바지,2,2,2,61210,1.0
2025-09-25,패딩/슬림다운,1,1,1,60830,1.0
2025-09-25,자켓/베스트,1,1,1,37010,1.0
2025-09-25,폴로티/집업,1,1,1,36810,1.0
2025-09-25,상의,1,1,1,34980,1.0
2025-09-26,남성,30,30,44,2523670,1.0
2025-09-26,여성,5,5,6,506870,1.0
2025-09-26,미드/롱다운,1,1,1,294410,1.0
2025-09-26,라운드티,1,1,1,47010,1.0
2025-09-26,상의,1,1,1,39790,1.0
2025-09-26,반바지,1,1,1,39500,1.0
2025-09-26,폴로/집업티,1,1,1,26500,1.0
2025-09-27,남성,19,19,25,1365250,1.0
2025-09-27,여성,3,3,3,225760,1.0
2025-09-27,라운드티,3,3,3,90560,1.0
2025-09-27,패딩/슬림다운,1,1,1,61000,1.0
2025-09-27,반바지,1,1,1,57370,1.0
2025-09-27,긴바지,1,1,1,43000,1.0
2025-09-27,셋업,1,1,1,43000,1.0
2025-09-27,상의,1,1,1,37000,1.0
2025-09-27,자켓/베스트,1,1,1,37000,1.0
2025-09-28,남성,86,86,114,4302220,1.0
2025-09-28,여성,10,10,12,1098270,1.0
2025-09-28,셋업,6,6,6,249030,1.0
2025-09-28,셔츠,3,3,3,230720,1.0
2025-09-28,라운드티,8,8,9,203300,1.0
2025-09-28,패딩/슬림다운,2,2,2,190500,1.0
2025-09-28,미드/롱다운,1,1,1,168150,1.0
2025-09-28,바람막이,2,2,2,154520,1.0
2025-09-28,긴바지,3,3,3,109180,1.0
2025-09-28,맨투맨/후드티,2,2,2,87310,1.0
2025-09-28,상의,2,2,2,86580,1.0
2025-09-28,등산화,1,1,1,79530,1.0
2025-09-28,자켓/베스트,1,1,1,55390,1.0
2025-09-28,폴로티/집업,1,1,1,33190,1.0
2025-09-28,폴로/집업티,1,1,1,31000,1.0
2025-09-28,장갑,1,1,1,27090,1.0
2025-09-28,반바지,1,1,1,25840,1.0
2025-09-29,남성,9,9,14,1205970,1.0
2025-09-29,여성,5,5,8,794370,1.0
2025-09-29,자켓/베스트,1,1,2,136000,1.0
2025-09-29,부츠,1,1,1,83000,1.0
2025-09-29,UNKNOWN,1,1,1,62720,1.0
2025-09-30,남성,25,24,35,2123980,0.96
2025-09-30,여성,3,3,3,339700,1.0
2025-09-30,바람막이,1,1,3,193500,1.0
2025-09-30,셔츠,1,1,1,83000,1.0
2025-10-01,남성,115,114,167,5895570,0.991304347826087
2025-10-01,여성,18,18,18,921030,1.0
2025-10-01,셋업,9,9,9,418960,1.0
2025-10-01,등산화,3,3,3,208590,1.0
2025-10-01,자켓/베스트,1,1,3,184360,1.0
2025-10-01,맨투맨/후드티,4,4,4,134970,1.0
2025-10-01,패딩/슬림다운,2,2,2,125450,1.0
2025-10-01,폴로티/집업,3,3,3,121700,1.0
2025-10-01,셔츠,2,2,2,104550,1.0
2025-10-01,부츠,1,1,1,78480,1.0
2025-10-01,긴바지,2,2,2,72750,1.0
2025-10-01,바람막이,1,1,1,71910,1.0
2025-10-01,상의,2,2,2,65890,1.0
2025-10-01,라운드티,2,2,2,39220,1.0
2025-10-01,반바지,1,1,1,23500,1.0
2025-10-02,남성,52,52,69,2500360,1.0
2025-10-02,여성,8,8,8,594510,1.0
2025-10-02,패딩/슬림다운,2,2,2,177570,1.0
2025-10-02,라운드티,4,4,5,164270,1.0
2025-10-02,긴바지,3,3,3,143410,1.0
2025-10-02,등산화,1,1,1,130280,1.0
2025-10-02,셋업,3,3,3,116210,1.0
2025-10-02,부츠,1,1,1,75320,1.0
2025-10-02,상의,1,1,1,58990,1.0
2025-10-02,셔츠,1,1,1,56220,1.0
2025-10-03,남성,33,33,47,1881780,1.0
2025-10-03,여성,6,6,7,466860,1.0
2025-10-03,등산화,3,3,3,268200,1.0
2025-10-03,패딩/슬림다운,1,1,1,138680,1.0
2025-10-03,자켓/베스트,2,2,2,129870,1.0
2025-10-03,셋업,2,2,2,107440,1.0
2025-10-03,맨투맨/후드티,2,2,2,81000,1.0
2025-10-03,부츠,1,1,1,73350,1.0
2025-10-03,셔츠,1,1,1,56470,1.0
2025-10-03,폴로티/집업,1,1,1,56300,1.0
2025-10-03,긴바지,1,1,1,41000,1.0
2025-10-03,라운드티,1,1,1,16360,1.0
2025-10-04,남성,28,28,36,1527640,1.0
2025-10-04,여성,3,3,3,188720,1.0
2025-10-04,UNKNOWN,2,2,2,146950,1.0
2025-10-04,등산화,1,1,1,112720,1.0
2025-10-04,긴바지,1,1,1,73010,1.0
2025-10-04,맨투맨/후드티,1,1,1,37380,1.0
2025-10-04,자켓/베스트,1,1,1,29500,1.0
2025-10-04,라운드티,1,1,1,17500,1.0
2025-10-05,남성,33,33,46,2002700,1.0
2025-10-05,여성,10,9,12,899540,0.9
2025-10-05,셋업,3,3,4,289970,1.0
2025-10-05,패딩/슬림다운,2,2,2,144690,1.0
2025-10-05,자켓/베스트,3,3,3,141100,1.0
2025-10-05,긴바지,1,1,1,55000,1.0
2025-10-05,크로스/토트백,1,1,1,27220,1.0
2025-10-05,라운드티,1,1,1,17500,1.0
2025-10-06,남성,32,32,41,1694930,1.0
2025-10-06,여성,6,6,7,577990,1.0
2025-10-06,라운드티,4,4,5,117490,1.0
2025-10-06,바람막이,1,1,1,107200,1.0
2025-10-06,셔츠,1,1,1,51850,1.0
2025-10-06,볼캡,1,1,1,23000,1.0
2025-10-07,남성,32,32,44,1828330,1.0
2025-10-07,셋업,4,4,4,349280,1.0
2025-10-07,여성,5,5,5,330640,1.0
2025-10-07,패딩/슬림다운,1,1,1,72750,1.0
2025-10-07,장갑,2,2,2,31460,1.0
2025-10-07,라운드티,1,1,1,21760,1.0
2025-10-07,크로스/토트백,1,1,1,17500,1.0
2025-10-08,셋업,1,1,18,1818000,1.0
2025-10-08,남성,29,29,37,1762720,1.0
2025-10-08,여성,6,6,6,448390,1.0
2025-10-08,부츠,1,1,3,249000,1.0
2025-10-08,자켓/베스트,1,1,2,154000,1.0
2025-10-08,패딩/슬림다운,1,1,1,83000,1.0
2025-10-08,UNKNOWN,1,1,1,80700,1.0
2025-10-08,등산화,1,1,1,63770,1.0
2025-10-08,맨투맨/후드티,1,1,1,39000,1.0
2025-10-08,볼캡,1,1,1,28450,1.0
2025-10-08,크로스/토트백,1,1,1,23500,1.0
2025-10-08,반바지,1,1,1,23500,1.0
2025-10-09,남성,43,43,64,2778380,1.0
2025-10-09,여성,3,3,3,300040,1.0
2025-10-09,바람막이,2,2,2,212910,1.0
2025-10-09,등산화,2,2,2,206000,1.0
2025-10-09,셋업,1,1,1,141470,1.0
2025-10-09,자켓/베스트,1,1,1,101000,1.0
2025-10-09,패딩/슬림다운,1,1,1,73000,1.0
2025-10-09,라운드티,2,2,3,59180,1.0
2025-10-09,상의,1,1,1,59000,1.0
2025-10-09,긴바지,1,1,1,37000,1.0
2025-10-09,크로스/토트백,1,1,1,17500,1.0
2025-10-10,남성,29,29,39,1835960,1.0
2025-10-10,여성,7,6,9,557950,0.8571428571428571
2025-10-10,바람막이,2,2,2,247870,1.0
2025-10-10,등산화,1,1,1,83260,1.0
2025-10-10,맨투맨/후드티,2,2,2,71900,1.0
2025-10-10,긴바지,1,1,1,47300,1.0
2025-10-10,셋업,2,2,2,43360,1.0
2025-10-10,상의,1,1,1,29500,1.0
2025-10-10,자켓/베스트,1,1,1,29500,1.0
2025-10-10,장갑,1,1,1,26150,1.0
2025-10-11,남성,30,29,39,1732110,0.9666666666666667
2025-10-11,패딩/슬림다운,3,3,3,253920,1.0
2025-10-11,긴바지,4,4,4,183090,1.0
2025-10-11,라운드티,7,7,7,151620,1.0
2025-10-11,셋업,3,3,3,94250,1.0
2025-10-11,맨투맨/후드티,2,2,2,91210,1.0
2025-10-11,UNKNOWN,1,1,1,86270,1.0
2025-10-11,등산화,1,1,1,84500,1.0
2025-10-11,상의,2,2,2,82800,1.0
2025-10-11,여성,1,1,1,39500,1.0
2025-10-11,폴로티/집업,1,1,1,39000,1.0
2025-10-11,볼캡,1,1,1,21220,1.0
2025-10-12,남성,528,524,685,22251380,0.9924242424242424
2025-10-12,여성,63,63,68,3662370,1.0
2025-10-12,맨투맨/후드티,25,25,26,950840,1.0
2025-10-12,셋업,21,21,23,842180,1.0
2025-10-12,자켓/베스트,14,14,15,827940,1.0
2025-10-12,라운드티,36,36,38,801740,1.0
2025-10-12,패딩/슬림다운,10,10,10,655150,1.0
2025-10-12,바람막이,6,6,6,521500,1.0
2025-10-12,상의,14,14,14,507820,1.0
2025-10-12,긴바지,12,12,12,494970,1.0
2025-10-12,등산화,4,4,4,304340,1.0
2025-10-12,미드/롱다운,1,1,1,301410,1.0
2025-10-12,볼캡,11,11,11,271340,1.0
2025-10-12,장갑,9,9,11,182710,1.0
2025-10-12,버킷/부니,5,5,5,126270,1.0
2025-10-12,셔츠,2,2,2,115140,1.0
2025-10-12,폴로티/집업,3,3,3,113620,1.0
2025-10-12,UNKNOWN,2,2,2,110040,1.0
2025-10-12,부츠,1,1,1,58720,1.0
2025-10-12,카고/조거,1,1,1,41330,1.0
2025-10-12,크로스/토트백,2,2,2,35000,1.0
2025-10-12,반바지,1,1,1,23500,1.0
2025-10-13,남성,24,22,28,2206210,0.9166666666666666
2025-10-13,여성,5,5,6,679740,1.0
2025-10-13,셋업,3,3,3,141210,1.0
2025-10-13,등산화,1,1,1,97160,1.0
2025-10-13,부츠,1,1,1,73440,1.0
2025-10-13,긴바지,1,1,1,44500,1.0
2025-10-13,라운드티,1,1,1,22330,1.0
2025-10-14,남성,20,20,29,1876960,1.0
2025-10-14,등산화,2,2,3,290000,1.0
2025-10-14,여성,3,3,5,232770,1.0
2025-10-14,부츠,1,1,1,108890,1.0
2025-10-14,패딩/슬림다운,1,1,1,95000,1.0
2025-10-14,자켓/베스트,1,1,1,55770,1.0
2025-10-14,자켓/ 베스트,1,1,1,43000,1.0
2025-10-14,버킷/부니,1,1,1,37000,1.0
2025-10-15,남성,18,18,27,1486280,1.0
2025-10-15,여성,2,2,2,235550,1.0
2025-10-15,셋업,1,1,1,113000,1.0
2025-10-15,패딩/슬림다운,1,1,1,89000,1.0
2025-10-15,상의,1,1,1,39300,1.0
2025-10-15,자켓/ 베스트,1,1,1,26500,1.0
2025-10-16,남성,19,19,20,1638670,1.0
2025-10-16,여성,2,2,2,367300,1.0
2025-10-16,맨투맨/후드티,2,2,2,96740,1.0
2025-10-16,볼캡,1,1,2,90000,1.0
2025-10-16,긴바지,2,2,2,89000,1.0
2025-10-16,셔츠,1,1,1,71000,1.0
2025-10-16,라운드티,2,2,2,67050,1.0
2025-10-16,자켓/ 베스트,1,1,1,53000,1.0
2025-10-16,셋업,1,1,1,27950,1.0
2025-10-17,남성,21,21,25,2939269,1.0
2025-10-17,여성,3,3,4,440050,1.0
2025-10-17,패딩/슬림다운,1,1,1,85320,1.0
2025-10-17,맨투맨/후드티,1,1,1,51290,1.0
2025-10-17,라운드티,1,1,1,23650,1.0
2025-10-18,남성,25,25,29,2418910,1.0
2025-10-18,여성,5,5,5,476720,1.0
2025-10-18,긴바지,1,1,2,111430,1.0
2025-10-18,상의,2,2,2,111000,1.0
2025-10-18,라운드티,2,2,2,64000,1.0
2025-10-19,남성,24,23,34,2086440,0.9583333333333334
2025-10-19,여성,5,5,5,921560,1.0
2025-10-19,패딩/슬림다운,1,1,1,78420,1.0
2025-10-19,맨투맨/후드티,1,1,1,55160,1.0
2025-10-19,긴바지,1,1,1,46840,1.0
2025-10-20,남성,26,19,35,3358870,0.7307692307692307
2025-10-20,여성,2,2,4,371500,1.0
2025-10-20,패딩/슬림다운,2,2,2,190000,1.0
2025-10-20,셋업,2,2,2,112040,1.0
2025-10-20,바람막이,1,1,1,68360,1.0
2025-10-20,자켓/베스트,1,1,1,59000,1.0
2025-10-20,자켓/ 베스트,1,1,1,46150,1.0
2025-10-21,남성,39,38,60,3587890,0.9743589743589743
2025-10-21,여성,7,7,8,985330,1.0
2025-10-21,미드/롱다운,1,1,1,285210,1.0
2025-10-21,패딩/슬림다운,1,1,1,140140,1.0
2025-10-21,등산화,1,1,1,117480,1.0
2025-10-21,셋업,1,1,1,86780,1.0
2025-10-21,자켓/베스트,1,1,1,77000,1.0
2025-10-21,장갑,2,2,2,47970,1.0
2025-10-21,긴바지,1,1,1,47000,1.0
2025-10-21,라운드티,1,1,1,32230,1.0
2025-10-22,남성,25,25,31,2406950,1.0
2025-10-22,여성,6,6,6,602960,1.0
2025-10-22,패딩/슬림다운,1,1,1,87170,1.0
2025-10-22,셋업,1,1,1,66330,1.0
2025-10-22,상의,1,1,1,59000,1.0
2025-10-22,자켓/ 베스트,1,1,1,51000,1.0
2025-10-22,맨투맨/후드티,1,1,1,42000,1.0
2025-10-22,라운드티,1,1,1,33000,1.0
2025-10-23,남성,31,31,43,3717500,1.0
2025-10-23,여성,5,5,6,599300,1.0
2025-10-23,패딩/슬림다운,2,2,2,208690,1.0
2025-10-23,셋업,3,3,4,149520,1.0
2025-10-23,등산화,1,1,1,127790,1.0
2025-10-23,자켓/베스트,2,2,2,114150,1.0
2025-10-23,자켓/ 베스트,1,1,1,52690,1.0
2025-10-23,버킷/부니,1,1,1,32750,1.0
2025-10-24,남성,24,24,31,3337900,1.0
2025-10-24,여성,2,2,2,148100,1.0
2025-10-24,자켓/베스트,2,2,2,113070,1.0
2025-10-24,부츠,1,1,1,83000,1.0
2025-10-24,패딩/슬림다운,1,1,1,73200,1.0
2025-10-25,남성,16,16,19,1991910,1.0
2025-10-25,여성,2,2,4,379800,1.0
2025-10-25,자켓/베스트,1,1,2,118000,1.0
2025-10-25,패딩/슬림다운,1,1,1,76970,1.0
2025-10-25,자켓/ 베스트,1,1,1,51130,1.0
2025-10-26,남성,25,25,32,3372210,1.0
2025-10-26,여성,3,3,3,268960,1.0
2025-10-26,등산화,1,1,1,156160,1.0
2025-10-26,셋업,1,1,1,89000,1.0
2025-10-26,맨투맨/후드티,1,1,1,57570,1.0
2025-10-26,자켓/베스트,1,1,1,56730,1.0
2025-10-27,남성,40,39,71,7300190,0.975
2025-10-27,여성,9,9,10,831500,1.0
2025-10-27,자켓/베스트,2,2,3,218600,1.0
2025-10-27,등산화,2,2,2,176890,1.0
2025-10-27,셋업,2,2,2,114650,1.0
2025-10-27,자켓/ 베스트,2,2,2,90200,1.0
2025-10-27,볼캡,1,1,1,45000,1.0
2025-10-27,버킷/부니,1,1,1,34780,1.0
2025-10-28,남성,31,30,41,3453480,0.967741935483871
2025-10-28,여성,9,8,14,1193060,0.8888888888888888
2025-10-28,인터체인지 (3 in 1),1,1,1,386320,1.0
2025-10-28,긴바지,2,2,2,209830,1.0
2025-10-28,볼캡,2,2,3,132000,1.0
2025-10-28,자켓/ 베스트,2,2,3,123090,1.0
2025-10-28,UNKNOWN,1,1,1,111300,1.0
2025-10-28,등산화,1,1,1,111280,1.0
2025-10-28,장갑,1,1,1,36550,1.0
2025-10-29,남성,36,34,49,3890840,0.9444444444444444
2025-10-29,여성,8,8,16,1870930,1.0
2025-10-29,부츠,1,1,1,139770,1.0
2025-10-29,라운드티,2,2,3,109500,1.0
2025-10-29,등산화,1,1,1,99510,1.0
2025-10-29,바람막이,1,1,1,65410,1.0
2025-10-29,자켓/ 베스트,1,1,1,48100,1.0
2025-10-30,남성,25,25,31,2603790,1.0
2025-10-30,여성,2,2,2,341800,1.0
2025-10-30,자켓/베스트,2,2,2,116800,1.0
2025-10-30,셋업,1,1,1,109400,1.0
2025-10-30,볼캡,1,1,1,25850,1.0
2025-10-30,라운드티,1,1,1,23270,1.0
2025-10-31,남성,23,23,36,2939450,1.0
2025-10-31,여성,6,6,7,774080,1.0
2025-10-31,라운드티,3,3,3,92750,1.0
2025-10-31,셋업,1,1,1,83530,1.0
2025-10-31,패딩/슬림다운,1,1,1,79750,1.0
2025-10-31,맨투맨/후드티,1,1,1,47710,1.0
2025-10-31,볼캡,1,1,1,39640,1.0
2025-10-31,긴바지,1,1,1,38060,1.0
2025-11-01,남성,12,12,12,814580,1.0
2025-11-01,셋업,1,1,5,347500,1.0
2025-11-01,여성,1,1,1,129500,1.0
2025-11-01,패딩/슬림다운,1,1,1,87000,1.0
2025-11-01,맨투맨/후드티,1,1,1,57000,1.0
2025-11-02,남성,23,23,35,2567030,1.0
2025-11-02,여성,3,3,4,345320,1.0
2025-11-02,바람막이,1,1,1,144050,1.0
2025-11-02,장갑,1,1,1,20170,1.0
2025-11-03,남성,36,35,46,4185830,0.9722222222222222
2025-11-03,여성,4,4,6,665640,1.0
2025-11-03,셋업,4,4,6,597830,1.0
2025-11-03,인터체인지 (3 in 1),1,1,1,385000,1.0
2025-11-03,부츠,1,1,1,155400,1.0
2025-11-03,맨투맨/후드티,2,2,2,108000,1.0
2025-11-03,패딩/슬림다운,1,1,1,84000,1.0
2025-11-03,라운드티,1,1,1,35000,1.0
2025-11-04,남성,19,18,28,3572910,0.9473684210526315
2025-11-04,여성,7,7,8,1268240,1.0
2025-11-04,맨투맨/후드티,3,3,3,164870,1.0
2025-11-05,남성,23,23,28,2099070,1.0
2025-11-05,여성,5,5,5,1003070,1.0
2025-11-05,패딩/슬림다운,1,1,1,137200,1.0
2025-11-05,라운드티,1,1,1,24730,1.0
2025-11-06,남성,18,17,23,1555080,0.9444444444444444
2025-11-06,여성,3,3,3,205440,1.0
2025-11-06,셋업,1,1,1,103380,1.0
2025-11-06,등산화,1,1,1,94500,1.0
2025-11-06,맨투맨/후드티,1,1,1,43470,1.0
2025-11-07,남성,13,13,19,1038900,1.0
2025-11-07,여성,5,5,7,784690,1.0
2025-11-07,자켓/베스트,1,1,1,161000,1.0
2025-11-07,볼캡,2,2,3,135000,1.0
2025-11-07,패딩/슬림다운,1,1,1,83000,1.0
2025-11-07,셋업,1,1,1,64400,1.0
2025-11-07,라운드티,1,1,1,31720,1.0
2025-11-08,남성,14,14,25,1556540,1.0
2025-11-08,여성,5,5,9,1070340,1.0
2025-11-08,맨투맨/후드티,2,2,2,108550,1.0
2025-11-08,셋업,1,1,1,87000,1.0
2025-11-08,라운드티,1,1,1,23000,1.0
2025-11-09,남성,21,21,30,2034720,1.0
2025-11-09,여성,6,6,6,687680,1.0
2025-11-09,셋업,2,2,2,155870,1.0
2025-11-09,등산화,1,1,1,129120,1.0
2025-11-09,맨투맨/후드티,1,1,1,57530,1.0
2025-11-10,남성,28,27,31,3024660,0.9642857142857143
2025-11-10,여성,12,11,14,1456300,0.9166666666666666
2025-11-10,장갑,2,2,2,108920,1.0
2025-11-10,볼캡,2,2,2,77360,1.0
2025-11-10,라운드티,1,1,1,21000,1.0
2025-11-11,남성,33,32,61,5224970,0.9696969696969697
2025-11-11,여성,3,3,4,378000,1.0
2025-11-11,부츠,1,1,1,137830,1.0
2025-11-11,등산화,1,1,1,132300,1.0
2025-11-11,셋업,1,1,1,109320,1.0
2025-11-11,긴바지,1,1,1,97130,1.0
2025-11-11,라운드티,1,1,1,20570,1.0
2025-11-11,장갑,1,1,1,18000,1.0
2025-11-12,남성,29,27,64,2782170,0.9310344827586207
2025-11-12,여성,9,9,16,1047480,1.0
2025-11-12,맨투맨/후드티,3,3,3,125730,1.0
2025-11-12,셋업,1,1,1,81560,1.0
2025-11-12,자켓/베스트,1,1,1,60350,1.0
2025-11-12,라운드티,1,1,1,35000,1.0
2025-11-12,볼캡,1,1,1,24310,1.0
2025-11-13,남성,18,18,24,2383760,1.0
2025-11-13,여성,4,4,4,274520,1.0
2025-11-13,맨투맨/후드티,2,2,2,112880,1.0
2025-11-13,셋업,1,1,1,77820,1.0
2025-11-14,남성,28,26,40,2994790,0.9285714285714286
2025-11-14,여성,4,4,4,699780,1.0
2025-11-14,자켓/베스트,1,1,1,68090,1.0
2025-11-15,남성,22,22,31,3237370,1.0
2025-11-15,여성,2,2,2,327520,1.0
2025-11-15,미드/롱다운,1,1,1,284030,1.0
2025-11-15,셋업,1,1,1,109610,1.0
2025-11-15,등산화,1,1,1,97970,1.0
2025-11-15,맨투맨/후드티,1,1,1,44000,1.0
2025-11-15,라운드티,1,1,1,17500,1.0
2025-11-16,남성,23,22,38,3743600,0.9565217391304348
2025-11-16,여성,4,4,4,608110,1.0
2025-11-16,셋업,4,4,5,460720,1.0
2025-11-16,맨투맨/후드티,1,1,1,44120,1.0
2025-11-17,남성,22,22,33,2306950,1.0
2025-11-17,여성,6,6,8,1666060,1.0
2025-11-17,셋업,2,2,3,302480,1.0
2025-11-17,긴바지,1,1,1,105660,1.0
2025-11-17,등산화,1,1,1,74500,1.0
2025-11-17,자켓/베스트,1,1,1,66150,1.0
2025-11-17,맨투맨/후드티,1,1,1,59000,1.0
2025-11-17,볼캡,1,1,1,45000,1.0
2025-11-18,남성,32,31,38,3780620,0.96875
2025-11-18,여성,8,8,8,958180,1.0
2025-11-18,맨투맨/후드티,2,2,2,106000,1.0
2025-11-18,버킷/부니,1,1,1,35990,1.0
2025-11-18,크로스/토트백,1,1,1,25000,1.0
2025-11-18,라운드티,1,1,1,19750,1.0
2025-11-19,남성,38,36,57,4331550,0.9473684210526315
2025-11-19,여성,4,4,5,690850,1.0
2025-11-19,셋업,2,2,2,174210,1.0
2025-11-19,등산화,1,1,1,93940,1.0
2025-11-19,긴바지,1,1,1,89120,1.0
2025-11-20,남성,18,18,23,2478010,1.0
2025-11-20,여성,5,5,5,866860,1.0
2025-11-20,맨투맨/후드티,1,1,1,53950,1.0
2025-11-21,남성,67,67,95,8016215,1.0
2025-11-21,여성,10,10,11,1474600,1.0
2025-11-21,맨투맨/후드티,23,23,24,1005870,1.0
2025-11-21,셋업,2,2,2,157470,1.0
2025-11-21,등산화,1,1,1,109500,1.0
2025-11-21,장갑,2,2,2,86540,1.0
2025-11-21,패딩/슬림다운,1,1,1,75720,1.0
2025-11-21,UNKNOWN,1,1,2,15000,1.0
2025-11-22,남성,46,45,65,5504310,0.9782608695652174
2025-11-22,여성,8,7,8,790870,0.875
2025-11-22,셋업,4,4,5,348710,1.0
2025-11-22,맨투맨/후드티,1,1,1,53540,1.0
2025-11-22,라운드티,1,1,1,25000,1.0
2025-11-23,남성,72,70,97,6788490,0.9722222222222222
2025-11-23,여성,9,9,9,920200,1.0
2025-11-23,자켓/베스트,5,5,6,426060,1.0
2025-11-23,맨투맨/후드티,2,2,2,105750,1.0
2025-11-23,셋업,3,3,3,92860,1.0
2025-11-23,패딩/슬림다운,1,1,1,86780,1.0
2025-11-23,상의,1,1,1,48880,1.0
2025-11-23,긴바지,1,1,1,41170,1.0
2025-11-23,크로스/토트백,2,2,2,40690,1.0
2025-11-23,볼캡,1,1,1,35000,1.0
2025-11-23,라운드티,1,1,1,27560,1.0
2025-11-23,버킷/부니,1,1,1,19900,1.0
2025-11-24,남성,40,40,53,4148335,1.0
2025-11-24,여성,8,8,9,950910,1.0
2025-11-24,긴바지,11,11,11,302470,1.0
2025-11-24,셋업,4,4,4,157650,1.0
2025-11-24,자켓/베스트,1,1,1,87380,1.0
2025-11-24,맨투맨/후드티,1,1,1,48350,1.0
2025-11-25,남성,59,55,89,8063650,0.9322033898305084
2025-11-25,여성,11,11,11,1371300,1.0
2025-11-25,셋업,8,8,10,512780,1.0
2025-11-25,자켓/베스트,3,3,3,175300,1.0
2025-11-25,등산화,1,1,1,116230,1.0
2025-11-25,바람막이,1,1,1,90300,1.0
2025-11-25,긴바지,2,2,2,85790,1.0
2025-11-25,맨투맨/후드티,1,1,1,47050,1.0
2025-11-25,라운드티,1,1,1,36170,1.0
2025-11-25,장갑,1,1,1,17660,1.0
2025-11-26,남성,44,41,56,5493375,0.9318181818181818
2025-11-26,여성,10,10,13,1680445,1.0
2025-11-26,셋업,6,6,6,301560,1.0
2025-11-26,등산화,2,2,2,195350,1.0
2025-11-26,맨투맨/후드티,2,2,2,108870,1.0
2025-11-26,긴바지,2,2,2,74750,1.0
2025-11-26,자켓/ 베스트,1,1,1,48180,1.0
2025-11-26,장갑,1,1,1,28340,1.0
2025-11-27,남성,59,58,103,7935875,0.9830508474576272
2025-11-27,여성,19,19,23,2445210,1.0
2025-11-27,상의,9,9,11,511770,1.0
2025-11-27,긴바지,2,2,3,174080,1.0
2025-11-27,맨투맨/후드티,3,3,3,166310,1.0
2025-11-27,다운/ 패딩,1,1,1,159900,1.0
2025-11-27,등산화,1,1,1,127200,1.0
2025-11-27,셋업,1,1,1,109620,1.0
2025-11-27,라운드티,3,3,3,97850,1.0
2025-11-27,자켓/ 베스트,1,1,1,79750,1.0
2025-11-27,볼캡,3,3,3,44240,1.0
2025-11-27,장갑,1,1,1,29000,1.0
2025-11-28,남성,41,41,89,8718290,1.0
2025-11-28,셋업,2,2,9,1316840,1.0
2025-11-28,여성,10,10,13,1268030,1.0
2025-11-28,긴바지,6,6,6,301400,1.0
2025-11-28,자켓/베스트,2,2,2,221950,1.0
2025-11-28,볼캡,3,3,3,81090,1.0
2025-11-28,라운드티,1,1,1,69200,1.0
2025-11-28,장갑,1,1,1,24550,1.0
2025-11-29,남성,41,39,82,5010310,0.9512195121951219
2025-11-29,여성,4,4,4,565250,1.0
2025-11-29,긴바지,3,3,3,196330,1.0
2025-11-29,셋업,3,3,3,193180,1.0
2025-11-29,자켓/베스트,1,1,1,113900,1.0
2025-11-29,자켓/ 베스트,1,1,1,80000,1.0
2025-11-29,상의,1,1,1,63520,1.0
2025-11-29,볼캡,1,1,1,35000,1.0
2025-11-30,남성,105,103,149,9710045,0.9809523809523809
2025-11-30,다운/ 패딩,23,23,23,2694990,1.0
2025-11-30,여성,12,12,13,1198480,1.0
2025-11-30,자켓/ 베스트,7,7,7,308870,1.0
2025-11-30,부츠,2,2,2,270450,1.0
2025-11-30,셋업,4,4,4,172040,1.0
2025-11-30,등산화,1,1,1,127200,1.0
2025-11-30,맨투맨/후드티,2,2,2,114910,1.0
2025-11-30,긴바지,3,3,3,113840,1.0
2025-11-30,상의,2,2,2,111440,1.0
2025-11-30,라운드티,4,4,4,93170,1.0
2025-11-30,패딩/슬림다운,1,1,1,84340,1.0
2025-11-30,볼캡,1,1,1,21850,1.0
2025-11-30,UNKNOWN,1,1,1,7500,1.0
2025-12-01,남성,25,25,31,2117550,1.0
2025-12-01,여성,8,8,8,1396130,1.0
2025-12-01,셋업,5,5,5,279060,1.0
2025-12-01,자켓/ 베스트,2,2,2,147000,1.0
2025-12-01,패딩/슬림다운,1,1,1,89000,1.0
2025-12-01,긴바지,1,1,1,38190,1.0
2025-12-01,장갑,1,1,1,21500,1.0
2025-12-02,남성,24,23,54,3911310,0.9583333333333334
2025-12-02,여성,4,4,8,348750,1.0
2025-12-02,미드/롱다운,1,1,1,287000,1.0
2025-12-02,다운/ 패딩,1,1,1,159800,1.0
2025-12-02,상의,1,1,1,65000,1.0
2025-12-03,남성,40,40,71,4778250,1.0
2025-12-03,여성,9,9,11,1022990,1.0
2025-12-03,다운/ 패딩,1,1,1,159800,1.0
2025-12-03,바람막이,1,1,1,154800,1.0
2025-12-03,셋업,2,2,2,130000,1.0
2025-12-03,라운드티,2,2,2,88800,1.0
2025-12-03,부츠,1,1,1,74500,1.0
2025-12-03,맨투맨/후드티,1,1,1,58460,1.0
2025-12-03,크로스/토트백,1,1,1,35000,1.0
2025-12-03,장갑,1,1,1,28980,1.0
2025-12-03,긴바지,1,1,1,28420,1.0
2025-12-03,자켓/ 베스트,1,1,1,27540,1.0
2025-12-04,남성,65,64,133,16889060,0.9846153846153847
2025-12-04,여성,9,9,30,5745470,1.0
2025-12-04,셋업,2,2,3,325590,1.0
2025-12-04,볼캡,3,3,4,174150,1.0
2025-12-04,등산화,1,1,1,84920,1.0
2025-12-04,상의,1,1,1,59500,1.0
2025-12-04,맨투맨/후드티,1,1,1,54000,1.0
2025-12-04,자켓/ 베스트,1,1,1,48320,1.0
2025-12-04,긴바지,1,1,1,44800,1.0
2025-12-05,남성,54,52,81,5862060,0.9629629629629629
2025-12-05,여성,3,3,3,278690,1.0
2025-12-05,등산화,1,1,1,148840,1.0
2025-12-05,부츠,1,1,1,147340,1.0
2025-12-05,볼캡,3,3,3,117030,1.0
2025-12-05,장갑,1,1,1,56090,1.0
2025-12-05,자켓/ 베스트,1,1,1,39630,1.0
2025-12-05,긴바지,1,1,1,37000,1.0
2025-12-06,남성,30,29,38,3144460,0.9666666666666667
2025-12-06,여성,4,4,4,430940,1.0
2025-12-06,다운/ 패딩,1,1,1,159080,1.0
2025-12-06,셋업,2,2,2,144020,1.0
2025-12-06,등산화,1,1,1,132300,1.0
2025-12-06,부츠,1,1,1,123110,1.0
2025-12-06,긴바지,1,1,1,34990,1.0
2025-12-06,장갑,1,1,1,23820,1.0
2025-12-07,남성,31,30,44,4728680,0.967741935483871
2025-12-07,여성,9,8,11,906300,0.8888888888888888
2025-12-07,셋업,1,1,1,155700,1.0
2025-12-07,장갑,3,3,3,101020,1.0
2025-12-07,패딩/슬림다운,1,1,1,89000,1.0
2025-12-07,부츠,1,1,1,74500,1.0
2025-12-07,상의,1,1,1,58440,1.0
2025-12-07,맨투맨/후드티,1,1,1,34790,1.0
2025-12-08,남성,33,33,50,3689120,1.0
2025-12-08,여성,4,4,4,324580,1.0
2025-12-08,등산화,1,1,1,87300,1.0
2025-12-08,패딩/슬림다운,1,1,1,66000,1.0
2025-12-09,남성,35,35,51,3503560,1.0
2025-12-09,여성,4,4,6,839300,1.0
2025-12-09,셋업,2,2,2,209770,1.0
2025-12-09,부츠,1,1,1,148500,1.0
2025-12-09,등산화,1,1,1,99500,1.0
2025-12-09,패딩/슬림다운,1,1,1,87550,1.0
2025-12-09,라운드티,1,1,1,32850,1.0
2025-12-10,남성,22,22,36,2299040,1.0
2025-12-10,여성,3,3,4,502500,1.0
2025-12-10,셋업,1,1,2,270400,1.0
2025-12-10,긴바지,2,2,2,91490,1.0
2025-12-10,라운드티,1,1,1,35000,1.0
2025-12-10,장갑,1,1,1,23270,1.0
2025-12-11,남성,22,22,26,2478850,1.0
2025-12-11,여성,6,6,6,350220,1.0
2025-12-11,다운/ 패딩,1,1,1,156410,1.0
2025-12-11,등산화,1,1,1,151300,1.0
2025-12-11,바람막이,1,1,1,129500,1.0
2025-12-11,패딩/슬림다운,1,1,1,81000,1.0
2025-12-11,긴바지,1,1,1,47000,1.0
2025-12-11,맨투맨/후드티,1,1,1,46410,1.0
2025-12-11,라운드티,1,1,1,20510,1.0
2025-12-12,남성,58,53,84,12155570,0.9137931034482759
2025-12-12,여성,8,8,10,1696250,1.0
2025-12-12,볼캡,2,2,2,63000,1.0
2025-12-12,액세서리,1,1,1,22300,1.0
2025-12-13,남성,26,25,37,2671040,0.9615384615384616
2025-12-13,여성,4,4,6,433660,1.0
2025-12-13,등산화,2,2,2,190800,1.0
2025-12-13,볼캡,1,1,1,35060,1.0
2025-12-13,셋업,1,1,1,25100,1.0
2025-12-14,남성,36,36,45,3571580,1.0
2025-12-14,여성,5,5,6,1184860,1.0
2025-12-14,등산화,2,2,2,279280,1.0
2025-12-14,셋업,2,2,2,165330,1.0
2025-12-14,다운/ 패딩,1,1,1,160120,1.0
2025-12-14,라운드티,2,2,2,68710,1.0
2025-12-14,상의,1,1,1,65000,1.0
2025-12-14,장갑,1,1,1,27070,1.0
2025-12-14,맨투맨/후드티,1,1,1,24500,1.0
2025-12-15,남성,61,60,100,8152250,0.9836065573770492
2025-12-15,셋업,14,14,17,979140,1.0
2025-12-15,여성,6,6,8,851590,1.0
2025-12-15,맨투맨/후드티,10,10,11,511550,1.0
2025-12-15,긴바지,9,9,11,329970,1.0
2025-12-15,자켓/ 베스트,7,7,7,308500,1.0
2025-12-15,자켓/베스트,2,2,3,209340,1.0
2025-12-15,장갑,3,3,3,136920,1.0
2025-12-15,상의,3,3,3,123210,1.0
2025-12-15,UNKNOWN,1,1,1,31800,1.0
2025-12-15,볼캡,1,1,2,29920,1.0
2025-12-15,라운드티,1,1,1,27390,1.0
2025-12-16,남성,29,28,36,2890330,0.9655172413793104
2025-12-16,여성,12,12,12,1977130,1.0
2025-12-16,맨투맨/후드티,4,4,4,183780,1.0
2025-12-16,미드/롱다운,1,1,1,155030,1.0
2025-12-16,상의,2,2,2,93990,1.0
2025-12-16,등산화,1,1,1,74500,1.0
2025-12-16,볼캡,2,2,2,63320,1.0
2025-12-16,자켓/베스트,1,1,1,59850,1.0
2025-12-16,자켓/ 베스트,1,1,1,38000,1.0
2025-12-16,셋업,1,1,1,31000,1.0
2025-12-16,긴바지,1,1,1,30650,1.0
2025-12-17,남성,30,30,68,9891170,1.0
2025-12-17,미드/롱다운,2,2,3,539000,1.0
2025-12-17,여성,3,3,4,395070,1.0
2025-12-17,셋업,6,6,8,387420,1.0
2025-12-17,등산화,3,3,3,347320,1.0
2025-12-17,맨투맨/후드티,3,3,4,194580,1.0
2025-12-17,긴바지,3,3,4,184540,1.0
2025-12-17,볼캡,4,4,4,131440,1.0
2025-12-17,바람막이,1,1,1,124000,1.0
2025-12-17,장갑,1,1,1,50340,1.0
2025-12-17,자켓/ 베스트,1,1,1,39420,1.0
2025-12-17,UNKNOWN,1,1,1,39180,1.0
2025-12-17,라운드티,1,1,1,35000,1.0
2025-12-18,남성,24,24,31,1969240,1.0
2025-12-18,여성,6,6,9,701880,1.0
2025-12-18,자켓/베스트,2,1,6,502000,0.5
2025-12-18,자켓/ 베스트,7,7,8,305870,1.0
2025-12-18,미드/롱다운,1,1,1,161220,1.0
2025-12-18,맨투맨/후드티,3,3,3,144580,1.0
2025-12-18,셋업,2,2,2,133540,1.0
2025-12-18,바람막이,1,1,1,129000,1.0
2025-12-18,라운드티,3,3,3,80960,1.0
2025-12-18,볼캡,3,3,3,77650,1.0
2025-12-18,폴로티/집업,1,1,1,59000,1.0
2025-12-18,장갑,1,1,1,42010,1.0
2025-12-18,긴바지,1,1,1,25000,1.0
2025-12-19,남성,28,27,36,3866110,0.9642857142857143
2025-12-19,여성,4,4,5,938790,1.0
2025-12-19,다운/ 패딩,2,2,2,330720,1.0
2025-12-19,셋업,3,3,3,138260,1.0
2025-12-19,맨투맨/후드티,1,1,2,98000,1.0
2025-12-19,자켓/ 베스트,2,2,2,67330,1.0
2025-12-19,셔츠,1,1,1,34500,1.0
2025-12-19,볼캡,1,1,1,27920,1.0
2025-12-20,남성,17,17,23,1466050,1.0
2025-12-20,다운/ 패딩,1,1,1,165790,1.0
2025-12-20,미드/롱다운,1,1,1,162660,1.0
2025-12-20,긴바지,3,3,3,148130,1.0
2025-12-20,맨투맨/후드티,2,2,3,146540,1.0
2025-12-20,자켓/ 베스트,3,3,3,118180,1.0
2025-12-20,여성,1,1,1,89000,1.0
2025-12-20,바람막이,1,1,1,86570,1.0
2025-12-20,자켓/베스트,1,1,1,57000,1.0
2025-12-21,남성,38,38,57,3600600,1.0
2025-12-21,여성,6,6,6,984980,1.0
2025-12-21,부츠,2,1,2,228400,0.5
2025-12-21,다운/ 패딩,1,1,1,158000,1.0
2025-12-21,자켓/ 베스트,3,3,3,140080,1.0
2025-12-21,셋업,1,1,1,72310,1.0
2025-12-21,볼캡,2,2,2,61200,1.0
2025-12-21,자켓/베스트,1,1,1,59000,1.0
2025-12-21,맨투맨/후드티,1,1,1,49000,1.0
2025-12-22,남성,31,30,58,4580710,0.967741935483871
2025-12-22,여성,6,6,8,674630,1.0
2025-12-22,자켓/ 베스트,3,3,3,187750,1.0
2025-12-22,바람막이,1,1,2,180600,1.0
2025-12-22,맨투맨/후드티,2,2,2,89430,1.0
2025-12-22,셋업,1,1,1,71550,1.0
2025-12-22,셔츠,1,1,1,60970,1.0
2025-12-22,긴바지,1,1,1,20770,1.0
2025-12-23,남성,42,40,58,3201100,0.9523809523809523
2025-12-23,여성,12,12,13,725500,1.0
2025-12-23,다운/ 패딩,2,2,2,330800,1.0
2025-12-23,셋업,6,6,7,318910,1.0
2025-12-23,미드/롱다운,1,1,1,210700,1.0
2025-12-23,자켓/ 베스트,3,3,3,181390,1.0
2025-12-23,부츠,1,1,1,83000,1.0
2025-12-23,자켓/베스트,1,1,1,82490,1.0
2025-12-23,맨투맨/후드티,1,1,1,49000,1.0
2025-12-23,버킷/부니,1,1,1,37570,1.0
2025-12-23,볼캡,1,1,1,35260,1.0
2025-12-24,남성,26,25,57,12300890,0.9615384615384616
2025-12-24,여성,5,5,7,671950,1.0
2025-12-24,미드/롱다운,1,1,1,215000,1.0
2025-12-24,라운드티,2,2,3,102680,1.0
2025-12-24,긴바지,1,1,1,82610,1.0
2025-12-24,볼캡,2,2,2,62630,1.0
2025-12-24,상의,1,1,1,47000,1.0
2025-12-24,맨투맨/후드티,1,1,1,44430,1.0
2025-12-24,자켓/ 베스트,1,1,1,32480,1.0
2025-12-24,장갑,1,1,1,25670,1.0
2025-12-25,남성,25,25,32,1822690,1.0
2025-12-25,여성,7,7,8,567350,1.0
2025-12-25,상의,3,3,4,188580,1.0
2025-12-25,등산화,1,1,1,127200,1.0
2025-12-25,맨투맨/후드티,2,2,2,63500,1.0
2025-12-25,UNKNOWN,2,2,2,41380,1.0
2025-12-25,볼캡,1,1,1,35300,1.0
2025-12-25,자켓/ 베스트,1,1,1,30000,1.0
2025-12-26,남성,43,43,67,4097910,1.0
2025-12-26,여성,9,9,12,1336060,1.0
2025-12-26,셋업,4,4,4,358680,1.0
2025-12-26,볼캡,3,3,5,169720,1.0
2025-12-26,다운/ 패딩,1,1,1,154710,1.0
2025-12-26,맨투맨/후드티,3,3,3,135420,1.0
2025-12-26,자켓/ 베스트,2,2,2,109100,1.0
2025-12-26,등산화,1,1,1,99500,1.0
2025-12-26,상의,2,2,2,88280,1.0
2025-12-26,자켓/베스트,1,1,1,80690,1.0
2025-12-26,긴바지,1,1,1,33770,1.0
2025-12-26,장갑,1,1,1,27420,1.0
2025-12-27,남성,32,32,42,2971250,1.0
2025-12-27,자켓/ 베스트,5,5,5,327500,1.0
2025-12-27,여성,2,2,2,236280,1.0
2025-12-27,셋업,1,1,1,90990,1.0
2025-12-27,긴바지,2,2,2,74000,1.0
2025-12-27,상의,1,1,1,43800,1.0
2025-12-27,장갑,1,1,1,27850,1.0
2025-12-28,남성,32,32,46,2939350,1.0
2025-12-28,여성,5,5,5,536940,1.0
2025-12-28,다운/ 패딩,1,1,1,167000,1.0
2025-12-28,상의,1,1,1,44910,1.0
2025-12-28,긴바지,1,1,1,37000,1.0
2025-12-29,남성,26,25,32,2237610,0.9615384615384616
2025-12-29,여성,6,6,8,663050,1.0
2025-12-29,다운/ 패딩,3,3,3,454160,1.0
2025-12-29,셋업,1,1,1,130820,1.0
2025-12-29,라운드티,1,1,1,18920,1.0
2025-12-30,남성,25,24,33,2830030,0.96
2025-12-30,여성,6,6,6,837890,1.0
2025-12-30,다운/ 패딩,1,1,1,167000,1.0
2025-12-30,셋업,1,1,1,99500,1.0
2025-12-30,등산화,1,1,1,91850,1.0
2025-12-30,라운드티,1,1,1,35000,1.0
2025-12-31,남성,46,45,65,4774310,0.9782608695652174
2025-12-31,여성,8,8,9,878840,1.0
2025-12-31,바람막이,10,1,10,645000,0.1
2025-12-31,인터체인지 (3 in 1),1,1,1,393710,1.0
2025-12-31,등산화,1,1,1,122040,1.0
2025-12-31,맨투맨/후드티,2,2,2,114230,1.0
2025-12-31,셋업,1,1,1,84230,1.0
2025-12-31,셔츠,1,1,1,79780,1.0
2025-12-31,상의,1,1,1,53000,1.0
2026-01-01,남성,25,25,30,2273470,1.0
2026-01-01,여성,6,6,6,366860,1.0
2026-01-01,다운/ 패딩,1,1,1,167000,1.0
2026-01-01,자켓/ 베스트,1,1,1,106240,1.0
2026-01-01,자켓/베스트,1,1,1,101000,1.0
2026-01-01,상의,1,1,1,64190,1.0
2026-01-01,볼캡,1,1,1,43050,1.0
2026-01-02,남성,26,26,33,3981010,1.0
2026-01-02,여성,6,6,6,846380,1.0
2026-01-02,맨투맨/후드티,1,1,1,49000,1.0
2026-01-03,남성,19,19,28,1473220,1.0
2026-01-03,셋업,2,2,2,198690,1.0
2026-01-03,여성,3,3,3,190370,1.0
2026-01-03,자켓/ 베스트,1,1,1,111000,1.0
2026-01-04,남성,21,20,25,1650260,0.9523809523809523
2026-01-04,여성,6,5,7,530200,0.8333333333333334
2026-01-04,셋업,1,1,3,324970,1.0
2026-01-04,자켓/ 베스트,2,2,2,155680,1.0
2026-01-05,남성,20,20,30,2685250,1.0
2026-01-05,여성,2,2,2,106930,1.0
2026-01-05,자켓/ 베스트,1,1,1,71000,1.0
2026-01-05,장갑,1,1,1,25940,1.0
2026-01-06,남성,22,22,26,1886540,1.0
2026-01-06,여성,10,10,12,1564140,1.0
2026-01-06,셋업,2,2,2,258710,1.0
2026-01-06,맨투맨/후드티,2,2,2,88920,1.0
2026-01-06,상의,1,1,1,65000,1.0
2026-01-06,액세서리,2,2,4,24940,1.0
2026-01-06,UNKNOWN,1,1,1,11810,1.0
2026-01-07,남성,20,20,26,1679210,1.0
2026-01-07,여성,3,3,7,461900,1.0
2026-01-07,맨투맨/후드티,2,2,2,112310,1.0
2026-01-07,등산화,1,1,1,97140,1.0
2026-01-07,셋업,1,1,1,89000,1.0
2026-01-07,자켓/ 베스트,1,1,1,38390,1.0
2026-01-07,액세서리,1,1,1,8620,1.0
2026-01-08,남성,31,26,38,3174470,0.8387096774193549
2026-01-08,여성,3,3,3,201500,1.0
2026-01-08,셋업,2,2,2,80000,1.0
2026-01-08,액세서리,2,2,5,34930,1.0
2026-01-08,장갑,1,1,1,25720,1.0
2026-01-09,남성,39,39,65,4338430,1.0
2026-01-09,여성,10,10,11,1063220,1.0
2026-01-09,긴바지,2,2,2,129200,1.0
2026-01-09,셔츠,1,1,1,48990,1.0
2026-01-09,셋업,1,1,1,39310,1.0
2026-01-09,액세서리,3,3,4,33990,1.0
2026-01-09,라운드티,1,1,1,26320,1.0
2026-01-10,남성,16,16,21,1469580,1.0
2026-01-10,여성,3,3,3,288160,1.0
2026-01-10,자켓/ 베스트,1,1,1,97000,1.0
2026-01-10,볼캡,1,1,1,35850,1.0
2026-01-10,액세서리,2,2,4,35000,1.0
2026-01-11,남성,23,23,28,1730450,1.0
2026-01-11,여성,3,3,3,966510,1.0
2026-01-11,맨투맨/후드티,2,2,2,114290,1.0
2026-01-11,패딩/슬림다운,1,1,1,79320,1.0
2026-01-11,액세서리,1,1,1,6720,1.0
2026-01-12,남성,24,23,25,2439500,0.9583333333333334
2026-01-12,여성,4,4,4,247760,1.0
2026-01-12,등산화,1,1,1,134500,1.0
2026-01-12,자켓/베스트,1,1,1,49050,1.0
2026-01-12,액세서리,2,2,4,36000,1.0
2026-01-13,남성,10,10,15,1014500,1.0
2026-01-13,셋업,2,2,3,275470,1.0
2026-01-13,등산화,1,1,1,122100,1.0
2026-01-13,여성,1,1,1,28400,1.0
2026-01-13,액세서리,1,1,1,8250,1.0
2026-01-14,남성,23,22,31,2172750,0.9565217391304348
2026-01-14,여성,3,3,5,498000,1.0
2026-01-14,등산화,2,2,2,228870,1.0
2026-01-14,자켓/ 베스트,1,1,1,49890,1.0
2026-01-14,장갑,1,1,1,49000,1.0
2026-01-14,버킷/부니,1,1,1,32200,1.0
2026-01-15,남성,18,17,20,1310870,0.9444444444444444
2026-01-15,여성,4,4,5,317620,1.0
2026-01-15,셋업,1,1,1,109580,1.0
2026-01-15,상의,1,1,1,59850,1.0
2026-01-15,액세서리,1,1,1,8430,1.0
2026-01-16,남성,8,8,8,524480,1.0
2026-01-16,부츠,1,1,1,100940,1.0
2026-01-16,패딩/슬림다운,1,1,1,86090,1.0
2026-01-16,여성,1,1,1,80200,1.0
2026-01-16,액세서리,1,1,4,30570,1.0
2026-01-17,여성,6,6,8,1089250,1.0
2026-01-17,남성,10,10,10,626820,1.0
2026-01-17,부츠,1,1,1,111300,1.0
2026-01-17,셋업,1,1,1,89000,1.0
2026-01-17,액세서리,4,4,9,75260,1.0
2026-01-18,남성,13,13,20,1503270,1.0
2026-01-18,여성,3,3,3,282920,1.0
2026-01-18,셋업,1,1,1,111650,1.0
2026-01-18,액세서리,1,1,3,19330,1.0
2026-01-19,남성,20,20,31,2164170,1.0
2026-01-19,여성,7,7,9,1196630,1.0
2026-01-19,셋업,2,2,2,171360,1.0
2026-01-19,맨투맨/후드티,1,1,1,42690,1.0
2026-01-19,라운드티,1,1,1,29550,1.0
2026-01-19,액세서리,1,1,3,26560,1.0
2026-01-19,버킷/부니,1,1,1,24010,1.0
2026-01-20,남성,25,25,28,2961440,1.0
2026-01-20,여성,4,4,4,374830,1.0
2026-01-20,셋업,1,1,1,107510,1.0
2026-01-20,UNKNOWN,1,1,1,39360,1.0
2026-01-21,남성,16,16,30,2060310,1.0
2026-01-21,여성,5,5,8,505210,1.0
2026-01-21,다운/ 패딩,1,1,1,163120,1.0
2026-01-21,등산화,1,1,1,137270,1.0
2026-01-21,맨투맨/후드티,1,1,1,41350,1.0
2026-01-21,액세서리,1,1,1,9000,1.0
2026-01-22,남성,37,36,44,3623110,0.972972972972973
2026-01-22,여성,2,2,2,234070,1.0
2026-01-22,긴바지,2,2,2,149820,1.0
2026-01-22,맨투맨/후드티,1,1,1,59000,1.0
2026-01-22,액세서리,3,3,3,26310,1.0
2026-01-23,남성,13,13,16,1372180,1.0
2026-01-23,여성,5,5,5,585920,1.0
2026-01-23,등산화,2,2,2,208910,1.0
2026-01-23,액세서리,2,2,5,36960,1.0
2026-01-24,남성,21,20,27,2084040,0.9523809523809523
2026-01-24,여성,4,4,5,1290440,1.0
2026-01-24,셋업,1,1,1,144670,1.0
2026-01-24,셔츠,1,1,1,78830,1.0
2026-01-24,액세서리,2,2,6,54000,1.0
2026-01-24,자켓/베스트,1,1,1,51600,1.0
2026-01-24,자켓/ 베스트,1,1,1,39930,1.0
2026-01-25,남성,21,18,36,2205110,0.8571428571428571
2026-01-25,여성,3,3,3,431190,1.0
2026-01-25,등산화,1,1,1,130300,1.0
2026-01-25,맨투맨/후드티,1,1,1,49500,1.0
2026-01-25,액세서리,2,2,5,41660,1.0
2026-01-26,남성,18,18,22,1966350,1.0
2026-01-26,여성,7,7,9,1581700,1.0
2026-01-26,등산화,2,2,2,246990,1.0
2026-01-26,자켓/ 베스트,1,1,1,46640,1.0
2026-01-26,셋업,1,1,1,41000,1.0
2026-01-26,액세서리,2,2,2,14670,1.0
2026-01-27,남성,18,18,22,1782170,1.0
2026-01-27,여성,4,4,5,690010,1.0
2026-01-27,다운/ 패딩,1,1,1,167000,1.0
2026-01-27,맨투맨/후드티,1,1,1,45360,1.0
2026-01-27,라운드티,1,1,1,22530,1.0
2026-01-27,액세서리,1,1,2,12230,1.0
2026-01-28,남성,20,20,33,1628760,1.0
2026-01-28,여성,3,3,4,356710,1.0
2026-01-28,자켓/ 베스트,1,1,1,94500,1.0
2026-01-28,셋업,1,1,1,87090,1.0
2026-01-28,라운드티,1,1,1,24980,1.0
2026-01-28,액세서리,1,1,1,7370,1.0
2026-01-29,남성,15,15,29,1815280,1.0
2026-01-29,여성,3,3,6,471000,1.0
2026-01-29,등산화,2,2,2,207800,1.0
2026-01-29,장갑,1,1,1,59000,1.0
2026-01-29,상의,1,1,1,54500,1.0
2026-01-29,라운드티,1,1,1,22910,1.0
2026-01-29,액세서리,2,2,2,17630,1.0
2026-01-30,남성,53,52,67,3970870,0.9811320754716981
2026-01-30,여성,7,7,9,709030,1.0
2026-01-30,다운/ 패딩,4,4,4,376770,1.0
2026-01-30,미드/롱다운,1,1,1,325000,1.0
2026-01-30,등산화,2,2,2,207930,1.0
2026-01-30,긴바지,4,4,5,170200,1.0
2026-01-30,맨투맨/후드티,3,3,3,154350,1.0
2026-01-30,패딩/슬림다운,2,2,2,118900,1.0
2026-01-30,라운드티,3,3,3,47500,1.0
2026-01-30,액세서리,5,5,10,45620,1.0
2026-01-30,볼캡,1,1,1,25000,1.0
2026-01-30,자켓/ 베스트,2,2,2,19578,1.0
2026-01-30,장갑,1,1,1,14660,1.0
2026-01-31,남성,52,51,75,4794540,0.9807692307692307
2026-01-31,여성,5,5,7,838890,1.0
2026-01-31,등산화,3,3,3,335290,1.0
2026-01-31,셔츠,2,2,2,146670,1.0
2026-01-31,패딩/슬림다운,2,2,2,119750,1.0
2026-01-31,셋업,1,1,1,113000,1.0
2026-01-31,다운/ 패딩,1,1,1,106280,1.0
2026-01-31,자켓/ 베스트,6,6,6,96944,1.0
2026-01-31,맨투맨/후드티,2,2,2,92540,1.0
2026-01-31,긴바지,1,1,2,87380,1.0
2026-01-31,액세서리,7,7,10,61730,1.0
2026-01-31,장갑,1,1,1,27060,1.0
2026-01-31,라운드티,1,1,1,17500,1.0
2026-01-31,UNKNOWN,1,1,1,7990,1.0
2026-02-01,남성,53,53,65,3428450,1.0
2026-02-01,다운/ 패딩,2,2,2,188440,1.0
2026-02-01,자켓/베스트,1,1,1,157250,1.0
2026-02-01,여성,5,5,5,155950,1.0
2026-02-01,자켓/ 베스트,4,4,4,87096,1.0
2026-02-01,액세서리,9,9,10,66010,1.0
2026-02-01,장갑,1,1,2,30610,1.0
2026-02-01,긴바지,1,1,1,27000,1.0
2026-02-01,라운드티,1,1,1,17940,1.0
2026-02-02,남성,34,34,41,2399260,1.0
2026-02-02,여성,6,6,6,636550,1.0
2026-02-02,등산화,2,2,2,238550,1.0
2026-02-02,자켓/ 베스트,4,4,4,105757,1.0
2026-02-02,긴바지,1,1,1,57210,1.0
2026-02-02,장갑,1,1,1,14500,1.0
2026-02-02,액세서리,1,1,1,4500,1.0
2026-02-03,남성,28,26,36,2009310,0.9285714285714286
2026-02-03,여성,8,8,12,1180790,1.0
2026-02-03,셋업,1,1,1,77760,1.0
2026-02-03,자켓/ 베스트,2,2,2,58648,1.0
2026-02-03,자켓/베스트,1,1,1,29500,1.0
2026-02-04,남성,30,30,37,3118100,1.0
2026-02-04,여성,3,3,3,396100,1.0
2026-02-04,다운/ 패딩,2,2,2,176610,1.0
2026-02-04,액세서리,6,6,8,50440,1.0
2026-02-04,라운드티,1,1,1,22180,1.0
2026-02-04,자켓/ 베스트,1,1,1,19749,1.0
2026-02-04,볼캡,1,1,1,15810,1.0
2026-02-05,남성,34,33,45,3186000,0.9705882352941176
2026-02-05,다운/ 패딩,3,3,3,303550,1.0
2026-02-05,여성,4,4,4,264280,1.0
2026-02-05,패딩/슬림다운,1,1,1,85130,1.0
2026-02-05,셔츠,1,1,1,66930,1.0
2026-02-05,긴바지,2,2,2,38080,1.0
2026-02-05,액세서리,3,3,7,36690,1.0
2026-02-05,맨투맨/후드티,1,1,1,33270,1.0
2026-02-05,상의,1,1,1,31560,1.0
2026-02-05,UNKNOWN,1,1,2,10000,1.0
2026-02-06,남성,54,54,67,2899367,1.0
2026-02-06,여성,9,9,9,754609,1.0
2026-02-06,자켓/ 베스트,4,4,4,263738,1.0
2026-02-06,등산화,1,1,1,180910,1.0
2026-02-06,바람막이,1,1,1,108620,1.0
2026-02-06,라운드티,2,2,3,74700,1.0
2026-02-06,볼캡,4,4,4,49850,1.0
2026-02-06,맨투맨/후드티,1,1,1,49500,1.0
2026-02-06,패딩/슬림다운,1,1,1,42250,1.0
2026-02-06,셔츠,1,1,1,41230,1.0
2026-02-06,상의,1,1,1,21800,1.0
2026-02-06,액세서리,4,4,6,19890,1.0
2026-02-06,버킷/부니,1,1,1,13000,1.0
2026-02-06,UNKNOWN,1,1,1,5040,1.0
2026-02-07,남성,18,18,31,2220600,1.0
2026-02-07,여성,6,6,14,1220740,1.0
2026-02-07,긴바지,1,1,3,238800,1.0
2026-02-07,셋업,1,1,2,204000,1.0
2026-02-07,등산화,1,1,1,79500,1.0
2026-02-07,자켓/베스트,1,1,1,70140,1.0
2026-02-07,장갑,1,1,1,52980,1.0
2026-02-08,남성,25,25,28,1633830,1.0
2026-02-08,여성,5,5,5,165880,1.0
2026-02-08,셋업,1,1,1,74500,1.0
2026-02-08,긴바지,1,1,1,55600,1.0
2026-02-08,라운드티,1,1,1,19310,1.0
2026-02-08,자켓/ 베스트,1,1,1,15579,1.0
2026-02-08,볼캡,1,1,1,11880,1.0
2026-02-08,UNKNOWN,1,1,1,5040,1.0
2026-02-09,남성,27,26,39,2121990,0.9629629629629629
2026-02-09,여성,3,3,3,277720,1.0
2026-02-09,셋업,3,3,3,212220,1.0
2026-02-09,패딩/슬림다운,1,1,2,117420,1.0
2026-02-09,라운드티,2,2,2,43070,1.0
2026-02-09,긴바지,1,1,1,33260,1.0
2026-02-09,맨투맨/후드티,1,1,1,24750,1.0
2026-02-10,남성,32,32,36,2865320,1.0
2026-02-10,여성,6,6,7,861840,1.0
2026-02-10,등산화,2,2,2,226130,1.0
2026-02-10,라운드티,3,3,4,69600,1.0
2026-02-10,맨투맨/후드티,1,1,1,49500,1.0
2026-02-10,자켓/ 베스트,1,1,1,26089,1.0
2026-02-10,긴바지,1,1,1,25410,1.0
2026-02-10,액세서리,2,2,3,10920,1.0
2026-02-10,볼캡,1,1,1,10880,1.0
2026-02-11,남성,29,29,39,2255590,1.0
2026-02-11,여성,5,5,7,655865,1.0
2026-02-11,셋업,3,3,3,301220,1.0
2026-02-11,미드/롱다운,1,1,1,239500,1.0
2026-02-11,다운/ 패딩,2,2,2,144110,1.0
2026-02-11,자켓/ 베스트,3,3,4,100086,1.0
2026-02-11,등산화,1,1,1,99500,1.0
2026-02-11,액세서리,4,4,14,45830,1.0
2026-02-11,맨투맨/후드티,1,1,1,40380,1.0
2026-02-12,남성,61,61,75,3823490,1.0
2026-02-12,여성,8,8,9,1302390,1.0
2026-02-12,등산화,3,3,3,271120,1.0
2026-02-12,다운/ 패딩,2,2,2,195300,1.0
2026-02-12,패딩/슬림다운,3,3,3,146250,1.0
2026-02-12,셔츠,2,2,2,116670,1.0
2026-02-12,긴바지,4,4,4,111490,1.0
2026-02-12,자켓/ 베스트,5,5,5,92985,1.0
2026-02-12,장갑,2,2,2,73320,1.0
2026-02-12,액세서리,7,7,16,64040,1.0
2026-02-12,자켓/베스트,1,1,1,60520,1.0
2026-02-12,라운드티,3,3,3,53070,1.0
2026-02-12,상의,1,1,1,39620,1.0
2026-02-12,볼캡,2,2,2,18570,1.0
2026-02-13,남성,32,32,38,2281760,1.0
2026-02-13,여성,5,5,5,297880,1.0
2026-02-13,셋업,2,2,2,87770,1.0
2026-02-13,등산화,1,1,1,72320,1.0
2026-02-13,자켓/ 베스트,2,2,2,70649,1.0
2026-02-13,액세서리,1,1,4,23950,1.0
2026-02-13,볼캡,1,1,1,16880,1.0
2026-02-14,남성,144,144,184,8127016,1.0
2026-02-14,여성,22,22,25,1479200,1.0
2026-02-14,맨투맨/후드티,10,10,10,303990,1.0
2026-02-14,패딩/슬림다운,2,2,2,240090,1.0
2026-02-14,셋업,3,3,3,200480,1.0
2026-02-14,셔츠,4,4,4,169820,1.0
2026-02-14,자켓/ 베스트,6,6,6,167955,1.0
2026-02-14,액세서리,20,20,32,104440,1.0
2026-02-14,라운드티,5,5,5,101310,1.0
2026-02-14,등산화,1,1,1,97520,1.0
2026-02-14,부츠,1,1,1,82300,1.0
2026-02-14,자켓/베스트,1,1,1,64500,1.0
2026-02-14,볼캡,4,4,4,57800,1.0
2026-02-14,상의,2,2,2,44340,1.0
2026-02-14,긴바지,2,2,2,34060,1.0
2026-02-14,UNKNOWN,2,2,2,33940,1.0
2026-02-14,장갑,1,1,1,14500,1.0
2026-02-15,남성,51,50,58,2717380,0.9803921568627451
2026-02-15,여성,9,9,10,657300,1.0
2026-02-15,바람막이,2,2,2,219800,1.0
2026-02-15,등산화,1,1,1,134500,1.0
2026-02-15,상의,2,2,3,87800,1.0
2026-02-15,액세서리,9,9,21,80890,1.0
2026-02-15,셋업,1,1,1,68520,1.0
2026-02-15,자켓/ 베스트,4,4,4,65886,1.0
2026-02-15,자켓/베스트,1,1,1,60860,1.0
2026-02-15,셔츠,1,1,1,54520,1.0
2026-02-15,맨투맨/후드티,1,1,1,27500,1.0
2026-02-15,장갑,1,1,1,14500,1.0
2026-02-16,남성,53,53,59,2809120,1.0
2026-02-16,여성,11,11,14,810800,1.0
2026-02-16,등산화,2,2,2,272370,1.0
2026-02-16,셋업,3,3,3,250540,1.0
2026-02-16,자켓/베스트,2,2,2,128180,1.0
2026-02-16,맨투맨/후드티,3,3,3,87540,1.0
2026-02-16,액세서리,3,3,6,18000,1.0
2026-02-16,자켓/ 베스트,1,1,1,15579,1.0
2026-02-16,라운드티,1,1,1,15280,1.0
2026-02-16,볼캡,1,1,1,7940,1.0
2026-02-17,남성,136,135,183,5143780,0.9926470588235294
2026-02-17,여성,20,20,22,1343290,1.0
2026-02-17,자켓/ 베스트,12,12,13,196267,1.0
2026-02-17,바람막이,2,2,2,196050,1.0
2026-02-17,맨투맨/후드티,7,7,7,187680,1.0
2026-02-17,셋업,2,2,2,137960,1.0
2026-02-17,등산화,1,1,1,126340,1.0
2026-02-17,긴바지,4,4,4,114910,1.0
2026-02-17,라운드티,4,4,6,102030,1.0
2026-02-17,볼캡,3,3,4,81300,1.0
2026-02-17,UNKNOWN,3,3,6,67500,1.0
2026-02-17,액세서리,9,9,15,46380,1.0
2026-02-17,상의,2,2,2,45400,1.0
2026-02-17,셔츠,1,1,1,40550,1.0
2026-02-17,장갑,1,1,1,35100,1.0
2026-02-17,부츠,1,1,1,34750,1.0
2026-02-18,남성,80,80,106,4032930,1.0
2026-02-18,여성,11,11,12,753740,1.0
2026-02-18,등산화,5,5,5,521550,1.0
2026-02-18,맨투맨/후드티,4,4,4,111250,1.0
2026-02-18,자켓/베스트,2,2,2,92600,1.0
2026-02-18,라운드티,4,4,4,70780,1.0
2026-02-18,자켓/ 베스트,4,4,4,56316,1.0
2026-02-18,셔츠,1,1,1,55530,1.0
2026-02-18,패딩/슬림다운,1,1,1,47050,1.0
2026-02-18,버킷/부니,2,2,3,40750,1.0
2026-02-18,상의,1,1,1,23600,1.0
2026-02-18,볼캡,2,2,2,16480,1.0
2026-02-18,긴바지,1,1,1,13830,1.0
2026-02-19,남성,79,79,118,4319150,1.0
2026-02-19,여성,8,8,14,848490,1.0
2026-02-19,셔츠,2,2,3,142900,1.0
2026-02-19,맨투맨/후드티,4,4,4,142390,1.0
2026-02-19,긴바지,2,2,3,73870,1.0
2026-02-19,자켓/베스트,1,1,1,71890,1.0
2026-02-19,등산화,1,1,1,66000,1.0
2026-02-19,자켓/ 베스트,3,3,3,52397,1.0
2026-02-19,장갑,1,1,1,39000,1.0
2026-02-19,라운드티,1,1,1,27730,1.0
2026-02-19,볼캡,1,1,1,7800,1.0
2026-02-20,남성,48,47,64,3608060,0.9791666666666666
2026-02-20,여성,5,5,6,550210,1.0
2026-02-20,셋업,1,1,2,183440,1.0
2026-02-20,자켓/ 베스트,2,2,2,97119,1.0
2026-02-20,등산화,1,1,1,74000,1.0
2026-02-20,라운드티,2,2,2,42970,1.0
2026-02-20,맨투맨/후드티,1,1,1,24750,1.0
2026-02-20,상의,1,1,1,23600,1.0
2026-02-20,긴바지,1,1,1,13830,1.0
2026-02-20,볼캡,1,1,1,7800,1.0
2026-02-21,남성,45,44,60,3468530,0.9777777777777777
2026-02-21,여성,4,4,4,312300,1.0
2026-02-21,등산화,2,2,2,189000,1.0
2026-02-21,맨투맨/후드티,6,6,6,175030,1.0
2026-02-21,자켓/ 베스트,4,4,4,92687,1.0
2026-02-21,긴바지,2,2,2,77210,1.0
2026-02-21,셔츠,1,1,1,42940,1.0
2026-02-22,남성,410,409,525,20933360,0.9975609756097561
2026-02-22,여성,57,57,63,4168410,1.0
2026-02-22,맨투맨/후드티,20,20,20,560200,1.0
2026-02-22,자켓/베스트,5,5,5,482850,1.0
2026-02-22,등산화,5,5,5,472010,1.0
2026-02-22,자켓/ 베스트,20,20,21,441041,1.0
2026-02-22,라운드티,15,15,18,353030,1.0
2026-02-22,인터체인지 (3 in 1),1,1,1,309500,1.0
2026-02-22,셋업,4,4,5,284900,1.0
2026-02-22,긴바지,10,10,10,282950,1.0
2026-02-22,바람막이,1,1,1,107550,1.0
2026-02-22,액세서리,21,21,32,103770,1.0
2026-02-22,셔츠,2,2,2,83970,1.0
2026-02-22,패딩/슬림다운,1,1,1,38590,1.0
2026-02-22,상의,1,1,1,33580,1.0
2026-02-22,UNKNOWN,4,4,6,32130,1.0
2026-02-22,볼캡,3,3,3,26560,1.0
2026-02-22,버킷/부니,1,1,1,13000,1.0
2026-02-23,남성,23,23,32,2764520,1.0
2026-02-23,여성,6,6,9,923240,1.0
2026-02-23,셋업,1,1,2,208800,1.0
2026-02-23,부츠,1,1,1,79500,1.0
2026-02-23,자켓/ 베스트,1,1,1,62650,1.0
2026-02-24,남성,11,11,19,1153720,1.0
2026-02-24,여성,4,4,7,446750,1.0
2026-02-24,패딩/슬림다운,1,1,2,134100,1.0
2026-02-24,셋업,1,1,1,80720,1.0
2026-02-24,자켓/ 베스트,1,1,1,30909,1.0
2026-02-24,액세서리,1,1,1,5730,1.0
2026-02-25,남성,14,14,16,1715140,1.0
2026-02-25,여성,3,3,3,356100,1.0
2026-02-25,자켓/베스트,2,2,2,209000,1.0
2026-02-25,패딩/슬림다운,1,1,1,67050,1.0
2026-02-25,라운드티,1,1,1,17540,1.0
2026-02-26,남성,19,19,30,2320280,1.0
2026-02-26,등산화,1,1,1,125200,1.0
2026-02-26,여성,1,1,1,87000,1.0
2026-02-26,바람막이,1,1,1,67000,1.0
2026-02-26,긴바지,2,2,2,50140,1.0
2026-02-26,자켓/ 베스트,1,1,1,21149,1.0
2026-02-26,라운드티,1,1,1,18270,1.0
2026-02-27,남성,19,19,20,1815960,1.0
2026-02-27,여성,4,4,5,440336,1.0
2026-02-27,바람막이,2,2,2,175250,1.0
2026-02-27,자켓/베스트,1,1,1,134500,1.0
2026-02-27,셋업,1,1,1,83000,1.0
2026-02-27,셔츠,1,1,1,54850,1.0
2026-02-28,남성,27,26,34,2779190,0.9629629629629629
2026-02-28,여성,7,7,7,1164820,1.0
2026-02-28,자켓/ 베스트,1,1,1,30389,1.0
2026-02-28,라운드티,1,1,1,20290,1.0
2026-02-28,UNKNOWN,1,1,2,18150,1.0
2026-02-28,액세서리,1,1,1,5050,1.0
2026-03-01,남성,10,10,14,1477650,1.0
2026-03-01,여성,4,3,4,636760,0.75
2026-03-01,맨투맨/후드티,2,2,2,92530,1.0
2026-03-02,남성,11,11,13,1629340,1.0
2026-03-02,등산화,3,3,3,302870,1.0
2026-03-02,셋업,1,1,1,83000,1.0
2026-03-02,라운드티,1,1,2,59000,1.0
2026-03-02,UNKNOWN,1,1,1,38880,1.0
2026-03-02,자켓/ 베스트,1,1,1,31150,1.0
2026-03-03,남성,14,14,18,1922980,1.0
2026-03-03,등산화,1,1,1,94500,1.0
2026-03-03,긴바지,1,1,1,79600,1.0
2026-03-03,여성,1,1,2,43450,1.0
2026-03-04,남성,26,25,49,3061700,0.9615384615384616
2026-03-04,여성,10,10,10,804480,1.0
2026-03-04,인터체인지 (3 in 1),1,1,1,329500,1.0
2026-03-04,등산화,1,1,1,133990,1.0
2026-03-04,바람막이,1,1,1,110670,1.0
2026-03-04,UNKNOWN,1,1,8,75180,1.0
2026-03-04,긴바지,1,1,1,71320,1.0
2026-03-04,라운드티,1,1,1,27500,1.0
2026-03-05,남성,16,16,25,2345840,1.0
2026-03-05,여성,2,2,3,298170,1.0
2026-03-05,등산화,1,1,1,72220,1.0
2026-03-05,맨투맨/후드티,1,1,1,36500,1.0
2026-03-06,남성,12,12,22,1257320,1.0
2026-03-06,여성,8,8,11,736420,1.0
2026-03-06,인터체인지 (3 in 1),1,1,1,320440,1.0
2026-03-06,셋업,2,2,2,195080,1.0
2026-03-06,긴바지,3,3,3,79750,1.0
2026-03-07,남성,11,11,13,1213950,1.0
2026-03-07,여성,2,2,3,208430,1.0
2026-03-07,폴로티/집업,1,1,1,60770,1.0
2026-03-07,라운드티,1,1,1,28940,1.0
2026-03-07,자켓/ 베스트,1,1,1,24050,1.0
2026-03-08,남성,20,20,28,2174040,1.0
2026-03-08,여성,7,7,12,1225590,1.0
2026-03-08,등산화,1,1,1,104500,1.0
2026-03-08,라운드티,2,2,3,81210,1.0
2026-03-09,남성,18,18,24,1802880,1.0
2026-03-09,여성,3,3,3,350000,1.0
2026-03-09,등산화,2,2,2,237320,1.0
2026-03-09,셋업,1,1,1,131670,1.0
2026-03-09,바람막이,1,1,1,120440,1.0
2026-03-09,자켓/베스트,1,1,1,84500,1.0
2026-03-09,셔츠,1,1,1,47560,1.0
2026-03-10,남성,14,14,23,1521800,1.0
2026-03-10,여성,3,3,3,190910,1.0
2026-03-10,맨투맨/후드티,1,1,1,49500,1.0
2026-03-11,남성,19,18,19,1512850,0.9473684210526315
2026-03-11,여성,2,2,2,150900,1.0
2026-03-11,라운드티,1,1,1,22180,1.0
2026-03-11,긴바지,1,1,1,20940,1.0
2026-03-12,남성,31,31,41,3498910,1.0
2026-03-12,여성,7,7,8,839310,1.0
2026-03-12,자켓/베스트,1,1,1,131030,1.0
2026-03-12,바람막이,1,1,1,120400,1.0
2026-03-12,등산화,1,1,1,115270,1.0
2026-03-12,라운드티,2,2,2,55830,1.0
2026-03-13,남성,19,19,24,1472490,1.0
2026-03-13,등산화,1,1,1,154670,1.0
2026-03-13,셋업,2,2,2,154650,1.0
2026-03-13,여성,2,2,2,152140,1.0
2026-03-13,바람막이,1,1,1,67750,1.0
2026-03-13,패딩/슬림다운,1,1,1,66550,1.0
2026-03-13,라운드티,1,1,1,15500,1.0
2026-03-14,남성,17,16,27,1851200,0.9411764705882353
2026-03-14,여성,5,5,6,626820,1.0
2026-03-15,남성,21,20,27,1961870,0.9523809523809523
2026-03-15,여성,3,3,3,359990,1.0
2026-03-15,바람막이,2,2,2,202000,1.0
2026-03-15,등산화,1,1,1,105700,1.0
2026-03-15,패딩/슬림다운,1,1,1,67050,1.0
2026-03-15,셔츠,1,1,1,61720,1.0
2026-03-15,긴바지,1,1,2,53300,1.0
2026-03-15,폴로티/집업,1,1,1,53040,1.0
2026-03-16,남성,12,12,14,1328070,1.0
2026-03-16,셋업,2,2,2,210800,1.0
2026-03-16,여성,2,2,2,112000,1.0
2026-03-16,바람막이,1,1,1,75020,1.0
2026-03-16,패딩/슬림다운,1,1,1,67050,1.0
2026-03-16,폴로티/집업,1,1,1,47000,1.0
2026-03-16,라운드티,1,1,1,23840,1.0
2026-03-16,자켓/ 베스트,1,1,1,15730,1.0
2026-03-17,남성,26,25,34,2329600,0.9615384615384616
2026-03-17,여성,7,7,7,778850,1.0
2026-03-17,등산화,3,3,3,285910,1.0
2026-03-17,자켓/베스트,1,1,1,84500,1.0
2026-03-17,라운드티,1,1,1,28300,1.0
2026-03-17,자켓/ 베스트,1,1,1,22970,1.0
2026-03-18,남성,25,25,34,3424000,1.0
2026-03-18,여성,2,2,2,200200,1.0
2026-03-18,바람막이,2,2,2,170690,1.0
2026-03-18,셋업,1,1,2,139000,1.0
2026-03-18,등산화,1,1,1,108140,1.0
2026-03-18,라운드티,1,1,1,27550,1.0
2026-03-19,남성,25,24,32,2198330,0.96
2026-03-19,여성,5,5,6,432570,1.0
2026-03-19,라운드티,2,2,3,103240,1.0
2026-03-20,남성,27,27,34,2740940,1.0
2026-03-20,여성,2,2,2,56110,1.0
2026-03-20,라운드티,1,1,1,28860,1.0
2026-03-21,남성,13,13,19,1044900,1.0
2026-03-21,등산화,1,1,1,104500,1.0
2026-03-21,긴바지,1,1,1,27650,1.0
2026-03-22,남성,19,19,29,1660820,1.0
2026-03-22,바람막이,3,3,3,245550,1.0
2026-03-22,여성,2,2,2,184400,1.0
2026-03-22,긴바지,2,2,2,127180,1.0
2026-03-22,폴로티/집업,1,1,1,56440,1.0
2026-03-23,남성,15,15,17,1281820,1.0
2026-03-23,여성,2,2,2,185610,1.0
2026-03-23,등산화,1,1,1,94500,1.0
2026-03-23,바람막이,1,1,1,67000,1.0
2026-03-23,긴바지,1,1,1,62730,1.0
2026-03-23,라운드티,1,1,1,35970,1.0
2026-03-24,남성,15,15,23,1365440,1.0
2026-03-24,여성,2,2,2,260820,1.0
2026-03-25,남성,24,24,37,2188320,1.0
2026-03-25,여성,6,6,6,738960,1.0
2026-03-25,긴바지,1,1,1,51120,1.0
2026-03-25,라운드티,1,1,1,33830,1.0
2026-03-26,남성,24,24,37,3431510,1.0
2026-03-26,등산화,3,3,3,349620,1.0
2026-03-26,바람막이,2,2,2,147610,1.0
2026-03-26,여성,1,1,1,78330,1.0
2026-03-26,라운드티,2,2,2,62660,1.0
2026-03-27,남성,16,16,17,1470950,1.0
2026-03-27,여성,2,2,2,157770,1.0
2026-03-27,바람막이,2,2,2,145880,1.0
2026-03-27,긴바지,2,2,2,69350,1.0
2026-03-28,남성,15,15,20,1858740,1.0
2026-03-28,여성,4,4,6,448080,1.0
2026-03-28,등산화,2,2,2,311010,1.0
2026-03-28,바람막이,2,2,3,277600,1.0
2026-03-28,긴바지,3,3,3,184010,1.0
2026-03-28,폴로티/집업,1,1,1,59000,1.0
2026-03-29,남성,12,12,16,1144210,1.0
2026-03-29,여성,4,4,4,532270,1.0
2026-03-29,긴바지,1,1,1,40000,1.0
2026-03-30,남성,23,23,26,2025590,1.0
2026-03-30,여성,5,4,6,825480,0.8
2026-03-30,긴바지,3,3,4,216570,1.0
2026-03-30,바람막이,1,1,1,95000,1.0
2026-03-30,라운드티,1,1,1,27950,1.0
2026-03-31,남성,28,28,46,3504190,1.0
2026-03-31,여성,8,8,11,1407770,1.0
2026-03-31,등산화,1,1,1,95380,1.0
2026-03-31,바람막이,1,1,1,91340,1.0
2026-03-31,긴바지,1,1,1,65000,1.0
2026-03-31,라운드티,1,1,1,16980,1.0
2026-04-01,남성,24,24,36,2406600,1.0
2026-04-01,여성,3,3,3,349120,1.0
2026-04-01,등산화,1,1,1,169100,1.0
2026-04-01,라운드티,1,1,1,57000,1.0
2026-04-01,셋업,1,1,1,39610,1.0
2026-04-02,남성,30,29,380,21876450,0.9666666666666667
2026-04-02,여성,4,4,4,381270,1.0
2026-04-02,긴바지,2,2,2,127840,1.0
2026-04-02,등산화,1,1,1,102780,1.0
2026-04-02,바람막이,1,1,1,64020,1.0
2026-04-03,남성,22,21,28,1649460,0.9545454545454546
2026-04-03,여성,6,6,8,698750,1.0
2026-04-03,긴바지,2,2,2,87680,1.0
2026-04-03,바람막이,1,1,1,72030,1.0
2026-04-04,남성,15,15,23,1632600,1.0
2026-04-04,여성,1,1,1,127480,1.0
2026-04-04,폴로티/집업,1,1,1,65000,1.0
2026-04-04,긴바지,1,1,1,20000,1.0
2026-04-05,남성,21,21,28,2176370,1.0
2026-04-05,여성,4,4,5,498470,1.0
2026-04-05,바람막이,2,2,2,168320,1.0
2026-04-05,긴바지,2,2,2,67370,1.0
2026-04-05,라운드티,1,1,1,22240,1.0
2026-04-05,UNKNOWN,1,1,2,20000,1.0
2026-04-06,남성,15,15,20,1291900,1.0
2026-04-06,여성,2,2,3,235600,1.0
2026-04-06,긴바지,4,4,4,221560,1.0
2026-04-06,등산화,1,1,2,149000,1.0
2026-04-06,바람막이,1,1,1,65000,1.0
2026-04-07,남성,21,21,27,2308240,1.0
2026-04-07,등산화,2,2,2,265810,1.0
2026-04-07,여성,1,1,1,118070,1.0
2026-04-07,바람막이,1,1,1,94000,1.0
2026-04-07,긴바지,2,2,2,81000,1.0
2026-04-08,남성,18,18,25,1747470,1.0
2026-04-08,바람막이,2,2,2,180000,1.0
2026-04-08,등산화,1,1,1,123570,1.0
2026-04-08,여성,2,2,2,104270,1.0
2026-04-09,남성,24,24,35,2517300,1.0
2026-04-09,여성,5,5,6,479280,1.0
2026-04-09,등산화,1,1,1,132300,1.0
2026-04-09,셋업,2,2,2,128810,1.0
2026-04-09,폴로티/집업,1,1,1,54120,1.0
2026-04-10,남성,25,25,37,3014750,1.0
2026-04-10,여성,2,2,3,178450,1.0
2026-04-10,바람막이,2,2,2,144310,1.0
2026-04-10,등산화,1,1,1,127200,1.0
2026-04-11,남성,20,18,22,1950490,0.9
2026-04-11,바람막이,1,1,1,72750,1.0
2026-04-12,남성,24,24,39,1876010,1.0
2026-04-12,여성,2,2,3,355970,1.0
2026-04-12,등산화,1,1,1,95900,1.0
2026-04-12,긴바지,1,1,1,65000,1.0
2026-04-12,라운드티,1,1,1,49500,1.0
2026-04-12,버킷/부니,1,1,1,15130,1.0
2026-04-13,남성,25,23,32,2681280,0.92
2026-04-13,여성,3,3,5,571950,1.0
2026-04-13,바람막이,1,1,1,67060,1.0
2026-04-14,남성,22,22,34,2507950,1.0
2026-04-14,여성,3,3,4,316280,1.0
2026-04-14,바람막이,2,2,2,143000,1.0
2026-04-14,긴바지,2,2,2,125480,1.0
2026-04-14,폴로티/집업,1,1,1,59000,1.0
2026-04-14,셋업,1,1,1,39940,1.0
2026-04-15,남성,13,13,20,1015010,1.0
2026-04-15,바람막이,2,2,2,160850,1.0
2026-04-15,UNKNOWN,1,1,1,98190,1.0
2026-04-15,긴바지,1,1,1,65000,1.0
2026-04-16,남성,56,52,75,5445500,0.9285714285714286
2026-04-16,바람막이,15,15,15,1002500,1.0
2026-04-16,여성,8,8,9,649150,1.0
2026-04-16,긴바지,3,3,3,167510,1.0
2026-04-16,등산화,1,1,1,122300,1.0
2026-04-16,라운드티,2,2,2,82450,1.0
2026-04-16,UNKNOWN,1,1,1,73520,1.0
2026-04-16,셋업,1,1,1,66720,1.0
2026-04-17,남성,15,15,26,2344000,1.0
2026-04-17,여성,9,9,13,1157390,1.0
2026-04-17,등산화,1,1,1,99500,1.0
2026-04-17,라운드티,2,2,2,77990,1.0
2026-04-17,긴바지,1,1,1,55000,1.0
2026-04-18,남성,33,33,47,3320370,1.0
2026-04-18,바람막이,5,5,6,427230,1.0
2026-04-18,여성,4,4,5,342330,1.0
2026-04-18,긴바지,3,3,4,246050,1.0
2026-04-18,셋업,1,1,1,86440,1.0
2026-04-19,남성,33,33,48,3112580,1.0
2026-04-19,여성,6,6,8,696370,1.0
2026-04-19,바람막이,3,3,3,204270,1.0
2026-04-19,등산화,1,1,1,89500,1.0
2026-04-19,긴바지,1,1,1,62150,1.0
2026-04-20,남성,25,25,35,2754140,1.0
2026-04-20,여성,4,4,5,342630,1.0
2026-04-20,바람막이,4,4,4,262280,1.0
2026-04-20,등산화,2,2,2,215700,1.0
2026-04-20,긴바지,2,2,2,78200,1.0
2026-04-20,UNKNOWN,1,1,1,72290,1.0
2026-04-20,폴로티/집업,1,1,1,46630,1.0
2026-04-21,남성,24,24,37,2310080,1.0
2026-04-21,여성,4,4,4,460220,1.0
2026-04-21,바람막이,3,3,3,193500,1.0
2026-04-21,셋업,1,1,2,124320,1.0
2026-04-22,남성,17,17,21,1539610,1.0
2026-04-22,여성,4,4,5,465030,1.0
2026-04-22,등산화,1,1,1,132300,1.0
2026-04-22,긴바지,2,2,2,126670,1.0
2026-04-22,반바지,1,1,1,45370,1.0
2026-04-22,셋업,1,1,1,39580,1.0
2026-04-23,남성,30,30,46,2912000,1.0
2026-04-23,여성,7,7,15,1418560,1.0
2026-04-23,바람막이,3,3,6,355080,1.0
2026-04-23,긴바지,2,2,2,102250,1.0
2026-04-23,UNKNOWN,1,1,1,80050,1.0
2026-04-23,셋업,1,1,1,51570,1.0
2026-04-23,라운드티,1,1,1,40370,1.0
2026-04-24,남성,23,23,32,2117820,1.0
2026-04-24,바람막이,3,2,4,252180,0.6666666666666666
2026-04-24,UNKNOWN,1,1,1,83130,1.0
2026-04-24,라운드티,2,2,2,79050,1.0
2026-04-24,긴바지,1,1,1,64230,1.0
2026-04-25,남성,31,31,38,2630680,1.0
2026-04-25,여성,5,4,5,360120,0.8
2026-04-25,바람막이,2,2,3,175900,1.0
2026-04-25,긴바지,1,1,1,56680,1.0
2026-04-26,남성,41,37,59,3786310,0.9024390243902439
2026-04-26,여성,8,8,9,632720,1.0
2026-04-26,등산화,4,4,4,447190,1.0
2026-04-26,바람막이,4,4,4,267710,1.0
2026-04-26,긴바지,2,2,2,103320,1.0
2026-04-26,UNKNOWN,1,1,1,64730,1.0
2026-04-26,폴로티/집업,1,1,1,54500,1.0
2026-04-27,남성,37,36,63,4235180,0.972972972972973
2026-04-27,바람막이,6,6,7,429170,1.0
2026-04-27,여성,5,5,5,410270,1.0
2026-04-27,등산화,1,1,1,97300,1.0
2026-04-27,폴로티/집업,1,1,1,47050,1.0
2026-04-28,남성,33,33,45,3271170,1.0
2026-04-28,여성,6,6,7,512930,1.0
2026-04-28,등산화,2,2,2,204890,1.0
2026-04-28,바람막이,3,3,3,180800,1.0
2026-04-28,라운드티,1,1,1,41000,1.0
2026-04-29,남성,24,24,29,2103860,1.0
2026-04-29,여성,3,3,4,401250,1.0
2026-04-29,바람막이,3,3,3,201500,1.0
2026-04-29,등산화,1,1,1,113320,1.0
2026-04-30,남성,31,30,52,3132090,0.967741935483871
2026-04-30,여성,4,4,5,492950,1.0
2026-04-30,바람막이,3,3,3,206820,1.0
2026-04-30,폴로티/집업,1,1,1,53580,1.0
2026-05-01,남성,95,93,119,6016379,0.9789473684210527
2026-05-01,여성,9,9,10,813688,1.0
2026-05-01,긴바지,6,6,6,218510,1.0
2026-05-01,등산화,3,3,3,206770,1.0
2026-05-01,라운드티,7,7,7,156750,1.0
2026-05-01,부츠,1,1,1,85320,1.0
2026-05-01,셋업,3,3,3,74200,1.0
2026-05-01,바람막이,1,1,1,67000,1.0
2026-05-02,남성,64,62,83,4259530,0.96875
2026-05-02,여성,9,9,10,812640,1.0
2026-05-02,바람막이,3,3,3,207970,1.0
2026-05-02,라운드티,5,5,5,83350,1.0
2026-05-02,폴로티/집업,1,1,1,48400,1.0
2026-05-02,긴바지,2,2,2,44970,1.0
2026-05-03,남성,38,38,53,2271470,1.0
2026-05-03,여성,5,5,5,731920,1.0
2026-05-03,긴바지,5,5,5,162200,1.0
2026-05-03,등산화,1,1,1,131480,1.0
2026-05-03,바람막이,1,1,1,61200,1.0
2026-05-03,라운드티,1,1,1,12000,1.0
2026-05-03,UNKNOWN,1,1,1,5170,1.0
2026-05-04,남성,42,41,47,2331350,0.9761904761904762
2026-05-04,여성,3,3,3,274630,1.0
2026-05-04,등산화,1,1,1,117870,1.0
2026-05-04,UNKNOWN,1,1,1,71100,1.0
2026-05-04,바람막이,1,1,1,65040,1.0
2026-05-04,라운드티,3,3,3,36980,1.0
2026-05-05,남성,211,210,284,10169870,0.995260663507109
2026-05-05,여성,15,15,17,1363880,1.0
2026-05-05,긴바지,7,7,7,238730,1.0
2026-05-05,라운드티,6,6,6,160130,1.0
2026-05-05,바람막이,1,1,1,78150,1.0
2026-05-05,폴로티/집업,1,1,1,48750,1.0
2026-05-05,셋업,1,1,1,27650,1.0
2026-05-06,남성,81,79,99,4283920,0.9753086419753086
2026-05-06,여성,6,6,11,722040,1.0
2026-05-06,등산화,2,2,2,161400,1.0
2026-05-06,셋업,2,2,2,65910,1.0
2026-05-06,반바지,1,1,1,40590,1.0
2026-05-06,긴바지,1,1,1,33920,1.0
2026-05-07,남성,79,78,98,4824510,0.9873417721518988
2026-05-07,여성,4,4,4,270270,1.0
2026-05-07,라운드티,4,4,4,143440,1.0
2026-05-07,긴바지,3,3,4,118990,1.0
2026-05-07,등산화,1,1,1,114590,1.0
2026-05-07,바람막이,1,1,1,67480,1.0
2026-05-07,셋업,1,1,1,37640,1.0
2026-05-07,UNKNOWN,1,1,3,15710,1.0
2026-05-08,남성,41,41,52,2574800,1.0
2026-05-08,여성,5,5,6,469820,1.0
2026-05-08,바람막이,2,2,2,126660,1.0
2026-05-08,긴바지,2,2,2,49790,1.0
2026-05-09,남성,42,41,50,2047000,0.9761904761904762
2026-05-09,여성,6,6,10,789070,1.0
2026-05-09,바람막이,2,2,2,143100,1.0
2026-05-09,긴바지,2,2,2,99650,1.0
2026-05-09,셋업,1,1,1,74500,1.0
2026-05-09,폴로티/집업,1,1,1,53190,1.0
2026-05-10,남성,348,347,438,16452980,0.9971264367816092
2026-05-10,여성,25,25,28,2306650,1.0
2026-05-10,등산화,5,5,5,639930,1.0
2026-05-10,라운드티,11,11,12,332650,1.0
2026-05-10,긴바지,10,10,10,321170,1.0
2026-05-10,셋업,7,7,7,268520,1.0
2026-05-10,바람막이,4,4,4,220100,1.0
2026-05-10,반바지,3,3,3,126100,1.0
2026-05-10,UNKNOWN,1,1,2,10000,1.0
2026-05-11,남성,22,22,31,2281270,1.0
2026-05-11,여성,8,8,8,918060,1.0
2026-05-11,바람막이,1,1,1,91080,1.0
2026-05-12,남성,16,16,27,1909560,1.0
2026-05-12,여성,2,2,2,123020,1.0
2026-05-12,등산화,1,1,1,119490,1.0
2026-05-12,라운드티,2,2,3,102600,1.0
2026-05-12,긴바지,2,2,2,101810,1.0
2026-05-13,남성,25,24,33,2110090,0.96
2026-05-13,여성,4,4,7,557050,1.0
2026-05-13,등산화,1,1,1,119350,1.0
2026-05-13,바람막이,1,1,1,70350,1.0
2026-05-13,긴바지,1,1,1,65000,1.0
2026-05-13,라운드티,1,1,1,33600,1.0
2026-05-14,남성,24,24,29,1685890,1.0
2026-05-14,등산화,1,1,1,119200,1.0
2026-05-14,여성,2,2,2,83690,1.0
2026-05-14,긴바지,1,1,1,35000,1.0
2026-05-14,라운드티,1,1,1,11000,1.0
2026-05-15,남성,28,28,48,2809950,1.0
2026-05-16,남성,14,14,20,1167980,1.0
2026-05-16,여성,4,4,4,455750,1.0
2026-05-17,남성,21,20,40,2156110,0.9523809523809523
2026-05-17,등산화,3,3,3,246690,1.0
2026-05-17,여성,2,2,2,92700,1.0
2026-05-17,라운드티,2,2,2,76320,1.0
2026-05-18,남성,20,19,39,2459410,0.95
2026-05-18,여성,4,4,5,340290,1.0
2026-05-18,버킷/부니,1,1,1,25620,1.0
2026-05-19,남성,30,30,55,3300020,1.0
2026-05-19,여성,4,4,5,486890,1.0
2026-05-19,등산화,1,1,1,119200,1.0
2026-05-19,긴바지,3,3,3,96670,1.0
2026-05-19,폴로티/집업,1,1,1,58070,1.0
2026-05-19,UNKNOWN,1,1,1,50770,1.0
2026-05-20,남성,37,37,42,3866610,1.0
2026-05-20,여성,11,11,12,905170,1.0
2026-05-20,등산화,2,2,2,282450,1.0
2026-05-20,부츠,2,2,2,161650,1.0
2026-05-20,긴바지,2,2,2,101450,1.0
2026-05-21,남성,46,46,64,4750530,1.0
2026-05-21,여성,4,4,4,426340,1.0
2026-05-21,긴바지,2,2,2,107640,1.0
2026-05-22,남성,18,18,25,1519460,1.0
2026-05-22,여성,5,5,6,520960,1.0
2026-05-22,긴바지,1,1,1,49000,1.0
2026-05-22,라운드티,1,1,1,35000,1.0
2026-05-23,남성,17,17,25,1802690,1.0
2026-05-23,여성,5,5,5,485360,1.0
2026-05-23,부츠,1,1,1,85100,1.0
2026-05-23,셋업,1,1,1,39860,1.0
2026-05-23,라운드티,1,1,1,39480,1.0
2026-05-24,남성,18,18,22,1148130,1.0
2026-05-24,여성,5,5,6,482440,1.0
2026-05-24,셋업,1,1,1,66670,1.0
2026-05-24,바람막이,1,1,1,60740,1.0
2026-05-25,남성,25,25,37,2427810,1.0
2026-05-25,여성,3,3,4,328480,1.0
2026-05-25,라운드티,4,4,5,148740,1.0
2026-05-25,긴바지,1,1,1,37750,1.0
2026-05-26,남성,25,25,37,2531230,1.0
2026-05-26,등산화,2,2,2,188500,1.0
2026-05-26,여성,4,4,4,173640,1.0
2026-05-26,바람막이,1,1,1,72110,1.0
2026-05-27,남성,32,32,49,3576700,1.0
2026-05-27,여성,5,5,6,529250,1.0
2026-05-27,바람막이,1,1,1,77000,1.0
2026-05-27,긴바지,1,1,1,49000,1.0
2026-05-28,남성,22,22,26,1807020,1.0
2026-05-28,등산화,1,1,1,89000,1.0
2026-05-28,부츠,1,1,1,88100,1.0
2026-05-28,긴바지,1,1,1,65000,1.0
2026-05-29,남성,47,46,82,5350780,0.9787234042553191
2026-05-29,여성,5,5,5,390670,1.0
2026-05-29,라운드티,2,2,3,84570,1.0
2026-05-29,긴바지,1,1,1,49000,1.0
2026-05-29,셋업,1,1,1,41000,1.0
2026-05-30,남성,23,23,35,2792800,1.0
2026-05-30,여성,4,4,4,261830,1.0
2026-05-30,셋업,1,1,1,85550,1.0
2026-05-31,남성,56,56,106,6188970,1.0
2026-05-31,여성,9,9,11,985500,1.0
2026-05-31,UNKNOWN,3,3,5,73440,1.0
2026-05-31,긴바지,1,1,1,37000,1.0
2026-06-01,남성,30,29,43,2859130,0.9666666666666667
2026-06-01,여성,3,3,3,161810,1.0
2026-06-01,바람막이,1,1,1,95000,1.0
2026-06-01,긴바지,2,2,2,87000,1.0
2026-06-01,라운드티,2,2,2,81090,1.0
2026-06-02,남성,19,19,30,2084280,1.0
2026-06-02,여성,3,3,3,182980,1.0
2026-06-02,바람막이,1,1,1,77000,1.0
