order_date,member_grade_label,category,repeat_orders,repeat_buyers,quantity,revenue
2024-04-16,FAMILY,셋업,1,1,1,169000
2024-04-16,FAMILY,긴바지,1,1,1,119000
2024-04-16,FAMILY,여성,1,1,1,104500
2024-04-16,FAMILY,바람막이,1,1,1,84500
2024-04-16,FAMILY,남성,2,1,3,59000
2024-04-17,FAMILY,남성,2,2,4,104500
2024-04-18,FAMILY,라운드티,1,1,1,60000
2024-04-19,FAMILY,남성,2,2,2,205000
2024-04-19,FAMILY,반바지,2,2,3,119060
2024-04-19,FAMILY,라운드티,2,2,3,107140
2024-04-20,FAMILY,남성,3,3,4,207180
2024-04-20,FAMILY,셋업,1,1,1,99000
2024-04-20,FAMILY,햇,1,1,1,37680
2024-04-21,FAMILY,등산화,1,1,1,219000
2024-04-21,FAMILY,남성,1,1,2,163000
2024-04-21,FAMILY,자켓/ 베스트,1,1,1,114500
2024-04-21,FAMILY,반바지,1,1,1,79000
2024-04-21,FAMILY,상의,1,1,1,78200
2024-04-22,FAMILY,자켓/ 베스트,4,3,5,794780
2024-04-22,FAMILY,남성,6,6,9,577120
2024-04-22,FAMILY,바람막이,2,2,2,176500
2024-04-22,FAMILY,라운드티,2,2,2,118000
2024-04-22,FAMILY,등산화,1,1,1,84500
2024-04-22,FAMILY,UNKNOWN,1,1,1,34500
2024-04-23,FAMILY,남성,4,4,9,250000
2024-04-23,FAMILY,긴바지,1,1,1,119000
2024-04-23,FAMILY,여성,1,1,1,54500
2024-04-24,FAMILY,남성,4,4,4,348240
2024-04-24,FAMILY,라운드티,3,3,5,208100
2024-04-24,FAMILY,등산화,1,1,1,79500
2024-04-24,FAMILY,긴바지,1,1,1,44500
2024-04-24,FAMILY,반바지,1,1,1,39500
2024-04-24,SILVER,트레일러닝,2,1,2,216030
2024-04-24,SILVER,긴바지,1,1,1,57270
2024-04-25,FAMILY,남성,3,3,4,223000
2024-04-25,FAMILY,긴바지,1,1,1,119000
2024-04-25,FAMILY,스니커즈,1,1,1,95300
2024-04-25,FAMILY,등산화,1,1,1,79500
2024-04-25,SILVER,긴바지,1,1,1,119000
2024-04-26,FAMILY,남성,4,4,4,267200
2024-04-26,FAMILY,바람막이,1,1,1,122380
2024-04-26,FAMILY,셋업,1,1,1,69500
2024-04-26,SILVER,등산화,1,1,1,171510
2024-04-27,FAMILY,남성,4,4,8,643480
2024-04-27,FAMILY,긴바지,1,1,1,136440
2024-04-27,FAMILY,셋업,1,1,1,71200
2024-04-27,FAMILY,라운드티,1,1,1,55200
2024-04-28,FAMILY,남성,6,6,9,384250
2024-04-28,FAMILY,자켓/ 베스트,1,1,1,164500
2024-04-28,FAMILY,UNKNOWN,2,2,2,149550
2024-04-28,FAMILY,라운드티,1,1,1,69000
2024-04-28,SILVER,라운드티,1,1,1,86610
2024-04-29,FAMILY,남성,4,4,5,340720
2024-04-29,FAMILY,하이킹,1,1,1,69500
2024-04-29,FAMILY,등산화,1,1,1,64500
2024-04-29,FAMILY,라운드티,1,1,2,59000
2024-04-29,FAMILY,셋업,1,1,1,44500
2024-04-29,FAMILY,UNKNOWN,1,1,1,34500
2024-04-29,FAMILY,반바지,1,1,1,24500
2024-04-29,GOLD,카고/조거,1,1,1,85020
2024-04-30,FAMILY,남성,6,6,6,378990
2024-04-30,FAMILY,여성,3,1,3,163500
2024-04-30,FAMILY,자켓/ 베스트,1,1,1,109500
2024-04-30,FAMILY,바람막이,2,1,2,99000
2024-04-30,FAMILY,반바지,2,1,2,79000
2024-04-30,FAMILY,긴바지,1,1,1,44500
2024-04-30,FAMILY,UNKNOWN,1,1,1,34500
2024-04-30,FAMILY,라운드티,1,1,1,34500
2024-04-30,SILVER,긴바지,1,1,1,103200
2024-05-01,FAMILY,남성,2,2,2,88020
2024-05-01,FAMILY,여성,1,1,1,79000
2024-05-01,FAMILY,라운드티,1,1,1,53400
2024-05-01,FAMILY,UNKNOWN,1,1,1,49890
2024-05-01,SILVER,여성,1,1,1,139550
2024-05-01,SILVER,남성,1,1,2,59000
2024-05-02,FAMILY,남성,3,3,11,516500
2024-05-02,FAMILY,라운드티,5,5,6,207680
2024-05-02,FAMILY,UNKNOWN,1,1,2,179000
2024-05-02,FAMILY,하이킹,1,1,2,139000
2024-05-02,FAMILY,긴바지,2,2,2,123700
2024-05-02,FAMILY,셔츠,1,1,1,44500
2024-05-02,FAMILY,반바지,1,1,1,22900
2024-05-02,GOLD,남성,2,1,2,168000
2024-05-02,GOLD,여성,1,1,1,79000
2024-05-02,SILVER,라운드티,1,1,1,83640
2024-05-03,FAMILY,남성,6,6,7,411000
2024-05-03,FAMILY,긴바지,2,2,4,378900
2024-05-03,FAMILY,라운드티,3,3,8,368500
2024-05-03,FAMILY,자켓/ 베스트,1,1,1,144680
2024-05-03,FAMILY,하이킹,1,1,1,94500
2024-05-03,FAMILY,가방,1,1,1,74500
2024-05-03,FAMILY,반바지,1,1,2,70000
2024-05-03,FAMILY,UNKNOWN,1,1,1,69000
2024-05-04,FAMILY,남성,6,6,7,289100
2024-05-04,FAMILY,긴바지,2,2,2,188660
2024-05-05,FAMILY,남성,3,3,3,268920
2024-05-05,FAMILY,라운드티,3,3,3,173540
2024-05-05,FAMILY,바람막이,1,1,1,124330
2024-05-05,FAMILY,트레일러닝,1,1,1,109000
2024-05-05,FAMILY,긴바지,1,1,1,76170
2024-05-06,FAMILY,남성,5,5,5,414780
2024-05-06,FAMILY,바람막이,1,1,1,94500
2024-05-06,FAMILY,긴바지,1,1,1,72050
2024-05-06,FAMILY,라운드티,1,1,2,69000
2024-05-06,FAMILY,상의,1,1,1,65250
2024-05-06,FAMILY,UNKNOWN,1,1,1,62100
2024-05-06,SILVER,남성,2,2,3,239700
2024-05-06,SILVER,바람막이,1,1,1,79500
2024-05-07,FAMILY,남성,11,11,16,570550
2024-05-07,FAMILY,긴바지,2,2,2,187700
2024-05-07,FAMILY,자켓/ 베스트,2,2,2,178590
2024-05-07,FAMILY,등산화,1,1,1,172320
2024-05-07,FAMILY,라운드티,2,2,2,113590
2024-05-07,FAMILY,상의,1,1,1,76630
2024-05-07,FAMILY,가방,1,1,1,74500
2024-05-07,SILVER,자켓/ 베스트,1,1,1,167900
2024-05-07,SILVER,남성,2,2,2,149580
2024-05-08,FAMILY,남성,9,8,12,743620
2024-05-08,FAMILY,여성,3,3,3,323200
2024-05-08,FAMILY,바람막이,1,1,3,238500
2024-05-08,FAMILY,라운드티,3,3,7,221440
2024-05-08,FAMILY,트레일러닝,1,1,1,109000
2024-05-08,FAMILY,셋업,2,2,2,94000
2024-05-08,FAMILY,하이킹,1,1,1,83000
2024-05-08,FAMILY,긴바지,1,1,1,59500
2024-05-08,FAMILY,셔츠,1,1,1,44500
2024-05-08,FAMILY,반바지,1,1,1,24500
2024-05-09,FAMILY,남성,4,4,5,362870
2024-05-09,FAMILY,UNKNOWN,3,3,4,263590
2024-05-09,FAMILY,셋업,1,1,2,110400
2024-05-09,FAMILY,가방,1,1,1,65120
2024-05-09,SILVER,UNKNOWN,1,1,1,42030
2024-05-10,FAMILY,남성,4,3,8,288150
2024-05-10,FAMILY,긴바지,3,3,3,259670
2024-05-10,FAMILY,라운드티,2,2,2,85120
2024-05-10,FAMILY,반바지,1,1,1,61800
2024-05-10,FAMILY,셋업,1,1,1,59500
2024-05-10,FAMILY,상의,1,1,1,49500
2024-05-10,FAMILY,햇,1,1,1,25920
2024-05-10,SILVER,긴바지,1,1,1,63570
2024-05-11,FAMILY,남성,7,7,10,473950
2024-05-11,FAMILY,여성,1,1,1,149000
2024-05-11,FAMILY,트레일러닝,1,1,1,109000
2024-05-11,FAMILY,반바지,2,2,2,91860
2024-05-11,FAMILY,자켓/ 베스트,1,1,1,89500
2024-05-11,FAMILY,바람막이,1,1,1,79500
2024-05-11,FAMILY,라운드티,1,1,2,59000
2024-05-11,GOLD,셋업,1,1,1,85350
2024-05-11,SILVER,남성,1,1,1,39500
2024-05-12,FAMILY,남성,7,7,8,498780
2024-05-12,FAMILY,자켓/ 베스트,3,3,3,479940
2024-05-12,FAMILY,셋업,2,2,2,154000
2024-05-12,FAMILY,등산화,1,1,1,84500
2024-05-12,FAMILY,긴바지,1,1,1,59500
2024-05-12,FAMILY,햇,1,1,1,42110
2024-05-13,FAMILY,남성,2,2,4,149700
2024-05-13,FAMILY,여성,1,1,1,74500
2024-05-13,FAMILY,상의,1,1,1,61440
2024-05-13,FAMILY,셋업,1,1,1,39500
2024-05-14,FAMILY,남성,2,2,2,155500
2024-05-14,FAMILY,긴바지,2,2,2,130700
2024-05-14,FAMILY,셋업,1,1,1,71200
2024-05-14,FAMILY,스니커즈,1,1,1,68710
2024-05-14,FAMILY,여성,1,1,1,58350
2024-05-14,FAMILY,UNKNOWN,1,1,1,34500
2024-05-14,FAMILY,라운드티,1,1,1,24500
2024-05-14,SILVER,남성,2,2,3,213000
2024-05-14,SILVER,바람막이,1,1,1,49500
2024-05-14,SILVER,반바지,1,1,1,39500
2024-05-14,SILVER,UNKNOWN,1,1,1,34500
2024-05-15,FAMILY,남성,5,5,5,326100
2024-05-15,FAMILY,라운드티,3,3,4,152500
2024-05-15,FAMILY,긴바지,2,2,2,114000
2024-05-15,FAMILY,바람막이,1,1,1,49500
2024-05-15,FAMILY,반바지,1,1,1,39500
2024-05-15,FAMILY,UNKNOWN,1,1,1,24500
2024-05-15,TITANIUM,남성,1,1,1,27200
2024-05-16,FAMILY,남성,5,5,9,580990
2024-05-16,FAMILY,라운드티,3,3,4,138000
2024-05-16,FAMILY,반바지,2,2,3,118500
2024-05-16,FAMILY,바람막이,1,1,1,79500
2024-05-16,FAMILY,긴바지,1,1,1,59500
2024-05-17,FAMILY,남성,4,4,6,187330
2024-05-17,FAMILY,라운드티,1,1,1,87540
2024-05-17,FAMILY,UNKNOWN,1,1,1,69000
2024-05-17,GOLD,남성,1,1,1,87000
2024-05-17,SILVER,남성,1,1,1,39000
2024-05-18,FAMILY,남성,4,4,5,239630
2024-05-18,FAMILY,긴바지,1,1,1,60860
2024-05-18,FAMILY,UNKNOWN,1,1,1,34500
2024-05-18,SILVER,남성,1,1,2,88000
2024-05-19,FAMILY,긴바지,3,3,4,372200
2024-05-19,FAMILY,남성,4,4,7,314280
2024-05-19,FAMILY,UNKNOWN,1,1,1,175590
2024-05-19,FAMILY,셋업,1,1,1,143200
2024-05-19,FAMILY,라운드티,2,2,2,117690
2024-05-19,FAMILY,등산화,1,1,1,109300
2024-05-19,FAMILY,반바지,2,2,2,88500
2024-05-19,FAMILY,셔츠,1,1,1,44500
2024-05-19,FAMILY,햇,1,1,1,40570
2024-05-19,SILVER,남성,1,1,1,185820
2024-05-20,FAMILY,남성,4,4,11,356870
2024-05-20,FAMILY,바람막이,1,1,1,149350
2024-05-20,FAMILY,긴바지,1,1,1,111200
2024-05-20,FAMILY,햇,1,1,1,19500
2024-05-20,SILVER,남성,2,2,2,106960
2024-05-20,SILVER,상의,1,1,1,71630
2024-05-21,FAMILY,남성,6,6,16,673090
2024-05-21,FAMILY,라운드티,3,3,3,157500
2024-05-21,FAMILY,트레일러닝,1,1,1,104100
2024-05-21,FAMILY,긴바지,1,1,1,87200
2024-05-21,SILVER,남성,1,1,1,39000
2024-05-22,FAMILY,남성,6,6,6,300700
2024-05-22,FAMILY,긴바지,2,2,2,153860
2024-05-22,FAMILY,UNKNOWN,1,1,1,54080
2024-05-22,FAMILY,반바지,1,1,1,39500
2024-05-23,FAMILY,남성,9,9,13,641320
2024-05-23,FAMILY,긴바지,3,3,4,254700
2024-05-23,FAMILY,하이킹,1,1,1,160300
2024-05-23,FAMILY,라운드티,3,3,3,108500
2024-05-23,FAMILY,여성,2,2,2,74000
2024-05-23,FAMILY,셋업,1,1,1,69500
2024-05-23,FAMILY,장갑,1,1,1,24450
2024-05-23,SILVER,남성,1,1,1,46320
2024-05-24,FAMILY,남성,9,7,16,611690
2024-05-24,FAMILY,라운드티,5,5,8,344540
2024-05-24,FAMILY,하이킹,1,1,1,130300
2024-05-24,FAMILY,가방,1,1,1,114540
2024-05-24,FAMILY,긴바지,2,2,2,110840
2024-05-24,FAMILY,상의,1,1,1,90860
2024-05-24,FAMILY,바람막이,1,1,1,69500
2024-05-24,FAMILY,반바지,1,1,1,39500
2024-05-25,FAMILY,남성,5,5,7,566860
2024-05-25,FAMILY,라운드티,3,3,5,258340
2024-05-25,FAMILY,상의,1,1,1,76840
2024-05-25,FAMILY,UNKNOWN,1,1,1,59650
2024-05-25,SILVER,스니커즈,1,1,1,133880
2024-05-26,FAMILY,남성,5,5,8,347080
2024-05-26,FAMILY,여성,1,1,2,149000
2024-05-26,FAMILY,라운드티,3,3,3,144580
2024-05-26,FAMILY,긴바지,1,1,1,110280
2024-05-26,FAMILY,가방,1,1,1,62300
2024-05-26,FAMILY,상의,1,1,1,61340
2024-05-26,FAMILY,바람막이,1,1,1,49500
2024-05-26,FAMILY,반바지,1,1,1,39500
2024-05-26,FAMILY,액세서리,1,1,2,7500
2024-05-26,GOLD,UNKNOWN,1,1,1,62950
2024-05-27,FAMILY,남성,9,8,13,561800
2024-05-27,FAMILY,라운드티,4,3,6,226500
2024-05-27,FAMILY,여성,2,2,2,176500
2024-05-27,FAMILY,긴바지,2,2,2,109000
2024-05-27,FAMILY,반바지,1,1,1,39500
2024-05-27,FAMILY,UNKNOWN,1,1,1,34500
2024-05-27,GOLD,셋업,1,1,1,137820
2024-05-27,GOLD,남성,1,1,1,103730
2024-05-27,GOLD,바람막이,1,1,1,95210
2024-05-27,SILVER,남성,1,1,1,105650
2024-05-27,SILVER,긴바지,1,1,1,76760
2024-05-27,SILVER,라운드티,1,1,1,57180
2024-05-27,TITANIUM,남성,1,1,3,209100
2024-05-27,TITANIUM,라운드티,1,1,2,138000
2024-05-27,TITANIUM,폴로티/집업,1,1,1,71100
2024-05-27,TITANIUM,반바지,1,1,1,49000
2024-05-28,FAMILY,남성,7,5,35,1575770
2024-05-28,FAMILY,폴로티/집업,2,1,8,316000
2024-05-28,FAMILY,자켓/ 베스트,2,2,2,313980
2024-05-28,FAMILY,라운드티,4,4,5,290310
2024-05-28,FAMILY,긴바지,2,2,3,148500
2024-05-28,FAMILY,하이킹,1,1,2,139000
2024-05-28,FAMILY,UNKNOWN,2,2,2,127070
2024-05-28,FAMILY,등산화,1,1,1,79500
2024-05-28,FAMILY,여성,1,1,1,74500
2024-05-28,SILVER,긴바지,1,1,3,466770
2024-05-28,SILVER,자켓/ 베스트,1,1,1,123380
2024-05-28,SILVER,셋업,1,1,1,70190
2024-05-28,SILVER,남성,1,1,1,9430
2024-05-29,FAMILY,남성,8,8,11,516360
2024-05-29,FAMILY,바람막이,1,1,1,110270
2024-05-29,FAMILY,라운드티,2,2,3,98500
2024-05-29,FAMILY,셋업,1,1,1,69500
2024-05-29,FAMILY,긴바지,1,1,1,64500
2024-05-29,FAMILY,캡,1,1,1,17700
2024-05-29,SILVER,긴바지,1,1,1,67440
2024-05-29,SILVER,라운드티,1,1,1,58760
2024-05-29,SILVER,반바지,1,1,1,17500
2024-05-30,FAMILY,남성,9,7,9,526060
2024-05-30,FAMILY,UNKNOWN,2,2,3,256030
2024-05-30,FAMILY,라운드티,4,3,6,212520
2024-05-30,FAMILY,바람막이,1,1,1,150650
2024-05-30,FAMILY,긴바지,2,2,2,135530
2024-05-30,FAMILY,등산화,1,1,1,103200
2024-05-30,FAMILY,맨투맨/후드티,1,1,2,89000
2024-05-30,FAMILY,반바지,1,1,2,79000
2024-05-30,FAMILY,셋업,1,1,1,74500
2024-05-30,FAMILY,여성,1,1,1,74500
2024-05-30,FAMILY,상의,1,1,1,61140
2024-05-30,SILVER,남성,1,1,1,74840
2024-05-30,SILVER,라운드티,1,1,1,74830
2024-05-30,SILVER,긴바지,1,1,1,59870
2024-05-30,SILVER,액세서리,1,1,2,12620
2024-05-31,FAMILY,남성,7,6,7,458350
2024-05-31,FAMILY,라운드티,2,2,3,80960
2024-06-01,FAMILY,남성,4,4,6,563090
2024-06-01,FAMILY,긴바지,2,2,4,252160
2024-06-01,FAMILY,햇,1,1,1,36650
2024-06-02,FAMILY,남성,8,7,12,441110
2024-06-02,FAMILY,라운드티,4,4,4,208350
2024-06-02,FAMILY,셔츠,1,1,1,87540
2024-06-02,FAMILY,UNKNOWN,1,1,1,83720
2024-06-02,SILVER,남성,1,1,2,178140
2024-06-03,FAMILY,남성,5,5,8,640060
2024-06-03,FAMILY,라운드티,2,2,3,185200
2024-06-03,FAMILY,바람막이,1,1,1,159000
2024-06-03,FAMILY,하이킹,1,1,1,153340
2024-06-03,FAMILY,반바지,1,1,1,39200
2024-06-03,GOLD,남성,1,1,1,130240
2024-06-04,FAMILY,남성,8,8,13,383700
2024-06-04,FAMILY,라운드티,1,1,1,65540
2024-06-04,SILVER,UNKNOWN,1,1,1,72700
2024-06-05,FAMILY,긴바지,3,3,3,257630
2024-06-05,FAMILY,남성,4,4,5,218790
2024-06-05,FAMILY,여성,2,2,2,216730
2024-06-05,FAMILY,라운드티,3,3,4,156680
2024-06-05,FAMILY,맨투맨/후드티,1,1,1,89000
2024-06-05,FAMILY,반바지,1,1,1,49000
2024-06-06,FAMILY,남성,4,4,4,209430
2024-06-06,FAMILY,여성,2,2,2,164360
2024-06-06,FAMILY,UNKNOWN,1,1,1,89500
2024-06-06,FAMILY,바람막이,1,1,1,65840
2024-06-06,FAMILY,라운드티,1,1,1,56670
2024-06-06,FAMILY,햇,1,1,1,19500
2024-06-06,GOLD,남성,1,1,1,53000
2024-06-06,SILVER,남성,1,1,1,37000
2024-06-07,FAMILY,남성,2,2,3,215070
2024-06-07,FAMILY,라운드티,5,5,6,208850
2024-06-07,FAMILY,카고/조거,1,1,1,99240
2024-06-07,FAMILY,긴바지,1,1,1,79200
2024-06-07,FAMILY,상의,1,1,1,75820
2024-06-07,FAMILY,자켓/ 베스트,1,1,1,51320
2024-06-07,GOLD,UNKNOWN,1,1,1,35000
2024-06-07,SILVER,폴로티/집업,1,1,1,65810
2024-06-07,SILVER,라운드티,1,1,1,38300
2024-06-08,FAMILY,남성,8,8,11,463750
2024-06-08,FAMILY,긴바지,3,3,3,325160
2024-06-08,FAMILY,라운드티,2,2,4,241740
2024-06-08,FAMILY,방수자켓,1,1,1,129000
2024-06-08,FAMILY,셋업,1,1,1,110350
2024-06-08,FAMILY,자켓/ 베스트,1,1,1,89500
2024-06-08,SILVER,남성,1,1,1,107970
2024-06-08,SILVER,등산화,1,1,1,107970
2024-06-08,SILVER,긴바지,1,1,1,87200
2024-06-08,SILVER,UNKNOWN,1,1,1,57790
2024-06-09,FAMILY,긴바지,4,4,4,387320
2024-06-09,FAMILY,셋업,2,2,2,312860
2024-06-09,FAMILY,남성,4,4,5,220840
2024-06-09,FAMILY,라운드티,3,3,4,158880
2024-06-09,FAMILY,자켓/ 베스트,1,1,1,137060
2024-06-09,FAMILY,반바지,3,3,4,127500
2024-06-09,FAMILY,햇,1,1,1,22750
2024-06-09,SILVER,라운드티,2,1,2,115690
2024-06-10,FAMILY,남성,8,8,10,419150
2024-06-10,FAMILY,긴바지,2,2,2,236850
2024-06-10,FAMILY,바람막이,1,1,1,148530
2024-06-10,FAMILY,스니커즈,1,1,1,73670
2024-06-10,FAMILY,라운드티,1,1,1,57000
2024-06-10,FAMILY,맨투맨/후드티,1,1,1,54700
2024-06-10,FAMILY,여성,1,1,1,34500
2024-06-10,SILVER,남성,1,1,3,83660
2024-06-10,SILVER,반바지,1,1,1,75090
2024-06-10,SILVER,셋업,1,1,1,58710
2024-06-11,FAMILY,라운드티,7,7,14,491800
2024-06-11,FAMILY,남성,6,6,7,246250
2024-06-11,FAMILY,셋업,2,2,2,124000
2024-06-11,FAMILY,폴로티/집업,2,2,2,114730
2024-06-11,FAMILY,긴바지,1,1,1,113330
2024-06-11,FAMILY,반바지,2,2,2,86160
2024-06-11,FAMILY,바람막이,1,1,1,84500
2024-06-11,FAMILY,가방,1,1,1,60300
2024-06-11,FAMILY,여성,1,1,1,10000
2024-06-12,FAMILY,남성,7,7,11,517310
2024-06-12,FAMILY,라운드티,5,5,6,289130
2024-06-12,FAMILY,긴바지,1,1,1,76850
2024-06-12,FAMILY,상의,1,1,1,69650
2024-06-12,FAMILY,크로스/토트백,1,1,1,22250
2024-06-12,SILVER,긴바지,1,1,1,84450
2024-06-13,FAMILY,남성,7,7,14,650750
2024-06-13,FAMILY,라운드티,5,5,6,229400
2024-06-13,FAMILY,자켓/ 베스트,1,1,1,131460
2024-06-13,FAMILY,긴바지,1,1,1,79200
2024-06-13,FAMILY,UNKNOWN,1,1,2,69000
2024-06-13,FAMILY,햇,1,1,1,42010
2024-06-13,FAMILY,여성,1,1,1,34500
2024-06-13,FAMILY,캡,1,1,1,19210
2024-06-13,GOLD,남성,2,2,2,136070
2024-06-13,GOLD,긴바지,1,1,1,114180
2024-06-13,GOLD,폴로티/집업,1,1,1,75800
2024-06-13,GOLD,라운드티,1,1,1,63570
2024-06-13,SILVER,남성,1,1,1,78900
2024-06-13,SILVER,UNKNOWN,1,1,1,69000
2024-06-14,FAMILY,남성,13,12,20,1128220
2024-06-14,FAMILY,셋업,4,4,5,346490
2024-06-14,FAMILY,긴바지,5,5,5,317710
2024-06-14,FAMILY,라운드티,5,5,7,244470
2024-06-14,FAMILY,UNKNOWN,2,2,2,178700
2024-06-14,FAMILY,자켓/ 베스트,1,1,1,109500
2024-06-14,FAMILY,등산화,1,1,1,79500
2024-06-14,FAMILY,상의,1,1,1,69300
2024-06-14,FAMILY,카고/조거,1,1,1,64500
2024-06-14,FAMILY,폴로티/집업,1,1,1,53200
2024-06-14,FAMILY,반바지,1,1,1,38100
2024-06-14,GOLD,남성,2,1,3,176500
2024-06-14,GOLD,라운드티,2,2,2,66980
2024-06-14,SILVER,라운드티,2,2,4,176000
2024-06-14,SILVER,바람막이,1,1,1,159000
2024-06-14,SILVER,셋업,1,1,2,158400
2024-06-14,SILVER,여성,1,1,1,149000
2024-06-14,SILVER,반바지,2,2,2,70000
2024-06-15,FAMILY,남성,3,3,8,343440
2024-06-15,FAMILY,라운드티,3,3,5,241500
2024-06-15,FAMILY,하이킹,1,1,1,160300
2024-06-15,FAMILY,긴바지,2,2,2,92520
2024-06-15,FAMILY,여성,1,1,1,40120
2024-06-15,SILVER,라운드티,2,2,4,168050
2024-06-15,SILVER,셋업,1,1,1,81600
2024-06-16,FAMILY,남성,7,7,9,495400
2024-06-16,FAMILY,라운드티,7,7,10,387820
2024-06-16,FAMILY,긴바지,3,3,4,356350
2024-06-16,FAMILY,여성,3,3,3,183500
2024-06-16,FAMILY,자켓/ 베스트,1,1,1,132090
2024-06-16,FAMILY,반바지,2,2,3,99100
2024-06-16,FAMILY,등산화,1,1,1,79500
2024-06-16,FAMILY,UNKNOWN,1,1,1,79500
2024-06-16,FAMILY,셋업,1,1,1,74810
2024-06-16,FAMILY,가방,1,1,1,45160
2024-06-16,SILVER,여성,1,1,1,119200
2024-06-16,SILVER,라운드티,1,1,1,47200
2024-06-17,FAMILY,라운드티,11,11,18,713170
2024-06-17,FAMILY,남성,11,11,17,681870
2024-06-17,FAMILY,셋업,4,4,4,392650
2024-06-17,FAMILY,긴바지,3,3,4,270040
2024-06-17,FAMILY,반바지,3,3,4,140500
2024-06-17,FAMILY,여성,3,3,3,134580
2024-06-17,FAMILY,등산화,1,1,1,94500
2024-06-17,FAMILY,바람막이,1,1,1,79270
2024-06-17,FAMILY,하이킹,1,1,1,69500
2024-06-17,FAMILY,가방,1,1,1,31150
2024-06-17,SILVER,남성,1,1,1,74010
2024-06-18,FAMILY,라운드티,6,6,13,469500
2024-06-18,FAMILY,남성,3,3,4,299280
2024-06-18,FAMILY,셋업,2,2,2,115950
2024-06-18,FAMILY,UNKNOWN,1,1,1,69000
2024-06-18,FAMILY,긴바지,1,1,1,44390
2024-06-18,FAMILY,반바지,1,1,1,39500
2024-06-18,GOLD,남성,2,2,3,283690
2024-06-18,GOLD,긴바지,1,1,1,124090
2024-06-18,GOLD,라운드티,1,1,2,91420
2024-06-18,GOLD,여성,1,1,1,87200
2024-06-18,SILVER,라운드티,1,1,2,81260
2024-06-18,SILVER,셋업,1,1,1,53620
2024-06-18,SILVER,남성,1,1,1,48580
2024-06-18,SILVER,반바지,1,1,1,33740
2024-06-19,FAMILY,남성,7,6,10,482970
2024-06-19,FAMILY,라운드티,7,7,9,316600
2024-06-19,FAMILY,UNKNOWN,1,1,1,71200
2024-06-19,FAMILY,긴바지,1,1,1,67550
2024-06-19,FAMILY,셋업,1,1,1,55300
2024-06-19,FAMILY,가방,1,1,1,47690
2024-06-19,FAMILY,반바지,1,1,1,38550
2024-06-19,SILVER,남성,3,3,5,326180
2024-06-19,SILVER,UNKNOWN,1,1,1,62100
2024-06-19,SILVER,셋업,1,1,1,59360
2024-06-19,SILVER,라운드티,1,1,1,39420
2024-06-20,FAMILY,자켓/ 베스트,4,4,5,714610
2024-06-20,FAMILY,남성,11,11,15,708540
2024-06-20,FAMILY,셋업,2,2,2,134890
2024-06-20,FAMILY,긴바지,1,1,1,118000
2024-06-20,FAMILY,UNKNOWN,2,2,2,114000
2024-06-20,FAMILY,트레일러닝,1,1,1,107500
2024-06-20,FAMILY,여성,2,2,2,102000
2024-06-20,FAMILY,반바지,1,1,2,76480
2024-06-20,FAMILY,라운드티,2,2,2,76430
2024-06-20,FAMILY,가방,1,1,1,62300
2024-06-21,FAMILY,남성,9,9,11,620920
2024-06-21,FAMILY,긴바지,5,5,6,536320
2024-06-21,FAMILY,여성,4,4,4,289990
2024-06-21,FAMILY,라운드티,5,5,7,274030
2024-06-21,FAMILY,셋업,2,2,3,256590
2024-06-21,FAMILY,패딩/슬림다운,1,1,1,99500
2024-06-21,FAMILY,등산화,1,1,1,94500
2024-06-21,FAMILY,하이킹,1,1,1,69500
2024-06-21,FAMILY,방수자켓,1,1,1,64500
2024-06-21,FAMILY,반바지,1,1,1,39500
2024-06-21,SILVER,여성,2,2,2,123980
2024-06-21,SILVER,남성,1,1,1,39200
2024-06-22,FAMILY,남성,8,8,10,846770
2024-06-22,FAMILY,긴바지,4,4,4,395540
2024-06-22,FAMILY,여성,2,2,3,239600
2024-06-22,FAMILY,자켓/ 베스트,1,1,1,146230
2024-06-22,FAMILY,라운드티,2,2,2,105840
2024-06-22,FAMILY,트레일러닝,1,1,1,90590
2024-06-22,SILVER,라운드티,1,1,2,70700
2024-06-23,FAMILY,남성,8,8,10,378100
2024-06-23,FAMILY,긴바지,3,3,3,204300
2024-06-23,FAMILY,라운드티,2,2,3,145500
2024-06-23,FAMILY,셋업,1,1,1,80200
2024-06-23,FAMILY,여성,1,1,1,74500
2024-06-23,FAMILY,가방,1,1,1,57520
2024-06-23,FAMILY,햇,1,1,1,17990
2024-06-23,SILVER,라운드티,1,1,3,157730
2024-06-23,SILVER,남성,2,2,2,142590
2024-06-24,FAMILY,남성,8,8,9,770610
2024-06-24,FAMILY,긴바지,4,4,4,353580
2024-06-24,FAMILY,라운드티,6,5,6,279290
2024-06-24,FAMILY,여성,3,3,4,232720
2024-06-24,FAMILY,반바지,2,2,2,78300
2024-06-24,FAMILY,셔츠,1,1,1,69350
2024-06-24,FAMILY,캡,1,1,2,42800
2024-06-24,GOLD,라운드티,1,1,1,59000
2024-06-25,FAMILY,남성,6,6,9,603100
2024-06-25,FAMILY,라운드티,6,5,9,336400
2024-06-25,FAMILY,긴바지,4,3,5,333640
2024-06-25,FAMILY,반바지,3,3,3,115910
2024-06-25,FAMILY,UNKNOWN,1,1,1,101300
2024-06-25,FAMILY,가방,1,1,1,89350
2024-06-25,FAMILY,바람막이,1,1,1,69500
2024-06-25,FAMILY,여성,1,1,1,10000
2024-06-25,SILVER,남성,1,1,2,104000
2024-06-25,SILVER,긴바지,1,1,1,69500
2024-06-25,SILVER,라운드티,1,1,1,34500
2024-06-26,FAMILY,라운드티,6,5,11,420950
2024-06-26,FAMILY,남성,4,4,4,175120
2024-06-26,FAMILY,긴바지,2,2,2,150300
2024-06-26,FAMILY,바람막이,1,1,1,142330
2024-06-26,FAMILY,반바지,3,3,4,127440
2024-06-26,FAMILY,여성,1,1,1,111970
2024-06-26,FAMILY,UNKNOWN,1,1,2,69000
2024-06-26,GOLD,긴바지,1,1,1,62300
2024-06-27,FAMILY,남성,9,9,15,664070
2024-06-27,FAMILY,라운드티,4,4,5,171690
2024-06-27,FAMILY,반바지,3,2,3,96800
2024-06-27,FAMILY,긴바지,1,1,1,44500
2024-06-27,GOLD,긴바지,1,1,1,69680
2024-06-27,SILVER,긴바지,1,1,1,69300
2024-06-27,SILVER,반바지,1,1,1,27000
2024-06-28,FAMILY,남성,8,8,8,454470
2024-06-28,FAMILY,긴바지,3,3,3,220850
2024-06-28,FAMILY,라운드티,3,3,3,165910
2024-06-28,FAMILY,여성,2,2,2,89770
2024-06-28,FAMILY,셋업,1,1,1,81320
2024-06-28,SILVER,긴바지,1,1,1,92800
2024-06-28,SILVER,남성,1,1,1,67000
2024-06-28,SILVER,라운드티,1,1,1,54200
2024-06-29,FAMILY,남성,3,3,3,254490
2024-06-29,FAMILY,자켓/ 베스트,1,1,1,150260
2024-06-29,FAMILY,긴바지,1,1,1,90540
2024-06-29,FAMILY,맨투맨/후드티,1,1,1,61070
2024-06-29,SILVER,긴바지,1,1,1,72140
2024-06-30,FAMILY,남성,8,8,8,799930
2024-06-30,FAMILY,셋업,2,2,2,309100
2024-06-30,FAMILY,라운드티,4,4,4,162280
2024-06-30,FAMILY,자켓/ 베스트,1,1,1,147000
2024-06-30,FAMILY,반바지,2,2,3,85580
2024-06-30,FAMILY,여성,1,1,1,74500
2024-06-30,FAMILY,가방,1,1,1,51530
2024-07-01,FAMILY,남성,8,8,10,463490
2024-07-01,FAMILY,하이킹,1,1,1,123090
2024-07-01,FAMILY,셋업,1,1,2,101810
2024-07-01,FAMILY,라운드티,2,2,2,73590
2024-07-01,FAMILY,UNKNOWN,1,1,1,38220
2024-07-01,SILVER,긴바지,1,1,1,62370
2024-07-01,SILVER,라운드티,1,1,1,31300
2024-07-02,FAMILY,남성,6,6,8,451900
2024-07-02,FAMILY,셋업,2,2,2,308200
2024-07-02,FAMILY,긴바지,1,1,1,189000
2024-07-02,FAMILY,자켓/ 베스트,1,1,1,149300
2024-07-02,FAMILY,가방,1,1,1,104300
2024-07-02,FAMILY,반바지,2,2,3,99380
2024-07-02,FAMILY,여성,1,1,1,59500
2024-07-02,FAMILY,라운드티,1,1,1,33920
2024-07-02,SILVER,남성,3,3,3,302890
2024-07-02,SILVER,긴바지,1,1,1,40830
2024-07-03,FAMILY,남성,9,4,12,619500
2024-07-03,FAMILY,여성,7,3,7,603300
2024-07-03,FAMILY,긴바지,2,2,3,174100
2024-07-03,FAMILY,셋업,2,2,2,167960
2024-07-03,FAMILY,라운드티,3,3,3,146430
2024-07-03,FAMILY,하이킹,1,1,1,132300
2024-07-03,FAMILY,등산화,1,1,1,109500
2024-07-03,FAMILY,자켓/ 베스트,1,1,1,109500
2024-07-03,FAMILY,반바지,1,1,1,39200
2024-07-03,FAMILY,UNKNOWN,1,1,1,34500
2024-07-03,SILVER,셋업,1,1,1,69500
2024-07-04,FAMILY,남성,7,7,11,696080
2024-07-04,FAMILY,긴바지,6,6,7,474220
2024-07-04,FAMILY,바람막이,1,1,3,238500
2024-07-04,FAMILY,라운드티,1,1,1,19240
2024-07-04,GOLD,라운드티,1,1,2,74400
2024-07-04,GOLD,남성,1,1,1,48300
2024-07-05,FAMILY,남성,7,7,7,368690
2024-07-05,FAMILY,여성,4,2,5,358770
2024-07-05,FAMILY,라운드티,6,6,10,358220
2024-07-05,FAMILY,긴바지,2,2,2,182800
2024-07-05,FAMILY,하이킹,1,1,1,160300
2024-07-05,FAMILY,등산화,1,1,1,109500
2024-07-05,FAMILY,셋업,2,2,2,85150
2024-07-05,FAMILY,UNKNOWN,1,1,1,60630
2024-07-05,FAMILY,반바지,2,2,2,57110
2024-07-05,FAMILY,크로스/토트백,1,1,1,26300
2024-07-05,SILVER,라운드티,2,2,2,73920
2024-07-05,SILVER,긴바지,1,1,1,64500
2024-07-05,SILVER,남성,1,1,2,39000
2024-07-06,FAMILY,남성,9,9,9,720960
2024-07-06,FAMILY,셋업,3,3,3,208180
2024-07-06,FAMILY,라운드티,4,4,5,174700
2024-07-06,FAMILY,패딩/슬림다운,1,1,1,99500
2024-07-06,FAMILY,긴바지,1,1,1,75180
2024-07-06,FAMILY,셔츠,1,1,1,69200
2024-07-06,FAMILY,여성,2,2,2,69000
2024-07-06,FAMILY,반바지,1,1,1,47020
2024-07-06,SILVER,남성,2,1,11,144000
2024-07-07,FAMILY,남성,3,3,4,196410
2024-07-07,FAMILY,라운드티,2,2,3,194730
2024-07-07,FAMILY,맨투맨/후드티,1,1,1,62300
2024-07-07,FAMILY,여성,1,1,2,62000
2024-07-07,FAMILY,반바지,1,1,1,58800
2024-07-07,FAMILY,가방,1,1,1,53610
2024-07-08,FAMILY,남성,10,9,14,657240
2024-07-08,FAMILY,여성,4,3,4,365050
2024-07-08,FAMILY,라운드티,6,6,6,189730
2024-07-08,FAMILY,셋업,1,1,1,84500
2024-07-08,FAMILY,UNKNOWN,1,1,1,66030
2024-07-08,FAMILY,긴바지,1,1,1,64500
2024-07-08,FAMILY,반바지,1,1,1,42200
2024-07-08,FAMILY,크로스/토트백,1,1,1,25520
2024-07-08,SILVER,트레일러닝,1,1,1,107840
2024-07-08,SILVER,바람막이,1,1,1,79500
2024-07-08,SILVER,남성,1,1,1,48300
2024-07-09,FAMILY,남성,10,8,13,691160
2024-07-09,FAMILY,여성,6,2,6,450100
2024-07-09,FAMILY,긴바지,2,2,4,329040
2024-07-09,FAMILY,라운드티,4,4,5,190130
2024-07-09,FAMILY,UNKNOWN,1,1,2,179000
2024-07-09,FAMILY,셋업,1,1,1,36600
2024-07-09,SILVER,긴바지,1,1,1,69300
2024-07-09,SILVER,반바지,1,1,1,51970
2024-07-09,SILVER,남성,1,1,1,50500
2024-07-09,SILVER,셋업,1,1,1,41670
2024-07-10,FAMILY,남성,9,9,13,474360
2024-07-10,FAMILY,라운드티,6,6,7,256100
2024-07-10,FAMILY,긴바지,3,3,4,243050
2024-07-10,FAMILY,자켓/ 베스트,1,1,1,209300
2024-07-10,FAMILY,셋업,2,2,2,182560
2024-07-10,FAMILY,UNKNOWN,2,2,2,119830
2024-07-10,FAMILY,여성,2,2,2,83940
2024-07-10,FAMILY,반바지,1,1,1,67620
2024-07-10,TITANIUM,긴바지,1,1,3,250600
2024-07-10,TITANIUM,반바지,1,1,2,118500
2024-07-11,FAMILY,남성,7,7,7,396540
2024-07-11,FAMILY,셋업,5,5,6,374610
2024-07-11,FAMILY,여성,2,2,2,193700
2024-07-11,FAMILY,라운드티,4,4,4,163550
2024-07-11,FAMILY,자켓/ 베스트,1,1,1,99500
2024-07-11,FAMILY,긴바지,1,1,1,80040
2024-07-11,FAMILY,가방,1,1,1,59300
2024-07-11,FAMILY,UNKNOWN,1,1,1,55640
2024-07-11,FAMILY,반바지,1,1,1,24500
2024-07-11,SILVER,긴바지,2,2,3,195870
2024-07-11,SILVER,라운드티,1,1,3,114920
2024-07-12,FAMILY,남성,6,6,11,383980
2024-07-12,FAMILY,셋업,4,4,4,330170
2024-07-12,FAMILY,라운드티,4,4,5,234880
2024-07-12,FAMILY,긴바지,2,2,2,153510
2024-07-12,FAMILY,상의,1,1,1,66360
2024-07-12,FAMILY,여성,1,1,1,48300
2024-07-12,FAMILY,햇,1,1,1,23110
2024-07-12,GOLD,긴바지,1,1,1,47190
2024-07-12,SILVER,라운드티,1,1,1,35410
2024-07-13,FAMILY,남성,8,8,10,485620
2024-07-13,FAMILY,라운드티,5,5,6,287050
2024-07-13,FAMILY,여성,1,1,1,85820
2024-07-13,FAMILY,셋업,1,1,1,69500
2024-07-13,FAMILY,긴바지,1,1,1,49500
2024-07-13,SILVER,남성,1,1,2,155240
2024-07-13,SILVER,하이킹,1,1,1,81550
2024-07-13,SILVER,라운드티,2,2,2,65110
2024-07-13,SILVER,햇,1,1,1,44710
2024-07-14,FAMILY,남성,11,10,14,610440
2024-07-14,FAMILY,라운드티,9,9,9,368220
2024-07-14,FAMILY,긴바지,5,5,5,294170
2024-07-14,FAMILY,셋업,1,1,1,61370
2024-07-14,FAMILY,햇,1,1,1,14500
2024-07-14,GOLD,남성,1,1,1,115500
2024-07-14,SILVER,라운드티,2,2,4,162700
2024-07-14,SILVER,반바지,2,2,2,103460
2024-07-14,SILVER,긴바지,1,1,1,66980
2024-07-15,FAMILY,남성,9,9,10,613550
2024-07-15,FAMILY,긴바지,3,3,3,280020
2024-07-15,FAMILY,라운드티,2,2,3,149840
2024-07-15,FAMILY,여성,3,3,3,137670
2024-07-15,FAMILY,셋업,2,2,2,101060
2024-07-15,FAMILY,UNKNOWN,1,1,1,52720
2024-07-15,FAMILY,반바지,1,1,1,48200
2024-07-15,SILVER,긴바지,2,2,2,131600
2024-07-15,SILVER,라운드티,1,1,1,47200
2024-07-15,SILVER,반바지,1,1,1,41300
2024-07-15,SILVER,여성,1,1,1,20000
2024-07-15,SILVER,남성,1,1,1,14000
2024-07-16,FAMILY,남성,9,9,9,410470
2024-07-16,FAMILY,긴바지,3,3,3,196600
2024-07-16,FAMILY,라운드티,3,3,3,153740
2024-07-16,FAMILY,여성,2,2,11,134550
2024-07-16,FAMILY,등산화,1,1,1,79500
2024-07-16,FAMILY,셋업,1,1,1,46300
2024-07-16,FAMILY,UNKNOWN,1,1,1,34500
2024-07-16,SILVER,라운드티,2,2,3,89920
2024-07-16,SILVER,UNKNOWN,1,1,1,54230
2024-07-17,FAMILY,긴바지,6,6,7,647110
2024-07-17,FAMILY,남성,9,9,12,517480
2024-07-17,FAMILY,셋업,3,3,3,403760
2024-07-17,FAMILY,라운드티,4,4,4,174530
2024-07-17,FAMILY,하이킹,1,1,1,124320
2024-07-17,FAMILY,가방,1,1,1,60540
2024-07-17,FAMILY,반바지,1,1,1,24500
2024-07-17,GOLD,남성,1,1,1,47530
2024-07-17,SILVER,라운드티,1,1,3,83500
2024-07-17,SILVER,여성,1,1,1,74500
2024-07-17,SILVER,반바지,1,1,1,39500
2024-07-17,TITANIUM,남성,1,1,1,19150
2024-07-18,FAMILY,남성,14,14,14,721740
2024-07-18,FAMILY,라운드티,10,10,12,536200
2024-07-18,FAMILY,여성,4,4,4,529980
2024-07-18,FAMILY,긴바지,7,7,7,505760
2024-07-18,FAMILY,바람막이,2,2,2,238780
2024-07-18,FAMILY,등산화,1,1,1,131570
2024-07-18,FAMILY,상의,2,2,2,110780
2024-07-18,FAMILY,반바지,2,2,2,88170
2024-07-18,FAMILY,방수자켓,1,1,1,76670
2024-07-18,FAMILY,UNKNOWN,1,1,1,61800
2024-07-18,FAMILY,셋업,1,1,1,55300
2024-07-18,FAMILY,햇,1,1,1,39000
2024-07-19,FAMILY,남성,6,6,8,466100
2024-07-19,FAMILY,긴바지,3,3,4,282690
2024-07-19,FAMILY,라운드티,4,4,4,183650
2024-07-19,FAMILY,셔츠,1,1,1,62110
2024-07-19,FAMILY,반바지,1,1,1,55140
2024-07-19,FAMILY,셋업,1,1,1,51720
2024-07-19,FAMILY,가방,1,1,1,50840
2024-07-19,FAMILY,UNKNOWN,1,1,1,31630
2024-07-19,GOLD,남성,1,1,1,119200
2024-07-19,SILVER,남성,1,1,2,205270
2024-07-19,SILVER,UNKNOWN,1,1,1,62100
2024-07-19,SILVER,긴바지,1,1,1,53840
2024-07-20,FAMILY,남성,10,10,11,847900
2024-07-20,FAMILY,라운드티,6,6,7,318020
2024-07-20,FAMILY,긴바지,3,3,3,217780
2024-07-20,FAMILY,UNKNOWN,1,1,1,161100
2024-07-20,FAMILY,여성,2,2,2,144660
2024-07-20,FAMILY,셋업,1,1,1,83300
2024-07-20,FAMILY,반바지,1,1,1,32160
2024-07-20,FAMILY,크로스/토트백,1,1,1,24750
2024-07-20,SILVER,남성,1,1,2,122330
2024-07-20,SILVER,반바지,1,1,1,46470
2024-07-21,FAMILY,남성,11,11,14,667440
2024-07-21,FAMILY,라운드티,6,6,10,383500
2024-07-21,FAMILY,방수자켓,1,1,2,180600
2024-07-21,FAMILY,긴바지,2,2,2,137970
2024-07-21,FAMILY,바람막이,1,1,1,106470
2024-07-21,FAMILY,UNKNOWN,2,2,2,95230
2024-07-21,FAMILY,셋업,1,1,1,43690
2024-07-21,FAMILY,반바지,1,1,1,28940
2024-07-21,SILVER,남성,2,2,2,38760
2024-07-22,FAMILY,남성,5,5,6,356720
2024-07-22,FAMILY,라운드티,3,3,6,308020
2024-07-22,FAMILY,긴바지,3,3,3,184630
2024-07-22,FAMILY,하이킹,1,1,1,125560
2024-07-22,FAMILY,셋업,1,1,1,78650
2024-07-22,FAMILY,반바지,2,2,2,70560
2024-07-22,FAMILY,크로스/토트백,1,1,1,27500
2024-07-23,FAMILY,남성,7,7,9,412530
2024-07-23,FAMILY,셋업,3,3,3,219050
2024-07-23,FAMILY,라운드티,3,3,3,117810
2024-07-23,FAMILY,긴바지,1,1,1,66000
2024-07-23,FAMILY,UNKNOWN,1,1,1,53440
2024-07-23,FAMILY,햇,1,1,1,29000
2024-07-23,FAMILY,크로스/토트백,1,1,1,27500
2024-07-23,FAMILY,여성,1,1,1,10000
2024-07-23,SILVER,라운드티,1,1,1,62100
2024-07-23,SILVER,남성,2,2,2,60140
2024-07-24,FAMILY,남성,7,7,7,479310
2024-07-24,FAMILY,라운드티,4,4,4,204490
2024-07-24,FAMILY,바람막이,1,1,1,132730
2024-07-24,FAMILY,셋업,1,1,1,128010
2024-07-24,FAMILY,여성,1,1,1,118210
2024-07-24,FAMILY,긴바지,1,1,1,69300
2024-07-24,FAMILY,가방,1,1,1,60830
2024-07-24,FAMILY,UNKNOWN,1,1,1,37000
2024-07-24,GOLD,긴바지,1,1,1,116880
2024-07-24,GOLD,라운드티,1,1,2,88780
2024-07-24,SILVER,남성,1,1,3,166890
2024-07-24,SILVER,라운드티,1,1,1,51640
2024-07-25,FAMILY,남성,11,11,15,606250
2024-07-25,FAMILY,셋업,4,4,6,317040
2024-07-25,FAMILY,자켓/ 베스트,2,2,2,255210
2024-07-25,FAMILY,라운드티,5,5,6,235000
2024-07-25,FAMILY,여성,1,1,1,109200
2024-07-25,FAMILY,반바지,2,2,2,69990
2024-07-25,FAMILY,긴바지,1,1,1,59430
2024-07-25,GOLD,남성,1,1,1,64300
2024-07-26,FAMILY,남성,13,13,20,891590
2024-07-26,FAMILY,라운드티,5,5,7,338410
2024-07-26,FAMILY,긴바지,3,3,4,244250
2024-07-26,FAMILY,여성,2,2,2,235550
2024-07-26,FAMILY,등산화,1,1,1,150410
2024-07-26,FAMILY,반바지,2,2,2,71580
2024-07-26,FAMILY,셔츠,1,1,1,69320
2024-07-26,FAMILY,셋업,1,1,1,62300
2024-07-26,FAMILY,UNKNOWN,1,1,1,59000
2024-07-26,FAMILY,햇,1,1,1,45500
2024-07-27,FAMILY,남성,5,5,6,370440
2024-07-27,FAMILY,셋업,2,2,2,156130
2024-07-27,FAMILY,라운드티,2,2,2,95140
2024-07-27,FAMILY,카고/조거,1,1,1,81880
2024-07-27,FAMILY,반바지,1,1,1,62090
2024-07-27,FAMILY,긴바지,1,1,1,60510
2024-07-27,FAMILY,UNKNOWN,1,1,1,55200
2024-07-27,FAMILY,여성,1,1,1,43600
2024-07-27,SILVER,라운드티,2,2,2,87020
2024-07-27,SILVER,남성,1,1,1,67950
2024-07-27,SILVER,여성,1,1,1,33910
2024-07-28,FAMILY,남성,5,5,5,423660
2024-07-28,FAMILY,라운드티,4,3,4,231330
2024-07-28,FAMILY,자켓/ 베스트,1,1,1,201250
2024-07-28,FAMILY,긴바지,2,2,2,184850
2024-07-28,FAMILY,셋업,1,1,1,64500
2024-07-28,FAMILY,맨투맨/후드티,1,1,1,59550
2024-07-28,FAMILY,반바지,1,1,1,55300
2024-07-28,FAMILY,여성,1,1,1,36300
2024-07-28,SILVER,라운드티,2,2,4,157290
2024-07-29,FAMILY,남성,6,6,9,318570
2024-07-29,FAMILY,등산화,1,1,1,143200
2024-07-29,FAMILY,셔츠,2,2,2,142400
2024-07-29,FAMILY,가방,2,2,2,140070
2024-07-29,FAMILY,UNKNOWN,2,2,2,135900
2024-07-29,FAMILY,라운드티,3,3,3,100030
2024-07-29,FAMILY,바람막이,1,1,1,84500
2024-07-29,FAMILY,긴바지,1,1,1,64480
2024-07-29,FAMILY,셋업,1,1,1,48300
2024-07-29,FAMILY,반바지,1,1,1,39200
2024-07-29,SILVER,라운드티,2,2,3,134920
2024-07-30,FAMILY,남성,10,10,25,1033700
2024-07-30,FAMILY,긴바지,3,3,3,203120
2024-07-30,FAMILY,라운드티,3,3,3,117290
2024-07-30,FAMILY,여성,2,2,2,100090
2024-07-30,FAMILY,반바지,2,2,2,79950
2024-07-30,FAMILY,등산화,1,1,1,79500
2024-07-30,FAMILY,카고/조거,1,1,1,58550
2024-07-30,FAMILY,맨투맨/후드티,1,1,1,53780
2024-07-30,FAMILY,볼캡,1,1,1,15780
2024-07-30,GOLD,남성,1,1,1,149860
2024-07-30,SILVER,자켓/ 베스트,1,1,1,97000
2024-07-30,SILVER,반바지,1,1,1,38110
2024-07-31,FAMILY,가방,1,1,5,415000
2024-07-31,FAMILY,셋업,1,1,2,173140
2024-07-31,FAMILY,남성,4,4,4,108330
2024-07-31,FAMILY,라운드티,2,2,3,106200
2024-07-31,FAMILY,맨투맨/후드티,1,1,1,62300
2024-07-31,FAMILY,반바지,1,1,1,32560
2024-07-31,FAMILY,볼캡,1,1,1,28490
2024-07-31,FAMILY,크로스/토트백,1,1,1,27010
2024-07-31,SILVER,남성,1,1,1,138940
2024-07-31,SILVER,라운드티,1,1,1,49990
2024-08-01,FAMILY,라운드티,5,5,6,197360
2024-08-01,FAMILY,긴바지,1,1,3,178500
2024-08-01,FAMILY,여성,2,2,2,131540
2024-08-01,FAMILY,하이킹,1,1,1,94500
2024-08-01,FAMILY,남성,3,2,3,93630
2024-08-01,FAMILY,바람막이,1,1,1,79500
2024-08-01,FAMILY,셋업,1,1,1,69500
2024-08-01,FAMILY,상의,1,1,1,61210
2024-08-01,SILVER,남성,1,1,3,215640
2024-08-01,SILVER,라운드티,3,3,3,97470
2024-08-01,SILVER,긴바지,1,1,1,56070
2024-08-01,SILVER,맨투맨/후드티,1,1,1,56070
2024-08-02,FAMILY,남성,9,9,10,466380
2024-08-02,FAMILY,라운드티,4,4,7,278720
2024-08-02,FAMILY,자켓/ 베스트,1,1,1,99790
2024-08-02,FAMILY,방수자켓,1,1,1,89390
2024-08-02,FAMILY,가방,1,1,1,83490
2024-08-02,FAMILY,맨투맨/후드티,1,1,1,62300
2024-08-02,FAMILY,긴바지,1,1,1,54500
2024-08-02,FAMILY,UNKNOWN,1,1,1,47080
2024-08-02,FAMILY,여성,1,1,1,45040
2024-08-02,FAMILY,셋업,1,1,1,39500
2024-08-02,FAMILY,반바지,1,1,1,38810
2024-08-03,FAMILY,라운드티,6,6,6,242540
2024-08-03,FAMILY,남성,4,4,4,220210
2024-08-03,FAMILY,등산화,1,1,1,113140
2024-08-03,FAMILY,셋업,1,1,1,76710
2024-08-03,FAMILY,긴바지,1,1,1,68670
2024-08-03,FAMILY,UNKNOWN,1,1,1,49680
2024-08-03,FAMILY,반바지,1,1,1,39200
2024-08-03,GOLD,UNKNOWN,1,1,1,45760
2024-08-03,SILVER,남성,1,1,1,101890
2024-08-04,FAMILY,남성,7,7,8,391330
2024-08-04,FAMILY,셋업,1,1,1,51330
2024-08-04,FAMILY,라운드티,1,1,1,37170
2024-08-04,SILVER,라운드티,1,1,1,64800
2024-08-05,FAMILY,남성,5,5,5,200640
2024-08-05,FAMILY,라운드티,3,3,5,199630
2024-08-05,FAMILY,여성,1,1,1,79600
2024-08-05,FAMILY,카고/조거,1,1,1,54500
2024-08-05,FAMILY,긴바지,1,1,1,51060
2024-08-05,GOLD,남성,1,1,2,35800
2024-08-05,SILVER,셋업,2,2,2,203400
2024-08-05,SILVER,라운드티,1,1,1,40640
2024-08-06,FAMILY,남성,7,7,8,598380
2024-08-06,FAMILY,라운드티,2,2,2,85770
2024-08-06,FAMILY,셋업,1,1,1,61020
2024-08-06,FAMILY,자켓/베스트,1,1,1,45300
2024-08-06,GOLD,긴바지,1,1,1,73730
2024-08-06,GOLD,라운드티,1,1,1,45610
2024-08-06,GOLD,남성,1,1,1,9660
2024-08-06,SILVER,남성,4,4,5,335190
2024-08-06,SILVER,등산화,1,1,1,135200
2024-08-06,SILVER,UNKNOWN,1,1,1,44500
2024-08-06,SILVER,라운드티,1,1,1,39500
2024-08-07,FAMILY,남성,7,7,9,420930
2024-08-07,FAMILY,라운드티,2,2,3,148640
2024-08-07,FAMILY,여성,1,1,1,75990
2024-08-07,FAMILY,반바지,1,1,1,45200
2024-08-07,FAMILY,상의,1,1,1,39110
2024-08-07,FAMILY,UNKNOWN,1,1,1,34500
2024-08-07,GOLD,남성,1,1,1,47200
2024-08-07,SILVER,남성,1,1,1,79200
2024-08-08,FAMILY,남성,16,16,20,947880
2024-08-08,FAMILY,셋업,3,3,4,244290
2024-08-08,FAMILY,긴바지,2,2,2,158620
2024-08-08,FAMILY,반바지,3,3,3,126390
2024-08-08,FAMILY,라운드티,1,1,1,35620
2024-08-08,GOLD,라운드티,1,1,2,122660
2024-08-08,GOLD,긴바지,1,1,1,74040
2024-08-08,SILVER,긴바지,1,1,1,60910
2024-08-08,SILVER,라운드티,1,1,1,34450
2024-08-08,TITANIUM,라운드티,1,1,2,88500
2024-08-08,TITANIUM,셋업,1,1,1,83300
2024-08-09,FAMILY,남성,10,10,12,702060
2024-08-09,FAMILY,라운드티,3,3,4,169200
2024-08-09,FAMILY,자켓/ 베스트,1,1,1,108180
2024-08-09,FAMILY,긴바지,1,1,1,49500
2024-08-09,FAMILY,셋업,1,1,1,39500
2024-08-09,FAMILY,반바지,1,1,1,39200
2024-08-09,FAMILY,UNKNOWN,1,1,1,22000
2024-08-09,SILVER,UNKNOWN,2,1,25,1112500
2024-08-09,SILVER,남성,1,1,8,356000
2024-08-10,FAMILY,남성,8,8,20,432300
2024-08-10,FAMILY,긴바지,2,2,2,188300
2024-08-10,FAMILY,바람막이,1,1,1,98320
2024-08-10,FAMILY,하이킹,1,1,1,80470
2024-08-10,FAMILY,라운드티,2,2,2,65700
2024-08-10,FAMILY,반바지,1,1,1,35000
2024-08-10,FAMILY,여성,1,1,1,10000
2024-08-10,SILVER,가방,2,2,2,137240
2024-08-10,SILVER,UNKNOWN,1,1,1,35890
2024-08-11,FAMILY,남성,5,5,6,205530
2024-08-11,FAMILY,UNKNOWN,1,1,1,95670
2024-08-11,FAMILY,가방,1,1,1,86700
2024-08-11,FAMILY,라운드티,1,1,2,77270
2024-08-11,FAMILY,긴바지,1,1,1,69300
2024-08-11,FAMILY,상의,1,1,1,66120
2024-08-11,FAMILY,여성,1,1,1,40000
2024-08-11,FAMILY,셋업,1,1,1,37530
2024-08-12,FAMILY,남성,7,7,7,266610
2024-08-12,FAMILY,라운드티,4,4,4,168620
2024-08-12,FAMILY,여성,1,1,1,12280
2024-08-12,SILVER,남성,1,1,4,276000
2024-08-13,FAMILY,남성,6,6,7,505440
2024-08-13,FAMILY,하이킹,1,1,2,210000
2024-08-13,FAMILY,긴바지,2,2,2,207300
2024-08-13,FAMILY,가방,1,1,2,166000
2024-08-13,FAMILY,셋업,1,1,2,129000
2024-08-13,FAMILY,여성,1,1,1,111300
2024-08-13,FAMILY,UNKNOWN,1,1,1,69000
2024-08-13,FAMILY,폴로/집업티,1,1,1,62300
2024-08-13,FAMILY,반바지,2,2,2,57040
2024-08-13,FAMILY,라운드티,1,1,1,39220
2024-08-13,GOLD,긴바지,1,1,1,74800
2024-08-13,GOLD,셋업,1,1,1,74800
2024-08-14,FAMILY,남성,8,8,16,852220
2024-08-14,FAMILY,여성,2,2,3,233620
2024-08-14,FAMILY,긴바지,2,2,3,200900
2024-08-14,FAMILY,셋업,1,1,1,135200
2024-08-14,FAMILY,라운드티,3,3,3,103460
2024-08-14,FAMILY,UNKNOWN,1,1,1,52910
2024-08-14,SILVER,남성,1,1,1,36050
2024-08-14,SILVER,라운드티,1,1,1,35330
2024-08-15,FAMILY,남성,4,4,4,267060
2024-08-15,FAMILY,셋업,1,1,1,100330
2024-08-15,FAMILY,라운드티,1,1,2,91000
2024-08-15,FAMILY,긴바지,1,1,1,54540
2024-08-15,GOLD,등산화,1,1,1,141690
2024-08-15,GOLD,라운드티,1,1,1,65810
2024-08-16,FAMILY,남성,5,5,5,294600
2024-08-16,FAMILY,여성,1,1,1,77430
2024-08-16,FAMILY,상의,1,1,1,54370
2024-08-16,GOLD,남성,1,1,1,59750
2024-08-16,GOLD,UNKNOWN,1,1,1,37600
2024-08-16,SILVER,셋업,1,1,1,42450
2024-08-17,FAMILY,남성,4,4,4,299910
2024-08-17,FAMILY,셋업,2,2,2,137420
2024-08-17,FAMILY,라운드티,3,3,3,110030
2024-08-17,FAMILY,상의,1,1,1,57540
2024-08-17,FAMILY,맨투맨/후드티,1,1,1,52140
2024-08-17,SILVER,남성,1,1,1,36670
2024-08-18,FAMILY,남성,5,5,7,393200
2024-08-18,FAMILY,자켓/ 베스트,1,1,1,196000
2024-08-18,FAMILY,라운드티,2,2,2,78290
2024-08-18,FAMILY,셋업,1,1,1,32030
2024-08-18,GOLD,라운드티,1,1,2,74740
2024-08-18,SILVER,여성,1,1,1,104390
2024-08-18,SILVER,UNKNOWN,1,1,1,67190
2024-08-19,FAMILY,남성,6,6,7,369790
2024-08-19,FAMILY,라운드티,4,4,5,206740
2024-08-19,FAMILY,등산화,1,1,1,109500
2024-08-19,FAMILY,하이킹,1,1,1,83000
2024-08-19,FAMILY,긴바지,1,1,1,57210
2024-08-19,SILVER,남성,2,2,7,101500
2024-08-19,SILVER,긴바지,1,1,1,76300
2024-08-20,FAMILY,남성,10,10,11,799310
2024-08-20,FAMILY,등산화,1,1,1,173310
2024-08-20,FAMILY,여성,1,1,1,79500
2024-08-20,FAMILY,UNKNOWN,1,1,1,71400
2024-08-20,FAMILY,반바지,2,2,2,64500
2024-08-20,FAMILY,라운드티,1,1,1,24500
2024-08-20,SILVER,남성,2,2,2,51910
2024-08-20,SILVER,반바지,1,1,1,48820
2024-08-21,FAMILY,남성,6,6,7,257610
2024-08-21,FAMILY,긴바지,2,2,2,144510
2024-08-21,FAMILY,라운드티,3,3,3,117120
2024-08-21,FAMILY,상의,1,1,1,64040
2024-08-21,FAMILY,여성,2,2,2,56060
2024-08-21,FAMILY,볼캡,1,1,1,27340
2024-08-21,FAMILY,UNKNOWN,1,1,1,25310
2024-08-21,GOLD,남성,1,1,1,47200
2024-08-21,SILVER,남성,1,1,3,154710
2024-08-21,SILVER,긴바지,1,1,1,76300
2024-08-22,FAMILY,남성,12,12,16,1460550
2024-08-22,FAMILY,등산화,2,2,2,314540
2024-08-22,FAMILY,라운드티,3,3,3,114710
2024-08-22,FAMILY,반바지,2,2,2,88300
2024-08-22,FAMILY,긴바지,1,1,1,76300
2024-08-22,SILVER,긴바지,1,1,1,62200
2024-08-22,SILVER,남성,1,1,1,48300
2024-08-22,SILVER,라운드티,1,1,1,43350
2024-08-23,FAMILY,등산화,2,2,2,336590
2024-08-23,FAMILY,남성,3,3,3,261250
2024-08-23,FAMILY,긴바지,2,2,2,189470
2024-08-23,FAMILY,라운드티,2,2,2,99940
2024-08-23,FAMILY,셋업,1,1,1,72520
2024-08-23,FAMILY,가방,1,1,1,57770
2024-08-23,FAMILY,UNKNOWN,1,1,1,44500
2024-08-24,FAMILY,남성,2,2,2,185300
2024-08-24,FAMILY,라운드티,3,3,4,153450
2024-08-24,FAMILY,셋업,1,1,1,134210
2024-08-24,FAMILY,바람막이,1,1,1,117430
2024-08-24,FAMILY,여성,1,1,2,88000
2024-08-24,FAMILY,긴바지,1,1,1,69300
2024-08-24,SILVER,긴바지,1,1,1,57830
2024-08-25,FAMILY,남성,10,10,13,833520
2024-08-25,FAMILY,여성,2,2,2,216500
2024-08-25,FAMILY,라운드티,4,4,4,157640
2024-08-25,FAMILY,등산화,1,1,1,109500
2024-08-25,FAMILY,긴바지,1,1,1,98950
2024-08-25,FAMILY,셋업,1,1,1,61440
2024-08-25,FAMILY,반바지,1,1,1,39950
2024-08-25,SILVER,남성,1,1,2,338000
2024-08-25,SILVER,반바지,1,1,1,26260
2024-08-26,FAMILY,남성,7,7,11,623940
2024-08-26,FAMILY,라운드티,3,3,4,149880
2024-08-26,FAMILY,긴바지,2,2,2,121080
2024-08-26,FAMILY,셋업,1,1,1,115120
2024-08-26,FAMILY,맨투맨/후드티,1,1,1,62300
2024-08-26,FAMILY,상의,1,1,1,59700
2024-08-26,FAMILY,볼캡,1,1,1,25510
2024-08-26,GOLD,상의,1,1,1,61330
2024-08-26,SILVER,트레일러닝,1,1,1,100660
2024-08-27,FAMILY,남성,11,10,33,2585380
2024-08-27,FAMILY,하이킹,1,1,1,128590
2024-08-27,FAMILY,바람막이,1,1,1,99780
2024-08-27,FAMILY,라운드티,2,2,2,87800
2024-08-27,FAMILY,여성,1,1,1,58480
2024-08-27,FAMILY,액세서리,1,1,1,4940
2024-08-27,SILVER,남성,1,1,1,29000
2024-08-28,FAMILY,남성,8,8,10,514810
2024-08-28,FAMILY,등산화,1,1,1,160650
2024-08-28,FAMILY,라운드티,3,3,4,158400
2024-08-28,SILVER,남성,1,1,4,210000
2024-08-28,SILVER,여성,1,1,1,79500
2024-08-28,SILVER,라운드티,1,1,1,39500
2024-08-28,SILVER,UNKNOWN,1,1,1,34500
2024-08-29,FAMILY,남성,5,5,6,250640
2024-08-29,FAMILY,여성,1,1,2,159200
2024-08-29,FAMILY,긴바지,2,2,2,149030
2024-08-29,FAMILY,가방,1,1,1,75340
2024-08-29,FAMILY,라운드티,1,1,1,44210
2024-08-29,SILVER,긴바지,1,1,1,59170
2024-08-30,FAMILY,남성,10,10,16,681960
2024-08-30,FAMILY,자켓/ 베스트,1,1,1,195030
2024-08-30,FAMILY,바람막이,2,2,2,185780
2024-08-30,FAMILY,긴바지,1,1,1,85620
2024-08-30,FAMILY,여성,1,1,2,74000
2024-08-30,FAMILY,가방,1,1,1,71970
2024-08-30,FAMILY,라운드티,2,2,2,69130
2024-08-30,FAMILY,방수자켓,1,1,1,64500
2024-08-30,GOLD,남성,1,1,4,160000
2024-08-30,SILVER,가방,1,1,1,73160
2024-08-31,FAMILY,라운드티,5,5,7,293290
2024-08-31,FAMILY,남성,5,5,5,230440
2024-08-31,FAMILY,자켓/ 베스트,2,2,2,200210
2024-08-31,FAMILY,셋업,1,1,3,162020
2024-08-31,FAMILY,반바지,1,1,2,87940
2024-08-31,FAMILY,패딩/슬림다운,1,1,1,74500
2024-08-31,FAMILY,긴바지,1,1,1,55970
2024-08-31,FAMILY,UNKNOWN,1,1,1,33560
2024-08-31,SILVER,남성,1,1,1,44500
2024-09-01,FAMILY,남성,6,6,7,481810
2024-09-01,FAMILY,셋업,2,1,4,292740
2024-09-01,FAMILY,긴바지,3,3,3,202480
2024-09-01,FAMILY,라운드티,2,2,4,155290
2024-09-01,FAMILY,자켓/ 베스트,1,1,1,130780
2024-09-01,FAMILY,등산화,1,1,1,95970
2024-09-01,FAMILY,셔츠,1,1,1,68190
2024-09-01,FAMILY,크로스/토트백,1,1,1,31980
2024-09-01,FAMILY,볼캡,1,1,1,28100
2024-09-01,SILVER,남성,2,2,3,316200
2024-09-01,SILVER,여성,1,1,1,125480
2024-09-01,SILVER,긴바지,1,1,1,56120
2024-09-02,FAMILY,남성,7,7,11,485590
2024-09-02,FAMILY,여성,1,1,2,69000
2024-09-02,FAMILY,반바지,1,1,1,51020
2024-09-02,FAMILY,라운드티,1,1,1,38300
2024-09-02,SILVER,남성,1,1,2,94570
2024-09-02,SILVER,긴바지,1,1,1,74350
2024-09-03,FAMILY,남성,19,19,23,803430
2024-09-03,FAMILY,라운드티,6,6,7,238050
2024-09-03,FAMILY,하이킹,2,2,2,183780
2024-09-03,FAMILY,여성,3,3,3,120130
2024-09-03,FAMILY,상의,2,2,2,113300
2024-09-03,FAMILY,셋업,2,2,2,106550
2024-09-03,FAMILY,바람막이,1,1,1,79040
2024-09-03,FAMILY,맨투맨/후드티,1,1,1,50320
2024-09-03,FAMILY,긴바지,1,1,1,49500
2024-09-03,SILVER,남성,2,2,2,148880
2024-09-03,SILVER,자켓/ 베스트,1,1,1,128900
2024-09-04,FAMILY,남성,9,9,10,403230
2024-09-04,FAMILY,라운드티,7,7,7,341230
2024-09-04,FAMILY,자켓/ 베스트,2,2,2,166610
2024-09-04,FAMILY,여성,1,1,1,137520
2024-09-04,FAMILY,긴바지,2,2,2,128560
2024-09-04,FAMILY,바람막이,1,1,1,85550
2024-09-04,FAMILY,자켓/베스트,1,1,1,72530
2024-09-04,FAMILY,셋업,1,1,1,69350
2024-09-04,FAMILY,반바지,1,1,1,28050
2024-09-04,FAMILY,액세서리,1,1,1,8110
2024-09-04,SILVER,남성,2,2,2,153850
2024-09-04,SILVER,라운드티,2,2,3,146100
2024-09-05,FAMILY,남성,14,14,24,1055100
2024-09-05,FAMILY,긴바지,5,5,5,335660
2024-09-05,FAMILY,등산화,2,2,2,261650
2024-09-05,FAMILY,패딩/슬림다운,1,1,1,100890
2024-09-05,FAMILY,자켓/ 베스트,1,1,1,94740
2024-09-05,FAMILY,라운드티,2,2,2,81660
2024-09-05,FAMILY,하이킹,1,1,1,78540
2024-09-05,FAMILY,상의,1,1,1,62330
2024-09-05,FAMILY,액세서리,1,1,1,5500
2024-09-05,SILVER,남성,1,1,2,110460
2024-09-05,SILVER,자켓/베스트,1,1,1,85050
2024-09-05,SILVER,가방,1,1,1,81990
2024-09-05,SILVER,셋업,1,1,1,75930
2024-09-06,FAMILY,남성,5,5,9,379770
2024-09-06,FAMILY,긴바지,3,3,3,161420
2024-09-06,FAMILY,하이킹,1,1,1,80130
2024-09-06,FAMILY,라운드티,1,1,2,59000
2024-09-06,SILVER,남성,1,1,1,7500
2024-09-07,FAMILY,남성,4,4,4,230940
2024-09-07,FAMILY,긴바지,2,2,2,129730
2024-09-07,FAMILY,여성,1,1,1,123920
2024-09-07,FAMILY,카고/조거,1,1,1,104700
2024-09-07,FAMILY,트레일러닝,1,1,1,99000
2024-09-07,FAMILY,가방,1,1,1,64910
2024-09-07,FAMILY,라운드티,1,1,1,29500
2024-09-07,FAMILY,반바지,1,1,1,17570
2024-09-07,FAMILY,액세서리,1,1,2,15550
2024-09-07,SILVER,바람막이,1,1,1,118740
2024-09-07,SILVER,셋업,1,1,1,53100
2024-09-07,SILVER,라운드티,1,1,1,47200
2024-09-08,FAMILY,남성,18,18,21,676010
2024-09-08,FAMILY,긴바지,3,3,3,190780
2024-09-08,FAMILY,여성,2,2,2,177500
2024-09-08,FAMILY,라운드티,4,4,5,158640
2024-09-08,FAMILY,자켓/ 베스트,1,1,1,87080
2024-09-08,FAMILY,반바지,2,2,2,72950
2024-09-08,FAMILY,바람막이,1,1,1,66150
2024-09-08,SILVER,라운드티,1,1,5,200570
2024-09-08,SILVER,셋업,1,1,3,182350
2024-09-08,SILVER,남성,3,3,6,132060
2024-09-08,SILVER,긴바지,1,1,1,65530
2024-09-08,SILVER,상의,1,1,1,60900
2024-09-08,SILVER,반바지,1,1,1,36720
2024-09-08,SILVER,액세서리,1,1,1,5500
2024-09-09,FAMILY,남성,5,5,7,411900
2024-09-09,FAMILY,긴바지,3,3,5,401520
2024-09-09,FAMILY,여성,1,1,1,174500
2024-09-09,FAMILY,라운드티,3,3,3,115980
2024-09-09,FAMILY,등산화,1,1,1,109500
2024-09-10,FAMILY,남성,7,6,8,838020
2024-09-10,FAMILY,라운드티,2,2,3,136580
2024-09-10,FAMILY,긴바지,2,2,2,121440
2024-09-10,FAMILY,등산화,1,1,1,109500
2024-09-10,FAMILY,폴로티/집업,1,1,2,79000
2024-09-10,FAMILY,셋업,1,1,1,62300
2024-09-10,FAMILY,UNKNOWN,1,1,1,44500
2024-09-10,GOLD,패딩/슬림다운,1,1,1,101540
2024-09-10,GOLD,긴바지,1,1,1,57710
2024-09-10,GOLD,맨투맨/후드티,1,1,1,57520
2024-09-10,SILVER,방수자켓,1,1,1,80630
2024-09-10,SILVER,가방,1,1,1,74110
2024-09-10,SILVER,자켓/베스트,1,1,1,70000
2024-09-10,SILVER,반바지,1,1,1,35000
2024-09-10,SILVER,남성,1,1,1,34820
2024-09-11,FAMILY,남성,17,17,26,741110
2024-09-11,FAMILY,등산화,1,1,1,219000
2024-09-11,FAMILY,라운드티,4,4,5,172460
2024-09-11,FAMILY,긴바지,4,4,4,164990
2024-09-11,FAMILY,가방,2,2,2,144760
2024-09-11,FAMILY,자켓/ 베스트,1,1,1,101320
2024-09-11,FAMILY,반바지,2,2,2,70740
2024-09-11,FAMILY,상의,1,1,1,62960
2024-09-11,FAMILY,자켓/베스트,1,1,1,52370
2024-09-11,FAMILY,셋업,1,1,1,33510
2024-09-11,SILVER,남성,1,1,1,91590
2024-09-11,TITANIUM,남성,1,1,1,19600
2024-09-12,FAMILY,남성,44,43,62,2501240
2024-09-12,FAMILY,긴바지,10,10,10,635680
2024-09-12,FAMILY,셋업,8,8,10,575840
2024-09-12,FAMILY,등산화,1,1,5,472500
2024-09-12,FAMILY,라운드티,11,11,12,350030
2024-09-12,FAMILY,가방,2,2,2,153030
2024-09-12,FAMILY,여성,2,2,2,115550
2024-09-12,FAMILY,상의,2,2,2,80000
2024-09-12,FAMILY,반바지,3,3,3,69810
2024-09-12,FAMILY,자켓/ 베스트,1,1,1,64980
2024-09-12,FAMILY,방수자켓,1,1,1,54880
2024-09-12,FAMILY,자켓/베스트,1,1,1,31030
2024-09-12,FAMILY,액세서리,1,1,1,8680
2024-09-12,SILVER,남성,5,5,6,335790
2024-09-12,SILVER,긴바지,2,2,2,112840
2024-09-12,SILVER,여성,1,1,1,72500
2024-09-13,FAMILY,남성,14,14,21,911180
2024-09-13,FAMILY,긴바지,7,7,8,469270
2024-09-13,FAMILY,셋업,4,4,4,224460
2024-09-13,FAMILY,라운드티,5,5,5,127490
2024-09-13,FAMILY,UNKNOWN,2,2,2,118920
2024-09-13,FAMILY,자켓/ 베스트,1,1,1,92160
2024-09-13,FAMILY,하이킹,1,1,1,85390
2024-09-13,FAMILY,여성,1,1,1,85100
2024-09-13,FAMILY,트레일러닝,1,1,1,71710
2024-09-13,GOLD,남성,1,1,1,78840
2024-09-13,SILVER,남성,1,1,1,51200
2024-09-13,SILVER,라운드티,1,1,2,46330
2024-09-14,FAMILY,남성,10,10,10,503560
2024-09-14,FAMILY,긴바지,3,3,3,193820
2024-09-14,FAMILY,라운드티,5,5,5,148080
2024-09-14,FAMILY,셋업,2,2,2,115140
2024-09-14,FAMILY,반바지,4,4,4,109340
2024-09-14,FAMILY,자켓/베스트,1,1,1,82330
2024-09-14,FAMILY,상의,1,1,1,51000
2024-09-14,FAMILY,액세서리,1,1,1,7220
2024-09-14,SILVER,남성,2,2,2,97700
2024-09-14,SILVER,셋업,1,1,1,55430
2024-09-14,TITANIUM,여성,1,1,1,150000
2024-09-14,TITANIUM,남성,1,1,1,150000
2024-09-15,FAMILY,남성,16,16,18,561060
2024-09-15,FAMILY,라운드티,9,9,13,387460
2024-09-15,FAMILY,셋업,2,2,2,156290
2024-09-15,FAMILY,여성,2,2,2,125170
2024-09-15,FAMILY,셔츠,1,1,1,123330
2024-09-15,FAMILY,가방,1,1,1,83000
2024-09-15,FAMILY,긴바지,1,1,1,67000
2024-09-15,FAMILY,반바지,2,2,2,60100
2024-09-15,FAMILY,폴로티/집업,1,1,1,50840
2024-09-15,FAMILY,상의,1,1,1,47270
2024-09-15,SILVER,라운드티,1,1,1,55300
2024-09-15,SILVER,남성,1,1,2,26580
2024-09-16,FAMILY,남성,11,11,16,499150
2024-09-16,FAMILY,가방,1,1,5,387640
2024-09-16,FAMILY,여성,3,3,4,362060
2024-09-16,FAMILY,라운드티,4,4,4,86560
2024-09-16,FAMILY,UNKNOWN,1,1,1,73300
2024-09-16,FAMILY,셋업,1,1,1,53660
2024-09-16,FAMILY,긴바지,1,1,1,46990
2024-09-16,FAMILY,상의,1,1,1,36100
2024-09-16,FAMILY,맨투맨/후드티,1,1,1,33260
2024-09-16,SILVER,여성,2,2,2,413250
2024-09-16,SILVER,남성,2,2,5,156570
2024-09-17,FAMILY,남성,16,15,26,751579
2024-09-17,FAMILY,여성,2,2,2,142500
2024-09-17,FAMILY,라운드티,3,3,3,93300
2024-09-17,FAMILY,반바지,1,1,2,66670
2024-09-17,FAMILY,장갑,1,1,1,21000
2024-09-17,SILVER,남성,1,1,1,20000
2024-09-18,FAMILY,남성,29,29,58,1971930
2024-09-18,FAMILY,자켓/ 베스트,4,4,4,587310
2024-09-18,FAMILY,라운드티,10,10,14,392230
2024-09-18,FAMILY,셋업,4,4,4,254380
2024-09-18,FAMILY,셔츠,1,1,2,248080
2024-09-18,FAMILY,긴바지,3,3,3,174980
2024-09-18,FAMILY,여성,3,3,4,166250
2024-09-18,FAMILY,등산화,1,1,1,145340
2024-09-18,FAMILY,바람막이,1,1,1,94609
2024-09-18,FAMILY,UNKNOWN,1,1,1,89500
2024-09-18,FAMILY,반바지,1,1,1,39500
2024-09-18,FAMILY,크로스/토트백,1,1,1,33250
2024-09-18,FAMILY,상의,1,1,1,28300
2024-09-18,FAMILY,액세서리,1,1,1,8100
2024-09-18,SILVER,셋업,2,2,2,193870
2024-09-18,SILVER,남성,2,2,2,169080
2024-09-19,FAMILY,남성,10,10,11,539720
2024-09-19,FAMILY,라운드티,3,3,3,103500
2024-09-19,FAMILY,여성,2,2,2,74240
2024-09-19,FAMILY,가방,1,1,1,53000
2024-09-19,FAMILY,폴로/집업티,1,1,1,42160
2024-09-19,FAMILY,셋업,1,1,1,40290
2024-09-19,FAMILY,크로스/토트백,1,1,1,37040
2024-09-19,FAMILY,긴바지,1,1,1,34260
2024-09-19,GOLD,하이킹,1,1,1,127000
2024-09-19,SILVER,남성,1,1,1,34500
2024-09-20,FAMILY,남성,12,12,18,661960
2024-09-20,FAMILY,긴바지,3,3,3,162200
2024-09-20,FAMILY,여성,3,3,3,156700
2024-09-20,FAMILY,트레일러닝,1,1,1,95000
2024-09-20,FAMILY,가방,1,1,1,61610
2024-09-20,FAMILY,자켓/ 베스트,1,1,1,56030
2024-09-20,FAMILY,라운드티,2,2,2,51250
2024-09-20,FAMILY,폴로/집업티,1,1,1,36420
2024-09-20,FAMILY,액세서리,1,1,1,5500
2024-09-20,GOLD,하이킹,1,1,1,110940
2024-09-20,GOLD,자켓/베스트,1,1,1,102000
2024-09-20,GOLD,남성,1,1,1,8100
2024-09-20,SILVER,남성,1,1,1,59490
2024-09-20,TITANIUM,긴바지,1,1,1,42660
2024-09-21,FAMILY,남성,15,15,28,1291310
2024-09-21,FAMILY,셋업,3,3,3,186440
2024-09-21,FAMILY,라운드티,3,3,4,134190
2024-09-21,FAMILY,여성,2,2,3,129500
2024-09-21,FAMILY,자켓/ 베스트,1,1,1,72550
2024-09-21,FAMILY,긴바지,1,1,1,41440
2024-09-21,FAMILY,상의,1,1,1,41410
2024-09-21,GOLD,바람막이,1,1,1,49500
2024-09-21,GOLD,남성,2,2,3,41670
2024-09-21,SILVER,셔츠,1,1,1,110070
2024-09-22,FAMILY,남성,88,88,128,3979579
2024-09-22,FAMILY,여성,11,11,12,708130
2024-09-22,FAMILY,라운드티,24,24,24,671790
2024-09-22,FAMILY,자켓/ 베스트,6,6,6,506850
2024-09-22,FAMILY,셋업,7,7,7,446660
2024-09-22,FAMILY,긴바지,7,7,7,358970
2024-09-22,FAMILY,맨투맨/후드티,4,4,4,221840
2024-09-22,FAMILY,바람막이,2,2,2,187328
2024-09-22,FAMILY,자켓/베스트,4,4,4,175250
2024-09-22,FAMILY,폴로티/집업,1,1,1,89650
2024-09-22,FAMILY,UNKNOWN,1,1,1,84540
2024-09-22,FAMILY,방수자켓,1,1,1,70300
2024-09-22,FAMILY,상의,2,2,2,66830
2024-09-22,FAMILY,가방,1,1,1,61320
2024-09-22,FAMILY,크로스/토트백,1,1,1,40330
2024-09-22,FAMILY,장갑,1,1,1,21000
2024-09-22,GOLD,남성,1,1,1,57070
2024-09-22,SILVER,남성,2,2,6,64040
2024-09-22,SILVER,셋업,1,1,1,57860
2024-09-22,SILVER,라운드티,2,2,2,57590
2024-09-23,FAMILY,남성,12,11,19,894510
2024-09-23,FAMILY,하이킹,2,2,2,241500
2024-09-23,FAMILY,등산화,2,2,2,191250
2024-09-23,FAMILY,가방,1,1,1,78000
2024-09-23,FAMILY,긴바지,1,1,1,61170
2024-09-23,SILVER,남성,2,2,2,188500
2024-09-23,SILVER,자켓/베스트,1,1,1,102500
2024-09-24,FAMILY,남성,3,3,5,257500
2024-09-24,FAMILY,하이킹,2,2,3,213500
2024-09-24,FAMILY,자켓/ 베스트,1,1,1,149500
2024-09-24,GOLD,셔츠,1,1,1,139000
2024-09-24,SILVER,남성,1,1,2,120300
2024-09-24,SILVER,라운드티,1,1,1,50720
2024-09-25,FAMILY,남성,5,5,5,142950
2024-09-25,FAMILY,여성,2,2,2,131800
2024-09-25,FAMILY,바람막이,1,1,1,117369
2024-09-25,FAMILY,가방,1,1,1,71160
2024-09-25,SILVER,남성,3,3,3,254520
2024-09-25,SILVER,라운드티,1,1,1,43340
2024-09-26,FAMILY,남성,4,4,5,420860
2024-09-26,FAMILY,자켓/ 베스트,1,1,4,212000
2024-09-26,FAMILY,라운드티,2,2,2,97390
2024-09-26,FAMILY,셋업,1,1,1,82850
2024-09-26,SILVER,여성,1,1,1,65370
2024-09-27,FAMILY,남성,7,7,8,901590
2024-09-27,FAMILY,등산화,3,3,4,488470
2024-09-27,FAMILY,셋업,2,2,3,226520
2024-09-27,FAMILY,자켓/베스트,1,1,1,152100
2024-09-27,FAMILY,바람막이,1,1,1,105879
2024-09-27,FAMILY,폴로티/집업,1,1,1,94710
2024-09-27,FAMILY,자켓/ 베스트,1,1,1,64670
2024-09-27,FAMILY,라운드티,1,1,1,29500
2024-09-27,GOLD,남성,1,1,1,43510
2024-09-27,SILVER,남성,2,2,3,263620
2024-09-27,SILVER,여성,1,1,1,109500
2024-09-28,FAMILY,남성,6,6,6,818120
2024-09-28,FAMILY,폴로티/집업,2,2,2,150810
2024-09-28,FAMILY,하이킹,1,1,1,137000
2024-09-28,FAMILY,라운드티,1,1,2,90920
2024-09-28,SILVER,여성,1,1,1,103660
2024-09-29,FAMILY,자켓/ 베스트,2,2,6,382850
2024-09-29,FAMILY,남성,2,2,4,87180
2024-09-30,FAMILY,남성,16,15,22,1547460
2024-09-30,FAMILY,여성,2,2,3,193000
2024-09-30,FAMILY,긴바지,2,2,2,183300
2024-09-30,FAMILY,하이킹,1,1,1,114500
2024-09-30,FAMILY,자켓/베스트,1,1,1,98680
2024-09-30,FAMILY,셋업,1,1,1,77000
2024-09-30,SILVER,남성,2,2,2,211440
2024-10-01,FAMILY,남성,4,4,5,446310
2024-10-01,FAMILY,여성,3,3,3,442500
2024-10-01,FAMILY,셋업,2,2,2,130920
2024-10-01,FAMILY,라운드티,2,2,2,105410
2024-10-01,SILVER,남성,2,2,3,236130
2024-10-01,SILVER,여성,1,1,1,115990
2024-10-01,SILVER,등산화,1,1,1,94500
2024-10-01,SILVER,긴바지,1,1,1,77750
2024-10-01,SILVER,가방,1,1,1,69500
2024-10-02,FAMILY,남성,7,7,16,974340
2024-10-02,FAMILY,자켓/ 베스트,3,3,13,828400
2024-10-02,FAMILY,여성,2,2,2,266900
2024-10-02,FAMILY,UNKNOWN,1,1,1,79500
2024-10-02,FAMILY,등산화,1,1,1,79500
2024-10-02,FAMILY,셋업,1,1,1,69500
2024-10-02,FAMILY,라운드티,1,1,1,39500
2024-10-02,SILVER,인터체인지 (3 in 1),1,1,1,329500
2024-10-02,SILVER,남성,3,3,6,317680
2024-10-02,TITANIUM,남성,1,1,2,138000
2024-10-03,FAMILY,남성,6,6,9,844280
2024-10-03,FAMILY,등산화,4,3,4,438000
2024-10-03,FAMILY,자켓/ 베스트,2,2,2,324690
2024-10-03,FAMILY,긴바지,2,2,2,162050
2024-10-03,FAMILY,패딩/슬림다운,1,1,1,119500
2024-10-03,FAMILY,여성,1,1,1,118010
2024-10-03,FAMILY,액세서리,1,1,3,21840
2024-10-03,SILVER,남성,4,3,6,620490
2024-10-03,SILVER,여성,1,1,1,117620
2024-10-04,FAMILY,남성,4,4,6,662090
2024-10-04,FAMILY,여성,1,1,1,119000
2024-10-04,FAMILY,바람막이,1,1,1,106299
2024-10-04,FAMILY,자켓/ 베스트,1,1,2,106000
2024-10-04,FAMILY,셋업,1,1,1,96460
2024-10-04,SILVER,바람막이,1,1,1,104349
2024-10-04,TITANIUM,남성,1,1,2,478000
2024-10-05,FAMILY,남성,6,6,6,313130
2024-10-05,FAMILY,자켓/ 베스트,2,2,2,100530
2024-10-05,FAMILY,라운드티,1,1,1,48300
2024-10-05,GOLD,남성,1,1,1,63200
2024-10-05,SILVER,남성,3,3,5,434780
2024-10-05,SILVER,셋업,1,1,1,185960
2024-10-05,SILVER,맨투맨/후드티,1,1,1,97420
2024-10-05,SILVER,폴로티/집업,1,1,1,97420
2024-10-06,FAMILY,자켓/ 베스트,2,2,10,584000
2024-10-06,FAMILY,남성,6,6,7,463080
2024-10-06,FAMILY,라운드티,2,2,3,152800
2024-10-06,FAMILY,셋업,1,1,1,117140
2024-10-06,FAMILY,등산화,1,1,1,109500
2024-10-06,FAMILY,긴바지,1,1,1,79000
2024-10-06,GOLD,남성,1,1,1,83000
2024-10-07,FAMILY,남성,8,8,8,784890
2024-10-07,FAMILY,자켓/베스트,3,3,3,298140
2024-10-07,FAMILY,자켓/ 베스트,2,2,3,218090
2024-10-07,FAMILY,여성,1,1,2,204000
2024-10-07,FAMILY,라운드티,2,2,3,126100
2024-10-07,FAMILY,하이킹,1,1,1,114500
2024-10-07,FAMILY,트레일러닝,1,1,1,103040
2024-10-07,FAMILY,패딩/슬림다운,1,1,1,69500
2024-10-07,FAMILY,셋업,1,1,1,69000
2024-10-07,GOLD,패딩/슬림다운,1,1,1,139000
2024-10-07,SILVER,남성,2,2,4,235500
2024-10-08,FAMILY,남성,10,10,13,1076620
2024-10-08,FAMILY,자켓/ 베스트,3,2,12,688800
2024-10-08,FAMILY,여성,2,2,2,233820
2024-10-08,FAMILY,라운드티,3,3,3,149050
2024-10-08,FAMILY,등산화,1,1,1,79500
2024-10-08,FAMILY,긴바지,1,1,1,63480
2024-10-08,FAMILY,크로스/토트백,1,1,1,59000
2024-10-08,FAMILY,자켓/베스트,1,1,1,55300
2024-10-09,FAMILY,남성,6,6,8,243570
2024-10-09,FAMILY,여성,3,3,3,211470
2024-10-09,FAMILY,미드/롱다운,1,1,1,164500
2024-10-09,FAMILY,셋업,1,1,1,89500
2024-10-09,FAMILY,긴바지,1,1,1,58550
2024-10-09,FAMILY,라운드티,1,1,1,54830
2024-10-09,FAMILY,폴로/집업티,1,1,1,48630
2024-10-09,GOLD,하이킹,1,1,1,126110
2024-10-09,SILVER,남성,2,1,7,186500
2024-10-09,SILVER,여성,1,1,1,69500
2024-10-10,FAMILY,여성,6,6,8,1053220
2024-10-10,FAMILY,남성,10,10,11,912500
2024-10-10,FAMILY,자켓/ 베스트,2,2,2,297860
2024-10-10,FAMILY,라운드티,2,2,2,103440
2024-10-10,FAMILY,셋업,1,1,1,74190
2024-10-11,FAMILY,남성,15,14,41,2091570
2024-10-11,FAMILY,여성,4,4,6,557460
2024-10-11,FAMILY,하이킹,1,1,1,137000
2024-10-11,FAMILY,자켓/ 베스트,1,1,1,89500
2024-10-12,FAMILY,남성,10,10,15,923670
2024-10-12,FAMILY,여성,5,5,5,672080
2024-10-12,FAMILY,셋업,2,2,2,191740
2024-10-12,FAMILY,자켓/ 베스트,1,1,1,121610
2024-10-12,FAMILY,바람막이,1,1,1,101399
2024-10-12,FAMILY,라운드티,1,1,1,49770
2024-10-12,GOLD,남성,1,1,6,334010
2024-10-12,GOLD,라운드티,1,1,1,47430
2024-10-12,SILVER,남성,1,1,2,50400
2024-10-13,FAMILY,긴바지,2,2,3,291150
2024-10-13,FAMILY,미드/롱다운,1,1,1,274500
2024-10-13,FAMILY,셋업,1,1,2,171540
2024-10-13,FAMILY,남성,4,4,6,168550
2024-10-13,FAMILY,자켓/ 베스트,1,1,1,52160
2024-10-13,GOLD,남성,2,1,2,110400
2024-10-14,FAMILY,남성,11,8,31,1871750
2024-10-14,FAMILY,여성,3,3,3,206820
2024-10-14,FAMILY,폴로티/집업,2,2,2,145600
2024-10-14,FAMILY,가방,2,2,2,142500
2024-10-14,FAMILY,셋업,1,1,1,97300
2024-10-14,FAMILY,라운드티,2,2,2,87700
2024-10-14,FAMILY,등산화,1,1,1,79500
2024-10-14,FAMILY,자켓/ 베스트,1,1,1,53000
2024-10-14,SILVER,여성,1,1,1,79000
2024-10-14,SILVER,남성,2,2,3,78980
2024-10-15,FAMILY,남성,13,13,18,1081540
2024-10-15,FAMILY,여성,2,2,2,117340
2024-10-15,FAMILY,UNKNOWN,1,1,1,100000
2024-10-15,FAMILY,셋업,1,1,1,77000
2024-10-15,FAMILY,라운드티,1,1,1,48300
2024-10-15,GOLD,남성,1,1,1,14500
2024-10-15,SILVER,남성,1,1,3,419510
2024-10-15,SILVER,자켓/베스트,1,1,1,104810
2024-10-16,FAMILY,남성,29,29,40,1766419
2024-10-16,FAMILY,여성,5,5,5,462920
2024-10-16,FAMILY,셋업,3,3,3,221800
2024-10-16,FAMILY,가방,2,2,2,123630
2024-10-16,FAMILY,라운드티,3,3,3,118060
2024-10-16,FAMILY,긴바지,1,1,1,93870
2024-10-16,FAMILY,자켓/베스트,2,2,2,89580
2024-10-16,FAMILY,자켓/ 베스트,1,1,1,25110
2024-10-16,FAMILY,액세서리,1,1,1,7960
2024-10-16,SILVER,남성,5,4,5,305160
2024-10-16,SILVER,여성,1,1,1,116560
2024-10-16,SILVER,자켓/ 베스트,1,1,1,77000
2024-10-16,SILVER,맨투맨/후드티,1,1,1,71010
2024-10-17,FAMILY,남성,15,15,17,1210080
2024-10-17,FAMILY,여성,2,2,2,149540
2024-10-17,FAMILY,하이킹,1,1,1,94500
2024-10-17,FAMILY,라운드티,2,2,2,78770
2024-10-17,FAMILY,긴바지,1,1,1,68170
2024-10-17,FAMILY,자켓/ 베스트,1,1,1,64500
2024-10-17,FAMILY,액세서리,1,1,1,8840
2024-10-17,SILVER,셋업,1,1,1,218100
2024-10-17,SILVER,남성,1,1,1,89000
2024-10-18,FAMILY,남성,11,11,12,629330
2024-10-18,FAMILY,여성,2,2,2,292440
2024-10-18,FAMILY,셋업,3,3,4,271300
2024-10-18,FAMILY,자켓/ 베스트,1,1,1,125300
2024-10-18,FAMILY,등산화,1,1,1,84500
2024-10-18,FAMILY,라운드티,2,2,2,83870
2024-10-19,FAMILY,남성,14,14,32,1757750
2024-10-19,FAMILY,여성,1,1,1,259500
2024-10-19,FAMILY,등산화,2,1,2,204000
2024-10-19,FAMILY,패딩/슬림다운,1,1,1,82350
2024-10-19,FAMILY,자켓/ 베스트,1,1,1,70770
2024-10-19,FAMILY,셋업,1,1,1,38500
2024-10-19,GOLD,남성,1,1,1,25000
2024-10-19,SILVER,남성,2,2,2,465280
2024-10-20,FAMILY,남성,9,9,15,647190
2024-10-20,FAMILY,자켓/ 베스트,4,4,5,240880
2024-10-20,FAMILY,여성,3,3,3,234050
2024-10-20,FAMILY,UNKNOWN,1,1,1,175460
2024-10-20,FAMILY,셔츠,1,1,1,139000
2024-10-20,FAMILY,폴로티/집업,1,1,1,87740
2024-10-20,FAMILY,라운드티,1,1,1,35670
2024-10-20,GOLD,남성,1,1,1,119200
2024-10-20,SILVER,남성,3,3,3,197550
2024-10-20,SILVER,하이킹,1,1,1,120290
2024-10-20,SILVER,자켓/ 베스트,1,1,1,45700
2024-10-21,FAMILY,남성,7,7,10,802880
2024-10-21,FAMILY,여성,3,3,3,385770
2024-10-21,FAMILY,미드/롱다운,1,1,1,274500
2024-10-21,FAMILY,등산화,2,2,2,179000
2024-10-21,FAMILY,셔츠,1,1,1,126190
2024-10-21,GOLD,남성,1,1,1,21300
2024-10-21,SILVER,남성,3,3,5,326770
2024-10-22,FAMILY,남성,7,7,10,268840
2024-10-22,FAMILY,부츠,1,1,1,148630
2024-10-22,FAMILY,셋업,2,2,2,134650
2024-10-22,FAMILY,패딩/슬림다운,1,1,1,116270
2024-10-22,FAMILY,자켓/ 베스트,1,1,1,104090
2024-10-22,FAMILY,긴바지,1,1,1,101940
2024-10-22,FAMILY,등산화,1,1,1,94500
2024-10-22,FAMILY,여성,1,1,1,73390
2024-10-22,FAMILY,라운드티,1,1,1,46980
2024-10-22,SILVER,남성,3,2,6,503000
2024-10-22,TITANIUM,남성,1,1,1,149000
2024-10-22,TITANIUM,여성,1,1,1,109000
2024-10-23,FAMILY,남성,7,7,8,441400
2024-10-23,FAMILY,여성,1,1,2,232900
2024-10-23,FAMILY,패딩/슬림다운,1,1,1,142980
2024-10-23,FAMILY,바람막이,1,1,1,136300
2024-10-23,GOLD,여성,1,1,1,183200
2024-10-23,SILVER,남성,1,1,4,716000
2024-10-23,TITANIUM,남성,1,1,1,139170
2024-10-24,FAMILY,남성,18,17,25,1620410
2024-10-24,FAMILY,미드/롱다운,1,1,1,274500
2024-10-24,FAMILY,바람막이,1,1,1,139300
2024-10-24,FAMILY,여성,2,2,2,129000
2024-10-24,FAMILY,라운드티,3,3,3,127430
2024-10-24,FAMILY,자켓/베스트,1,1,1,109000
2024-10-24,FAMILY,UNKNOWN,2,1,2,89000
2024-10-24,FAMILY,가방,1,1,1,70010
2024-10-24,FAMILY,긴바지,1,1,1,64500
2024-10-24,FAMILY,볼캡,1,1,1,59000
2024-10-24,FAMILY,자켓/ 베스트,1,1,1,53000
2024-10-24,SILVER,남성,1,1,1,463200
2024-10-25,FAMILY,남성,11,9,12,1965630
2024-10-25,FAMILY,하이킹,2,2,2,272850
2024-10-25,FAMILY,자켓/ 베스트,1,1,1,124250
2024-10-25,FAMILY,여성,1,1,1,79500
2024-10-25,FAMILY,셋업,1,1,1,76350
2024-10-25,SILVER,여성,1,1,3,477130
2024-10-25,SILVER,남성,1,1,2,134000
2024-10-25,TITANIUM,남성,1,1,1,179000
2024-10-26,FAMILY,남성,6,5,9,882300
2024-10-26,FAMILY,여성,4,4,4,461110
2024-10-26,FAMILY,폴로티/집업,1,1,1,49500
2024-10-26,SILVER,가방,1,1,1,73000
2024-10-26,SILVER,남성,1,1,1,10000
2024-10-27,FAMILY,남성,7,7,7,453650
2024-10-27,FAMILY,미드/롱다운,1,1,1,164500
2024-10-27,FAMILY,셋업,1,1,1,129500
2024-10-27,FAMILY,볼캡,1,1,1,44100
2024-10-27,GOLD,남성,1,1,2,91140
2024-10-27,GOLD,긴바지,1,1,1,64860
2024-10-27,SILVER,남성,2,2,2,405240
2024-10-28,FAMILY,남성,8,8,12,966970
2024-10-28,FAMILY,여성,5,4,6,611750
2024-10-28,FAMILY,패딩/슬림다운,1,1,1,119500
2024-10-28,FAMILY,셋업,1,1,2,101030
2024-10-28,FAMILY,자켓/ 베스트,1,1,1,77000
2024-10-28,FAMILY,액세서리,1,1,1,18920
2024-10-28,SILVER,남성,1,1,1,69000
2024-10-29,FAMILY,남성,9,9,15,1292710
2024-10-29,FAMILY,여성,3,3,4,268000
2024-10-29,FAMILY,UNKNOWN,1,1,1,179000
2024-10-29,FAMILY,등산화,1,1,1,84500
2024-10-29,FAMILY,긴바지,1,1,1,49500
2024-10-29,FAMILY,자켓/ 베스트,1,1,1,44030
2024-10-29,GOLD,여성,1,1,1,151200
2024-10-29,GOLD,남성,1,1,1,115040
2024-10-29,SILVER,남성,2,2,4,137130
2024-10-29,SILVER,자켓/ 베스트,1,1,1,118570
2024-10-29,TITANIUM,남성,1,1,1,169000
2024-10-30,FAMILY,남성,7,7,10,700050
2024-10-30,FAMILY,여성,4,4,4,236850
2024-10-30,FAMILY,미드/롱다운,1,1,1,164500
2024-10-30,FAMILY,셋업,2,2,2,151500
2024-10-30,FAMILY,부츠,1,1,1,139000
2024-10-30,FAMILY,하이킹,1,1,1,129240
2024-10-30,FAMILY,폴로티/집업,1,1,1,99000
2024-10-30,SILVER,자켓/ 베스트,1,1,1,149500
2024-10-30,SILVER,남성,1,1,1,116610
2024-10-31,FAMILY,남성,27,27,35,2540060
2024-10-31,FAMILY,여성,4,4,4,604830
2024-10-31,FAMILY,미드/롱다운,1,1,1,279500
2024-10-31,FAMILY,자켓/베스트,2,2,3,253300
2024-10-31,FAMILY,UNKNOWN,3,2,3,248500
2024-10-31,FAMILY,패딩/슬림다운,2,2,2,208800
2024-10-31,FAMILY,등산화,1,1,1,149010
2024-10-31,FAMILY,셔츠,1,1,2,139000
2024-10-31,FAMILY,긴바지,1,1,1,98360
2024-10-31,FAMILY,셋업,1,1,1,97300
2024-10-31,FAMILY,하이킹,1,1,1,79230
2024-10-31,FAMILY,라운드티,2,2,2,42960
2024-10-31,FAMILY,액세서리,1,1,1,18340
2024-10-31,GOLD,남성,1,1,1,103910
2024-10-31,SILVER,남성,3,3,3,324560
2024-10-31,SILVER,여성,1,1,1,223300
2024-10-31,TITANIUM,남성,1,1,1,171940
2024-11-01,FAMILY,남성,5,4,5,409750
2024-11-01,FAMILY,여성,2,2,3,173500
2024-11-01,FAMILY,등산화,1,1,1,135200
2024-11-01,FAMILY,긴바지,1,1,1,104300
2024-11-01,FAMILY,자켓/ 베스트,1,1,1,44500
2024-11-01,GOLD,남성,1,1,1,119370
2024-11-01,SILVER,남성,1,1,3,81000
2024-11-02,FAMILY,남성,7,7,10,577780
2024-11-02,FAMILY,여성,2,2,2,291230
2024-11-02,FAMILY,등산화,1,1,1,129950
2024-11-02,FAMILY,하이킹,1,1,1,123300
2024-11-02,FAMILY,가방,1,1,1,74550
2024-11-02,FAMILY,UNKNOWN,1,1,1,68870
2024-11-02,SILVER,미드/롱다운,1,1,1,279500
2024-11-02,SILVER,여성,1,1,1,99500
2024-11-02,SILVER,셋업,1,1,1,74500
2024-11-03,FAMILY,남성,13,13,16,1439080
2024-11-03,FAMILY,여성,3,3,3,383850
2024-11-03,FAMILY,바람막이,1,1,1,121750
2024-11-03,FAMILY,패딩/슬림다운,1,1,1,119500
2024-11-03,FAMILY,가방,1,1,1,83000
2024-11-03,FAMILY,하이킹,1,1,1,81250
2024-11-03,GOLD,인터체인지 (3 in 1),1,1,1,526890
2024-11-03,GOLD,남성,1,1,1,151110
2024-11-03,GOLD,자켓/ 베스트,1,1,1,53000
2024-11-03,SILVER,남성,4,4,5,488390
2024-11-03,SILVER,셋업,1,1,2,270400
2024-11-03,SILVER,맨투맨/후드티,1,1,1,79200
2024-11-03,SILVER,볼캡,1,1,1,29500
2024-11-03,TITANIUM,남성,1,1,1,169950
2024-11-04,FAMILY,여성,4,4,5,519800
2024-11-04,FAMILY,남성,5,5,6,511980
2024-11-04,FAMILY,미드/롱다운,1,1,1,279500
2024-11-04,FAMILY,등산화,1,1,1,148170
2024-11-04,FAMILY,가방,1,1,1,78000
2024-11-04,FAMILY,라운드티,2,2,2,74830
2024-11-04,FAMILY,자켓/베스트,1,1,1,49320
2024-11-04,FAMILY,액세서리,1,1,1,10960
2024-11-04,GOLD,남성,1,1,1,115730
2024-11-04,SILVER,남성,2,2,6,454260
2024-11-04,SILVER,여성,1,1,3,369000
2024-11-05,FAMILY,남성,20,20,25,1422680
2024-11-05,FAMILY,여성,3,3,3,263000
2024-11-05,FAMILY,셋업,1,1,1,142890
2024-11-05,FAMILY,라운드티,2,2,2,90980
2024-11-05,FAMILY,등산화,1,1,1,84500
2024-11-05,FAMILY,가방,1,1,1,83000
2024-11-05,GOLD,남성,2,2,3,355220
2024-11-05,GOLD,등산화,1,1,1,110680
2024-11-05,GOLD,가방,1,1,1,77070
2024-11-05,SILVER,여성,1,1,1,216300
2024-11-05,TITANIUM,남성,2,2,3,208220
2024-11-06,FAMILY,남성,20,20,52,5054760
2024-11-06,FAMILY,여성,3,3,4,592800
2024-11-06,FAMILY,인터체인지 (3 in 1),1,1,1,329500
2024-11-06,FAMILY,미드/롱다운,1,1,1,274500
2024-11-06,FAMILY,하이킹,1,1,1,131400
2024-11-06,FAMILY,UNKNOWN,1,1,1,54000
2024-11-06,SILVER,남성,5,4,15,1061550
2024-11-06,SILVER,여성,1,1,3,603500
2024-11-06,SILVER,셋업,1,1,1,94500
2024-11-06,SILVER,맨투맨/후드티,1,1,1,63140
2024-11-06,SILVER,볼캡,1,1,1,50990
2024-11-07,FAMILY,남성,16,15,33,2887540
2024-11-07,FAMILY,여성,6,6,9,1495080
2024-11-07,FAMILY,미드/롱다운,1,1,1,164500
2024-11-07,FAMILY,패딩/슬림다운,1,1,1,134100
2024-11-07,FAMILY,바람막이,1,1,1,104279
2024-11-07,FAMILY,등산화,1,1,1,94500
2024-11-07,FAMILY,셋업,1,1,1,94500
2024-11-07,FAMILY,맨투맨/후드티,1,1,1,77740
2024-11-07,FAMILY,자켓/ 베스트,1,1,1,44500
2024-11-07,FAMILY,라운드티,1,1,1,39610
2024-11-07,FAMILY,크로스/토트백,1,1,1,29500
2024-11-07,GOLD,자켓/ 베스트,1,1,1,184720
2024-11-07,GOLD,남성,1,1,1,115260
2024-11-07,SILVER,남성,2,2,6,205680
2024-11-07,SILVER,UNKNOWN,1,1,1,106300
2024-11-08,FAMILY,남성,10,10,13,955830
2024-11-08,FAMILY,여성,2,2,3,478500
2024-11-08,FAMILY,셋업,2,2,5,405370
2024-11-08,FAMILY,미드/롱다운,1,1,1,274500
2024-11-08,FAMILY,자켓/ 베스트,1,1,1,93620
2024-11-08,FAMILY,맨투맨/후드티,1,1,1,79200
2024-11-08,FAMILY,라운드티,1,1,1,41570
2024-11-08,FAMILY,자켓/베스트,1,1,1,27650
2024-11-08,GOLD,남성,2,1,3,82000
2024-11-09,FAMILY,남성,3,3,3,243220
2024-11-09,FAMILY,부츠,1,1,1,157180
2024-11-09,FAMILY,셋업,1,1,1,138420
2024-11-09,FAMILY,여성,1,1,2,79000
2024-11-09,FAMILY,볼캡,1,1,1,29500
2024-11-09,SILVER,여성,1,1,2,199000
2024-11-09,TITANIUM,남성,1,1,1,121960
2024-11-10,FAMILY,남성,17,17,21,888900
2024-11-10,FAMILY,여성,3,3,3,606480
2024-11-10,FAMILY,가방,1,1,1,82700
2024-11-10,SILVER,남성,1,1,2,229950
2024-11-11,FAMILY,남성,15,14,19,1267220
2024-11-11,FAMILY,자켓/ 베스트,1,1,1,149500
2024-11-11,FAMILY,하이킹,1,1,1,82560
2024-11-11,FAMILY,여성,1,1,1,39500
2024-11-11,SILVER,남성,1,1,1,174550
2024-11-11,TITANIUM,남성,1,1,1,125500
2024-11-12,FAMILY,남성,18,15,24,1626980
2024-11-12,FAMILY,여성,8,8,11,1063570
2024-11-12,FAMILY,셋업,3,3,4,477980
2024-11-12,FAMILY,등산화,2,2,2,242740
2024-11-12,FAMILY,하이킹,1,1,1,120670
2024-11-12,FAMILY,자켓/ 베스트,1,1,1,115500
2024-11-12,FAMILY,폴로티/집업,1,1,1,62660
2024-11-12,FAMILY,라운드티,1,1,1,35540
2024-11-12,SILVER,남성,2,2,3,380260
2024-11-12,TITANIUM,남성,1,1,1,190050
2024-11-13,FAMILY,남성,11,11,32,1445810
2024-11-13,FAMILY,여성,3,3,5,603670
2024-11-13,FAMILY,미드/롱다운,1,1,1,279500
2024-11-13,FAMILY,등산화,1,1,1,96610
2024-11-13,SILVER,남성,2,2,2,270500
2024-11-13,TITANIUM,남성,2,1,2,278000
2024-11-14,FAMILY,남성,10,10,20,1498470
2024-11-14,FAMILY,여성,2,2,3,326990
2024-11-14,FAMILY,등산화,2,2,2,192840
2024-11-14,FAMILY,하이킹,1,1,1,114500
2024-11-14,FAMILY,가방,1,1,1,78620
2024-11-14,FAMILY,셋업,1,1,1,69000
2024-11-14,FAMILY,라운드티,1,1,1,40210
2024-11-14,SILVER,남성,2,2,2,156950
2024-11-15,FAMILY,남성,47,47,61,3575690
2024-11-15,FAMILY,여성,7,7,9,1149460
2024-11-15,FAMILY,맨투맨/후드티,3,3,4,302860
2024-11-15,FAMILY,등산화,1,1,2,270570
2024-11-15,FAMILY,하이킹,2,2,2,269000
2024-11-15,FAMILY,가방,3,3,3,223890
2024-11-15,FAMILY,볼캡,4,4,4,164790
2024-11-15,FAMILY,라운드티,2,2,3,124530
2024-11-15,FAMILY,긴바지,1,1,1,104300
2024-11-15,FAMILY,크로스/토트백,1,1,1,53100
2024-11-15,GOLD,남성,1,1,5,365000
2024-11-15,SILVER,남성,14,14,18,2026520
2024-11-15,SILVER,여성,4,4,6,666860
2024-11-15,SILVER,셋업,1,1,1,239640
2024-11-15,SILVER,UNKNOWN,1,1,1,179000
2024-11-15,SILVER,라운드티,2,2,2,84690
2024-11-16,FAMILY,남성,26,26,32,3083460
2024-11-16,FAMILY,여성,4,4,5,603820
2024-11-16,FAMILY,미드/롱다운,1,1,1,274500
2024-11-16,FAMILY,셋업,1,1,1,110770
2024-11-16,FAMILY,폴로티/집업,1,1,1,99000
2024-11-16,FAMILY,볼캡,2,2,2,90000
2024-11-16,FAMILY,폴로/집업티,1,1,1,47970
2024-11-16,FAMILY,라운드티,1,1,1,35940
2024-11-16,SILVER,여성,2,2,3,319475
2024-11-16,SILVER,남성,2,2,2,257420
2024-11-16,TITANIUM,남성,3,2,5,533740
2024-11-16,TITANIUM,여성,1,1,1,92150
2024-11-17,FAMILY,남성,21,21,25,1751440
2024-11-17,FAMILY,미드/롱다운,1,1,1,323000
2024-11-17,FAMILY,여성,3,3,4,256200
2024-11-17,FAMILY,긴바지,1,1,1,89500
2024-11-17,FAMILY,가방,1,1,1,64800
2024-11-17,FAMILY,맨투맨/후드티,1,1,1,61830
2024-11-17,FAMILY,장갑,1,1,1,49500
2024-11-17,FAMILY,볼캡,1,1,1,39000
2024-11-17,FAMILY,UNKNOWN,1,1,1,27000
2024-11-17,SILVER,남성,1,1,3,477900
2024-11-17,TITANIUM,남성,1,1,1,137000
2024-11-18,FAMILY,남성,36,36,53,3690875
2024-11-18,FAMILY,여성,8,8,12,1345550
2024-11-18,FAMILY,셋업,4,4,6,530380
2024-11-18,FAMILY,볼캡,4,4,5,194860
2024-11-18,FAMILY,미드/롱다운,1,1,1,164500
2024-11-18,FAMILY,부츠,2,2,2,159000
2024-11-18,FAMILY,하이킹,1,1,1,114500
2024-11-18,FAMILY,라운드티,1,1,1,29500
2024-11-18,FAMILY,장갑,1,1,1,24500
2024-11-18,SILVER,남성,6,6,7,576640
2024-11-18,SILVER,셋업,2,2,2,182580
2024-11-18,SILVER,볼캡,2,2,2,98450
2024-11-18,SILVER,긴바지,1,1,1,93510
2024-11-18,TITANIUM,남성,1,1,1,111730
2024-11-19,FAMILY,남성,25,25,37,2224190
2024-11-19,FAMILY,여성,3,3,3,425060
2024-11-19,FAMILY,맨투맨/후드티,1,1,2,158400
2024-11-19,FAMILY,셔츠,1,1,1,104330
2024-11-19,FAMILY,폴로티/집업,1,1,1,88850
2024-11-19,FAMILY,긴바지,1,1,1,70900
2024-11-19,FAMILY,볼캡,2,2,2,68940
2024-11-19,SILVER,남성,6,6,7,800330
2024-11-19,SILVER,여성,1,1,1,113440
2024-11-20,FAMILY,남성,36,36,55,5215400
2024-11-20,FAMILY,여성,7,7,10,1301030
2024-11-20,FAMILY,미드/롱다운,2,1,2,559000
2024-11-20,FAMILY,자켓/ 베스트,3,3,3,145340
2024-11-20,FAMILY,볼캡,1,1,2,85000
2024-11-20,FAMILY,가방,1,1,1,63690
2024-11-20,SILVER,남성,1,1,1,130770
2024-11-20,SILVER,자켓/ 베스트,1,1,1,49860
2024-11-20,TITANIUM,남성,1,1,1,118300
2024-11-21,FAMILY,남성,39,39,48,4443190
2024-11-21,FAMILY,여성,10,10,11,1338330
2024-11-21,FAMILY,셋업,3,3,3,309120
2024-11-21,FAMILY,자켓/ 베스트,3,3,3,221050
2024-11-21,FAMILY,라운드티,4,4,5,199680
2024-11-21,FAMILY,볼캡,3,3,3,109770
2024-11-21,FAMILY,맨투맨/후드티,1,1,1,65170
2024-11-21,FAMILY,버킷/부니,1,1,1,32500
2024-11-21,GOLD,남성,1,1,1,102870
2024-11-21,GOLD,폴로티/집업,1,1,1,71030
2024-11-21,SILVER,남성,6,6,8,621990
2024-11-21,TITANIUM,남성,1,1,1,115590
2024-11-22,FAMILY,남성,28,28,39,3155810
2024-11-22,FAMILY,여성,5,5,6,822960
2024-11-22,FAMILY,셋업,3,3,4,488460
2024-11-22,FAMILY,긴바지,1,1,1,93250
2024-11-22,FAMILY,UNKNOWN,1,1,1,89500
2024-11-22,FAMILY,볼캡,2,2,2,85740
2024-11-22,FAMILY,자켓/ 베스트,1,1,1,53000
2024-11-22,SILVER,남성,2,2,4,440700
2024-11-22,SILVER,여성,1,1,1,215400
2024-11-22,SILVER,등산화,1,1,1,132690
2024-11-22,SILVER,긴바지,1,1,1,90300
2024-11-22,SILVER,폴로티/집업,1,1,1,76890
2024-11-22,TITANIUM,남성,1,1,1,104170
2024-11-23,FAMILY,남성,23,23,25,2091240
2024-11-23,FAMILY,여성,2,2,2,370800
2024-11-23,FAMILY,미드/롱다운,1,1,1,285600
2024-11-23,FAMILY,셋업,1,1,1,107970
2024-11-23,FAMILY,장갑,1,1,1,93000
2024-11-23,FAMILY,볼캡,1,1,1,45000
2024-11-23,SILVER,남성,3,3,3,182870
2024-11-24,FAMILY,남성,29,29,36,3878920
2024-11-24,FAMILY,여성,3,3,3,637790
2024-11-24,FAMILY,셋업,2,2,5,352330
2024-11-24,FAMILY,미드/롱다운,1,1,1,324060
2024-11-24,FAMILY,볼캡,4,4,5,181500
2024-11-24,FAMILY,자켓/ 베스트,2,2,2,165270
2024-11-24,FAMILY,하이킹,1,1,1,114500
2024-11-24,FAMILY,등산화,1,1,1,104500
2024-11-24,FAMILY,맨투맨/후드티,1,1,1,79200
2024-11-24,FAMILY,캐주얼,1,1,1,63400
2024-11-24,SILVER,남성,6,5,7,1014830
2024-11-25,FAMILY,남성,26,26,30,3344500
2024-11-25,FAMILY,여성,6,6,9,1029330
2024-11-25,FAMILY,셋업,3,3,5,575100
2024-11-25,FAMILY,미드/롱다운,1,1,1,279500
2024-11-25,FAMILY,부츠,1,1,3,238500
2024-11-25,FAMILY,하이킹,1,1,1,83000
2024-11-25,FAMILY,가방,1,1,1,83000
2024-11-25,FAMILY,패딩/슬림다운,1,1,1,69500
2024-11-25,FAMILY,라운드티,1,1,1,39270
2024-11-25,GOLD,여성,1,1,1,402400
2024-11-25,GOLD,남성,1,1,2,158160
2024-11-25,GOLD,맨투맨/후드티,1,1,1,69440
2024-11-25,SILVER,남성,2,2,3,680130
2024-11-25,SILVER,여성,2,1,2,489000
2024-11-25,TITANIUM,남성,1,1,1,70550
2024-11-26,FAMILY,남성,29,29,42,2923340
2024-11-26,FAMILY,여성,8,8,9,1228775
2024-11-26,FAMILY,UNKNOWN,2,2,2,222600
2024-11-26,FAMILY,자켓/베스트,1,1,1,201100
2024-11-26,FAMILY,부츠,2,2,2,139000
2024-11-26,FAMILY,등산화,1,1,1,133770
2024-11-26,FAMILY,패딩/슬림다운,1,1,1,119500
2024-11-26,FAMILY,볼캡,2,2,2,81770
2024-11-26,FAMILY,맨투맨/후드티,1,1,1,72730
2024-11-26,FAMILY,라운드티,1,1,1,38660
2024-11-26,SILVER,남성,6,6,8,354730
2024-11-26,SILVER,하이킹,1,1,1,132300
2024-11-26,SILVER,맨투맨/후드티,1,1,1,67250
2024-11-26,TITANIUM,남성,1,1,1,70820
2024-11-27,FAMILY,남성,38,36,48,4330110
2024-11-27,FAMILY,여성,4,4,4,491610
2024-11-27,FAMILY,미드/롱다운,1,1,1,279500
2024-11-27,FAMILY,하이킹,2,2,2,268410
2024-11-27,FAMILY,셋업,2,2,2,217540
2024-11-27,FAMILY,맨투맨/후드티,1,1,2,158400
2024-11-27,FAMILY,장갑,1,1,1,97120
2024-11-27,FAMILY,등산화,1,1,1,79500
2024-11-27,FAMILY,볼캡,2,2,2,75310
2024-11-27,GOLD,남성,1,1,1,33060
2024-11-27,SILVER,미드/롱다운,1,1,1,259310
2024-11-27,SILVER,남성,2,2,2,220320
2024-11-27,SILVER,여성,1,1,1,89290
2024-11-27,TITANIUM,남성,1,1,1,138000
2024-11-28,FAMILY,남성,31,31,47,4890920
2024-11-28,FAMILY,미드/롱다운,4,4,4,1489230
2024-11-28,FAMILY,여성,6,6,7,909910
2024-11-28,FAMILY,자켓/베스트,1,1,1,134500
2024-11-28,FAMILY,셋업,1,1,1,109900
2024-11-28,FAMILY,캐주얼,1,1,1,66000
2024-11-28,FAMILY,폴로티/집업,1,1,1,49500
2024-11-28,FAMILY,라운드티,1,1,1,45300
2024-11-28,FAMILY,볼캡,1,1,1,38190
2024-11-28,FAMILY,자켓/ 베스트,1,1,1,33620
2024-11-28,GOLD,남성,1,1,2,242820
2024-11-28,GOLD,여성,1,1,1,61520
2024-11-28,SILVER,남성,5,5,5,743390
2024-11-28,SILVER,미드/롱다운,1,1,1,326290
2024-11-28,SILVER,셋업,2,2,2,270400
2024-11-28,SILVER,맨투맨/후드티,1,1,1,61510
2024-11-28,TITANIUM,남성,1,1,1,138000
2024-11-29,FAMILY,남성,21,21,25,2722200
2024-11-29,FAMILY,등산화,5,5,5,589420
2024-11-29,FAMILY,여성,3,3,3,357105
2024-11-29,FAMILY,셋업,1,1,1,89460
2024-11-29,FAMILY,폴로티/집업,1,1,1,68900
2024-11-29,FAMILY,자켓/베스트,1,1,1,64500
2024-11-29,FAMILY,가방,1,1,1,63955
2024-11-29,SILVER,남성,1,1,2,328350
2024-11-29,SILVER,미드/롱다운,1,1,1,279500
2024-11-29,SILVER,UNKNOWN,1,1,1,108150
2024-11-30,FAMILY,남성,28,28,29,2807310
2024-11-30,FAMILY,볼캡,4,4,4,158420
2024-11-30,FAMILY,여성,3,3,3,126750
2024-11-30,FAMILY,바람막이,1,1,1,100005
2024-11-30,FAMILY,부츠,1,1,1,79500
2024-11-30,FAMILY,셋업,1,1,1,62100
2024-11-30,FAMILY,맨투맨/후드티,1,1,1,57240
2024-11-30,GOLD,남성,1,1,1,182350
2024-11-30,SILVER,남성,4,4,7,379690
2024-11-30,SILVER,여성,2,2,2,306190
2024-11-30,SILVER,패딩/슬림다운,1,1,1,115405
2024-11-30,SILVER,등산화,1,1,1,107970
2024-12-01,FAMILY,남성,125,122,165,9663215
2024-12-01,FAMILY,여성,11,10,12,1145520
2024-12-01,FAMILY,셋업,5,5,6,523620
2024-12-01,FAMILY,하이킹,4,4,4,401990
2024-12-01,FAMILY,가방,5,5,5,348480
2024-12-01,FAMILY,볼캡,5,5,5,183770
2024-12-01,FAMILY,라운드티,5,5,5,168890
2024-12-01,FAMILY,자켓/ 베스트,1,1,1,152860
2024-12-01,FAMILY,트레일러닝,1,1,1,75650
2024-12-01,FAMILY,부츠,1,1,1,69500
2024-12-01,FAMILY,UNKNOWN,1,1,1,51850
2024-12-01,GOLD,남성,2,2,3,82180
2024-12-01,SILVER,남성,7,7,7,1071440
2024-12-01,TITANIUM,남성,3,2,3,617550
2024-12-02,FAMILY,남성,45,44,54,5482109
2024-12-02,FAMILY,여성,7,7,8,852130
2024-12-02,FAMILY,셋업,4,4,6,349740
2024-12-02,FAMILY,미드/롱다운,1,1,1,274500
2024-12-02,FAMILY,하이킹,2,2,2,257430
2024-12-02,FAMILY,UNKNOWN,2,2,2,165720
2024-12-02,FAMILY,긴바지,1,1,1,116570
2024-12-02,FAMILY,등산화,1,1,1,104500
2024-12-02,FAMILY,맨투맨/후드티,1,1,1,69300
2024-12-02,FAMILY,라운드티,1,1,1,41300
2024-12-02,GOLD,남성,2,2,2,186360
2024-12-02,GOLD,패딩/슬림다운,1,1,1,160150
2024-12-02,SILVER,남성,8,8,11,1103140
2024-12-02,SILVER,UNKNOWN,1,1,1,124490
2024-12-02,SILVER,맨투맨/후드티,1,1,1,69040
2024-12-02,TITANIUM,남성,2,1,2,181820
2024-12-03,FAMILY,남성,21,21,29,2276630
2024-12-03,FAMILY,미드/롱다운,1,1,1,447200
2024-12-03,FAMILY,여성,4,4,4,366890
2024-12-03,FAMILY,긴바지,1,1,1,125300
2024-12-03,FAMILY,부츠,1,1,1,97300
2024-12-03,FAMILY,가방,1,1,1,80630
2024-12-03,FAMILY,볼캡,1,1,1,60000
2024-12-03,FAMILY,셋업,1,1,1,49640
2024-12-03,FAMILY,자켓/베스트,1,1,1,44500
2024-12-03,FAMILY,라운드티,1,1,1,38490
2024-12-03,GOLD,셋업,1,1,1,99300
2024-12-03,GOLD,폴로티/집업,1,1,1,69300
2024-12-03,SILVER,남성,3,3,6,525040
2024-12-03,SILVER,맨투맨/후드티,1,1,1,65550
2024-12-03,SILVER,볼캡,1,1,1,45150
2024-12-03,TITANIUM,남성,1,1,2,177470
2024-12-04,FAMILY,남성,25,25,34,2466320
2024-12-04,FAMILY,하이킹,2,2,2,274000
2024-12-04,FAMILY,셋업,1,1,2,189000
2024-12-04,FAMILY,여성,2,2,2,155650
2024-12-04,FAMILY,부츠,1,1,1,111300
2024-12-04,FAMILY,등산화,1,1,1,84500
2024-12-04,FAMILY,볼캡,1,1,1,60000
2024-12-04,FAMILY,맨투맨/후드티,1,1,1,56470
2024-12-04,FAMILY,자켓/ 베스트,1,1,1,53000
2024-12-04,GOLD,여성,1,1,2,110600
2024-12-04,GOLD,남성,1,1,2,79000
2024-12-04,SILVER,남성,2,2,2,164660
2024-12-04,TITANIUM,남성,2,1,3,396900
2024-12-05,FAMILY,남성,10,10,14,1106830
2024-12-05,FAMILY,미드/롱다운,4,3,4,1103000
2024-12-05,FAMILY,셋업,2,2,2,129540
2024-12-05,FAMILY,UNKNOWN,1,1,1,125300
2024-12-05,FAMILY,여성,2,2,2,108100
2024-12-05,FAMILY,폴로티/집업,1,1,1,64300
2024-12-05,FAMILY,자켓/베스트,1,1,1,33870
2024-12-05,FAMILY,라운드티,1,1,1,24520
2024-12-05,SILVER,남성,2,2,2,246850
2024-12-05,SILVER,볼캡,1,1,1,51510
2024-12-05,TITANIUM,남성,2,1,2,180700
2024-12-06,FAMILY,남성,39,38,46,5114810
2024-12-06,FAMILY,부츠,5,5,5,1339100
2024-12-06,FAMILY,가방,1,1,4,332000
2024-12-06,FAMILY,여성,4,4,4,196940
2024-12-06,FAMILY,셋업,3,3,3,184250
2024-12-06,FAMILY,긴바지,1,1,1,161000
2024-12-06,FAMILY,볼캡,1,1,1,57340
2024-12-06,FAMILY,자켓/ 베스트,1,1,1,48550
2024-12-06,FAMILY,액세서리,1,1,1,9310
2024-12-06,GOLD,남성,2,2,3,166000
2024-12-06,SILVER,남성,10,8,11,1727340
2024-12-06,TITANIUM,남성,1,1,1,125400
2024-12-07,FAMILY,남성,13,13,15,1670810
2024-12-07,FAMILY,UNKNOWN,1,1,1,450000
2024-12-07,FAMILY,긴바지,2,2,2,236720
2024-12-07,FAMILY,셋업,1,1,1,132300
2024-12-07,FAMILY,여성,2,2,2,99570
2024-12-07,FAMILY,폴로티/집업,1,1,1,69300
2024-12-07,SILVER,부츠,1,1,1,269000
2024-12-07,SILVER,남성,2,2,2,156280
2024-12-08,FAMILY,남성,26,23,31,3106960
2024-12-08,FAMILY,UNKNOWN,2,2,2,489450
2024-12-08,FAMILY,미드/롱다운,1,1,1,384300
2024-12-08,FAMILY,자켓/ 베스트,1,1,4,212000
2024-12-08,FAMILY,패딩/슬림다운,1,1,1,157180
2024-12-08,FAMILY,폴로티/집업,1,1,1,69300
2024-12-08,FAMILY,액세서리,2,2,2,19170
2024-12-08,FAMILY,여성,1,1,1,8960
2024-12-08,SILVER,남성,8,8,14,820490
2024-12-08,SILVER,여성,2,2,4,183640
2024-12-08,SILVER,긴바지,1,1,1,159110
2024-12-08,SILVER,자켓/베스트,1,1,1,99000
2024-12-08,SILVER,부츠,1,1,1,97310
2024-12-08,SILVER,맨투맨/후드티,1,1,1,55670
2024-12-08,SILVER,액세서리,1,1,1,11000
2024-12-08,TITANIUM,남성,6,2,7,819830
2024-12-08,TITANIUM,UNKNOWN,1,1,2,240930
2024-12-08,TITANIUM,가방,1,1,1,79790
2024-12-08,TITANIUM,폴로티/집업,1,1,1,66620
2024-12-09,FAMILY,남성,25,25,32,2645360
2024-12-09,FAMILY,여성,2,2,2,340700
2024-12-09,FAMILY,셋업,3,3,3,247580
2024-12-09,FAMILY,긴바지,1,1,1,156000
2024-12-09,FAMILY,하이킹,1,1,1,137000
2024-12-09,FAMILY,부츠,1,1,1,111300
2024-12-09,FAMILY,UNKNOWN,1,1,1,89500
2024-12-09,FAMILY,폴로티/집업,1,1,1,64620
2024-12-09,FAMILY,볼캡,1,1,1,56720
2024-12-09,FAMILY,액세서리,1,1,1,11000
2024-12-09,GOLD,남성,1,1,1,111510
2024-12-09,SILVER,남성,2,2,2,339800
2024-12-09,TITANIUM,남성,1,1,1,132300
2024-12-10,FAMILY,남성,26,19,36,2792080
2024-12-10,FAMILY,여성,5,5,7,563770
2024-12-10,FAMILY,미드/롱다운,1,1,1,279500
2024-12-10,FAMILY,긴바지,1,1,1,89500
2024-12-10,FAMILY,폴로티/집업,1,1,1,66810
2024-12-10,FAMILY,액세서리,2,2,5,51830
2024-12-10,FAMILY,자켓/ 베스트,1,1,1,44500
2024-12-10,FAMILY,볼캡,1,1,1,37500
2024-12-10,FAMILY,셋업,1,1,1,34500
2024-12-10,GOLD,남성,1,1,2,31000
2024-12-10,SILVER,미드/롱다운,1,1,1,279500
2024-12-10,SILVER,남성,2,2,2,246960
2024-12-10,SILVER,폴로티/집업,1,1,1,60530
2024-12-11,FAMILY,남성,21,21,31,2222890
2024-12-11,FAMILY,미드/롱다운,1,1,1,447200
2024-12-11,FAMILY,여성,3,3,5,427560
2024-12-11,FAMILY,하이킹,1,1,2,264000
2024-12-11,FAMILY,등산화,1,1,1,131000
2024-12-11,FAMILY,맨투맨/후드티,1,1,1,65450
2024-12-11,GOLD,남성,2,2,2,88000
2024-12-11,SILVER,여성,1,1,1,346460
2024-12-11,SILVER,남성,4,4,4,282580
2024-12-11,SILVER,긴바지,1,1,1,151000
2024-12-11,TITANIUM,남성,1,1,1,133840
2024-12-12,FAMILY,남성,24,23,31,2208080
2024-12-12,FAMILY,셋업,3,3,5,312500
2024-12-12,FAMILY,미드/롱다운,1,1,1,274500
2024-12-12,FAMILY,긴바지,1,1,1,89500
2024-12-12,FAMILY,볼캡,2,2,2,73100
2024-12-12,FAMILY,폴로티/집업,1,1,1,49500
2024-12-12,FAMILY,여성,2,2,2,48330
2024-12-12,GOLD,남성,2,2,2,146470
2024-12-12,SILVER,셋업,2,2,2,160090
2024-12-12,SILVER,남성,1,1,1,103820
2024-12-12,SILVER,여성,1,1,1,47760
2024-12-13,FAMILY,남성,22,22,24,1881770
2024-12-13,FAMILY,여성,2,2,2,106570
2024-12-13,FAMILY,셋업,1,1,1,105990
2024-12-13,FAMILY,자켓/베스트,1,1,1,54300
2024-12-13,FAMILY,라운드티,1,1,1,49120
2024-12-13,FAMILY,UNKNOWN,1,1,1,43200
2024-12-13,FAMILY,액세서리,1,1,4,22000
2024-12-13,SILVER,남성,1,1,1,121180
2024-12-13,SILVER,셋업,1,1,1,104390
2024-12-13,SILVER,폴로티/집업,1,1,1,60000
2024-12-13,TITANIUM,남성,4,2,6,684540
2024-12-14,FAMILY,남성,17,17,25,1640210
2024-12-14,FAMILY,하이킹,1,1,1,132000
2024-12-14,FAMILY,부츠,1,1,1,111300
2024-12-14,FAMILY,셋업,1,1,1,104300
2024-12-14,FAMILY,캐주얼,1,1,1,69790
2024-12-14,FAMILY,폴로티/집업,1,1,1,69300
2024-12-14,FAMILY,여성,2,2,2,68340
2024-12-14,FAMILY,자켓/베스트,1,1,1,62300
2024-12-14,FAMILY,액세서리,2,2,3,31100
2024-12-14,SILVER,남성,3,3,3,240680
2024-12-14,TITANIUM,남성,1,1,2,278600
2024-12-15,FAMILY,남성,18,18,28,3150010
2024-12-15,FAMILY,여성,5,5,5,407910
2024-12-15,FAMILY,셋업,3,3,4,316420
2024-12-15,FAMILY,등산화,1,1,1,189000
2024-12-15,FAMILY,미드/롱다운,1,1,1,164500
2024-12-15,FAMILY,긴바지,1,1,1,89500
2024-12-15,FAMILY,가방,1,1,1,80060
2024-12-15,FAMILY,폴로티/집업,1,1,1,49500
2024-12-15,GOLD,남성,1,1,2,208500
2024-12-15,SILVER,남성,2,2,5,191460
2024-12-15,SILVER,여성,1,1,1,159500
2024-12-16,FAMILY,남성,28,28,35,2623510
2024-12-16,FAMILY,미드/롱다운,2,2,2,559000
2024-12-16,FAMILY,셋업,4,4,4,414300
2024-12-16,FAMILY,자켓/베스트,1,1,1,109000
2024-12-16,FAMILY,폴로티/집업,1,1,1,63080
2024-12-16,FAMILY,액세서리,1,1,2,14610
2024-12-16,GOLD,셋업,1,1,1,43160
2024-12-16,SILVER,남성,3,3,4,380680
2024-12-16,SILVER,부츠,1,1,1,106220
2024-12-17,FAMILY,남성,18,17,30,1951190
2024-12-17,FAMILY,미드/롱다운,1,1,4,658000
2024-12-17,FAMILY,여성,1,1,1,109500
2024-12-17,FAMILY,자켓/ 베스트,1,1,2,106000
2024-12-17,FAMILY,폴로티/집업,1,1,1,69300
2024-12-17,FAMILY,액세서리,1,1,3,32000
2024-12-17,SILVER,볼캡,1,1,1,60000
2024-12-17,TITANIUM,남성,1,1,1,117580
2024-12-18,FAMILY,남성,12,12,17,1755560
2024-12-18,FAMILY,미드/롱다운,1,1,1,384300
2024-12-18,FAMILY,여성,3,3,3,347450
2024-12-18,FAMILY,하이킹,1,1,1,137000
2024-12-18,FAMILY,셋업,1,1,1,116160
2024-12-18,FAMILY,부츠,1,1,1,72700
2024-12-18,FAMILY,폴로티/집업,1,1,1,67020
2024-12-18,FAMILY,액세서리,1,1,6,64860
2024-12-18,GOLD,남성,2,2,2,88520
2024-12-18,SILVER,남성,5,4,6,617950
2024-12-18,TITANIUM,남성,2,2,4,372900
2024-12-19,FAMILY,남성,29,29,38,2650900
2024-12-19,FAMILY,미드/롱다운,3,3,3,872550
2024-12-19,FAMILY,여성,5,5,5,515800
2024-12-19,FAMILY,UNKNOWN,1,1,1,445650
2024-12-19,FAMILY,패딩/슬림다운,2,2,2,334600
2024-12-19,FAMILY,장갑,2,2,2,73500
2024-12-19,FAMILY,액세서리,3,3,3,20500
2024-12-19,GOLD,남성,2,2,3,243800
2024-12-19,GOLD,셋업,1,1,1,99300
2024-12-19,GOLD,폴로티/집업,1,1,1,69300
2024-12-19,GOLD,폴로/집업티,1,1,1,62300
2024-12-19,SILVER,남성,2,2,2,295030
2024-12-19,SILVER,UNKNOWN,1,1,1,33200
2024-12-19,TITANIUM,패딩/슬림다운,1,1,1,167300
2024-12-19,TITANIUM,남성,1,1,1,48300
2024-12-20,FAMILY,남성,16,16,26,1633770
2024-12-20,FAMILY,여성,2,2,2,239980
2024-12-20,FAMILY,긴바지,1,1,1,125300
2024-12-20,FAMILY,셋업,1,1,1,100720
2024-12-20,FAMILY,부츠,1,1,1,96800
2024-12-20,FAMILY,등산화,1,1,1,94500
2024-12-20,FAMILY,UNKNOWN,1,1,1,89500
2024-12-20,FAMILY,가방,1,1,1,81050
2024-12-20,FAMILY,액세서리,1,1,1,5500
2024-12-20,SILVER,남성,2,1,2,84000
2024-12-20,TITANIUM,남성,1,1,1,135290
2024-12-21,FAMILY,남성,17,15,32,2066460
2024-12-21,FAMILY,여성,2,2,2,334000
2024-12-21,FAMILY,등산화,2,2,2,220370
2024-12-21,FAMILY,셋업,2,2,2,178300
2024-12-21,SILVER,여성,1,1,1,55300
2024-12-21,SILVER,남성,1,1,2,51260
2024-12-22,FAMILY,남성,12,12,12,1051800
2024-12-22,FAMILY,여성,5,5,5,773610
2024-12-22,FAMILY,미드/롱다운,1,1,1,274500
2024-12-22,FAMILY,폴로티/집업,2,2,2,134600
2024-12-22,FAMILY,볼캡,1,1,1,59000
2024-12-22,FAMILY,셋업,1,1,1,49020
2024-12-22,FAMILY,자켓/ 베스트,1,1,1,27790
2024-12-22,FAMILY,액세서리,1,1,1,11000
2024-12-22,SILVER,미드/롱다운,1,1,1,318110
2024-12-22,SILVER,인터체인지 (3 in 1),1,1,1,258300
2024-12-22,SILVER,남성,1,1,1,40000
2024-12-22,TITANIUM,남성,1,1,1,139300
2024-12-23,FAMILY,남성,17,16,21,1863890
2024-12-23,FAMILY,여성,2,2,2,417080
2024-12-23,FAMILY,부츠,3,2,3,218500
2024-12-23,FAMILY,셋업,1,1,1,130840
2024-12-23,FAMILY,볼캡,2,2,2,75000
2024-12-23,SILVER,남성,3,3,7,357060
2024-12-23,SILVER,여성,2,2,2,286000
2024-12-23,SILVER,긴바지,1,1,1,123520
2024-12-24,FAMILY,남성,26,24,37,2357440
2024-12-24,FAMILY,미드/롱다운,2,2,2,559000
2024-12-24,FAMILY,액세서리,2,2,4,30810
2024-12-24,SILVER,여성,1,1,1,233730
2024-12-24,SILVER,남성,1,1,1,47580
2024-12-25,FAMILY,남성,28,28,35,2607990
2024-12-25,FAMILY,폴로티/집업,3,3,3,202790
2024-12-25,FAMILY,셋업,2,2,2,201900
2024-12-25,FAMILY,여성,5,5,5,144270
2024-12-25,FAMILY,패딩/슬림다운,1,1,1,119500
2024-12-25,FAMILY,부츠,1,1,1,76570
2024-12-25,FAMILY,자켓/ 베스트,1,1,1,50270
2024-12-25,FAMILY,UNKNOWN,1,1,1,38200
2024-12-25,FAMILY,액세서리,3,3,4,34470
2024-12-25,FAMILY,장갑,1,1,1,22170
2024-12-25,SILVER,남성,5,5,11,547090
2024-12-25,SILVER,UNKNOWN,1,1,1,125300
2024-12-25,SILVER,여성,1,1,1,80330
2024-12-25,SILVER,가방,1,1,1,72940
2024-12-26,FAMILY,남성,24,24,39,1454650
2024-12-26,FAMILY,하이킹,1,1,1,137000
2024-12-26,FAMILY,장갑,2,2,2,93460
2024-12-26,FAMILY,액세서리,5,5,8,71780
2024-12-26,FAMILY,라운드티,2,2,2,67050
2024-12-26,FAMILY,폴로티/집업,1,1,1,49810
2024-12-26,FAMILY,자켓/ 베스트,1,1,1,36240
2024-12-26,FAMILY,여성,2,2,2,21210
2024-12-26,GOLD,남성,1,1,2,190500
2024-12-26,SILVER,남성,3,3,3,278440
2024-12-26,TITANIUM,남성,1,1,1,13750
2024-12-27,FAMILY,남성,18,17,20,1143610
2024-12-27,FAMILY,폴로티/집업,4,4,4,202060
2024-12-27,FAMILY,여성,3,3,3,153230
2024-12-27,FAMILY,볼캡,3,3,3,125670
2024-12-27,FAMILY,부츠,1,1,1,79500
2024-12-27,GOLD,긴바지,1,1,1,79000
2024-12-27,GOLD,남성,1,1,1,30200
2024-12-27,SILVER,남성,3,3,3,185890
2024-12-27,SILVER,긴바지,1,1,1,109300
2024-12-28,FAMILY,남성,11,11,17,719760
2024-12-28,FAMILY,등산화,1,1,1,112890
2024-12-28,FAMILY,셋업,1,1,2,110400
2024-12-28,FAMILY,맨투맨/후드티,1,1,1,55590
2024-12-28,SILVER,남성,3,3,4,279550
2024-12-28,TITANIUM,남성,1,1,1,120940
2024-12-29,FAMILY,남성,20,20,24,1789670
2024-12-29,FAMILY,미드/롱다운,1,1,1,380730
2024-12-29,FAMILY,가방,3,3,3,162260
2024-12-29,FAMILY,하이킹,1,1,1,137000
2024-12-29,FAMILY,폴로티/집업,2,2,2,128070
2024-12-29,FAMILY,긴바지,1,1,1,124140
2024-12-29,FAMILY,UNKNOWN,1,1,1,34510
2024-12-29,FAMILY,액세서리,1,1,2,16050
2024-12-29,SILVER,남성,3,3,3,182500
2024-12-29,TITANIUM,남성,2,2,2,209720
2024-12-30,FAMILY,남성,22,21,25,2159310
2024-12-30,FAMILY,여성,4,4,4,700860
2024-12-30,FAMILY,미드/롱다운,2,2,2,554000
2024-12-30,FAMILY,셋업,3,3,3,172890
2024-12-30,FAMILY,등산화,1,1,1,124130
2024-12-30,FAMILY,가방,1,1,1,74680
2024-12-30,FAMILY,폴로티/집업,1,1,1,37500
2024-12-30,FAMILY,액세서리,2,2,2,14250
2024-12-30,GOLD,남성,1,1,1,215740
2024-12-30,SILVER,남성,5,5,6,729230
2024-12-30,SILVER,등산화,1,1,3,387130
2024-12-30,SILVER,여성,1,1,1,63270
2024-12-31,FAMILY,남성,36,35,54,1666870
2024-12-31,FAMILY,여성,10,10,10,417080
2024-12-31,FAMILY,셋업,3,3,5,280320
2024-12-31,FAMILY,미드/롱다운,1,1,1,279500
2024-12-31,FAMILY,하이킹,1,1,1,132060
2024-12-31,FAMILY,패딩/슬림다운,1,1,1,129920
2024-12-31,FAMILY,등산화,1,1,1,104870
2024-12-31,FAMILY,폴로티/집업,1,1,1,69300
2024-12-31,FAMILY,장갑,1,1,1,19500
2024-12-31,FAMILY,액세서리,2,2,2,11000
2024-12-31,SILVER,남성,2,2,3,293900
2024-12-31,SILVER,여성,2,2,2,136660
2025-01-01,FAMILY,남성,18,17,20,1383520
2025-01-01,FAMILY,셋업,3,3,4,253900
2025-01-01,FAMILY,등산화,1,1,1,139300
2025-01-01,FAMILY,자켓/베스트,1,1,1,99610
2025-01-01,FAMILY,폴로티/집업,1,1,1,49500
2025-01-01,FAMILY,라운드티,1,1,1,39930
2025-01-01,FAMILY,여성,1,1,1,10620
2025-01-01,FAMILY,액세서리,1,1,1,7040
2025-01-01,SILVER,남성,2,2,2,94470
2025-01-01,TITANIUM,남성,3,2,5,531850
2025-01-01,TITANIUM,긴바지,1,1,1,125300
2025-01-02,FAMILY,남성,10,9,14,934660
2025-01-02,FAMILY,여성,5,5,6,595110
2025-01-02,FAMILY,UNKNOWN,2,2,2,149400
2025-01-02,FAMILY,부츠,2,1,2,149000
2025-01-02,FAMILY,셋업,1,1,1,123470
2025-01-02,FAMILY,볼캡,1,1,1,47200
2025-01-02,SILVER,자켓/ 베스트,1,1,1,208450
2025-01-02,SILVER,남성,1,1,2,167610
2025-01-02,SILVER,하이킹,1,1,1,123000
2025-01-02,SILVER,부츠,1,1,1,111300
2025-01-02,SILVER,맨투맨/후드티,1,1,1,69020
2025-01-02,SILVER,폴로/집업티,1,1,1,62050
2025-01-02,TITANIUM,패딩/슬림다운,1,1,2,330280
2025-01-02,TITANIUM,남성,1,1,2,219720
2025-01-03,FAMILY,남성,16,16,19,1230600
2025-01-03,FAMILY,여성,4,4,4,437420
2025-01-03,FAMILY,셋업,1,1,1,74500
2025-01-03,GOLD,남성,1,1,1,175200
2025-01-03,GOLD,여성,1,1,1,90300
2025-01-03,SILVER,미드/롱다운,1,1,1,378850
2025-01-03,SILVER,긴바지,1,1,1,125300
2025-01-03,SILVER,셋업,1,1,1,125150
2025-01-03,SILVER,남성,2,2,2,71700
2025-01-04,FAMILY,남성,5,5,7,499540
2025-01-04,FAMILY,여성,2,2,2,125500
2025-01-04,FAMILY,셋업,1,1,1,102040
2025-01-04,FAMILY,자켓/ 베스트,1,1,2,89000
2025-01-04,FAMILY,자켓/베스트,1,1,1,58300
2025-01-04,FAMILY,맨투맨/후드티,1,1,1,55060
2025-01-04,FAMILY,액세서리,1,1,1,7500
2025-01-04,GOLD,남성,1,1,2,190000
2025-01-04,SILVER,여성,2,2,4,203170
2025-01-04,SILVER,자켓/베스트,1,1,1,56170
2025-01-04,SILVER,남성,1,1,1,31560
2025-01-04,TITANIUM,남성,2,2,3,402660
2025-01-05,FAMILY,남성,7,7,10,642940
2025-01-05,FAMILY,여성,3,3,3,324410
2025-01-05,FAMILY,미드/롱다운,1,1,1,164500
2025-01-05,FAMILY,부츠,1,1,1,79500
2025-01-05,FAMILY,자켓/ 베스트,1,1,1,53000
2025-01-05,FAMILY,액세서리,1,1,1,10430
2025-01-05,SILVER,남성,2,2,2,276040
2025-01-05,SILVER,등산화,1,1,1,113250
2025-01-06,FAMILY,남성,14,13,15,1331120
2025-01-06,FAMILY,여성,4,4,5,566470
2025-01-06,FAMILY,등산화,1,1,1,147750
2025-01-06,FAMILY,하이킹,1,1,1,137000
2025-01-06,FAMILY,폴로티/집업,1,1,1,55480
2025-01-06,FAMILY,액세서리,1,1,1,10640
2025-01-06,GOLD,남성,1,1,1,35450
2025-01-06,SILVER,여성,3,3,5,509800
2025-01-06,SILVER,남성,3,2,3,151300
2025-01-07,FAMILY,남성,19,19,22,1704710
2025-01-07,FAMILY,미드/롱다운,2,2,2,721700
2025-01-07,FAMILY,여성,1,1,1,113670
2025-01-07,FAMILY,폴로티/집업,1,1,1,69300
2025-01-07,FAMILY,장갑,1,1,1,24500
2025-01-07,SILVER,셋업,1,1,1,108150
2025-01-07,TITANIUM,여성,1,1,1,367200
2025-01-07,TITANIUM,남성,2,2,4,351060
2025-01-07,TITANIUM,맨투맨/후드티,1,1,1,69300
2025-01-08,FAMILY,남성,20,19,24,1938270
2025-01-08,FAMILY,여성,5,5,5,506530
2025-01-08,FAMILY,셋업,2,2,2,133890
2025-01-08,FAMILY,하이킹,1,1,1,114500
2025-01-08,FAMILY,액세서리,1,1,1,7500
2025-01-08,SILVER,미드/롱다운,3,3,3,1025930
2025-01-08,SILVER,남성,3,3,5,687590
2025-01-08,SILVER,여성,2,2,2,174810
2025-01-08,SILVER,라운드티,2,2,2,107820
2025-01-09,FAMILY,남성,16,16,19,1485310
2025-01-09,FAMILY,미드/롱다운,2,2,2,559000
2025-01-09,FAMILY,긴바지,1,1,1,125300
2025-01-09,FAMILY,여성,1,1,1,100630
2025-01-09,FAMILY,등산화,1,1,1,95690
2025-01-09,FAMILY,가방,1,1,1,83000
2025-01-09,FAMILY,라운드티,1,1,1,57050
2025-01-09,FAMILY,폴로/집업티,1,1,1,44500
2025-01-09,FAMILY,자켓/ 베스트,1,1,1,38150
2025-01-09,FAMILY,볼캡,1,1,1,35000
2025-01-09,FAMILY,UNKNOWN,1,1,1,33200
2025-01-09,GOLD,남성,1,1,1,125300
2025-01-09,SILVER,남성,6,6,7,566350
2025-01-09,TITANIUM,셋업,1,1,3,333120
2025-01-09,TITANIUM,미드/롱다운,1,1,1,327670
2025-01-09,TITANIUM,남성,2,2,3,298490
2025-01-09,TITANIUM,가방,1,1,1,81510
2025-01-10,FAMILY,남성,15,15,20,1526500
2025-01-10,FAMILY,여성,5,3,5,784000
2025-01-10,FAMILY,미드/롱다운,1,1,1,376750
2025-01-10,FAMILY,인터체인지 (3 in 1),1,1,1,251190
2025-01-10,FAMILY,부츠,1,1,1,106310
2025-01-10,FAMILY,액세서리,4,4,9,100590
2025-01-10,FAMILY,자켓/ 베스트,1,1,1,53000
2025-01-10,GOLD,남성,2,1,2,884610
2025-01-10,GOLD,여성,1,1,1,47390
2025-01-10,GOLD,셋업,1,1,1,47310
2025-01-10,SILVER,여성,1,1,1,244300
2025-01-10,SILVER,남성,2,2,2,122910
2025-01-10,TITANIUM,남성,1,1,1,97300
2025-01-10,TITANIUM,셋업,1,1,1,55200
2025-01-11,FAMILY,남성,9,9,9,681360
2025-01-11,SILVER,남성,4,4,4,720230
2025-01-11,SILVER,여성,1,1,1,57330
2025-01-12,FAMILY,남성,10,10,12,876880
2025-01-12,FAMILY,여성,2,2,2,128070
2025-01-12,FAMILY,액세서리,2,2,3,30200
2025-01-12,GOLD,남성,1,1,1,209300
2025-01-12,SILVER,남성,5,5,7,671800
2025-01-12,SILVER,여성,2,2,2,264360
2025-01-12,SILVER,등산화,1,1,1,153300
2025-01-12,SILVER,하이킹,1,1,1,128430
2025-01-13,FAMILY,남성,54,53,72,3397200
2025-01-13,FAMILY,여성,9,9,9,785630
2025-01-13,FAMILY,하이킹,4,4,4,369450
2025-01-13,FAMILY,셋업,3,3,4,335700
2025-01-13,FAMILY,긴바지,2,2,2,253850
2025-01-13,FAMILY,UNKNOWN,4,4,4,214980
2025-01-13,FAMILY,등산화,2,2,2,174000
2025-01-13,FAMILY,볼캡,2,2,2,74200
2025-01-13,FAMILY,액세서리,5,5,8,65360
2025-01-13,FAMILY,자켓/ 베스트,2,2,2,53930
2025-01-13,FAMILY,장갑,1,1,1,39550
2025-01-13,SILVER,여성,4,4,5,676960
2025-01-13,SILVER,남성,5,5,6,390760
2025-01-13,SILVER,가방,1,1,1,60510
2025-01-13,SILVER,셋업,1,1,1,40960
2025-01-13,TITANIUM,셋업,1,1,2,90000
2025-01-13,TITANIUM,남성,2,2,2,86580
2025-01-14,FAMILY,남성,22,22,30,1979740
2025-01-14,FAMILY,여성,5,5,6,500060
2025-01-14,FAMILY,자켓/ 베스트,4,4,5,275170
2025-01-14,FAMILY,미드/롱다운,1,1,1,274500
2025-01-14,FAMILY,패딩/슬림다운,1,1,3,218500
2025-01-14,FAMILY,셋업,1,1,1,86130
2025-01-14,FAMILY,캐주얼,1,1,1,61830
2025-01-14,FAMILY,맨투맨/후드티,1,1,1,49500
2025-01-14,FAMILY,라운드티,1,1,1,38520
2025-01-14,FAMILY,볼캡,1,1,1,29500
2025-01-14,FAMILY,액세서리,1,1,2,11000
2025-01-14,SILVER,여성,2,2,2,471930
2025-01-14,SILVER,남성,3,3,6,229300
2025-01-14,SILVER,등산화,1,1,1,103430
2025-01-14,TITANIUM,남성,1,1,4,165500
2025-01-15,FAMILY,남성,18,18,27,1089840
2025-01-15,FAMILY,등산화,1,1,1,115520
2025-01-15,FAMILY,여성,2,2,2,103180
2025-01-15,FAMILY,하이킹,1,1,1,69530
2025-01-15,FAMILY,폴로/집업티,1,1,1,58970
2025-01-15,FAMILY,장갑,1,1,1,28750
2025-01-15,FAMILY,UNKNOWN,1,1,1,21600
2025-01-15,FAMILY,액세서리,3,3,3,19080
2025-01-15,GOLD,인터체인지 (3 in 1),1,1,1,652530
2025-01-15,SILVER,남성,7,6,10,583980
2025-01-15,SILVER,미드/롱다운,1,1,1,313940
2025-01-15,SILVER,여성,1,1,1,69500
2025-01-16,FAMILY,남성,19,18,24,1183270
2025-01-16,FAMILY,여성,6,6,7,532600
2025-01-16,FAMILY,긴바지,2,2,3,358500
2025-01-16,FAMILY,셋업,2,2,2,205390
2025-01-16,FAMILY,등산화,1,1,1,185880
2025-01-16,FAMILY,자켓/ 베스트,2,2,3,115090
2025-01-16,FAMILY,폴로/집업티,1,1,1,44500
2025-01-16,FAMILY,액세서리,1,1,1,5500
2025-01-16,SILVER,남성,3,3,3,287300
2025-01-16,SILVER,여성,1,1,1,259500
2025-01-16,SILVER,셋업,1,1,1,79400
2025-01-16,SILVER,맨투맨/후드티,1,1,1,53350
2025-01-17,FAMILY,남성,20,20,25,1577170
2025-01-17,FAMILY,여성,5,5,6,830570
2025-01-17,FAMILY,셋업,3,3,3,239570
2025-01-17,FAMILY,등산화,1,1,1,73150
2025-01-17,FAMILY,자켓/ 베스트,1,1,1,32500
2025-01-17,GOLD,남성,1,1,1,53550
2025-01-17,SILVER,남성,5,5,6,201340
2025-01-17,SILVER,가방,1,1,1,66000
2025-01-17,SILVER,여성,1,1,1,31600
2025-01-17,SILVER,볼캡,1,1,1,29500
2025-01-17,SILVER,라운드티,1,1,1,29270
2025-01-17,TITANIUM,남성,1,1,1,120000
2025-01-18,FAMILY,남성,8,8,10,851070
2025-01-18,FAMILY,긴바지,1,1,1,113600
2025-01-18,FAMILY,셋업,2,2,2,104170
2025-01-18,FAMILY,자켓/ 베스트,1,1,1,95850
2025-01-18,FAMILY,여성,1,1,2,27840
2025-01-18,FAMILY,액세서리,3,3,3,25570
2025-01-18,GOLD,남성,1,1,1,191200
2025-01-18,SILVER,여성,1,1,1,364600
2025-01-18,SILVER,가방,1,1,1,74260
2025-01-18,SILVER,남성,1,1,1,19380
2025-01-18,TITANIUM,남성,1,1,1,87470
2025-01-19,FAMILY,남성,15,15,21,831480
2025-01-19,FAMILY,미드/롱다운,1,1,1,274500
2025-01-19,FAMILY,자켓/베스트,1,1,1,103200
2025-01-19,FAMILY,부츠,1,1,1,79500
2025-01-19,FAMILY,볼캡,1,1,1,40950
2025-01-19,FAMILY,여성,1,1,1,39500
2025-01-19,FAMILY,셋업,1,1,1,34500
2025-01-19,FAMILY,액세서리,2,2,2,17180
2025-01-19,SILVER,남성,6,6,7,743400
2025-01-19,SILVER,여성,1,1,1,125300
2025-01-19,SILVER,패딩/슬림다운,1,1,1,120560
2025-01-20,FAMILY,남성,8,8,11,410450
2025-01-20,FAMILY,미드/롱다운,1,1,1,239500
2025-01-20,FAMILY,긴바지,1,1,1,232590
2025-01-20,FAMILY,셋업,1,1,1,101350
2025-01-20,FAMILY,UNKNOWN,1,1,1,62550
2025-01-20,FAMILY,맨투맨/후드티,1,1,1,45050
2025-01-20,FAMILY,볼캡,1,1,1,30530
2025-01-20,GOLD,남성,1,1,1,38000
2025-01-20,SILVER,남성,7,7,7,972970
2025-01-21,FAMILY,남성,17,16,27,1720880
2025-01-21,FAMILY,자켓/베스트,2,2,2,168550
2025-01-21,FAMILY,여성,1,1,1,159500
2025-01-21,FAMILY,하이킹,1,1,1,129640
2025-01-21,FAMILY,긴바지,1,1,1,118100
2025-01-21,FAMILY,UNKNOWN,1,1,1,89500
2025-01-21,FAMILY,부츠,1,1,1,84850
2025-01-21,FAMILY,등산화,1,1,1,84500
2025-01-21,FAMILY,셋업,1,1,1,55200
2025-01-21,SILVER,남성,4,4,5,372250
2025-01-21,SILVER,UNKNOWN,1,1,2,247610
2025-01-21,SILVER,패딩/슬림다운,1,1,1,109490
2025-01-21,SILVER,트레일러닝,1,1,1,86950
2025-01-21,SILVER,가방,1,1,1,78090
2025-01-21,SILVER,자켓/베스트,1,1,1,57390
2025-01-21,SILVER,여성,1,1,1,54040
2025-01-22,FAMILY,남성,32,32,41,2287650
2025-01-22,FAMILY,여성,3,3,4,389110
2025-01-22,FAMILY,셋업,1,1,1,120200
2025-01-22,FAMILY,자켓/베스트,1,1,1,82640
2025-01-22,FAMILY,장갑,1,1,1,47150
2025-01-22,FAMILY,자켓/ 베스트,1,1,1,29380
2025-01-22,FAMILY,라운드티,1,1,1,20650
2025-01-22,SILVER,남성,7,7,9,556030
2025-01-22,SILVER,셋업,1,1,4,192550
2025-01-22,SILVER,여성,1,1,1,118450
2025-01-22,SILVER,맨투맨/후드티,1,1,1,55350
2025-01-23,FAMILY,남성,27,27,39,1550410
2025-01-23,FAMILY,여성,7,7,7,554610
2025-01-23,FAMILY,패딩/슬림다운,1,1,1,164350
2025-01-23,FAMILY,셋업,2,2,2,130960
2025-01-23,FAMILY,긴바지,1,1,1,67610
2025-01-23,GOLD,여성,1,1,1,288070
2025-01-23,GOLD,셋업,2,2,2,127920
2025-01-23,SILVER,남성,2,2,2,269260
2025-01-23,SILVER,자켓/베스트,1,1,1,260310
2025-01-23,SILVER,여성,1,1,1,119490
2025-01-24,FAMILY,남성,15,15,21,1123980
2025-01-24,FAMILY,미드/롱다운,2,2,2,721700
2025-01-24,FAMILY,여성,2,2,2,239940
2025-01-24,FAMILY,트레일러닝,1,1,1,73100
2025-01-24,FAMILY,가방,1,1,1,61190
2025-01-24,FAMILY,맨투맨/후드티,1,1,1,58600
2025-01-24,FAMILY,셋업,1,1,1,50320
2025-01-24,SILVER,남성,1,1,1,92080
2025-01-24,SILVER,등산화,1,1,1,88350
2025-01-24,TITANIUM,남성,1,1,1,85390
2025-01-25,FAMILY,남성,8,8,10,291730
2025-01-25,FAMILY,여성,3,3,3,219720
2025-01-25,SILVER,남성,1,1,1,118300
2025-01-25,SILVER,셋업,1,1,1,98550
2025-01-26,FAMILY,남성,210,207,254,8751000
2025-01-26,FAMILY,여성,26,26,27,1398290
2025-01-26,FAMILY,셋업,8,8,8,349310
2025-01-26,FAMILY,가방,6,6,6,346750
2025-01-26,FAMILY,라운드티,8,8,8,205940
2025-01-26,FAMILY,패딩/슬림다운,2,2,2,189910
2025-01-26,FAMILY,긴바지,1,1,1,189150
2025-01-26,FAMILY,자켓/베스트,3,3,3,170770
2025-01-26,FAMILY,등산화,2,2,2,158060
2025-01-26,FAMILY,UNKNOWN,2,2,2,125290
2025-01-26,FAMILY,맨투맨/후드티,3,3,3,117170
2025-01-26,FAMILY,자켓/ 베스트,4,4,4,116920
2025-01-26,FAMILY,하이킹,2,2,2,112590
2025-01-26,FAMILY,볼캡,4,4,4,95720
2025-01-26,FAMILY,캐주얼,2,2,2,79280
2025-01-26,FAMILY,부츠,1,1,1,65500
2025-01-26,FAMILY,크로스/토트백,2,2,2,63760
2025-01-26,GOLD,남성,2,2,2,168420
2025-01-26,SILVER,남성,12,12,15,1134610
2025-01-26,SILVER,여성,5,5,6,566430
2025-01-26,SILVER,트레일러닝,1,1,1,67200
2025-01-26,SILVER,자켓/ 베스트,1,1,1,62260
2025-01-26,SILVER,등산화,1,1,1,47320
2025-01-26,SILVER,셋업,1,1,1,23160
2025-01-26,TITANIUM,남성,1,1,1,70300
2025-01-27,FAMILY,남성,169,169,215,8225160
2025-01-27,FAMILY,여성,19,19,20,1143210
2025-01-27,FAMILY,셋업,7,7,7,300770
2025-01-27,FAMILY,하이킹,4,4,4,296150
2025-01-27,FAMILY,등산화,3,3,3,295780
2025-01-27,FAMILY,UNKNOWN,4,4,4,281500
2025-01-27,FAMILY,자켓/ 베스트,6,6,6,224020
2025-01-27,FAMILY,가방,4,4,4,198510
2025-01-27,FAMILY,볼캡,7,7,7,190630
2025-01-27,FAMILY,크로스/토트백,4,4,4,145240
2025-01-27,FAMILY,긴바지,2,2,2,115390
2025-01-27,FAMILY,장갑,2,2,2,89380
2025-01-27,FAMILY,맨투맨/후드티,1,1,1,44170
2025-01-27,FAMILY,라운드티,2,2,2,39820
2025-01-27,FAMILY,액세서리,2,2,2,19370
2025-01-27,GOLD,등산화,1,1,2,227000
2025-01-27,GOLD,남성,3,3,4,142470
2025-01-27,GOLD,여성,1,1,2,104010
2025-01-27,SILVER,남성,16,16,21,1766200
2025-01-27,SILVER,셋업,2,2,3,348860
2025-01-27,SILVER,셔츠,1,1,2,196270
2025-01-27,SILVER,긴바지,2,2,2,170750
2025-01-27,SILVER,자켓/베스트,1,1,1,31150
2025-01-27,SILVER,장갑,1,1,1,19600
2025-01-27,SILVER,액세서리,1,1,1,10820
2025-01-28,FAMILY,남성,63,62,87,2636540
2025-01-28,FAMILY,여성,15,15,16,1027220
2025-01-28,FAMILY,셋업,5,5,5,335810
2025-01-28,FAMILY,자켓/베스트,3,3,3,211730
2025-01-28,FAMILY,패딩/슬림다운,1,1,1,127900
2025-01-28,FAMILY,하이킹,2,2,2,111270
2025-01-28,FAMILY,가방,2,2,2,100880
2025-01-28,FAMILY,캐주얼,1,1,1,39260
2025-01-28,FAMILY,크로스/토트백,1,1,1,32090
2025-01-28,FAMILY,라운드티,1,1,1,29400
2025-01-28,FAMILY,자켓/ 베스트,1,1,1,22190
2025-01-28,FAMILY,UNKNOWN,1,1,1,19440
2025-01-28,FAMILY,액세서리,1,1,1,13820
2025-01-28,SILVER,남성,6,6,11,760150
2025-01-28,SILVER,여성,6,6,7,594430
2025-01-28,SILVER,라운드티,1,1,1,35630
2025-01-29,FAMILY,남성,46,45,52,2265510
2025-01-29,FAMILY,여성,6,6,6,587480
2025-01-29,FAMILY,등산화,2,2,2,213030
2025-01-29,FAMILY,하이킹,2,2,2,131730
2025-01-29,FAMILY,UNKNOWN,2,2,2,106410
2025-01-29,FAMILY,가방,2,2,2,81490
2025-01-29,FAMILY,셋업,1,1,1,52060
2025-01-29,FAMILY,라운드티,2,2,2,39320
2025-01-29,FAMILY,자켓/ 베스트,1,1,1,27700
2025-01-29,SILVER,남성,4,4,8,746340
2025-01-29,SILVER,여성,2,2,2,127800
2025-01-29,SILVER,트레일러닝,1,1,1,76100
2025-01-29,SILVER,UNKNOWN,1,1,1,74650
2025-01-29,TITANIUM,남성,1,1,1,87670
2025-01-30,FAMILY,남성,72,72,86,3853980
2025-01-30,FAMILY,여성,8,8,8,881400
2025-01-30,FAMILY,부츠,4,4,4,338540
2025-01-30,FAMILY,하이킹,4,4,4,297170
2025-01-30,FAMILY,등산화,3,3,3,256520
2025-01-30,FAMILY,가방,3,3,3,137660
2025-01-30,FAMILY,자켓/베스트,2,2,3,94370
2025-01-30,FAMILY,자켓/ 베스트,2,2,2,66060
2025-01-30,FAMILY,셋업,1,1,1,43350
2025-01-30,FAMILY,라운드티,2,2,2,38890
2025-01-30,FAMILY,장갑,1,1,1,29330
2025-01-30,FAMILY,볼캡,1,1,1,24130
2025-01-30,FAMILY,액세서리,1,1,1,14040
2025-01-30,GOLD,하이킹,1,1,1,68500
2025-01-30,SILVER,남성,6,6,6,484180
2025-01-30,SILVER,패딩/슬림다운,1,1,1,85730
2025-01-30,TITANIUM,남성,2,2,4,292150
2025-01-30,TITANIUM,맨투맨/후드티,1,1,2,84260
2025-01-31,FAMILY,남성,332,332,394,15513610
2025-01-31,FAMILY,여성,51,51,52,3065690
2025-01-31,FAMILY,셋업,18,18,18,874130
2025-01-31,FAMILY,미드/롱다운,3,2,3,838500
2025-01-31,FAMILY,하이킹,7,7,7,689500
2025-01-31,FAMILY,자켓/ 베스트,18,18,19,612570
2025-01-31,FAMILY,등산화,6,6,6,586790
2025-01-31,FAMILY,UNKNOWN,8,8,8,451880
2025-01-31,FAMILY,가방,6,6,6,297710
2025-01-31,FAMILY,라운드티,11,11,12,265450
2025-01-31,FAMILY,볼캡,8,8,8,175740
2025-01-31,FAMILY,자켓/베스트,3,3,3,137670
2025-01-31,FAMILY,장갑,6,6,6,136990
2025-01-31,FAMILY,패딩/슬림다운,1,1,1,133590
2025-01-31,FAMILY,캐주얼,3,3,3,118340
2025-01-31,FAMILY,셔츠,1,1,1,101440
2025-01-31,FAMILY,액세서리,5,5,7,91200
2025-01-31,FAMILY,폴로/집업티,2,2,2,76370
2025-01-31,FAMILY,부츠,1,1,1,72700
2025-01-31,FAMILY,맨투맨/후드티,1,1,1,59300
2025-01-31,FAMILY,크로스/토트백,1,1,1,24500
2025-01-31,GOLD,남성,2,2,3,209750
2025-01-31,SILVER,남성,23,22,32,2284940
2025-01-31,SILVER,패딩/슬림다운,2,2,2,254650
2025-01-31,SILVER,여성,2,2,3,178030
2025-01-31,SILVER,긴바지,1,1,1,112770
2025-01-31,SILVER,자켓/ 베스트,1,1,1,107000
2025-01-31,SILVER,자켓/베스트,1,1,1,52300
2025-01-31,SILVER,크로스/토트백,1,1,1,27710
2025-01-31,SILVER,액세서리,1,1,1,14450
2025-01-31,TITANIUM,남성,4,3,4,255910
2025-02-01,FAMILY,여성,4,4,4,415150
2025-02-01,FAMILY,남성,6,6,6,267600
2025-02-01,FAMILY,하이킹,1,1,1,130920
2025-02-01,SILVER,여성,1,1,1,115040
2025-02-01,SILVER,남성,1,1,1,111770
2025-02-02,FAMILY,남성,10,10,10,871590
2025-02-02,FAMILY,여성,1,1,4,533000
2025-02-02,FAMILY,미드/롱다운,1,1,1,274500
2025-02-02,FAMILY,긴바지,1,1,1,79000
2025-02-02,SILVER,남성,1,1,1,167300
2025-02-02,SILVER,여성,1,1,1,152780
2025-02-03,FAMILY,여성,1,1,1,212540
2025-02-03,FAMILY,남성,3,3,3,147020
2025-02-03,FAMILY,하이킹,1,1,1,134000
2025-02-03,FAMILY,가방,1,1,1,83000
2025-02-03,FAMILY,장갑,1,1,1,47300
2025-02-03,GOLD,남성,1,1,1,44000
2025-02-03,SILVER,남성,2,2,2,217100
2025-02-03,TITANIUM,남성,1,1,1,90300
2025-02-04,FAMILY,남성,9,8,9,644820
2025-02-04,FAMILY,미드/롱다운,1,1,1,447200
2025-02-04,FAMILY,여성,3,3,4,345400
2025-02-04,FAMILY,등산화,1,1,1,169480
2025-02-04,FAMILY,폴로티/집업,2,2,2,138600
2025-02-04,FAMILY,UNKNOWN,1,1,1,109780
2025-02-04,FAMILY,볼캡,1,1,1,18600
2025-02-04,FAMILY,액세서리,1,1,1,9980
2025-02-04,GOLD,남성,1,1,1,74500
2025-02-04,SILVER,남성,3,3,3,253150
2025-02-04,SILVER,여성,1,1,1,94500
2025-02-05,FAMILY,남성,13,12,19,1145010
2025-02-05,FAMILY,등산화,2,2,2,272430
2025-02-05,FAMILY,여성,3,3,4,250800
2025-02-05,FAMILY,라운드티,1,1,1,31300
2025-02-05,FAMILY,액세서리,1,1,2,19630
2025-02-05,SILVER,미드/롱다운,1,1,1,447200
2025-02-05,SILVER,여성,1,1,1,109500
2025-02-05,SILVER,남성,1,1,1,62300
2025-02-06,FAMILY,남성,12,12,15,1358560
2025-02-06,FAMILY,여성,4,4,4,408040
2025-02-06,FAMILY,인터체인지 (3 in 1),2,2,2,394580
2025-02-06,FAMILY,가방,3,3,3,201680
2025-02-06,FAMILY,하이킹,1,1,1,123300
2025-02-06,FAMILY,등산화,1,1,1,100170
2025-02-06,FAMILY,부츠,1,1,1,79500
2025-02-06,FAMILY,긴바지,1,1,1,72450
2025-02-06,FAMILY,셔츠,1,1,1,69500
2025-02-06,FAMILY,자켓/ 베스트,1,1,1,47700
2025-02-06,GOLD,남성,1,1,1,144000
2025-02-06,SILVER,미드/롱다운,1,1,1,335300
2025-02-06,SILVER,여성,2,2,2,231130
2025-02-06,SILVER,셋업,1,1,1,95690
2025-02-06,SILVER,남성,1,1,2,93850
2025-02-06,SILVER,가방,1,1,1,65900
2025-02-06,TITANIUM,남성,3,2,6,680300
2025-02-07,FAMILY,남성,24,19,27,2589440
2025-02-07,FAMILY,하이킹,10,10,10,575780
2025-02-07,FAMILY,등산화,2,2,2,253440
2025-02-07,FAMILY,가방,3,3,3,216150
2025-02-07,FAMILY,액세서리,2,2,4,37480
2025-02-07,FAMILY,볼캡,1,1,1,30080
2025-02-07,FAMILY,UNKNOWN,1,1,1,29460
2025-02-07,GOLD,남성,1,1,1,25040
2025-02-07,SILVER,남성,2,2,4,290560
2025-02-07,SILVER,하이킹,2,2,2,99000
2025-02-08,FAMILY,남성,7,7,9,797290
2025-02-08,FAMILY,하이킹,2,2,2,172800
2025-02-08,FAMILY,셋업,2,2,2,120170
2025-02-08,FAMILY,가방,1,1,1,71700
2025-02-08,FAMILY,여성,1,1,1,65960
2025-02-08,FAMILY,맨투맨/후드티,1,1,1,58360
2025-02-08,FAMILY,UNKNOWN,1,1,1,27350
2025-02-08,GOLD,남성,3,2,5,385470
2025-02-08,GOLD,장갑,1,1,1,24500
2025-02-08,SILVER,남성,5,5,6,635740
2025-02-08,SILVER,등산화,1,1,1,112470
2025-02-08,TITANIUM,남성,1,1,2,240000
2025-02-09,FAMILY,남성,14,14,17,1510350
2025-02-09,FAMILY,여성,3,3,3,368740
2025-02-09,FAMILY,하이킹,3,3,4,203760
2025-02-09,FAMILY,장갑,2,2,2,135560
2025-02-09,FAMILY,긴바지,1,1,1,122610
2025-02-09,FAMILY,자켓/ 베스트,1,1,1,47700
2025-02-09,FAMILY,액세서리,1,1,1,5990
2025-02-09,GOLD,남성,1,1,1,142090
2025-02-09,SILVER,남성,6,6,12,1018490
2025-02-09,SILVER,하이킹,1,1,1,45000
2025-02-10,FAMILY,남성,10,10,13,1138960
2025-02-10,FAMILY,하이킹,2,2,2,165530
2025-02-10,FAMILY,가방,1,1,1,81000
2025-02-10,FAMILY,크로스/토트백,1,1,1,51300
2025-02-10,GOLD,남성,1,1,1,79500
2025-02-10,SILVER,남성,7,6,8,817530
2025-02-10,SILVER,하이킹,2,2,2,178380
2025-02-10,SILVER,셔츠,1,1,1,116950
2025-02-10,SILVER,자켓/ 베스트,1,1,1,112770
2025-02-10,TITANIUM,남성,2,2,2,197960
2025-02-10,TITANIUM,셋업,1,1,1,132300
2025-02-11,FAMILY,남성,12,12,16,1130970
2025-02-11,FAMILY,하이킹,6,5,6,377090
2025-02-11,FAMILY,셋업,3,3,4,234670
2025-02-11,FAMILY,여성,2,2,2,173850
2025-02-11,FAMILY,맨투맨/후드티,2,2,2,109240
2025-02-11,FAMILY,UNKNOWN,1,1,1,79500
2025-02-11,GOLD,남성,2,2,2,194880
2025-02-11,SILVER,남성,5,5,5,562880
2025-02-11,SILVER,여성,1,1,1,71200
2025-02-11,SILVER,맨투맨/후드티,1,1,1,56810
2025-02-11,TITANIUM,셋업,2,1,7,370000
2025-02-12,FAMILY,남성,9,9,10,469110
2025-02-12,FAMILY,여성,4,4,4,305160
2025-02-12,FAMILY,등산화,1,1,1,114940
2025-02-12,FAMILY,UNKNOWN,1,1,1,94000
2025-02-12,FAMILY,라운드티,1,1,1,49500
2025-02-12,FAMILY,볼캡,1,1,1,24100
2025-02-12,FAMILY,액세서리,1,1,1,21200
2025-02-12,GOLD,액세서리,1,1,1,10800
2025-02-12,GOLD,남성,1,1,1,6170
2025-02-13,FAMILY,남성,18,18,20,1342210
2025-02-13,FAMILY,가방,5,5,5,369850
2025-02-13,FAMILY,미드/롱다운,1,1,1,234040
2025-02-13,FAMILY,여성,2,2,2,166080
2025-02-13,FAMILY,하이킹,2,2,2,101890
2025-02-13,FAMILY,맨투맨/후드티,1,1,1,69300
2025-02-13,FAMILY,액세서리,1,1,2,17780
2025-02-13,SILVER,남성,9,9,11,833920
2025-02-13,SILVER,미드/롱다운,1,1,1,303980
2025-02-13,SILVER,여성,2,2,2,145590
2025-02-13,SILVER,하이킹,1,1,1,109340
2025-02-13,TITANIUM,남성,1,1,4,67200
2025-02-14,FAMILY,남성,19,16,32,1229000
2025-02-14,FAMILY,여성,5,5,7,379240
2025-02-14,FAMILY,하이킹,2,2,2,179150
2025-02-14,FAMILY,가방,1,1,1,66200
2025-02-14,FAMILY,라운드티,1,1,1,49500
2025-02-14,FAMILY,액세서리,2,2,5,42350
2025-02-14,SILVER,남성,5,5,6,781180
2025-02-14,SILVER,셋업,1,1,1,102920
2025-02-14,SILVER,하이킹,1,1,1,55000
2025-02-14,TITANIUM,남성,2,2,4,561660
2025-02-15,FAMILY,남성,8,8,9,485710
2025-02-15,FAMILY,등산화,1,1,1,118300
2025-02-15,FAMILY,셋업,1,1,1,104300
2025-02-15,FAMILY,가방,1,1,1,64420
2025-02-15,FAMILY,하이킹,1,1,1,48520
2025-02-15,FAMILY,자켓/베스트,1,1,1,44870
2025-02-15,FAMILY,라운드티,1,1,1,38590
2025-02-15,FAMILY,액세서리,2,2,3,37070
2025-02-15,FAMILY,여성,1,1,1,10480
2025-02-15,SILVER,남성,2,2,2,192920
2025-02-15,SILVER,여성,1,1,1,150990
2025-02-15,SILVER,트레일러닝,1,1,1,82740
2025-02-16,FAMILY,남성,18,18,25,1218180
2025-02-16,FAMILY,여성,4,4,5,457690
2025-02-16,FAMILY,트레일러닝,1,1,1,109000
2025-02-16,FAMILY,등산화,1,1,1,84500
2025-02-16,FAMILY,하이킹,1,1,1,55000
2025-02-16,GOLD,여성,1,1,1,95500
2025-02-16,GOLD,남성,1,1,1,89040
2025-02-16,SILVER,남성,3,3,3,613050
2025-02-16,SILVER,여성,1,1,1,111440
2025-02-16,SILVER,자켓/베스트,1,1,1,47920
2025-02-16,TITANIUM,남성,1,1,2,300000
2025-02-17,FAMILY,남성,14,14,20,1049550
2025-02-17,FAMILY,여성,5,4,5,797050
2025-02-17,FAMILY,등산화,2,2,2,181800
2025-02-17,FAMILY,패딩/슬림다운,1,1,1,160200
2025-02-17,FAMILY,셋업,2,2,2,129700
2025-02-17,FAMILY,맨투맨/후드티,1,1,1,65540
2025-02-17,FAMILY,하이킹,1,1,1,43910
2025-02-17,GOLD,남성,2,2,4,157400
2025-02-17,GOLD,여성,1,1,1,125300
2025-02-17,SILVER,여성,3,3,4,426750
2025-02-17,SILVER,남성,2,2,2,248260
2025-02-17,SILVER,패딩/슬림다운,1,1,1,138880
2025-02-18,FAMILY,남성,11,11,18,1363070
2025-02-18,FAMILY,여성,4,4,6,403460
2025-02-18,FAMILY,등산화,1,1,1,94500
2025-02-18,FAMILY,라운드티,1,1,1,31300
2025-02-18,GOLD,등산화,1,1,1,141300
2025-02-18,SILVER,남성,3,3,4,551120
2025-02-18,SILVER,자켓/베스트,1,1,1,79200
2025-02-18,SILVER,맨투맨/후드티,1,1,1,50730
2025-02-18,SILVER,액세서리,1,1,1,5610
2025-02-18,TITANIUM,남성,1,1,1,30270
2025-02-19,FAMILY,남성,13,13,17,1195830
2025-02-19,FAMILY,여성,4,4,7,518510
2025-02-19,FAMILY,셋업,1,1,1,94500
2025-02-19,FAMILY,상의,1,1,1,50230
2025-02-19,FAMILY,하이킹,1,1,1,49000
2025-02-19,FAMILY,액세서리,1,1,1,11000
2025-02-19,GOLD,남성,2,2,4,86600
2025-02-19,SILVER,남성,4,3,13,1350970
2025-02-19,SILVER,여성,1,1,1,104300
2025-02-19,SILVER,하이킹,1,1,1,49040
2025-02-20,FAMILY,남성,29,29,36,3143102
2025-02-20,FAMILY,여성,9,9,9,1246598
2025-02-20,FAMILY,하이킹,4,4,4,270430
2025-02-20,FAMILY,미드/롱다운,1,1,1,225700
2025-02-20,FAMILY,등산화,1,1,1,185670
2025-02-20,FAMILY,상의,2,2,2,102250
2025-02-20,FAMILY,바람막이,1,1,1,85230
2025-02-20,FAMILY,셋업,1,1,1,48610
2025-02-20,FAMILY,자켓/베스트,1,1,1,46190
2025-02-20,SILVER,남성,7,7,9,1244442
2025-02-20,SILVER,여성,5,5,5,788664
2025-02-20,SILVER,하이킹,1,1,1,55000
2025-02-20,SILVER,맨투맨/후드티,1,1,1,36220
2025-02-20,SILVER,크로스/토트백,1,1,1,29500
2025-02-20,SILVER,액세서리,1,1,1,11000
2025-02-20,TITANIUM,셋업,1,1,2,229670
2025-02-20,TITANIUM,남성,1,1,1,139300
2025-02-21,FAMILY,남성,16,16,17,1588422
2025-02-21,FAMILY,여성,4,4,4,555688
2025-02-21,FAMILY,긴바지,2,2,2,216200
2025-02-21,FAMILY,패딩/슬림다운,1,1,1,156430
2025-02-21,FAMILY,트레일러닝,1,1,1,106440
2025-02-21,FAMILY,하이킹,2,2,2,102500
2025-02-21,FAMILY,셋업,1,1,1,36250
2025-02-21,FAMILY,라운드티,1,1,1,35600
2025-02-21,FAMILY,액세서리,1,1,1,11000
2025-02-21,GOLD,남성,1,1,1,34500
2025-02-21,SILVER,남성,6,5,8,932802
2025-02-21,SILVER,미드/롱다운,1,1,1,278448
2025-02-21,SILVER,자켓/ 베스트,1,1,1,155000
2025-02-21,SILVER,하이킹,1,1,1,50060
2025-02-22,FAMILY,남성,17,17,25,1298218
2025-02-22,FAMILY,여성,5,5,7,504480
2025-02-22,FAMILY,하이킹,2,2,2,99670
2025-02-22,FAMILY,가방,1,1,1,83000
2025-02-22,FAMILY,라운드티,1,1,1,20670
2025-02-22,FAMILY,액세서리,1,1,1,11000
2025-02-22,SILVER,여성,1,1,4,242946
2025-02-22,SILVER,남성,1,1,2,68730
2025-02-22,SILVER,하이킹,1,1,1,48750
2025-02-22,SILVER,라운드티,1,1,1,38450
2025-02-23,FAMILY,남성,18,18,23,1359719
2025-02-23,FAMILY,패딩/슬림다운,1,1,1,167300
2025-02-23,FAMILY,여성,2,2,2,155403
2025-02-23,FAMILY,셋업,1,1,2,129000
2025-02-23,FAMILY,하이킹,2,2,2,89740
2025-02-23,FAMILY,라운드티,2,2,2,75470
2025-02-23,FAMILY,가방,1,1,1,71770
2025-02-23,FAMILY,긴바지,1,1,1,69990
2025-02-23,FAMILY,크로스/토트백,1,1,1,57870
2025-02-23,FAMILY,폴로/집업티,1,1,1,52300
2025-02-23,GOLD,남성,1,1,1,255790
2025-02-23,GOLD,패딩/슬림다운,1,1,1,159000
2025-02-23,SILVER,남성,5,5,5,607360
2025-02-23,SILVER,미드/롱다운,1,1,1,411400
2025-02-23,SILVER,패딩/슬림다운,1,1,1,156530
2025-02-23,SILVER,자켓/ 베스트,1,1,1,139990
2025-02-23,SILVER,하이킹,1,1,1,52520
2025-02-24,FAMILY,남성,15,15,16,1697296
2025-02-24,FAMILY,패딩/슬림다운,1,1,1,150570
2025-02-24,FAMILY,바람막이,1,1,1,144274
2025-02-24,FAMILY,긴바지,1,1,1,111770
2025-02-24,FAMILY,하이킹,1,1,1,55000
2025-02-24,FAMILY,여성,1,1,1,48370
2025-02-24,SILVER,남성,3,3,4,473960
2025-02-24,SILVER,하이킹,1,1,2,274000
2025-02-24,SILVER,UNKNOWN,1,1,1,111300
2025-02-24,SILVER,여성,1,1,1,103660
2025-02-25,FAMILY,남성,11,11,11,626490
2025-02-25,FAMILY,긴바지,2,2,2,247480
2025-02-25,FAMILY,여성,1,1,1,94500
2025-02-25,FAMILY,자켓/베스트,1,1,1,54070
2025-02-25,FAMILY,라운드티,1,1,1,29520
2025-02-25,GOLD,남성,1,1,2,35000
2025-02-25,SILVER,남성,4,4,10,522240
2025-02-25,SILVER,여성,2,2,5,262440
2025-02-25,SILVER,인터체인지 (3 in 1),1,1,1,228560
2025-02-25,SILVER,등산화,1,1,1,132300
2025-02-25,SILVER,바람막이,1,1,1,50699
2025-02-25,SILVER,하이킹,1,1,1,49500
2025-02-25,SILVER,라운드티,1,1,2,35400
2025-02-26,FAMILY,남성,19,19,24,1596503
2025-02-26,FAMILY,여성,3,2,3,290040
2025-02-26,FAMILY,긴바지,1,1,1,111770
2025-02-26,FAMILY,패딩/슬림다운,1,1,1,86400
2025-02-26,FAMILY,하이킹,1,1,1,55000
2025-02-26,FAMILY,라운드티,1,1,1,49500
2025-02-26,GOLD,하이킹,1,1,1,137000
2025-02-26,SILVER,남성,5,5,13,1082392
2025-02-26,SILVER,여성,2,2,2,168730
2025-02-27,FAMILY,남성,16,16,27,1933636
2025-02-27,FAMILY,하이킹,4,4,10,524190
2025-02-27,FAMILY,여성,4,4,5,414736
2025-02-27,FAMILY,패딩/슬림다운,1,1,1,98570
2025-02-27,GOLD,여성,1,1,2,233360
2025-02-27,GOLD,등산화,1,1,1,102230
2025-02-27,GOLD,남성,1,1,3,33620
2025-02-27,SILVER,남성,4,4,34,619572
2025-02-27,SILVER,여성,1,1,1,199000
2025-02-27,SILVER,맨투맨/후드티,1,1,1,60380
2025-02-28,FAMILY,남성,9,9,10,702030
2025-02-28,FAMILY,여성,1,1,1,92670
2025-02-28,FAMILY,하이킹,2,2,2,88920
2025-02-28,FAMILY,액세서리,1,1,1,9000
2025-02-28,SILVER,여성,2,2,3,280706
2025-02-28,SILVER,남성,2,2,5,72380
2025-02-28,SILVER,액세서리,1,1,2,17980
2025-03-01,FAMILY,남성,11,11,12,627170
2025-03-01,FAMILY,패딩/슬림다운,1,1,1,167300
2025-03-01,FAMILY,여성,1,1,1,127020
2025-03-01,FAMILY,하이킹,2,2,2,98400
2025-03-01,FAMILY,라운드티,1,1,2,75750
2025-03-01,FAMILY,액세서리,1,1,2,17630
2025-03-01,SILVER,여성,1,1,4,429780
2025-03-01,SILVER,남성,3,3,7,256960
2025-03-01,SILVER,셋업,2,2,2,166190
2025-03-01,SILVER,자켓/ 베스트,1,1,1,46520
2025-03-02,FAMILY,남성,9,9,9,656340
2025-03-02,FAMILY,여성,2,2,2,237600
2025-03-02,GOLD,남성,1,1,2,273440
2025-03-02,SILVER,남성,2,2,3,355140
2025-03-02,TITANIUM,바람막이,1,1,1,100000
2025-03-03,FAMILY,남성,15,15,28,1268870
2025-03-03,FAMILY,여성,3,3,3,157602
2025-03-03,FAMILY,자켓/ 베스트,2,2,2,128600
2025-03-03,GOLD,남성,1,1,1,70000
2025-03-03,SILVER,남성,7,7,7,863662
2025-03-03,SILVER,여성,1,1,1,143960
2025-03-04,FAMILY,남성,14,14,16,1395942
2025-03-04,FAMILY,여성,4,4,4,424200
2025-03-04,FAMILY,인터체인지 (3 in 1),1,1,1,184500
2025-03-04,FAMILY,하이킹,2,2,2,174300
2025-03-04,FAMILY,맨투맨/후드티,1,1,1,65680
2025-03-04,FAMILY,액세서리,1,1,1,11000
2025-03-04,SILVER,남성,3,3,3,267300
2025-03-05,FAMILY,남성,12,12,18,1116110
2025-03-05,FAMILY,바람막이,3,3,3,185940
2025-03-05,FAMILY,여성,3,3,3,115470
2025-03-05,FAMILY,등산화,1,1,1,81030
2025-03-05,FAMILY,패딩/슬림다운,1,1,1,74500
2025-03-05,FAMILY,셋업,1,1,1,69500
2025-03-05,FAMILY,하이킹,1,1,1,49190
2025-03-05,FAMILY,라운드티,1,1,1,36940
2025-03-05,FAMILY,액세서리,1,1,1,10950
2025-03-05,GOLD,여성,1,1,1,200970
2025-03-05,SILVER,남성,2,2,2,163160
2025-03-05,SILVER,여성,1,1,1,144002
2025-03-05,SILVER,셋업,1,1,1,128130
2025-03-05,SILVER,액세서리,1,1,2,14590
2025-03-06,FAMILY,남성,14,14,18,1364583
2025-03-06,FAMILY,여성,6,6,6,540353
2025-03-06,FAMILY,하이킹,2,2,2,100000
2025-03-06,FAMILY,등산화,1,1,1,99500
2025-03-06,FAMILY,바람막이,1,1,1,88550
2025-03-06,FAMILY,셋업,1,1,1,40820
2025-03-06,GOLD,남성,3,3,8,811910
2025-03-06,SILVER,남성,2,2,4,393560
2025-03-06,TITANIUM,남성,2,2,5,403530
2025-03-06,TITANIUM,바람막이,1,1,1,99640
2025-03-06,TITANIUM,여성,1,1,1,79430
2025-03-07,FAMILY,남성,16,16,23,1325530
2025-03-07,FAMILY,여성,3,3,4,388980
2025-03-07,FAMILY,바람막이,3,3,3,182340
2025-03-07,FAMILY,UNKNOWN,2,2,2,110570
2025-03-07,FAMILY,패딩/슬림다운,1,1,1,91120
2025-03-07,FAMILY,긴바지,1,1,1,50580
2025-03-07,FAMILY,맨투맨/후드티,1,1,1,49500
2025-03-07,SILVER,남성,2,2,2,340272
2025-03-08,FAMILY,남성,15,14,17,1022642
2025-03-08,FAMILY,여성,3,3,5,198120
2025-03-08,FAMILY,패딩/슬림다운,1,1,1,100080
2025-03-08,FAMILY,UNKNOWN,1,1,1,96220
2025-03-08,FAMILY,방수자켓,1,1,1,70810
2025-03-08,FAMILY,맨투맨/후드티,1,1,1,62370
2025-03-08,FAMILY,하이킹,1,1,1,53000
2025-03-08,FAMILY,액세서리,1,1,2,22000
2025-03-08,SILVER,남성,3,3,4,317050
2025-03-08,SILVER,액세서리,1,1,1,11000
2025-03-09,FAMILY,남성,9,9,12,794973
2025-03-09,FAMILY,등산화,1,1,1,79500
2025-03-09,FAMILY,방수자켓,1,1,1,72800
2025-03-09,FAMILY,자켓/ 베스트,1,1,1,45220
2025-03-09,FAMILY,라운드티,1,1,1,39190
2025-03-09,FAMILY,액세서리,1,1,3,28880
2025-03-09,GOLD,인터체인지 (3 in 1),1,1,1,232470
2025-03-09,GOLD,남성,1,1,1,193530
2025-03-09,GOLD,바람막이,1,1,1,147684
2025-03-09,GOLD,여성,1,1,1,70824
2025-03-09,SILVER,바람막이,1,1,1,139384
2025-03-09,SILVER,패딩/슬림다운,1,1,1,105780
2025-03-09,SILVER,남성,1,1,1,104300
2025-03-10,FAMILY,남성,19,19,169,9861450
2025-03-10,FAMILY,여성,5,4,5,546340
2025-03-10,FAMILY,바람막이,2,2,2,103040
2025-03-10,FAMILY,라운드티,2,2,2,90800
2025-03-10,FAMILY,방수자켓,1,1,1,63780
2025-03-10,FAMILY,자켓/ 베스트,1,1,1,51740
2025-03-10,FAMILY,긴바지,1,1,1,51000
2025-03-10,FAMILY,상의,1,1,1,44980
2025-03-10,GOLD,하이킹,1,1,1,94000
2025-03-10,SILVER,남성,1,1,1,110000
2025-03-10,SILVER,자켓/베스트,1,1,1,89840
2025-03-11,FAMILY,남성,7,7,8,402950
2025-03-11,FAMILY,여성,2,2,2,295640
2025-03-11,FAMILY,셋업,1,1,1,59500
2025-03-11,FAMILY,긴바지,1,1,1,36180
2025-03-11,GOLD,남성,2,2,9,369640
2025-03-11,SILVER,남성,3,3,3,272680
2025-03-11,SILVER,여성,1,1,1,102900
2025-03-11,SILVER,바람막이,1,1,1,59000
2025-03-11,SILVER,상의,1,1,1,59000
2025-03-12,FAMILY,남성,9,9,11,893350
2025-03-12,FAMILY,여성,5,5,6,838490
2025-03-12,FAMILY,등산화,1,1,1,116060
2025-03-12,FAMILY,하이킹,1,1,1,109600
2025-03-12,FAMILY,상의,2,2,2,96300
2025-03-12,FAMILY,바람막이,1,1,1,51020
2025-03-12,FAMILY,라운드티,1,1,1,18470
2025-03-12,FAMILY,액세서리,1,1,1,5300
2025-03-12,GOLD,남성,1,1,1,111300
2025-03-12,SILVER,남성,4,4,5,437820
2025-03-12,SILVER,여성,1,1,1,118760
2025-03-12,SILVER,셋업,1,1,2,89000
2025-03-13,FAMILY,남성,20,20,40,2169360
2025-03-13,FAMILY,바람막이,5,5,5,327890
2025-03-13,FAMILY,여성,5,5,5,313690
2025-03-13,FAMILY,상의,2,2,2,87010
2025-03-13,FAMILY,방수자켓,1,1,1,69300
2025-03-13,FAMILY,라운드티,2,2,2,57670
2025-03-13,FAMILY,하이킹,1,1,1,47000
2025-03-13,FAMILY,자켓/베스트,1,1,1,47000
2025-03-13,FAMILY,셋업,1,1,1,38700
2025-03-13,SILVER,하이킹,1,1,1,55000
2025-03-13,SILVER,남성,1,1,1,41000
2025-03-13,TITANIUM,남성,2,1,2,350000
2025-03-14,FAMILY,남성,13,12,18,1587800
2025-03-14,FAMILY,여성,2,2,2,279000
2025-03-14,FAMILY,긴바지,2,2,2,205500
2025-03-14,FAMILY,바람막이,2,2,2,162270
2025-03-14,FAMILY,상의,3,3,3,157250
2025-03-14,FAMILY,맨투맨/후드티,1,1,1,49500
2025-03-14,GOLD,남성,1,1,1,57000
2025-03-14,SILVER,남성,6,5,6,574320
2025-03-14,SILVER,셔츠,1,1,1,117890
2025-03-14,SILVER,긴바지,1,1,1,67010
2025-03-14,SILVER,상의,1,1,1,57870
2025-03-14,SILVER,하이킹,1,1,1,55000
2025-03-15,FAMILY,남성,11,11,11,628340
2025-03-15,FAMILY,바람막이,4,4,4,190110
2025-03-15,FAMILY,하이킹,3,3,3,172190
2025-03-15,FAMILY,여성,1,1,1,99500
2025-03-15,FAMILY,등산화,1,1,1,95000
2025-03-15,FAMILY,자켓/ 베스트,1,1,1,53000
2025-03-15,FAMILY,상의,1,1,1,48110
2025-03-15,FAMILY,폴로/집업티,1,1,1,46060
2025-03-15,SILVER,남성,5,5,9,775910
2025-03-15,SILVER,여성,3,3,3,120930
2025-03-15,SILVER,긴바지,1,1,1,52250
2025-03-16,FAMILY,남성,11,11,19,900830
2025-03-16,FAMILY,여성,5,5,5,555870
2025-03-16,FAMILY,패딩/슬림다운,1,1,2,241550
2025-03-16,FAMILY,긴바지,3,3,3,135700
2025-03-16,FAMILY,등산화,1,1,1,84500
2025-03-16,FAMILY,하이킹,1,1,1,55000
2025-03-16,FAMILY,셋업,1,1,1,47500
2025-03-16,FAMILY,바람막이,1,1,1,42180
2025-03-16,FAMILY,라운드티,1,1,1,34120
2025-03-16,SILVER,남성,5,5,8,801670
2025-03-16,SILVER,하이킹,1,1,1,123720
2025-03-16,SILVER,UNKNOWN,1,1,1,111300
2025-03-16,SILVER,셋업,2,2,2,71070
2025-03-16,SILVER,상의,1,1,1,52050
2025-03-16,SILVER,라운드티,1,1,1,20650
2025-03-16,TITANIUM,바람막이,1,1,1,99000
2025-03-17,FAMILY,남성,17,17,25,1230080
2025-03-17,FAMILY,여성,2,2,3,248780
2025-03-17,FAMILY,등산화,1,1,1,136210
2025-03-17,FAMILY,자켓/ 베스트,1,1,1,107000
2025-03-17,FAMILY,하이킹,2,2,2,101200
2025-03-17,FAMILY,라운드티,2,2,2,99000
2025-03-17,FAMILY,바람막이,1,1,1,59000
2025-03-17,FAMILY,폴로티/집업,1,1,1,54500
2025-03-17,FAMILY,긴바지,1,1,1,53000
2025-03-17,SILVER,여성,3,3,3,396020
2025-03-17,SILVER,남성,2,2,2,193780
2025-03-18,FAMILY,남성,9,9,11,622960
2025-03-18,FAMILY,등산화,1,1,1,66150
2025-03-18,FAMILY,여성,2,2,2,62910
2025-03-18,FAMILY,하이킹,1,1,1,48650
2025-03-18,GOLD,남성,1,1,1,134500
2025-03-18,SILVER,남성,3,3,7,353800
2025-03-18,SILVER,상의,1,1,1,57240
2025-03-18,SILVER,셋업,1,1,1,51420
2025-03-19,FAMILY,남성,13,13,18,1053880
2025-03-19,FAMILY,바람막이,2,2,2,202000
2025-03-19,FAMILY,긴바지,2,2,2,127360
2025-03-19,FAMILY,여성,2,2,2,126930
2025-03-19,FAMILY,트레일러닝,1,1,1,109000
2025-03-19,FAMILY,하이킹,2,2,2,107240
2025-03-19,FAMILY,상의,1,1,1,59000
2025-03-19,FAMILY,자켓/ 베스트,1,1,1,46980
2025-03-19,SILVER,남성,3,3,3,208640
2025-03-19,SILVER,긴바지,1,1,1,53000
2025-03-19,SILVER,여성,1,1,1,52420
2025-03-20,FAMILY,남성,12,12,15,928630
2025-03-20,FAMILY,바람막이,3,3,3,289230
2025-03-20,FAMILY,셔츠,1,1,1,125100
2025-03-20,FAMILY,등산화,1,1,1,105060
2025-03-20,FAMILY,여성,1,1,1,98100
2025-03-20,FAMILY,긴바지,1,1,2,96750
2025-03-20,FAMILY,상의,1,1,1,59000
2025-03-20,FAMILY,하이킹,1,1,1,45000
2025-03-20,FAMILY,라운드티,1,1,1,39930
2025-03-20,FAMILY,액세서리,1,1,1,4500
2025-03-20,SILVER,남성,3,3,3,296100
2025-03-20,SILVER,셋업,1,1,1,55200
2025-03-20,SILVER,바람막이,1,1,1,49310
2025-03-20,SILVER,여성,1,1,1,39000
2025-03-21,FAMILY,남성,13,13,28,1709750
2025-03-21,FAMILY,여성,1,1,1,160300
2025-03-21,FAMILY,하이킹,2,2,2,110000
2025-03-21,FAMILY,긴바지,2,2,2,106000
2025-03-21,FAMILY,상의,1,1,1,54720
2025-03-21,FAMILY,바람막이,1,1,1,52600
2025-03-21,FAMILY,자켓/ 베스트,1,1,1,26500
2025-03-21,GOLD,남성,1,1,1,95000
2025-03-21,GOLD,상의,1,1,1,59000
2025-03-21,SILVER,남성,2,2,3,288160
2025-03-21,SILVER,여성,2,2,3,222320
2025-03-21,SILVER,바람막이,1,1,1,59000
2025-03-22,FAMILY,남성,8,8,8,666440
2025-03-22,FAMILY,등산화,1,1,1,113190
2025-03-22,FAMILY,여성,1,1,1,102590
2025-03-22,FAMILY,바람막이,1,1,1,57030
2025-03-22,GOLD,남성,1,1,4,298200
2025-03-22,SILVER,남성,1,1,2,58000
2025-03-22,SILVER,셋업,1,1,1,37140
2025-03-23,FAMILY,남성,12,12,14,1079970
2025-03-23,FAMILY,바람막이,3,3,3,163540
2025-03-23,FAMILY,긴바지,2,2,2,96450
2025-03-23,FAMILY,방수자켓,1,1,1,74340
2025-03-23,FAMILY,등산화,1,1,1,64500
2025-03-23,FAMILY,셋업,1,1,1,59500
2025-03-23,FAMILY,상의,1,1,1,57180
2025-03-23,FAMILY,크로스/토트백,1,1,1,53100
2025-03-23,FAMILY,반바지,1,1,1,39500
2025-03-23,FAMILY,여성,1,1,1,7000
2025-03-23,SILVER,남성,2,2,4,237410
2025-03-23,SILVER,바람막이,1,1,1,53580
2025-03-23,SILVER,여성,2,2,4,35250
2025-03-24,FAMILY,남성,18,18,23,1264420
2025-03-24,FAMILY,여성,4,4,6,334300
2025-03-24,FAMILY,바람막이,2,2,2,158650
2025-03-24,FAMILY,트레일러닝,1,1,1,106060
2025-03-24,FAMILY,상의,1,1,1,58340
2025-03-24,FAMILY,셋업,1,1,1,52580
2025-03-24,SILVER,남성,1,1,1,62300
2025-03-25,FAMILY,남성,8,8,15,679680
2025-03-25,FAMILY,바람막이,2,2,2,113000
2025-03-25,FAMILY,긴바지,2,2,2,104240
2025-03-25,FAMILY,셋업,1,1,1,69500
2025-03-25,FAMILY,여성,1,1,1,2660
2025-03-25,GOLD,상의,1,1,1,56150
2025-03-25,SILVER,여성,2,2,2,209930
2025-03-25,SILVER,남성,2,2,4,179760
2025-03-25,TITANIUM,여성,1,1,2,288000
2025-03-25,TITANIUM,맨투맨/후드티,1,1,1,69300
2025-03-26,FAMILY,남성,7,7,10,655600
2025-03-26,FAMILY,바람막이,5,5,5,358140
2025-03-26,FAMILY,셋업,2,2,2,162000
2025-03-26,FAMILY,긴바지,2,2,3,157000
2025-03-26,FAMILY,여성,1,1,1,79070
2025-03-26,FAMILY,상의,1,1,1,59000
2025-03-26,SILVER,여성,3,2,6,583290
2025-03-26,SILVER,셋업,1,1,2,132570
2025-03-26,SILVER,긴바지,1,1,2,106000
2025-03-26,SILVER,남성,2,2,3,104600
2025-03-27,FAMILY,남성,8,8,11,625110
2025-03-27,FAMILY,여성,3,3,3,172690
2025-03-27,FAMILY,방수자켓,2,2,2,152070
2025-03-27,FAMILY,셋업,1,1,1,59610
2025-03-27,FAMILY,긴바지,1,1,1,39900
2025-03-27,FAMILY,반바지,1,1,1,39500
2025-03-27,GOLD,남성,1,1,2,119000
2025-03-27,SILVER,여성,1,1,1,142300
2025-03-27,SILVER,남성,1,1,20,120000
2025-03-27,SILVER,긴바지,2,2,2,112000
2025-03-27,SILVER,상의,1,1,1,48910
2025-03-28,FAMILY,남성,11,11,19,772360
2025-03-28,FAMILY,여성,3,3,3,246480
2025-03-28,FAMILY,바람막이,1,1,1,93950
2025-03-28,FAMILY,긴바지,1,1,1,53000
2025-03-28,FAMILY,장갑,1,1,1,21600
2025-03-28,GOLD,여성,1,1,1,81670
2025-03-28,SILVER,남성,4,4,5,674590
2025-03-28,SILVER,바람막이,1,1,1,59000
2025-03-28,SILVER,긴바지,1,1,1,59000
2025-03-29,FAMILY,남성,11,11,15,1199540
2025-03-29,FAMILY,여성,2,2,2,219430
2025-03-29,FAMILY,셋업,1,1,3,203500
2025-03-29,FAMILY,바람막이,1,1,1,51750
2025-03-29,GOLD,남성,1,1,2,123000
2025-03-29,SILVER,여성,3,3,3,193210
2025-03-29,SILVER,상의,1,1,1,34110
2025-03-29,SILVER,셋업,1,1,1,32990
2025-03-29,SILVER,남성,1,1,1,4050
2025-03-30,FAMILY,남성,9,9,11,303560
2025-03-30,FAMILY,여성,2,2,2,99500
2025-03-30,FAMILY,긴바지,1,1,1,37540
2025-03-30,GOLD,남성,1,1,1,124190
2025-03-30,SILVER,남성,5,4,5,553300
2025-03-30,SILVER,등산화,1,1,3,372910
2025-03-30,SILVER,셋업,1,1,1,69000
2025-03-30,SILVER,상의,1,1,1,58450
2025-03-30,SILVER,긴바지,1,1,1,58450
2025-03-31,FAMILY,남성,7,7,9,397350
2025-03-31,FAMILY,바람막이,2,2,2,165360
2025-03-31,FAMILY,여성,1,1,1,56960
2025-03-31,FAMILY,긴바지,1,1,1,52190
2025-03-31,FAMILY,맨투맨/후드티,1,1,1,46880
2025-03-31,SILVER,남성,2,2,2,110000
2025-03-31,SILVER,바람막이,1,1,1,84500
2025-03-31,SILVER,자켓/ 베스트,1,1,1,48530
2025-04-01,FAMILY,남성,17,16,23,1237200
2025-04-01,FAMILY,여성,3,3,5,587770
2025-04-01,FAMILY,바람막이,3,3,3,209890
2025-04-01,FAMILY,등산화,2,2,2,109210
2025-04-01,FAMILY,방수자켓,1,1,1,72050
2025-04-01,FAMILY,긴바지,1,1,1,53000
2025-04-01,FAMILY,반바지,1,1,1,44500
2025-04-01,FAMILY,셋업,1,1,1,39810
2025-04-01,GOLD,남성,1,1,1,87630
2025-04-01,SILVER,남성,7,6,8,788360
2025-04-01,SILVER,하이킹,1,1,1,94000
2025-04-01,SILVER,액세서리,1,1,2,15800
2025-04-02,FAMILY,남성,14,14,27,1559750
2025-04-02,FAMILY,여성,4,4,4,274850
2025-04-02,FAMILY,긴바지,1,1,2,122780
2025-04-02,FAMILY,바람막이,1,1,1,101000
2025-04-02,FAMILY,방수자켓,1,1,1,61600
2025-04-02,SILVER,남성,6,5,8,1016050
2025-04-02,SILVER,하이킹,1,1,3,282000
2025-04-03,FAMILY,남성,23,23,30,1717150
2025-04-03,FAMILY,여성,5,5,5,470840
2025-04-03,FAMILY,바람막이,4,4,4,282120
2025-04-03,FAMILY,긴바지,3,3,3,160960
2025-04-03,FAMILY,셋업,2,2,2,111570
2025-04-03,FAMILY,폴로티/집업,1,1,1,82900
2025-04-03,FAMILY,상의,1,1,1,59000
2025-04-03,FAMILY,액세서리,1,1,2,18000
2025-04-03,FAMILY,장갑,1,1,1,12500
2025-04-03,SILVER,남성,5,5,5,353240
2025-04-03,SILVER,긴바지,1,1,1,59000
2025-04-03,SILVER,라운드티,1,1,1,30510
2025-04-04,FAMILY,남성,19,19,150,7056390
2025-04-04,FAMILY,바람막이,1,1,2,166930
2025-04-04,FAMILY,라운드티,2,2,3,89000
2025-04-04,FAMILY,반바지,1,1,1,59380
2025-04-04,FAMILY,상의,1,1,1,52400
2025-04-04,FAMILY,셋업,1,1,1,51870
2025-04-04,FAMILY,여성,1,1,1,29320
2025-04-04,SILVER,남성,6,5,6,508940
2025-04-04,SILVER,UNKNOWN,1,1,1,100800
2025-04-04,SILVER,라운드티,1,1,1,47000
2025-04-04,SILVER,여성,1,1,1,35590
2025-04-04,TITANIUM,남성,1,1,3,249200
2025-04-04,TITANIUM,바람막이,1,1,1,101000
2025-04-05,FAMILY,남성,14,14,16,1006945
2025-04-05,FAMILY,자켓/ 베스트,1,1,1,179270
2025-04-05,FAMILY,긴바지,3,3,3,146620
2025-04-05,FAMILY,하이킹,1,1,1,114500
2025-04-05,FAMILY,여성,2,2,2,94310
2025-04-05,FAMILY,셋업,1,1,1,41000
2025-04-05,FAMILY,라운드티,1,1,1,28120
2025-04-05,SILVER,남성,3,3,4,304800
2025-04-05,SILVER,바람막이,1,1,1,55840
2025-04-05,SILVER,셋업,1,1,1,53000
2025-04-05,SILVER,긴바지,1,1,1,50160
2025-04-06,FAMILY,남성,14,14,16,672370
2025-04-06,FAMILY,여성,5,5,5,387130
2025-04-06,FAMILY,바람막이,2,2,2,102670
2025-04-06,FAMILY,긴바지,1,1,1,45730
2025-04-06,FAMILY,셋업,1,1,1,45680
2025-04-06,FAMILY,라운드티,1,1,1,38950
2025-04-06,SILVER,여성,2,2,4,416640
2025-04-06,SILVER,남성,2,2,2,351150
2025-04-06,SILVER,하이킹,1,1,1,132500
2025-04-06,SILVER,긴바지,1,1,1,53000
2025-04-07,FAMILY,남성,17,16,43,2528660
2025-04-07,FAMILY,여성,3,3,6,463610
2025-04-07,FAMILY,등산화,2,2,2,194500
2025-04-07,FAMILY,자켓/ 베스트,1,1,1,135000
2025-04-07,FAMILY,바람막이,1,1,1,127200
2025-04-07,FAMILY,반바지,2,2,2,123310
2025-04-07,FAMILY,긴바지,2,2,2,105230
2025-04-07,FAMILY,UNKNOWN,1,1,1,93120
2025-04-07,FAMILY,라운드티,2,2,2,56780
2025-04-07,FAMILY,셋업,1,1,1,53000
2025-04-07,FAMILY,폴로티/집업,1,1,1,49500
2025-04-07,GOLD,남성,1,1,1,161100
2025-04-07,SILVER,남성,2,2,4,215930
2025-04-07,SILVER,반바지,2,2,2,112580
2025-04-07,SILVER,긴바지,1,1,2,79510
2025-04-07,SILVER,상의,1,1,1,59000
2025-04-07,SILVER,셋업,1,1,1,54600
2025-04-08,FAMILY,남성,14,13,18,1085370
2025-04-08,FAMILY,여성,5,5,8,546630
2025-04-08,FAMILY,셋업,2,2,3,180490
2025-04-08,FAMILY,긴바지,2,2,3,155000
2025-04-08,FAMILY,바람막이,2,2,2,135740
2025-04-08,FAMILY,트레일러닝,1,1,1,107390
2025-04-08,FAMILY,맨투맨/후드티,1,1,1,51420
2025-04-08,FAMILY,상의,1,1,1,45010
2025-04-08,GOLD,남성,1,1,1,71100
2025-04-08,SILVER,남성,4,4,4,462970
2025-04-08,SILVER,등산화,1,1,1,87000
2025-04-08,SILVER,여성,1,1,1,74850
2025-04-08,SILVER,상의,1,1,1,53330
2025-04-08,SILVER,긴바지,1,1,1,53000
2025-04-09,FAMILY,남성,17,17,30,1243050
2025-04-09,FAMILY,라운드티,7,7,10,392740
2025-04-09,FAMILY,여성,1,1,1,94500
2025-04-09,FAMILY,상의,1,1,1,57740
2025-04-09,FAMILY,셋업,1,1,1,46000
2025-04-09,FAMILY,긴바지,1,1,1,33700
2025-04-09,FAMILY,반바지,1,1,1,27900
2025-04-09,GOLD,남성,1,1,2,156000
2025-04-09,GOLD,긴바지,1,1,1,53000
2025-04-09,GOLD,라운드티,1,1,1,50150
2025-04-09,GOLD,장갑,1,1,1,25000
2025-04-09,SILVER,남성,3,3,3,278010
2025-04-09,SILVER,하이킹,1,1,1,94000
2025-04-09,SILVER,라운드티,1,1,1,58650
2025-04-09,SILVER,UNKNOWN,1,1,1,32360
2025-04-10,FAMILY,남성,18,18,23,1222400
2025-04-10,FAMILY,상의,4,4,5,292740
2025-04-10,FAMILY,바람막이,2,2,2,242700
2025-04-10,FAMILY,등산화,2,2,2,215840
2025-04-10,FAMILY,여성,2,2,2,166550
2025-04-10,FAMILY,셋업,2,2,3,145570
2025-04-10,FAMILY,트레일러닝,1,1,1,109000
2025-04-10,FAMILY,긴바지,2,2,2,103480
2025-04-10,FAMILY,반바지,3,3,3,81150
2025-04-10,FAMILY,셔츠,1,1,1,40670
2025-04-10,FAMILY,라운드티,1,1,1,34390
2025-04-10,GOLD,남성,1,1,1,70610
2025-04-10,SILVER,남성,2,2,3,215160
2025-04-10,SILVER,반바지,2,2,2,123850
2025-04-10,SILVER,라운드티,1,1,2,64000
2025-04-10,SILVER,맨투맨/후드티,1,1,1,53000
2025-04-11,FAMILY,남성,14,14,17,998470
2025-04-11,FAMILY,UNKNOWN,2,2,2,229610
2025-04-11,FAMILY,라운드티,5,5,6,202670
2025-04-11,FAMILY,여성,4,4,4,186410
2025-04-11,FAMILY,바람막이,2,2,2,177750
2025-04-11,FAMILY,셋업,2,2,2,107170
2025-04-11,FAMILY,긴바지,2,2,2,106980
2025-04-11,FAMILY,상의,2,2,2,91990
2025-04-11,FAMILY,반바지,1,1,3,87000
2025-04-11,GOLD,긴바지,1,1,1,85870
2025-04-11,SILVER,남성,5,5,7,463940
2025-04-11,SILVER,바람막이,1,1,1,127200
2025-04-11,SILVER,라운드티,2,2,2,95490
2025-04-11,SILVER,등산화,1,1,1,82705
2025-04-11,SILVER,반바지,2,2,2,52110
2025-04-12,FAMILY,남성,7,7,12,648680
2025-04-12,FAMILY,상의,3,3,3,165340
2025-04-12,FAMILY,셋업,2,2,2,97290
2025-04-12,FAMILY,라운드티,3,3,3,84460
2025-04-12,FAMILY,반바지,1,1,2,66000
2025-04-12,FAMILY,긴바지,1,1,1,65000
2025-04-12,FAMILY,여성,1,1,1,56370
2025-04-12,SILVER,등산화,1,1,1,123160
2025-04-12,SILVER,남성,1,1,1,70010
2025-04-12,SILVER,긴바지,1,1,1,53000
2025-04-12,SILVER,셋업,1,1,1,45160
2025-04-12,SILVER,반바지,1,1,1,43560
2025-04-12,SILVER,라운드티,1,1,1,32440
2025-04-13,FAMILY,남성,12,12,12,925090
2025-04-13,FAMILY,상의,4,4,4,190520
2025-04-13,FAMILY,라운드티,2,2,3,94330
2025-04-13,FAMILY,긴바지,1,1,1,82350
2025-04-13,FAMILY,맨투맨/후드티,1,1,1,44830
2025-04-13,FAMILY,셋업,1,1,1,43760
2025-04-13,FAMILY,셔츠,1,1,1,41700
2025-04-13,FAMILY,UNKNOWN,1,1,1,39000
2025-04-13,FAMILY,액세서리,1,1,1,5300
2025-04-13,GOLD,남성,1,1,1,64200
2025-04-13,GOLD,맨투맨/후드티,1,1,1,48350
2025-04-13,GOLD,반바지,1,1,1,42870
2025-04-13,SILVER,남성,5,5,9,683500
2025-04-13,SILVER,반바지,2,2,2,58000
2025-04-13,SILVER,셋업,1,1,1,52120
2025-04-13,SILVER,라운드티,1,1,1,41000
2025-04-13,SILVER,여성,1,1,2,19740
2025-04-14,FAMILY,남성,21,21,27,2044390
2025-04-14,FAMILY,등산화,2,2,2,348975
2025-04-14,FAMILY,라운드티,4,4,6,217260
2025-04-14,FAMILY,반바지,4,4,7,184910
2025-04-14,FAMILY,여성,4,4,4,182190
2025-04-14,FAMILY,긴바지,2,2,2,112320
2025-04-14,FAMILY,액세서리,1,1,2,16000
2025-04-14,GOLD,남성,1,1,1,139000
2025-04-14,SILVER,남성,4,4,6,446350
2025-04-14,SILVER,바람막이,1,1,1,92040
2025-04-14,SILVER,긴바지,1,1,1,62130
2025-04-14,SILVER,라운드티,1,1,1,37510
2025-04-15,FAMILY,남성,20,20,31,1257685
2025-04-15,FAMILY,라운드티,7,7,7,232530
2025-04-15,FAMILY,긴바지,4,4,4,220950
2025-04-15,FAMILY,바람막이,1,1,1,123240
2025-04-15,FAMILY,반바지,4,4,4,101260
2025-04-15,FAMILY,여성,1,1,1,79500
2025-04-15,FAMILY,UNKNOWN,1,1,1,79500
2025-04-15,SILVER,남성,3,3,3,321950
2025-04-15,SILVER,여성,1,1,1,195730
2025-04-15,SILVER,라운드티,3,3,4,128380
2025-04-15,SILVER,바람막이,1,1,1,121700
2025-04-15,SILVER,카고/조거,1,1,1,65000
2025-04-15,SILVER,상의,1,1,1,45440
2025-04-15,SILVER,UNKNOWN,1,1,1,34130
2025-04-15,SILVER,반바지,1,1,1,24140
2025-04-16,FAMILY,남성,14,14,27,1395550
2025-04-16,FAMILY,여성,4,4,4,302100
2025-04-16,FAMILY,긴바지,2,2,2,130730
2025-04-16,FAMILY,라운드티,3,3,3,94600
2025-04-16,FAMILY,반바지,3,3,3,75000
2025-04-16,FAMILY,UNKNOWN,2,2,2,63420
2025-04-16,FAMILY,바람막이,1,1,1,54850
2025-04-16,FAMILY,셋업,1,1,1,47120
2025-04-16,FAMILY,상의,1,1,1,44000
2025-04-16,GOLD,라운드티,1,1,3,99000
2025-04-16,GOLD,스니커즈,1,1,1,65440
2025-04-16,SILVER,남성,4,4,5,324850
2025-04-16,SILVER,라운드티,2,2,3,128180
2025-04-16,SILVER,바람막이,1,1,1,124980
2025-04-16,SILVER,긴바지,1,1,1,85670
2025-04-16,SILVER,여성,1,1,1,28940
2025-04-16,SILVER,액세서리,1,1,1,7280
2025-04-17,FAMILY,남성,13,13,19,912790
2025-04-17,FAMILY,여성,7,7,7,341600
2025-04-17,FAMILY,반바지,4,4,5,159870
2025-04-17,FAMILY,바람막이,1,1,1,128190
2025-04-17,FAMILY,라운드티,4,4,4,118350
2025-04-17,FAMILY,등산화,1,1,1,94500
2025-04-17,FAMILY,카고/조거,1,1,1,55000
2025-04-17,FAMILY,자켓/ 베스트,1,1,1,53000
2025-04-17,FAMILY,상의,1,1,1,36510
2025-04-17,SILVER,남성,5,5,5,418750
2025-04-17,SILVER,반바지,2,2,3,121270
2025-04-17,SILVER,카고/조거,1,1,1,65000
2025-04-17,SILVER,셋업,1,1,1,49840
2025-04-17,SILVER,라운드티,1,1,1,29000
2025-04-17,SILVER,UNKNOWN,1,1,1,28560
2025-04-18,FAMILY,남성,21,21,36,1862970
2025-04-18,FAMILY,여성,4,4,6,447850
2025-04-18,FAMILY,UNKNOWN,4,4,4,231560
2025-04-18,FAMILY,자켓/ 베스트,1,1,1,197000
2025-04-18,FAMILY,라운드티,4,4,5,148990
2025-04-18,FAMILY,바람막이,1,1,1,130680
2025-04-18,FAMILY,반바지,5,5,5,115900
2025-04-18,FAMILY,셋업,1,1,2,106000
2025-04-18,FAMILY,긴바지,2,2,2,100370
2025-04-18,FAMILY,상의,2,2,2,91710
2025-04-18,FAMILY,스니커즈,1,1,1,69000
2025-04-18,GOLD,남성,1,1,2,145100
2025-04-18,GOLD,등산화,1,1,1,64500
2025-04-18,SILVER,라운드티,4,4,6,200290
2025-04-18,SILVER,남성,2,2,2,175460
2025-04-18,SILVER,상의,1,1,2,98000
2025-04-18,SILVER,긴바지,1,1,1,53000
2025-04-18,SILVER,UNKNOWN,1,1,1,41000
2025-04-19,FAMILY,남성,9,9,14,901020
2025-04-19,FAMILY,라운드티,4,4,8,252620
2025-04-19,FAMILY,자켓/ 베스트,2,2,2,235540
2025-04-19,FAMILY,여성,2,2,2,175080
2025-04-19,FAMILY,하이킹,1,1,1,137000
2025-04-19,FAMILY,긴바지,2,2,2,104000
2025-04-19,FAMILY,반바지,3,3,3,86260
2025-04-19,FAMILY,바람막이,1,1,1,64500
2025-04-19,FAMILY,UNKNOWN,1,1,1,41000
2025-04-19,SILVER,라운드티,3,3,7,251060
2025-04-19,SILVER,반바지,2,2,3,104420
2025-04-19,SILVER,셋업,1,1,1,82170
2025-04-19,SILVER,남성,2,2,3,64910
2025-04-19,SILVER,상의,1,1,1,58410
2025-04-19,SILVER,액세서리,1,1,1,8880
2025-04-20,FAMILY,남성,7,7,8,344590
2025-04-20,FAMILY,반바지,9,9,11,342390
2025-04-20,FAMILY,라운드티,7,7,9,308790
2025-04-20,FAMILY,바람막이,1,1,2,159000
2025-04-20,FAMILY,여성,3,3,3,84000
2025-04-20,FAMILY,셋업,1,1,1,74500
2025-04-20,FAMILY,긴바지,1,1,1,63330
2025-04-20,FAMILY,스니커즈,1,1,1,56000
2025-04-20,FAMILY,UNKNOWN,1,1,1,41000
2025-04-20,FAMILY,폴로/집업티,1,1,1,41000
2025-04-20,FAMILY,액세서리,1,1,1,7820
2025-04-20,GOLD,남성,1,1,1,139000
2025-04-20,SILVER,남성,3,3,4,259360
2025-04-20,SILVER,라운드티,2,2,3,122480
2025-04-20,SILVER,셋업,1,1,1,53000
2025-04-20,SILVER,긴바지,1,1,1,52040
2025-04-20,SILVER,상의,1,1,1,49000
2025-04-20,SILVER,셔츠,1,1,1,40370
2025-04-20,SILVER,반바지,1,1,1,28480
2025-04-21,FAMILY,남성,15,15,42,1976080
2025-04-21,FAMILY,라운드티,7,7,9,305020
2025-04-21,FAMILY,긴바지,4,4,4,229870
2025-04-21,FAMILY,자켓/ 베스트,1,1,1,173400
2025-04-21,FAMILY,여성,1,1,1,136600
2025-04-21,FAMILY,등산화,1,1,1,84500
2025-04-21,FAMILY,반바지,2,2,3,68520
2025-04-21,FAMILY,셔츠,1,1,1,53000
2025-04-21,FAMILY,상의,1,1,1,38900
2025-04-21,FAMILY,UNKNOWN,1,1,1,33850
2025-04-21,GOLD,긴바지,1,1,1,50010
2025-04-21,GOLD,셋업,1,1,1,50010
2025-04-21,SILVER,남성,4,4,6,386410
2025-04-21,SILVER,바람막이,1,1,1,157100
2025-04-21,SILVER,UNKNOWN,2,2,2,130960
2025-04-21,SILVER,긴바지,2,2,2,118190
2025-04-21,SILVER,트레일러닝,1,1,1,105860
2025-04-21,SILVER,맨투맨/후드티,1,1,2,105150
2025-04-21,SILVER,반바지,1,1,2,56320
2025-04-21,SILVER,상의,1,1,1,40640
2025-04-22,FAMILY,남성,16,16,17,1045380
2025-04-22,FAMILY,바람막이,2,2,2,220000
2025-04-22,FAMILY,여성,3,3,5,176660
2025-04-22,FAMILY,긴바지,3,3,3,163240
2025-04-22,FAMILY,하이킹,1,1,1,92000
2025-04-22,FAMILY,가방,1,1,1,83000
2025-04-22,FAMILY,상의,1,1,1,57530
2025-04-22,FAMILY,반바지,2,2,2,48030
2025-04-22,FAMILY,UNKNOWN,1,1,1,39210
2025-04-22,FAMILY,라운드티,1,1,1,32540
2025-04-22,GOLD,남성,2,2,2,107970
2025-04-22,SILVER,남성,2,2,2,169390
2025-04-22,SILVER,긴바지,2,2,2,118000
2025-04-22,SILVER,UNKNOWN,1,1,1,39250
2025-04-23,FAMILY,남성,17,16,33,1771570
2025-04-23,FAMILY,긴바지,6,6,6,453300
2025-04-23,FAMILY,바람막이,4,4,4,413810
2025-04-23,FAMILY,라운드티,5,5,6,234200
2025-04-23,FAMILY,셋업,2,2,2,80950
2025-04-23,FAMILY,상의,1,1,1,47980
2025-04-23,FAMILY,반바지,1,1,1,29000
2025-04-23,FAMILY,여성,1,1,1,9610
2025-04-23,SILVER,남성,6,4,10,774970
2025-04-23,SILVER,긴바지,3,3,3,184290
2025-04-23,SILVER,라운드티,2,2,2,74650
2025-04-23,SILVER,반바지,1,1,1,28300
2025-04-24,FAMILY,남성,21,21,26,1683130
2025-04-24,FAMILY,여성,10,10,12,944630
2025-04-24,FAMILY,반바지,5,5,6,167480
2025-04-24,FAMILY,라운드티,4,4,4,142820
2025-04-24,FAMILY,긴바지,2,2,2,108000
2025-04-24,FAMILY,바람막이,1,1,1,106100
2025-04-24,FAMILY,UNKNOWN,2,2,2,90500
2025-04-24,FAMILY,가방,1,1,1,72240
2025-04-24,FAMILY,폴로티/집업,1,1,1,49500
2025-04-24,FAMILY,상의,1,1,1,49000
2025-04-24,SILVER,남성,10,10,16,1284090
2025-04-24,SILVER,여성,1,1,1,147430
2025-04-24,SILVER,반바지,1,1,2,51000
2025-04-25,FAMILY,남성,16,15,25,1201100
2025-04-25,FAMILY,여성,3,3,3,289830
2025-04-25,FAMILY,등산화,1,1,1,99500
2025-04-25,FAMILY,상의,1,1,2,98000
2025-04-25,FAMILY,긴바지,2,2,2,89880
2025-04-25,FAMILY,라운드티,2,2,2,68350
2025-04-25,FAMILY,UNKNOWN,1,1,1,26000
2025-04-25,SILVER,남성,7,7,8,660620
2025-04-25,SILVER,하이킹,1,1,1,133430
2025-04-25,SILVER,라운드티,2,2,3,111000
2025-04-25,SILVER,트레일러닝,1,1,1,102530
2025-04-25,SILVER,UNKNOWN,2,2,2,70970
2025-04-25,SILVER,셋업,1,1,1,51660
2025-04-25,SILVER,반바지,1,1,1,45810
2025-04-25,SILVER,상의,1,1,1,43220
2025-04-25,SILVER,여성,1,1,3,15000
2025-04-26,FAMILY,남성,8,8,16,779050
2025-04-26,FAMILY,여성,1,1,1,144810
2025-04-26,FAMILY,바람막이,1,1,1,97870
2025-04-26,FAMILY,라운드티,3,3,3,93610
2025-04-26,FAMILY,반바지,2,2,2,56850
2025-04-26,SILVER,여성,1,1,1,151190
2025-04-26,SILVER,라운드티,4,4,4,150510
2025-04-26,SILVER,긴바지,2,2,2,127600
2025-04-27,FAMILY,남성,11,11,18,1189570
2025-04-27,FAMILY,셋업,2,2,2,117500
2025-04-27,FAMILY,라운드티,3,3,3,100500
2025-04-27,FAMILY,등산화,1,1,1,85820
2025-04-27,FAMILY,카고/조거,1,1,1,65000
2025-04-27,FAMILY,긴바지,1,1,1,61160
2025-04-27,FAMILY,맨투맨/후드티,1,1,1,53000
2025-04-27,FAMILY,상의,1,1,1,46570
2025-04-27,FAMILY,여성,1,1,1,34500
2025-04-27,GOLD,남성,1,1,2,197410
2025-04-27,GOLD,여성,1,1,1,99680
2025-04-27,GOLD,라운드티,1,1,2,75020
2025-04-27,SILVER,남성,4,4,6,566740
2025-04-27,SILVER,긴바지,2,2,3,173250
2025-04-27,SILVER,상의,1,1,1,57730
2025-04-27,SILVER,셋업,1,1,1,51860
2025-04-27,TITANIUM,남성,1,1,3,189320
2025-04-27,TITANIUM,자켓/ 베스트,1,1,1,172670
2025-04-27,TITANIUM,맨투맨/후드티,1,1,1,51130
2025-04-27,TITANIUM,라운드티,1,1,1,23760
2025-04-28,FAMILY,남성,13,13,14,885520
2025-04-28,FAMILY,여성,3,3,3,408530
2025-04-28,FAMILY,긴바지,4,4,5,319220
2025-04-28,FAMILY,등산화,1,1,1,136430
2025-04-28,FAMILY,셋업,1,1,1,75950
2025-04-28,FAMILY,라운드티,2,2,2,65000
2025-04-28,FAMILY,UNKNOWN,1,1,1,36500
2025-04-28,GOLD,남성,1,1,1,130900
2025-04-28,SILVER,남성,1,1,1,160080
2025-04-28,SILVER,라운드티,1,1,1,26470
2025-04-29,FAMILY,남성,13,13,15,1072390
2025-04-29,FAMILY,여성,3,3,4,347000
2025-04-29,FAMILY,상의,2,2,2,108000
2025-04-29,FAMILY,바람막이,1,1,1,98000
2025-04-29,FAMILY,긴바지,1,1,1,65000
2025-04-29,FAMILY,라운드티,1,1,1,41000
2025-04-29,FAMILY,반바지,1,1,1,26000
2025-04-29,SILVER,남성,4,4,9,637670
2025-04-29,SILVER,방수자켓,1,1,1,77000
2025-04-29,SILVER,스니커즈,1,1,1,69000
2025-04-29,SILVER,바람막이,1,1,1,64500
2025-04-29,SILVER,여성,1,1,1,6700
2025-04-30,FAMILY,남성,66,66,80,2517270
2025-04-30,FAMILY,여성,14,14,18,560290
2025-04-30,FAMILY,긴바지,4,4,4,207350
2025-04-30,FAMILY,라운드티,7,7,7,190880
2025-04-30,FAMILY,자켓/ 베스트,2,2,2,190060
2025-04-30,FAMILY,UNKNOWN,3,3,3,156780
2025-04-30,FAMILY,상의,4,4,4,139950
2025-04-30,FAMILY,반바지,5,5,5,111640
2025-04-30,FAMILY,등산화,1,1,1,82320
2025-04-30,FAMILY,방수자켓,1,1,1,57000
2025-04-30,FAMILY,카고/조거,1,1,1,53910
2025-04-30,FAMILY,액세서리,2,2,2,10690
2025-04-30,GOLD,남성,2,1,2,139950
2025-04-30,SILVER,남성,7,7,10,848040
2025-04-30,SILVER,여성,2,2,2,255230
2025-04-30,SILVER,반바지,2,2,3,75130
2025-04-30,SILVER,UNKNOWN,1,1,1,71760
2025-04-30,SILVER,카고/조거,1,1,1,65000
2025-04-30,SILVER,상의,1,1,1,54840
2025-05-01,FAMILY,남성,34,34,35,1342550
2025-05-01,FAMILY,긴바지,10,10,10,471610
2025-05-01,FAMILY,여성,4,4,5,454090
2025-05-01,FAMILY,반바지,7,7,8,185420
2025-05-01,FAMILY,UNKNOWN,3,3,3,82190
2025-05-01,FAMILY,라운드티,2,2,2,65930
2025-05-01,FAMILY,맨투맨/후드티,1,1,1,44150
2025-05-01,FAMILY,자켓/ 베스트,1,1,1,29900
2025-05-01,GOLD,남성,2,2,2,153690
2025-05-01,SILVER,남성,13,13,16,1060000
2025-05-01,SILVER,바람막이,1,1,1,79500
2025-05-01,SILVER,긴바지,1,1,1,54500
2025-05-01,SILVER,상의,1,1,1,50200
2025-05-02,FAMILY,남성,26,26,32,1426480
2025-05-02,FAMILY,여성,2,2,2,116940
2025-05-02,FAMILY,상의,1,1,2,96000
2025-05-02,FAMILY,긴바지,1,1,1,80360
2025-05-02,FAMILY,반바지,2,2,2,72000
2025-05-02,FAMILY,라운드티,2,2,2,43420
2025-05-02,FAMILY,셔츠,1,1,1,41610
2025-05-02,FAMILY,UNKNOWN,1,1,1,36000
2025-05-02,GOLD,남성,1,1,1,109200
2025-05-02,SILVER,남성,7,7,12,545810
2025-05-02,SILVER,셋업,1,1,2,173100
2025-05-02,SILVER,긴바지,1,1,1,98600
2025-05-02,SILVER,등산화,1,1,1,96810
2025-05-02,SILVER,자켓/ 베스트,1,1,1,43000
2025-05-02,SILVER,여성,1,1,1,39500
2025-05-03,FAMILY,남성,21,21,27,928150
2025-05-03,FAMILY,긴바지,3,3,3,203530
2025-05-03,FAMILY,바람막이,2,2,2,153870
2025-05-03,FAMILY,여성,3,3,3,147520
2025-05-03,FAMILY,상의,3,3,3,119000
2025-05-03,FAMILY,자켓/ 베스트,2,2,2,75640
2025-05-03,FAMILY,라운드티,2,2,2,58510
2025-05-03,FAMILY,반바지,1,1,1,29370
2025-05-03,GOLD,남성,3,3,8,537600
2025-05-03,SILVER,남성,6,5,7,567340
2025-05-03,SILVER,카고/조거,1,1,2,121300
2025-05-03,SILVER,폴로티/집업,1,1,2,87700
2025-05-04,FAMILY,남성,20,20,33,1579890
2025-05-04,FAMILY,여성,2,2,2,257490
2025-05-04,FAMILY,UNKNOWN,2,2,2,124050
2025-05-04,FAMILY,긴바지,2,2,2,96280
2025-05-04,FAMILY,바람막이,1,1,1,80300
2025-05-04,FAMILY,등산화,1,1,1,74300
2025-05-04,FAMILY,상의,1,1,1,35900
2025-05-04,GOLD,남성,1,1,1,39000
2025-05-04,SILVER,UNKNOWN,1,1,1,111300
2025-05-04,SILVER,남성,1,1,1,83300
2025-05-04,SILVER,긴바지,1,1,1,51000
2025-05-04,SILVER,반바지,1,1,1,47000
2025-05-05,FAMILY,남성,17,17,25,1041600
2025-05-05,FAMILY,긴바지,4,4,4,185760
2025-05-05,FAMILY,자켓/ 베스트,2,2,2,163980
2025-05-05,FAMILY,여성,1,1,1,101300
2025-05-05,FAMILY,등산화,1,1,1,72820
2025-05-05,FAMILY,상의,1,1,1,46950
2025-05-05,FAMILY,반바지,1,1,1,32820
2025-05-05,GOLD,남성,1,1,3,117000
2025-05-05,SILVER,셋업,1,1,1,123440
2025-05-05,SILVER,남성,1,1,3,90350
2025-05-05,SILVER,상의,1,1,1,45650
2025-05-05,SILVER,여성,1,1,1,37510
2025-05-05,TITANIUM,자켓/ 베스트,1,1,2,337930
2025-05-06,FAMILY,남성,36,36,45,2494470
2025-05-06,FAMILY,여성,5,5,5,312280
2025-05-06,FAMILY,등산화,2,2,2,135120
2025-05-06,FAMILY,긴바지,2,2,2,79140
2025-05-06,FAMILY,UNKNOWN,2,2,2,68950
2025-05-06,FAMILY,셔츠,2,2,2,65100
2025-05-06,FAMILY,라운드티,1,1,1,39800
2025-05-06,GOLD,남성,1,1,1,39090
2025-05-06,SILVER,남성,4,3,7,824650
2025-05-06,SILVER,여성,1,1,1,131490
2025-05-06,SILVER,상의,1,1,1,45420
2025-05-06,SILVER,긴바지,1,1,1,40900
2025-05-07,FAMILY,남성,23,23,28,1421050
2025-05-07,FAMILY,UNKNOWN,4,4,4,281350
2025-05-07,FAMILY,여성,3,3,3,239850
2025-05-07,FAMILY,긴바지,2,2,2,91750
2025-05-07,FAMILY,하이킹,1,1,1,63430
2025-05-07,FAMILY,상의,1,1,1,59000
2025-05-07,FAMILY,반바지,1,1,1,35000
2025-05-07,FAMILY,라운드티,1,1,1,28900
2025-05-07,SILVER,남성,7,7,7,632080
2025-05-07,SILVER,등산화,1,1,3,270900
2025-05-07,SILVER,반바지,1,1,2,134880
2025-05-07,SILVER,여성,1,1,1,72760
2025-05-07,SILVER,상의,1,1,1,59000
2025-05-07,SILVER,긴바지,1,1,1,55000
2025-05-08,FAMILY,남성,11,11,16,694800
2025-05-08,FAMILY,여성,4,4,4,346200
2025-05-08,FAMILY,긴바지,2,2,2,101000
2025-05-08,FAMILY,스니커즈,1,1,1,53270
2025-05-08,FAMILY,상의,1,1,1,47500
2025-05-08,GOLD,남성,1,1,1,97000
2025-05-08,SILVER,남성,3,3,4,293460
2025-05-08,SILVER,카고/조거,1,1,2,112760
2025-05-09,FAMILY,남성,24,23,37,1841100
2025-05-09,FAMILY,라운드티,5,5,5,170270
2025-05-09,FAMILY,스니커즈,1,1,1,67200
2025-05-09,FAMILY,반바지,1,1,2,55380
2025-05-09,FAMILY,긴바지,1,1,1,52000
2025-05-09,FAMILY,상의,1,1,1,46500
2025-05-09,FAMILY,맨투맨/후드티,1,1,1,34290
2025-05-09,FAMILY,여성,1,1,1,6970
2025-05-09,SILVER,남성,6,5,6,484270
2025-05-09,SILVER,방수자켓,1,1,1,77000
2025-05-09,TITANIUM,남성,1,1,3,61740
2025-05-10,FAMILY,남성,12,12,17,494380
2025-05-10,FAMILY,여성,4,4,4,269500
2025-05-10,FAMILY,긴바지,4,4,4,205790
2025-05-10,FAMILY,UNKNOWN,1,1,1,99350
2025-05-10,FAMILY,상의,2,2,2,86200
2025-05-10,FAMILY,라운드티,3,3,3,82960
2025-05-10,FAMILY,바람막이,1,1,1,47000
2025-05-10,FAMILY,셔츠,1,1,1,37000
2025-05-10,GOLD,남성,2,2,2,136110
2025-05-10,SILVER,남성,2,2,2,151350
2025-05-11,FAMILY,남성,177,177,210,7463560
2025-05-11,FAMILY,여성,25,25,29,1497560
2025-05-11,FAMILY,라운드티,34,34,34,765810
2025-05-11,FAMILY,긴바지,16,16,16,718950
2025-05-11,FAMILY,반바지,26,26,27,542490
2025-05-11,FAMILY,셋업,7,7,7,316880
2025-05-11,FAMILY,등산화,4,4,4,315550
2025-05-11,FAMILY,바람막이,3,3,3,214630
2025-05-11,FAMILY,상의,3,3,4,193260
2025-05-11,FAMILY,자켓/ 베스트,1,1,1,173850
2025-05-11,FAMILY,폴로티/집업,3,3,3,155740
2025-05-11,FAMILY,트레일러닝,1,1,1,89000
2025-05-11,FAMILY,카고/조거,1,1,1,50000
2025-05-11,FAMILY,UNKNOWN,2,2,2,39110
2025-05-11,FAMILY,맨투맨/후드티,1,1,1,28920
2025-05-11,GOLD,남성,1,1,3,192710
2025-05-11,SILVER,남성,25,24,28,1780070
2025-05-11,SILVER,여성,4,4,4,383410
2025-05-11,SILVER,라운드티,3,3,3,145820
2025-05-11,SILVER,등산화,1,1,1,128090
2025-05-11,SILVER,셋업,2,2,2,123950
2025-05-11,SILVER,긴바지,1,1,2,108000
2025-05-11,SILVER,반바지,3,3,3,82720
2025-05-12,FAMILY,남성,20,20,30,1277600
2025-05-12,FAMILY,스니커즈,2,2,2,125620
2025-05-12,FAMILY,라운드티,4,4,4,117010
2025-05-12,FAMILY,긴바지,1,1,1,55000
2025-05-12,FAMILY,셋업,1,1,1,52370
2025-05-12,FAMILY,여성,1,1,1,49500
2025-05-12,SILVER,남성,2,2,3,370600
2025-05-12,SILVER,하이킹,1,1,1,131740
2025-05-12,SILVER,스니커즈,1,1,1,59000
2025-05-13,FAMILY,남성,11,11,18,664890
2025-05-13,FAMILY,상의,2,1,2,118000
2025-05-13,FAMILY,카고/조거,1,1,1,54750
2025-05-13,FAMILY,바람막이,1,1,1,51600
2025-05-13,FAMILY,자켓/ 베스트,1,1,1,48000
2025-05-13,FAMILY,반바지,1,1,1,24500
2025-05-13,GOLD,남성,1,1,1,88500
2025-05-13,SILVER,남성,1,1,1,116910
2025-05-13,SILVER,셋업,1,1,1,97900
2025-05-13,SILVER,긴바지,1,1,1,65000
2025-05-13,SILVER,여성,1,1,1,17830
2025-05-13,TITANIUM,남성,1,1,3,319000
2025-05-13,TITANIUM,여성,1,1,1,79000
2025-05-14,FAMILY,남성,10,10,13,1103860
2025-05-14,FAMILY,여성,3,3,4,307850
2025-05-14,FAMILY,긴바지,4,4,5,254740
2025-05-14,FAMILY,반바지,3,3,4,129000
2025-05-14,FAMILY,하이킹,1,1,1,89400
2025-05-14,FAMILY,라운드티,2,2,3,85000
2025-05-14,FAMILY,셋업,1,1,1,61500
2025-05-14,FAMILY,스니커즈,1,1,1,58680
2025-05-14,FAMILY,UNKNOWN,2,2,2,51110
2025-05-14,GOLD,여성,1,1,2,65500
2025-05-14,SILVER,남성,5,5,6,521600
2025-05-14,TITANIUM,여성,1,1,1,105610
2025-05-15,FAMILY,남성,12,12,15,803290
2025-05-15,FAMILY,긴바지,3,3,3,183000
2025-05-15,FAMILY,반바지,2,2,2,93500
2025-05-15,FAMILY,라운드티,2,2,2,69890
2025-05-15,FAMILY,여성,2,2,2,54000
2025-05-15,FAMILY,폴로/집업티,1,1,1,53000
2025-05-15,FAMILY,자켓/ 베스트,1,1,1,53000
2025-05-15,SILVER,셋업,1,1,2,172000
2025-05-15,SILVER,바람막이,1,1,1,129000
2025-05-15,SILVER,남성,1,1,1,94560
2025-05-15,SILVER,라운드티,1,1,1,41000
2025-05-15,SILVER,반바지,1,1,2,40990
2025-05-15,SILVER,자켓/ 베스트,1,1,1,37750
2025-05-16,FAMILY,남성,22,20,40,1939100
2025-05-16,FAMILY,여성,3,3,3,186910
2025-05-16,FAMILY,라운드티,3,2,3,95010
2025-05-16,FAMILY,긴바지,2,2,2,84480
2025-05-16,FAMILY,스니커즈,1,1,1,67640
2025-05-16,FAMILY,카고/조거,1,1,1,65000
2025-05-16,FAMILY,반바지,2,2,2,45640
2025-05-16,GOLD,남성,1,1,1,39500
2025-05-16,SILVER,여성,2,2,4,350660
2025-05-16,SILVER,남성,2,2,3,217390
2025-05-16,SILVER,긴바지,2,2,2,155300
2025-05-17,FAMILY,남성,8,8,10,808980
2025-05-17,FAMILY,등산화,1,1,1,98710
2025-05-17,FAMILY,여성,1,1,1,86420
2025-05-17,FAMILY,긴바지,1,1,1,65000
2025-05-17,FAMILY,라운드티,1,1,1,30260
2025-05-17,FAMILY,반바지,1,1,1,21750
2025-05-17,SILVER,남성,4,3,5,513700
2025-05-18,FAMILY,남성,12,11,18,981070
2025-05-18,FAMILY,여성,1,1,1,129100
2025-05-18,FAMILY,반바지,2,2,2,90920
2025-05-18,FAMILY,등산화,1,1,1,87900
2025-05-18,FAMILY,긴바지,1,1,1,52040
2025-05-18,SILVER,남성,3,3,3,230010
2025-05-19,FAMILY,남성,13,12,15,844390
2025-05-19,FAMILY,등산화,1,1,1,94500
2025-05-19,FAMILY,라운드티,2,2,2,61900
2025-05-19,FAMILY,긴바지,1,1,1,60650
2025-05-19,FAMILY,여성,1,1,1,49500
2025-05-19,FAMILY,폴로티/집업,1,1,1,49500
2025-05-19,SILVER,남성,5,5,7,710890
2025-05-19,SILVER,여성,2,2,3,199000
2025-05-19,SILVER,상의,1,1,1,59000
2025-05-20,FAMILY,남성,15,15,18,1207310
2025-05-20,FAMILY,여성,3,3,3,131540
2025-05-20,FAMILY,등산화,1,1,1,90300
2025-05-20,FAMILY,긴바지,1,1,1,65000
2025-05-20,FAMILY,라운드티,1,1,1,24840
2025-05-20,GOLD,남성,2,2,9,419110
2025-05-20,GOLD,상의,1,1,1,59000
2025-05-20,SILVER,남성,5,5,12,685220
2025-05-20,SILVER,긴바지,1,1,1,99000
2025-05-20,TITANIUM,남성,1,1,3,58500
2025-05-21,FAMILY,바람막이,2,1,20,2703000
2025-05-21,FAMILY,남성,22,20,29,1277540
2025-05-21,FAMILY,스니커즈,4,4,5,338560
2025-05-21,FAMILY,여성,5,5,6,276300
2025-05-21,FAMILY,반바지,3,3,4,127460
2025-05-21,FAMILY,라운드티,2,2,2,85560
2025-05-21,FAMILY,셋업,1,1,1,83000
2025-05-21,SILVER,남성,9,8,14,1141960
2025-05-21,SILVER,여성,1,1,1,136860
2025-05-21,SILVER,폴로티/집업,1,1,1,93620
2025-05-21,SILVER,라운드티,2,2,3,86680
2025-05-21,SILVER,셋업,1,1,1,81090
2025-05-21,SILVER,긴바지,1,1,1,43000
2025-05-22,FAMILY,남성,13,13,19,928460
2025-05-22,FAMILY,라운드티,4,4,5,150750
2025-05-22,FAMILY,여성,2,2,2,110540
2025-05-22,FAMILY,반바지,3,3,3,104600
2025-05-22,FAMILY,긴바지,2,2,2,102900
2025-05-22,FAMILY,셋업,1,1,1,83000
2025-05-22,FAMILY,스니커즈,1,1,1,69000
2025-05-22,GOLD,라운드티,1,1,1,19450
2025-05-22,SILVER,남성,5,5,13,919840
2025-05-22,SILVER,긴바지,3,3,4,388630
2025-05-22,SILVER,여성,1,1,1,159000
2025-05-22,SILVER,반바지,2,2,2,62630
2025-05-22,SILVER,맨투맨/후드티,1,1,1,52440
2025-05-22,SILVER,라운드티,1,1,1,28690
2025-05-23,FAMILY,남성,14,14,17,928780
2025-05-23,FAMILY,여성,4,4,5,519540
2025-05-23,FAMILY,등산화,2,2,2,253740
2025-05-23,FAMILY,긴바지,2,2,2,96890
2025-05-23,FAMILY,UNKNOWN,1,1,1,38000
2025-05-23,FAMILY,라운드티,1,1,1,32290
2025-05-23,GOLD,남성,1,1,4,71000
2025-05-23,SILVER,남성,4,4,4,316860
2025-05-24,FAMILY,남성,11,11,12,801850
2025-05-24,FAMILY,스니커즈,6,6,6,269770
2025-05-24,FAMILY,긴바지,1,1,1,98100
2025-05-24,FAMILY,여성,1,1,1,58220
2025-05-24,FAMILY,셔츠,1,1,1,50430
2025-05-24,FAMILY,반바지,1,1,1,44720
2025-05-24,FAMILY,UNKNOWN,1,1,1,41000
2025-05-24,GOLD,남성,1,1,3,122500
2025-05-24,GOLD,여성,1,1,1,94750
2025-05-24,GOLD,폴로티/집업,1,1,2,89960
2025-05-24,SILVER,남성,4,4,5,407990
2025-05-24,SILVER,상의,1,1,2,118000
2025-05-24,SILVER,바람막이,1,1,1,100000
2025-05-24,SILVER,긴바지,1,1,1,65490
2025-05-25,FAMILY,남성,7,7,13,725310
2025-05-25,FAMILY,스니커즈,3,3,3,139510
2025-05-25,FAMILY,반바지,1,1,2,74560
2025-05-25,GOLD,남성,1,1,2,106320
2025-05-26,FAMILY,남성,20,20,33,1592140
2025-05-26,FAMILY,스니커즈,5,4,5,237800
2025-05-26,FAMILY,여성,2,2,2,123200
2025-05-26,SILVER,남성,6,6,9,723100
2025-05-26,SILVER,긴바지,1,1,2,130000
2025-05-26,SILVER,트레일러닝,1,1,1,107000
2025-05-27,FAMILY,남성,14,13,16,919900
2025-05-27,FAMILY,여성,4,4,5,255900
2025-05-27,FAMILY,UNKNOWN,1,1,1,99950
2025-05-27,FAMILY,스니커즈,2,2,2,97020
2025-05-27,FAMILY,등산화,1,1,1,90300
2025-05-27,FAMILY,셋업,1,1,2,69000
2025-05-27,FAMILY,긴바지,1,1,1,65000
2025-05-27,FAMILY,카고/조거,1,1,1,46560
2025-05-27,FAMILY,반바지,1,1,1,28420
2025-05-27,GOLD,여성,1,1,1,83540
2025-05-27,SILVER,남성,4,4,7,431070
2025-05-27,SILVER,등산화,1,1,1,183560
2025-05-27,SILVER,긴바지,1,1,1,48080
2025-05-27,SILVER,라운드티,1,1,1,27460
2025-05-28,FAMILY,남성,20,20,24,984670
2025-05-28,FAMILY,스니커즈,5,5,5,237640
2025-05-28,FAMILY,여성,3,3,4,211770
2025-05-28,FAMILY,반바지,2,2,2,62390
2025-05-28,FAMILY,라운드티,2,2,2,49610
2025-05-28,SILVER,남성,6,6,8,1008110
2025-05-28,SILVER,긴바지,2,2,2,150000
2025-05-28,SILVER,바람막이,1,1,1,99940
2025-05-28,SILVER,스니커즈,1,1,1,39540
2025-05-28,TITANIUM,남성,1,1,4,130000
2025-05-29,FAMILY,남성,30,30,39,2689770
2025-05-29,FAMILY,스니커즈,5,5,6,287190
2025-05-29,FAMILY,여성,3,3,4,207770
2025-05-29,FAMILY,라운드티,4,4,6,167480
2025-05-29,FAMILY,긴바지,2,2,2,112640
2025-05-29,FAMILY,바람막이,1,1,1,84880
2025-05-29,FAMILY,상의,1,1,1,56100
2025-05-29,GOLD,남성,1,1,1,24500
2025-05-29,SILVER,남성,7,6,10,601220
2025-05-30,FAMILY,남성,14,13,14,703250
2025-05-30,FAMILY,여성,5,5,5,380510
2025-05-30,FAMILY,긴바지,2,2,2,147200
2025-05-30,FAMILY,스니커즈,2,2,3,142300
2025-05-30,FAMILY,라운드티,1,1,1,54860
2025-05-30,SILVER,남성,3,3,3,159930
2025-05-31,FAMILY,남성,16,16,17,941710
2025-05-31,FAMILY,스니커즈,4,4,5,240420
2025-05-31,FAMILY,여성,2,2,2,197810
2025-05-31,FAMILY,등산화,1,1,1,162610
2025-05-31,FAMILY,셋업,1,1,1,72000
2025-05-31,FAMILY,긴바지,1,1,1,65000
2025-05-31,GOLD,남성,1,1,3,151000
2025-05-31,SILVER,남성,5,5,5,221350
2025-05-31,SILVER,여성,1,1,2,147550
2025-05-31,SILVER,스니커즈,2,2,2,83110
2025-06-01,FAMILY,남성,25,25,32,1348950
2025-06-01,FAMILY,스니커즈,3,3,3,137510
2025-06-01,FAMILY,긴바지,1,1,1,57640
2025-06-01,FAMILY,여성,3,3,3,56510
2025-06-01,FAMILY,셋업,1,1,1,53000
2025-06-01,FAMILY,상의,1,1,1,29500
2025-06-01,SILVER,남성,3,3,6,551310
2025-06-01,SILVER,여성,3,3,5,267860
2025-06-01,SILVER,하이킹,1,1,1,137000
2025-06-01,SILVER,셋업,1,1,1,60000
2025-06-01,SILVER,라운드티,1,1,1,28230
2025-06-02,FAMILY,남성,15,14,22,1453280
2025-06-02,FAMILY,여성,4,4,4,201490
2025-06-02,FAMILY,스니커즈,3,3,3,138040
2025-06-02,FAMILY,긴바지,2,2,2,105000
2025-06-02,SILVER,남성,6,6,7,506870
2025-06-02,SILVER,여성,2,2,5,466540
2025-06-02,SILVER,등산화,1,1,2,180600
2025-06-02,SILVER,UNKNOWN,1,1,1,101410
2025-06-02,SILVER,라운드티,1,1,1,34070
2025-06-02,TITANIUM,스니커즈,1,1,2,98000
2025-06-02,TITANIUM,남성,1,1,1,59000
2025-06-03,FAMILY,남성,13,13,16,1068460
2025-06-03,FAMILY,하이킹,1,1,1,90340
2025-06-03,FAMILY,등산화,1,1,1,72270
2025-06-03,FAMILY,라운드티,2,2,2,67300
2025-06-03,FAMILY,여성,2,2,2,63240
2025-06-03,FAMILY,스니커즈,1,1,1,45480
2025-06-03,SILVER,남성,1,1,1,80550
2025-06-03,TITANIUM,남성,1,1,1,59000
2025-06-04,FAMILY,남성,11,11,60,4574210
2025-06-04,FAMILY,여성,2,2,3,102270
2025-06-04,FAMILY,스니커즈,2,2,2,90380
2025-06-04,FAMILY,등산화,1,1,1,89250
2025-06-04,FAMILY,셋업,1,1,1,57540
2025-06-04,FAMILY,상의,1,1,1,55900
2025-06-04,GOLD,남성,1,1,1,75450
2025-06-04,SILVER,스니커즈,2,2,2,96600
2025-06-04,SILVER,라운드티,1,1,1,41000
2025-06-05,FAMILY,남성,6,6,10,666280
2025-06-05,FAMILY,스니커즈,3,3,4,188640
2025-06-05,FAMILY,여성,2,2,2,153500
2025-06-05,FAMILY,라운드티,2,2,3,87000
2025-06-05,FAMILY,긴바지,1,1,1,60190
2025-06-05,FAMILY,상의,1,1,1,57950
2025-06-05,SILVER,긴바지,1,1,3,193000
2025-06-05,SILVER,남성,2,2,2,69370
2025-06-05,SILVER,상의,1,1,1,54340
2025-06-06,FAMILY,남성,14,14,21,818220
2025-06-06,FAMILY,여성,1,1,1,92690
2025-06-06,FAMILY,UNKNOWN,1,1,1,84500
2025-06-06,FAMILY,셋업,1,1,1,83300
2025-06-06,FAMILY,상의,1,1,1,59000
2025-06-06,FAMILY,스니커즈,1,1,1,44000
2025-06-06,FAMILY,액세서리,1,1,1,8400
2025-06-06,SILVER,남성,3,3,3,201360
2025-06-07,FAMILY,남성,15,15,21,947530
2025-06-07,FAMILY,여성,6,6,8,586110
2025-06-07,FAMILY,등산화,1,1,1,94500
2025-06-07,FAMILY,바람막이,1,1,1,92950
2025-06-07,FAMILY,스니커즈,1,1,1,49000
2025-06-07,FAMILY,반바지,1,1,1,44500
2025-06-07,SILVER,남성,3,3,4,254890
2025-06-08,FAMILY,남성,36,36,50,2614100
2025-06-08,FAMILY,여성,6,5,7,464860
2025-06-08,FAMILY,라운드티,3,3,4,126600
2025-06-08,FAMILY,긴바지,2,2,2,108780
2025-06-08,FAMILY,UNKNOWN,2,2,2,83490
2025-06-08,FAMILY,스니커즈,1,1,1,38100
2025-06-08,GOLD,남성,1,1,1,47200
2025-06-08,SILVER,남성,10,9,14,1094080
2025-06-08,SILVER,긴바지,2,2,2,135420
2025-06-08,SILVER,바람막이,1,1,1,127200
2025-06-08,SILVER,여성,1,1,1,106700
2025-06-08,SILVER,UNKNOWN,1,1,1,55200
2025-06-09,FAMILY,남성,19,19,28,1514840
2025-06-09,FAMILY,여성,9,9,10,636000
2025-06-09,FAMILY,긴바지,1,1,2,114710
2025-06-09,GOLD,남성,1,1,1,30920
2025-06-09,SILVER,남성,1,1,1,157070
2025-06-09,SILVER,여성,1,1,2,117500
2025-06-09,SILVER,UNKNOWN,1,1,1,54520
2025-06-09,TITANIUM,남성,1,1,2,98100
2025-06-10,FAMILY,남성,26,26,31,2064710
2025-06-10,FAMILY,여성,4,4,5,230500
2025-06-10,FAMILY,등산화,1,1,1,88300
2025-06-10,GOLD,여성,1,1,2,180600
2025-06-10,GOLD,바람막이,1,1,2,180600
2025-06-10,GOLD,셋업,1,1,1,86530
2025-06-10,SILVER,남성,5,5,7,513020
2025-06-10,SILVER,바람막이,1,1,1,83050
2025-06-11,FAMILY,남성,21,21,36,1526680
2025-06-11,FAMILY,여성,3,3,4,285800
2025-06-11,FAMILY,UNKNOWN,1,1,1,61200
2025-06-11,SILVER,남성,5,5,9,912940
2025-06-11,SILVER,여성,2,2,3,194200
2025-06-12,FAMILY,남성,32,32,46,3017660
2025-06-12,FAMILY,스니커즈,2,2,2,86650
2025-06-12,FAMILY,UNKNOWN,1,1,1,61200
2025-06-12,GOLD,남성,1,1,1,32000
2025-06-12,SILVER,남성,7,7,8,617250
2025-06-12,SILVER,여성,1,1,1,116300
2025-06-13,FAMILY,남성,19,19,27,1358160
2025-06-13,FAMILY,여성,6,6,7,560620
2025-06-13,FAMILY,스니커즈,1,1,1,49000
2025-06-13,FAMILY,폴로티/집업,1,1,1,41900
2025-06-13,FAMILY,상의,1,1,1,33120
2025-06-13,FAMILY,라운드티,1,1,1,23000
2025-06-13,GOLD,남성,2,2,3,162770
2025-06-13,SILVER,남성,4,4,10,548040
2025-06-13,SILVER,여성,1,1,2,103120
2025-06-14,FAMILY,남성,30,29,42,2379750
2025-06-14,FAMILY,여성,4,4,5,438300
2025-06-14,FAMILY,라운드티,3,3,3,85880
2025-06-14,GOLD,남성,1,1,1,47200
2025-06-14,SILVER,남성,3,3,3,236570
2025-06-14,SILVER,맨투맨/후드티,1,1,1,50990
2025-06-14,SILVER,라운드티,1,1,1,33670
2025-06-15,FAMILY,남성,16,16,28,1369530
2025-06-15,FAMILY,여성,6,6,8,410520
2025-06-15,FAMILY,셋업,3,3,4,190940
2025-06-15,FAMILY,긴바지,2,2,2,118590
2025-06-15,FAMILY,스니커즈,1,1,1,47700
2025-06-15,GOLD,여성,1,1,1,115030
2025-06-15,GOLD,남성,1,1,1,73150
2025-06-15,GOLD,반바지,1,1,1,36700
2025-06-15,SILVER,남성,6,6,9,711040
2025-06-16,FAMILY,남성,20,19,26,1360500
2025-06-16,FAMILY,긴바지,1,1,1,104470
2025-06-16,FAMILY,반바지,1,1,1,47000
2025-06-16,FAMILY,여성,1,1,1,44500
2025-06-16,FAMILY,스니커즈,1,1,1,41750
2025-06-16,GOLD,남성,3,3,5,370100
2025-06-16,GOLD,여성,1,1,1,102340
2025-06-16,SILVER,남성,6,6,11,677220
2025-06-16,SILVER,UNKNOWN,1,1,1,54900
2025-06-17,FAMILY,남성,27,27,150,5730600
2025-06-17,FAMILY,여성,4,4,5,366620
2025-06-17,FAMILY,스니커즈,2,2,2,92900
2025-06-17,FAMILY,하이킹,1,1,1,83000
2025-06-17,FAMILY,셋업,1,1,1,82000
2025-06-17,FAMILY,상의,1,1,1,58180
2025-06-17,FAMILY,라운드티,2,2,2,56790
2025-06-17,FAMILY,UNKNOWN,1,1,1,31400
2025-06-17,FAMILY,액세서리,1,1,1,8680
2025-06-17,GOLD,여성,1,1,1,99500
2025-06-17,SILVER,남성,3,3,3,140400
2025-06-18,FAMILY,남성,14,14,19,1024130
2025-06-18,FAMILY,여성,4,4,4,251340
2025-06-18,FAMILY,스니커즈,2,2,2,89500
2025-06-18,FAMILY,라운드티,2,2,2,57040
2025-06-18,FAMILY,셋업,1,1,1,53000
2025-06-18,FAMILY,반바지,1,1,1,47000
2025-06-18,GOLD,남성,2,2,2,277000
2025-06-18,GOLD,여성,1,1,1,48300
2025-06-18,SILVER,남성,4,4,9,505940
2025-06-18,TITANIUM,남성,1,1,8,1196670
2025-06-19,FAMILY,남성,19,18,25,1098480
2025-06-19,FAMILY,여성,1,1,2,124000
2025-06-19,FAMILY,셔츠,1,1,1,53000
2025-06-19,FAMILY,긴바지,1,1,1,52900
2025-06-19,FAMILY,스니커즈,1,1,1,46150
2025-06-19,FAMILY,반바지,1,1,1,43630
2025-06-19,FAMILY,라운드티,1,1,1,21780
2025-06-19,SILVER,남성,6,6,13,1183360
2025-06-19,SILVER,셋업,1,1,2,208050
2025-06-19,SILVER,여성,1,1,1,97050
2025-06-19,SILVER,긴바지,1,1,1,30180
2025-06-20,FAMILY,남성,41,40,48,3375650
2025-06-20,FAMILY,여성,5,5,5,272600
2025-06-20,FAMILY,긴바지,2,2,3,163500
2025-06-20,FAMILY,폴로티/집업,1,1,1,49500
2025-06-20,GOLD,남성,5,3,10,596750
2025-06-20,SILVER,남성,10,10,12,1110940
2025-06-20,SILVER,긴바지,1,1,1,52670
2025-06-21,FAMILY,남성,16,15,18,1011170
2025-06-21,FAMILY,바람막이,1,1,1,89270
2025-06-21,FAMILY,반바지,2,2,2,71990
2025-06-21,FAMILY,스니커즈,1,1,1,49000
2025-06-21,FAMILY,여성,1,1,1,43400
2025-06-21,FAMILY,라운드티,1,1,1,26670
2025-06-21,GOLD,등산화,1,1,1,87880
2025-06-21,GOLD,남성,1,1,3,36540
2025-06-21,SILVER,남성,6,6,7,451600
2025-06-21,SILVER,라운드티,1,1,1,38420
2025-06-21,SILVER,반바지,1,1,1,28220
2025-06-22,FAMILY,남성,12,12,14,664050
2025-06-22,FAMILY,여성,1,1,1,108150
2025-06-22,FAMILY,방수자켓,1,1,1,77000
2025-06-22,FAMILY,셋업,1,1,1,42870
2025-06-22,FAMILY,라운드티,1,1,1,31180
2025-06-22,GOLD,여성,1,1,2,238000
2025-06-22,SILVER,남성,3,3,5,465450
2025-06-23,FAMILY,남성,19,19,25,1568390
2025-06-23,FAMILY,여성,5,5,5,234140
2025-06-23,FAMILY,셔츠,1,1,1,52210
2025-06-23,FAMILY,긴바지,1,1,1,52210
2025-06-23,FAMILY,스니커즈,1,1,1,49000
2025-06-23,FAMILY,라운드티,1,1,1,35000
2025-06-23,SILVER,남성,4,4,7,477580
2025-06-23,SILVER,라운드티,1,1,1,28000
2025-06-24,FAMILY,남성,16,16,20,1131010
2025-06-24,FAMILY,여성,3,3,3,195300
2025-06-24,FAMILY,스니커즈,1,1,1,49000
2025-06-24,FAMILY,반바지,1,1,1,29000
2025-06-24,GOLD,여성,1,1,1,129000
2025-06-24,GOLD,남성,1,1,2,97140
2025-06-24,SILVER,남성,7,7,10,883630
2025-06-24,SILVER,등산화,2,2,2,223490
2025-06-24,SILVER,여성,1,1,1,151970
2025-06-24,SILVER,긴바지,1,1,1,48000
2025-06-25,FAMILY,남성,19,19,25,1720490
2025-06-25,FAMILY,스니커즈,1,1,1,49000
2025-06-25,FAMILY,상의,1,1,1,48300
2025-06-25,FAMILY,라운드티,1,1,1,34500
2025-06-25,GOLD,남성,2,2,2,139770
2025-06-25,GOLD,상의,1,1,1,44100
2025-06-25,SILVER,남성,6,6,8,724160
2025-06-25,SILVER,바람막이,1,1,1,104310
2025-06-25,SILVER,등산화,1,1,1,82350
2025-06-26,FAMILY,남성,15,15,15,1273450
2025-06-26,FAMILY,여성,4,4,4,245520
2025-06-26,FAMILY,등산화,2,2,2,194660
2025-06-26,FAMILY,라운드티,1,1,3,91000
2025-06-26,FAMILY,셔츠,1,1,1,53000
2025-06-26,FAMILY,반바지,1,1,1,47000
2025-06-26,GOLD,남성,4,3,4,276710
2025-06-26,SILVER,남성,1,1,1,49280
2025-06-26,TITANIUM,남성,1,1,5,364300
2025-06-27,FAMILY,남성,29,27,39,1941750
2025-06-27,FAMILY,여성,4,3,4,241680
2025-06-27,FAMILY,스니커즈,3,3,3,133570
2025-06-27,FAMILY,반바지,1,1,1,47000
2025-06-27,SILVER,남성,4,4,5,505860
2025-06-27,SILVER,여성,1,1,1,71200
2025-06-28,FAMILY,남성,26,24,30,1649920
2025-06-28,FAMILY,여성,2,2,2,108790
2025-06-28,FAMILY,반바지,1,1,1,30270
2025-06-28,SILVER,남성,4,4,12,795340
2025-06-28,SILVER,여성,1,1,1,61050
2025-06-29,FAMILY,남성,22,22,24,1406930
2025-06-29,FAMILY,여성,2,2,2,137580
2025-06-29,FAMILY,등산화,1,1,1,132300
2025-06-29,FAMILY,긴바지,1,1,1,51880
2025-06-29,FAMILY,라운드티,1,1,1,23750
2025-06-29,GOLD,여성,2,2,5,323730
2025-06-29,GOLD,남성,1,1,1,7950
2025-06-29,SILVER,남성,2,2,4,134930
2025-06-29,TITANIUM,여성,1,1,1,106930
2025-06-29,TITANIUM,남성,1,1,1,49500
2025-06-30,FAMILY,남성,29,29,83,4017730
2025-06-30,FAMILY,여성,4,4,18,959230
2025-06-30,FAMILY,셋업,1,1,13,838500
2025-06-30,FAMILY,셔츠,1,1,2,106000
2025-06-30,FAMILY,반바지,1,1,1,47000
2025-06-30,GOLD,남성,2,1,2,82000
2025-06-30,SILVER,남성,4,4,4,353130
2025-07-01,FAMILY,남성,16,16,23,1030470
2025-07-01,FAMILY,여성,2,2,4,247500
2025-07-01,FAMILY,반바지,3,3,4,225390
2025-07-01,FAMILY,UNKNOWN,1,1,1,52990
2025-07-01,GOLD,남성,1,1,1,62300
2025-07-01,SILVER,남성,5,4,6,352840
2025-07-01,SILVER,등산화,1,1,2,169000
2025-07-01,SILVER,UNKNOWN,1,1,1,102000
2025-07-01,SILVER,여성,1,1,1,60820
2025-07-01,SILVER,라운드티,1,1,2,54860
2025-07-02,FAMILY,남성,20,20,33,1346720
2025-07-02,FAMILY,여성,2,2,2,99500
2025-07-02,FAMILY,긴바지,1,1,1,52670
2025-07-02,SILVER,여성,2,2,4,428750
2025-07-02,SILVER,셋업,2,2,2,226540
2025-07-02,SILVER,남성,2,2,2,96680
2025-07-02,SILVER,라운드티,1,1,2,82000
2025-07-03,FAMILY,남성,21,20,32,1473980
2025-07-03,FAMILY,여성,1,1,1,117160
2025-07-03,FAMILY,반바지,1,1,1,62390
2025-07-03,FAMILY,UNKNOWN,1,1,1,40920
2025-07-03,FAMILY,셋업,1,1,1,40650
2025-07-03,SILVER,남성,5,5,7,369560
2025-07-03,SILVER,여성,1,1,2,173470
2025-07-03,SILVER,라운드티,1,1,1,40000
2025-07-04,FAMILY,남성,31,30,40,1817070
2025-07-04,FAMILY,여성,6,6,6,400900
2025-07-04,FAMILY,하이킹,1,1,1,126410
2025-07-04,FAMILY,긴바지,1,1,1,44500
2025-07-04,FAMILY,액세서리,1,1,1,8770
2025-07-04,GOLD,남성,3,3,5,281950
2025-07-04,SILVER,남성,12,11,27,1702030
2025-07-04,SILVER,여성,4,4,8,305660
2025-07-04,SILVER,긴바지,1,1,1,77140
2025-07-05,FAMILY,남성,17,16,23,1240190
2025-07-05,FAMILY,여성,10,10,11,680450
2025-07-05,FAMILY,등산화,1,1,1,109500
2025-07-05,FAMILY,셋업,1,1,1,45730
2025-07-05,SILVER,남성,5,5,9,562100
2025-07-05,SILVER,여성,1,1,2,205450
2025-07-06,FAMILY,남성,32,32,43,2223750
2025-07-06,FAMILY,여성,4,4,4,195990
2025-07-06,FAMILY,등산화,1,1,1,139510
2025-07-06,FAMILY,바람막이,1,1,1,123450
2025-07-06,FAMILY,긴바지,1,1,1,59310
2025-07-06,FAMILY,셋업,1,1,1,48300
2025-07-06,SILVER,남성,2,2,3,250240
2025-07-06,SILVER,상의,1,1,2,116000
2025-07-06,SILVER,등산화,1,1,1,97120
2025-07-07,FAMILY,남성,32,32,47,2569000
2025-07-07,FAMILY,여성,5,5,7,420340
2025-07-07,FAMILY,등산화,2,2,2,158000
2025-07-07,FAMILY,긴바지,1,1,1,70610
2025-07-07,GOLD,남성,4,4,4,337760
2025-07-07,GOLD,여성,1,1,2,176500
2025-07-07,SILVER,남성,11,10,17,668140
2025-07-07,SILVER,여성,3,3,3,170180
2025-07-07,SILVER,긴바지,1,1,1,48620
2025-07-07,TITANIUM,남성,1,1,2,194750
2025-07-08,FAMILY,남성,27,27,41,2209990
2025-07-08,FAMILY,여성,4,4,5,388220
2025-07-08,FAMILY,등산화,1,1,1,84500
2025-07-08,FAMILY,상의,1,1,1,49000
2025-07-08,FAMILY,긴바지,1,1,1,43440
2025-07-08,FAMILY,셋업,1,1,1,35270
2025-07-08,GOLD,남성,1,1,3,175100
2025-07-08,SILVER,남성,8,8,10,607465
2025-07-08,SILVER,여성,1,1,1,132300
2025-07-08,SILVER,반바지,1,1,1,58350
2025-07-09,FAMILY,남성,41,38,72,4126870
2025-07-09,FAMILY,미드/롱다운,5,4,5,1312785
2025-07-09,FAMILY,여성,6,6,7,382010
2025-07-09,FAMILY,등산화,2,2,4,314200
2025-07-09,FAMILY,UNKNOWN,2,2,2,180600
2025-07-09,FAMILY,바람막이,1,1,1,127200
2025-07-09,FAMILY,상의,2,2,2,103550
2025-07-09,FAMILY,부츠,1,1,1,66025
2025-07-09,FAMILY,셋업,1,1,1,50110
2025-07-09,FAMILY,긴바지,1,1,1,49840
2025-07-09,FAMILY,반바지,1,1,1,24650
2025-07-09,GOLD,남성,2,2,3,214210
2025-07-09,SILVER,남성,10,9,22,1514560
2025-07-09,SILVER,미드/롱다운,2,2,2,493050
2025-07-09,SILVER,라운드티,3,3,3,116440
2025-07-09,SILVER,셋업,2,2,2,102850
2025-07-09,SILVER,여성,1,1,1,74210
2025-07-09,SILVER,부츠,1,1,1,57735
2025-07-10,FAMILY,남성,20,20,23,1303250
2025-07-10,FAMILY,미드/롱다운,1,1,1,265525
2025-07-10,FAMILY,여성,2,2,2,117800
2025-07-10,FAMILY,스니커즈,2,2,2,98000
2025-07-10,FAMILY,등산화,1,1,1,81930
2025-07-10,FAMILY,UNKNOWN,1,1,1,79500
2025-07-10,FAMILY,라운드티,1,1,1,24700
2025-07-10,FAMILY,반바지,1,1,1,19260
2025-07-10,SILVER,남성,11,11,20,1192385
2025-07-10,SILVER,여성,3,3,3,256890
2025-07-10,SILVER,긴바지,1,1,1,84550
2025-07-10,SILVER,반바지,1,1,1,58770
2025-07-11,FAMILY,남성,21,21,30,1334460
2025-07-11,FAMILY,여성,6,6,7,375310
2025-07-11,FAMILY,미드/롱다운,1,1,1,265525
2025-07-11,FAMILY,부츠,1,1,1,64665
2025-07-11,GOLD,남성,1,1,3,187500
2025-07-11,SILVER,남성,6,6,10,570610
2025-07-11,SILVER,셋업,2,2,3,216480
2025-07-11,SILVER,여성,1,1,1,119830
2025-07-11,SILVER,등산화,1,1,1,78695
2025-07-11,SILVER,라운드티,2,2,2,74060
2025-07-12,FAMILY,남성,23,23,31,1651195
2025-07-12,FAMILY,여성,2,2,3,246350
2025-07-12,FAMILY,등산화,2,2,2,174245
2025-07-12,FAMILY,UNKNOWN,1,1,1,92255
2025-07-12,FAMILY,폴로티/집업,1,1,1,75730
2025-07-12,FAMILY,부츠,1,1,1,69500
2025-07-12,FAMILY,긴바지,1,1,1,49670
2025-07-12,FAMILY,스니커즈,1,1,1,49000
2025-07-12,SILVER,남성,9,7,18,1068160
2025-07-12,SILVER,미드/롱다운,1,1,1,265525
2025-07-12,SILVER,셋업,2,2,2,225240
2025-07-12,SILVER,라운드티,3,3,4,164880
2025-07-12,SILVER,부츠,1,1,1,69500
2025-07-12,SILVER,긴바지,1,1,1,65000
2025-07-12,SILVER,여성,1,1,1,43630
2025-07-13,FAMILY,남성,18,18,23,1120330
2025-07-13,FAMILY,여성,5,5,8,515970
2025-07-13,FAMILY,등산화,1,1,2,160550
2025-07-13,FAMILY,긴바지,2,2,2,103100
2025-07-13,FAMILY,UNKNOWN,1,1,1,94525
2025-07-13,FAMILY,상의,1,1,1,55860
2025-07-13,FAMILY,반바지,1,1,1,41660
2025-07-13,GOLD,미드/롱다운,1,1,1,257805
2025-07-13,GOLD,남성,1,1,1,53680
2025-07-13,SILVER,남성,6,6,11,545190
2025-07-13,SILVER,반바지,1,1,1,25850
2025-07-14,FAMILY,남성,20,14,31,2092510
2025-07-14,FAMILY,미드/롱다운,1,1,1,260775
2025-07-14,FAMILY,트레일러닝,1,1,1,109000
2025-07-14,FAMILY,셋업,1,1,3,103500
2025-07-14,FAMILY,여성,1,1,1,48850
2025-07-14,FAMILY,스니커즈,1,1,1,39500
2025-07-14,FAMILY,반바지,1,1,1,39500
2025-07-14,FAMILY,라운드티,1,1,1,18440
2025-07-14,GOLD,자켓/ 베스트,1,1,1,197000
2025-07-14,GOLD,남성,1,1,1,62300
2025-07-14,GOLD,긴바지,1,1,1,30880
2025-07-14,SILVER,남성,8,8,16,1171990
2025-07-14,SILVER,여성,1,1,3,216390
2025-07-14,SILVER,라운드티,1,1,1,33140
2025-07-14,SILVER,반바지,1,1,1,27450
2025-07-14,TITANIUM,남성,1,1,4,252220
2025-07-15,FAMILY,남성,16,13,23,1396195
2025-07-15,FAMILY,여성,5,5,5,335950
2025-07-15,FAMILY,미드/롱다운,1,1,1,260775
2025-07-15,FAMILY,긴바지,2,2,2,114100
2025-07-15,FAMILY,부츠,1,1,1,66025
2025-07-15,FAMILY,라운드티,2,2,2,62540
2025-07-15,SILVER,남성,11,11,17,1207530
2025-07-15,SILVER,미드/롱다운,1,1,1,255525
2025-07-15,SILVER,자켓/ 베스트,1,1,1,163650
2025-07-15,SILVER,긴바지,2,2,2,127060
2025-07-15,SILVER,여성,1,1,1,90300
2025-07-15,SILVER,라운드티,1,1,1,24780
2025-07-15,TITANIUM,남성,1,1,4,335310
2025-07-15,TITANIUM,셋업,1,1,1,80390
2025-07-16,FAMILY,남성,19,18,23,1058850
2025-07-16,FAMILY,여성,6,6,6,588650
2025-07-16,FAMILY,스니커즈,1,1,1,44620
2025-07-16,FAMILY,라운드티,1,1,1,16180
2025-07-16,FAMILY,액세서리,1,1,1,4500
2025-07-16,SILVER,남성,5,5,7,574340
2025-07-16,SILVER,미드/롱다운,2,2,2,537095
2025-07-16,SILVER,UNKNOWN,1,1,1,92525
2025-07-16,SILVER,스니커즈,1,1,1,48510
2025-07-16,TITANIUM,남성,3,1,15,1437775
2025-07-17,FAMILY,남성,41,39,60,3580650
2025-07-17,FAMILY,여성,7,6,8,442500
2025-07-17,FAMILY,미드/롱다운,1,1,1,265525
2025-07-17,FAMILY,UNKNOWN,2,2,2,190735
2025-07-17,FAMILY,자켓/ 베스트,2,2,2,177610
2025-07-17,FAMILY,라운드티,4,4,5,166990
2025-07-17,FAMILY,셋업,2,2,4,151800
2025-07-17,FAMILY,바람막이,1,1,1,56500
2025-07-17,GOLD,남성,1,1,1,55200
2025-07-17,SILVER,남성,9,9,16,1243455
2025-07-17,SILVER,미드/롱다운,1,1,1,220495
2025-07-17,SILVER,여성,1,1,3,216515
2025-07-17,SILVER,라운드티,1,1,2,110300
2025-07-17,SILVER,긴바지,1,1,1,58940
2025-07-17,SILVER,상의,1,1,1,53500
2025-07-18,FAMILY,남성,23,23,30,1366295
2025-07-18,FAMILY,미드/롱다운,2,2,2,524510
2025-07-18,FAMILY,스니커즈,4,4,4,189220
2025-07-18,FAMILY,여성,4,4,4,149170
2025-07-18,FAMILY,상의,2,2,2,111250
2025-07-18,FAMILY,UNKNOWN,1,1,1,91225
2025-07-18,FAMILY,폴로티/집업,1,1,1,73080
2025-07-18,FAMILY,라운드티,2,2,2,57990
2025-07-18,FAMILY,셋업,1,1,1,53030
2025-07-18,GOLD,남성,3,3,3,198150
2025-07-18,SILVER,남성,9,9,16,1019670
2025-07-18,SILVER,여성,3,3,4,271555
2025-07-18,TITANIUM,남성,1,1,5,402270
2025-07-18,TITANIUM,셋업,1,1,1,92130
2025-07-19,FAMILY,남성,21,20,23,1554170
2025-07-19,FAMILY,미드/롱다운,1,1,1,279500
2025-07-19,FAMILY,등산화,2,2,2,203810
2025-07-19,FAMILY,UNKNOWN,2,2,2,196895
2025-07-19,FAMILY,바람막이,1,1,1,127200
2025-07-19,FAMILY,긴바지,1,1,1,58380
2025-07-19,FAMILY,라운드티,1,1,2,57050
2025-07-19,FAMILY,반바지,2,2,2,55290
2025-07-19,FAMILY,상의,1,1,1,53400
2025-07-19,FAMILY,스니커즈,1,1,1,44100
2025-07-19,FAMILY,셋업,1,1,1,42930
2025-07-19,SILVER,남성,4,4,5,372210
2025-07-19,SILVER,카고/조거,1,1,2,121500
2025-07-20,FAMILY,남성,21,21,34,1912340
2025-07-20,FAMILY,여성,7,7,7,456300
2025-07-20,FAMILY,스니커즈,3,3,3,147000
2025-07-20,FAMILY,UNKNOWN,1,1,1,82890
2025-07-20,FAMILY,부츠,1,1,1,58725
2025-07-20,GOLD,미드/롱다운,1,1,1,265525
2025-07-20,SILVER,남성,4,4,4,291720
2025-07-20,SILVER,여성,1,1,3,219830
2025-07-20,SILVER,등산화,1,1,1,76335
2025-07-21,FAMILY,남성,26,26,28,1732960
2025-07-21,FAMILY,스니커즈,3,3,3,135000
2025-07-21,FAMILY,UNKNOWN,1,1,1,110420
2025-07-21,FAMILY,여성,1,1,1,71590
2025-07-21,FAMILY,부츠,1,1,1,69500
2025-07-21,GOLD,남성,1,1,1,71200
2025-07-21,GOLD,여성,1,1,1,62300
2025-07-21,SILVER,남성,10,8,18,1244590
2025-07-21,SILVER,바람막이,1,1,1,122000
2025-07-21,SILVER,긴바지,1,1,1,60450
2025-07-21,SILVER,여성,1,1,1,52950
2025-07-22,FAMILY,남성,17,17,33,1526970
2025-07-22,FAMILY,여성,2,2,2,149350
2025-07-22,FAMILY,UNKNOWN,2,2,2,108455
2025-07-22,FAMILY,스니커즈,2,2,2,89990
2025-07-22,SILVER,남성,4,4,6,416215
2025-07-22,SILVER,미드/롱다운,1,1,1,258605
2025-07-23,FAMILY,남성,24,24,89,6562310
2025-07-23,FAMILY,스니커즈,2,2,2,98000
2025-07-23,FAMILY,등산화,1,1,1,84500
2025-07-23,FAMILY,여성,1,1,1,65420
2025-07-23,GOLD,남성,1,1,1,7000
2025-07-23,SILVER,남성,6,6,12,754255
2025-07-23,SILVER,미드/롱다운,1,1,1,265525
2025-07-23,SILVER,UNKNOWN,2,2,2,186090
2025-07-23,TITANIUM,남성,1,1,1,64500
2025-07-24,FAMILY,남성,16,15,67,5545170
2025-07-24,FAMILY,여성,5,5,5,461270
2025-07-24,FAMILY,등산화,1,1,2,152840
2025-07-24,FAMILY,스니커즈,3,3,3,147000
2025-07-24,FAMILY,셋업,2,2,2,88650
2025-07-24,FAMILY,상의,1,1,1,45460
2025-07-24,FAMILY,폴로티/집업,1,1,1,45050
2025-07-24,FAMILY,라운드티,1,1,1,25020
2025-07-24,GOLD,여성,1,1,3,189430
2025-07-24,GOLD,남성,1,1,1,11110
2025-07-24,SILVER,남성,3,3,6,293020
2025-07-25,FAMILY,남성,12,12,22,1004285
2025-07-25,FAMILY,미드/롱다운,1,1,1,256775
2025-07-25,FAMILY,셋업,5,5,5,250800
2025-07-25,FAMILY,여성,5,5,5,206860
2025-07-25,FAMILY,스니커즈,3,3,3,145640
2025-07-25,FAMILY,라운드티,1,1,1,55200
2025-07-25,GOLD,스니커즈,1,1,1,49000
2025-07-25,SILVER,남성,3,2,8,478230
2025-07-26,FAMILY,남성,24,23,34,1902890
2025-07-26,FAMILY,여성,5,5,5,208010
2025-07-26,FAMILY,부츠,1,1,1,49580
2025-07-26,FAMILY,상의,1,1,1,47020
2025-07-26,FAMILY,UNKNOWN,1,1,1,45380
2025-07-26,FAMILY,반바지,1,1,1,24550
2025-07-26,SILVER,남성,6,6,8,524060
2025-07-26,SILVER,상의,1,1,1,49080
2025-07-27,FAMILY,남성,19,19,24,1178010
2025-07-27,FAMILY,상의,3,3,3,162240
2025-07-27,FAMILY,패딩/슬림다운,1,1,1,109560
2025-07-27,FAMILY,라운드티,2,2,2,90750
2025-07-27,FAMILY,등산화,1,1,1,80275
2025-07-27,FAMILY,여성,1,1,1,46650
2025-07-27,GOLD,남성,1,1,4,179220
2025-07-27,SILVER,남성,4,4,6,401250
2025-07-27,SILVER,여성,2,2,2,180710
2025-07-28,FAMILY,남성,22,21,35,1749600
2025-07-28,FAMILY,여성,2,2,6,457290
2025-07-28,FAMILY,등산화,2,2,2,174800
2025-07-28,FAMILY,셋업,2,2,2,87500
2025-07-28,FAMILY,스니커즈,1,1,1,46470
2025-07-28,FAMILY,반바지,1,1,1,26130
2025-07-28,GOLD,남성,3,3,8,464770
2025-07-28,SILVER,남성,8,8,13,629170
2025-07-28,TITANIUM,남성,1,1,5,192720
2025-07-29,FAMILY,남성,29,29,44,2141490
2025-07-29,FAMILY,셋업,2,2,2,116500
2025-07-29,FAMILY,UNKNOWN,1,1,1,100380
2025-07-29,FAMILY,여성,2,2,2,90940
2025-07-29,FAMILY,긴바지,1,1,1,58430
2025-07-29,GOLD,남성,2,2,2,152180
2025-07-29,GOLD,여성,1,1,1,54000
2025-07-29,SILVER,남성,6,6,9,638530
2025-07-29,SILVER,여성,3,3,4,155980
2025-07-29,SILVER,폴로티/집업,1,1,1,79200
2025-07-29,SILVER,등산화,1,1,1,64500
2025-07-29,SILVER,라운드티,1,1,1,33250
2025-07-30,FAMILY,남성,22,21,25,1159870
2025-07-30,FAMILY,여성,6,6,13,662840
2025-07-30,FAMILY,미드/롱다운,1,1,1,263665
2025-07-30,FAMILY,등산화,1,1,1,84500
2025-07-30,FAMILY,셋업,1,1,1,64500
2025-07-30,FAMILY,라운드티,1,1,1,47000
2025-07-30,GOLD,남성,1,1,6,453440
2025-07-30,GOLD,여성,1,1,1,77000
2025-07-30,GOLD,셋업,1,1,1,53670
2025-07-30,GOLD,라운드티,1,1,1,45890
2025-07-30,SILVER,남성,6,6,10,707830
2025-07-30,TITANIUM,셋업,1,1,1,80540
2025-07-31,FAMILY,남성,25,25,33,1724645
2025-07-31,FAMILY,여성,8,8,11,735250
2025-07-31,GOLD,남성,1,1,3,236440
2025-07-31,SILVER,남성,2,2,3,171000
2025-07-31,SILVER,카고/조거,1,1,1,69950
2025-07-31,SILVER,셋업,1,1,1,51930
2025-07-31,SILVER,여성,1,1,1,45440
2025-07-31,TITANIUM,남성,1,1,2,90450
2025-07-31,TITANIUM,반바지,1,1,1,55170
2025-08-01,FAMILY,남성,32,32,49,2844430
2025-08-01,FAMILY,셋업,3,3,6,281710
2025-08-01,FAMILY,여성,3,3,3,211830
2025-08-01,FAMILY,긴바지,2,2,2,103330
2025-08-01,FAMILY,라운드티,2,2,2,65470
2025-08-01,FAMILY,상의,1,1,1,58370
2025-08-01,FAMILY,반바지,1,1,1,46410
2025-08-01,GOLD,셋업,1,1,1,117200
2025-08-01,GOLD,남성,1,1,3,94300
2025-08-01,GOLD,여성,1,1,2,90350
2025-08-01,GOLD,긴바지,1,1,2,90100
2025-08-01,SILVER,남성,5,5,8,286260
2025-08-01,SILVER,셋업,1,1,2,95400
2025-08-01,SILVER,바람막이,1,1,1,75130
2025-08-01,SILVER,여성,1,1,1,55300
2025-08-01,SILVER,긴바지,1,1,1,51330
2025-08-01,SILVER,상의,1,1,1,50150
2025-08-01,SILVER,라운드티,1,1,2,49300
2025-08-01,SILVER,자켓/ 베스트,1,1,1,33000
2025-08-01,TITANIUM,남성,1,1,1,55200
2025-08-02,FAMILY,남성,15,15,24,1186120
2025-08-02,FAMILY,여성,5,5,5,360110
2025-08-02,FAMILY,라운드티,3,3,10,278870
2025-08-02,FAMILY,상의,1,1,1,56190
2025-08-02,FAMILY,반바지,1,1,1,46080
2025-08-02,FAMILY,바람막이,1,1,1,42940
2025-08-02,SILVER,남성,1,1,1,37830
2025-08-03,FAMILY,남성,22,21,30,1759790
2025-08-03,FAMILY,여성,5,5,7,398800
2025-08-03,FAMILY,셋업,2,2,2,101840
2025-08-03,FAMILY,자켓/ 베스트,1,1,1,23500
2025-08-03,SILVER,남성,4,4,5,253080
2025-08-04,FAMILY,남성,10,10,11,785210
2025-08-04,FAMILY,UNKNOWN,1,1,1,110270
2025-08-04,FAMILY,셋업,1,1,1,74500
2025-08-04,FAMILY,상의,1,1,1,55780
2025-08-04,SILVER,남성,7,7,17,1028090
2025-08-04,SILVER,맨투맨/후드티,1,1,1,49770
2025-08-04,SILVER,라운드티,1,1,1,34250
2025-08-05,FAMILY,남성,20,20,26,1583540
2025-08-05,FAMILY,여성,3,3,3,179630
2025-08-05,FAMILY,라운드티,3,3,5,144900
2025-08-05,FAMILY,셋업,1,1,1,109750
2025-08-05,FAMILY,등산화,1,1,1,98900
2025-08-05,FAMILY,카고/조거,1,1,1,63000
2025-08-05,FAMILY,바람막이,1,1,1,54330
2025-08-05,FAMILY,폴로티/집업,1,1,1,38530
2025-08-05,GOLD,남성,2,2,2,83570
2025-08-05,SILVER,남성,4,4,8,447720
2025-08-06,FAMILY,남성,23,21,30,1435940
2025-08-06,FAMILY,여성,3,3,3,174400
2025-08-06,FAMILY,셋업,2,1,3,103500
2025-08-06,FAMILY,라운드티,1,1,1,22540
2025-08-06,SILVER,남성,8,8,16,863100
2025-08-06,SILVER,라운드티,2,2,2,75940
2025-08-07,FAMILY,남성,26,26,39,2072050
2025-08-07,FAMILY,바람막이,1,1,3,238500
2025-08-07,FAMILY,여성,4,4,5,130960
2025-08-07,FAMILY,라운드티,4,4,4,102520
2025-08-07,FAMILY,셋업,1,1,1,86760
2025-08-07,FAMILY,긴바지,1,1,1,50720
2025-08-07,GOLD,남성,1,1,1,85010
2025-08-07,SILVER,여성,2,2,3,212600
2025-08-07,SILVER,남성,3,3,3,189620
2025-08-07,SILVER,셋업,1,1,1,50480
2025-08-08,FAMILY,남성,18,18,26,1340430
2025-08-08,FAMILY,라운드티,3,3,3,91640
2025-08-08,FAMILY,셋업,1,1,1,51050
2025-08-08,FAMILY,여성,1,1,1,22230
2025-08-08,SILVER,남성,3,3,4,241230
2025-08-08,SILVER,여성,1,1,1,64200
2025-08-08,TITANIUM,남성,1,1,150,5280000
2025-08-09,FAMILY,남성,14,11,23,1573700
2025-08-09,FAMILY,여성,2,1,6,387000
2025-08-09,FAMILY,UNKNOWN,1,1,1,111300
2025-08-09,FAMILY,셋업,1,1,1,74500
2025-08-09,FAMILY,폴로티/집업,1,1,1,54500
2025-08-09,FAMILY,라운드티,1,1,1,51760
2025-08-09,FAMILY,자켓/ 베스트,1,1,1,39000
2025-08-09,GOLD,남성,1,1,2,277380
2025-08-09,SILVER,남성,3,3,3,210000
2025-08-10,FAMILY,남성,23,21,27,1575860
2025-08-10,FAMILY,여성,4,4,4,252980
2025-08-10,FAMILY,폴로티/집업,1,1,1,72330
2025-08-10,FAMILY,라운드티,1,1,1,44840
2025-08-10,GOLD,남성,1,1,3,217880
2025-08-10,GOLD,폴로티/집업,1,1,1,78190
2025-08-10,SILVER,바람막이,1,1,1,90300
2025-08-10,SILVER,남성,1,1,1,83300
2025-08-11,FAMILY,남성,18,18,27,1175280
2025-08-11,FAMILY,UNKNOWN,1,1,1,111300
2025-08-11,FAMILY,등산화,1,1,1,90300
2025-08-11,FAMILY,여성,1,1,1,63830
2025-08-11,FAMILY,셋업,1,1,1,53050
2025-08-11,GOLD,남성,3,3,3,207840
2025-08-11,GOLD,여성,1,1,1,62000
2025-08-11,SILVER,남성,2,2,4,80290
2025-08-12,FAMILY,남성,15,15,21,759760
2025-08-12,FAMILY,셋업,1,1,2,69000
2025-08-12,FAMILY,반바지,1,1,1,40000
2025-08-12,FAMILY,라운드티,1,1,1,35000
2025-08-12,SILVER,여성,1,1,2,206400
2025-08-12,SILVER,남성,1,1,1,103200
2025-08-12,SILVER,셋업,1,1,1,69500
2025-08-13,FAMILY,남성,19,18,24,793430
2025-08-13,FAMILY,여성,2,2,2,205180
2025-08-13,FAMILY,등산화,1,1,1,101000
2025-08-13,FAMILY,셋업,2,2,2,93310
2025-08-13,FAMILY,자켓/ 베스트,1,1,2,66300
2025-08-13,FAMILY,반바지,1,1,1,63200
2025-08-13,FAMILY,상의,1,1,1,48650
2025-08-13,FAMILY,라운드티,2,2,2,46650
2025-08-13,FAMILY,긴바지,1,1,1,45050
2025-08-13,FAMILY,액세서리,1,1,3,23960
2025-08-13,SILVER,남성,5,5,8,427190
2025-08-13,SILVER,미드/롱다운,1,1,1,192000
2025-08-13,SILVER,여성,1,1,1,93850
2025-08-14,FAMILY,남성,9,9,14,583030
2025-08-14,SILVER,남성,6,6,7,569880
2025-08-14,SILVER,여성,2,2,2,207050
2025-08-14,SILVER,셋업,1,1,1,55200
2025-08-15,FAMILY,남성,7,6,8,316540
2025-08-15,FAMILY,여성,2,2,3,197040
2025-08-15,FAMILY,맨투맨/후드티,1,1,1,47700
2025-08-15,SILVER,남성,2,2,5,315070
2025-08-15,SILVER,여성,2,2,2,95270
2025-08-15,SILVER,긴바지,1,1,1,49080
2025-08-16,FAMILY,남성,18,18,27,1479420
2025-08-16,FAMILY,등산화,2,2,2,260400
2025-08-16,FAMILY,여성,1,1,1,94500
2025-08-16,FAMILY,하이킹,1,1,1,55000
2025-08-16,GOLD,남성,1,1,2,52640
2025-08-16,SILVER,남성,1,1,1,55300
2025-08-17,FAMILY,남성,12,12,14,1463940
2025-08-17,FAMILY,여성,2,2,3,203240
2025-08-17,FAMILY,상의,1,1,1,53100
2025-08-17,FAMILY,라운드티,1,1,1,26100
2025-08-17,SILVER,남성,4,4,5,266210
2025-08-18,FAMILY,남성,13,12,17,1053170
2025-08-18,FAMILY,여성,1,1,1,139000
2025-08-18,GOLD,긴바지,1,1,1,65000
2025-08-18,GOLD,남성,1,1,1,41000
2025-08-18,SILVER,남성,2,2,2,171590
2025-08-18,TITANIUM,패딩/슬림다운,1,1,1,114580
2025-08-19,FAMILY,남성,7,7,156,8702030
2025-08-19,FAMILY,여성,1,1,1,94330
2025-08-19,FAMILY,셋업,1,1,1,48880
2025-08-19,GOLD,남성,1,1,1,109200
2025-08-19,SILVER,상의,1,1,1,49670
2025-08-19,SILVER,자켓/ 베스트,1,1,1,44690
2025-08-19,SILVER,남성,1,1,1,39000
2025-08-20,FAMILY,남성,12,10,16,971190
2025-08-20,FAMILY,여성,3,2,4,254590
2025-08-20,FAMILY,긴바지,1,1,1,65000
2025-08-20,FAMILY,하이킹,1,1,1,55000
2025-08-20,GOLD,남성,2,2,4,227790
2025-08-20,SILVER,남성,3,3,3,279820
2025-08-20,SILVER,여성,2,2,2,127870
2025-08-21,FAMILY,남성,17,17,18,1017600
2025-08-21,FAMILY,하이킹,1,1,3,165000
2025-08-21,FAMILY,여성,2,2,2,144000
2025-08-21,FAMILY,반바지,2,2,2,106610
2025-08-21,FAMILY,등산화,1,1,1,84500
2025-08-21,FAMILY,상의,1,1,1,62210
2025-08-21,FAMILY,라운드티,1,1,1,37200
2025-08-21,GOLD,남성,2,2,3,178570
2025-08-21,SILVER,하이킹,1,1,1,55000
2025-08-21,SILVER,남성,1,1,1,49000
2025-08-22,FAMILY,남성,13,12,18,738570
2025-08-22,FAMILY,여성,2,2,2,174000
2025-08-22,FAMILY,등산화,1,1,1,94500
2025-08-22,FAMILY,자켓/ 베스트,1,1,2,70000
2025-08-22,GOLD,미드/롱다운,1,1,1,331270
2025-08-22,GOLD,남성,1,1,1,26000
2025-08-22,SILVER,남성,1,1,1,15000
2025-08-23,FAMILY,남성,11,11,17,766110
2025-08-23,FAMILY,여성,3,3,5,437890
2025-08-23,FAMILY,셋업,1,1,1,48980
2025-08-23,GOLD,남성,1,1,1,78380
2025-08-23,SILVER,미드/롱다운,1,1,1,322310
2025-08-23,SILVER,남성,2,2,2,101350
2025-08-24,FAMILY,남성,15,15,20,868010
2025-08-24,FAMILY,여성,2,2,2,174100
2025-08-24,FAMILY,라운드티,1,1,2,82000
2025-08-24,SILVER,남성,4,4,9,745240
2025-08-24,SILVER,긴바지,2,2,2,109720
2025-08-24,SILVER,여성,1,1,1,46340
2025-08-24,SILVER,폴로티/집업,1,1,1,43850
2025-08-25,FAMILY,남성,14,14,19,955860
2025-08-25,FAMILY,여성,2,2,3,232880
2025-08-25,FAMILY,자켓/ 베스트,2,2,2,208450
2025-08-25,FAMILY,셋업,2,2,2,103860
2025-08-25,SILVER,남성,6,6,8,492940
2025-08-25,SILVER,라운드티,2,2,2,86030
2025-08-25,SILVER,긴바지,1,1,1,51950
2025-08-25,SILVER,하이킹,1,1,1,50000
2025-08-25,TITANIUM,남성,1,1,7,394780
2025-08-26,FAMILY,남성,7,7,13,508460
2025-08-26,FAMILY,셋업,2,2,3,146760
2025-08-26,FAMILY,반바지,1,1,1,54200
2025-08-26,GOLD,남성,1,1,2,51300
2025-08-26,SILVER,남성,2,2,3,123500
2025-08-27,FAMILY,남성,10,10,11,648380
2025-08-27,FAMILY,여성,1,1,1,79500
2025-08-27,FAMILY,폴로티/집업,1,1,1,75640
2025-08-27,FAMILY,액세서리,1,1,1,8730
2025-08-27,GOLD,남성,1,1,1,62300
2025-08-27,SILVER,남성,5,5,8,399870
2025-08-27,SILVER,여성,2,2,2,186090
2025-08-27,SILVER,반바지,1,1,2,87600
2025-08-27,SILVER,라운드티,1,1,1,48190
2025-08-28,FAMILY,남성,13,13,14,808790
2025-08-28,FAMILY,반바지,1,1,1,48260
2025-08-28,GOLD,셋업,2,2,2,226030
2025-08-28,GOLD,여성,2,2,2,143320
2025-08-28,GOLD,남성,1,1,2,36000
2025-08-28,SILVER,남성,5,5,10,354580
2025-08-28,SILVER,미드/롱다운,1,1,1,197000
2025-08-28,SILVER,UNKNOWN,1,1,1,102510
2025-08-29,FAMILY,남성,12,12,17,747590
2025-08-29,FAMILY,여성,2,2,2,77570
2025-08-29,FAMILY,라운드티,2,2,2,62090
2025-08-29,FAMILY,상의,1,1,1,59000
2025-08-29,SILVER,미드/롱다운,1,1,1,335000
2025-08-29,SILVER,남성,2,2,2,173160
2025-08-30,FAMILY,남성,16,16,22,1325620
2025-08-30,FAMILY,하이킹,1,1,1,54470
2025-08-30,FAMILY,여성,1,1,1,47410
2025-08-30,FAMILY,라운드티,1,1,1,32880
2025-08-30,SILVER,남성,2,2,4,212480
2025-08-30,SILVER,여성,1,1,1,54590
2025-08-31,FAMILY,남성,9,9,13,424090
2025-08-31,FAMILY,등산화,2,2,2,298240
2025-08-31,FAMILY,셋업,2,2,2,136520
2025-08-31,FAMILY,자켓/ 베스트,1,1,1,27990
2025-08-31,GOLD,남성,1,1,2,105510
2025-08-31,GOLD,상의,1,1,1,55430
2025-08-31,GOLD,셋업,1,1,1,49790
2025-08-31,SILVER,남성,3,3,7,479900
2025-08-31,SILVER,라운드티,1,1,1,49460
2025-09-01,FAMILY,남성,20,20,58,2620050
2025-09-01,FAMILY,여성,3,3,3,187790
2025-09-01,FAMILY,폴로티/집업,1,1,1,79200
2025-09-01,FAMILY,셋업,1,1,1,53380
2025-09-01,FAMILY,자켓/ 베스트,1,1,1,7500
2025-09-01,SILVER,남성,4,4,9,259700
2025-09-01,SILVER,UNKNOWN,1,1,1,41000
2025-09-01,SILVER,긴바지,1,1,1,37600
2025-09-02,FAMILY,남성,16,16,23,830740
2025-09-02,FAMILY,셋업,1,1,2,99400
2025-09-02,FAMILY,자켓/ 베스트,1,1,1,32820
2025-09-02,GOLD,긴바지,1,1,1,32500
2025-09-02,GOLD,남성,1,1,1,30850
2025-09-03,FAMILY,남성,14,14,26,1153460
2025-09-03,FAMILY,여성,3,3,4,403840
2025-09-03,FAMILY,라운드티,2,2,2,76060
2025-09-03,FAMILY,하이킹,1,1,1,55000
2025-09-03,FAMILY,셋업,1,1,1,47330
2025-09-03,SILVER,남성,3,2,5,186070
2025-09-03,SILVER,등산화,1,1,1,96660
2025-09-04,FAMILY,남성,22,22,39,1421460
2025-09-04,FAMILY,여성,2,2,2,168300
2025-09-04,FAMILY,긴바지,3,2,3,149000
2025-09-04,FAMILY,하이킹,2,2,2,106820
2025-09-04,FAMILY,라운드티,1,1,1,29000
2025-09-04,GOLD,남성,1,1,2,164970
2025-09-04,SILVER,남성,6,5,10,772720
2025-09-04,SILVER,여성,1,1,2,247740
2025-09-04,SILVER,등산화,1,1,1,114380
2025-09-05,FAMILY,남성,13,13,15,929710
2025-09-05,FAMILY,등산화,1,1,1,97300
2025-09-05,FAMILY,부츠,1,1,1,80250
2025-09-05,FAMILY,여성,1,1,1,65900
2025-09-05,FAMILY,하이킹,1,1,1,55000
2025-09-05,GOLD,남성,1,1,1,83000
2025-09-05,SILVER,남성,7,7,18,786950
2025-09-05,SILVER,폴로티/집업,1,1,1,74780
2025-09-05,SILVER,라운드티,1,1,1,35000
2025-09-06,FAMILY,남성,10,10,13,714930
2025-09-06,FAMILY,여성,3,3,3,255380
2025-09-06,SILVER,남성,4,4,4,424340
2025-09-06,SILVER,셋업,1,1,1,82240
2025-09-07,FAMILY,남성,16,16,20,1030350
2025-09-07,FAMILY,여성,1,1,1,111400
2025-09-07,FAMILY,긴바지,1,1,1,35680
2025-09-07,FAMILY,자켓/ 베스트,1,1,1,34900
2025-09-07,SILVER,남성,1,1,2,221220
2025-09-08,FAMILY,남성,9,9,10,678250
2025-09-08,FAMILY,자켓/ 베스트,1,1,1,35000
2025-09-08,FAMILY,여성,1,1,1,24000
2025-09-08,GOLD,남성,2,2,3,219000
2025-09-08,GOLD,긴바지,1,1,1,89000
2025-09-08,SILVER,남성,2,2,3,301740
2025-09-08,SILVER,상의,1,1,1,50000
2025-09-08,SILVER,여성,1,1,1,35720
2025-09-09,FAMILY,남성,25,15,34,3136300
2025-09-09,FAMILY,여성,2,2,2,174570
2025-09-09,FAMILY,등산화,1,1,1,127480
2025-09-09,FAMILY,바람막이,1,1,1,124090
2025-09-09,FAMILY,셋업,1,1,1,46740
2025-09-09,FAMILY,라운드티,1,1,1,27070
2025-09-09,GOLD,남성,1,1,2,23000
2025-09-09,SILVER,남성,7,7,8,458930
2025-09-09,SILVER,라운드티,3,3,5,210870
2025-09-09,SILVER,등산화,1,1,1,131460
2025-09-09,SILVER,여성,2,2,2,114810
2025-09-10,FAMILY,남성,9,9,11,557790
2025-09-10,FAMILY,여성,4,4,4,270380
2025-09-10,FAMILY,자켓/ 베스트,2,2,2,61980
2025-09-10,FAMILY,긴바지,1,1,1,60540
2025-09-10,SILVER,남성,7,7,18,1133770
2025-09-10,SILVER,장갑,1,1,1,22890
2025-09-11,FAMILY,남성,16,16,18,975140
2025-09-11,FAMILY,여성,1,1,1,95000
2025-09-11,FAMILY,상의,1,1,1,56380
2025-09-11,FAMILY,라운드티,1,1,1,24000
2025-09-11,SILVER,남성,3,3,6,278900
2025-09-11,SILVER,셋업,1,1,1,99900
2025-09-11,SILVER,맨투맨/후드티,1,1,1,53000
2025-09-11,SILVER,라운드티,1,1,1,35000
2025-09-11,SILVER,자켓/ 베스트,1,1,1,35000
2025-09-12,FAMILY,남성,3,3,6,307710
2025-09-12,FAMILY,바람막이,2,2,2,199260
2025-09-12,FAMILY,셋업,1,1,1,53000
2025-09-12,FAMILY,여성,1,1,1,46340
2025-09-12,GOLD,남성,2,2,2,314450
2025-09-12,SILVER,남성,5,5,12,635550
2025-09-12,SILVER,등산화,1,1,1,150540
2025-09-12,SILVER,여성,1,1,1,87400
2025-09-12,SILVER,라운드티,1,1,1,46160
2025-09-13,FAMILY,남성,10,10,11,618900
2025-09-13,FAMILY,여성,3,3,3,260220
2025-09-13,FAMILY,긴바지,1,1,1,58090
2025-09-13,FAMILY,자켓/ 베스트,1,1,1,21490
2025-09-13,SILVER,남성,3,2,3,289310
2025-09-13,SILVER,바람막이,1,1,1,120970
2025-09-14,FAMILY,남성,9,8,11,656980
2025-09-14,FAMILY,여성,2,2,2,252930
2025-09-14,FAMILY,바람막이,2,2,2,183880
2025-09-14,FAMILY,셋업,1,1,1,50580
2025-09-14,FAMILY,자켓/ 베스트,1,1,1,35000
2025-09-14,SILVER,남성,1,1,1,68270
2025-09-15,FAMILY,남성,47,47,65,2407010
2025-09-15,FAMILY,여성,5,5,6,343810
2025-09-15,FAMILY,긴바지,4,4,4,222450
2025-09-15,FAMILY,등산화,1,1,1,153300
2025-09-15,FAMILY,라운드티,6,6,7,140500
2025-09-15,FAMILY,UNKNOWN,1,1,1,97210
2025-09-15,FAMILY,폴로티/집업,1,1,1,74340
2025-09-15,FAMILY,반바지,1,1,1,51350
2025-09-15,FAMILY,자켓/ 베스트,2,2,2,35070
2025-09-15,FAMILY,셋업,1,1,1,20500
2025-09-15,GOLD,남성,2,1,4,192000
2025-09-15,GOLD,여성,1,1,1,44540
2025-09-15,SILVER,남성,6,5,15,1027210
2025-09-15,SILVER,여성,2,1,5,355620
2025-09-16,FAMILY,남성,21,21,28,1417180
2025-09-16,FAMILY,셋업,3,3,4,332190
2025-09-16,FAMILY,등산화,1,1,1,131150
2025-09-16,FAMILY,여성,2,2,2,114200
2025-09-16,FAMILY,UNKNOWN,1,1,1,67410
2025-09-16,FAMILY,맨투맨/후드티,2,2,2,60590
2025-09-16,FAMILY,자켓/베스트,1,1,1,59600
2025-09-16,FAMILY,장갑,2,2,2,38500
2025-09-16,FAMILY,긴바지,1,1,1,33800
2025-09-16,FAMILY,폴로티/집업,1,1,1,29500
2025-09-16,GOLD,남성,1,1,3,105310
2025-09-16,SILVER,남성,2,2,2,219500
2025-09-16,SILVER,등산화,1,1,1,82890
2025-09-16,SILVER,바람막이,1,1,1,79500
2025-09-17,FAMILY,남성,23,23,32,2091990
2025-09-17,FAMILY,여성,4,4,4,228930
2025-09-17,FAMILY,등산화,2,2,2,170410
2025-09-17,FAMILY,라운드티,4,4,4,134160
2025-09-17,FAMILY,셋업,2,2,2,111310
2025-09-17,FAMILY,UNKNOWN,1,1,1,111300
2025-09-17,FAMILY,자켓/베스트,1,1,1,89420
2025-09-17,FAMILY,긴바지,2,2,2,71740
2025-09-17,FAMILY,상의,1,1,1,36470
2025-09-17,FAMILY,장갑,1,1,1,27940
2025-09-17,SILVER,긴바지,2,2,2,132540
2025-09-17,SILVER,남성,3,3,3,122490
2025-09-17,SILVER,등산화,1,1,1,93700
2025-09-18,FAMILY,남성,38,38,50,2584560
2025-09-18,FAMILY,여성,9,9,16,1224380
2025-09-18,FAMILY,긴바지,4,4,4,187800
2025-09-18,FAMILY,등산화,2,2,2,157750
2025-09-18,FAMILY,상의,2,2,2,112670
2025-09-18,FAMILY,라운드티,3,3,3,89610
2025-09-18,FAMILY,자켓/ 베스트,3,3,3,71470
2025-09-18,GOLD,남성,3,3,6,285890
2025-09-18,GOLD,반바지,1,1,1,47000
2025-09-18,SILVER,남성,9,9,11,820900
2025-09-18,SILVER,긴바지,1,1,1,47000
2025-09-18,SILVER,셋업,1,1,1,41650
2025-09-18,SILVER,여성,1,1,1,30490
2025-09-19,FAMILY,남성,18,18,26,1528620
2025-09-19,FAMILY,여성,5,5,6,482010
2025-09-19,FAMILY,셋업,4,4,5,279660
2025-09-19,FAMILY,패딩/슬림다운,1,1,1,74100
2025-09-19,FAMILY,자켓/ 베스트,1,1,1,35000
2025-09-19,SILVER,남성,4,4,4,372760
2025-09-19,SILVER,미드/롱다운,1,1,1,331150
2025-09-19,TITANIUM,남성,1,1,2,224060
2025-09-20,FAMILY,남성,11,11,15,609740
2025-09-20,FAMILY,패딩/슬림다운,1,1,1,136090
2025-09-20,FAMILY,바람막이,1,1,1,113960
2025-09-20,FAMILY,여성,2,2,2,86870
2025-09-20,FAMILY,셋업,1,1,2,77910
2025-09-20,FAMILY,라운드티,2,2,2,66200
2025-09-20,FAMILY,장갑,1,1,1,15650
2025-09-20,GOLD,남성,1,1,2,150560
2025-09-20,GOLD,여성,1,1,2,146570
2025-09-20,SILVER,남성,3,3,3,211900
2025-09-20,TITANIUM,셋업,1,1,3,397200
2025-09-20,TITANIUM,인터체인지 (3 in 1),1,1,1,395000
2025-09-20,TITANIUM,남성,1,1,2,222300
2025-09-20,TITANIUM,여성,1,1,1,71200
2025-09-20,TITANIUM,긴바지,1,1,1,53000
2025-09-21,FAMILY,남성,21,21,25,1268120
2025-09-21,FAMILY,등산화,1,1,1,167060
2025-09-21,FAMILY,바람막이,1,1,1,127200
2025-09-21,FAMILY,셋업,2,2,2,93290
2025-09-21,FAMILY,자켓/ 베스트,3,3,3,68860
2025-09-21,FAMILY,라운드티,2,2,2,53480
2025-09-21,FAMILY,긴바지,1,1,1,38780
2025-09-21,GOLD,등산화,1,1,1,95070
2025-09-21,GOLD,남성,1,1,1,58640
2025-09-21,GOLD,자켓/베스트,1,1,1,45540
2025-09-21,SILVER,남성,4,4,6,554150
2025-09-21,SILVER,셋업,2,2,2,155830
2025-09-21,TITANIUM,여성,1,1,2,175580
2025-09-21,TITANIUM,남성,1,1,1,84720
2025-09-21,TITANIUM,라운드티,1,1,1,35000
2025-09-22,FAMILY,남성,18,18,28,740390
2025-09-22,FAMILY,여성,1,1,2,139000
2025-09-22,FAMILY,맨투맨/후드티,1,1,1,39000
2025-09-22,FAMILY,상의,1,1,1,37000
2025-09-22,FAMILY,자켓/ 베스트,1,1,1,35000
2025-09-22,FAMILY,라운드티,1,1,1,32780
2025-09-22,GOLD,남성,2,2,2,193620
2025-09-22,GOLD,긴바지,1,1,2,98820
2025-09-22,GOLD,라운드티,1,1,2,70860
2025-09-22,GOLD,셋업,1,1,1,51460
2025-09-22,GOLD,여성,1,1,1,31700
2025-09-22,SILVER,라운드티,1,1,1,30750
2025-09-22,SILVER,남성,1,1,1,29250
2025-09-22,TITANIUM,남성,1,1,9,849060
2025-09-23,FAMILY,남성,49,48,71,2357240
2025-09-23,FAMILY,여성,3,3,3,217610
2025-09-23,FAMILY,자켓/베스트,2,2,2,82550
2025-09-23,FAMILY,셋업,2,2,2,76590
2025-09-23,FAMILY,장갑,4,4,4,73510
2025-09-23,FAMILY,자켓/ 베스트,4,4,4,72500
2025-09-23,FAMILY,라운드티,3,3,3,55170
2025-09-23,FAMILY,상의,1,1,1,36300
2025-09-23,FAMILY,UNKNOWN,1,1,1,27000
2025-09-23,GOLD,여성,1,1,1,117990
2025-09-23,GOLD,남성,1,1,2,109210
2025-09-23,SILVER,남성,4,4,11,518780
2025-09-23,SILVER,셋업,1,1,1,111730
2025-09-23,SILVER,자켓/ 베스트,1,1,2,69210
2025-09-23,SILVER,바람막이,1,1,1,68300
2025-09-23,SILVER,패딩/슬림다운,1,1,1,62360
2025-09-23,SILVER,자켓/베스트,1,1,1,58340
2025-09-23,SILVER,장갑,1,1,1,28670
2025-09-23,TITANIUM,남성,1,1,9,614500
2025-09-24,FAMILY,남성,27,27,32,1811300
2025-09-24,FAMILY,여성,3,3,4,251460
2025-09-24,FAMILY,자켓/베스트,2,2,2,97390
2025-09-24,FAMILY,바람막이,1,1,1,91130
2025-09-24,FAMILY,라운드티,3,3,3,75940
2025-09-24,FAMILY,패딩/슬림다운,1,1,1,75690
2025-09-24,FAMILY,상의,1,1,1,49860
2025-09-24,FAMILY,맨투맨/후드티,1,1,1,47000
2025-09-24,FAMILY,폴로티/집업,1,1,1,39000
2025-09-24,FAMILY,셋업,1,1,1,32000
2025-09-24,FAMILY,자켓/ 베스트,2,2,2,28120
2025-09-24,FAMILY,장갑,1,1,1,14500
2025-09-24,GOLD,남성,1,1,3,84380
2025-09-24,GOLD,여성,1,1,1,78340
2025-09-24,GOLD,폴로티/집업,1,1,1,70300
2025-09-24,SILVER,남성,3,3,8,541360
2025-09-24,SILVER,반바지,1,1,1,40030
2025-09-25,FAMILY,남성,39,39,48,3325700
2025-09-25,FAMILY,여성,8,8,8,722000
2025-09-25,FAMILY,라운드티,6,6,6,152290
2025-09-25,FAMILY,셋업,3,3,3,112900
2025-09-25,FAMILY,긴바지,2,2,2,61210
2025-09-25,FAMILY,패딩/슬림다운,1,1,1,60830
2025-09-25,FAMILY,자켓/베스트,1,1,1,37010
2025-09-25,FAMILY,폴로티/집업,1,1,1,36810
2025-09-25,FAMILY,상의,1,1,1,34980
2025-09-25,SILVER,남성,10,10,13,1178530
2025-09-25,SILVER,여성,2,2,5,397490
2025-09-25,SILVER,셋업,1,1,1,89000
2025-09-26,FAMILY,남성,25,25,30,1761770
2025-09-26,FAMILY,여성,5,5,5,455550
2025-09-26,FAMILY,미드/롱다운,1,1,1,294410
2025-09-26,FAMILY,상의,1,1,1,39790
2025-09-26,FAMILY,폴로/집업티,1,1,1,26500
2025-09-26,GOLD,남성,3,3,11,706830
2025-09-26,GOLD,여성,1,1,2,240320
2025-09-26,GOLD,라운드티,1,1,1,47010
2025-09-26,GOLD,반바지,1,1,1,39500
2025-09-26,SILVER,남성,3,3,4,194070
2025-09-27,FAMILY,남성,15,15,19,857730
2025-09-27,FAMILY,여성,2,2,2,93420
2025-09-27,FAMILY,패딩/슬림다운,1,1,1,61000
2025-09-27,FAMILY,라운드티,2,2,2,59200
2025-09-27,FAMILY,반바지,1,1,1,57370
2025-09-27,FAMILY,셋업,1,1,1,43000
2025-09-27,FAMILY,긴바지,1,1,1,43000
2025-09-27,FAMILY,자켓/베스트,1,1,1,37000
2025-09-27,FAMILY,상의,1,1,1,37000
2025-09-27,SILVER,남성,4,4,6,507520
2025-09-27,SILVER,여성,1,1,1,132340
2025-09-27,SILVER,라운드티,1,1,1,31360
2025-09-28,FAMILY,남성,76,76,108,3762430
2025-09-28,FAMILY,여성,9,9,16,1301780
2025-09-28,FAMILY,셋업,6,6,8,362630
2025-09-28,FAMILY,바람막이,3,3,3,234020
2025-09-28,FAMILY,라운드티,8,8,9,233000
2025-09-28,FAMILY,미드/롱다운,1,1,1,168150
2025-09-28,FAMILY,긴바지,3,3,3,109180
2025-09-28,FAMILY,상의,2,2,2,86580
2025-09-28,FAMILY,셔츠,1,1,1,83000
2025-09-28,FAMILY,등산화,1,1,1,79530
2025-09-28,FAMILY,자켓/베스트,1,1,1,55390
2025-09-28,FAMILY,맨투맨/후드티,1,1,1,35540
2025-09-28,FAMILY,폴로티/집업,1,1,1,33190
2025-09-28,FAMILY,폴로/집업티,1,1,1,31000
2025-09-28,FAMILY,장갑,1,1,1,27090
2025-09-28,FAMILY,반바지,1,1,1,25840
2025-09-28,SILVER,남성,11,11,16,1012450
2025-09-28,SILVER,여성,2,2,2,283490
2025-09-28,SILVER,패딩/슬림다운,2,2,2,190500
2025-09-28,SILVER,셔츠,2,2,2,147720
2025-09-28,SILVER,셋업,1,1,1,54900
2025-09-28,SILVER,맨투맨/후드티,1,1,1,51770
2025-09-28,SILVER,라운드티,1,1,1,19800
2025-09-28,TITANIUM,남성,1,1,1,40310
2025-09-29,FAMILY,남성,6,6,8,634890
2025-09-29,FAMILY,여성,2,2,2,183130
2025-09-29,GOLD,여성,1,1,3,376700
2025-09-29,GOLD,자켓/베스트,1,1,2,136000
2025-09-29,GOLD,부츠,1,1,1,83000
2025-09-29,GOLD,UNKNOWN,1,1,1,62720
2025-09-29,SILVER,남성,4,4,9,712300
2025-09-29,SILVER,여성,2,2,3,234540
2025-09-30,FAMILY,남성,20,19,30,1764390
2025-09-30,FAMILY,여성,3,3,3,339700
2025-09-30,FAMILY,바람막이,1,1,3,193500
2025-09-30,FAMILY,셔츠,1,1,1,83000
2025-09-30,GOLD,남성,1,1,1,96040
2025-09-30,SILVER,남성,4,4,4,263550
2025-10-01,FAMILY,남성,101,101,151,4693350
2025-10-01,FAMILY,여성,17,17,17,855920
2025-10-01,FAMILY,셋업,8,8,8,341110
2025-10-01,FAMILY,맨투맨/후드티,4,4,4,134970
2025-10-01,FAMILY,등산화,2,2,2,130940
2025-10-01,FAMILY,패딩/슬림다운,2,2,2,125450
2025-10-01,FAMILY,폴로티/집업,3,3,3,121700
2025-10-01,FAMILY,셔츠,2,2,2,104550
2025-10-01,FAMILY,긴바지,2,2,2,72750
2025-10-01,FAMILY,바람막이,1,1,1,71910
2025-10-01,FAMILY,상의,2,2,2,65890
2025-10-01,FAMILY,라운드티,2,2,2,39220
2025-10-01,FAMILY,반바지,1,1,1,23500
2025-10-01,GOLD,남성,4,3,4,272780
2025-10-01,GOLD,자켓/베스트,1,1,3,184360
2025-10-01,GOLD,부츠,1,1,1,78480
2025-10-01,SILVER,남성,10,10,11,933070
2025-10-01,SILVER,셋업,1,1,1,77850
2025-10-01,SILVER,등산화,1,1,1,77650
2025-10-01,SILVER,여성,1,1,1,65110
2025-10-01,TITANIUM,남성,1,1,2,111290
2025-10-02,FAMILY,남성,48,48,64,2159880
2025-10-02,FAMILY,여성,8,8,8,594510
2025-10-02,FAMILY,패딩/슬림다운,2,2,2,177570
2025-10-02,FAMILY,등산화,1,1,1,130280
2025-10-02,FAMILY,셋업,3,3,3,116210
2025-10-02,FAMILY,라운드티,3,3,4,101380
2025-10-02,FAMILY,긴바지,2,2,2,95310
2025-10-02,FAMILY,셔츠,1,1,1,56220
2025-10-02,GOLD,남성,1,1,1,14500
2025-10-02,SILVER,남성,5,5,6,357980
2025-10-02,SILVER,부츠,1,1,1,75320
2025-10-02,SILVER,라운드티,1,1,1,62890
2025-10-02,SILVER,상의,1,1,1,58990
2025-10-02,SILVER,긴바지,1,1,1,48100
2025-10-03,FAMILY,남성,28,28,37,1154720
2025-10-03,FAMILY,등산화,3,3,3,268200
2025-10-03,FAMILY,여성,3,3,3,262900
2025-10-03,FAMILY,패딩/슬림다운,2,2,2,219300
2025-10-03,FAMILY,셋업,3,3,3,188060
2025-10-03,FAMILY,자켓/베스트,2,2,2,129870
2025-10-03,FAMILY,부츠,1,1,1,73350
2025-10-03,FAMILY,셔츠,1,1,1,56470
2025-10-03,FAMILY,폴로티/집업,1,1,1,56300
2025-10-03,FAMILY,긴바지,1,1,1,41000
2025-10-03,FAMILY,장갑,1,1,1,26270
2025-10-03,FAMILY,라운드티,1,1,1,16360
2025-10-03,SILVER,남성,4,4,9,683420
2025-10-03,SILVER,여성,2,2,3,147660
2025-10-03,SILVER,맨투맨/후드티,2,2,2,81000
2025-10-03,TITANIUM,여성,1,1,1,56300
2025-10-03,TITANIUM,남성,1,1,1,43640
2025-10-04,FAMILY,남성,27,27,34,1505640
2025-10-04,FAMILY,여성,3,3,3,188720
2025-10-04,FAMILY,UNKNOWN,2,2,2,146950
2025-10-04,FAMILY,등산화,1,1,1,112720
2025-10-04,FAMILY,긴바지,1,1,1,73010
2025-10-04,FAMILY,자켓/베스트,1,1,1,29500
2025-10-04,SILVER,맨투맨/후드티,1,1,1,37380
2025-10-04,SILVER,남성,1,1,2,22000
2025-10-04,SILVER,라운드티,1,1,1,17500
2025-10-05,FAMILY,남성,29,29,41,1646640
2025-10-05,FAMILY,여성,6,5,6,420140
2025-10-05,FAMILY,셋업,3,3,4,289970
2025-10-05,FAMILY,패딩/슬림다운,2,2,2,144690
2025-10-05,FAMILY,자켓/베스트,3,3,3,141100
2025-10-05,FAMILY,긴바지,1,1,1,55000
2025-10-05,FAMILY,크로스/토트백,1,1,1,27220
2025-10-05,FAMILY,라운드티,1,1,1,17500
2025-10-05,GOLD,남성,2,2,3,232510
2025-10-05,SILVER,여성,4,4,6,479400
2025-10-05,SILVER,남성,2,2,2,123550
2025-10-06,FAMILY,남성,32,32,41,1823110
2025-10-06,FAMILY,여성,6,6,7,577990
2025-10-06,FAMILY,라운드티,4,4,5,123810
2025-10-06,FAMILY,바람막이,1,1,1,107200
2025-10-06,GOLD,셔츠,1,1,1,51850
2025-10-06,SILVER,남성,2,2,2,76190
2025-10-06,SILVER,볼캡,1,1,1,23000
2025-10-06,SILVER,라운드티,1,1,1,21970
2025-10-07,FAMILY,남성,28,28,37,1422900
2025-10-07,FAMILY,여성,5,5,5,330640
2025-10-07,FAMILY,셋업,3,3,3,164810
2025-10-07,FAMILY,패딩/슬림다운,1,1,1,72750
2025-10-07,FAMILY,장갑,2,2,2,31460
2025-10-07,FAMILY,라운드티,1,1,1,21760
2025-10-07,FAMILY,크로스/토트백,1,1,1,17500
2025-10-07,GOLD,남성,1,1,1,77530
2025-10-07,SILVER,남성,3,3,6,327900
2025-10-07,SILVER,셋업,1,1,1,184470
2025-10-08,FAMILY,남성,28,28,35,1609620
2025-10-08,FAMILY,여성,5,5,5,358090
2025-10-08,FAMILY,UNKNOWN,1,1,1,80700
2025-10-08,FAMILY,등산화,1,1,1,63770
2025-10-08,FAMILY,맨투맨/후드티,1,1,1,39000
2025-10-08,FAMILY,볼캡,1,1,1,28450
2025-10-08,FAMILY,반바지,1,1,1,23500
2025-10-08,FAMILY,크로스/토트백,1,1,1,23500
2025-10-08,GOLD,셋업,1,1,18,1818000
2025-10-08,GOLD,부츠,1,1,3,249000
2025-10-08,GOLD,자켓/베스트,2,2,3,221490
2025-10-08,GOLD,여성,1,1,1,90300
2025-10-08,GOLD,패딩/슬림다운,1,1,1,83000
2025-10-08,SILVER,남성,1,1,2,153100
2025-10-09,FAMILY,남성,40,40,59,2192350
2025-10-09,FAMILY,여성,3,3,3,300040
2025-10-09,FAMILY,등산화,2,2,2,206000
2025-10-09,FAMILY,셋업,1,1,1,141470
2025-10-09,FAMILY,바람막이,1,1,1,127100
2025-10-09,FAMILY,자켓/베스트,1,1,1,101000
2025-10-09,FAMILY,패딩/슬림다운,1,1,1,73000
2025-10-09,FAMILY,라운드티,2,2,3,59180
2025-10-09,FAMILY,상의,1,1,1,59000
2025-10-09,FAMILY,긴바지,1,1,1,37000
2025-10-09,FAMILY,크로스/토트백,1,1,1,17500
2025-10-09,SILVER,남성,5,5,7,713810
2025-10-09,SILVER,바람막이,1,1,1,85810
2025-10-10,FAMILY,남성,27,27,33,1398320
2025-10-10,FAMILY,여성,6,5,8,508800
2025-10-10,FAMILY,바람막이,1,1,1,129070
2025-10-10,FAMILY,등산화,1,1,1,83260
2025-10-10,FAMILY,긴바지,1,1,1,47300
2025-10-10,FAMILY,셋업,2,2,2,43360
2025-10-10,FAMILY,맨투맨/후드티,1,1,1,37000
2025-10-10,FAMILY,자켓/베스트,1,1,1,29500
2025-10-10,FAMILY,장갑,1,1,1,26150
2025-10-10,GOLD,남성,1,1,4,263160
2025-10-10,GOLD,바람막이,1,1,1,118800
2025-10-10,SILVER,남성,2,2,4,473480
2025-10-10,SILVER,여성,1,1,1,49150
2025-10-10,SILVER,맨투맨/후드티,1,1,1,34900
2025-10-10,SILVER,상의,1,1,1,29500
2025-10-11,FAMILY,남성,27,26,36,1578380
2025-10-11,FAMILY,라운드티,6,6,6,110620
2025-10-11,FAMILY,긴바지,3,3,3,101350
2025-10-11,FAMILY,셋업,3,3,3,94250
2025-10-11,FAMILY,맨투맨/후드티,2,2,2,91210
2025-10-11,FAMILY,UNKNOWN,1,1,1,86270
2025-10-11,FAMILY,등산화,1,1,1,84500
2025-10-11,FAMILY,상의,2,2,2,82800
2025-10-11,FAMILY,패딩/슬림다운,1,1,1,63000
2025-10-11,FAMILY,여성,1,1,1,39500
2025-10-11,FAMILY,폴로티/집업,1,1,1,39000
2025-10-11,FAMILY,볼캡,1,1,1,21220
2025-10-11,GOLD,남성,1,1,1,55000
2025-10-11,GOLD,라운드티,1,1,1,41000
2025-10-11,SILVER,패딩/슬림다운,2,2,2,190920
2025-10-11,SILVER,남성,2,2,2,98730
2025-10-11,SILVER,긴바지,1,1,1,81740
2025-10-12,FAMILY,남성,507,503,657,20591170
2025-10-12,FAMILY,여성,57,57,62,2836790
2025-10-12,FAMILY,셋업,20,20,22,816180
2025-10-12,FAMILY,맨투맨/후드티,23,23,23,803740
2025-10-12,FAMILY,라운드티,36,36,38,801740
2025-10-12,FAMILY,패딩/슬림다운,10,10,10,653220
2025-10-12,FAMILY,자켓/베스트,11,11,11,531880
2025-10-12,FAMILY,긴바지,12,12,12,494970
2025-10-12,FAMILY,상의,13,13,13,468820
2025-10-12,FAMILY,바람막이,5,5,5,444740
2025-10-12,FAMILY,등산화,4,4,4,304340
2025-10-12,FAMILY,볼캡,10,10,10,231490
2025-10-12,FAMILY,셔츠,3,3,3,183080
2025-10-12,FAMILY,장갑,9,9,11,182710
2025-10-12,FAMILY,버킷/부니,5,5,5,126270
2025-10-12,FAMILY,폴로티/집업,3,3,3,113620
2025-10-12,FAMILY,UNKNOWN,2,2,2,110040
2025-10-12,FAMILY,부츠,1,1,1,58720
2025-10-12,FAMILY,카고/조거,1,1,1,41330
2025-10-12,FAMILY,크로스/토트백,2,2,2,35000
2025-10-12,FAMILY,반바지,1,1,1,23500
2025-10-12,GOLD,여성,1,1,1,133450
2025-10-12,GOLD,남성,1,1,1,54410
2025-10-12,SILVER,남성,25,25,34,1767170
2025-10-12,SILVER,여성,6,6,6,748020
2025-10-12,SILVER,미드/롱다운,1,1,1,301410
2025-10-12,SILVER,자켓/베스트,3,3,4,296060
2025-10-12,SILVER,맨투맨/후드티,2,2,3,147100
2025-10-12,SILVER,바람막이,1,1,1,76760
2025-10-12,SILVER,패딩/슬림다운,1,1,1,61620
2025-10-12,SILVER,볼캡,1,1,1,39850
2025-10-12,SILVER,상의,1,1,1,39000
2025-10-12,SILVER,셋업,1,1,1,26000
2025-10-13,FAMILY,남성,17,16,20,1050600
2025-10-13,FAMILY,여성,4,4,5,595240
2025-10-13,FAMILY,등산화,1,1,1,97160
2025-10-13,FAMILY,셋업,2,2,2,82210
2025-10-13,FAMILY,부츠,1,1,1,73440
2025-10-13,FAMILY,긴바지,1,1,1,44500
2025-10-13,FAMILY,라운드티,1,1,1,22330
2025-10-13,GOLD,남성,3,2,3,568880
2025-10-13,SILVER,남성,5,5,6,766170
2025-10-13,SILVER,여성,1,1,1,84500
2025-10-13,SILVER,셋업,1,1,1,59000
2025-10-14,FAMILY,남성,15,15,22,1391920
2025-10-14,FAMILY,여성,4,4,6,267770
2025-10-14,FAMILY,등산화,1,1,2,189000
2025-10-14,FAMILY,자켓/베스트,2,2,2,111550
2025-10-14,FAMILY,패딩/슬림다운,1,1,1,95000
2025-10-14,FAMILY,버킷/부니,1,1,1,37000
2025-10-14,SILVER,남성,8,8,11,901360
2025-10-14,SILVER,부츠,1,1,1,108890
2025-10-14,SILVER,등산화,1,1,1,101000
2025-10-14,SILVER,자켓/ 베스트,1,1,1,43000
2025-10-14,TITANIUM,남성,1,1,1,103200
2025-10-15,FAMILY,남성,12,12,17,696470
2025-10-15,FAMILY,여성,2,2,2,195350
2025-10-15,FAMILY,상의,1,1,1,39300
2025-10-15,FAMILY,자켓/ 베스트,1,1,1,26500
2025-10-15,GOLD,남성,3,3,4,387360
2025-10-15,GOLD,셋업,1,1,1,113000
2025-10-15,GOLD,패딩/슬림다운,1,1,1,89000
2025-10-15,SILVER,남성,3,3,6,402450
2025-10-15,SILVER,여성,1,1,1,159200
2025-10-16,FAMILY,남성,18,18,19,1518470
2025-10-16,FAMILY,여성,3,3,3,401590
2025-10-16,FAMILY,맨투맨/후드티,2,2,2,96740
2025-10-16,FAMILY,볼캡,1,1,2,90000
2025-10-16,FAMILY,긴바지,2,2,2,89000
2025-10-16,FAMILY,셔츠,1,1,1,71000
2025-10-16,FAMILY,라운드티,2,2,2,67050
2025-10-16,FAMILY,자켓/ 베스트,1,1,1,53000
2025-10-16,FAMILY,셋업,1,1,1,27950
2025-10-16,GOLD,남성,1,1,1,120200
2025-10-17,FAMILY,남성,20,20,24,2199159
2025-10-17,FAMILY,여성,2,2,3,363850
2025-10-17,FAMILY,패딩/슬림다운,1,1,1,85320
2025-10-17,FAMILY,맨투맨/후드티,1,1,1,51290
2025-10-17,FAMILY,라운드티,1,1,1,23650
2025-10-17,GOLD,남성,3,3,3,746599
2025-10-17,GOLD,여성,1,1,1,76200
2025-10-17,SILVER,남성,1,1,1,172860
2025-10-18,FAMILY,남성,20,20,22,1788600
2025-10-18,FAMILY,여성,4,4,4,399520
2025-10-18,FAMILY,라운드티,2,2,2,64000
2025-10-18,FAMILY,상의,1,1,1,52000
2025-10-18,GOLD,남성,2,2,3,338920
2025-10-18,GOLD,긴바지,1,1,2,111430
2025-10-18,GOLD,여성,1,1,1,77200
2025-10-18,GOLD,상의,1,1,1,59000
2025-10-18,SILVER,남성,3,3,4,291390
2025-10-19,FAMILY,남성,22,21,29,1775980
2025-10-19,FAMILY,여성,4,4,4,808560
2025-10-19,FAMILY,패딩/슬림다운,1,1,1,78420
2025-10-19,FAMILY,맨투맨/후드티,1,1,1,55160
2025-10-19,FAMILY,긴바지,1,1,1,46840
2025-10-19,GOLD,남성,2,2,6,379200
2025-10-19,GOLD,여성,1,1,1,113000
2025-10-19,SILVER,남성,1,1,2,28760
2025-10-20,FAMILY,남성,21,14,30,2597750
2025-10-20,FAMILY,셋업,2,2,2,112040
2025-10-20,FAMILY,패딩/슬림다운,1,1,1,95000
2025-10-20,FAMILY,여성,1,1,1,14500
2025-10-20,GOLD,남성,2,1,8,915850
2025-10-20,GOLD,여성,1,1,3,357000
2025-10-20,GOLD,자켓/베스트,1,1,1,59000
2025-10-20,GOLD,자켓/ 베스트,1,1,1,46150
2025-10-20,SILVER,남성,4,4,4,551820
2025-10-20,SILVER,패딩/슬림다운,1,1,1,95000
2025-10-20,SILVER,바람막이,1,1,1,68360
2025-10-21,FAMILY,남성,32,32,47,2190140
2025-10-21,FAMILY,여성,3,3,3,168820
2025-10-21,FAMILY,패딩/슬림다운,1,1,1,140140
2025-10-21,FAMILY,등산화,1,1,1,117480
2025-10-21,FAMILY,셋업,1,1,1,86780
2025-10-21,FAMILY,자켓/베스트,1,1,1,77000
2025-10-21,FAMILY,장갑,2,2,2,47970
2025-10-21,FAMILY,긴바지,1,1,1,47000
2025-10-21,FAMILY,볼캡,1,1,1,45000
2025-10-21,FAMILY,라운드티,1,1,1,32230
2025-10-21,GOLD,남성,3,3,4,463000
2025-10-21,SILVER,남성,5,4,12,1058250
2025-10-21,SILVER,여성,5,5,6,968510
2025-10-21,SILVER,미드/롱다운,1,1,1,285210
2025-10-22,FAMILY,남성,19,19,22,1762570
2025-10-22,FAMILY,여성,3,3,3,340440
2025-10-22,FAMILY,패딩/슬림다운,1,1,1,87170
2025-10-22,FAMILY,셋업,1,1,1,66330
2025-10-22,FAMILY,상의,1,1,1,59000
2025-10-22,FAMILY,자켓/ 베스트,1,1,1,51000
2025-10-22,FAMILY,맨투맨/후드티,1,1,1,42000
2025-10-22,FAMILY,라운드티,1,1,1,33000
2025-10-22,GOLD,여성,1,1,1,127200
2025-10-22,GOLD,남성,1,1,1,97270
2025-10-22,SILVER,남성,5,5,8,547110
2025-10-22,SILVER,여성,2,2,2,135320
2025-10-23,FAMILY,남성,26,26,32,2165980
2025-10-23,FAMILY,여성,5,5,6,599300
2025-10-23,FAMILY,등산화,1,1,1,127790
2025-10-23,FAMILY,셋업,1,1,2,82000
2025-10-23,FAMILY,패딩/슬림다운,1,1,1,82000
2025-10-23,FAMILY,자켓/베스트,1,1,1,49100
2025-10-23,FAMILY,버킷/부니,1,1,1,32750
2025-10-23,GOLD,남성,1,1,1,139000
2025-10-23,SILVER,남성,4,4,5,434450
2025-10-23,SILVER,패딩/슬림다운,1,1,1,126690
2025-10-23,SILVER,자켓/베스트,2,2,2,124050
2025-10-23,SILVER,셋업,2,2,2,67520
2025-10-23,TITANIUM,남성,1,1,7,1194240
2025-10-23,TITANIUM,자켓/ 베스트,1,1,1,52690
2025-10-24,FAMILY,남성,16,16,20,2487200
2025-10-24,FAMILY,여성,2,2,2,148100
2025-10-24,FAMILY,패딩/슬림다운,1,1,1,73200
2025-10-24,GOLD,남성,1,1,2,131600
2025-10-24,GOLD,부츠,1,1,1,83000
2025-10-24,GOLD,자켓/베스트,1,1,1,59000
2025-10-24,SILVER,남성,7,7,9,719100
2025-10-24,SILVER,자켓/베스트,1,1,1,54070
2025-10-25,FAMILY,남성,11,11,12,1057630
2025-10-25,FAMILY,여성,2,2,4,379800
2025-10-25,FAMILY,패딩/슬림다운,1,1,1,76970
2025-10-25,FAMILY,자켓/ 베스트,1,1,1,51130
2025-10-25,GOLD,남성,1,1,1,128540
2025-10-25,GOLD,자켓/베스트,1,1,2,118000
2025-10-25,SILVER,남성,5,5,12,1121580
2025-10-26,FAMILY,남성,18,18,23,1705100
2025-10-26,FAMILY,여성,2,2,2,237680
2025-10-26,FAMILY,등산화,1,1,1,156160
2025-10-26,FAMILY,자켓/베스트,1,1,1,56730
2025-10-26,GOLD,남성,2,2,3,347490
2025-10-26,GOLD,맨투맨/후드티,1,1,1,57570
2025-10-26,SILVER,남성,6,6,7,1346150
2025-10-26,SILVER,셋업,1,1,1,89000
2025-10-26,SILVER,여성,1,1,1,31280
2025-10-27,FAMILY,남성,29,29,43,2859380
2025-10-27,FAMILY,여성,9,9,10,831500
2025-10-27,FAMILY,등산화,2,2,2,176890
2025-10-27,FAMILY,셋업,2,2,2,114650
2025-10-27,FAMILY,자켓/ 베스트,2,2,2,90200
2025-10-27,FAMILY,자켓/베스트,1,1,1,58600
2025-10-27,FAMILY,볼캡,1,1,1,45000
2025-10-27,FAMILY,버킷/부니,1,1,1,34780
2025-10-27,GOLD,남성,1,1,1,137730
2025-10-27,SILVER,남성,12,12,20,3392710
2025-10-27,SILVER,자켓/ 베스트,1,1,1,53000
2025-10-27,TITANIUM,남성,2,1,15,2134300
2025-10-27,TITANIUM,자켓/베스트,1,1,2,160000
2025-10-28,FAMILY,남성,26,25,38,2481420
2025-10-28,FAMILY,여성,7,6,12,876550
2025-10-28,FAMILY,자켓/ 베스트,2,2,3,123090
2025-10-28,FAMILY,UNKNOWN,1,1,1,111300
2025-10-28,FAMILY,등산화,1,1,1,111280
2025-10-28,FAMILY,긴바지,1,1,1,107000
2025-10-28,FAMILY,볼캡,1,1,2,90000
2025-10-28,FAMILY,장갑,1,1,1,36550
2025-10-28,GOLD,남성,3,3,3,483240
2025-10-28,GOLD,여성,1,1,1,256200
2025-10-28,SILVER,남성,4,4,6,663180
2025-10-28,SILVER,인터체인지 (3 in 1),1,1,1,386320
2025-10-28,SILVER,긴바지,1,1,1,102830
2025-10-28,SILVER,여성,1,1,1,60310
2025-10-28,SILVER,볼캡,1,1,1,42000
2025-10-29,FAMILY,남성,28,27,33,2812010
2025-10-29,FAMILY,여성,7,7,15,1733050
2025-10-29,FAMILY,부츠,1,1,1,139770
2025-10-29,FAMILY,라운드티,2,2,3,109500
2025-10-29,FAMILY,등산화,1,1,1,99510
2025-10-29,FAMILY,자켓/ 베스트,1,1,1,48100
2025-10-29,GOLD,남성,2,2,3,196670
2025-10-29,SILVER,남성,6,5,13,882160
2025-10-29,SILVER,여성,1,1,1,137880
2025-10-29,SILVER,바람막이,1,1,1,65410
2025-10-30,FAMILY,남성,15,15,18,1594050
2025-10-30,FAMILY,여성,1,1,1,119500
2025-10-30,FAMILY,자켓/베스트,1,1,1,55000
2025-10-30,FAMILY,볼캡,1,1,1,25850
2025-10-30,FAMILY,라운드티,1,1,1,23270
2025-10-30,GOLD,남성,3,3,4,271200
2025-10-30,SILVER,남성,6,6,8,516240
2025-10-30,SILVER,셋업,1,1,1,109400
2025-10-30,SILVER,자켓/베스트,1,1,1,61800
2025-10-30,TITANIUM,남성,1,1,1,222300
2025-10-30,TITANIUM,여성,1,1,1,222300
2025-10-31,FAMILY,남성,16,16,18,1013160
2025-10-31,FAMILY,여성,5,5,5,667880
2025-10-31,FAMILY,패딩/슬림다운,1,1,1,79750
2025-10-31,FAMILY,라운드티,2,2,2,57750
2025-10-31,FAMILY,맨투맨/후드티,1,1,1,47710
2025-10-31,FAMILY,볼캡,1,1,1,39640
2025-10-31,SILVER,남성,7,7,18,1686290
2025-10-31,SILVER,여성,1,1,2,106200
2025-10-31,SILVER,셋업,1,1,1,83530
2025-10-31,SILVER,긴바지,1,1,1,38060
2025-10-31,SILVER,라운드티,1,1,1,35000
2025-10-31,TITANIUM,남성,1,1,1,270000
2025-11-01,FAMILY,남성,9,9,9,620830
2025-11-01,FAMILY,셋업,2,2,6,500200
2025-11-01,FAMILY,여성,1,1,1,129500
2025-11-01,FAMILY,패딩/슬림다운,1,1,1,87000
2025-11-01,FAMILY,맨투맨/후드티,1,1,1,57000
2025-11-01,GOLD,남성,1,1,1,132600
2025-11-01,SILVER,남성,3,3,3,385150
2025-11-02,FAMILY,남성,21,21,30,2273890
2025-11-02,FAMILY,여성,3,3,4,345320
2025-11-02,FAMILY,장갑,1,1,1,20170
2025-11-02,GOLD,남성,1,1,3,157000
2025-11-02,SILVER,남성,2,2,3,199880
2025-11-02,SILVER,바람막이,1,1,1,144050
2025-11-03,FAMILY,남성,24,24,28,1707520
2025-11-03,FAMILY,여성,4,4,6,665640
2025-11-03,FAMILY,인터체인지 (3 in 1),1,1,1,385000
2025-11-03,FAMILY,셋업,2,2,3,266700
2025-11-03,FAMILY,패딩/슬림다운,1,1,1,84000
2025-11-03,FAMILY,맨투맨/후드티,1,1,1,59000
2025-11-03,FAMILY,라운드티,1,1,1,35000
2025-11-03,GOLD,남성,3,3,3,219990
2025-11-03,SILVER,남성,7,6,9,1765310
2025-11-03,SILVER,셋업,2,2,3,331130
2025-11-03,SILVER,부츠,1,1,1,155400
2025-11-03,SILVER,맨투맨/후드티,1,1,1,49000
2025-11-03,TITANIUM,남성,2,2,6,493010
2025-11-04,FAMILY,남성,13,13,17,1416060
2025-11-04,FAMILY,여성,5,5,6,600240
2025-11-04,FAMILY,맨투맨/후드티,3,3,3,164870
2025-11-04,GOLD,남성,3,2,7,1937770
2025-11-04,GOLD,여성,1,1,1,339000
2025-11-04,SILVER,남성,4,4,5,333860
2025-11-04,SILVER,여성,1,1,1,329000
2025-11-05,FAMILY,남성,19,19,23,1605660
2025-11-05,FAMILY,여성,6,6,8,689790
2025-11-05,FAMILY,패딩/슬림다운,1,1,1,137200
2025-11-05,FAMILY,라운드티,1,1,1,24730
2025-11-05,GOLD,남성,1,1,1,28600
2025-11-05,SILVER,여성,1,1,1,612380
2025-11-05,SILVER,남성,3,3,4,411060
2025-11-05,TITANIUM,남성,1,1,1,104650
2025-11-06,FAMILY,남성,15,15,18,1004420
2025-11-06,FAMILY,여성,2,2,2,118240
2025-11-06,FAMILY,등산화,1,1,1,94500
2025-11-06,FAMILY,맨투맨/후드티,1,1,1,43470
2025-11-06,SILVER,남성,1,1,3,228660
2025-11-06,SILVER,셋업,1,1,1,103380
2025-11-06,SILVER,여성,1,1,1,87200
2025-11-06,TITANIUM,남성,2,1,2,322000
2025-11-07,FAMILY,남성,10,10,15,761710
2025-11-07,FAMILY,여성,4,4,5,648920
2025-11-07,FAMILY,자켓/베스트,1,1,1,161000
2025-11-07,FAMILY,볼캡,2,2,3,135000
2025-11-07,FAMILY,패딩/슬림다운,1,1,1,83000
2025-11-07,FAMILY,라운드티,1,1,1,31720
2025-11-07,GOLD,셋업,1,1,1,64400
2025-11-07,SILVER,남성,4,4,6,585190
2025-11-07,SILVER,여성,1,1,2,135770
2025-11-08,FAMILY,남성,11,11,18,1179540
2025-11-08,FAMILY,여성,5,5,9,1070340
2025-11-08,FAMILY,셋업,1,1,1,87000
2025-11-08,FAMILY,맨투맨/후드티,1,1,1,57000
2025-11-08,FAMILY,라운드티,1,1,1,23000
2025-11-08,SILVER,남성,3,3,7,377000
2025-11-08,SILVER,맨투맨/후드티,1,1,1,51550
2025-11-09,FAMILY,남성,18,18,23,1657670
2025-11-09,FAMILY,여성,4,4,4,325200
2025-11-09,FAMILY,등산화,1,1,1,129120
2025-11-09,FAMILY,셋업,1,1,1,87000
2025-11-09,FAMILY,맨투맨/후드티,1,1,1,57530
2025-11-09,GOLD,남성,1,1,4,97750
2025-11-09,SILVER,여성,2,2,2,362480
2025-11-09,SILVER,남성,2,2,3,139300
2025-11-09,SILVER,셋업,1,1,1,68870
2025-11-09,TITANIUM,남성,1,1,1,150000
2025-11-10,FAMILY,남성,22,21,25,1802670
2025-11-10,FAMILY,여성,12,11,14,1456300
2025-11-10,FAMILY,볼캡,2,2,2,77360
2025-11-10,FAMILY,장갑,1,1,1,27110
2025-11-10,FAMILY,라운드티,1,1,1,21000
2025-11-10,SILVER,남성,7,7,7,1261490
2025-11-10,SILVER,장갑,1,1,1,81810
2025-11-11,FAMILY,남성,22,21,43,3438640
2025-11-11,FAMILY,여성,3,3,4,378000
2025-11-11,FAMILY,부츠,1,1,1,137830
2025-11-11,FAMILY,라운드티,1,1,1,20570
2025-11-11,SILVER,남성,11,11,18,1786330
2025-11-11,SILVER,등산화,1,1,1,132300
2025-11-11,SILVER,셋업,1,1,1,109320
2025-11-11,SILVER,긴바지,1,1,1,97130
2025-11-11,SILVER,장갑,1,1,1,18000
2025-11-12,FAMILY,남성,26,24,41,2169500
2025-11-12,FAMILY,여성,6,6,12,506740
2025-11-12,FAMILY,맨투맨/후드티,3,3,3,125730
2025-11-12,FAMILY,자켓/베스트,1,1,1,60350
2025-11-12,FAMILY,라운드티,1,1,1,35000
2025-11-12,FAMILY,볼캡,1,1,1,24310
2025-11-12,SILVER,여성,3,3,4,540740
2025-11-12,SILVER,남성,5,5,7,420340
2025-11-12,SILVER,셋업,1,1,1,81560
2025-11-12,TITANIUM,남성,1,1,20,319480
2025-11-13,FAMILY,남성,16,16,20,1464460
2025-11-13,FAMILY,여성,4,4,5,472260
2025-11-13,SILVER,남성,4,4,6,1067380
2025-11-13,SILVER,맨투맨/후드티,2,2,2,112880
2025-11-13,SILVER,셋업,1,1,1,77820
2025-11-13,SILVER,여성,1,1,1,44460
2025-11-14,FAMILY,남성,20,19,29,1827150
2025-11-14,FAMILY,여성,2,2,2,54400
2025-11-14,SILVER,남성,8,7,11,1167640
2025-11-14,SILVER,여성,2,2,2,645380
2025-11-14,SILVER,자켓/베스트,1,1,1,68090
2025-11-15,FAMILY,남성,16,16,22,2119160
2025-11-15,FAMILY,여성,2,2,2,327520
2025-11-15,FAMILY,맨투맨/후드티,1,1,1,44000
2025-11-15,FAMILY,라운드티,1,1,1,17500
2025-11-15,GOLD,남성,2,2,3,570820
2025-11-15,GOLD,셋업,1,1,1,109610
2025-11-15,GOLD,등산화,1,1,1,97970
2025-11-15,SILVER,남성,4,4,6,547390
2025-11-15,SILVER,미드/롱다운,1,1,1,284030
2025-11-16,FAMILY,남성,20,19,26,2098070
2025-11-16,FAMILY,셋업,2,2,3,288590
2025-11-16,FAMILY,여성,2,2,2,196640
2025-11-16,FAMILY,맨투맨/후드티,1,1,1,44120
2025-11-16,SILVER,남성,3,3,5,422800
2025-11-16,SILVER,여성,2,2,2,411470
2025-11-16,SILVER,셋업,1,1,1,86800
2025-11-16,TITANIUM,남성,1,1,8,1317230
2025-11-16,TITANIUM,셋업,1,1,1,85330
2025-11-17,FAMILY,남성,15,15,20,1203500
2025-11-17,FAMILY,여성,5,5,5,580850
2025-11-17,FAMILY,셋업,1,1,1,103000
2025-11-17,FAMILY,등산화,1,1,1,74500
2025-11-17,FAMILY,자켓/베스트,1,1,1,66150
2025-11-17,FAMILY,맨투맨/후드티,1,1,1,59000
2025-11-17,FAMILY,볼캡,1,1,1,45000
2025-11-17,GOLD,남성,1,1,2,274400
2025-11-17,SILVER,남성,5,5,8,738880
2025-11-17,SILVER,여성,1,1,1,589000
2025-11-17,TITANIUM,여성,1,1,3,733510
2025-11-17,TITANIUM,셋업,1,1,2,199480
2025-11-17,TITANIUM,긴바지,1,1,1,105660
2025-11-17,TITANIUM,남성,1,1,3,90170
2025-11-18,FAMILY,남성,26,25,31,2931420
2025-11-18,FAMILY,여성,9,9,9,995530
2025-11-18,FAMILY,맨투맨/후드티,1,1,1,47000
2025-11-18,FAMILY,버킷/부니,1,1,1,35990
2025-11-18,FAMILY,크로스/토트백,1,1,1,25000
2025-11-18,SILVER,남성,6,6,7,849200
2025-11-18,SILVER,맨투맨/후드티,1,1,1,59000
2025-11-18,SILVER,라운드티,1,1,1,19750
2025-11-19,FAMILY,남성,31,29,46,3219230
2025-11-19,FAMILY,여성,3,3,4,402910
2025-11-19,FAMILY,셋업,2,2,2,174210
2025-11-19,FAMILY,긴바지,1,1,1,89120
2025-11-19,GOLD,여성,1,1,1,287940
2025-11-19,GOLD,남성,1,1,1,112360
2025-11-19,SILVER,남성,7,7,11,1139260
2025-11-19,SILVER,등산화,1,1,1,93940
2025-11-20,FAMILY,남성,12,12,16,1668300
2025-11-20,FAMILY,여성,2,2,2,84280
2025-11-20,SILVER,여성,3,3,3,782580
2025-11-20,SILVER,남성,5,5,6,539710
2025-11-20,SILVER,맨투맨/후드티,1,1,1,53950
2025-11-20,TITANIUM,남성,1,1,1,270000
2025-11-21,FAMILY,남성,47,47,67,4818120
2025-11-21,FAMILY,여성,8,8,9,1059060
2025-11-21,FAMILY,맨투맨/후드티,17,17,17,691760
2025-11-21,FAMILY,셋업,2,2,2,241990
2025-11-21,FAMILY,등산화,1,1,1,109500
2025-11-21,FAMILY,자켓/베스트,1,1,1,76170
2025-11-21,FAMILY,패딩/슬림다운,1,1,1,75720
2025-11-21,FAMILY,장갑,1,1,1,27540
2025-11-21,FAMILY,UNKNOWN,1,1,2,15000
2025-11-21,GOLD,남성,1,1,1,47570
2025-11-21,SILVER,남성,21,21,29,3268625
2025-11-21,SILVER,여성,2,2,2,415540
2025-11-21,SILVER,맨투맨/후드티,6,6,7,314110
2025-11-21,SILVER,셋업,1,1,1,72970
2025-11-21,SILVER,장갑,1,1,1,59000
2025-11-22,FAMILY,남성,33,32,47,3077850
2025-11-22,FAMILY,여성,6,5,6,518170
2025-11-22,FAMILY,셋업,4,4,5,348710
2025-11-22,FAMILY,라운드티,1,1,1,25000
2025-11-22,GOLD,남성,2,2,6,630020
2025-11-22,SILVER,남성,11,11,13,1746070
2025-11-22,SILVER,여성,2,2,2,272700
2025-11-22,SILVER,맨투맨/후드티,1,1,1,53540
2025-11-22,TITANIUM,남성,1,1,1,102240
2025-11-23,FAMILY,남성,50,49,65,3352750
2025-11-23,FAMILY,여성,6,6,6,507880
2025-11-23,FAMILY,자켓/베스트,2,2,2,150190
2025-11-23,FAMILY,맨투맨/후드티,2,2,2,105750
2025-11-23,FAMILY,셋업,3,3,3,92860
2025-11-23,FAMILY,패딩/슬림다운,1,1,1,86780
2025-11-23,FAMILY,상의,1,1,1,48880
2025-11-23,FAMILY,긴바지,1,1,1,41170
2025-11-23,FAMILY,크로스/토트백,2,2,2,40690
2025-11-23,FAMILY,볼캡,1,1,1,35000
2025-11-23,FAMILY,라운드티,1,1,1,27560
2025-11-23,FAMILY,버킷/부니,1,1,1,19900
2025-11-23,GOLD,남성,2,2,6,1009940
2025-11-23,GOLD,자켓/베스트,1,1,1,72000
2025-11-23,SILVER,남성,19,18,25,2348400
2025-11-23,SILVER,여성,3,3,3,412320
2025-11-23,SILVER,자켓/베스트,2,2,3,203870
2025-11-23,TITANIUM,남성,1,1,1,77400
2025-11-24,FAMILY,남성,30,30,39,2641460
2025-11-24,FAMILY,여성,7,7,8,726500
2025-11-24,FAMILY,긴바지,9,9,9,243470
2025-11-24,FAMILY,셋업,3,3,3,118400
2025-11-24,FAMILY,자켓/베스트,1,1,1,87380
2025-11-24,GOLD,남성,4,4,7,615750
2025-11-24,GOLD,맨투맨/후드티,1,1,1,48350
2025-11-24,SILVER,남성,7,7,10,1088885
2025-11-24,SILVER,여성,1,1,1,224410
2025-11-24,SILVER,긴바지,3,3,3,94000
2025-11-24,SILVER,셋업,1,1,1,39250
2025-11-24,SILVER,장갑,1,1,1,27610
2025-11-25,FAMILY,남성,42,42,52,2806030
2025-11-25,FAMILY,여성,6,6,6,288970
2025-11-25,FAMILY,셋업,6,6,6,246630
2025-11-25,FAMILY,등산화,1,1,1,116230
2025-11-25,FAMILY,자켓/ 베스트,1,1,1,104150
2025-11-25,FAMILY,자켓/베스트,2,2,2,100540
2025-11-25,FAMILY,바람막이,1,1,1,90300
2025-11-25,FAMILY,긴바지,2,2,2,85790
2025-11-25,FAMILY,맨투맨/후드티,1,1,1,47050
2025-11-25,FAMILY,장갑,1,1,1,17660
2025-11-25,GOLD,여성,1,1,1,339000
2025-11-25,GOLD,남성,1,1,2,280200
2025-11-25,SILVER,남성,12,12,17,2336570
2025-11-25,SILVER,여성,2,2,2,408480
2025-11-25,SILVER,셋업,2,2,4,266150
2025-11-25,SILVER,자켓/베스트,1,1,1,74760
2025-11-25,SILVER,라운드티,1,1,1,36170
2025-11-25,TITANIUM,남성,6,2,20,2776770
2025-11-25,TITANIUM,여성,2,2,2,334850
2025-11-26,FAMILY,남성,30,29,35,3103300
2025-11-26,FAMILY,여성,8,8,11,1510765
2025-11-26,FAMILY,셋업,5,5,5,281060
2025-11-26,FAMILY,등산화,2,2,2,195350
2025-11-26,FAMILY,맨투맨/후드티,2,2,2,108870
2025-11-26,FAMILY,긴바지,2,2,2,74750
2025-11-26,FAMILY,자켓/ 베스트,1,1,1,48180
2025-11-26,FAMILY,장갑,1,1,1,28340
2025-11-26,GOLD,남성,3,3,4,567945
2025-11-26,SILVER,남성,9,8,14,1341880
2025-11-26,SILVER,여성,3,3,3,210730
2025-11-26,TITANIUM,남성,3,2,4,510000
2025-11-26,TITANIUM,셋업,1,1,1,20500
2025-11-27,FAMILY,남성,44,43,56,3399675
2025-11-27,FAMILY,여성,13,13,14,1753550
2025-11-27,FAMILY,상의,6,6,6,272930
2025-11-27,FAMILY,자켓/ 베스트,2,2,2,180880
2025-11-27,FAMILY,맨투맨/후드티,3,3,3,166310
2025-11-27,FAMILY,긴바지,1,1,2,70980
2025-11-27,FAMILY,라운드티,2,2,2,65050
2025-11-27,FAMILY,볼캡,3,3,3,44240
2025-11-27,FAMILY,장갑,1,1,1,29000
2025-11-27,GOLD,남성,4,4,31,2388610
2025-11-27,GOLD,여성,1,1,1,87200
2025-11-27,SILVER,남성,13,13,20,2306470
2025-11-27,SILVER,여성,4,4,6,522810
2025-11-27,SILVER,다운/ 패딩,1,1,1,159900
2025-11-27,SILVER,상의,2,2,3,147000
2025-11-27,SILVER,등산화,1,1,1,127200
2025-11-27,SILVER,셋업,1,1,1,109620
2025-11-27,SILVER,긴바지,1,1,1,103100
2025-11-27,TITANIUM,상의,1,1,2,91840
2025-11-27,TITANIUM,여성,1,1,2,81650
2025-11-27,TITANIUM,라운드티,1,1,1,32800
2025-11-28,FAMILY,남성,29,29,71,7002740
2025-11-28,FAMILY,셋업,2,2,9,1316840
2025-11-28,FAMILY,여성,9,9,11,1151370
2025-11-28,FAMILY,긴바지,5,5,5,263700
2025-11-28,FAMILY,자켓/베스트,2,2,2,221950
2025-11-28,FAMILY,볼캡,3,3,3,81090
2025-11-28,FAMILY,장갑,1,1,1,24550
2025-11-28,GOLD,남성,1,1,1,113540
2025-11-28,SILVER,남성,13,13,19,1780210
2025-11-28,SILVER,여성,1,1,2,116660
2025-11-28,SILVER,라운드티,1,1,1,69200
2025-11-28,SILVER,긴바지,1,1,1,37700
2025-11-29,FAMILY,남성,33,31,42,2695240
2025-11-29,FAMILY,여성,3,3,3,502050
2025-11-29,FAMILY,긴바지,2,2,2,149330
2025-11-29,FAMILY,자켓/베스트,1,1,1,113900
2025-11-29,FAMILY,자켓/ 베스트,1,1,1,80000
2025-11-29,FAMILY,볼캡,2,2,2,78320
2025-11-29,FAMILY,셋업,2,2,2,72000
2025-11-29,FAMILY,상의,1,1,1,63520
2025-11-29,GOLD,남성,3,3,7,1114720
2025-11-29,GOLD,여성,1,1,1,199550
2025-11-29,SILVER,남성,7,7,7,1534360
2025-11-29,SILVER,다운/ 패딩,1,1,1,167000
2025-11-29,SILVER,셋업,1,1,1,121180
2025-11-29,SILVER,자켓/베스트,1,1,1,101000
2025-11-29,SILVER,여성,1,1,1,63200
2025-11-29,SILVER,긴바지,1,1,1,47000
2025-11-29,TITANIUM,남성,1,1,32,374540
2025-11-30,FAMILY,남성,85,84,123,6323200
2025-11-30,FAMILY,다운/ 패딩,15,15,15,1765590
2025-11-30,FAMILY,여성,10,10,13,906020
2025-11-30,FAMILY,자켓/ 베스트,7,7,7,308870
2025-11-30,FAMILY,등산화,2,2,2,206700
2025-11-30,FAMILY,맨투맨/후드티,3,3,3,173910
2025-11-30,FAMILY,셋업,4,4,4,172040
2025-11-30,FAMILY,부츠,1,1,1,140720
2025-11-30,FAMILY,긴바지,3,3,3,113840
2025-11-30,FAMILY,라운드티,4,4,4,93170
2025-11-30,FAMILY,패딩/슬림다운,1,1,1,84340
2025-11-30,FAMILY,상의,1,1,1,60950
2025-11-30,FAMILY,볼캡,1,1,1,21850
2025-11-30,FAMILY,UNKNOWN,1,1,1,7500
2025-11-30,GOLD,남성,3,3,5,964320
2025-11-30,SILVER,남성,18,17,23,2560375
2025-11-30,SILVER,다운/ 패딩,8,8,8,929400
2025-11-30,SILVER,여성,3,3,3,405960
2025-11-30,SILVER,부츠,1,1,1,129730
2025-11-30,SILVER,상의,1,1,1,50490
2025-11-30,TITANIUM,남성,1,1,1,107400
2025-12-01,FAMILY,남성,22,22,27,1940420
2025-12-01,FAMILY,여성,8,8,8,1396130
2025-12-01,FAMILY,셋업,4,4,4,244980
2025-12-01,FAMILY,자켓/ 베스트,1,1,1,40000
2025-12-01,FAMILY,긴바지,1,1,1,38190
2025-12-01,FAMILY,장갑,1,1,1,21500
2025-12-01,GOLD,등산화,1,1,1,148780
2025-12-01,GOLD,남성,1,1,1,65590
2025-12-01,SILVER,남성,4,4,5,378380
2025-12-01,SILVER,자켓/ 베스트,1,1,1,107000
2025-12-01,SILVER,패딩/슬림다운,1,1,1,89000
2025-12-01,SILVER,여성,1,1,1,63960
2025-12-01,SILVER,셋업,1,1,1,34080
2025-12-01,TITANIUM,남성,1,1,1,40000
2025-12-02,FAMILY,남성,20,19,25,2019290
2025-12-02,FAMILY,여성,4,4,6,337020
2025-12-02,FAMILY,미드/롱다운,1,1,1,287000
2025-12-02,FAMILY,다운/ 패딩,1,1,1,159800
2025-12-02,FAMILY,상의,1,1,1,65000
2025-12-02,SILVER,남성,4,4,5,1202570
2025-12-02,TITANIUM,남성,1,1,25,751750
2025-12-02,TITANIUM,여성,1,1,3,80250
2025-12-03,FAMILY,남성,35,35,59,3772780
2025-12-03,FAMILY,여성,7,7,8,635260
2025-12-03,FAMILY,다운/ 패딩,1,1,1,159800
2025-12-03,FAMILY,바람막이,1,1,1,154800
2025-12-03,FAMILY,셋업,1,1,1,89000
2025-12-03,FAMILY,라운드티,2,2,2,88800
2025-12-03,FAMILY,부츠,1,1,1,74500
2025-12-03,FAMILY,맨투맨/후드티,1,1,1,58460
2025-12-03,FAMILY,장갑,1,1,1,28980
2025-12-03,FAMILY,긴바지,1,1,1,28420
2025-12-03,FAMILY,자켓/ 베스트,1,1,1,27540
2025-12-03,GOLD,남성,2,2,3,522500
2025-12-03,SILVER,남성,3,3,9,482970
2025-12-03,SILVER,여성,2,2,3,387730
2025-12-03,SILVER,셋업,1,1,1,41000
2025-12-03,SILVER,크로스/토트백,1,1,1,35000
2025-12-04,FAMILY,남성,50,49,110,14248280
2025-12-04,FAMILY,여성,6,6,26,5046250
2025-12-04,FAMILY,셋업,1,1,1,148610
2025-12-04,FAMILY,등산화,1,1,1,84920
2025-12-04,FAMILY,볼캡,2,2,2,84550
2025-12-04,FAMILY,상의,1,1,1,59500
2025-12-04,FAMILY,맨투맨/후드티,1,1,1,54000
2025-12-04,FAMILY,자켓/ 베스트,1,1,1,48320
2025-12-04,FAMILY,긴바지,1,1,1,44800
2025-12-04,GOLD,남성,5,5,9,566440
2025-12-04,GOLD,여성,1,1,1,239000
2025-12-04,GOLD,등산화,1,1,1,130510
2025-12-04,GOLD,셋업,1,1,1,87790
2025-12-04,GOLD,라운드티,1,1,1,34530
2025-12-04,SILVER,남성,17,17,24,3195050
2025-12-04,SILVER,여성,2,2,3,460220
2025-12-04,SILVER,셋업,1,1,2,176980
2025-12-04,SILVER,볼캡,1,1,2,89600
2025-12-05,FAMILY,남성,44,44,59,4586460
2025-12-05,FAMILY,여성,3,3,3,278690
2025-12-05,FAMILY,부츠,1,1,1,147340
2025-12-05,FAMILY,장갑,1,1,1,56090
2025-12-05,FAMILY,자켓/ 베스트,1,1,1,39630
2025-12-05,FAMILY,긴바지,1,1,1,37000
2025-12-05,FAMILY,볼캡,1,1,1,36030
2025-12-05,GOLD,남성,4,4,7,307250
2025-12-05,GOLD,여성,1,1,2,153500
2025-12-05,GOLD,등산화,1,1,1,148840
2025-12-05,SILVER,남성,9,7,18,1297700
2025-12-05,SILVER,볼캡,2,2,2,81000
2025-12-05,SILVER,여성,1,1,1,57180
2025-12-06,FAMILY,남성,23,22,27,1794370
2025-12-06,FAMILY,여성,3,3,3,338360
2025-12-06,FAMILY,다운/ 패딩,1,1,1,159080
2025-12-06,FAMILY,등산화,1,1,1,132300
2025-12-06,FAMILY,상의,1,1,1,65000
2025-12-06,FAMILY,셋업,1,1,1,27940
2025-12-06,FAMILY,장갑,1,1,1,23820
2025-12-06,GOLD,남성,2,2,2,225070
2025-12-06,SILVER,남성,3,3,6,935800
2025-12-06,SILVER,부츠,1,1,1,123110
2025-12-06,SILVER,긴바지,1,1,1,34990
2025-12-06,TITANIUM,남성,2,2,3,189220
2025-12-06,TITANIUM,셋업,1,1,1,116080
2025-12-06,TITANIUM,여성,1,1,1,92580
2025-12-07,FAMILY,남성,22,21,32,2447770
2025-12-07,FAMILY,여성,7,6,9,760680
2025-12-07,FAMILY,셋업,1,1,1,155700
2025-12-07,FAMILY,장갑,3,3,3,101020
2025-12-07,FAMILY,패딩/슬림다운,1,1,1,89000
2025-12-07,FAMILY,부츠,1,1,1,74500
2025-12-07,FAMILY,상의,1,1,1,58440
2025-12-07,GOLD,남성,4,4,5,667790
2025-12-07,GOLD,여성,1,1,1,83520
2025-12-07,SILVER,남성,6,6,8,1726490
2025-12-07,SILVER,여성,1,1,1,62100
2025-12-07,SILVER,맨투맨/후드티,1,1,1,34790
2025-12-08,FAMILY,남성,29,29,42,2570990
2025-12-08,FAMILY,여성,4,4,4,324580
2025-12-08,FAMILY,패딩/슬림다운,1,1,1,66000
2025-12-08,SILVER,남성,6,6,10,1291130
2025-12-08,SILVER,등산화,1,1,1,87300
2025-12-09,FAMILY,남성,34,33,49,2939000
2025-12-09,FAMILY,여성,5,5,7,902500
2025-12-09,FAMILY,부츠,1,1,1,148500
2025-12-09,FAMILY,셋업,1,1,1,126260
2025-12-09,FAMILY,등산화,1,1,1,99500
2025-12-09,FAMILY,패딩/슬림다운,1,1,1,87550
2025-12-09,GOLD,남성,1,1,2,90660
2025-12-09,GOLD,셋업,1,1,1,83510
2025-12-09,GOLD,라운드티,1,1,1,32850
2025-12-09,SILVER,여성,1,1,3,289490
2025-12-09,SILVER,남성,2,2,2,93900
2025-12-09,TITANIUM,남성,1,1,5,695000
2025-12-10,FAMILY,남성,19,19,27,1858530
2025-12-10,FAMILY,여성,3,3,4,502500
2025-12-10,FAMILY,긴바지,1,1,1,45880
2025-12-10,FAMILY,라운드티,1,1,1,35000
2025-12-10,FAMILY,장갑,1,1,1,23270
2025-12-10,GOLD,셋업,1,1,2,270400
2025-12-10,GOLD,남성,1,1,1,135200
2025-12-10,SILVER,남성,2,2,9,359690
2025-12-10,SILVER,긴바지,1,1,1,45610
2025-12-10,TITANIUM,남성,1,1,1,87400
2025-12-11,FAMILY,남성,16,16,19,1299060
2025-12-11,FAMILY,여성,6,6,6,350220
2025-12-11,FAMILY,다운/ 패딩,1,1,1,156410
2025-12-11,FAMILY,바람막이,1,1,1,129500
2025-12-11,FAMILY,패딩/슬림다운,1,1,1,81000
2025-12-11,FAMILY,긴바지,1,1,1,47000
2025-12-11,FAMILY,맨투맨/후드티,1,1,1,46410
2025-12-11,FAMILY,라운드티,1,1,1,20510
2025-12-11,SILVER,남성,6,6,7,1179790
2025-12-11,SILVER,등산화,1,1,1,151300
2025-12-12,FAMILY,남성,33,33,40,4330210
2025-12-12,FAMILY,여성,3,3,3,339070
2025-12-12,FAMILY,액세서리,1,1,1,22300
2025-12-12,FAMILY,볼캡,1,1,1,18000
2025-12-12,GOLD,남성,6,4,10,2000820
2025-12-12,GOLD,여성,2,2,2,130410
2025-12-12,GOLD,볼캡,1,1,1,45000
2025-12-12,SILVER,남성,20,17,35,5890990
2025-12-12,SILVER,여성,3,3,5,1226770
2025-12-13,FAMILY,남성,24,23,32,1861170
2025-12-13,FAMILY,여성,4,4,6,433660
2025-12-13,FAMILY,등산화,2,2,2,190800
2025-12-13,FAMILY,볼캡,1,1,1,35060
2025-12-13,FAMILY,셋업,1,1,1,25100
2025-12-13,SILVER,남성,2,2,5,809870
2025-12-14,FAMILY,남성,29,29,36,2148830
2025-12-14,FAMILY,여성,2,2,2,478660
2025-12-14,FAMILY,등산화,1,1,1,132300
2025-12-14,FAMILY,라운드티,2,2,2,68710
2025-12-14,FAMILY,셋업,1,1,1,30800
2025-12-14,FAMILY,장갑,1,1,1,27070
2025-12-14,GOLD,다운/ 패딩,1,1,1,160120
2025-12-14,GOLD,등산화,1,1,1,146980
2025-12-14,GOLD,여성,1,1,2,88400
2025-12-14,GOLD,남성,1,1,1,83140
2025-12-14,SILVER,남성,8,8,11,1341450
2025-12-14,SILVER,여성,1,1,1,462800
2025-12-14,SILVER,셋업,1,1,1,134530
2025-12-14,SILVER,맨투맨/후드티,1,1,1,24500
2025-12-14,TITANIUM,남성,1,1,2,268300
2025-12-14,TITANIUM,여성,1,1,1,155000
2025-12-14,TITANIUM,상의,1,1,1,65000
2025-12-15,FAMILY,남성,47,46,69,4223520
2025-12-15,FAMILY,여성,4,4,5,695810
2025-12-15,FAMILY,셋업,11,11,12,672700
2025-12-15,FAMILY,맨투맨/후드티,9,9,10,470730
2025-12-15,FAMILY,긴바지,8,8,9,349780
2025-12-15,FAMILY,자켓/ 베스트,6,6,6,270140
2025-12-15,FAMILY,장갑,2,2,2,77920
2025-12-15,FAMILY,상의,2,2,2,75350
2025-12-15,FAMILY,UNKNOWN,1,1,1,31800
2025-12-15,FAMILY,라운드티,1,1,1,27390
2025-12-15,GOLD,셋업,1,1,3,239860
2025-12-15,GOLD,여성,2,1,3,224080
2025-12-15,GOLD,자켓/베스트,1,1,2,126860
2025-12-15,GOLD,남성,1,1,3,105400
2025-12-15,GOLD,자켓/ 베스트,1,1,1,79290
2025-12-15,GOLD,장갑,1,1,1,59000
2025-12-15,SILVER,남성,14,14,30,3907630
2025-12-15,SILVER,셋업,3,3,3,140180
2025-12-15,SILVER,자켓/베스트,1,1,1,82480
2025-12-15,SILVER,상의,1,1,1,47860
2025-12-15,SILVER,맨투맨/후드티,1,1,1,40820
2025-12-15,SILVER,자켓/ 베스트,1,1,1,39070
2025-12-15,SILVER,긴바지,1,1,1,34190
2025-12-15,SILVER,볼캡,1,1,2,29920
2025-12-15,SILVER,여성,1,1,1,29000
2025-12-15,TITANIUM,남성,1,1,2,71200
2025-12-15,TITANIUM,긴바지,1,1,2,35000
2025-12-16,FAMILY,남성,21,21,25,1247910
2025-12-16,FAMILY,여성,10,10,10,930440
2025-12-16,FAMILY,맨투맨/후드티,3,3,3,137460
2025-12-16,FAMILY,등산화,1,1,1,74500
2025-12-16,FAMILY,자켓/베스트,1,1,1,59850
2025-12-16,FAMILY,상의,1,1,1,47670
2025-12-16,FAMILY,자켓/ 베스트,1,1,1,38000
2025-12-16,FAMILY,셋업,1,1,1,31000
2025-12-16,FAMILY,긴바지,1,1,1,30650
2025-12-16,FAMILY,볼캡,1,1,1,27500
2025-12-16,GOLD,여성,1,1,1,527200
2025-12-16,GOLD,남성,2,2,3,268970
2025-12-16,SILVER,남성,7,6,9,1402130
2025-12-16,SILVER,여성,1,1,1,519490
2025-12-16,SILVER,미드/롱다운,1,1,1,155030
2025-12-16,SILVER,맨투맨/후드티,1,1,1,46320
2025-12-16,SILVER,상의,1,1,1,46320
2025-12-16,SILVER,볼캡,1,1,1,35820
2025-12-17,FAMILY,남성,24,24,58,8739610
2025-12-17,FAMILY,미드/롱다운,2,2,3,485500
2025-12-17,FAMILY,여성,4,4,5,450150
2025-12-17,FAMILY,등산화,3,3,3,347320
2025-12-17,FAMILY,셋업,5,5,5,196060
2025-12-17,FAMILY,맨투맨/후드티,2,2,3,135460
2025-12-17,FAMILY,볼캡,4,4,4,131440
2025-12-17,FAMILY,바람막이,1,1,1,124000
2025-12-17,FAMILY,장갑,1,1,1,50340
2025-12-17,FAMILY,자켓/ 베스트,1,1,1,39420
2025-12-17,FAMILY,UNKNOWN,1,1,1,39180
2025-12-17,FAMILY,긴바지,1,1,1,35000
2025-12-17,FAMILY,라운드티,1,1,1,35000
2025-12-17,GOLD,여성,1,1,4,257710
2025-12-17,SILVER,남성,9,9,14,1409000
2025-12-17,SILVER,셋업,2,2,4,222360
2025-12-17,SILVER,미드/롱다운,1,1,1,215000
2025-12-17,SILVER,긴바지,3,3,4,184540
2025-12-17,SILVER,맨투맨/후드티,2,2,2,98000
2025-12-17,SILVER,여성,1,1,1,51040
2025-12-18,FAMILY,남성,21,21,27,1654850
2025-12-18,FAMILY,여성,4,4,6,358750
2025-12-18,FAMILY,자켓/ 베스트,6,6,7,268260
2025-12-18,FAMILY,미드/롱다운,1,1,1,161220
2025-12-18,FAMILY,맨투맨/후드티,3,3,3,144580
2025-12-18,FAMILY,바람막이,1,1,1,129000
2025-12-18,FAMILY,폴로티/집업,1,1,1,59000
2025-12-18,FAMILY,라운드티,2,2,2,51010
2025-12-18,FAMILY,장갑,1,1,1,42010
2025-12-18,FAMILY,볼캡,2,2,2,40650
2025-12-18,FAMILY,셋업,1,1,1,26770
2025-12-18,FAMILY,긴바지,1,1,1,25000
2025-12-18,GOLD,여성,1,1,2,113790
2025-12-18,GOLD,라운드티,1,1,1,29950
2025-12-18,SILVER,자켓/베스트,2,1,6,502000
2025-12-18,SILVER,남성,3,3,4,314390
2025-12-18,SILVER,여성,1,1,1,229340
2025-12-18,SILVER,셋업,1,1,1,106770
2025-12-18,SILVER,자켓/ 베스트,1,1,1,37610
2025-12-18,SILVER,볼캡,1,1,1,37000
2025-12-19,FAMILY,남성,20,20,23,1745060
2025-12-19,FAMILY,다운/ 패딩,1,1,1,163720
2025-12-19,FAMILY,셋업,2,2,2,99610
2025-12-19,FAMILY,여성,1,1,1,60320
2025-12-19,FAMILY,상의,1,1,1,37000
2025-12-19,FAMILY,셔츠,1,1,1,34500
2025-12-19,GOLD,남성,5,4,8,1096040
2025-12-19,SILVER,남성,4,4,6,1059210
2025-12-19,SILVER,여성,3,3,4,878470
2025-12-19,SILVER,다운/ 패딩,1,1,1,167000
2025-12-19,SILVER,셋업,2,2,2,112650
2025-12-19,SILVER,맨투맨/후드티,1,1,2,98000
2025-12-19,SILVER,자켓/ 베스트,2,2,2,67330
2025-12-19,SILVER,볼캡,1,1,1,27920
2025-12-20,FAMILY,남성,15,15,20,1135550
2025-12-20,FAMILY,다운/ 패딩,1,1,1,165790
2025-12-20,FAMILY,미드/롱다운,1,1,1,162660
2025-12-20,FAMILY,긴바지,3,3,3,148130
2025-12-20,FAMILY,맨투맨/후드티,2,2,3,146540
2025-12-20,FAMILY,자켓/ 베스트,3,3,3,118180
2025-12-20,FAMILY,여성,1,1,1,89000
2025-12-20,FAMILY,자켓/베스트,1,1,1,57000
2025-12-20,GOLD,남성,1,1,1,83960
2025-12-20,SILVER,남성,2,2,3,429740
2025-12-20,SILVER,바람막이,1,1,1,86570
2025-12-21,FAMILY,남성,34,34,47,2656590
2025-12-21,FAMILY,여성,7,7,7,1019590
2025-12-21,FAMILY,부츠,2,1,2,228400
2025-12-21,FAMILY,다운/ 패딩,1,1,1,158000
2025-12-21,FAMILY,셋업,2,2,2,145480
2025-12-21,FAMILY,자켓/ 베스트,3,3,3,140080
2025-12-21,FAMILY,볼캡,2,2,2,61200
2025-12-21,FAMILY,자켓/베스트,1,1,1,59000
2025-12-21,FAMILY,맨투맨/후드티,1,1,1,49000
2025-12-21,GOLD,남성,1,1,5,745000
2025-12-21,SILVER,남성,4,4,7,381410
2025-12-21,SILVER,여성,1,1,1,97300
2025-12-21,TITANIUM,남성,1,1,1,83200
2025-12-22,FAMILY,남성,28,27,36,2053880
2025-12-22,FAMILY,여성,4,4,5,500950
2025-12-22,FAMILY,자켓/ 베스트,3,3,3,187750
2025-12-22,FAMILY,바람막이,1,1,2,180600
2025-12-22,FAMILY,맨투맨/후드티,2,2,2,89430
2025-12-22,FAMILY,셋업,1,1,1,71550
2025-12-22,FAMILY,셔츠,1,1,1,60970
2025-12-22,FAMILY,긴바지,1,1,1,20770
2025-12-22,GOLD,남성,1,1,1,99000
2025-12-22,SILVER,남성,3,3,3,190440
2025-12-22,SILVER,여성,2,2,3,173680
2025-12-22,TITANIUM,남성,1,1,20,2384000
2025-12-23,FAMILY,남성,34,34,44,2191380
2025-12-23,FAMILY,여성,9,9,10,610300
2025-12-23,FAMILY,셋업,5,5,6,194180
2025-12-23,FAMILY,다운/ 패딩,1,1,1,166800
2025-12-23,FAMILY,부츠,1,1,1,83000
2025-12-23,FAMILY,자켓/ 베스트,1,1,1,40000
2025-12-23,FAMILY,볼캡,1,1,1,35260
2025-12-23,GOLD,남성,2,2,2,361000
2025-12-23,SILVER,남성,8,6,16,778140
2025-12-23,SILVER,미드/롱다운,1,1,1,210700
2025-12-23,SILVER,다운/ 패딩,1,1,1,164000
2025-12-23,SILVER,자켓/ 베스트,2,2,2,141390
2025-12-23,SILVER,셋업,1,1,1,124730
2025-12-23,SILVER,여성,3,3,3,115200
2025-12-23,SILVER,자켓/베스트,1,1,1,82490
2025-12-23,SILVER,맨투맨/후드티,1,1,1,49000
2025-12-23,SILVER,버킷/부니,1,1,1,37570
2025-12-24,FAMILY,남성,20,20,45,11158570
2025-12-24,FAMILY,여성,5,5,6,452950
2025-12-24,FAMILY,라운드티,2,2,3,102680
2025-12-24,FAMILY,볼캡,2,2,2,62630
2025-12-24,FAMILY,상의,1,1,1,47000
2025-12-24,FAMILY,자켓/ 베스트,1,1,1,32480
2025-12-24,FAMILY,장갑,1,1,1,25670
2025-12-24,SILVER,남성,9,8,15,1629130
2025-12-24,SILVER,여성,1,1,2,306300
2025-12-24,SILVER,미드/롱다운,1,1,1,215000
2025-12-24,SILVER,긴바지,1,1,1,82610
2025-12-24,SILVER,맨투맨/후드티,1,1,1,44430
2025-12-25,FAMILY,남성,20,20,24,1306380
2025-12-25,FAMILY,여성,7,7,8,544390
2025-12-25,FAMILY,등산화,1,1,1,127200
2025-12-25,FAMILY,상의,2,2,2,90580
2025-12-25,FAMILY,맨투맨/후드티,1,1,1,39000
2025-12-25,FAMILY,볼캡,1,1,1,35300
2025-12-25,FAMILY,자켓/ 베스트,1,1,1,30000
2025-12-25,FAMILY,UNKNOWN,1,1,1,29000
2025-12-25,GOLD,남성,1,1,2,17000
2025-12-25,SILVER,남성,4,4,6,499310
2025-12-25,SILVER,여성,1,1,1,109520
2025-12-25,SILVER,상의,1,1,2,98000
2025-12-25,SILVER,맨투맨/후드티,1,1,1,24500
2025-12-25,SILVER,UNKNOWN,1,1,1,12380
2025-12-26,FAMILY,남성,35,35,55,3195360
2025-12-26,FAMILY,여성,7,7,10,747780
2025-12-26,FAMILY,셋업,3,3,3,194740
2025-12-26,FAMILY,자켓/ 베스트,2,2,2,109100
2025-12-26,FAMILY,볼캡,2,2,3,101600
2025-12-26,FAMILY,등산화,1,1,1,99500
2025-12-26,FAMILY,상의,2,2,2,88280
2025-12-26,FAMILY,자켓/베스트,1,1,1,80690
2025-12-26,FAMILY,맨투맨/후드티,1,1,1,49000
2025-12-26,FAMILY,긴바지,1,1,1,33770
2025-12-26,FAMILY,장갑,1,1,1,27420
2025-12-26,GOLD,여성,1,1,1,527200
2025-12-26,GOLD,다운/ 패딩,1,1,1,154710
2025-12-26,SILVER,남성,10,10,14,1092750
2025-12-26,SILVER,여성,2,2,3,171940
2025-12-26,SILVER,셋업,1,1,1,163940
2025-12-26,SILVER,맨투맨/후드티,2,2,2,86420
2025-12-26,TITANIUM,볼캡,1,1,2,68120
2025-12-27,FAMILY,남성,20,20,27,1671920
2025-12-27,FAMILY,여성,1,1,1,262650
2025-12-27,FAMILY,자켓/ 베스트,3,3,3,213300
2025-12-27,FAMILY,셋업,1,1,1,90990
2025-12-27,FAMILY,긴바지,2,2,2,74000
2025-12-27,FAMILY,상의,1,1,1,43800
2025-12-27,FAMILY,장갑,1,1,1,27850
2025-12-27,GOLD,남성,1,1,1,110450
2025-12-27,SILVER,남성,10,10,13,1048110
2025-12-27,SILVER,여성,2,2,2,236280
2025-12-27,SILVER,자켓/ 베스트,2,2,2,114200
2025-12-27,TITANIUM,남성,1,1,1,140770
2025-12-28,FAMILY,남성,30,30,40,2140380
2025-12-28,FAMILY,여성,4,4,4,273640
2025-12-28,FAMILY,긴바지,1,1,1,37000
2025-12-28,GOLD,남성,1,1,3,496400
2025-12-28,SILVER,남성,3,3,6,386950
2025-12-28,SILVER,여성,1,1,1,263300
2025-12-28,SILVER,다운/ 패딩,1,1,1,167000
2025-12-28,SILVER,상의,1,1,1,44910
2025-12-29,FAMILY,남성,20,20,23,1624310
2025-12-29,FAMILY,여성,4,4,5,419010
2025-12-29,FAMILY,다운/ 패딩,2,2,2,297500
2025-12-29,FAMILY,셋업,1,1,1,130820
2025-12-29,FAMILY,라운드티,1,1,1,18920
2025-12-29,GOLD,남성,1,1,2,118000
2025-12-29,SILVER,남성,6,5,8,550300
2025-12-29,SILVER,여성,2,2,3,244040
2025-12-29,SILVER,다운/ 패딩,1,1,1,156660
2025-12-29,TITANIUM,셋업,1,1,5,593400
2025-12-30,FAMILY,남성,19,18,26,1524500
2025-12-30,FAMILY,여성,4,4,4,532100
2025-12-30,FAMILY,셋업,1,1,1,99500
2025-12-30,FAMILY,등산화,1,1,1,91850
2025-12-30,FAMILY,라운드티,1,1,1,35000
2025-12-30,GOLD,여성,2,2,2,305790
2025-12-30,GOLD,다운/ 패딩,1,1,1,167000
2025-12-30,SILVER,남성,7,7,8,1352020
2025-12-31,FAMILY,남성,39,39,91,3261580
2025-12-31,FAMILY,바람막이,10,1,10,645000
2025-12-31,FAMILY,여성,6,6,7,612500
2025-12-31,FAMILY,다운/ 패딩,1,1,1,163650
2025-12-31,FAMILY,등산화,1,1,1,122040
2025-12-31,FAMILY,맨투맨/후드티,2,2,2,114230
2025-12-31,FAMILY,셋업,1,1,1,108000
2025-12-31,FAMILY,상의,1,1,1,53000
2025-12-31,GOLD,남성,3,2,3,352150
2025-12-31,GOLD,셋업,1,1,1,84230
2025-12-31,SILVER,남성,9,9,20,1788560
2025-12-31,SILVER,인터체인지 (3 in 1),1,1,1,393710
2025-12-31,SILVER,여성,3,3,3,355340
2025-12-31,SILVER,셔츠,1,1,1,79780
2026-01-01,FAMILY,남성,23,23,27,1970310
2026-01-01,FAMILY,여성,6,6,6,385330
2026-01-01,FAMILY,다운/ 패딩,1,1,1,167000
2026-01-01,FAMILY,자켓/ 베스트,1,1,1,106240
2026-01-01,FAMILY,자켓/베스트,1,1,1,101000
2026-01-01,FAMILY,상의,1,1,1,64190
2026-01-01,FAMILY,볼캡,1,1,1,43050
2026-01-01,SILVER,남성,2,2,3,158680
2026-01-01,TITANIUM,남성,1,1,1,167200
2026-01-01,TITANIUM,여성,1,1,1,67870
2026-01-02,FAMILY,남성,24,23,30,2966070
2026-01-02,FAMILY,여성,2,2,2,49320
2026-01-02,FAMILY,맨투맨/후드티,1,1,1,49000
2026-01-02,GOLD,남성,1,1,1,23200
2026-01-02,SILVER,남성,3,3,4,1093940
2026-01-02,SILVER,여성,4,4,4,797060
2026-01-03,FAMILY,남성,17,17,24,1314730
2026-01-03,FAMILY,여성,3,3,3,190370
2026-01-03,FAMILY,자켓/ 베스트,1,1,1,111000
2026-01-03,FAMILY,셋업,1,1,1,109690
2026-01-03,GOLD,셋업,1,1,1,89000
2026-01-03,SILVER,남성,3,3,5,285690
2026-01-04,FAMILY,남성,19,18,23,1415090
2026-01-04,FAMILY,여성,6,5,7,515430
2026-01-04,FAMILY,자켓/ 베스트,2,2,2,155680
2026-01-04,SILVER,셋업,1,1,3,324970
2026-01-04,SILVER,남성,2,2,2,235170
2026-01-04,SILVER,여성,1,1,1,93770
2026-01-05,FAMILY,남성,17,17,22,1998220
2026-01-05,FAMILY,여성,2,2,2,106930
2026-01-05,FAMILY,자켓/ 베스트,1,1,1,71000
2026-01-05,FAMILY,장갑,1,1,1,25940
2026-01-05,SILVER,남성,2,2,5,232550
2026-01-05,TITANIUM,남성,1,1,3,454480
2026-01-06,FAMILY,남성,22,22,26,2491060
2026-01-06,FAMILY,여성,9,9,9,1348920
2026-01-06,FAMILY,셋업,1,1,1,169710
2026-01-06,FAMILY,맨투맨/후드티,2,2,2,88920
2026-01-06,FAMILY,액세서리,2,2,4,24940
2026-01-06,SILVER,여성,1,1,3,215220
2026-01-06,SILVER,상의,1,1,1,65000
2026-01-06,SILVER,남성,2,2,2,38880
2026-01-06,SILVER,UNKNOWN,1,1,1,11810
2026-01-06,TITANIUM,셋업,1,1,1,89000
2026-01-07,FAMILY,남성,18,18,22,1136200
2026-01-07,FAMILY,여성,3,3,7,461900
2026-01-07,FAMILY,맨투맨/후드티,2,2,2,112310
2026-01-07,FAMILY,등산화,1,1,1,97140
2026-01-07,FAMILY,자켓/ 베스트,1,1,1,38390
2026-01-07,FAMILY,액세서리,1,1,1,8620
2026-01-07,GOLD,남성,1,1,2,504570
2026-01-07,GOLD,셋업,1,1,1,89000
2026-01-07,SILVER,남성,1,1,2,38440
2026-01-08,FAMILY,남성,26,21,29,2209080
2026-01-08,FAMILY,여성,1,1,1,104500
2026-01-08,FAMILY,셋업,2,2,2,80000
2026-01-08,FAMILY,액세서리,2,2,5,34930
2026-01-08,FAMILY,장갑,1,1,1,25720
2026-01-08,GOLD,남성,2,2,5,679960
2026-01-08,SILVER,남성,3,3,4,252210
2026-01-08,SILVER,여성,2,2,2,97000
2026-01-08,TITANIUM,남성,1,1,1,75400
2026-01-09,FAMILY,남성,35,35,58,3610910
2026-01-09,FAMILY,여성,7,7,7,830110
2026-01-09,FAMILY,긴바지,2,2,2,129200
2026-01-09,FAMILY,셔츠,1,1,1,48990
2026-01-09,FAMILY,셋업,1,1,1,39310
2026-01-09,FAMILY,액세서리,3,3,4,33990
2026-01-09,FAMILY,라운드티,1,1,1,26320
2026-01-09,GOLD,남성,1,1,1,156000
2026-01-09,SILVER,여성,3,3,4,233110
2026-01-09,SILVER,남성,1,1,1,26200
2026-01-09,TITANIUM,남성,2,2,5,545320
2026-01-10,FAMILY,남성,15,15,20,1419250
2026-01-10,FAMILY,여성,3,3,3,288160
2026-01-10,FAMILY,자켓/ 베스트,1,1,1,97000
2026-01-10,FAMILY,볼캡,1,1,1,35850
2026-01-10,FAMILY,액세서리,2,2,4,35000
2026-01-10,TITANIUM,남성,1,1,1,50330
2026-01-11,FAMILY,남성,23,23,28,1730450
2026-01-11,FAMILY,여성,3,3,3,966510
2026-01-11,FAMILY,미드/롱다운,1,1,1,197000
2026-01-11,FAMILY,맨투맨/후드티,2,2,2,114290
2026-01-11,FAMILY,패딩/슬림다운,1,1,1,79320
2026-01-11,FAMILY,액세서리,1,1,1,6720
2026-01-12,FAMILY,남성,19,19,19,1609610
2026-01-12,FAMILY,여성,3,3,3,216160
2026-01-12,FAMILY,등산화,1,1,1,134500
2026-01-12,FAMILY,자켓/베스트,1,1,1,49050
2026-01-12,FAMILY,액세서리,2,2,4,36000
2026-01-12,GOLD,등산화,1,1,1,105280
2026-01-12,GOLD,여성,1,1,1,69720
2026-01-12,SILVER,남성,5,4,6,829890
2026-01-12,SILVER,여성,1,1,1,31600
2026-01-13,FAMILY,남성,10,10,15,1014500
2026-01-13,FAMILY,등산화,1,1,1,122100
2026-01-13,FAMILY,셋업,1,1,1,89000
2026-01-13,FAMILY,여성,1,1,1,28400
2026-01-13,FAMILY,액세서리,2,2,2,17110
2026-01-13,SILVER,셋업,1,1,2,186470
2026-01-14,FAMILY,남성,22,21,29,1889750
2026-01-14,FAMILY,여성,3,3,5,498000
2026-01-14,FAMILY,등산화,2,2,2,228870
2026-01-14,FAMILY,자켓/ 베스트,1,1,1,49890
2026-01-14,FAMILY,장갑,1,1,1,49000
2026-01-14,SILVER,남성,2,2,3,293000
2026-01-14,SILVER,버킷/부니,1,1,1,32200
2026-01-15,FAMILY,남성,15,14,16,1055850
2026-01-15,FAMILY,여성,3,3,3,177470
2026-01-15,FAMILY,셋업,1,1,1,109580
2026-01-15,FAMILY,액세서리,1,1,1,8430
2026-01-15,SILVER,남성,3,3,4,266870
2026-01-15,SILVER,여성,1,1,2,140150
2026-01-15,SILVER,상의,1,1,1,59850
2026-01-15,TITANIUM,남성,1,1,1,67150
2026-01-16,FAMILY,남성,6,6,6,382290
2026-01-16,FAMILY,부츠,1,1,1,100940
2026-01-16,FAMILY,패딩/슬림다운,1,1,1,86090
2026-01-16,FAMILY,여성,1,1,1,80200
2026-01-16,FAMILY,액세서리,1,1,4,30570
2026-01-16,SILVER,남성,2,2,2,142190
2026-01-17,FAMILY,여성,6,6,8,1089250
2026-01-17,FAMILY,남성,10,10,10,626820
2026-01-17,FAMILY,부츠,1,1,1,111300
2026-01-17,FAMILY,셋업,1,1,1,89000
2026-01-17,FAMILY,액세서리,3,3,8,67860
2026-01-17,SILVER,액세서리,1,1,1,7400
2026-01-18,FAMILY,남성,12,12,19,1384970
2026-01-18,FAMILY,여성,3,3,3,282920
2026-01-18,FAMILY,액세서리,1,1,3,19330
2026-01-18,SILVER,남성,1,1,1,118300
2026-01-18,SILVER,셋업,1,1,1,111650
2026-01-19,FAMILY,남성,13,13,22,1632240
2026-01-19,FAMILY,여성,4,4,4,849190
2026-01-19,FAMILY,셋업,2,2,2,171360
2026-01-19,FAMILY,맨투맨/후드티,1,1,1,42690
2026-01-19,FAMILY,라운드티,1,1,1,29550
2026-01-19,FAMILY,액세서리,1,1,3,26560
2026-01-19,FAMILY,버킷/부니,1,1,1,24010
2026-01-19,GOLD,남성,1,1,2,211440
2026-01-19,GOLD,여성,1,1,2,177750
2026-01-19,SILVER,남성,5,5,6,303530
2026-01-19,SILVER,여성,2,2,3,169690
2026-01-19,TITANIUM,남성,1,1,1,16960
2026-01-20,FAMILY,남성,22,22,24,2668460
2026-01-20,FAMILY,여성,3,3,3,310900
2026-01-20,FAMILY,셋업,1,1,1,107510
2026-01-20,FAMILY,UNKNOWN,1,1,1,39360
2026-01-20,SILVER,남성,4,4,5,328220
2026-01-20,SILVER,여성,1,1,1,63930
2026-01-21,FAMILY,남성,12,12,20,1350120
2026-01-21,FAMILY,여성,5,5,8,505210
2026-01-21,FAMILY,다운/ 패딩,1,1,1,163120
2026-01-21,FAMILY,맨투맨/후드티,1,1,1,41350
2026-01-21,FAMILY,액세서리,1,1,1,9000
2026-01-21,GOLD,남성,2,2,6,489290
2026-01-21,SILVER,남성,2,2,4,220900
2026-01-21,SILVER,등산화,1,1,1,137270
2026-01-21,SILVER,자켓/ 베스트,1,1,1,105660
2026-01-22,FAMILY,남성,34,33,39,3549950
2026-01-22,FAMILY,여성,3,3,3,356890
2026-01-22,FAMILY,긴바지,1,1,1,107000
2026-01-22,FAMILY,자켓/ 베스트,1,1,1,104880
2026-01-22,FAMILY,맨투맨/후드티,1,1,1,59000
2026-01-22,FAMILY,액세서리,3,3,3,26310
2026-01-22,GOLD,남성,1,1,1,68000
2026-01-22,SILVER,남성,4,4,7,277760
2026-01-22,SILVER,긴바지,1,1,1,42820
2026-01-23,FAMILY,남성,12,12,15,1184980
2026-01-23,FAMILY,여성,4,4,6,581630
2026-01-23,FAMILY,등산화,2,2,2,208910
2026-01-23,FAMILY,액세서리,1,1,2,13960
2026-01-23,GOLD,여성,1,1,1,226790
2026-01-23,GOLD,남성,1,1,2,220000
2026-01-23,SILVER,남성,1,1,1,111200
2026-01-23,SILVER,액세서리,1,1,3,23000
2026-01-23,SILVER,여성,1,1,1,21000
2026-01-24,FAMILY,남성,17,17,20,1328430
2026-01-24,FAMILY,여성,4,4,4,577540
2026-01-24,FAMILY,액세서리,2,2,6,52000
2026-01-24,FAMILY,자켓/베스트,1,1,1,51600
2026-01-24,FAMILY,자켓/ 베스트,1,1,1,39930
2026-01-24,SILVER,여성,1,1,2,1052400
2026-01-24,SILVER,남성,5,4,8,821880
2026-01-24,SILVER,셋업,1,1,1,144670
2026-01-24,SILVER,셔츠,1,1,1,78830
2026-01-24,SILVER,액세서리,1,1,2,18000
2026-01-25,FAMILY,남성,19,17,35,1855640
2026-01-25,FAMILY,여성,2,2,2,206370
2026-01-25,FAMILY,등산화,1,1,1,130300
2026-01-25,FAMILY,맨투맨/후드티,1,1,1,49500
2026-01-25,FAMILY,액세서리,2,2,5,41660
2026-01-25,GOLD,여성,1,1,1,224820
2026-01-25,GOLD,남성,1,1,1,40000
2026-01-25,SILVER,남성,3,2,4,526490
2026-01-26,FAMILY,남성,18,18,22,1966350
2026-01-26,FAMILY,여성,6,6,8,1454100
2026-01-26,FAMILY,등산화,2,2,2,246990
2026-01-26,FAMILY,자켓/ 베스트,1,1,1,46640
2026-01-26,FAMILY,셋업,1,1,1,41000
2026-01-26,FAMILY,액세서리,2,2,2,14670
2026-01-26,SILVER,여성,1,1,1,127600
2026-01-27,FAMILY,남성,16,16,19,1321350
2026-01-27,FAMILY,여성,4,4,5,690010
2026-01-27,FAMILY,다운/ 패딩,1,1,1,167000
2026-01-27,FAMILY,맨투맨/후드티,1,1,1,45360
2026-01-27,FAMILY,라운드티,1,1,1,22530
2026-01-27,FAMILY,액세서리,1,1,2,12230
2026-01-27,SILVER,남성,3,3,4,494000
2026-01-28,FAMILY,남성,18,18,31,1481720
2026-01-28,FAMILY,여성,3,3,4,356710
2026-01-28,FAMILY,자켓/ 베스트,1,1,1,94500
2026-01-28,FAMILY,셋업,1,1,1,87090
2026-01-28,FAMILY,라운드티,1,1,1,24980
2026-01-28,FAMILY,액세서리,1,1,1,7370
2026-01-28,GOLD,남성,1,1,1,109200
2026-01-28,SILVER,남성,1,1,1,37840
2026-01-29,FAMILY,남성,13,13,22,1466240
2026-01-29,FAMILY,여성,3,3,6,471000
2026-01-29,FAMILY,등산화,2,2,2,207800
2026-01-29,FAMILY,장갑,1,1,1,59000
2026-01-29,FAMILY,상의,1,1,1,54500
2026-01-29,FAMILY,라운드티,1,1,1,22910
2026-01-29,FAMILY,액세서리,1,1,1,8630
2026-01-29,GOLD,남성,1,1,1,86930
2026-01-29,SILVER,남성,2,2,7,371610
2026-01-29,SILVER,액세서리,1,1,1,9000
2026-01-30,FAMILY,남성,50,49,59,3079260
2026-01-30,FAMILY,여성,7,7,10,782770
2026-01-30,FAMILY,다운/ 패딩,4,4,4,376770
2026-01-30,FAMILY,미드/롱다운,1,1,1,325000
2026-01-30,FAMILY,등산화,2,2,2,207930
2026-01-30,FAMILY,긴바지,4,4,5,170200
2026-01-30,FAMILY,패딩/슬림다운,2,2,2,118900
2026-01-30,FAMILY,맨투맨/후드티,2,2,2,97250
2026-01-30,FAMILY,라운드티,3,3,3,47500
2026-01-30,FAMILY,액세서리,5,5,10,45620
2026-01-30,FAMILY,볼캡,1,1,1,25000
2026-01-30,FAMILY,자켓/ 베스트,2,2,2,19578
2026-01-30,FAMILY,장갑,1,1,1,14660
2026-01-30,GOLD,남성,1,1,4,408080
2026-01-30,GOLD,맨투맨/후드티,1,1,1,57100
2026-01-30,SILVER,남성,3,3,4,275760
2026-01-30,SILVER,여성,1,1,1,117920
2026-01-30,TITANIUM,남성,1,1,2,272500
2026-01-31,FAMILY,남성,48,47,64,4348680
2026-01-31,FAMILY,여성,4,4,7,375980
2026-01-31,FAMILY,등산화,3,3,3,335290
2026-01-31,FAMILY,패딩/슬림다운,2,2,2,119750
2026-01-31,FAMILY,셋업,1,1,1,113000
2026-01-31,FAMILY,자켓/ 베스트,6,6,6,96944
2026-01-31,FAMILY,맨투맨/후드티,2,2,2,92540
2026-01-31,FAMILY,액세서리,8,8,11,70370
2026-01-31,FAMILY,장갑,1,1,1,27060
2026-01-31,FAMILY,라운드티,1,1,1,17500
2026-01-31,FAMILY,UNKNOWN,1,1,1,7990
2026-01-31,GOLD,여성,1,1,2,275360
2026-01-31,GOLD,남성,1,1,4,81980
2026-01-31,SILVER,남성,3,3,5,422390
2026-01-31,SILVER,여성,1,1,2,267840
2026-01-31,SILVER,긴바지,1,1,2,87380
2026-01-31,SILVER,셔츠,1,1,1,67610
2026-01-31,TITANIUM,남성,1,1,3,107550
2026-01-31,TITANIUM,다운/ 패딩,1,1,1,106280
2026-01-31,TITANIUM,셔츠,1,1,1,79060
2026-02-01,FAMILY,남성,51,51,62,3059890
2026-02-01,FAMILY,다운/ 패딩,2,2,2,188440
2026-02-01,FAMILY,여성,4,4,4,95150
2026-02-01,FAMILY,액세서리,9,9,10,66010
2026-02-01,FAMILY,자켓/ 베스트,3,3,3,65947
2026-02-01,FAMILY,장갑,1,1,2,30610
2026-02-01,FAMILY,긴바지,1,1,1,27000
2026-02-01,FAMILY,라운드티,1,1,1,17940
2026-02-01,GOLD,남성,1,1,2,224340
2026-02-01,SILVER,남성,3,3,3,268030
2026-02-01,SILVER,자켓/베스트,1,1,1,157250
2026-02-01,SILVER,여성,1,1,1,60800
2026-02-01,SILVER,자켓/ 베스트,1,1,1,21149
2026-02-02,FAMILY,남성,30,30,36,2029930
2026-02-02,FAMILY,등산화,2,2,2,238550
2026-02-02,FAMILY,여성,4,4,4,185280
2026-02-02,FAMILY,자켓/ 베스트,4,4,4,105757
2026-02-02,FAMILY,긴바지,1,1,1,57210
2026-02-02,FAMILY,장갑,1,1,1,14500
2026-02-02,FAMILY,액세서리,1,1,1,4500
2026-02-02,GOLD,남성,1,1,1,95000
2026-02-02,SILVER,여성,2,2,2,451270
2026-02-02,SILVER,남성,2,2,3,131860
2026-02-02,TITANIUM,남성,1,1,1,142470
2026-02-03,FAMILY,남성,26,24,31,1934310
2026-02-03,FAMILY,여성,7,7,11,980790
2026-02-03,FAMILY,셋업,1,1,1,77760
2026-02-03,FAMILY,자켓/ 베스트,2,2,2,58648
2026-02-03,FAMILY,자켓/베스트,1,1,1,29500
2026-02-03,SILVER,여성,1,1,1,200000
2026-02-03,SILVER,남성,2,2,5,83580
2026-02-03,TITANIUM,남성,1,1,1,118300
2026-02-04,FAMILY,남성,25,25,29,2753200
2026-02-04,FAMILY,여성,3,3,3,396100
2026-02-04,FAMILY,다운/ 패딩,3,3,3,287470
2026-02-04,FAMILY,액세서리,6,6,8,50440
2026-02-04,FAMILY,라운드티,1,1,1,22180
2026-02-04,FAMILY,자켓/ 베스트,1,1,1,19749
2026-02-04,FAMILY,볼캡,1,1,1,15810
2026-02-04,GOLD,남성,1,1,2,87690
2026-02-04,SILVER,남성,4,4,6,277210
2026-02-05,FAMILY,남성,31,30,43,3166420
2026-02-05,FAMILY,여성,5,5,8,527680
2026-02-05,FAMILY,패딩/슬림다운,1,1,1,85130
2026-02-05,FAMILY,긴바지,2,2,2,38080
2026-02-05,FAMILY,액세서리,3,3,7,36690
2026-02-05,FAMILY,맨투맨/후드티,1,1,1,33270
2026-02-05,FAMILY,상의,1,1,1,31560
2026-02-05,FAMILY,UNKNOWN,1,1,2,10000
2026-02-05,GOLD,남성,1,1,3,374800
2026-02-05,GOLD,다운/ 패딩,1,1,1,109350
2026-02-05,SILVER,다운/ 패딩,2,2,2,194200
2026-02-05,SILVER,남성,3,3,3,176550
2026-02-05,SILVER,셔츠,1,1,1,66930
2026-02-06,FAMILY,남성,53,53,66,2870677
2026-02-06,FAMILY,여성,11,11,11,788689
2026-02-06,FAMILY,자켓/ 베스트,4,4,4,263738
2026-02-06,FAMILY,등산화,1,1,1,180910
2026-02-06,FAMILY,바람막이,1,1,1,108620
2026-02-06,FAMILY,라운드티,2,2,3,74700
2026-02-06,FAMILY,볼캡,4,4,4,49850
2026-02-06,FAMILY,맨투맨/후드티,1,1,1,49500
2026-02-06,FAMILY,패딩/슬림다운,1,1,1,42250
2026-02-06,FAMILY,셔츠,1,1,1,41230
2026-02-06,FAMILY,상의,1,1,1,21800
2026-02-06,FAMILY,액세서리,4,4,6,19890
2026-02-06,FAMILY,버킷/부니,1,1,1,13000
2026-02-06,FAMILY,UNKNOWN,1,1,1,5040
2026-02-06,SILVER,남성,2,2,2,59370
2026-02-07,FAMILY,남성,17,17,29,2190600
2026-02-07,FAMILY,여성,5,5,13,1172570
2026-02-07,FAMILY,셋업,1,1,2,204000
2026-02-07,FAMILY,등산화,1,1,1,79500
2026-02-07,SILVER,긴바지,2,2,4,310770
2026-02-07,SILVER,셋업,1,1,2,134720
2026-02-07,SILVER,자켓/베스트,1,1,1,70140
2026-02-07,SILVER,장갑,1,1,1,52980
2026-02-07,SILVER,여성,1,1,1,48170
2026-02-07,SILVER,남성,1,1,2,30000
2026-02-08,FAMILY,남성,30,30,33,1886680
2026-02-08,FAMILY,셋업,2,2,2,182970
2026-02-08,FAMILY,여성,4,4,4,141380
2026-02-08,FAMILY,긴바지,1,1,1,55600
2026-02-08,FAMILY,라운드티,1,1,1,19310
2026-02-08,FAMILY,자켓/ 베스트,1,1,1,15579
2026-02-08,FAMILY,볼캡,1,1,1,11880
2026-02-08,FAMILY,UNKNOWN,1,1,1,5040
2026-02-08,SILVER,여성,1,1,1,24500
2026-02-09,FAMILY,남성,23,22,34,1492160
2026-02-09,FAMILY,여성,3,3,3,277720
2026-02-09,FAMILY,패딩/슬림다운,1,1,2,117420
2026-02-09,FAMILY,셋업,1,1,1,57720
2026-02-09,FAMILY,라운드티,2,2,2,43070
2026-02-09,FAMILY,긴바지,1,1,1,33260
2026-02-09,FAMILY,맨투맨/후드티,1,1,1,24750
2026-02-09,GOLD,남성,2,2,3,369500
2026-02-09,SILVER,남성,2,2,2,260330
2026-02-09,SILVER,셋업,2,2,2,154500
2026-02-10,FAMILY,남성,25,25,27,1992690
2026-02-10,FAMILY,여성,6,6,7,861840
2026-02-10,FAMILY,등산화,2,2,2,226130
2026-02-10,FAMILY,라운드티,3,3,4,69600
2026-02-10,FAMILY,맨투맨/후드티,1,1,1,49500
2026-02-10,FAMILY,자켓/ 베스트,1,1,1,26089
2026-02-10,FAMILY,긴바지,1,1,1,25410
2026-02-10,FAMILY,액세서리,2,2,3,10920
2026-02-10,FAMILY,볼캡,1,1,1,10880
2026-02-10,GOLD,남성,1,1,2,65860
2026-02-10,SILVER,남성,6,6,7,806770
2026-02-11,FAMILY,남성,27,27,35,1971670
2026-02-11,FAMILY,여성,4,4,6,542265
2026-02-11,FAMILY,셋업,3,3,3,301220
2026-02-11,FAMILY,등산화,1,1,1,99500
2026-02-11,FAMILY,자켓/ 베스트,2,2,3,74487
2026-02-11,FAMILY,다운/ 패딩,1,1,1,63840
2026-02-11,FAMILY,액세서리,3,3,13,40900
2026-02-11,FAMILY,맨투맨/후드티,1,1,1,40380
2026-02-11,SILVER,남성,2,2,4,283920
2026-02-11,SILVER,미드/롱다운,1,1,1,239500
2026-02-11,SILVER,여성,1,1,1,113600
2026-02-11,SILVER,다운/ 패딩,1,1,1,80270
2026-02-11,SILVER,자켓/ 베스트,1,1,1,25599
2026-02-11,SILVER,액세서리,1,1,1,4930
2026-02-12,FAMILY,남성,57,57,71,3614070
2026-02-12,FAMILY,여성,8,8,9,1313600
2026-02-12,FAMILY,등산화,3,3,3,271120
2026-02-12,FAMILY,다운/ 패딩,2,2,2,195300
2026-02-12,FAMILY,셔츠,2,2,2,116670
2026-02-12,FAMILY,자켓/ 베스트,5,5,5,92985
2026-02-12,FAMILY,긴바지,3,3,3,91740
2026-02-12,FAMILY,패딩/슬림다운,2,2,2,83700
2026-02-12,FAMILY,라운드티,4,4,4,81540
2026-02-12,FAMILY,장갑,2,2,2,73320
2026-02-12,FAMILY,액세서리,7,7,16,64040
2026-02-12,FAMILY,셋업,1,1,1,61910
2026-02-12,FAMILY,자켓/베스트,1,1,1,60520
2026-02-12,FAMILY,상의,1,1,1,39620
2026-02-12,FAMILY,볼캡,2,2,2,18570
2026-02-12,GOLD,여성,2,2,2,247300
2026-02-12,GOLD,남성,1,1,1,74140
2026-02-12,SILVER,남성,4,4,4,242480
2026-02-12,SILVER,패딩/슬림다운,1,1,1,62550
2026-02-12,SILVER,긴바지,1,1,1,19750
2026-02-13,FAMILY,남성,30,30,35,2110020
2026-02-13,FAMILY,여성,5,5,5,297880
2026-02-13,FAMILY,셋업,2,2,2,87770
2026-02-13,FAMILY,자켓/ 베스트,1,1,1,41010
2026-02-13,FAMILY,액세서리,1,1,4,23950
2026-02-13,FAMILY,볼캡,1,1,1,16880
2026-02-13,SILVER,남성,1,1,2,114340
2026-02-13,SILVER,등산화,1,1,1,72320
2026-02-13,SILVER,자켓/ 베스트,1,1,1,29639
2026-02-13,TITANIUM,남성,1,1,1,57400
2026-02-14,FAMILY,남성,137,137,176,7091326
2026-02-14,FAMILY,여성,21,21,24,1436410
2026-02-14,FAMILY,미드/롱다운,1,1,1,324910
2026-02-14,FAMILY,맨투맨/후드티,10,10,10,303990
2026-02-14,FAMILY,패딩/슬림다운,2,2,2,240090
2026-02-14,FAMILY,등산화,2,2,2,190800
2026-02-14,FAMILY,셔츠,4,4,4,169820
2026-02-14,FAMILY,자켓/ 베스트,6,6,6,167955
2026-02-14,FAMILY,셋업,2,2,2,129920
2026-02-14,FAMILY,액세서리,20,20,32,104440
2026-02-14,FAMILY,라운드티,5,5,5,101310
2026-02-14,FAMILY,부츠,1,1,1,82300
2026-02-14,FAMILY,자켓/베스트,1,1,1,64500
2026-02-14,FAMILY,볼캡,4,4,4,57800
2026-02-14,FAMILY,긴바지,2,2,2,34060
2026-02-14,FAMILY,UNKNOWN,2,2,2,33940
2026-02-14,FAMILY,상의,1,1,1,21800
2026-02-14,FAMILY,장갑,1,1,1,14500
2026-02-14,SILVER,남성,8,8,9,1075920
2026-02-14,SILVER,셋업,1,1,1,70560
2026-02-14,SILVER,여성,1,1,1,42790
2026-02-14,SILVER,상의,1,1,1,22540
2026-02-15,FAMILY,남성,48,47,54,2300030
2026-02-15,FAMILY,여성,9,9,10,748170
2026-02-15,FAMILY,바람막이,2,2,2,219800
2026-02-15,FAMILY,등산화,1,1,1,134500
2026-02-15,FAMILY,액세서리,9,9,21,80890
2026-02-15,FAMILY,자켓/ 베스트,4,4,4,65886
2026-02-15,FAMILY,자켓/베스트,1,1,1,60860
2026-02-15,FAMILY,셔츠,1,1,1,54520
2026-02-15,FAMILY,맨투맨/후드티,1,1,1,27500
2026-02-15,FAMILY,상의,1,1,1,23600
2026-02-15,FAMILY,장갑,1,1,1,14500
2026-02-15,GOLD,남성,1,1,1,104080
2026-02-15,GOLD,셋업,1,1,1,68520
2026-02-15,SILVER,남성,2,2,3,313270
2026-02-15,SILVER,상의,1,1,2,64200
2026-02-15,SILVER,여성,1,1,1,57120
2026-02-16,FAMILY,남성,49,49,54,2349760
2026-02-16,FAMILY,여성,9,9,12,660750
2026-02-16,FAMILY,등산화,2,2,2,272370
2026-02-16,FAMILY,셋업,2,2,2,164200
2026-02-16,FAMILY,맨투맨/후드티,2,2,2,61530
2026-02-16,FAMILY,자켓/베스트,1,1,1,50970
2026-02-16,FAMILY,액세서리,3,3,6,18000
2026-02-16,FAMILY,자켓/ 베스트,1,1,1,15579
2026-02-16,FAMILY,라운드티,1,1,1,15280
2026-02-16,FAMILY,볼캡,1,1,1,7940
2026-02-16,SILVER,남성,5,5,5,344100
2026-02-16,SILVER,여성,2,2,2,150050
2026-02-16,SILVER,셋업,1,1,1,86340
2026-02-16,SILVER,자켓/베스트,1,1,1,77210
2026-02-16,SILVER,맨투맨/후드티,1,1,1,26010
2026-02-16,TITANIUM,남성,1,1,2,149760
2026-02-17,FAMILY,남성,129,129,174,4852090
2026-02-17,FAMILY,여성,19,19,21,1328920
2026-02-17,FAMILY,자켓/ 베스트,12,12,13,196267
2026-02-17,FAMILY,바람막이,2,2,2,196050
2026-02-17,FAMILY,맨투맨/후드티,7,7,7,187680
2026-02-17,FAMILY,셋업,2,2,2,172600
2026-02-17,FAMILY,긴바지,4,4,4,114910
2026-02-17,FAMILY,볼캡,3,3,4,81300
2026-02-17,FAMILY,UNKNOWN,3,3,6,67500
2026-02-17,FAMILY,라운드티,3,3,4,66270
2026-02-17,FAMILY,액세서리,9,9,15,46380
2026-02-17,FAMILY,상의,2,2,2,45400
2026-02-17,FAMILY,셔츠,1,1,1,40550
2026-02-17,FAMILY,장갑,1,1,1,35100
2026-02-17,SILVER,남성,7,6,9,291690
2026-02-17,SILVER,등산화,1,1,1,126340
2026-02-17,SILVER,셋업,1,1,1,71500
2026-02-17,SILVER,라운드티,1,1,2,35760
2026-02-17,SILVER,부츠,1,1,1,34750
2026-02-17,SILVER,여성,1,1,1,14370
2026-02-18,FAMILY,남성,79,79,103,3633670
2026-02-18,FAMILY,여성,10,10,11,685040
2026-02-18,FAMILY,등산화,6,6,6,636830
2026-02-18,FAMILY,맨투맨/후드티,4,4,4,111250
2026-02-18,FAMILY,자켓/베스트,2,2,2,92600
2026-02-18,FAMILY,라운드티,4,4,4,70780
2026-02-18,FAMILY,자켓/ 베스트,4,4,4,56316
2026-02-18,FAMILY,셔츠,1,1,1,55530
2026-02-18,FAMILY,패딩/슬림다운,1,1,1,47050
2026-02-18,FAMILY,버킷/부니,2,2,3,40750
2026-02-18,FAMILY,상의,1,1,1,23600
2026-02-18,FAMILY,볼캡,2,2,2,16480
2026-02-18,FAMILY,긴바지,1,1,1,13830
2026-02-18,SILVER,남성,3,3,4,270280
2026-02-18,SILVER,여성,1,1,1,68700
2026-02-18,TITANIUM,남성,1,1,2,240000
2026-02-19,FAMILY,남성,71,71,105,3839650
2026-02-19,FAMILY,여성,7,7,11,663760
2026-02-19,FAMILY,셔츠,2,2,3,142900
2026-02-19,FAMILY,맨투맨/후드티,3,3,3,101520
2026-02-19,FAMILY,자켓/베스트,1,1,1,71890
2026-02-19,FAMILY,등산화,1,1,1,66000
2026-02-19,FAMILY,셋업,1,1,1,65400
2026-02-19,FAMILY,자켓/ 베스트,3,3,3,52397
2026-02-19,FAMILY,장갑,1,1,1,39000
2026-02-19,FAMILY,라운드티,1,1,1,24140
2026-02-19,FAMILY,긴바지,1,1,1,19410
2026-02-19,FAMILY,볼캡,1,1,1,7800
2026-02-19,GOLD,남성,1,1,2,90930
2026-02-19,SILVER,남성,8,8,12,407550
2026-02-19,SILVER,여성,1,1,3,184730
2026-02-19,SILVER,긴바지,1,1,2,54460
2026-02-19,SILVER,맨투맨/후드티,1,1,1,40870
2026-02-19,SILVER,라운드티,1,1,1,27730
2026-02-20,FAMILY,남성,44,44,59,2579230
2026-02-20,FAMILY,여성,4,4,5,500440
2026-02-20,FAMILY,자켓/ 베스트,1,1,1,80370
2026-02-20,FAMILY,등산화,1,1,1,74000
2026-02-20,FAMILY,라운드티,2,2,2,42970
2026-02-20,FAMILY,맨투맨/후드티,1,1,1,24750
2026-02-20,FAMILY,상의,1,1,1,23600
2026-02-20,FAMILY,긴바지,1,1,1,13830
2026-02-20,FAMILY,볼캡,1,1,1,7800
2026-02-20,GOLD,남성,2,1,4,498600
2026-02-20,SILVER,남성,3,3,3,462470
2026-02-20,SILVER,셋업,1,1,2,183440
2026-02-20,SILVER,여성,1,1,1,49770
2026-02-20,SILVER,자켓/ 베스트,1,1,1,16749
2026-02-20,TITANIUM,남성,1,1,1,250900
2026-02-21,FAMILY,남성,44,43,60,3530960
2026-02-21,FAMILY,등산화,2,2,2,189000
2026-02-21,FAMILY,맨투맨/후드티,6,6,6,175030
2026-02-21,FAMILY,여성,3,3,3,155430
2026-02-21,FAMILY,자켓/ 베스트,4,4,4,92687
2026-02-21,FAMILY,긴바지,2,2,2,77210
2026-02-21,FAMILY,셔츠,1,1,1,42940
2026-02-21,SILVER,남성,3,3,4,333660
2026-02-21,SILVER,여성,1,1,1,156870
2026-02-22,FAMILY,남성,388,387,497,19162830
2026-02-22,FAMILY,여성,56,56,62,4011680
2026-02-22,FAMILY,맨투맨/후드티,20,20,20,560200
2026-02-22,FAMILY,자켓/베스트,5,5,5,482850
2026-02-22,FAMILY,등산화,5,5,5,472010
2026-02-22,FAMILY,자켓/ 베스트,20,20,21,441041
2026-02-22,FAMILY,라운드티,14,14,16,314980
2026-02-22,FAMILY,인터체인지 (3 in 1),1,1,1,309500
2026-02-22,FAMILY,셋업,4,4,5,284900
2026-02-22,FAMILY,긴바지,9,9,9,225350
2026-02-22,FAMILY,바람막이,1,1,1,107550
2026-02-22,FAMILY,액세서리,20,20,31,100770
2026-02-22,FAMILY,상의,1,1,1,33580
2026-02-22,FAMILY,셔츠,1,1,1,32930
2026-02-22,FAMILY,UNKNOWN,4,4,6,32130
2026-02-22,FAMILY,볼캡,3,3,3,26560
2026-02-22,FAMILY,버킷/부니,1,1,1,13000
2026-02-22,GOLD,남성,3,3,3,162130
2026-02-22,GOLD,패딩/슬림다운,1,1,1,38590
2026-02-22,SILVER,남성,22,22,28,1659230
2026-02-22,SILVER,긴바지,1,1,1,57600
2026-02-22,SILVER,셔츠,1,1,1,51040
2026-02-22,SILVER,라운드티,1,1,2,38050
2026-02-22,SILVER,여성,1,1,1,37250
2026-02-22,SILVER,액세서리,1,1,1,3000
2026-02-22,TITANIUM,여성,1,1,1,138080
2026-02-23,FAMILY,남성,19,19,25,2331590
2026-02-23,FAMILY,여성,4,4,7,760190
2026-02-23,FAMILY,셋업,1,1,2,208800
2026-02-23,FAMILY,부츠,1,1,1,79500
2026-02-23,FAMILY,자켓/ 베스트,1,1,1,62650
2026-02-23,GOLD,여성,1,1,1,109190
2026-02-23,GOLD,남성,1,1,1,76060
2026-02-23,SILVER,남성,3,3,6,356870
2026-02-23,SILVER,여성,1,1,1,53860
2026-02-24,FAMILY,남성,12,12,21,1511840
2026-02-24,FAMILY,여성,4,4,7,446750
2026-02-24,FAMILY,셋업,1,1,1,80720
2026-02-24,FAMILY,자켓/ 베스트,1,1,1,30909
2026-02-24,FAMILY,액세서리,1,1,1,5730
2026-02-24,GOLD,패딩/슬림다운,1,1,2,134100
2026-02-24,SILVER,남성,1,1,1,44000
2026-02-25,FAMILY,남성,13,13,16,1402540
2026-02-25,FAMILY,여성,3,3,3,356100
2026-02-25,FAMILY,자켓/베스트,2,2,2,209000
2026-02-25,FAMILY,라운드티,1,1,1,17540
2026-02-25,GOLD,남성,1,1,2,154800
2026-02-25,GOLD,패딩/슬림다운,1,1,1,67050
2026-02-25,TITANIUM,남성,1,1,1,259300
2026-02-26,FAMILY,남성,17,17,28,2004200
2026-02-26,FAMILY,등산화,1,1,1,125200
2026-02-26,FAMILY,여성,1,1,1,87000
2026-02-26,FAMILY,바람막이,1,1,1,67000
2026-02-26,FAMILY,긴바지,2,2,2,50140
2026-02-26,FAMILY,자켓/ 베스트,1,1,1,21149
2026-02-26,FAMILY,라운드티,1,1,1,18270
2026-02-26,SILVER,남성,3,3,3,403650
2026-02-27,FAMILY,남성,17,17,17,1575720
2026-02-27,FAMILY,여성,4,4,5,440336
2026-02-27,FAMILY,바람막이,2,2,2,175250
2026-02-27,FAMILY,자켓/베스트,1,1,1,134500
2026-02-27,FAMILY,셋업,1,1,1,83000
2026-02-27,FAMILY,셔츠,1,1,1,54850
2026-02-27,SILVER,남성,2,2,3,240240
2026-02-28,FAMILY,남성,23,22,27,2068910
2026-02-28,FAMILY,여성,5,5,5,992830
2026-02-28,FAMILY,라운드티,2,2,2,49170
2026-02-28,FAMILY,UNKNOWN,1,1,2,18150
2026-02-28,FAMILY,액세서리,1,1,1,5050
2026-02-28,SILVER,남성,3,3,4,273780
2026-02-28,SILVER,여성,2,2,2,171990
2026-02-28,SILVER,자켓/ 베스트,1,1,1,30389
2026-02-28,TITANIUM,남성,1,1,3,436500
2026-03-01,FAMILY,남성,7,7,11,1068670
2026-03-01,FAMILY,여성,5,4,5,714640
2026-03-01,FAMILY,맨투맨/후드티,1,1,1,49500
2026-03-01,GOLD,남성,1,1,1,234270
2026-03-01,SILVER,남성,2,2,2,174710
2026-03-01,SILVER,맨투맨/후드티,1,1,1,43030
2026-03-02,FAMILY,남성,6,6,7,802620
2026-03-02,FAMILY,등산화,3,3,3,302870
2026-03-02,FAMILY,셋업,1,1,1,83000
2026-03-02,FAMILY,라운드티,1,1,2,59000
2026-03-02,FAMILY,UNKNOWN,1,1,1,38880
2026-03-02,FAMILY,자켓/ 베스트,1,1,1,31150
2026-03-02,SILVER,남성,5,5,6,826720
2026-03-03,FAMILY,남성,13,13,17,1712090
2026-03-03,FAMILY,등산화,1,1,1,94500
2026-03-03,FAMILY,긴바지,1,1,1,79600
2026-03-03,SILVER,남성,1,1,1,210890
2026-03-03,SILVER,여성,1,1,2,43450
2026-03-04,FAMILY,남성,26,25,49,2973320
2026-03-04,FAMILY,여성,10,10,10,738780
2026-03-04,FAMILY,인터체인지 (3 in 1),1,1,1,329500
2026-03-04,FAMILY,바람막이,1,1,1,110670
2026-03-04,FAMILY,UNKNOWN,1,1,8,75180
2026-03-04,FAMILY,긴바지,1,1,1,71320
2026-03-04,FAMILY,자켓/ 베스트,1,1,1,31150
2026-03-04,FAMILY,라운드티,1,1,1,27500
2026-03-04,SILVER,남성,2,2,4,252180
2026-03-04,SILVER,여성,1,1,1,165200
2026-03-04,SILVER,등산화,1,1,1,133990
2026-03-04,TITANIUM,남성,1,1,2,249570
2026-03-04,TITANIUM,여성,1,1,2,173300
2026-03-05,FAMILY,남성,16,16,25,2274840
2026-03-05,FAMILY,여성,2,2,2,193870
2026-03-05,FAMILY,등산화,1,1,1,72220
2026-03-05,FAMILY,맨투맨/후드티,1,1,1,36500
2026-03-05,SILVER,여성,1,1,2,214600
2026-03-05,SILVER,남성,1,1,1,44520
2026-03-05,TITANIUM,남성,1,1,1,264000
2026-03-06,FAMILY,남성,10,10,16,710370
2026-03-06,FAMILY,여성,7,7,9,548770
2026-03-06,FAMILY,인터체인지 (3 in 1),1,1,1,320440
2026-03-06,FAMILY,셋업,1,1,1,104470
2026-03-06,FAMILY,긴바지,3,3,3,79750
2026-03-06,SILVER,남성,2,2,4,312400
2026-03-06,SILVER,셋업,1,1,1,90610
2026-03-06,SILVER,여성,1,1,1,75250
2026-03-06,TITANIUM,남성,1,1,3,260660
2026-03-06,TITANIUM,여성,1,1,2,171900
2026-03-07,FAMILY,남성,9,9,12,833170
2026-03-07,FAMILY,여성,2,2,3,208430
2026-03-07,FAMILY,라운드티,1,1,1,28940
2026-03-07,FAMILY,자켓/ 베스트,1,1,1,24050
2026-03-07,GOLD,남성,1,1,1,82890
2026-03-07,SILVER,남성,2,2,2,328230
2026-03-07,SILVER,폴로티/집업,1,1,1,60770
2026-03-08,FAMILY,남성,19,19,22,1856920
2026-03-08,FAMILY,여성,6,6,11,1146820
2026-03-08,FAMILY,등산화,1,1,1,104500
2026-03-08,FAMILY,라운드티,1,1,1,24450
2026-03-08,GOLD,남성,1,1,6,196920
2026-03-08,GOLD,여성,1,1,1,78770
2026-03-08,GOLD,라운드티,1,1,2,56760
2026-03-08,SILVER,남성,1,1,1,149200
2026-03-09,FAMILY,남성,19,19,26,1864880
2026-03-09,FAMILY,여성,4,4,5,614000
2026-03-09,FAMILY,셋업,1,1,1,131670
2026-03-09,FAMILY,등산화,1,1,1,100500
2026-03-09,FAMILY,자켓/베스트,1,1,1,84500
2026-03-09,FAMILY,셔츠,1,1,1,47560
2026-03-09,SILVER,등산화,1,1,1,136820
2026-03-09,SILVER,바람막이,1,1,1,120440
2026-03-10,FAMILY,남성,13,13,22,1376590
2026-03-10,FAMILY,여성,4,4,4,254110
2026-03-10,FAMILY,맨투맨/후드티,1,1,1,49500
2026-03-10,FAMILY,라운드티,1,1,1,29500
2026-03-10,SILVER,남성,1,1,1,145210
2026-03-11,FAMILY,남성,19,18,20,1491840
2026-03-11,FAMILY,여성,2,2,2,150900
2026-03-11,FAMILY,라운드티,1,1,1,22180
2026-03-11,FAMILY,긴바지,1,1,1,20940
2026-03-11,GOLD,남성,1,1,1,205810
2026-03-12,FAMILY,남성,26,26,30,2478270
2026-03-12,FAMILY,여성,7,7,8,839310
2026-03-12,FAMILY,자켓/베스트,1,1,1,131030
2026-03-12,FAMILY,바람막이,1,1,1,120400
2026-03-12,FAMILY,등산화,1,1,1,115270
2026-03-12,FAMILY,라운드티,2,2,2,55830
2026-03-12,GOLD,남성,1,1,1,25760
2026-03-12,SILVER,남성,3,3,8,748000
2026-03-12,TITANIUM,남성,1,1,2,246880
2026-03-13,FAMILY,남성,20,20,27,1608690
2026-03-13,FAMILY,등산화,1,1,1,154670
2026-03-13,FAMILY,셋업,2,2,2,154650
2026-03-13,FAMILY,여성,2,2,2,152140
2026-03-13,FAMILY,바람막이,1,1,1,67750
2026-03-13,FAMILY,패딩/슬림다운,1,1,1,66550
2026-03-13,FAMILY,라운드티,1,1,1,15500
2026-03-14,FAMILY,남성,16,16,25,1326800
2026-03-14,FAMILY,여성,5,5,6,626820
2026-03-14,SILVER,남성,2,1,3,572700
2026-03-15,FAMILY,남성,16,16,21,1554300
2026-03-15,FAMILY,여성,3,3,3,359990
2026-03-15,FAMILY,바람막이,2,2,2,202000
2026-03-15,FAMILY,등산화,1,1,1,105700
2026-03-15,FAMILY,긴바지,1,1,2,53300
2026-03-15,SILVER,남성,5,5,5,390780
2026-03-15,SILVER,셔츠,1,1,1,61720
2026-03-15,SILVER,폴로티/집업,1,1,1,53040
2026-03-15,TITANIUM,남성,2,1,4,224960
2026-03-15,TITANIUM,패딩/슬림다운,1,1,1,67050
2026-03-16,FAMILY,남성,11,11,13,1209070
2026-03-16,FAMILY,셋업,2,2,2,210800
2026-03-16,FAMILY,여성,2,2,2,112000
2026-03-16,FAMILY,바람막이,1,1,1,75020
2026-03-16,FAMILY,패딩/슬림다운,1,1,1,67050
2026-03-16,FAMILY,폴로티/집업,1,1,1,47000
2026-03-16,FAMILY,라운드티,1,1,1,23840
2026-03-16,FAMILY,자켓/ 베스트,1,1,1,15730
2026-03-16,SILVER,남성,1,1,1,119000
2026-03-17,FAMILY,남성,26,25,35,2159340
2026-03-17,FAMILY,여성,7,7,7,778850
2026-03-17,FAMILY,등산화,3,3,3,285910
2026-03-17,FAMILY,자켓/베스트,1,1,1,84500
2026-03-17,FAMILY,라운드티,1,1,1,28300
2026-03-17,FAMILY,자켓/ 베스트,1,1,1,22970
2026-03-17,SILVER,남성,2,2,5,404930
2026-03-18,FAMILY,남성,23,23,32,3077610
2026-03-18,FAMILY,여성,2,2,2,200200
2026-03-18,FAMILY,바람막이,2,2,2,170690
2026-03-18,FAMILY,셋업,1,1,2,139000
2026-03-18,FAMILY,등산화,1,1,1,108140
2026-03-18,FAMILY,라운드티,1,1,1,27550
2026-03-18,SILVER,남성,1,1,1,253190
2026-03-18,TITANIUM,남성,1,1,1,93200
2026-03-19,FAMILY,남성,23,22,28,1900510
2026-03-19,FAMILY,여성,4,4,4,309210
2026-03-19,FAMILY,라운드티,2,2,3,103240
2026-03-19,SILVER,남성,3,3,6,532070
2026-03-19,SILVER,여성,1,1,2,123360
2026-03-20,FAMILY,남성,25,25,29,2151960
2026-03-20,FAMILY,여성,3,3,4,180110
2026-03-20,FAMILY,라운드티,1,1,1,28860
2026-03-20,SILVER,남성,3,3,7,823420
2026-03-21,FAMILY,남성,10,10,15,745330
2026-03-21,FAMILY,등산화,2,2,2,232980
2026-03-21,FAMILY,긴바지,1,1,1,27650
2026-03-21,GOLD,남성,1,1,2,68740
2026-03-21,SILVER,남성,2,2,2,230830
2026-03-22,FAMILY,남성,16,16,21,1167200
2026-03-22,FAMILY,바람막이,3,3,3,245550
2026-03-22,FAMILY,여성,2,2,2,184400
2026-03-22,FAMILY,긴바지,2,2,2,127180
2026-03-22,FAMILY,폴로티/집업,1,1,1,56440
2026-03-22,GOLD,남성,1,1,6,370320
2026-03-22,SILVER,남성,2,2,2,123300
2026-03-23,FAMILY,남성,14,14,16,1315810
2026-03-23,FAMILY,여성,3,3,4,351440
2026-03-23,FAMILY,등산화,1,1,1,94500
2026-03-23,FAMILY,바람막이,1,1,1,67000
2026-03-23,FAMILY,긴바지,1,1,1,62730
2026-03-23,FAMILY,라운드티,1,1,1,35970
2026-03-23,SILVER,남성,2,2,2,65510
2026-03-24,FAMILY,남성,13,13,21,1170120
2026-03-24,FAMILY,여성,2,2,2,260820
2026-03-24,SILVER,남성,3,3,4,397590
2026-03-25,FAMILY,남성,21,21,32,1754550
2026-03-25,FAMILY,여성,6,6,6,709210
2026-03-25,FAMILY,긴바지,1,1,1,51120
2026-03-25,GOLD,여성,1,1,1,112750
2026-03-25,GOLD,남성,1,1,3,102350
2026-03-25,GOLD,라운드티,1,1,1,33830
2026-03-25,SILVER,남성,2,2,2,331420
2026-03-26,FAMILY,남성,20,20,27,2059780
2026-03-26,FAMILY,등산화,4,4,4,467500
2026-03-26,FAMILY,바람막이,2,2,2,147610
2026-03-26,FAMILY,여성,1,1,1,78330
2026-03-26,FAMILY,라운드티,2,2,2,62660
2026-03-26,GOLD,남성,1,1,5,515000
2026-03-26,SILVER,남성,4,4,9,905470
2026-03-26,TITANIUM,남성,1,1,2,164200
2026-03-27,FAMILY,남성,16,16,17,1500400
2026-03-27,FAMILY,여성,2,2,2,157770
2026-03-27,FAMILY,바람막이,2,2,2,145880
2026-03-27,FAMILY,긴바지,2,2,2,69350
2026-03-27,SILVER,남성,1,1,1,32800
2026-03-28,FAMILY,남성,14,14,19,1725540
2026-03-28,FAMILY,여성,4,4,6,448080
2026-03-28,FAMILY,등산화,2,2,2,311010
2026-03-28,FAMILY,바람막이,2,2,3,277600
2026-03-28,FAMILY,긴바지,3,3,3,184010
2026-03-28,FAMILY,폴로티/집업,1,1,1,59000
2026-03-28,SILVER,남성,1,1,1,133200
2026-03-29,FAMILY,남성,13,13,17,1225180
2026-03-29,FAMILY,여성,4,4,4,532270
2026-03-29,FAMILY,긴바지,1,1,1,40000
2026-03-30,FAMILY,남성,22,22,24,1835590
2026-03-30,FAMILY,여성,4,3,5,717400
2026-03-30,FAMILY,긴바지,1,1,1,61570
2026-03-30,FAMILY,라운드티,1,1,1,27950
2026-03-30,GOLD,긴바지,1,1,2,130000
2026-03-30,GOLD,바람막이,1,1,1,95000
2026-03-30,GOLD,남성,1,1,2,72710
2026-03-30,SILVER,남성,2,2,2,208800
2026-03-30,SILVER,여성,1,1,1,108080
2026-03-30,SILVER,긴바지,1,1,1,25000
2026-03-31,FAMILY,남성,26,26,42,3192780
2026-03-31,FAMILY,여성,8,8,11,1407770
2026-03-31,FAMILY,등산화,1,1,1,95380
2026-03-31,FAMILY,바람막이,1,1,1,91340
2026-03-31,FAMILY,라운드티,1,1,1,16980
2026-03-31,GOLD,남성,1,1,1,100010
2026-03-31,GOLD,긴바지,1,1,1,65000
2026-03-31,SILVER,남성,1,1,3,211400
2026-04-01,FAMILY,남성,23,23,30,1775330
2026-04-01,FAMILY,여성,3,3,3,349120
2026-04-01,FAMILY,등산화,1,1,1,169100
2026-04-01,FAMILY,라운드티,1,1,1,57000
2026-04-01,FAMILY,셋업,1,1,1,39610
2026-04-01,SILVER,남성,1,1,6,631270
2026-04-02,FAMILY,남성,25,24,372,21046240
2026-04-02,FAMILY,여성,4,4,4,381270
2026-04-02,FAMILY,등산화,1,1,1,102780
2026-04-02,FAMILY,바람막이,1,1,1,64020
2026-04-02,FAMILY,긴바지,1,1,1,62840
2026-04-02,GOLD,남성,1,1,1,92200
2026-04-02,SILVER,남성,4,4,8,648540
2026-04-02,SILVER,긴바지,1,1,1,65000
2026-04-02,TITANIUM,남성,1,1,1,147080
2026-04-03,FAMILY,남성,21,20,27,1603710
2026-04-03,FAMILY,여성,6,6,8,698750
2026-04-03,FAMILY,긴바지,3,3,3,150640
2026-04-03,FAMILY,바람막이,1,1,1,72030
2026-04-03,SILVER,남성,1,1,1,45750
2026-04-04,FAMILY,남성,12,12,18,1222130
2026-04-04,FAMILY,여성,1,1,1,127480
2026-04-04,FAMILY,폴로티/집업,1,1,1,65000
2026-04-04,FAMILY,긴바지,1,1,1,20000
2026-04-04,GOLD,남성,1,1,1,29790
2026-04-04,SILVER,남성,2,2,4,380680
2026-04-05,FAMILY,남성,20,20,25,1922000
2026-04-05,FAMILY,여성,3,3,4,372190
2026-04-05,FAMILY,바람막이,1,1,1,77000
2026-04-05,FAMILY,긴바지,2,2,2,67370
2026-04-05,FAMILY,라운드티,1,1,1,22240
2026-04-05,FAMILY,UNKNOWN,1,1,2,20000
2026-04-05,GOLD,여성,1,1,1,126280
2026-04-05,GOLD,바람막이,1,1,1,91320
2026-04-05,SILVER,남성,3,3,5,269160
2026-04-05,TITANIUM,남성,1,1,1,155000
2026-04-06,FAMILY,남성,13,13,17,1149150
2026-04-06,FAMILY,여성,2,2,3,235600
2026-04-06,FAMILY,긴바지,3,3,3,181560
2026-04-06,FAMILY,등산화,1,1,2,149000
2026-04-06,FAMILY,바람막이,1,1,1,65000
2026-04-06,SILVER,남성,2,2,3,142750
2026-04-06,SILVER,긴바지,1,1,1,40000
2026-04-07,FAMILY,남성,20,20,25,2112800
2026-04-07,FAMILY,등산화,1,1,1,132300
2026-04-07,FAMILY,여성,1,1,1,118070
2026-04-07,FAMILY,긴바지,2,2,2,81000
2026-04-07,SILVER,등산화,1,1,1,133510
2026-04-07,SILVER,바람막이,1,1,1,94000
2026-04-07,TITANIUM,남성,1,1,2,195440
2026-04-08,FAMILY,남성,16,16,22,1471880
2026-04-08,FAMILY,바람막이,3,3,3,255460
2026-04-08,FAMILY,등산화,1,1,1,123570
2026-04-08,FAMILY,라운드티,1,1,2,59210
2026-04-08,FAMILY,여성,1,1,1,32370
2026-04-08,GOLD,남성,1,1,2,208200
2026-04-08,SILVER,남성,2,2,2,149610
2026-04-08,SILVER,여성,1,1,1,71900
2026-04-09,FAMILY,남성,22,22,33,2197360
2026-04-09,FAMILY,여성,4,4,5,389360
2026-04-09,FAMILY,등산화,1,1,1,132300
2026-04-09,FAMILY,셋업,2,2,2,128810
2026-04-09,GOLD,남성,1,1,1,65130
2026-04-09,GOLD,폴로티/집업,1,1,1,54120
2026-04-09,SILVER,남성,2,2,2,317420
2026-04-09,SILVER,여성,1,1,1,89920
2026-04-10,FAMILY,남성,23,23,35,2627960
2026-04-10,FAMILY,바람막이,2,2,2,144310
2026-04-10,FAMILY,등산화,1,1,1,127200
2026-04-10,FAMILY,여성,1,1,2,120840
2026-04-10,GOLD,남성,1,1,1,109300
2026-04-10,SILVER,남성,2,2,4,386880
2026-04-10,SILVER,여성,1,1,1,57610
2026-04-11,FAMILY,남성,19,17,20,1872110
2026-04-11,FAMILY,바람막이,1,1,1,72750
2026-04-11,SILVER,남성,1,1,2,78380
2026-04-12,FAMILY,남성,23,23,36,1593420
2026-04-12,FAMILY,여성,2,2,3,355970
2026-04-12,FAMILY,등산화,1,1,1,95900
2026-04-12,FAMILY,라운드티,1,1,1,49500
2026-04-12,FAMILY,버킷/부니,1,1,1,15130
2026-04-12,SILVER,남성,2,2,4,319590
2026-04-12,SILVER,긴바지,1,1,1,65000
2026-04-13,FAMILY,남성,22,20,27,2206970
2026-04-13,FAMILY,여성,3,3,5,571950
2026-04-13,FAMILY,바람막이,1,1,1,67060
2026-04-13,GOLD,남성,2,2,3,209230
2026-04-13,SILVER,남성,2,2,3,378180
2026-04-14,FAMILY,남성,22,21,32,2587460
2026-04-14,FAMILY,여성,3,3,4,316280
2026-04-14,FAMILY,바람막이,3,3,3,238000
2026-04-14,FAMILY,긴바지,3,3,3,190480
2026-04-14,FAMILY,라운드티,2,2,2,75260
2026-04-14,FAMILY,폴로티/집업,1,1,1,59000
2026-04-14,SILVER,남성,2,2,5,286390
2026-04-14,SILVER,셋업,1,1,1,39940
2026-04-15,FAMILY,남성,15,15,22,1201230
2026-04-15,FAMILY,바람막이,2,2,2,160850
2026-04-15,FAMILY,UNKNOWN,1,1,1,98190
2026-04-15,SILVER,긴바지,1,1,1,65000
2026-04-16,FAMILY,남성,53,49,75,5371610
2026-04-16,FAMILY,바람막이,15,15,15,1002500
2026-04-16,FAMILY,여성,8,8,9,725360
2026-04-16,FAMILY,긴바지,4,4,4,232510
2026-04-16,FAMILY,라운드티,2,2,2,82450
2026-04-16,FAMILY,셋업,1,1,1,66720
2026-04-16,GOLD,UNKNOWN,1,1,1,73520
2026-04-16,SILVER,남성,5,5,6,378220
2026-04-16,SILVER,여성,1,1,1,52580
2026-04-16,TITANIUM,남성,1,1,1,122300
2026-04-16,TITANIUM,등산화,1,1,1,122300
2026-04-17,FAMILY,남성,17,17,28,2409900
2026-04-17,FAMILY,여성,11,11,17,1571830
2026-04-17,FAMILY,등산화,1,1,1,99500
2026-04-17,FAMILY,라운드티,2,2,2,77990
2026-04-17,FAMILY,긴바지,1,1,1,55000
2026-04-18,FAMILY,남성,27,27,34,2487740
2026-04-18,FAMILY,여성,4,4,4,250120
2026-04-18,FAMILY,바람막이,3,3,3,203730
2026-04-18,FAMILY,긴바지,2,2,2,117310
2026-04-18,FAMILY,셋업,1,1,1,86440
2026-04-18,GOLD,남성,2,2,4,215600
2026-04-18,SILVER,남성,5,5,11,710040
2026-04-18,SILVER,바람막이,2,2,3,223500
2026-04-18,SILVER,여성,1,1,2,162190
2026-04-18,SILVER,긴바지,1,1,2,128740
2026-04-19,FAMILY,남성,32,32,47,3025480
2026-04-19,FAMILY,여성,7,7,9,843150
2026-04-19,FAMILY,바람막이,3,3,3,204270
2026-04-19,FAMILY,등산화,1,1,1,89500
2026-04-19,FAMILY,긴바지,1,1,1,62150
2026-04-19,SILVER,남성,2,2,2,113870
2026-04-20,FAMILY,남성,23,23,30,2404870
2026-04-20,FAMILY,여성,4,4,5,342630
2026-04-20,FAMILY,등산화,2,2,2,215700
2026-04-20,FAMILY,바람막이,2,2,2,143120
2026-04-20,FAMILY,긴바지,2,2,2,78200
2026-04-20,SILVER,남성,4,4,9,622940
2026-04-20,SILVER,바람막이,2,2,2,119160
2026-04-20,SILVER,UNKNOWN,1,1,1,72290
2026-04-20,SILVER,폴로티/집업,1,1,1,46630
2026-04-21,FAMILY,남성,24,24,34,2167260
2026-04-21,FAMILY,여성,4,4,4,460220
2026-04-21,FAMILY,바람막이,2,2,2,129000
2026-04-21,FAMILY,셋업,1,1,2,124320
2026-04-21,SILVER,남성,5,5,11,531350
2026-04-21,SILVER,여성,1,1,1,111200
2026-04-21,SILVER,바람막이,1,1,1,64500
2026-04-22,FAMILY,남성,15,15,19,1339810
2026-04-22,FAMILY,여성,4,4,5,465030
2026-04-22,FAMILY,등산화,1,1,1,132300
2026-04-22,FAMILY,긴바지,2,2,2,126670
2026-04-22,SILVER,남성,2,2,2,199800
2026-04-22,SILVER,반바지,1,1,1,45370
2026-04-22,SILVER,셋업,1,1,1,39580
2026-04-23,FAMILY,남성,27,27,38,2351180
2026-04-23,FAMILY,여성,6,6,14,1273560
2026-04-23,FAMILY,바람막이,3,3,6,355080
2026-04-23,FAMILY,긴바지,2,2,2,102250
2026-04-23,FAMILY,UNKNOWN,1,1,1,80050
2026-04-23,FAMILY,셋업,1,1,1,51570
2026-04-23,FAMILY,라운드티,1,1,1,40370
2026-04-23,SILVER,남성,5,5,10,656810
2026-04-23,SILVER,여성,1,1,1,145000
2026-04-24,FAMILY,남성,18,18,24,1533850
2026-04-24,FAMILY,바람막이,3,2,4,252180
2026-04-24,FAMILY,UNKNOWN,1,1,1,83130
2026-04-24,FAMILY,라운드티,2,2,2,79050
2026-04-24,FAMILY,긴바지,1,1,1,64230
2026-04-24,GOLD,남성,1,1,1,49000
2026-04-24,SILVER,남성,5,5,8,569470
2026-04-25,FAMILY,남성,29,29,32,2140800
2026-04-25,FAMILY,여성,3,3,3,250250
2026-04-25,FAMILY,바람막이,1,1,1,60500
2026-04-25,FAMILY,긴바지,1,1,1,56680
2026-04-25,SILVER,남성,3,3,8,606560
2026-04-25,SILVER,바람막이,1,1,2,115400
2026-04-25,SILVER,여성,2,1,2,109870
2026-04-26,FAMILY,남성,38,34,57,3595710
2026-04-26,FAMILY,여성,6,6,6,366060
2026-04-26,FAMILY,바람막이,5,5,5,346710
2026-04-26,FAMILY,등산화,3,3,3,300300
2026-04-26,FAMILY,긴바지,2,2,2,103320
2026-04-26,FAMILY,UNKNOWN,1,1,1,64730
2026-04-26,FAMILY,폴로티/집업,1,1,1,54500
2026-04-26,GOLD,남성,1,1,1,115710
2026-04-26,SILVER,남성,4,4,7,507030
2026-04-26,SILVER,여성,2,2,3,266660
2026-04-26,SILVER,등산화,1,1,1,146890
2026-04-27,FAMILY,남성,30,30,39,2638320
2026-04-27,FAMILY,여성,6,6,6,537430
2026-04-27,FAMILY,바람막이,6,6,7,429170
2026-04-27,FAMILY,등산화,1,1,1,97300
2026-04-27,FAMILY,폴로티/집업,1,1,1,47050
2026-04-27,SILVER,남성,9,8,26,1730160
2026-04-28,FAMILY,남성,30,30,44,3111580
2026-04-28,FAMILY,여성,5,5,6,369530
2026-04-28,FAMILY,등산화,2,2,2,204890
2026-04-28,FAMILY,바람막이,3,3,3,180800
2026-04-28,FAMILY,라운드티,1,1,1,41000
2026-04-28,GOLD,남성,2,2,2,169680
2026-04-28,GOLD,여성,2,2,2,91950
2026-04-28,SILVER,남성,2,2,2,147310
2026-04-28,SILVER,여성,1,1,1,130450
2026-04-28,TITANIUM,남성,1,1,1,127200
2026-04-29,FAMILY,남성,20,20,25,1854000
2026-04-29,FAMILY,여성,3,3,3,316900
2026-04-29,FAMILY,바람막이,2,2,2,142000
2026-04-29,GOLD,여성,1,1,2,215450
2026-04-29,GOLD,바람막이,1,1,1,59500
2026-04-29,SILVER,남성,5,5,5,310520
2026-04-29,SILVER,등산화,1,1,1,113320
2026-04-30,FAMILY,남성,32,31,54,3096570
2026-04-30,FAMILY,여성,3,3,4,399430
2026-04-30,FAMILY,바람막이,2,2,2,143400
2026-04-30,SILVER,남성,1,1,1,171810
2026-04-30,SILVER,여성,1,1,1,93520
2026-04-30,SILVER,바람막이,1,1,1,63420
2026-04-30,SILVER,폴로티/집업,1,1,1,53580
2026-05-01,FAMILY,남성,85,85,104,4573730
2026-05-01,FAMILY,여성,8,8,8,643408
2026-05-01,FAMILY,긴바지,5,5,5,164010
2026-05-01,FAMILY,라운드티,7,7,7,156750
2026-05-01,FAMILY,등산화,2,2,2,136300
2026-05-01,FAMILY,셋업,2,2,2,44500
2026-05-01,SILVER,남성,12,10,18,1611629
2026-05-01,SILVER,여성,2,2,3,255600
2026-05-01,SILVER,등산화,1,1,1,70470
2026-05-01,SILVER,바람막이,1,1,1,67000
2026-05-01,SILVER,긴바지,1,1,1,54500
2026-05-01,SILVER,셋업,1,1,1,29700
2026-05-02,FAMILY,남성,60,58,77,3999690
2026-05-02,FAMILY,여성,8,8,9,757600
2026-05-02,FAMILY,바람막이,3,3,3,207970
2026-05-02,FAMILY,라운드티,5,5,5,83350
2026-05-02,FAMILY,긴바지,1,1,1,19220
2026-05-02,SILVER,남성,4,4,6,259840
2026-05-02,SILVER,여성,1,1,1,55040
2026-05-02,SILVER,폴로티/집업,1,1,1,48400
2026-05-02,SILVER,긴바지,1,1,1,25750
2026-05-03,FAMILY,남성,35,35,48,2058160
2026-05-03,FAMILY,여성,5,5,5,731920
2026-05-03,FAMILY,긴바지,5,5,5,162200
2026-05-03,FAMILY,등산화,1,1,1,131480
2026-05-03,FAMILY,바람막이,1,1,1,61200
2026-05-03,FAMILY,라운드티,1,1,1,12000
2026-05-03,FAMILY,UNKNOWN,1,1,1,5170
2026-05-03,SILVER,남성,4,4,6,320750
2026-05-04,FAMILY,남성,41,40,46,2280150
2026-05-04,FAMILY,여성,2,2,2,179760
2026-05-04,FAMILY,등산화,1,1,1,117870
2026-05-04,FAMILY,UNKNOWN,1,1,1,71100
2026-05-04,FAMILY,바람막이,1,1,1,65040
2026-05-04,FAMILY,라운드티,3,3,3,36980
2026-05-04,SILVER,여성,1,1,1,94870
2026-05-04,SILVER,남성,1,1,1,51200
2026-05-05,FAMILY,남성,203,202,270,9501110
2026-05-05,FAMILY,여성,13,13,15,1216650
2026-05-05,FAMILY,긴바지,7,7,7,238730
2026-05-05,FAMILY,라운드티,5,5,5,132640
2026-05-05,FAMILY,바람막이,1,1,1,78150
2026-05-05,FAMILY,폴로티/집업,1,1,1,48750
2026-05-05,FAMILY,셋업,1,1,1,27650
2026-05-05,SILVER,남성,16,16,24,1049150
2026-05-05,SILVER,여성,2,2,2,147230
2026-05-05,SILVER,라운드티,1,1,1,27490
2026-05-06,FAMILY,남성,77,76,96,4012700
2026-05-06,FAMILY,여성,5,5,7,439640
2026-05-06,FAMILY,등산화,2,2,2,161400
2026-05-06,FAMILY,긴바지,1,1,1,33920
2026-05-06,FAMILY,셋업,1,1,1,30500
2026-05-06,SILVER,남성,5,4,7,435340
2026-05-06,SILVER,여성,1,1,4,282400
2026-05-06,SILVER,반바지,1,1,1,40590
2026-05-06,SILVER,셋업,1,1,1,35410
2026-05-07,FAMILY,남성,69,68,84,4105170
2026-05-07,FAMILY,여성,4,4,4,270270
2026-05-07,FAMILY,긴바지,3,3,4,118990
2026-05-07,FAMILY,등산화,1,1,1,114590
2026-05-07,FAMILY,라운드티,2,2,2,74010
2026-05-07,FAMILY,바람막이,1,1,1,67480
2026-05-07,FAMILY,셋업,1,1,1,37640
2026-05-07,FAMILY,UNKNOWN,1,1,3,15710
2026-05-07,SILVER,남성,10,10,11,500630
2026-05-07,SILVER,라운드티,2,2,2,69430
2026-05-07,TITANIUM,남성,1,1,4,262460
2026-05-08,FAMILY,남성,36,36,45,2171700
2026-05-08,FAMILY,여성,5,5,6,469820
2026-05-08,FAMILY,바람막이,2,2,2,126660
2026-05-08,FAMILY,긴바지,2,2,2,49790
2026-05-08,SILVER,남성,5,5,7,403100
2026-05-09,FAMILY,남성,42,41,53,2223310
2026-05-09,FAMILY,여성,6,6,10,789070
2026-05-09,FAMILY,긴바지,2,2,2,99650
2026-05-09,FAMILY,바람막이,1,1,1,77000
2026-05-09,FAMILY,셋업,1,1,1,74500
2026-05-09,FAMILY,폴로티/집업,1,1,1,53190
2026-05-09,SILVER,바람막이,1,1,1,66100
2026-05-09,SILVER,남성,2,2,2,60810
2026-05-10,FAMILY,남성,339,339,418,15778640
2026-05-10,FAMILY,여성,26,26,29,2374220
2026-05-10,FAMILY,등산화,5,5,5,639930
2026-05-10,FAMILY,긴바지,10,10,10,321170
2026-05-10,FAMILY,라운드티,10,10,11,298360
2026-05-10,FAMILY,셋업,7,7,7,268520
2026-05-10,FAMILY,바람막이,4,4,4,220100
2026-05-10,FAMILY,반바지,3,3,3,126100
2026-05-10,FAMILY,UNKNOWN,1,1,2,10000
2026-05-10,GOLD,남성,3,3,4,168670
2026-05-10,SILVER,남성,23,22,39,1946140
2026-05-10,SILVER,여성,2,2,2,174760
2026-05-10,SILVER,라운드티,1,1,1,34290
2026-05-11,FAMILY,남성,20,20,25,1782070
2026-05-11,FAMILY,여성,8,7,8,1028560
2026-05-11,FAMILY,바람막이,1,1,1,91080
2026-05-11,SILVER,남성,2,2,6,499200
2026-05-11,SILVER,여성,1,1,1,48500
2026-05-12,FAMILY,남성,16,16,27,2080860
2026-05-12,FAMILY,여성,2,2,2,123020
2026-05-12,FAMILY,등산화,1,1,1,119490
2026-05-12,FAMILY,라운드티,2,2,3,102600
2026-05-12,FAMILY,긴바지,2,2,2,101810
2026-05-12,SILVER,남성,2,2,2,103840
2026-05-13,FAMILY,남성,26,25,38,2399990
2026-05-13,FAMILY,여성,4,4,7,557050
2026-05-13,FAMILY,등산화,1,1,1,119350
2026-05-13,FAMILY,긴바지,1,1,1,65000
2026-05-13,FAMILY,라운드티,1,1,1,33600
2026-05-13,GOLD,남성,1,1,1,75720
2026-05-13,SILVER,남성,4,3,4,410470
2026-05-13,SILVER,바람막이,1,1,1,70350
2026-05-14,FAMILY,남성,22,22,27,1479860
2026-05-14,FAMILY,여성,3,3,3,135660
2026-05-14,FAMILY,등산화,1,1,1,119200
2026-05-14,FAMILY,긴바지,1,1,1,35000
2026-05-14,FAMILY,라운드티,1,1,1,11000
2026-05-14,SILVER,남성,3,3,3,263350
2026-05-14,TITANIUM,남성,1,1,1,38150
2026-05-15,FAMILY,남성,15,15,29,1686430
2026-05-15,SILVER,남성,3,3,4,208600
