product_code,product_name_kor,product_name,product_style,sex_label,product_year,product_season,source_image_url,orders,buyers,quantity,revenue,unit_revenue,revenue_per_order,image_url,image_source
C75YU0369010,공용 본레 포레스트 20L 패커블 경량 백팩,Bonre Forest 20L Packable Backpack,C75YU0369,UNISEX,,,,168,166,413,21911990,53055.665859564164,130428.51190476191,assets/product_images/C75YU0369010.jpg,excel_map+downloaded
C75BI8634083,남성 텔루릭스 타이타늄 아웃드라이 와이드,TELLURIX TITANIUM OUTDRY WIDE,C75BI8634,MALE,,,,78,78,80,14149700,176871.25,181406.41025641025,assets/product_images/C75BI8634083.jpg,excel_map+downloaded
C75YU0366010,공용 레드우드 30L 뉴 플러스 백팩,REDWOOD™30 N.PLUS BACKPACK,C75YU0366,UNISEX,,,,108,108,108,13101150,121306.94444444444,121306.94444444444,assets/product_images/C75YU0366010.jpg,excel_map+downloaded
C75BI8634010,[추영우 착용] 남성 텔루릭스 타이타늄 아웃드라이 와이드,TELLURIX TITANIUM OUTDRY WIDE,C75BI8634,MALE,,,,72,69,72,12404360,172282.77777777778,172282.77777777778,assets/product_images/C75BI8634010.jpg,excel_map+downloaded
C75BM1935010,남성 PFG 프로 스포츠 레인 부츠,PFG PRO SPORT BOOT,C75BM1935,MALE,,,,63,62,63,8776910,139316.03174603175,139316.03174603175,assets/product_images/C75BM1935010.jpg,excel_map+downloaded
C75BI0652089,남성 크레스트우드 미드 워터프루프 와이드핏,CRESTWOOD MID WATERPROOF WIDE,C75BI0652,MALE,,,,78,78,78,8578830,109985.0,109985.0,assets/product_images/C75BI0652089.jpg,excel_map+downloaded
C75BK8634083,여성 텔루릭스 타이타늄 아웃드라이 와이드,TELLURIX TITANIUM OUTDRY WIDE,C75BK8634,FEMALE,,,,31,31,35,6309690,180276.85714285713,203538.38709677418,assets/product_images/C75BK8634083.jpg,excel_map+downloaded
C72AE5094214,공용 애커 록 컨버터블 팬츠,Acker Rock Convertible Pant,C72AE5094,UNISEX,,,,53,53,53,5787590,109199.81132075471,109199.81132075471,assets/product_images/C72AE5094214.jpg,excel_map+downloaded
C75YE6448010,남성 트랜스 트레일 워터프루프,TRANS TRAIL WATERPROOF,C75YE6448,MALE,,,,44,44,45,5530520,122900.44444444444,125693.63636363637,assets/product_images/C75YE6448010.jpg,excel_map+downloaded
C72AE5094011,공용 애커 록 컨버터블 팬츠,Acker Rock Convertible Pant,C72AE5094,UNISEX,,,,45,44,48,5489400,114362.5,121986.66666666667,assets/product_images/C72AE5094011.jpg,excel_map+downloaded
C75BK0998097,여성 크레스트우드 미드 워터프루프 와이드핏,CRESTWOOD MID WATERPROOF WIDE,C75BK0998,FEMALE,,,,49,49,49,5260410,107355.30612244898,107355.30612244898,assets/product_images/C75BK0998097.jpg,excel_map+downloaded
C75BM7473010,[추영우 착용] 남성 코노스 트릴리움 ATR 트레일 러닝화,KONOS TRILLIUM ATR,C75BM7473,MALE,,,,37,37,37,5118982,138350.86486486485,138350.86486486485,assets/product_images/C75BM7473010.jpg,excel_map+downloaded
C71AR5760127,[공식몰 단독] 여성 헬베시아 II 프린티드 하프스냅 플리스 풀오버,Helvetia II Printed Cropped Half Snap,C71AR5760,FEMALE,,,,69,68,69,5006130,72552.60869565218,72552.60869565218,assets/product_images/C71AR5760127.jpg,excel_map+downloaded
C75BK0998096,여성 크레스트우드 미드 워터프루프 와이드핏,CRESTWOOD™ MID WATERPROOF WIDE,C75BK0998,FEMALE,,,,45,45,45,4896100,108802.22222222222,108802.22222222222,assets/product_images/C75BK0998096.jpg,excel_map+downloaded
C75BI1209053,남성 크레스트우드 로우 워터프루프 와이드핏,CRESTWOOD WATERPROOF WIDE,C75BI1209,MALE,,,,47,47,47,4796410,102051.27659574468,102051.27659574468,assets/product_images/C75BI1209053.jpg,excel_map+downloaded
C75BI9168096,남성 픽프릭 러쉬 아웃드라이 와이드,PEAKFREAK RUSH OUTDRY WIDE,C75BI9168,MALE,,,,33,31,34,4763460,140101.76470588235,144347.27272727274,assets/product_images/C75BI9168096.jpg,excel_map+downloaded
C75BI8634845,[추영우 착용] 남성 텔루릭스 타이타늄 아웃드라이 와이드,TELLURIX TITANIUM OUTDRY WIDE,C75BI8634,MALE,,,,27,27,27,4747230,175823.33333333334,175823.33333333334,assets/product_images/C75BI8634845.jpg,excel_map+downloaded
C75YM5970010,남성 쓰라이브 리바이브 맥스 브리즈 메쉬 샌들,THRIVE REVIVE MX BREEZE,C75YM5970,MALE,,,,36,34,37,4577060,123704.32432432432,127140.55555555556,assets/product_images/C75YM5970010.jpg,excel_map+downloaded
C71XE9920464,공용 센트릴리엄 II 3 레이어 방수 자켓,Centrillium II Jacket,C71XE9920,UNISEX,,,,21,21,21,4491550,213883.33333333334,213883.33333333334,assets/product_images/C71XE9920464.jpg,excel_map+downloaded
C75YU0369060,공용 본레 포레스트 20L 패커블 경량 백팩,Bonre Forest 20L Packable Backpack,C75YU0369,UNISEX,,,,83,79,89,4471220,50238.426966292136,53870.12048192771,assets/product_images/C75YU0369060.jpg,excel_map+downloaded
C71AE4498227,[공식몰 단독] 공용 헬베시아 II 프린티드 하프스냅 플리스 풀오버,Helvetia II Printed Half Snap Fleece,C71AE4498,UNISEX,,,,62,61,62,4407970,71096.29032258065,71096.29032258065,assets/product_images/C71AE4498227.jpg,excel_map+downloaded
C75BI0652231,남성 크레스트우드 미드 워터프루프 와이드핏,CRESTWOOD MID WATERPROOF WIDE,C75BI0652,MALE,,,,40,40,40,4389400,109735.0,109735.0,assets/product_images/C75BI0652231.jpg,excel_map+downloaded
C71XE9920010,[추영우 착용] 공용 센트릴리엄 II 3 레이어 방수 자켓,Centrillium II Jacket,C71XE9920,UNISEX,,,,21,21,21,4382660,208698.09523809524,208698.09523809524,assets/product_images/C71XE9920010.jpg,excel_map+downloaded
C71AE8980010,남성 실버 릿지 엘리트 컨버터블 팬츠,Silver Ridge Elite Convertible Pant,C71AE8980,MALE,,,,39,38,40,4286420,107160.5,109908.20512820513,assets/product_images/C71AE8980010.jpg,excel_map+downloaded
C75YU0367010,공용 레드우드 35L 백팩,REDWOOD™35 BACKPACK,C75YU0367,UNISEX,,,,34,33,34,4271870,125643.23529411765,125643.23529411765,assets/product_images/C75YU0367010.jpg,excel_map+downloaded
C75YM5970395,남성 쓰라이브 리바이브 맥스 브리즈 메쉬 샌들,THRIVE REVIVE MX BREEZE,C75YM5970,MALE,,,,31,31,31,3884650,125311.29032258065,125311.29032258065,assets/product_images/C75YM5970395.jpg,excel_map+downloaded
C75BM0303338,[추영우 착용] 남성 코노스 스피드 트레일 ATR,KONOS SPEED TRAIL ATR,C75BM0303,MALE,,,,24,23,25,3657940,146317.6,152414.16666666666,https://assetscdn49.styleship.com/assets/columbia/data/ProductImages/a/4/C75BM0303338.jpg,styleship_cdn_pattern
C75BI9168010,남성 픽프릭 러쉬 아웃드라이 와이드,PEAKFREAK RUSH OUTDRY WIDE,C75BI9168,MALE,,,,24,23,24,3631610,151317.08333333334,151317.08333333334,https://assetscdn49.styleship.com/assets/columbia/data/ProductImages/a/4/C75BI9168010.jpg,styleship_cdn_pattern
C72FM8467019,[공식몰 단독] 남성 PFG 쉐도우캐스터 OFZ 바라클라바 후디 티셔츠,Shadowcaster Zero Hoodie,C72FM8467,MALE,,,,27,26,33,3589560,108774.54545454546,132946.66666666666,https://assetscdn49.styleship.com/assets/columbia/data/ProductImages/a/4/C72FM8467019.jpg,styleship_cdn_pattern
C75BM7473803,남성 코노스 트릴리움 ATR 트레일 러닝화,KONOS TRILLIUM ATR,C75BM7473,MALE,,,,25,25,25,3551730,142069.2,142069.2,https://assetscdn49.styleship.com/assets/columbia/data/ProductImages/a/4/C75BM7473803.jpg,styleship_cdn_pattern
C71AE8947010,남성 ROC 테크 카고 팬츠,ROC Tech Cargo Pant,C71AE8947,MALE,,,,36,36,38,3498460,92064.73684210527,97179.44444444444,https://assetscdn49.styleship.com/assets/columbia/data/ProductImages/a/4/C71AE8947010.jpg,styleship_cdn_pattern
C75YU0372010,공용 본레 포레스트 패커블 드로우 경량 백팩,Bonre Forest Packable Draw Backpack,C75YU0372,UNISEX,,,,50,50,50,3494160,69883.2,69883.2,https://assetscdn49.styleship.com/assets/columbia/data/ProductImages/a/4/C75YU0372010.jpg,styleship_cdn_pattern
C75BM0303010,남성 코노스 스피드 트레일 ATR,KONOS SPEED TRAIL ATR,C75BM0303,MALE,,,,25,23,27,3455800,127992.5925925926,138232.0,https://assetscdn49.styleship.com/assets/columbia/data/ProductImages/a/4/C75BM0303010.jpg,styleship_cdn_pattern
C72XE9956010,[공식몰 단독] 공용 선라이즈 스트레이트 OFZ 그래픽 반팔 티셔츠,Sunrise Strait OFZ Graphic Tee,C72XE9956,UNISEX,,,,59,58,63,3402030,54000.47619047619,57661.52542372881,https://assetscdn49.styleship.com/assets/columbia/data/ProductImages/a/4/C72XE9956010.jpg,styleship_cdn_pattern
C71AE8980397,남성 실버 릿지 엘리트 컨버터블 팬츠,Silver Ridge Elite Convertible Pant,C71AE8980,MALE,,,,30,30,30,3364300,112143.33333333333,112143.33333333333,https://assetscdn49.styleship.com/assets/columbia/data/ProductImages/a/4/C71AE8980397.jpg,styleship_cdn_pattern
C75YE4769271,남성 트랜스트레커 아웃드라이 와이드,TRANS TREKKER™ OUTDRY™ WIDE,C75YE4769,MALE,,,,29,29,29,3357700,115782.75862068965,115782.75862068965,https://assetscdn49.styleship.com/assets/columbia/data/ProductImages/a/4/C75YE4769271.jpg,styleship_cdn_pattern
C71YM3502494,남성 카우 마운틴 2L 방수 자켓,M's Cow Mountain 2L Jacket,C71YM3502,MALE,,,,14,14,14,3356010,239715.0,239715.0,https://assetscdn49.styleship.com/assets/columbia/data/ProductImages/a/4/C71YM3502494.jpg,styleship_cdn_pattern
C75YL7787010,여성 쓰라이브 리바이브 샌들,THRIVE REVIVE SHANDAL,C75YL7787,FEMALE,,,,26,26,27,3197020,118408.14814814815,122962.30769230769,https://assetscdn49.styleship.com/assets/columbia/data/ProductImages/a/4/C75YL7787010.jpg,styleship_cdn_pattern
C71FM3447385,남성 PFG 바하마 엘리트 긴팔 셔츠,Bahama Elite LS Shirt,C71FM3447,MALE,,,,34,34,34,3191260,93860.58823529411,93860.58823529411,https://assetscdn49.styleship.com/assets/columbia/data/ProductImages/a/4/C71FM3447385.jpg,styleship_cdn_pattern
C75BK9168063,여성 픽프릭 러쉬 아웃드라이 와이드,PEAKFREAK RUSH OUTDRY WIDE,C75BK9168,FEMALE,,,,21,21,21,3141850,149611.90476190476,149611.90476190476,https://assetscdn49.styleship.com/assets/columbia/data/ProductImages/a/4/C75BK9168063.jpg,styleship_cdn_pattern
C71XE2738028,남성 글레시얼 비스타 냉감 긴팔 셔츠,Glacial Vista™ Long Sleeve Shirt,C71XE2738,MALE,,,,36,36,37,3029290,81872.7027027027,84146.94444444444,https://assetscdn49.styleship.com/assets/columbia/data/ProductImages/a/4/C71XE2738028.jpg,styleship_cdn_pattern
C75BM4131012,남성 픽프릭 러쉬 아웃드라이 미드,PEAKFREAK RUSH™ MID OUTDRY™,C75BM4131,MALE,,,,19,19,19,2998580,157820.0,157820.0,https://assetscdn49.styleship.com/assets/columbia/data/ProductImages/a/4/C75BM4131012.jpg,styleship_cdn_pattern
C71XE9920278,[추영우 착용] 공용 센트릴리엄 II 3 레이어 방수 자켓,Centrillium II Jacket,C71XE9920,UNISEX,,,,15,14,15,2977270,198484.66666666666,198484.66666666666,https://assetscdn49.styleship.com/assets/columbia/data/ProductImages/a/4/C71XE9920278.jpg,styleship_cdn_pattern
C71AR5760126,[공식몰 단독] 여성 헬베시아 II 프린티드 하프스냅 플리스 풀오버,Helvetia II Printed Cropped Half Snap,C71AR5760,FEMALE,,,,40,40,40,2963860,74096.5,74096.5,https://assetscdn49.styleship.com/assets/columbia/data/ProductImages/a/4/C71AR5760126.jpg,styleship_cdn_pattern
C75BI0652014,남성 크레스트우드 미드 워터프루프 와이드핏,CRESTWOOD™ MID WATERPROOF WIDE,C75BI0652,MALE,,,,26,26,26,2913710,112065.76923076923,112065.76923076923,https://assetscdn49.styleship.com/assets/columbia/data/ProductImages/a/4/C75BI0652014.jpg,styleship_cdn_pattern
C75YU0369257,공용 본레 포레스트 20L 패커블 경량 백팩,Bonre Forest 20L Packable Backpack,C75YU0369,UNISEX,,,,46,45,54,2873570,53214.25925925926,62468.913043478264,https://assetscdn49.styleship.com/assets/columbia/data/ProductImages/a/4/C75YU0369257.jpg,styleship_cdn_pattern
C75BI0652234,남성 크레스트우드 미드 워터프루프 와이드핏,CRESTWOOD™ MID WATERPROOF WIDE,C75BI0652,MALE,,,,24,24,26,2831180,108891.53846153847,117965.83333333333,https://assetscdn49.styleship.com/assets/columbia/data/ProductImages/a/4/C75BI0652234.jpg,styleship_cdn_pattern
C72FM7047162,공용 PFG 바하마 II 반팔 셔츠,Bahama II S/S Shirt,C72FM7047,UNISEX,,,,39,39,39,2829150,72542.30769230769,72542.30769230769,https://assetscdn49.styleship.com/assets/columbia/data/ProductImages/a/4/C72FM7047162.jpg,styleship_cdn_pattern
C71YM3606439,공용 쓰리 락 바람막이 자켓,M's Three Rock Jacket,C71YM3606,UNISEX,,,,15,15,18,2710780,150598.88888888888,180718.66666666666,https://assetscdn49.styleship.com/assets/columbia/data/ProductImages/a/4/C71YM3606439.jpg,styleship_cdn_pattern
C71AE4498462,[공식몰 단독] 공용 헬베시아 II 프린티드 하프스냅 플리스 풀오버,Helvetia II Printed Half Snap Fleece,C71AE4498,UNISEX,,,,37,36,37,2673272,72250.5945945946,72250.5945945946,https://assetscdn49.styleship.com/assets/columbia/data/ProductImages/a/4/C71AE4498462.jpg,styleship_cdn_pattern
C75YM8908010,남성 쓰라이브 리바이브 샌들,THRIVE REVIVE SHANDAL,C75YM8908,MALE,,,,22,22,22,2628910,119495.90909090909,119495.90909090909,https://assetscdn49.styleship.com/assets/columbia/data/ProductImages/a/4/C75YM8908010.jpg,styleship_cdn_pattern
C72FM7047466,공용 PFG 바하마 II 반팔 셔츠,Bahama II S/S Shirt,C72FM7047,UNISEX,,,,34,33,34,2517070,74031.4705882353,74031.4705882353,https://assetscdn49.styleship.com/assets/columbia/data/ProductImages/a/4/C72FM7047466.jpg,styleship_cdn_pattern
C71AR7330715,[공식몰 단독] 여성 헬베시아 II 크롭 하프스냅 플리스 풀오버,Helvetia II Cropped Half Snap Fleece,C71AR7330,FEMALE,,,,39,39,39,2509660,64350.256410256414,64350.256410256414,https://assetscdn49.styleship.com/assets/columbia/data/ProductImages/a/4/C71AR7330715.jpg,styleship_cdn_pattern
C75YU0372060,공용 본레 포레스트 패커블 드로우 경량 백팩,Bonre Forest Packable Draw Backpack,C75YU0372,UNISEX,,,,37,37,38,2456940,64656.31578947369,66403.78378378379,https://assetscdn49.styleship.com/assets/columbia/data/ProductImages/a/4/C75YU0372060.jpg,styleship_cdn_pattern
C75YU8771010,[공식몰 단독] 여성 루디 리프 숏 레인부츠,RUDDY LEAF SHORT II,C75YU8771,UNISEX,,,,38,38,38,2425590,63831.31578947369,63831.31578947369,https://assetscdn49.styleship.com/assets/columbia/data/ProductImages/a/4/C75YU8771010.jpg,styleship_cdn_pattern
C71AR0356272,여성 실버릿지 3.0 긴팔 셔츠,Silver Ridge 3.0 LS,C71AR0356,FEMALE,,,,42,41,42,2408248,57339.23809523809,57339.23809523809,https://assetscdn49.styleship.com/assets/columbia/data/ProductImages/a/4/C71AR0356272.jpg,styleship_cdn_pattern
C71YM3502010,남성 카우 마운틴 2L 방수 자켓,M's Cow Mountain 2L Jacket,C71YM3502,MALE,,,,10,10,10,2394620,239462.0,239462.0,https://assetscdn49.styleship.com/assets/columbia/data/ProductImages/a/4/C71YM3502010.jpg,styleship_cdn_pattern
C71WE7462845,남성 소우덴 프로 3L 방수 자켓,Saudan Pro 3L Shell,C71WE7462,MALE,,,,6,6,6,2375250,395875.0,395875.0,https://assetscdn49.styleship.com/assets/columbia/data/ProductImages/a/4/C71WE7462845.jpg,styleship_cdn_pattern
C75BM1935063,남성 PFG 프로 스포츠 레인 부츠,PFG PRO SPORT™ BOOT,C75BM1935,MALE,,,,16,16,17,2347590,138093.5294117647,146724.375,https://assetscdn49.styleship.com/assets/columbia/data/ProductImages/a/4/C75BM1935063.jpg,styleship_cdn_pattern
C75BM7354010,남성 코노스 TRS 아웃드라이 미드,KONOS™ TRS OUTDRY™ MID,C75BM7354,MALE,,,,17,17,17,2223170,130774.70588235294,130774.70588235294,https://assetscdn49.styleship.com/assets/columbia/data/ProductImages/a/4/C75BM7354010.jpg,styleship_cdn_pattern
C75BK0607088,여성 크레스트우드 로우 워터프루프 와이드핏,CRESTWOOD™ WATERPROOF WIDE,C75BK0607,FEMALE,,,,22,22,22,2199280,99967.27272727272,99967.27272727272,https://assetscdn49.styleship.com/assets/columbia/data/ProductImages/a/4/C75BK0607088.jpg,styleship_cdn_pattern
C71AR5760610,[공식몰 단독] 여성 헬베시아 II 프린티드 하프스냅 플리스 풀오버,Helvetia II Printed Cropped Half Snap,C71AR5760,FEMALE,,,,30,30,30,2189870,72995.66666666667,72995.66666666667,https://assetscdn49.styleship.com/assets/columbia/data/ProductImages/a/4/C71AR5760610.jpg,styleship_cdn_pattern
C75BM6246012,남성 코노스 TRS 아웃드라이,KONOS™ TRS OUTDRY™,C75BM6246,MALE,,,,17,17,17,2187180,128657.64705882352,128657.64705882352,https://assetscdn49.styleship.com/assets/columbia/data/ProductImages/a/4/C75BM6246012.jpg,styleship_cdn_pattern
C75BM4131247,[추영우 착용] 남성 픽프릭 러쉬 아웃드라이 미드,PEAKFREAK RUSH™ MID OUTDRY™,C75BM4131,MALE,,,,14,14,15,2142520,142834.66666666666,153037.14285714287,https://assetscdn49.styleship.com/assets/columbia/data/ProductImages/a/4/C75BM4131247.jpg,styleship_cdn_pattern
C71YM3590841,[추영우 착용] 남성 365 마운틴 II 3L 방수자켓,M's 365 Mountain II Rain Jacket,C71YM3590,MALE,,,,4,4,6,2142350,357058.3333333333,535587.5,https://assetscdn49.styleship.com/assets/columbia/data/ProductImages/a/4/C71YM3590841.jpg,styleship_cdn_pattern
C72XE9962027,남성 라이트 캐논 소프트쉘 자켓,Light Canyon Soft Shell Jacket,C72XE9962,MALE,,,,11,10,17,2130450,125320.58823529411,193677.27272727274,https://assetscdn49.styleship.com/assets/columbia/data/ProductImages/a/4/C72XE9962027.jpg,styleship_cdn_pattern
C75BL6246101,여성 코노스 TRS 아웃드라이,KONOS™ TRS OUTDRY™,C75BL6246,FEMALE,,,,16,16,16,2111400,131962.5,131962.5,https://assetscdn49.styleship.com/assets/columbia/data/ProductImages/a/4/C75BL6246101.jpg,styleship_cdn_pattern
C75BI9168247,남성 픽프릭 러쉬 아웃드라이 와이드,PEAKFREAK RUSH™ OUTDRY™ WIDE,C75BI9168,MALE,,,,14,14,14,2093210,149515.0,149515.0,https://assetscdn49.styleship.com/assets/columbia/data/ProductImages/a/4/C75BI9168247.jpg,styleship_cdn_pattern
C75BI1209255,남성 크레스트우드 로우 워터프루프 와이드핏,CRESTWOOD WATERPROOF WIDE,C75BI1209,MALE,,,,19,19,20,2037550,101877.5,107239.47368421052,https://assetscdn49.styleship.com/assets/columbia/data/ProductImages/a/4/C75BI1209255.jpg,styleship_cdn_pattern
C72XE9956348,[공식몰 단독] 공용 선라이즈 스트레이트 OFZ 그래픽 반팔 티셔츠,Sunrise Strait OFZ Graphic Tee,C72XE9956,UNISEX,,,,36,36,37,2020840,54617.2972972973,56134.444444444445,https://assetscdn49.styleship.com/assets/columbia/data/ProductImages/a/4/C72XE9956348.jpg,styleship_cdn_pattern
C71AR0356348,여성 실버릿지 3.0 긴팔 셔츠,Silver Ridge 3.0 LS,C71AR0356,FEMALE,,,,33,32,34,2013620,59224.117647058825,61018.78787878788,https://assetscdn49.styleship.com/assets/columbia/data/ProductImages/a/4/C71AR0356348.jpg,styleship_cdn_pattern
C72AE0937010,남성 ROC 라이트 5 포켓 팬츠,ROC Lite 5 Pocket,C72AE0937,MALE,,,,22,21,23,1995540,86762.60869565218,90706.36363636363,https://assetscdn49.styleship.com/assets/columbia/data/ProductImages/a/4/C72AE0937010.jpg,styleship_cdn_pattern
C75YE6448278,남성 트랜스 트레일 워터프루프,TRANS TRAIL™ WATERPROOF,C75YE6448,MALE,,,,17,17,17,1954359,114962.29411764706,114962.29411764706,https://assetscdn49.styleship.com/assets/columbia/data/ProductImages/a/4/C75YE6448278.jpg,styleship_cdn_pattern
C75YE4769012,남성 트랜스트레커 아웃드라이 와이드,TRANS TREKKER™ OUTDRY™ WIDE,C75YE4769,MALE,,,,15,15,17,1951270,114780.58823529411,130084.66666666667,https://assetscdn49.styleship.com/assets/columbia/data/ProductImages/a/4/C75YE4769012.jpg,styleship_cdn_pattern
C75YU0154273,공용 헤이지 저니 2 워터프루프 스니커즈,HAZY JOURNEY™ II WATERPROOF,C75YU0154,UNISEX,,,,18,18,18,1938730,107707.22222222222,107707.22222222222,https://assetscdn49.styleship.com/assets/columbia/data/ProductImages/a/4/C75YU0154273.jpg,styleship_cdn_pattern
C75BI1209234,남성 크레스트우드 로우 워터프루프 와이드핏,CRESTWOOD™ WATERPROOF WIDE,C75BI1209,MALE,,,,18,17,18,1918030,106557.22222222222,106557.22222222222,https://assetscdn49.styleship.com/assets/columbia/data/ProductImages/a/4/C75BI1209234.jpg,styleship_cdn_pattern
C75BM0341010,남성 픽프릭 러쉬 샌들,PEAKFREAK RUSH SHANDAL,C75BM0341,MALE,,,,19,19,19,1912780,100672.63157894737,100672.63157894737,https://assetscdn49.styleship.com/assets/columbia/data/ProductImages/a/4/C75BM0341010.jpg,styleship_cdn_pattern
C75YL7787191,여성 쓰라이브 리바이브 샌들,THRIVE REVIVE SHANDAL,C75YL7787,FEMALE,,,,16,15,16,1862590,116411.875,116411.875,https://assetscdn49.styleship.com/assets/columbia/data/ProductImages/a/4/C75YL7787191.jpg,styleship_cdn_pattern
C75YU0374010,레드 에비뉴 20L 백팩,RED AVENUE 20 BACKPACK,C75YU0374,UNISEX,,,,18,18,18,1785990,99221.66666666667,99221.66666666667,https://assetscdn49.styleship.com/assets/columbia/data/ProductImages/a/4/C75YU0374010.jpg,styleship_cdn_pattern
C72FM7047317,공용 PFG 바하마 II 반팔 셔츠,Bahama II S/S Shirt,C72FM7047,UNISEX,,,,21,21,23,1769280,76925.21739130435,84251.42857142857,https://assetscdn49.styleship.com/assets/columbia/data/ProductImages/a/4/C72FM7047317.jpg,styleship_cdn_pattern
C75CU5631010,공용 쿨헤드 III 냉감 볼캡,Coolhead III Ball Cap,C75CU5631,UNISEX,,,,76,74,77,1768370,22965.844155844155,23268.026315789473,https://assetscdn49.styleship.com/assets/columbia/data/ProductImages/a/4/C75CU5631010.jpg,styleship_cdn_pattern
C75PU7249461,[공식몰 단독] 공용 버드릴 라이트 18L 경량 백팩,Birdley Light 18L Backpack,C75PU7249,UNISEX,,,,27,26,27,1745010,64630.0,64630.0,https://assetscdn49.styleship.com/assets/columbia/data/ProductImages/a/4/C75PU7249461.jpg,styleship_cdn_pattern
C75PU8662010,공용 케슬락 25L 백팩,Castle Rock™ 25L Backpack II,C75PU8662,UNISEX,,,,23,22,23,1744010,75826.52173913043,75826.52173913043,https://assetscdn49.styleship.com/assets/columbia/data/ProductImages/a/4/C75PU8662010.jpg,styleship_cdn_pattern
C75YU0154010,공용 헤이지 저니 2 워터프루프 스니커즈,HAZY JOURNEY™ II WATERPROOF,C75YU0154,UNISEX,,,,17,17,17,1735720,102101.17647058824,102101.17647058824,https://assetscdn49.styleship.com/assets/columbia/data/ProductImages/a/4/C75YU0154010.jpg,styleship_cdn_pattern
C72YM8623010,남성 다나 코브 OFZ ICE 스트레이트 팬츠,M's Dana Cove OFZ ICE Straight Pants,C72YM8623,MALE,,,,12,11,13,1726460,132804.61538461538,143871.66666666666,https://assetscdn49.styleship.com/assets/columbia/data/ProductImages/a/4/C72YM8623010.jpg,styleship_cdn_pattern
C75BM6246036,남성 코노스 TRS 아웃드라이,KONOS™ TRS OUTDRY™,C75BM6246,MALE,,,,14,14,14,1707150,121939.28571428571,121939.28571428571,https://assetscdn49.styleship.com/assets/columbia/data/ProductImages/a/4/C75BM6246036.jpg,styleship_cdn_pattern
C75BK9168091,여성 픽프릭 러쉬 아웃드라이 와이드,PEAKFREAK RUSH™ OUTDRY™ WIDE,C75BK9168,FEMALE,,,,12,12,12,1704220,142018.33333333334,142018.33333333334,https://assetscdn49.styleship.com/assets/columbia/data/ProductImages/a/4/C75BK9168091.jpg,styleship_cdn_pattern
C72YM3627010,남성 잉글리쉬 하이크 OFZ ICE 셋업 자켓,M's English Hike OFZ ICE Set Up Jacket,C72YM3627,MALE,,,,12,12,12,1695300,141275.0,141275.0,https://assetscdn49.styleship.com/assets/columbia/data/ProductImages/a/4/C72YM3627010.jpg,styleship_cdn_pattern
C75YE4769010,남성 트랜스트레커 아웃드라이 와이드,TRANS TREKKER™ OUTDRY™ WIDE,C75YE4769,MALE,,,,14,14,14,1694390,121027.85714285714,121027.85714285714,https://assetscdn49.styleship.com/assets/columbia/data/ProductImages/a/4/C75YE4769010.jpg,styleship_cdn_pattern
C72FM7047556,공용 PFG 바하마 II 반팔 셔츠,Bahama II S/S Shirt,C72FM7047,UNISEX,,,,21,21,22,1690070,76821.36363636363,80479.52380952382,https://assetscdn49.styleship.com/assets/columbia/data/ProductImages/a/4/C72FM7047556.jpg,styleship_cdn_pattern
C75BK0607083,여성 크레스트우드 로우 워터프루프 와이드핏,CRESTWOOD™ WATERPROOF WIDE,C75BK0607,FEMALE,,,,14,13,16,1676590,104786.875,119756.42857142857,https://assetscdn49.styleship.com/assets/columbia/data/ProductImages/a/4/C75BK0607083.jpg,styleship_cdn_pattern
C75PU8663010,공용 케슬락 20L 백팩,Castle Rock™ 20L Backpack II,C75PU8663,UNISEX,,,,24,24,24,1663700,69320.83333333333,69320.83333333333,https://assetscdn49.styleship.com/assets/columbia/data/ProductImages/a/4/C75PU8663010.jpg,styleship_cdn_pattern
C75BI1209089,남성 크레스트우드 로우 워터프루프 와이드핏,CRESTWOOD™ WATERPROOF WIDE,C75BI1209,MALE,,,,16,16,16,1657770,103610.625,103610.625,https://assetscdn49.styleship.com/assets/columbia/data/ProductImages/a/4/C75BI1209089.jpg,styleship_cdn_pattern
C72FM7047457,공용 PFG 바하마 II 반팔 셔츠,Bahama II S/S Shirt,C72FM7047,UNISEX,,,,21,20,21,1641830,78182.38095238095,78182.38095238095,https://assetscdn49.styleship.com/assets/columbia/data/ProductImages/a/4/C72FM7047457.jpg,styleship_cdn_pattern
C71XE2738397,남성 글레시얼 비스타 냉감 긴팔 셔츠,Glacial Vista Long Sleeve Shirt,C71XE2738,MALE,,,,19,19,19,1620240,85275.78947368421,85275.78947368421,https://assetscdn49.styleship.com/assets/columbia/data/ProductImages/a/4/C71XE2738397.jpg,styleship_cdn_pattern
C75YU0154431,공용 헤이지 저니 2 워터프루프 스니커즈,HAZY JOURNEY™ II WATERPROOF,C75YU0154,UNISEX,,,,14,13,14,1608050,114860.71428571429,114860.71428571429,https://assetscdn49.styleship.com/assets/columbia/data/ProductImages/a/4/C75YU0154431.jpg,styleship_cdn_pattern
C72AE5094375,공용 애커 록 컨버터블 팬츠,Acker Rock Convertible Pant,C72AE5094,UNISEX,,,,14,14,14,1597430,114102.14285714286,114102.14285714286,https://assetscdn49.styleship.com/assets/columbia/data/ProductImages/a/4/C72AE5094375.jpg,styleship_cdn_pattern
C75BM4131383,남성 픽프릭 러쉬 아웃드라이 미드,PEAKFREAK RUSH MID OUTDRY,C75BM4131,MALE,,,,5,5,9,1596870,177430.0,319374.0,https://assetscdn49.styleship.com/assets/columbia/data/ProductImages/a/4/C75BM4131383.jpg,styleship_cdn_pattern
C75YU0154191,공용 헤이지 저니 2 워터프루프 스니커즈,HAZY JOURNEY™ II WATERPROOF,C75YU0154,UNISEX,,,,14,14,14,1583500,113107.14285714286,113107.14285714286,https://assetscdn49.styleship.com/assets/columbia/data/ProductImages/a/4/C75YU0154191.jpg,styleship_cdn_pattern
C75YU0511010,공용 카스 림 넥 게이터,Cass Rim™ Neck Gaiter,C75YU0511,UNISEX,,,,51,50,57,1581860,27751.929824561405,31016.86274509804,https://assetscdn49.styleship.com/assets/columbia/data/ProductImages/a/4/C75YU0511010.jpg,styleship_cdn_pattern
C71YM3613397,남성 파인 에비뉴 인슐레이션 자켓,M's Pines to Avenue Insulation Jacket,C71YM3613,MALE,,,,8,8,8,1573630,196703.75,196703.75,https://assetscdn49.styleship.com/assets/columbia/data/ProductImages/a/4/C71YM3613397.jpg,styleship_cdn_pattern
C72XE9956125,[공식몰 단독] 공용 선라이즈 스트레이트 OFZ 그래픽 반팔 티셔츠,Sunrise Strait OFZ Graphic Tee,C72XE9956,UNISEX,,,,30,30,30,1571680,52389.333333333336,52389.333333333336,https://assetscdn49.styleship.com/assets/columbia/data/ProductImages/a/4/C72XE9956125.jpg,styleship_cdn_pattern
C75PU7249010,[공식몰 단독] 공용 버드릴 라이트 18L 경량 백팩,Birdley Light 18L Backpack,C75PU7249,UNISEX,,,,24,24,24,1562000,65083.333333333336,65083.333333333336,https://assetscdn49.styleship.com/assets/columbia/data/ProductImages/a/4/C75PU7249010.jpg,styleship_cdn_pattern
C72YM8627010,남성 잉글리쉬 하이크 OFZ ICE 셋업 스트레이트 팬츠,M's English Hike OFZ ICE Set Up Straight Pants,C72YM8627,MALE,,,,12,11,13,1560270,120020.76923076923,130022.5,https://assetscdn49.styleship.com/assets/columbia/data/ProductImages/a/4/C72YM8627010.jpg,styleship_cdn_pattern
C71WE0791454,남성 애커 록 트윌 인터체인지 데님 자켓,Acker Rock Twill Interchange Jacket,C71WE0791,MALE,,,,8,8,8,1533780,191722.5,191722.5,https://assetscdn49.styleship.com/assets/columbia/data/ProductImages/a/4/C71WE0791454.jpg,styleship_cdn_pattern
C72WR4004254,여성 파라큐티II 바람막이 자켓,Paracutie II Windbreaker,C72WR4004,FEMALE,,,,12,12,12,1512310,126025.83333333333,126025.83333333333,https://assetscdn49.styleship.com/assets/columbia/data/ProductImages/a/4/C72WR4004254.jpg,styleship_cdn_pattern
C72XE9956841,[공식몰 단독] 공용 선라이즈 스트레이트 OFZ 그래픽 반팔 티셔츠,Sunrise Strait OFZ Graphic Tee,C72XE9956,UNISEX,,,,25,25,26,1480310,56935.0,59212.4,https://assetscdn49.styleship.com/assets/columbia/data/ProductImages/a/4/C72XE9956841.jpg,styleship_cdn_pattern
C71AM8728010,남성 랜드로머 스카우트 팬츠,Landroamer Scout Pant,C71AM8728,MALE,,,,18,18,18,1467260,81514.44444444444,81514.44444444444,https://assetscdn49.styleship.com/assets/columbia/data/ProductImages/a/4/C71AM8728010.jpg,styleship_cdn_pattern
C72FM7047103,[공식몰 단독] 공용 PFG 바하마 II 반팔 셔츠,Bahama II S/S Shirt,C72FM7047,UNISEX,,,,19,19,20,1465580,73279.0,77135.78947368421,https://assetscdn49.styleship.com/assets/columbia/data/ProductImages/a/4/C72FM7047103.jpg,styleship_cdn_pattern
C75UU1979010,공용 코튼우드 크릭 크로스백,Cottonwood Creek Side Bag,C75UU1979,UNISEX,,,,67,67,68,1434740,21099.117647058825,21414.02985074627,https://assetscdn49.styleship.com/assets/columbia/data/ProductImages/a/4/C75UU1979010.jpg,styleship_cdn_pattern
C71YM3613011,남성 파인 에비뉴 인슐레이션 자켓,M's Pines to Avenue Insulation Jacket,C71YM3613,MALE,,,,7,7,7,1432370,204624.2857142857,204624.2857142857,https://assetscdn49.styleship.com/assets/columbia/data/ProductImages/a/4/C71YM3613011.jpg,styleship_cdn_pattern
C72FM8467464,[공식몰 단독] 남성 PFG 쉐도우캐스터 OFZ 바라클라바 후디 티셔츠,Shadowcaster Zero Hoodie,C72FM8467,MALE,,,,13,13,14,1429850,102132.14285714286,109988.46153846153,https://assetscdn49.styleship.com/assets/columbia/data/ProductImages/a/4/C72FM8467464.jpg,styleship_cdn_pattern
C71WE7462010,남성 소우덴 프로 3L 방수 자켓,Saudan Pro 3L Shell,C71WE7462,MALE,,,,4,4,4,1428710,357177.5,357177.5,https://assetscdn49.styleship.com/assets/columbia/data/ProductImages/a/4/C71WE7462010.jpg,styleship_cdn_pattern
C71WE5558011,공용 애커 록 윈드브레이커 아노락,Acker Rock Windbreaker,C71WE5558,MALE,,,,13,13,13,1408560,108350.76923076923,108350.76923076923,https://assetscdn49.styleship.com/assets/columbia/data/ProductImages/a/4/C71WE5558011.jpg,styleship_cdn_pattern
C75BL0341278,여성 픽프릭 러쉬 샌들,PEAKFREAK RUSH SHANDAL,C75BL0341,FEMALE,,,,14,14,14,1398860,99918.57142857143,99918.57142857143,https://assetscdn49.styleship.com/assets/columbia/data/ProductImages/a/4/C75BL0341278.jpg,styleship_cdn_pattern
C75BK9168028,여성 픽프릭 러쉬 아웃드라이 와이드,PEAKFREAK RUSH™ OUTDRY™ WIDE,C75BK9168,FEMALE,,,,10,10,10,1388250,138825.0,138825.0,https://assetscdn49.styleship.com/assets/columbia/data/ProductImages/a/4/C75BK9168028.jpg,styleship_cdn_pattern
C71AE8947366,남성 ROC 테크 카고 팬츠,ROC Tech Cargo Pant,C71AE8947,MALE,,,,15,15,15,1388130,92542.0,92542.0,https://assetscdn49.styleship.com/assets/columbia/data/ProductImages/a/4/C71AE8947366.jpg,styleship_cdn_pattern
C72XE5716464,남성 레이크 애로우헤드 그래픽 반팔 티셔츠,Lake Arrowhead Graphic SS,C72XE5716,MALE,,,,27,27,29,1364360,47046.89655172414,50531.851851851854,https://assetscdn49.styleship.com/assets/columbia/data/ProductImages/a/4/C72XE5716464.jpg,styleship_cdn_pattern
C72AE9681010,[공식몰 단독] 남성 칠 크리크 라이트웨이트 팬츠,Chill Creek Lightweight Pant,C72AE9681,MALE,,,,12,12,12,1348060,112338.33333333333,112338.33333333333,https://assetscdn49.styleship.com/assets/columbia/data/ProductImages/a/4/C72AE9681010.jpg,styleship_cdn_pattern
C72YM6624478,남성 라이트 패스 OFZ ICE+ 하프 집업 티셔츠,M's Light Pass OFZ ICE+ Half Zip Up,C72YM6624,MALE,,,,16,14,16,1347160,84197.5,84197.5,https://assetscdn49.styleship.com/assets/columbia/data/ProductImages/a/4/C72YM6624478.jpg,styleship_cdn_pattern
C75BM0341252,[추영우 착용] 남성 픽프릭 러쉬 샌들,PEAKFREAK RUSH SHANDAL,C75BM0341,MALE,,,,13,13,13,1335340,102718.46153846153,102718.46153846153,https://assetscdn49.styleship.com/assets/columbia/data/ProductImages/a/4/C75BM0341252.jpg,styleship_cdn_pattern
C75CU5631023,공용 쿨헤드 III 냉감 볼캡,Coolhead III Ball Cap,C75CU5631,UNISEX,,,,57,57,57,1328390,23305.087719298244,23305.087719298244,https://assetscdn49.styleship.com/assets/columbia/data/ProductImages/a/4/C75CU5631023.jpg,styleship_cdn_pattern
C75YU0154023,공용 헤이지 저니 2 워터프루프 스니커즈,HAZY JOURNEY™ II WATERPROOF,C75YU0154,UNISEX,,,,10,10,12,1321190,110099.16666666667,132119.0,https://assetscdn49.styleship.com/assets/columbia/data/ProductImages/a/4/C75YU0154023.jpg,styleship_cdn_pattern
C75YU2555338,공용 채드윅 니트 슬리퍼,CHADWICK KNIT,C75YU2555,UNISEX,,,,13,13,14,1311750,93696.42857142857,100903.84615384616,https://assetscdn49.styleship.com/assets/columbia/data/ProductImages/a/4/C75YU2555338.jpg,styleship_cdn_pattern
C71YL8592200,여성 365 마운틴 팬츠,W’s 365 Mountain II Pants,C71YL8592,FEMALE,,,,10,10,10,1310590,131059.0,131059.0,https://assetscdn49.styleship.com/assets/columbia/data/ProductImages/a/4/C71YL8592200.jpg,styleship_cdn_pattern
C75YR0136278,여성 트랜스트레커 아웃드라이 와이드,TRANS TREKKER™ OUTDRY™ WIDE,C75YR0136,FEMALE,,,,11,11,11,1289040,117185.45454545454,117185.45454545454,https://assetscdn49.styleship.com/assets/columbia/data/ProductImages/a/4/C75YR0136278.jpg,styleship_cdn_pattern
C75YM8908063,남성 쓰라이브 리바이브 샌들,THRIVE REVIVE SHANDAL,C75YM8908,MALE,,,,11,11,11,1276130,116011.81818181818,116011.81818181818,https://assetscdn49.styleship.com/assets/columbia/data/ProductImages/a/4/C75YM8908063.jpg,styleship_cdn_pattern
C71YM3606346,공용 쓰리 락 바람막이 자켓,M's Three Rock Jacket,C71YM3606,UNISEX,,,,8,8,9,1269990,141110.0,158748.75,https://assetscdn49.styleship.com/assets/columbia/data/ProductImages/a/4/C71YM3606346.jpg,styleship_cdn_pattern
C72YM3621346,남성 소모 하이크 경량 바람막이 자켓,M's Somo Hike Jacket,C72YM3621,MALE,,,,8,8,8,1256340,157042.5,157042.5,https://assetscdn49.styleship.com/assets/columbia/data/ProductImages/a/4/C72YM3621346.jpg,styleship_cdn_pattern
C71XM4875265,남성 CSC1938 듀얼리 마운틴 카모프린트 아우터체인지,CSC1938 Dually Mountain Outerchange,C71XM4875,MALE,,,,2,2,2,1254620,627310.0,627310.0,https://assetscdn49.styleship.com/assets/columbia/data/ProductImages/a/4/C71XM4875265.jpg,styleship_cdn_pattern
C75YR0136012,여성 트랜스트레커 아웃드라이 와이드,TRANS TREKKER™ OUTDRY™ WIDE,C75YR0136,FEMALE,,,,11,11,11,1250160,113650.90909090909,113650.90909090909,https://assetscdn49.styleship.com/assets/columbia/data/ProductImages/a/4/C75YR0136012.jpg,styleship_cdn_pattern
C75CU5631031,공용 쿨헤드 III 냉감 볼캡,Coolhead III Ball Cap,C75CU5631,UNISEX,,,,55,55,55,1245610,22647.454545454544,22647.454545454544,https://assetscdn49.styleship.com/assets/columbia/data/ProductImages/a/4/C75CU5631031.jpg,styleship_cdn_pattern
C75BL0303648,여성 코노스 스피드 트레일 ATR,KONOS SPEED TRAIL ATR WMNS,C75BL0303,FEMALE,,,,8,8,8,1234400,154300.0,154300.0,https://assetscdn49.styleship.com/assets/columbia/data/ProductImages/a/4/C75BL0303648.jpg,styleship_cdn_pattern
C75CU4539271,공용 쿨헤드 제로 IV 냉감 부니,Coolhead Zero IV Booney,C75CU4539,UNISEX,,,,24,24,25,1221960,48878.4,50915.0,https://assetscdn49.styleship.com/assets/columbia/data/ProductImages/a/4/C75CU4539271.jpg,styleship_cdn_pattern
C75BL4131096,여성 픽프릭 러쉬 아웃드라이 미드,PEAKFREAK RUSH™ MID OUTDRY™,C75BL4131,FEMALE,,,,8,8,8,1196560,149570.0,149570.0,https://assetscdn49.styleship.com/assets/columbia/data/ProductImages/a/4/C75BL4131096.jpg,styleship_cdn_pattern
C75YU2555214,공용 채드윅 니트 슬리퍼,CHADWICK KNIT,C75YU2555,UNISEX,,,,12,12,13,1186210,91246.92307692308,98850.83333333333,https://assetscdn49.styleship.com/assets/columbia/data/ProductImages/a/4/C75YU2555214.jpg,styleship_cdn_pattern
C75CU8623010,경량 스피드 트레일 러닝 볼캡,Speed Trail Ball Cap,C75CU8623,UNISEX,,,,31,31,31,1177060,37969.67741935484,37969.67741935484,https://assetscdn49.styleship.com/assets/columbia/data/ProductImages/a/4/C75CU8623010.jpg,styleship_cdn_pattern
C75YU0369484,공용 본레 포레스트 20L 패커블 경량 백팩,Bonre Forest 20L Packable Backpack,C75YU0369,UNISEX,,,,17,16,21,1153900,54947.619047619046,67876.4705882353,https://assetscdn49.styleship.com/assets/columbia/data/ProductImages/a/4/C75YU0369484.jpg,styleship_cdn_pattern
C71XJ9498023,남성 패스 레이크 블러프 II 팬츠,Path Lake Bluff II Pant,C71XJ9498,MALE,,,,13,13,13,1152790,88676.15384615384,88676.15384615384,https://assetscdn49.styleship.com/assets/columbia/data/ProductImages/a/4/C71XJ9498023.jpg,styleship_cdn_pattern
C75PU8663466,공용 케슬락 20L 백팩,Castle Rock™ 20L Backpack II,C75PU8663,UNISEX,,,,16,16,16,1145460,71591.25,71591.25,https://assetscdn49.styleship.com/assets/columbia/data/ProductImages/a/4/C75PU8663466.jpg,styleship_cdn_pattern
C75YM0659010,공용 트레일 투 브러쉬 부니,Trail to Brush Booney,C75YM0659,UNISEX,,,,34,34,34,1145300,33685.294117647056,33685.294117647056,https://assetscdn49.styleship.com/assets/columbia/data/ProductImages/a/4/C75YM0659010.jpg,styleship_cdn_pattern
C71AR7330008,여성 헬베시아 II 크롭 하프스냅 플리스 풀오버,Helvetia II Cropped Half Snap Fleece,C71AR7330,FEMALE,,,,19,19,19,1139062,59950.63157894737,59950.63157894737,https://assetscdn49.styleship.com/assets/columbia/data/ProductImages/a/4/C71AR7330008.jpg,styleship_cdn_pattern
C72YM6633411,[추영우 착용] 남성 리 로드 우븐 OF 크루넥 반팔 티셔츠,M's Lee Road Woven OF Crew,C72YM6633,MALE,,,,12,12,12,1116570,93047.5,93047.5,https://assetscdn49.styleship.com/assets/columbia/data/ProductImages/a/4/C72YM6633411.jpg,styleship_cdn_pattern
C75YR0136096,여성 트랜스트레커 아웃드라이 와이드,TRANS TREKKER™ OUTDRY™ WIDE,C75YR0136,FEMALE,,,,10,10,10,1115960,111596.0,111596.0,https://assetscdn49.styleship.com/assets/columbia/data/ProductImages/a/4/C75YR0136096.jpg,styleship_cdn_pattern
C72YM6627049,남성 폭스 패스 OFZ ICE+ 하프 집업 티셔츠,M's Fox Pass OFZ ICE+ Half Zip Up,C72YM6627,MALE,,,,10,9,11,1111240,101021.81818181818,111124.0,https://assetscdn49.styleship.com/assets/columbia/data/ProductImages/a/4/C72YM6627049.jpg,styleship_cdn_pattern
C72YM8623439,남성 다나 코브 OFZ ICE 스트레이트 팬츠,M's Dana Cove OFZ ICE Straight Pants,C72YM8623,MALE,,,,9,9,9,1105880,122875.55555555556,122875.55555555556,https://assetscdn49.styleship.com/assets/columbia/data/ProductImages/a/4/C72YM8623439.jpg,styleship_cdn_pattern
C72AJ3185040,공용 세다르 트레일 백그래픽 반팔 티셔츠,Cedar Trail Back Graphic Tee,C72AJ3185,UNISEX,,,,28,28,28,1097840,39208.57142857143,39208.57142857143,https://assetscdn49.styleship.com/assets/columbia/data/ProductImages/a/4/C72AJ3185040.jpg,styleship_cdn_pattern
C72XE9962010,남성 라이트 캐논 소프트쉘 자켓,Light Canyon Soft Shell Jacket,C72XE9962,MALE,,,,8,8,10,1089790,108979.0,136223.75,https://assetscdn49.styleship.com/assets/columbia/data/ProductImages/a/4/C72XE9962010.jpg,styleship_cdn_pattern
C75YR8156012,여성 트랜스 트레일 워터프루프,TRANS TRAIL WATERPROOF,C75YR8156,FEMALE,,,,9,9,9,1083110,120345.55555555556,120345.55555555556,https://assetscdn49.styleship.com/assets/columbia/data/ProductImages/a/4/C75YR8156012.jpg,styleship_cdn_pattern
C72AR5519191,여성 애커 록 반팔 셔츠,Acker Rock Knit Short Sleeve,C72AR5519,FEMALE,,,,20,20,20,1072580,53629.0,53629.0,https://assetscdn49.styleship.com/assets/columbia/data/ProductImages/a/4/C72AR5519191.jpg,styleship_cdn_pattern
C71YM6604035,남성 퍼스트 레인지 하프 집업 티셔츠,M's First Range Half Zip Up,C71YM6604,MALE,,,,13,13,13,1070090,82314.61538461539,82314.61538461539,https://assetscdn49.styleship.com/assets/columbia/data/ProductImages/a/4/C71YM6604035.jpg,styleship_cdn_pattern
C71WR6042027,여성 소우덴 프로 3L 방수 자켓,W Saudan Pro 3L Shell,C71WR6042,FEMALE,,,,3,3,3,1067090,355696.6666666667,355696.6666666667,https://assetscdn49.styleship.com/assets/columbia/data/ProductImages/a/4/C71WR6042027.jpg,styleship_cdn_pattern
C75BL4131063,여성 픽프릭 러쉬 아웃드라이 미드,PEAKFREAK RUSH MID OUTDRY,C75BL4131,FEMALE,,,,7,7,7,1066700,152385.7142857143,152385.7142857143,https://assetscdn49.styleship.com/assets/columbia/data/ProductImages/a/4/C75BL4131063.jpg,styleship_cdn_pattern
C72YM3621035,남성 소모 하이크 경량 바람막이 자켓,M's Somo Hike Jacket,C72YM3621,MALE,,,,7,7,7,1064930,152132.85714285713,152132.85714285713,https://assetscdn49.styleship.com/assets/columbia/data/ProductImages/a/4/C72YM3621035.jpg,styleship_cdn_pattern
C72YM6632464,남성 피나클 투 애비뉴 OFZ 아이스 폴로 티셔츠,M's Pinnacle to Avenue OFZ ICE Polo,C72YM6632,MALE,,,,12,12,12,1060310,88359.16666666667,88359.16666666667,https://assetscdn49.styleship.com/assets/columbia/data/ProductImages/a/4/C72YM6632464.jpg,styleship_cdn_pattern
C71YM3590212,남성 365 마운틴 II 3L 방수자켓,M's 365 Mountain II Rain Jacket,C71YM3590,MALE,,,,3,3,3,1055330,351776.6666666667,351776.6666666667,https://assetscdn49.styleship.com/assets/columbia/data/ProductImages/a/4/C71YM3590212.jpg,styleship_cdn_pattern
C75BI8320101,남성 휘프레이 와이드,WHIPRAY WIDE,C75BI8320,MALE,,,,7,6,7,1053610,150515.7142857143,150515.7142857143,https://assetscdn49.styleship.com/assets/columbia/data/ProductImages/a/4/C75BI8320101.jpg,styleship_cdn_pattern
C72XE8500191,남성 알더 크릭 OFZ 반팔 티셔츠,Alder Creek Short Sleeve Tee,C72XE8500,MALE,,,,19,18,20,1049850,52492.5,55255.26315789474,https://assetscdn49.styleship.com/assets/columbia/data/ProductImages/a/4/C72XE8500191.jpg,styleship_cdn_pattern
C75PU8724010,[공식몰 단독] 공용 타이거 브룩 미니 패커블 숄더백,Tyger Brook Mini Sholder,C75PU8724,UNISEX,,,,42,42,42,1048740,24970.0,24970.0,https://assetscdn49.styleship.com/assets/columbia/data/ProductImages/a/4/C75PU8724010.jpg,styleship_cdn_pattern
C72AE1387271,공용 CSC 아웃도어 백그래픽 반팔 티셔츠,CSC Outdoor Back Graphic Tee,C72AE1387,MALE,,,,32,32,34,1044470,30719.70588235294,32639.6875,https://assetscdn49.styleship.com/assets/columbia/data/ProductImages/a/4/C72AE1387271.jpg,styleship_cdn_pattern
C75BL6246012,여성 코노스 TRS 아웃드라이,KONOS™ TRS OUTDRY™,C75BL6246,FEMALE,,,,8,8,8,1041730,130216.25,130216.25,https://assetscdn49.styleship.com/assets/columbia/data/ProductImages/a/4/C75BL6246012.jpg,styleship_cdn_pattern
C72XE5829010,남성 비치 스파이얼 릿지 IV 팬츠,Beach Spire Ridge IV Pant,C72XE5829,MALE,,,,11,11,11,1041440,94676.36363636363,94676.36363636363,https://assetscdn49.styleship.com/assets/columbia/data/ProductImages/a/4/C72XE5829010.jpg,styleship_cdn_pattern
C72FM0405011,[공식몰 단독] 남성 본피쉬 플랫 반팔 셔츠,Bonefish Flats SS Shirt,C72FM0405,MALE,,,,11,11,11,1037620,94329.09090909091,94329.09090909091,https://assetscdn49.styleship.com/assets/columbia/data/ProductImages/a/4/C72FM0405011.jpg,styleship_cdn_pattern
C72AE9875471,공용 애커 록 트윌 버튼다운 데님 반팔 셔츠,Acker Rock Twill SS Button Down,C72AE9875,MALE,,,,11,11,11,1032380,93852.72727272728,93852.72727272728,https://assetscdn49.styleship.com/assets/columbia/data/ProductImages/a/4/C72AE9875471.jpg,styleship_cdn_pattern
C75PU2423010,공용 타이거 브룩 여행용 파우치,Tyger Brook™ Travel Cube Set,C75PU2423,UNISEX,,,,38,38,38,1027260,27033.157894736843,27033.157894736843,https://assetscdn49.styleship.com/assets/columbia/data/ProductImages/a/4/C75PU2423010.jpg,styleship_cdn_pattern
C72XE8500011,남성 알더 크릭 OFZ 반팔 티셔츠,Alder Creek Short Sleeve Tee,C72XE8500,MALE,,,,19,19,19,1021620,53769.47368421053,53769.47368421053,https://assetscdn49.styleship.com/assets/columbia/data/ProductImages/a/4/C72XE8500011.jpg,styleship_cdn_pattern
C72YM8627305,남성 잉글리쉬 하이크 OFZ ICE 셋업 스트레이트 팬츠,M's English Hike OFZ ICE Set Up Straight Pants,C72YM8627,MALE,,,,8,8,8,1019660,127457.5,127457.5,https://assetscdn49.styleship.com/assets/columbia/data/ProductImages/a/4/C72YM8627305.jpg,styleship_cdn_pattern
C72AE3375101,[공식몰 단독] 공용 CSC 헤비웨이트 아이코닉 반팔 티셔츠,CSC Heavyweight Iconic Tee,C72AE3375,UNISEX,,,,29,28,29,1010930,34859.65517241379,34859.65517241379,https://assetscdn49.styleship.com/assets/columbia/data/ProductImages/a/4/C72AE3375101.jpg,styleship_cdn_pattern
C71FM3447100,남성 PFG 바하마 엘리트 긴팔 셔츠,Bahama Elite LS Shirt,C71FM3447,MALE,,,,11,11,11,1005180,91380.0,91380.0,https://assetscdn49.styleship.com/assets/columbia/data/ProductImages/a/4/C71FM3447100.jpg,styleship_cdn_pattern
C75CU8623278,경량 스피드 트레일 러닝 볼캡,Speed Trail Ball Cap,C75CU8623,UNISEX,,,,27,27,27,998200,36970.37037037037,36970.37037037037,https://assetscdn49.styleship.com/assets/columbia/data/ProductImages/a/4/C75CU8623278.jpg,styleship_cdn_pattern
C72WR5597461,여성 윌로우 스카이 경량 바람막이 자켓,Willow Sky Windbreaker,C72WR5597,FEMALE,,,,8,8,8,992070,124008.75,124008.75,https://assetscdn49.styleship.com/assets/columbia/data/ProductImages/a/4/C72WR5597461.jpg,styleship_cdn_pattern
C75YM9726MUL,남성 컬럼비아 미드 컬러 양말 5종,M's Columbia Mid Length Mix Socks 5 Pack,C75YM9726,MALE,,,,45,45,47,990940,21083.82978723404,22020.88888888889,https://assetscdn49.styleship.com/assets/columbia/data/ProductImages/a/4/C75YM9726MUL.jpg,styleship_cdn_pattern
C72WR4004031,여성 파라큐티II 바람막이 자켓,Paracutie II Windbreaker,C72WR4004,FEMALE,,,,8,8,8,984940,123117.5,123117.5,https://assetscdn49.styleship.com/assets/columbia/data/ProductImages/a/4/C72WR4004031.jpg,styleship_cdn_pattern
C75YU0677278,공용 데졸 보울 버킷,Desor Bowl Bucket,C75YU0677,UNISEX,,,,25,24,25,984060,39362.4,39362.4,https://assetscdn49.styleship.com/assets/columbia/data/ProductImages/a/4/C75YU0677278.jpg,styleship_cdn_pattern
C75BL7473063,여성 코노스 트릴리움 ATR 트레일 러닝화,KONOS TRILLIUM ATR,C75BL7473,FEMALE,,,,7,7,8,983020,122877.5,140431.42857142858,https://assetscdn49.styleship.com/assets/columbia/data/ProductImages/a/4/C75BL7473063.jpg,styleship_cdn_pattern
C75PU2410010,공용 스트림 코인 케이스,Price Stream Coin Case,C75PU2410,UNISEX,,,,76,74,110,980910,8917.363636363636,12906.71052631579,https://assetscdn49.styleship.com/assets/columbia/data/ProductImages/a/4/C75PU2410010.jpg,styleship_cdn_pattern
C72YL3627102,여성 잉글리쉬 하이크 OFZ ICE 셋업 자켓,W's English Hike OFZ ICE Set Up Jacket,C72YL3627,FEMALE,,,,7,7,7,976140,139448.57142857142,139448.57142857142,https://assetscdn49.styleship.com/assets/columbia/data/ProductImages/a/4/C72YL3627102.jpg,styleship_cdn_pattern
C71YL8592053,여성 365 마운틴 팬츠,W’s 365 Mountain II Pants,C71YL8592,FEMALE,,,,7,7,7,973340,139048.57142857142,139048.57142857142,https://assetscdn49.styleship.com/assets/columbia/data/ProductImages/a/4/C71YL8592053.jpg,styleship_cdn_pattern
C72YM3596063,남성 엔조이 365 II 경량 윈드 자켓,M’s Enjoy 365 II Light Wind Jacket,C72YM3596,MALE,,,,6,6,6,967900,161316.66666666666,161316.66666666666,https://assetscdn49.styleship.com/assets/columbia/data/ProductImages/a/4/C72YM3596063.jpg,styleship_cdn_pattern
C72AE3375479,[공식몰 단독] 공용 CSC 헤비웨이트 아이코닉 반팔 티셔츠,CSC Heavyweight Iconic Tee,C72AE3375,UNISEX,,,,26,25,27,959250,35527.77777777778,36894.230769230766,https://assetscdn49.styleship.com/assets/columbia/data/ProductImages/a/4/C72AE3375479.jpg,styleship_cdn_pattern
C72XE2196027,남성 비욘드 피크 폴로 티셔츠,Beyond Peak Polo,C72XE2196,MALE,,,,13,13,13,950570,73120.76923076923,73120.76923076923,https://assetscdn49.styleship.com/assets/columbia/data/ProductImages/a/4/C72XE2196027.jpg,styleship_cdn_pattern
C71AM8728271,남성 랜드로머 스카우트 팬츠,Landroamer Scout Pant,C71AM8728,MALE,,,,12,12,12,942810,78567.5,78567.5,https://assetscdn49.styleship.com/assets/columbia/data/ProductImages/a/4/C71AM8728271.jpg,styleship_cdn_pattern
C71YM6611023,남성 파인 에비뉴 크루넥 긴팔 티셔츠,M's Pines to Avenue L/S Crew,C71YM6611,MALE,,,,13,13,13,940920,72378.46153846153,72378.46153846153,https://assetscdn49.styleship.com/assets/columbia/data/ProductImages/a/4/C71YM6611023.jpg,styleship_cdn_pattern
C72WR4004191,여성 파라큐티II 방풍 자켓,Paracutie II Windbreaker,C72WR4004,FEMALE,,,,7,7,8,928770,116096.25,132681.42857142858,https://assetscdn49.styleship.com/assets/columbia/data/ProductImages/a/4/C72WR4004191.jpg,styleship_cdn_pattern
C75BL0341011,여성 픽프릭 러쉬 샌들,PEAKFREAK RUSH SHANDAL,C75BL0341,FEMALE,,,,9,9,9,922910,102545.55555555556,102545.55555555556,https://assetscdn49.styleship.com/assets/columbia/data/ProductImages/a/4/C75BL0341011.jpg,styleship_cdn_pattern
C71YL3590102,여성 365 마운틴 II 3L 방수자켓,W's 365 Mountain II Rain Jacket,C71YL3590,FEMALE,,,,3,3,3,917490,305830.0,305830.0,https://assetscdn49.styleship.com/assets/columbia/data/ProductImages/a/4/C71YL3590102.jpg,styleship_cdn_pattern
C72FM5353029,[공식몰 단독] 남성 PFG 프로 가이드 팬츠,PFG Pro Guide Pant,C72FM5353,MALE,,,,6,6,7,914850,130692.85714285714,152475.0,https://assetscdn49.styleship.com/assets/columbia/data/ProductImages/a/4/C72FM5353029.jpg,styleship_cdn_pattern
C75PU8663031,공용 케슬락 20L 백팩,Castle Rock 20L Backpack II,C75PU8663,UNISEX,,,,13,13,13,913470,70266.92307692308,70266.92307692308,https://assetscdn49.styleship.com/assets/columbia/data/ProductImages/a/4/C75PU8663031.jpg,styleship_cdn_pattern
C75YR0136029,여성 트랜스트레커 아웃드라이 와이드,TRANS TREKKER™ OUTDRY™ WIDE,C75YR0136,FEMALE,,,,8,8,8,911310,113913.75,113913.75,https://assetscdn49.styleship.com/assets/columbia/data/ProductImages/a/4/C75YR0136029.jpg,styleship_cdn_pattern
C75BL7473023,여성 코노스 트릴리움 ATR 트레일 러닝화,KONOS TRILLIUM ATR,C75BL7473,FEMALE,,,,6,6,7,906810,129544.28571428571,151135.0,https://assetscdn49.styleship.com/assets/columbia/data/ProductImages/a/4/C75BL7473023.jpg,styleship_cdn_pattern
C75YU0677010,공용 데졸 보울 버킷,Desor Bowl Bucket,C75YU0677,UNISEX,,,,22,21,22,900810,40945.90909090909,40945.90909090909,https://assetscdn49.styleship.com/assets/columbia/data/ProductImages/a/4/C75YU0677010.jpg,styleship_cdn_pattern
C72AE0937397,남성 ROC 라이트 5 포켓 팬츠,ROC Lite 5 Pocket,C72AE0937,MALE,,,,10,10,10,892120,89212.0,89212.0,https://assetscdn49.styleship.com/assets/columbia/data/ProductImages/a/4/C72AE0937397.jpg,styleship_cdn_pattern
C71YM6604010,남성 퍼스트 레인지 하프 집업 티셔츠,M's First Range Half Zip Up,C71YM6604,MALE,,,,11,10,11,861570,78324.54545454546,78324.54545454546,https://assetscdn49.styleship.com/assets/columbia/data/ProductImages/a/4/C71YM6604010.jpg,styleship_cdn_pattern
C72XE9962316,남성 라이트 캐논 소프트쉘 자켓,Light Canyon Soft Shell Jacket,C72XE9962,MALE,,,,8,8,8,860640,107580.0,107580.0,https://assetscdn49.styleship.com/assets/columbia/data/ProductImages/a/4/C72XE9962316.jpg,styleship_cdn_pattern
C75UU1456010,공용 블랙콤브 릿지 18L 백팩,Blackcomb Ridge 18L Backpack,C75UU1456,UNISEX,,,,11,11,11,860270,78206.36363636363,78206.36363636363,https://assetscdn49.styleship.com/assets/columbia/data/ProductImages/a/4/C75UU1456010.jpg,styleship_cdn_pattern
C75PU8809010,공용 스트림 패디드 숄더백,Price Stream™ Padded Shoulder,C75PU8809,UNISEX,,,,35,35,35,849440,24269.714285714286,24269.714285714286,https://assetscdn49.styleship.com/assets/columbia/data/ProductImages/a/4/C75PU8809010.jpg,styleship_cdn_pattern
C72XE1652464,공용 리드 아일랜드 쇼츠,Reed Island Short,C72XE1652,UNISEX,,,,19,19,19,847650,44613.15789473684,44613.15789473684,https://assetscdn49.styleship.com/assets/columbia/data/ProductImages/a/4/C72XE1652464.jpg,styleship_cdn_pattern
C72XE3513464,남성 글레시얼 비스타 그래픽 반팔 티셔츠,Glacial Vista Graphic Tee,C72XE3513,MALE,,,,14,14,15,841940,56129.333333333336,60138.57142857143,https://assetscdn49.styleship.com/assets/columbia/data/ProductImages/a/4/C72XE3513464.jpg,styleship_cdn_pattern
C75CU0294278,공용 쿨헤드 제로 II 카샬롯 쉐이드 냉감 볼캡 모자,Coolhead Zero II Cachalot,C75CU0294,UNISEX,,,,18,17,19,841180,44272.63157894737,46732.22222222222,https://assetscdn49.styleship.com/assets/columbia/data/ProductImages/a/4/C75CU0294278.jpg,styleship_cdn_pattern
C75YU2555105,공용 채드윅 니트 슬리퍼,CHADWICK KNIT,C75YU2555,UNISEX,,,,8,8,9,834830,92758.88888888889,104353.75,https://assetscdn49.styleship.com/assets/columbia/data/ProductImages/a/4/C75YU2555105.jpg,styleship_cdn_pattern
C71YM7592063,남성 365 마운틴 긴팔 셔츠 자켓,M's 365 Mountain II Shirts Jacket,C71YM7592,MALE,,,,5,5,5,823650,164730.0,164730.0,https://assetscdn49.styleship.com/assets/columbia/data/ProductImages/a/4/C71YM7592063.jpg,styleship_cdn_pattern
C72FM7047853,공용 PFG 바하마 II 반팔 셔츠,Bahama II S/S Shirt,C72FM7047,UNISEX,,,,11,11,11,815600,74145.45454545454,74145.45454545454,https://assetscdn49.styleship.com/assets/columbia/data/ProductImages/a/4/C72FM7047853.jpg,styleship_cdn_pattern
C75YR8156278,여성 트랜스 트레일 워터프루프,TRANS TRAIL™ WATERPROOF,C75YR8156,FEMALE,,,,7,7,7,814090,116298.57142857143,116298.57142857143,https://assetscdn49.styleship.com/assets/columbia/data/ProductImages/a/4/C75YR8156278.jpg,styleship_cdn_pattern
C71YM7592841,남성 365 마운틴 긴팔 셔츠 자켓,M's 365 Mountain II Shirts Jacket,C71YM7592,MALE,,,,5,5,5,809870,161974.0,161974.0,https://assetscdn49.styleship.com/assets/columbia/data/ProductImages/a/4/C71YM7592841.jpg,styleship_cdn_pattern
C75UU1456348,공용 블랙콤브 릿지 18L 백팩,Blackcomb Ridge™ 18L Backpack,C75UU1456,UNISEX,,,,11,11,11,808350,73486.36363636363,73486.36363636363,https://assetscdn49.styleship.com/assets/columbia/data/ProductImages/a/4/C75UU1456348.jpg,styleship_cdn_pattern
C75YU0625010,공용 롤링코브III 볼캡,Rolling Cove III Cap,C75YU0625,UNISEX,,,,23,23,25,807700,32308.0,35117.391304347824,https://assetscdn49.styleship.com/assets/columbia/data/ProductImages/a/4/C75YU0625010.jpg,styleship_cdn_pattern
C75PU8662466,공용 케슬락 25L 백팩,Castle Rock™ 25L Backpack II,C75PU8662,UNISEX,,,,11,11,11,795080,72280.0,72280.0,https://assetscdn49.styleship.com/assets/columbia/data/ProductImages/a/4/C75PU8662466.jpg,styleship_cdn_pattern
C72FM3553023,[공식몰 단독] 남성 PFG 백캐스트 IV 워터 쇼츠,Backcast IV Water Short,C72FM3553,UNISEX,,,,12,9,16,793030,49564.375,66085.83333333333,https://assetscdn49.styleship.com/assets/columbia/data/ProductImages/a/4/C72FM3553023.jpg,styleship_cdn_pattern
C75BI9168005,남성 픽프릭 러쉬 아웃드라이 와이드,PEAKFREAK RUSH™ OUTDRY™ WIDE,C75BI9168,MALE,,,,5,5,5,791870,158374.0,158374.0,https://assetscdn49.styleship.com/assets/columbia/data/ProductImages/a/4/C75BI9168005.jpg,styleship_cdn_pattern
C75PU2434191,공용 스트림 미니 지갑,Price Stream Mini Wallet,C75PU2434,UNISEX,,,,76,76,77,781430,10148.441558441558,10281.973684210527,https://assetscdn49.styleship.com/assets/columbia/data/ProductImages/a/4/C75PU2434191.jpg,styleship_cdn_pattern
C72AJ3185013,공용 세다르 트레일 백그래픽 반팔 티셔츠,Cedar Trail Back Graphic Tee,C72AJ3185,UNISEX,,,,20,20,21,776920,36996.19047619047,38846.0,https://assetscdn49.styleship.com/assets/columbia/data/ProductImages/a/4/C72AJ3185013.jpg,styleship_cdn_pattern
C72YM6623053,남성 헤이 포인트 폴로 티셔츠,M's Hay Point Polo,C72YM6623,MALE,,,,10,10,10,776830,77683.0,77683.0,https://assetscdn49.styleship.com/assets/columbia/data/ProductImages/a/4/C72YM6623053.jpg,styleship_cdn_pattern
C75BL0303010,여성 코노스 스피드 트레일 ATR,KONOS SPEED TRAIL ATR WMNS,C75BL0303,FEMALE,,,,6,6,6,775200,129200.0,129200.0,https://assetscdn49.styleship.com/assets/columbia/data/ProductImages/a/4/C75BL0303010.jpg,styleship_cdn_pattern
C71WE5558125,공용 애커 록 윈드브레이커 아노락,Acker Rock Windbreaker,C71WE5558,MALE,,,,7,7,7,773500,110500.0,110500.0,https://assetscdn49.styleship.com/assets/columbia/data/ProductImages/a/4/C71WE5558125.jpg,styleship_cdn_pattern
C71WR7324010,여성 헤더 캐논 II 후디드 스트레치 자켓,Heather Canyon II Hooded Softshell,C71WR7324,FEMALE,,,,8,8,8,770990,96373.75,96373.75,https://assetscdn49.styleship.com/assets/columbia/data/ProductImages/a/4/C71WR7324010.jpg,styleship_cdn_pattern
C75CU4539464,공용 쿨헤드 제로 IV 냉감 부니,Coolhead Zero IV Booney,C75CU4539,UNISEX,,,,17,17,17,770460,45321.17647058824,45321.17647058824,https://assetscdn49.styleship.com/assets/columbia/data/ProductImages/a/4/C75CU4539464.jpg,styleship_cdn_pattern
C72YM8624010,남성 본 하이크 OF 스트레이트 팬츠,M's Von Hike OF Straight Pants,C72YM8624,MALE,,,,6,4,6,768140,128023.33333333333,128023.33333333333,https://assetscdn49.styleship.com/assets/columbia/data/ProductImages/a/4/C72YM8624010.jpg,styleship_cdn_pattern
C72YM6632010,남성 피나클 투 애비뉴 OFZ 아이스 폴로 티셔츠,M's Pinnacle to Avenue OFZ ICE Polo,C72YM6632,MALE,,,,9,9,9,767760,85306.66666666667,85306.66666666667,https://assetscdn49.styleship.com/assets/columbia/data/ProductImages/a/4/C72YM6632010.jpg,styleship_cdn_pattern
C75YU0511100,공용 카스 림 넥 게이터,Cass Rim™ Neck Gaiter,C75YU0511,UNISEX,,,,23,23,24,760680,31695.0,33073.04347826087,https://assetscdn49.styleship.com/assets/columbia/data/ProductImages/a/4/C75YU0511100.jpg,styleship_cdn_pattern
C72YM3596010,남성 엔조이 365 II 경량 윈드 자켓,M’s Enjoy 365 II Light Wind Jacket,C72YM3596,MALE,,,,4,4,4,757750,189437.5,189437.5,https://assetscdn49.styleship.com/assets/columbia/data/ProductImages/a/4/C72YM3596010.jpg,styleship_cdn_pattern
C75YU8481010,[공식몰 단독] 여성 루디 리프 롱 레인부츠,RUDDY LEAF™ II,C75YU8481,UNISEX,,,,9,9,9,755410,83934.44444444444,83934.44444444444,https://assetscdn49.styleship.com/assets/columbia/data/ProductImages/a/4/C75YU8481010.jpg,styleship_cdn_pattern
C75YU0369655,공용 본레 포레스트 20L 패커블 경량 백팩,Bonre Forest 20L Packable Backpack,C75YU0369,UNISEX,,,,13,13,15,753330,50222.0,57948.46153846154,https://assetscdn49.styleship.com/assets/columbia/data/ProductImages/a/4/C75YU0369655.jpg,styleship_cdn_pattern
C72WR5597254,여성 윌로우 스카이 경량 바람막이 자켓,Willow Sky Windbreaker,C72WR5597,FEMALE,,,,6,6,6,741960,123660.0,123660.0,https://assetscdn49.styleship.com/assets/columbia/data/ProductImages/a/4/C72WR5597254.jpg,styleship_cdn_pattern
C75BM0341257,[추영우 착용] 남성 픽프릭 러쉬 샌들,PEAKFREAK RUSH™ SHANDAL,C75BM0341,MALE,,,,7,7,7,737330,105332.85714285714,105332.85714285714,https://assetscdn49.styleship.com/assets/columbia/data/ProductImages/a/4/C75BM0341257.jpg,styleship_cdn_pattern
C72AE9125278,남성 다이아몬드 피크 PRO 반팔 티셔츠,Diamond Peak Pro Short Sleeve,C72AE9125,MALE,,,,10,10,10,735690,73569.0,73569.0,https://assetscdn49.styleship.com/assets/columbia/data/ProductImages/a/4/C72AE9125278.jpg,styleship_cdn_pattern
C71XJ9498010,남성 패스 레이크 블러프 II 팬츠,Path Lake Bluff II Pant,C71XJ9498,MALE,,,,8,8,8,735170,91896.25,91896.25,https://assetscdn49.styleship.com/assets/columbia/data/ProductImages/a/4/C71XJ9498010.jpg,styleship_cdn_pattern
C72PG7093370,공용 스턱 브룩 그래픽 반팔 티셔츠,Stuck Brook Graphic S/S Tee,C72PG7093,MALE,,,,14,14,14,734280,52448.57142857143,52448.57142857143,https://assetscdn49.styleship.com/assets/columbia/data/ProductImages/a/4/C72PG7093370.jpg,styleship_cdn_pattern
C72AR5519375,여성 애커 록 반팔 셔츠,Acker Rock Knit Short Sleeve,C72AR5519,FEMALE,,,,13,13,13,734090,56468.46153846154,56468.46153846154,https://assetscdn49.styleship.com/assets/columbia/data/ProductImages/a/4/C72AR5519375.jpg,styleship_cdn_pattern
C75BK8634010,여성 텔루릭스 타이타늄 아웃드라이 와이드,TELLURIX TITANIUM OUTDRY WIDE,C75BK8634,FEMALE,,,,4,4,4,732370,183092.5,183092.5,https://assetscdn49.styleship.com/assets/columbia/data/ProductImages/a/4/C75BK8634010.jpg,styleship_cdn_pattern
C71XR6553278,여성 클리어몬트 헤이츠 2L 방수 자켓,Clearmont Heights Rain Jacket,C71XR6553,FEMALE,,,,4,4,4,728650,182162.5,182162.5,https://assetscdn49.styleship.com/assets/columbia/data/ProductImages/a/4/C71XR6553278.jpg,styleship_cdn_pattern
C71YM8592053,남성 365 마운틴 팬츠,M’s 365 Mountain II Pants,C71YM8592,MALE,,,,5,5,5,723370,144674.0,144674.0,https://assetscdn49.styleship.com/assets/columbia/data/ProductImages/a/4/C71YM8592053.jpg,styleship_cdn_pattern
C72FM8679271,남성 본피쉬 플랫 반팔 티셔츠,Bonefish Flats Short Sleeve Tee,C72FM8679,MALE,,,,15,15,15,720830,48055.333333333336,48055.333333333336,https://assetscdn49.styleship.com/assets/columbia/data/ProductImages/a/4/C72FM8679271.jpg,styleship_cdn_pattern
C72YM3627305,남성 잉글리쉬 하이크 OFZ ICE 셋업 자켓,M's English Hike OFZ ICE Set Up Jacket,C72YM3627,MALE,,,,5,5,5,713530,142706.0,142706.0,https://assetscdn49.styleship.com/assets/columbia/data/ProductImages/a/4/C72YM3627305.jpg,styleship_cdn_pattern
C72YM6594010,남성 엔조이 365 반팔 라운드 티셔츠,M’s Enjoy 365 II SS Crew,C72YM6594,MALE,,,,7,7,8,710590,88823.75,101512.85714285714,https://assetscdn49.styleship.com/assets/columbia/data/ProductImages/a/4/C72YM6594010.jpg,styleship_cdn_pattern
C72AE1387461,공용 CSC 아웃도어 백그래픽 반팔 티셔츠,CSC Outdoor Back Graphic Tee,C72AE1387,MALE,,,,22,22,24,705150,29381.25,32052.272727272728,https://assetscdn49.styleship.com/assets/columbia/data/ProductImages/a/4/C72AE1387461.jpg,styleship_cdn_pattern
C72YM6631375,공용 고트 림 OF 크루넥 반팔 티셔츠,M's Goat Rim OF Crew,C72YM6631,UNISEX,,,,12,12,12,703730,58644.166666666664,58644.166666666664,https://assetscdn49.styleship.com/assets/columbia/data/ProductImages/a/4/C72YM6631375.jpg,styleship_cdn_pattern
C72YM6632411,남성 피나클 투 애비뉴 OFZ 아이스 폴로 티셔츠,M's Pinnacle to Avenue OFZ ICE Polo,C72YM6632,MALE,,,,7,7,8,694940,86867.5,99277.14285714286,https://assetscdn49.styleship.com/assets/columbia/data/ProductImages/a/4/C72YM6632411.jpg,styleship_cdn_pattern
C71XM8599010,남성 CSC1938 V1 후드 티셔츠,CSC1938 V1 Hoodie,C71XM8599,MALE,,,,5,5,5,691940,138388.0,138388.0,https://assetscdn49.styleship.com/assets/columbia/data/ProductImages/a/4/C71XM8599010.jpg,styleship_cdn_pattern
C72AR0863010,여성 칠크릭 카고팬츠,Chill Creek Cargo Pant,C72AR0863,FEMALE,,,,7,6,7,691050,98721.42857142857,98721.42857142857,https://assetscdn49.styleship.com/assets/columbia/data/ProductImages/a/4/C72AR0863010.jpg,styleship_cdn_pattern
C75YU0625381,공용 롤링코브III 볼캡,Rolling Cove III Cap,C75YU0625,UNISEX,,,,19,18,20,688910,34445.5,36258.42105263158,https://assetscdn49.styleship.com/assets/columbia/data/ProductImages/a/4/C75YU0625381.jpg,styleship_cdn_pattern
C72FM5618160,남성 PFG 바하마 II 쇼츠,Bahama II Short,C72FM5618,MALE,,,,12,12,12,688440,57370.0,57370.0,https://assetscdn49.styleship.com/assets/columbia/data/ProductImages/a/4/C72FM5618160.jpg,styleship_cdn_pattern
C72XE5716012,남성 레이크 애로우헤드 그래픽 반팔 티셔츠,Lake Arrowhead Graphic SS,C72XE5716,MALE,,,,14,14,14,677030,48359.28571428572,48359.28571428572,https://assetscdn49.styleship.com/assets/columbia/data/ProductImages/a/4/C72XE5716012.jpg,styleship_cdn_pattern
C71YL8592102,여성 365 마운틴 팬츠,W’s 365 Mountain II Pants,C71YL8592,FEMALE,,,,5,5,5,675700,135140.0,135140.0,https://assetscdn49.styleship.com/assets/columbia/data/ProductImages/a/4/C71YL8592102.jpg,styleship_cdn_pattern
C71YL3590200,여성 365 마운틴 II 3L 방수자켓,W's 365 Mountain II Rain Jacket,C71YL3590,FEMALE,,,,2,2,2,675290,337645.0,337645.0,https://assetscdn49.styleship.com/assets/columbia/data/ProductImages/a/4/C71YL3590200.jpg,styleship_cdn_pattern
C71YM7592053,남성 365 마운틴 긴팔 셔츠 자켓,M's 365 Mountain II Shirts Jacket,C71YM7592,MALE,,,,4,4,4,674720,168680.0,168680.0,https://assetscdn49.styleship.com/assets/columbia/data/ProductImages/a/4/C71YM7592053.jpg,styleship_cdn_pattern
C75YU0625305,공용 롤링코브III 볼캡,Rolling Cove III Cap,C75YU0625,UNISEX,,,,20,19,20,667370,33368.5,33368.5,https://assetscdn49.styleship.com/assets/columbia/data/ProductImages/a/4/C75YU0625305.jpg,styleship_cdn_pattern
C75UU8635010,공용 스트릿 트랜짓 III 백팩,Street Transit III Backpack,C75UU8635,UNISEX,,,,10,10,10,664810,66481.0,66481.0,https://assetscdn49.styleship.com/assets/columbia/data/ProductImages/a/4/C75UU8635010.jpg,styleship_cdn_pattern
C72YM6633023,남성 리 로드 우븐 OF 크루넥 반팔 티셔츠,M's Lee Road Woven OF Crew,C72YM6633,MALE,,,,7,7,7,660290,94327.14285714286,94327.14285714286,https://assetscdn49.styleship.com/assets/columbia/data/ProductImages/a/4/C72YM6633023.jpg,styleship_cdn_pattern
C71WE8104491,[추영우 착용] 남성 카시아 프로 ODX 쉘 방수자켓,Cassiar Pro ODX Shell,C71WE8104,MALE,,,,2,2,2,658380,329190.0,329190.0,https://assetscdn49.styleship.com/assets/columbia/data/ProductImages/a/4/C71WE8104491.jpg,styleship_cdn_pattern
C75CU0117485,공용 PFG 피쉬 플래그 메쉬 볼캡,PFG Fish Flag Mesh Ball Cap,C75CU0117,UNISEX,,,,25,24,25,657100,26284.0,26284.0,https://assetscdn49.styleship.com/assets/columbia/data/ProductImages/a/4/C75CU0117485.jpg,styleship_cdn_pattern
C71WR7324278,여성 헤더 캐논 II 후디드 스트레치 자켓,Heather Canyon II Hooded Softshell,C71WR7324,FEMALE,,,,7,6,7,655840,93691.42857142857,93691.42857142857,https://assetscdn49.styleship.com/assets/columbia/data/ProductImages/a/4/C71WR7324278.jpg,styleship_cdn_pattern
C72XE2196461,남성 비욘드 피크 폴로 티셔츠,Beyond Peak Polo,C72XE2196,MALE,,,,8,8,9,653300,72588.88888888889,81662.5,https://assetscdn49.styleship.com/assets/columbia/data/ProductImages/a/4/C72XE2196461.jpg,styleship_cdn_pattern
C75PU8664010,공용 케슬락 15L 백팩,Castle Rock™ 15L Backpack II,C75PU8664,UNISEX,,,,10,10,10,647890,64789.0,64789.0,https://assetscdn49.styleship.com/assets/columbia/data/ProductImages/a/4/C75PU8664010.jpg,styleship_cdn_pattern
C75BI8320012,남성 휘프레이 와이드,WHIPRAY WIDE,C75BI8320,MALE,,,,5,5,5,644530,128906.0,128906.0,https://assetscdn49.styleship.com/assets/columbia/data/ProductImages/a/4/C75BI8320012.jpg,styleship_cdn_pattern
C71WE8104010,남성 카시아 프로 ODX 쉘 방수자켓,Cassiar Pro ODX Shell,C71WE8104,MALE,,,,2,2,2,642380,321190.0,321190.0,https://assetscdn49.styleship.com/assets/columbia/data/ProductImages/a/4/C71WE8104010.jpg,styleship_cdn_pattern
C72WR4004010,여성 파라큐티II 방풍 자켓,Paracutie II Windbreaker,C72WR4004,FEMALE,,,,5,5,5,639350,127870.0,127870.0,https://assetscdn49.styleship.com/assets/columbia/data/ProductImages/a/4/C72WR4004010.jpg,styleship_cdn_pattern
C75PU8664031,공용 케슬락 15L 백팩,Castle Rock 15L Backpack,C75PU8664,UNISEX,,,,10,10,10,639070,63907.0,63907.0,https://assetscdn49.styleship.com/assets/columbia/data/ProductImages/a/4/C75PU8664031.jpg,styleship_cdn_pattern
C75BK8320100,여성 휘프레이 와이드,WHIPRAY WIDE,C75BK8320,FEMALE,,,,4,4,5,638100,127620.0,159525.0,https://assetscdn49.styleship.com/assets/columbia/data/ProductImages/a/4/C75BK8320100.jpg,styleship_cdn_pattern
C72XE1652243,공용 리드 아일랜드 쇼츠,Reed Island Short,C72XE1652,UNISEX,,,,15,15,15,631820,42121.333333333336,42121.333333333336,https://assetscdn49.styleship.com/assets/columbia/data/ProductImages/a/4/C72XE1652243.jpg,styleship_cdn_pattern
C72XE3849429,남성 콜로라도 리버 폴로 티셔츠,Colorado River Polo,C72XE3849,MALE,,,,9,9,9,630110,70012.22222222222,70012.22222222222,https://assetscdn49.styleship.com/assets/columbia/data/ProductImages/a/4/C72XE3849429.jpg,styleship_cdn_pattern
C71XM1756010,남성 CSC1938 듀얼리 마운틴 아우터체인지,CSC1938 Dually Mountain Outerchange,C71XM1756,MALE,,,,1,1,1,629000,629000.0,629000.0,https://assetscdn49.styleship.com/assets/columbia/data/ProductImages/a/4/C71XM1756010.jpg,styleship_cdn_pattern
C75PU8697010,공용 스트림 지갑 겸용 크로스백,Price Stream™ Shoulder Wallet,C75PU8697,UNISEX,,,,22,22,22,627230,28510.454545454544,28510.454545454544,https://assetscdn49.styleship.com/assets/columbia/data/ProductImages/a/4/C75PU8697010.jpg,styleship_cdn_pattern
C71YL6611191,여성 가든 투 파크 긴팔 티셔츠,W's Garden to Park L/S Crew,C71YL6611,FEMALE,,,,10,10,10,625190,62519.0,62519.0,https://assetscdn49.styleship.com/assets/columbia/data/ProductImages/a/4/C71YL6611191.jpg,styleship_cdn_pattern
C75PU8700010,공용 스트림 사코슈 백,Price Stream Sacoche,C75PU8700,UNISEX,,,,26,26,26,624900,24034.615384615383,24034.615384615383,https://assetscdn49.styleship.com/assets/columbia/data/ProductImages/a/4/C75PU8700010.jpg,styleship_cdn_pattern
C72YM6631100,공용 고트 림 OF 크루넥 반팔 티셔츠,M's Goat Rim OF Crew,C72YM6631,UNISEX,,,,9,8,11,618530,56230.0,68725.55555555556,https://assetscdn49.styleship.com/assets/columbia/data/ProductImages/a/4/C72YM6631100.jpg,styleship_cdn_pattern
C75YM0659397,공용 트레일 투 브러쉬 부니,Trail to Brush Booney,C75YM0659,UNISEX,,,,17,17,17,618530,36384.117647058825,36384.117647058825,https://assetscdn49.styleship.com/assets/columbia/data/ProductImages/a/4/C75YM0659397.jpg,styleship_cdn_pattern
C72AM5480010,남성 랜드로머 스카우트 쇼츠,Landroamer Scout Short,C72AM5480,MALE,,,,10,10,10,606940,60694.0,60694.0,https://assetscdn49.styleship.com/assets/columbia/data/ProductImages/a/4/C72AM5480010.jpg,styleship_cdn_pattern
C75YU9904494,공용 니들 락 데쉬 3단 듀얼 등산스틱,NEEDLE ROCK DASH™ 3 STICK,C75YU9904,UNISEX,,,,6,6,6,604370,100728.33333333333,100728.33333333333,https://assetscdn49.styleship.com/assets/columbia/data/ProductImages/a/4/C75YU9904494.jpg,styleship_cdn_pattern
C72AE3375013,[공식몰 단독] 공용 CSC 헤비웨이트 아이코닉 반팔 티셔츠,CSC Heavyweight Iconic Tee,C72AE3375,UNISEX,,,,15,13,15,601310,40087.333333333336,40087.333333333336,https://assetscdn49.styleship.com/assets/columbia/data/ProductImages/a/4/C72AE3375013.jpg,styleship_cdn_pattern
C75PU2410191,공용 스트림 코인 케이스,Price Stream Coin Case,C75PU2410,UNISEX,,,,63,63,68,599510,8816.323529411764,9516.031746031746,https://assetscdn49.styleship.com/assets/columbia/data/ProductImages/a/4/C75PU2410191.jpg,styleship_cdn_pattern
C75YU9623271,공용 코브하이츠파크Ⅱ 미드 양말,Cove Heights Park Ⅱ mid socks,C75YU9623,UNISEX,,,,59,59,75,599400,7992.0,10159.322033898305,https://assetscdn49.styleship.com/assets/columbia/data/ProductImages/a/4/C75YU9623271.jpg,styleship_cdn_pattern
C72AE9875011,공용 애커 록 트윌 버튼다운 반팔 셔츠,Acker Rock Twill SS Button Down,C72AE9875,MALE,,,,6,6,6,593550,98925.0,98925.0,https://assetscdn49.styleship.com/assets/columbia/data/ProductImages/a/4/C72AE9875011.jpg,styleship_cdn_pattern
C72YL3596200,여성 엔조이 365 II 경량 윈드 자켓,W’s Enjoy 365 II Light Wind Jacket,C72YL3596,FEMALE,,,,3,3,3,592020,197340.0,197340.0,https://assetscdn49.styleship.com/assets/columbia/data/ProductImages/a/4/C72YL3596200.jpg,styleship_cdn_pattern
C75UU8703478,공용 랜드로머 40L 더플백,Landroamer™ 40L Duffel,C75UU8703,UNISEX,,,,6,6,6,589010,98168.33333333333,98168.33333333333,https://assetscdn49.styleship.com/assets/columbia/data/ProductImages/a/4/C75UU8703478.jpg,styleship_cdn_pattern
C75BM6461212,[추영우 착용] 남성 픽프릭 러쉬 샌들 리아,PEAKFREAK RUSH™ SANDAL LEA,C75BM6461,MALE,,,,6,6,6,587500,97916.66666666667,97916.66666666667,https://assetscdn49.styleship.com/assets/columbia/data/ProductImages/a/4/C75BM6461212.jpg,styleship_cdn_pattern
C72XE1652010,[추영우 착용] 공용 리드 아일랜드 쇼츠,Reed Island Short,C72XE1652,UNISEX,,,,12,12,12,579520,48293.333333333336,48293.333333333336,https://assetscdn49.styleship.com/assets/columbia/data/ProductImages/a/4/C72XE1652010.jpg,styleship_cdn_pattern
C72XR4414271,여성 루비폴스 롱팬츠,Ruby Falls II Pant,C72XR4414,FEMALE,,,,8,8,8,574450,71806.25,71806.25,https://assetscdn49.styleship.com/assets/columbia/data/ProductImages/a/4/C72XR4414271.jpg,styleship_cdn_pattern
C75YU0707305,공용 다크 힐 OFZ ICE 부니,Dark Hill OFZ ICE Booney,C75YU0707,UNISEX,,,,9,8,10,574410,57441.0,63823.333333333336,https://assetscdn49.styleship.com/assets/columbia/data/ProductImages/a/4/C75YU0707305.jpg,styleship_cdn_pattern
C72AR8873010,여성 위켄드 레이스 워터 쇼츠,Weekend Rays Water Short,C72AR8873,FEMALE,,,,13,13,13,574290,44176.153846153844,44176.153846153844,https://assetscdn49.styleship.com/assets/columbia/data/ProductImages/a/4/C72AR8873010.jpg,styleship_cdn_pattern
C75YL9726MUL,여성 컬럼비아 미드 컬러 양말 5종,W's Columbia Mid Length Mix Socks 5 Pack,C75YL9726,FEMALE,,,,28,28,28,573000,20464.285714285714,20464.285714285714,https://assetscdn49.styleship.com/assets/columbia/data/ProductImages/a/4/C75YL9726MUL.jpg,styleship_cdn_pattern
C72YM3631010,남성 크로스 포레스트 시어서커 자켓,M's Cross Forest Seersucker Jacket,C72YM3631,MALE,,,,5,5,5,572200,114440.0,114440.0,https://assetscdn49.styleship.com/assets/columbia/data/ProductImages/a/4/C72YM3631010.jpg,styleship_cdn_pattern
C75PU8655010,공용 와일드 우드 45L +5L 백팩,Wildwood 45L + 5L Backpack,C75PU8655,UNISEX,,,,3,3,3,571580,190526.66666666666,190526.66666666666,https://assetscdn49.styleship.com/assets/columbia/data/ProductImages/a/4/C75PU8655010.jpg,styleship_cdn_pattern
C75PU2434010,공용 스트림 미니 지갑,Price Stream Mini Wallet,C75PU2434,UNISEX,,,,56,55,57,565440,9920.0,10097.142857142857,https://assetscdn49.styleship.com/assets/columbia/data/ProductImages/a/4/C75PU2434010.jpg,styleship_cdn_pattern
C72YM8596010,남성 엔조이 365 II 냉감 팬츠,M’s Enjoy 365 II Cool Pants,C72YM8596,MALE,,,,4,4,4,565000,141250.0,141250.0,https://assetscdn49.styleship.com/assets/columbia/data/ProductImages/a/4/C72YM8596010.jpg,styleship_cdn_pattern
C75PU8663191,공용 케슬락 20L 백팩,Castle Rock 20L Backpack II,C75PU8663,UNISEX,,,,8,7,8,562600,70325.0,70325.0,https://assetscdn49.styleship.com/assets/columbia/data/ProductImages/a/4/C75PU8663191.jpg,styleship_cdn_pattern
C72YM6627405,남성 폭스 패스 OFZ ICE+ 하프 집업 티셔츠,M's Fox Pass OFZ ICE+ Half Zip Up,C72YM6627,MALE,,,,6,6,6,559650,93275.0,93275.0,https://assetscdn49.styleship.com/assets/columbia/data/ProductImages/a/4/C72YM6627405.jpg,styleship_cdn_pattern
C75YU9901845,공용 패스투스프링 4단 싱글 등산스틱,Path to Springs™ 4 Stick,C75YU9901,UNISEX,,,,4,4,6,555380,92563.33333333333,138845.0,https://assetscdn49.styleship.com/assets/columbia/data/ProductImages/a/4/C75YU9901845.jpg,styleship_cdn_pattern
C72AJ3185465,공용 세다르 트레일 백그래픽 반팔 티셔츠,Cedar Trail Back Graphic Tee,C72AJ3185,UNISEX,,,,13,13,14,535330,38237.857142857145,41179.230769230766,https://assetscdn49.styleship.com/assets/columbia/data/ProductImages/a/4/C72AJ3185465.jpg,styleship_cdn_pattern
C72FM4282466,[공식몰 단독] 남성 본피쉬 플랫 쇼츠,Bonefish Flats Short,C72FM4282,MALE,,,,7,7,7,534490,76355.71428571429,76355.71428571429,https://assetscdn49.styleship.com/assets/columbia/data/ProductImages/a/4/C72FM4282466.jpg,styleship_cdn_pattern
C72PG7093010,공용 스턱 브룩 그래픽 반팔 티셔츠,Stuck Brook Graphic S/S Tee,C72PG7093,MALE,,,,11,11,11,533720,48520.0,48520.0,https://assetscdn49.styleship.com/assets/columbia/data/ProductImages/a/4/C72PG7093010.jpg,styleship_cdn_pattern
C72YM3631484,남성 크로스 포레스트 시어서커 자켓,M's Cross Forest Seersucker Jacket,C72YM3631,MALE,,,,4,4,4,525970,131492.5,131492.5,https://assetscdn49.styleship.com/assets/columbia/data/ProductImages/a/4/C72YM3631484.jpg,styleship_cdn_pattern
C72PG7093125,공용 스턱 브룩 그래픽 반팔 티셔츠,Stuck Brook Graphic S/S Tee,C72PG7093,MALE,,,,11,11,11,521510,47410.0,47410.0,https://assetscdn49.styleship.com/assets/columbia/data/ProductImages/a/4/C72PG7093125.jpg,styleship_cdn_pattern
C72YM6631010,공용 고트 림 OF 크루넥 반팔 티셔츠,M's Goat Rim OF Crew,C72YM6631,UNISEX,,,,9,9,9,520420,57824.444444444445,57824.444444444445,https://assetscdn49.styleship.com/assets/columbia/data/ProductImages/a/4/C72YM6631010.jpg,styleship_cdn_pattern
C71AR8383010,여성 파인타운 캐니언 조거 팬츠,Pinetown Canyon Jogger,C71AR8383,FEMALE,,,,8,8,8,520120,65015.0,65015.0,https://assetscdn49.styleship.com/assets/columbia/data/ProductImages/a/4/C71AR8383010.jpg,styleship_cdn_pattern
C71YM8592212,남성 365 마운틴 팬츠,M’s 365 Mountain II Pants,C71YM8592,MALE,,,,4,4,4,517200,129300.0,129300.0,https://assetscdn49.styleship.com/assets/columbia/data/ProductImages/a/4/C71YM8592212.jpg,styleship_cdn_pattern
C72YM6632381,남성 피나클 투 애비뉴 OFZ 아이스 폴로 티셔츠,M's Pinnacle to Avenue OFZ ICE Polo,C72YM6632,MALE,,,,6,6,6,515760,85960.0,85960.0,https://assetscdn49.styleship.com/assets/columbia/data/ProductImages/a/4/C72YM6632381.jpg,styleship_cdn_pattern
C72XE2196010,남성 비욘드 피크 폴로 티셔츠,Beyond Peak Polo,C72XE2196,MALE,,,,8,8,8,513930,64241.25,64241.25,https://assetscdn49.styleship.com/assets/columbia/data/ProductImages/a/4/C72XE2196010.jpg,styleship_cdn_pattern
C72FM5618316,남성 PFG 바하마 II 쇼츠,Bahama II Short,C72FM5618,MALE,,,,9,9,9,508640,56515.555555555555,56515.555555555555,https://assetscdn49.styleship.com/assets/columbia/data/ProductImages/a/4/C72FM5618316.jpg,styleship_cdn_pattern
C75YU0605100,공용 호모치토레이크돔 팔토시,Homochitto Lake Dome™ Arm sleeve,C75YU0605,UNISEX,,,,29,28,35,508630,14532.285714285714,17538.96551724138,https://assetscdn49.styleship.com/assets/columbia/data/ProductImages/a/4/C75YU0605100.jpg,styleship_cdn_pattern
C72XE5829030,남성 비치 스파이얼 릿지 IV 팬츠,Beach Spire Ridge IV Pant,C72XE5829,MALE,,,,5,5,5,506570,101314.0,101314.0,https://assetscdn49.styleship.com/assets/columbia/data/ProductImages/a/4/C72XE5829030.jpg,styleship_cdn_pattern
C75PU8664191,공용 케슬락 15L 백팩,Castle Rock 15L Backpack,C75PU8664,UNISEX,,,,9,9,9,503970,55996.666666666664,55996.666666666664,https://assetscdn49.styleship.com/assets/columbia/data/ProductImages/a/4/C75PU8664191.jpg,styleship_cdn_pattern
C75YL9725MUL,여성 컬럼비아 미드 패턴 양말 5종,W's Columbia Mid Length Pattern Socks 5 Pack,C75YL9725,FEMALE,,,,23,23,24,503560,20981.666666666668,21893.91304347826,https://assetscdn49.styleship.com/assets/columbia/data/ProductImages/a/4/C75YL9725MUL.jpg,styleship_cdn_pattern
C75YR8156063,여성 트랜스 트레일 워터프루프,TRANS TRAIL™ WATERPROOF,C75YR8156,FEMALE,,,,4,4,4,503470,125867.5,125867.5,https://assetscdn49.styleship.com/assets/columbia/data/ProductImages/a/4/C75YR8156063.jpg,styleship_cdn_pattern
C72AE1387011,공용 CSC 아웃도어 백그래픽 반팔 티셔츠,CSC Outdoor Back Graphic Tee,C72AE1387,MALE,,,,15,15,15,500500,33366.666666666664,33366.666666666664,https://assetscdn49.styleship.com/assets/columbia/data/ProductImages/a/4/C72AE1387011.jpg,styleship_cdn_pattern
C72YL3631191,여성 크로스 포레스트 시어서커 자켓,W's Cross Forest Seersucker Jacket,C72YL3631,FEMALE,,,,4,4,4,499680,124920.0,124920.0,https://assetscdn49.styleship.com/assets/columbia/data/ProductImages/a/4/C72YL3631191.jpg,styleship_cdn_pattern
C72YM6623035,남성 헤이 포인트 폴로 티셔츠,M's Hay Point Polo,C72YM6623,MALE,,,,7,7,7,496680,70954.28571428571,70954.28571428571,https://assetscdn49.styleship.com/assets/columbia/data/ProductImages/a/4/C72YM6623035.jpg,styleship_cdn_pattern
C72AE1387012,공용 CSC 아웃도어 백그래픽 반팔 티셔츠,CSC Outdoor Back Graphic Tee,C72AE1387,MALE,,,,15,15,16,495720,30982.5,33048.0,https://assetscdn49.styleship.com/assets/columbia/data/ProductImages/a/4/C72AE1387012.jpg,styleship_cdn_pattern
C72FM8679100,남성 본피쉬 플랫 반팔 티셔츠,Bonefish Flats Short Sleeve Tee,C72FM8679,MALE,,,,12,12,12,494500,41208.333333333336,41208.333333333336,https://assetscdn49.styleship.com/assets/columbia/data/ProductImages/a/4/C72FM8679100.jpg,styleship_cdn_pattern
C71YL6611655,여성 가든 투 파크 긴팔 티셔츠,W's Garden to Park L/S Crew,C71YL6611,FEMALE,,,,8,8,8,494200,61775.0,61775.0,https://assetscdn49.styleship.com/assets/columbia/data/ProductImages/a/4/C71YL6611655.jpg,styleship_cdn_pattern
C75UU8703010,공용 랜드로머 40L 더플백,Landroamer™ 40L Duffel,C75UU8703,UNISEX,,,,5,5,5,492680,98536.0,98536.0,https://assetscdn49.styleship.com/assets/columbia/data/ProductImages/a/4/C75UU8703010.jpg,styleship_cdn_pattern
C75YU9622010,공용 퀄리레유트 미드 양말,Quillayute Butte Ⅱ Socks,C75YU9622,UNISEX,,,,47,46,77,492270,6393.116883116883,10473.829787234043,https://assetscdn49.styleship.com/assets/columbia/data/ProductImages/a/4/C75YU9622010.jpg,styleship_cdn_pattern
C72YL6627405,여성 폭스 패스 OFZ ICE+ 하프 집업 티셔츠,W's Fox Pass OFZ ICE+ Half Zip Up,C72YL6627,FEMALE,,,,5,5,5,481480,96296.0,96296.0,https://assetscdn49.styleship.com/assets/columbia/data/ProductImages/a/4/C72YL6627405.jpg,styleship_cdn_pattern
C72AR7147010,여성 다이아몬드 피크 PRO 반팔 티셔츠,Diamond Peak Pro Short Sleeve,C72AR7147,FEMALE,,,,7,7,7,472520,67502.85714285714,67502.85714285714,https://assetscdn49.styleship.com/assets/columbia/data/ProductImages/a/4/C72AR7147010.jpg,styleship_cdn_pattern
C72AE5763024,남성 실버릿지 유틸리티 카고 쇼츠,Silver Ridge Utility Cargo Short,C72AE5763,MALE,,,,9,9,9,471190,52354.444444444445,52354.444444444445,https://assetscdn49.styleship.com/assets/columbia/data/ProductImages/a/4/C72AE5763024.jpg,styleship_cdn_pattern
C72YM6623464,남성 헤이 포인트 폴로 티셔츠,M's Hay Point Polo,C72YM6623,MALE,,,,6,6,6,469320,78220.0,78220.0,https://assetscdn49.styleship.com/assets/columbia/data/ProductImages/a/4/C72YM6623464.jpg,styleship_cdn_pattern
C75YU0705010,공용 애쉬 브러쉬 메쉬 버켓,Ash Brush Mesh Bucket,C75YU0705,UNISEX,,,,4,4,9,466590,51843.333333333336,116647.5,https://assetscdn49.styleship.com/assets/columbia/data/ProductImages/a/4/C75YU0705010.jpg,styleship_cdn_pattern
C72FM8679853,남성 본피쉬 플랫 반팔 티셔츠,Bonefish Flats Short Sleeve Tee,C72FM8679,MALE,,,,10,10,10,463990,46399.0,46399.0,https://assetscdn49.styleship.com/assets/columbia/data/ProductImages/a/4/C72FM8679853.jpg,styleship_cdn_pattern
C72AE1387039,공용 CSC 아웃도어 백그래픽 반팔 티셔츠,CSC Outdoor Back Graphic Tee,C72AE1387,MALE,,,,15,15,15,460130,30675.333333333332,30675.333333333332,https://assetscdn49.styleship.com/assets/columbia/data/ProductImages/a/4/C72AE1387039.jpg,styleship_cdn_pattern
C72XR9933278,여성 애플게이트 릿지 방풍 자켓,Applegate Ridge Wind Jacket,C72XR9933,FEMALE,,,,2,2,3,454990,151663.33333333334,227495.0,https://assetscdn49.styleship.com/assets/columbia/data/ProductImages/a/4/C72XR9933278.jpg,styleship_cdn_pattern
C72YM6622049,남성 본 하이크 OF 폴로 티셔츠,M's Von Hike OF Polo,C72YM6622,MALE,,,,5,5,5,449770,89954.0,89954.0,https://assetscdn49.styleship.com/assets/columbia/data/ProductImages/a/4/C72YM6622049.jpg,styleship_cdn_pattern
C72YM8596102,남성 엔조이 365 II 냉감 팬츠,M’s Enjoy 365 II Cool Pants,C72YM8596,MALE,,,,3,3,3,448750,149583.33333333334,149583.33333333334,https://assetscdn49.styleship.com/assets/columbia/data/ProductImages/a/4/C72YM8596102.jpg,styleship_cdn_pattern
C72YM6631427,공용 고트 림 OF 크루넥 반팔 티셔츠,M's Goat Rim OF Crew,C72YM6631,UNISEX,,,,8,8,8,446740,55842.5,55842.5,https://assetscdn49.styleship.com/assets/columbia/data/ProductImages/a/4/C72YM6631427.jpg,styleship_cdn_pattern
C75PU8809191,공용 스트림 패디드 숄더백,Price Stream Padded Shoulder,C75PU8809,UNISEX,,,,21,21,21,442290,21061.428571428572,21061.428571428572,https://assetscdn49.styleship.com/assets/columbia/data/ProductImages/a/4/C75PU8809191.jpg,styleship_cdn_pattern
C75PU2434265,공용 스트림 미니 지갑,Price Stream™ Mini Wallet,C75PU2434,UNISEX,,,,45,45,46,436300,9484.782608695652,9695.555555555555,https://assetscdn49.styleship.com/assets/columbia/data/ProductImages/a/4/C75PU2434265.jpg,styleship_cdn_pattern
C75CT9272397,공용 프로비전 볼캡,Provisions Ball Cap,C75CT9272,UNISEX,,,,18,18,18,430790,23932.777777777777,23932.777777777777,https://assetscdn49.styleship.com/assets/columbia/data/ProductImages/a/4/C75CT9272397.jpg,styleship_cdn_pattern
C75PU2409191,공용 스트림 이어폰 케이스,Price Stream Earphone Case,C75PU2409,UNISEX,,,,62,61,69,429520,6224.927536231884,6927.741935483871,https://assetscdn49.styleship.com/assets/columbia/data/ProductImages/a/4/C75PU2409191.jpg,styleship_cdn_pattern
C72YM8596053,남성 엔조이 365 II 냉감 팬츠,M’s Enjoy 365 II Cool Pants,C72YM8596,MALE,,,,3,3,3,429450,143150.0,143150.0,https://assetscdn49.styleship.com/assets/columbia/data/ProductImages/a/4/C72YM8596053.jpg,styleship_cdn_pattern
C72XY1732455,[디즈니] 키즈 PFG 슈퍼 슬랙 타이드 썸머 셔츠,Y PFG Disney Super Slack Tide™ Shirt,C72XY1732,UNKNOWN,,,,4,3,5,428040,85608.0,107010.0,https://assetscdn49.styleship.com/assets/columbia/data/ProductImages/a/4/C72XY1732455.jpg,styleship_cdn_pattern
C72AE9125010,남성 다이아몬드 피크 PRO 반팔 티셔츠,Diamond Peak Pro Short Sleeve,C72AE9125,MALE,,,,7,7,7,427260,61037.142857142855,61037.142857142855,https://assetscdn49.styleship.com/assets/columbia/data/ProductImages/a/4/C72AE9125010.jpg,styleship_cdn_pattern
C75YU0605010,공용 호모치토레이크돔 팔토시,Homochitto Lake Dome™ Arm sleeve,C75YU0605,UNISEX,,,,27,27,28,425010,15178.92857142857,15741.111111111111,https://assetscdn49.styleship.com/assets/columbia/data/ProductImages/a/4/C75YU0605010.jpg,styleship_cdn_pattern
C72YM6624405,남성 라이트 패스 OFZ ICE+ 하프 집업 티셔츠,M's Light Pass OFZ ICE+ Half Zip Up,C72YM6624,MALE,,,,5,5,5,421170,84234.0,84234.0,https://assetscdn49.styleship.com/assets/columbia/data/ProductImages/a/4/C72YM6624405.jpg,styleship_cdn_pattern
C72YM1627035,남성 소모 하이크 베스트,M's Somo Hike Vest,C72YM1627,MALE,,,,4,4,4,418170,104542.5,104542.5,https://assetscdn49.styleship.com/assets/columbia/data/ProductImages/a/4/C72YM1627035.jpg,styleship_cdn_pattern
C72YL6594401,엔조이 365 라운드 반팔 티셔츠,W’s Enjoy 365 II SS Crew,C72YL6594,FEMALE,,,,4,4,5,415710,83142.0,103927.5,https://assetscdn49.styleship.com/assets/columbia/data/ProductImages/a/4/C72YL6594401.jpg,styleship_cdn_pattern
C75YU0625375,공용 롤링코브III 볼캡,Rolling Cove III Cap,C75YU0625,UNISEX,,,,15,15,15,414330,27622.0,27622.0,https://assetscdn49.styleship.com/assets/columbia/data/ProductImages/a/4/C75YU0625375.jpg,styleship_cdn_pattern
C75CU0294010,공용 쿨헤드 제로 II 카샬롯 쉐이드 냉감 볼캡 모자,Coolhead Zero II Cachalot,C75CU0294,UNISEX,,,,9,9,9,411290,45698.88888888889,45698.88888888889,https://assetscdn49.styleship.com/assets/columbia/data/ProductImages/a/4/C75CU0294010.jpg,styleship_cdn_pattern
C75PU8732010,공용 그레이트 스모키 가든 바디백,Great Smoky Garden™ Body bag,C75PU8732,UNISEX,,,,9,9,9,409960,45551.11111111111,45551.11111111111,https://assetscdn49.styleship.com/assets/columbia/data/ProductImages/a/4/C75PU8732010.jpg,styleship_cdn_pattern
C72AM3889011,남성 유틸라이저 프린트 캠프 셔츠,Utilizer Print Camp Shirt,C72AM3889,MALE,,,,6,6,6,408350,68058.33333333333,68058.33333333333,https://assetscdn49.styleship.com/assets/columbia/data/ProductImages/a/4/C72AM3889011.jpg,styleship_cdn_pattern
C71XR6553525,여성 클리어몬트 헤이츠 2L 방수 자켓,Clearmont Heights Rain Jacket,C71XR6553,FEMALE,,,,2,2,2,405900,202950.0,202950.0,https://assetscdn49.styleship.com/assets/columbia/data/ProductImages/a/4/C71XR6553525.jpg,styleship_cdn_pattern
C71YM6611375,남성 파인 에비뉴 크루넥 긴팔 티셔츠,M's Pines to Avenue L/S Crew,C71YM6611,MALE,,,,5,5,5,405740,81148.0,81148.0,https://assetscdn49.styleship.com/assets/columbia/data/ProductImages/a/4/C71YM6611375.jpg,styleship_cdn_pattern
C71AM4935271,남성 랜드로머 하프집 아노락,Landroamer Half Zip Overshirt,C71AM4935,MALE,,,,5,5,5,398910,79782.0,79782.0,https://assetscdn49.styleship.com/assets/columbia/data/ProductImages/a/4/C71AM4935271.jpg,styleship_cdn_pattern
C75BL7354083,여성 코노스 TRS 아웃드라이 미드,KONOS™ TRS OUTDRY™ MID,C75BL7354,FEMALE,,,,3,3,3,396150,132050.0,132050.0,https://assetscdn49.styleship.com/assets/columbia/data/ProductImages/a/4/C75BL7354083.jpg,styleship_cdn_pattern
C72YL6633655,여성 가든 투 파크 OFZ ICE 크루넥 반팔 티셔츠,W's Garden to Park OFZ ICE Crew,C72YL6633,FEMALE,,,,6,6,6,395030,65838.33333333333,65838.33333333333,https://assetscdn49.styleship.com/assets/columbia/data/ProductImages/a/4/C72YL6633655.jpg,styleship_cdn_pattern
C75CT9272010,공용 프로비전 볼캡,Provisions™ Ball Cap,C75CT9272,UNISEX,,,,19,19,19,393600,20715.78947368421,20715.78947368421,https://assetscdn49.styleship.com/assets/columbia/data/ProductImages/a/4/C75CT9272010.jpg,styleship_cdn_pattern
C72YL3627655,여성 잉글리쉬 하이크 OFZ ICE 셋업 자켓,W's English Hike OFZ ICE Set Up Jacket,C72YL3627,FEMALE,,,,3,3,3,392700,130900.0,130900.0,https://assetscdn49.styleship.com/assets/columbia/data/ProductImages/a/4/C72YL3627655.jpg,styleship_cdn_pattern
C75UU0063478,공용 랜드로머 60L 더플백,Landroamer™ 60L Duffel,C75UU0063,UNISEX,,,,3,3,4,391290,97822.5,130430.0,https://assetscdn49.styleship.com/assets/columbia/data/ProductImages/a/4/C75UU0063478.jpg,styleship_cdn_pattern
C71AM4935010,남성 랜드로머 하프집 아노락,Landroamer Half Zip Overshirt,C71AM4935,MALE,,,,4,4,5,391170,78234.0,97792.5,https://assetscdn49.styleship.com/assets/columbia/data/ProductImages/a/4/C71AM4935010.jpg,styleship_cdn_pattern
C75BM6461053,남성 픽프릭 러쉬 샌들 리아,PEAKFREAK RUSH™ SANDAL LEA,C75BM6461,MALE,,,,4,4,4,384900,96225.0,96225.0,https://assetscdn49.styleship.com/assets/columbia/data/ProductImages/a/4/C75BM6461053.jpg,styleship_cdn_pattern
C72YL6633191,여성 가든 투 파크 OFZ ICE 크루넥 반팔 티셔츠,W's Garden to Park OFZ ICE Crew,C72YL6633,FEMALE,,,,6,6,6,384040,64006.666666666664,64006.666666666664,https://assetscdn49.styleship.com/assets/columbia/data/ProductImages/a/4/C72YL6633191.jpg,styleship_cdn_pattern
C75PU2409010,공용 스트림 이어폰케이스,Price Stream™ Earphone Case,C75PU2409,UNISEX,,,,45,44,51,379360,7438.431372549019,8430.222222222223,https://assetscdn49.styleship.com/assets/columbia/data/ProductImages/a/4/C75PU2409010.jpg,styleship_cdn_pattern
C75YM0659464,공용 트레일 투 브러쉬 부니,Trail to Brush Booney,C75YM0659,UNISEX,,,,9,9,9,377120,41902.22222222222,41902.22222222222,https://assetscdn49.styleship.com/assets/columbia/data/ProductImages/a/4/C75YM0659464.jpg,styleship_cdn_pattern
C72XE3849030,남성 콜로라도 리버 폴로 티셔츠,Colorado River Polo,C72XE3849,MALE,,,,5,5,5,377010,75402.0,75402.0,https://assetscdn49.styleship.com/assets/columbia/data/ProductImages/a/4/C72XE3849030.jpg,styleship_cdn_pattern
C72YM6638464,남성 파인 에비뉴 크루넥 반팔 티셔츠,M's Pines to Avenue Crew,C72YM6638,MALE,,,,6,6,6,373840,62306.666666666664,62306.666666666664,https://assetscdn49.styleship.com/assets/columbia/data/ProductImages/a/4/C72YM6638464.jpg,styleship_cdn_pattern
C71YM6592102,남성 365 마운틴 긴팔 하프집 티셔츠,M's 365 Mountain II LS Zip,C71YM6592,MALE,,,,3,3,4,373050,93262.5,124350.0,https://assetscdn49.styleship.com/assets/columbia/data/ProductImages/a/4/C71YM6592102.jpg,styleship_cdn_pattern
C75CT9272464,공용 프로비전 볼캡,Provisions™ Ball Cap,C75CT9272,UNISEX,,,,17,17,17,370350,21785.29411764706,21785.29411764706,https://assetscdn49.styleship.com/assets/columbia/data/ProductImages/a/4/C75CT9272464.jpg,styleship_cdn_pattern
C75CU8623100,경량 스피드 트레일 러닝 볼캡,Speed Trail Ball Cap,C75CU8623,UNISEX,,,,11,11,11,366720,33338.181818181816,33338.181818181816,https://assetscdn49.styleship.com/assets/columbia/data/ProductImages/a/4/C75CU8623100.jpg,styleship_cdn_pattern
C72AK9443125,여성 쿨 템포 반팔 폴로 티셔츠,Cool Tempo Polo,C72AK9443,FEMALE,,,,5,5,5,366550,73310.0,73310.0,https://assetscdn49.styleship.com/assets/columbia/data/ProductImages/a/4/C72AK9443125.jpg,styleship_cdn_pattern
C75YU0707010,공용 다크 힐 OFZ ICE 부니,Dark Hill OFZ ICE Booney,C75YU0707,UNISEX,,,,6,6,6,366200,61033.333333333336,61033.333333333336,https://assetscdn49.styleship.com/assets/columbia/data/ProductImages/a/4/C75YU0707010.jpg,styleship_cdn_pattern
C72YM6594841,[추영우 착용] 남성 엔조이 365 반팔 라운드 티셔츠,M’s Enjoy 365 II SS Crew,C72YM6594,MALE,,,,3,2,4,366150,91537.5,122050.0,https://assetscdn49.styleship.com/assets/columbia/data/ProductImages/a/4/C72YM6594841.jpg,styleship_cdn_pattern
C72YL8596102,여성 엔조이 365 II 냉감 팬츠,W’s Enjoy 365 II Cool Pants,C72YL8596,FEMALE,,,,3,3,3,365310,121770.0,121770.0,https://assetscdn49.styleship.com/assets/columbia/data/ProductImages/a/4/C72YL8596102.jpg,styleship_cdn_pattern
C75CU0294348,공용 쿨헤드 제로 II 카샬롯 쉐이드 냉감 볼캡 모자,Coolhead Zero II Cachalot,C75CU0294,UNISEX,,,,7,7,8,365020,45627.5,52145.71428571428,https://assetscdn49.styleship.com/assets/columbia/data/ProductImages/a/4/C75CU0294348.jpg,styleship_cdn_pattern
C71XM9621265,남성 CSC1938 V1 카모프린트 긴팔 티셔츠,CSC1938 V1 Printed Long Sleeve Tee,C71XM9621,MALE,,,,3,3,3,364860,121620.0,121620.0,https://assetscdn49.styleship.com/assets/columbia/data/ProductImages/a/4/C71XM9621265.jpg,styleship_cdn_pattern
C75YM0659035,공용 트레일 투 브러쉬 부니,Trail to Brush Booney,C75YM0659,UNISEX,,,,9,9,9,363260,40362.22222222222,40362.22222222222,https://assetscdn49.styleship.com/assets/columbia/data/ProductImages/a/4/C75YM0659035.jpg,styleship_cdn_pattern
C75YU0705035,공용 애쉬 브러쉬 메쉬 버켓,Ash Brush Mesh Bucket,C75YU0705,UNISEX,,,,8,8,8,363190,45398.75,45398.75,https://assetscdn49.styleship.com/assets/columbia/data/ProductImages/a/4/C75YU0705035.jpg,styleship_cdn_pattern
C72AM3889429,남성 유틸라이저 프린트 캠프 셔츠,Utilizer Print Camp Shirt,C72AM3889,MALE,,,,5,5,5,362910,72582.0,72582.0,https://assetscdn49.styleship.com/assets/columbia/data/ProductImages/a/4/C72AM3889429.jpg,styleship_cdn_pattern
C72AE9400101,공용 CSC 헤비웨이트 백그래픽 반팔 티셔츠,CSC Heavyweight Back Graphic Tee,C72AE9400,MALE,,,,10,10,11,361880,32898.181818181816,36188.0,https://assetscdn49.styleship.com/assets/columbia/data/ProductImages/a/4/C72AE9400101.jpg,styleship_cdn_pattern
C72YL3596401,여성 엔조이 365 II 경량 윈드 자켓,W’s Enjoy 365 II Light Wind Jacket,C72YL3596,FEMALE,,,,2,2,2,360790,180395.0,180395.0,https://assetscdn49.styleship.com/assets/columbia/data/ProductImages/a/4/C72YL3596401.jpg,styleship_cdn_pattern
C72AM5480271,남성 랜드로머 스카우트 쇼츠,Landroamer Scout Short,C72AM5480,MALE,,,,6,6,6,360220,60036.666666666664,60036.666666666664,https://assetscdn49.styleship.com/assets/columbia/data/ProductImages/a/4/C72AM5480271.jpg,styleship_cdn_pattern
C75BL6461279,여성 픽프릭 러쉬 샌들 리아,PEAKFREAK RUSH™ SANDAL LEA,C75BL6461,FEMALE,,,,4,4,4,358490,89622.5,89622.5,https://assetscdn49.styleship.com/assets/columbia/data/ProductImages/a/4/C75BL6461279.jpg,styleship_cdn_pattern
C71WR1626491,여성 카시아 프로 ODX 쉘 방수자켓,Cassiar Pro ODX Shell,C71WR1626,FEMALE,,,,1,1,1,357000,357000.0,357000.0,https://assetscdn49.styleship.com/assets/columbia/data/ProductImages/a/4/C71WR1626491.jpg,styleship_cdn_pattern
C72YM6633010,남성 리 로드 우븐 OF 크루넥 반팔 티셔츠,M's Lee Road Woven OF Crew,C72YM6633,MALE,,,,4,4,4,352600,88150.0,88150.0,https://assetscdn49.styleship.com/assets/columbia/data/ProductImages/a/4/C72YM6633010.jpg,styleship_cdn_pattern
C72XE8500379,남성 알더 크릭 OFZ 반팔 티셔츠,Alder Creek Short Sleeve Tee,C72XE8500,MALE,,,,6,6,6,348610,58101.666666666664,58101.666666666664,https://assetscdn49.styleship.com/assets/columbia/data/ProductImages/a/4/C72XE8500379.jpg,styleship_cdn_pattern
C72XE2852053,남성 블루스템 II 7부 팬츠,Bluestem II Knee Pant,C72XE2852,MALE,,,,4,4,4,348420,87105.0,87105.0,https://assetscdn49.styleship.com/assets/columbia/data/ProductImages/a/4/C72XE2852053.jpg,styleship_cdn_pattern
C71YL6592102,여성 365 마운틴 긴팔 하프집 티셔츠,W's 365 Mountain II LS Zip,C71YL6592,FEMALE,,,,4,4,4,345640,86410.0,86410.0,https://assetscdn49.styleship.com/assets/columbia/data/ProductImages/a/4/C71YL6592102.jpg,styleship_cdn_pattern
C72YM1627478,남성 소모 하이크 베스트,M's Somo Hike Vest,C72YM1627,MALE,,,,3,3,3,345460,115153.33333333333,115153.33333333333,https://assetscdn49.styleship.com/assets/columbia/data/ProductImages/a/4/C72YM1627478.jpg,styleship_cdn_pattern
C72XE5716256,남성 레이크 애로우헤드 그래픽 반팔 티셔츠,Lake Arrowhead Graphic SS,C72XE5716,MALE,,,,7,7,7,340830,48690.0,48690.0,https://assetscdn49.styleship.com/assets/columbia/data/ProductImages/a/4/C72XE5716256.jpg,styleship_cdn_pattern
C75CU4539023,공용 쿨헤드 제로 IV 냉감 부니,Coolhead Zero IV Booney,C75CU4539,UNISEX,,,,7,7,8,340530,42566.25,48647.142857142855,https://assetscdn49.styleship.com/assets/columbia/data/ProductImages/a/4/C75CU4539023.jpg,styleship_cdn_pattern
C72AE1387101,공용 CSC 아웃도어 백그래픽 반팔 티셔츠,CSC Outdoor Back Graphic Tee,C72AE1387,MALE,,,,10,10,11,338200,30745.454545454544,33820.0,https://assetscdn49.styleship.com/assets/columbia/data/ProductImages/a/4/C72AE1387101.jpg,styleship_cdn_pattern
C71WR7549348,여성 시에나 힐 퀼팅 인슐레이션 자켓,Sienna Hill Quilted Jacket,C71WR7549,FEMALE,,,,3,3,3,333560,111186.66666666667,111186.66666666667,https://assetscdn49.styleship.com/assets/columbia/data/ProductImages/a/4/C71WR7549348.jpg,styleship_cdn_pattern
C72AE9873011,남성 애커 록 트윌 쇼츠,Acker Rock Twill Short,C72AE9873,MALE,,,,4,4,4,333000,83250.0,83250.0,https://assetscdn49.styleship.com/assets/columbia/data/ProductImages/a/4/C72AE9873011.jpg,styleship_cdn_pattern
C72YM6638397,남성 파인 에비뉴 크루넥 반팔 티셔츠,M's Pines to Avenue Crew,C72YM6638,MALE,,,,6,6,6,331790,55298.333333333336,55298.333333333336,https://assetscdn49.styleship.com/assets/columbia/data/ProductImages/a/4/C72YM6638397.jpg,styleship_cdn_pattern
C72PG8784011,공용 데스페어 베이 그래픽 반팔 티셔츠,Despair Bay Graphic SS Tee,C72PG8784,MALE,,,,7,7,7,327970,46852.857142857145,46852.857142857145,https://assetscdn49.styleship.com/assets/columbia/data/ProductImages/a/4/C72PG8784011.jpg,styleship_cdn_pattern
C72XY1222455,[디즈니] 키즈 PFG 램블러 프린티드 워터 쇼츠,Y PFG Disney Rambler™ Short,C72XY1222,UNKNOWN,,,,4,3,5,327900,65580.0,81975.0,https://assetscdn49.styleship.com/assets/columbia/data/ProductImages/a/4/C72XY1222455.jpg,styleship_cdn_pattern
C71AR0411010,여성 실버 릿지 엘리트 타이타늄 팬츠,Silver Ridge Elite Pant,C71AR0411,FEMALE,,,,3,3,3,326310,108770.0,108770.0,https://assetscdn49.styleship.com/assets/columbia/data/ProductImages/a/4/C71AR0411010.jpg,styleship_cdn_pattern
C71WR7549551,여성 시에나 힐 퀼팅 인슐레이션 자켓,Sienna Hill Quilted Jacket,C71WR7549,FEMALE,,,,3,3,3,323240,107746.66666666667,107746.66666666667,https://assetscdn49.styleship.com/assets/columbia/data/ProductImages/a/4/C71WR7549551.jpg,styleship_cdn_pattern
C72YM3621010,남성 소모 하이크 경량 바람막이 자켓,M's Somo Hike Jacket,C72YM3621,MALE,,,,2,2,2,320530,160265.0,160265.0,https://assetscdn49.styleship.com/assets/columbia/data/ProductImages/a/4/C72YM3621010.jpg,styleship_cdn_pattern
C75YU9622100,공용 퀄리레유트 미드 양말,Quillayute Butte™ Ⅱ Socks,C75YU9622,UNISEX,,,,23,23,47,319260,6792.765957446809,13880.869565217392,https://assetscdn49.styleship.com/assets/columbia/data/ProductImages/a/4/C75YU9622100.jpg,styleship_cdn_pattern
C75YU0677305,공용 데졸 보울 버킷,Desor Bowl Bucket,C75YU0677,UNISEX,,,,8,8,8,316550,39568.75,39568.75,https://assetscdn49.styleship.com/assets/columbia/data/ProductImages/a/4/C75YU0677305.jpg,styleship_cdn_pattern
C71XM8852125,남성 CSC1938 V1 긴팔 티셔츠,CSC1938 V1 Long Sleeve Tee,C71XM8852,MALE,,,,3,3,3,315460,105153.33333333333,105153.33333333333,https://assetscdn49.styleship.com/assets/columbia/data/ProductImages/a/4/C71XM8852125.jpg,styleship_cdn_pattern
C72XM4748455,[디즈니] 남성 PFG 슈퍼 슬랙 타이드 썸머 셔츠,M PFG Disney Super Slack Tide™ Shirt,C72XM4748,MALE,,,,3,3,3,313590,104530.0,104530.0,https://assetscdn49.styleship.com/assets/columbia/data/ProductImages/a/4/C72XM4748455.jpg,styleship_cdn_pattern
C72FM3553556,[공식몰 단독] 남성 PFG 백캐스트 IV 워터 쇼츠,Backcast IV Water Short,C72FM3553,UNISEX,,,,6,6,6,307250,51208.333333333336,51208.333333333336,https://assetscdn49.styleship.com/assets/columbia/data/ProductImages/a/4/C72FM3553556.jpg,styleship_cdn_pattern
C72FM4282331,[공식몰 단독] 남성 본피쉬 플랫 쇼츠,Bonefish Flats Short,C72FM4282,MALE,,,,4,4,4,305870,76467.5,76467.5,https://assetscdn49.styleship.com/assets/columbia/data/ProductImages/a/4/C72FM4282331.jpg,styleship_cdn_pattern
C75YU9904607,공용 니들 락 데쉬 3단 듀얼 등산스틱,NEEDLE ROCK DASH™ 3 STICK,C75YU9904,UNISEX,,,,3,3,3,303680,101226.66666666667,101226.66666666667,https://assetscdn49.styleship.com/assets/columbia/data/ProductImages/a/4/C75YU9904607.jpg,styleship_cdn_pattern
C72AE5763397,남성 실버릿지 유틸리티 카고 쇼츠,Silver Ridge Utility Cargo Short,C72AE5763,MALE,,,,6,6,6,300460,50076.666666666664,50076.666666666664,https://assetscdn49.styleship.com/assets/columbia/data/ProductImages/a/4/C72AE5763397.jpg,styleship_cdn_pattern
C72YL6634105,여성 러벨 리버 OF 크루넥 반팔 티셔츠,W's Lovell River OF Crew,C72YL6634,FEMALE,,,,5,5,5,299630,59926.0,59926.0,https://assetscdn49.styleship.com/assets/columbia/data/ProductImages/a/4/C72YL6634105.jpg,styleship_cdn_pattern
C75PU2409851,공용 스트림 이어폰 케이스,Price Stream Earphone Case,C75PU2409,UNISEX,,,,40,40,44,298890,6792.954545454545,7472.25,https://assetscdn49.styleship.com/assets/columbia/data/ProductImages/a/4/C75PU2409851.jpg,styleship_cdn_pattern
C75BL4131011,여성 픽프릭 러쉬 아웃드라이 미드,PEAKFREAK RUSH™ MID OUTDRY™,C75BL4131,FEMALE,,,,2,2,2,292460,146230.0,146230.0,https://assetscdn49.styleship.com/assets/columbia/data/ProductImages/a/4/C75BL4131011.jpg,styleship_cdn_pattern
C75CT9272126,공용 프로비전 볼캡,Provisions Ball Cap,C75CT9272,UNISEX,,,,13,13,14,291610,20829.285714285714,22431.53846153846,https://assetscdn49.styleship.com/assets/columbia/data/ProductImages/a/4/C75CT9272126.jpg,styleship_cdn_pattern
C72FM3553010,[공식몰 단독] 남성 PFG 백캐스트 IV 워터 쇼츠,Backcast IV Water Short,C72FM3553,UNISEX,,,,6,6,6,291060,48510.0,48510.0,https://assetscdn49.styleship.com/assets/columbia/data/ProductImages/a/4/C72FM3553010.jpg,styleship_cdn_pattern
C72XR9933348,여성 애플게이트 릿지 방풍 자켓,Applegate Ridge Wind Jacket,C72XR9933,FEMALE,,,,2,2,2,286990,143495.0,143495.0,https://assetscdn49.styleship.com/assets/columbia/data/ProductImages/a/4/C72XR9933348.jpg,styleship_cdn_pattern
C72PG8784873,공용 데스페어 베이 그래픽 반팔 티셔츠,Despair Bay Graphic SS Tee,C72PG8784,MALE,,,,6,6,6,286840,47806.666666666664,47806.666666666664,https://assetscdn49.styleship.com/assets/columbia/data/ProductImages/a/4/C72PG8784873.jpg,styleship_cdn_pattern
C72AR7147554,여성 다이아몬드 피크 PRO 반팔 티셔츠,Diamond Peak Pro Short Sleeve,C72AR7147,FEMALE,,,,4,4,4,286610,71652.5,71652.5,https://assetscdn49.styleship.com/assets/columbia/data/ProductImages/a/4/C72AR7147554.jpg,styleship_cdn_pattern
C75UU1979643,공용 코튼우드 크릭 크로스백,Cottonwood Creek Side Bag,C75UU1979,UNISEX,,,,13,13,13,284900,21915.384615384617,21915.384615384617,https://assetscdn49.styleship.com/assets/columbia/data/ProductImages/a/4/C75UU1979643.jpg,styleship_cdn_pattern
C75YU0706381,공용 글래스 대쉬 버켓,Glass Dash Bucket,C75YU0706,UNISEX,,,,6,6,6,280980,46830.0,46830.0,https://assetscdn49.styleship.com/assets/columbia/data/ProductImages/a/4/C75YU0706381.jpg,styleship_cdn_pattern
C75PU8700191,공용 스트림 사코슈 백,Price Stream Sacoche,C75PU8700,UNISEX,,,,11,11,11,280110,25464.545454545456,25464.545454545456,https://assetscdn49.styleship.com/assets/columbia/data/ProductImages/a/4/C75PU8700191.jpg,styleship_cdn_pattern
C75YU0899010,공용 산투이트파스 Ⅱ 장갑,Santuit Falls Glove Ⅱ,C75YU0899,UNISEX,,,,8,8,8,279360,34920.0,34920.0,https://assetscdn49.styleship.com/assets/columbia/data/ProductImages/a/4/C75YU0899010.jpg,styleship_cdn_pattern
C72AJ3185430,공용 세다르 트레일 백그래픽 반팔 티셔츠,Cedar Trail Back Graphic Tee,C72AJ3185,UNISEX,,,,8,8,8,278720,34840.0,34840.0,https://assetscdn49.styleship.com/assets/columbia/data/ProductImages/a/4/C72AJ3185430.jpg,styleship_cdn_pattern
C75YU9611010,공용 리버메듀파인스 미드 양말,River Meadow Pines mid socks,C75YU9611,UNISEX,,,,19,19,29,278520,9604.137931034482,14658.947368421053,https://assetscdn49.styleship.com/assets/columbia/data/ProductImages/a/4/C75YU9611010.jpg,styleship_cdn_pattern
C72YL6637381,여성 캐스코 파크 원피스,W's Casco Park Onepiece,C72YL6637,FEMALE,,,,2,2,2,277150,138575.0,138575.0,https://assetscdn49.styleship.com/assets/columbia/data/ProductImages/a/4/C72YL6637381.jpg,styleship_cdn_pattern
C75YU9623043,공용 코브하이츠파크Ⅱ 미드 양말,Cove Heights Park Ⅱ mid socks,C75YU9623,UNISEX,,,,23,23,33,275540,8349.69696969697,11980.0,https://assetscdn49.styleship.com/assets/columbia/data/ProductImages/a/4/C75YU9623043.jpg,styleship_cdn_pattern
C71YM6592053,남성 365 마운틴 긴팔 하프집 티셔츠,M's 365 Mountain II LS Zip,C71YM6592,MALE,,,,3,3,3,275290,91763.33333333333,91763.33333333333,https://assetscdn49.styleship.com/assets/columbia/data/ProductImages/a/4/C71YM6592053.jpg,styleship_cdn_pattern
C72YM8624035,남성 본 하이크 OF 스트레이트 팬츠,M's Von Hike OF Straight Pants,C72YM8624,MALE,,,,2,2,2,275200,137600.0,137600.0,https://assetscdn49.styleship.com/assets/columbia/data/ProductImages/a/4/C72YM8624035.jpg,styleship_cdn_pattern
C71YL6604541,여성 퍼스트 레인지 하프 집업 티셔츠,W's First Range Half Zip Up,C71YL6604,FEMALE,,,,3,3,3,272830,90943.33333333333,90943.33333333333,https://assetscdn49.styleship.com/assets/columbia/data/ProductImages/a/4/C71YL6604541.jpg,styleship_cdn_pattern
C72WR5597125,여성 윌로우 스카이 경량 바람막이 자켓,Willow Sky Windbreaker,C72WR5597,FEMALE,,,,2,2,2,269700,134850.0,134850.0,https://assetscdn49.styleship.com/assets/columbia/data/ProductImages/a/4/C72WR5597125.jpg,styleship_cdn_pattern
C72AE1387278,공용 CSC 아웃도어 백그래픽 반팔 티셔츠,CSC Outdoor Back Graphic Tee,C72AE1387,MALE,,,,10,10,10,269290,26929.0,26929.0,https://assetscdn49.styleship.com/assets/columbia/data/ProductImages/a/4/C72AE1387278.jpg,styleship_cdn_pattern
C72YL6631191,여성 크로스 포레스트 시어서커 하프집업 티셔츠,W's Cross Forest Seersucker Half Zip Up,C72YL6631,FEMALE,,,,4,4,4,268920,67230.0,67230.0,https://assetscdn49.styleship.com/assets/columbia/data/ProductImages/a/4/C72YL6631191.jpg,styleship_cdn_pattern
C72AE9873214,남성 애커 록 트윌 쇼츠,Acker Rock Twill Short,C72AE9873,MALE,,,,4,4,4,265120,66280.0,66280.0,https://assetscdn49.styleship.com/assets/columbia/data/ProductImages/a/4/C72AE9873214.jpg,styleship_cdn_pattern
C72FM0405271,[공식몰 단독] 남성 본피쉬 플랫 반팔 셔츠,Bonefish Flats SS Shirt,C72FM0405,MALE,,,,3,3,3,264930,88310.0,88310.0,https://assetscdn49.styleship.com/assets/columbia/data/ProductImages/a/4/C72FM0405271.jpg,styleship_cdn_pattern
C71XR6553348,여성 클리어몬트 헤이츠 2L 방수 자켓,Clearmont Heights Rain Jacket,C71XR6553,FEMALE,,,,2,2,2,259000,129500.0,129500.0,https://assetscdn49.styleship.com/assets/columbia/data/ProductImages/a/4/C71XR6553348.jpg,styleship_cdn_pattern
C72YM6594063,남성 엔조이 365 반팔 라운드 티셔츠,M’s Enjoy 365 II SS Crew,C72YM6594,MALE,,,,3,3,3,258080,86026.66666666667,86026.66666666667,https://assetscdn49.styleship.com/assets/columbia/data/ProductImages/a/4/C72YM6594063.jpg,styleship_cdn_pattern
C72AR3652482,여성 빌트포허 쿨템포 2.0 반팔 티셔츠,BFH Cool Tempo 2.0 Tee,C72AR3652,FEMALE,,,,4,4,4,256050,64012.5,64012.5,https://assetscdn49.styleship.com/assets/columbia/data/ProductImages/a/4/C72AR3652482.jpg,styleship_cdn_pattern
C72AE9400011,공용 CSC 헤비웨이트 백그래픽 반팔 티셔츠,CSC Heavyweight Back Graphic Tee,C72AE9400,MALE,,,,7,7,7,255300,36471.42857142857,36471.42857142857,https://assetscdn49.styleship.com/assets/columbia/data/ProductImages/a/4/C72AE9400011.jpg,styleship_cdn_pattern
C72AR3109214,여성 애커 록 트윌 쇼츠,Acker Rock Twill Short,C72AR3109,FEMALE,,,,4,4,4,253480,63370.0,63370.0,https://assetscdn49.styleship.com/assets/columbia/data/ProductImages/a/4/C72AR3109214.jpg,styleship_cdn_pattern
C72AR3109375,여성 애커 록 트윌 쇼츠,Acker Rock Twill Short,C72AR3109,FEMALE,,,,4,4,4,250050,62512.5,62512.5,https://assetscdn49.styleship.com/assets/columbia/data/ProductImages/a/4/C72AR3109375.jpg,styleship_cdn_pattern
C75PU2409265,공용 스트림 이어폰케이스,Price Stream™ Earphone Case,C75PU2409,UNISEX,,,,37,37,38,248940,6551.0526315789475,6728.108108108108,https://assetscdn49.styleship.com/assets/columbia/data/ProductImages/a/4/C75PU2409265.jpg,styleship_cdn_pattern
C72FM5618025,남성 PFG 바하마 II 쇼츠,Bahama II Short,C72FM5618,MALE,,,,4,4,4,248660,62165.0,62165.0,https://assetscdn49.styleship.com/assets/columbia/data/ProductImages/a/4/C72FM5618025.jpg,styleship_cdn_pattern
C72YL6627010,여성 폭스 패스 OFZ ICE+ 하프 집업 티셔츠,W's Fox Pass OFZ ICE+ Half Zip Up,C72YL6627,FEMALE,,,,3,3,3,246110,82036.66666666667,82036.66666666667,https://assetscdn49.styleship.com/assets/columbia/data/ProductImages/a/4/C72YL6627010.jpg,styleship_cdn_pattern
C72XM8811455,[디즈니] 남성 PFG 램블러 프린티드 쇼츠,M PFG Disney Rambler™ Short,C72XM8811,MALE,,,,3,3,3,243260,81086.66666666667,81086.66666666667,https://assetscdn49.styleship.com/assets/columbia/data/ProductImages/a/4/C72XM8811455.jpg,styleship_cdn_pattern
C71AR8383397,여성 파인타운 캐니언 조거 팬츠,Pinetown Canyon Jogger,C71AR8383,FEMALE,,,,3,3,3,241210,80403.33333333333,80403.33333333333,https://assetscdn49.styleship.com/assets/columbia/data/ProductImages/a/4/C71AR8383397.jpg,styleship_cdn_pattern
C72YL1627541,여성 소모 하이크 베스트,W's Somo Hike Vest,C72YL1627,FEMALE,,,,2,2,2,237590,118795.0,118795.0,https://assetscdn49.styleship.com/assets/columbia/data/ProductImages/a/4/C72YL1627541.jpg,styleship_cdn_pattern
C72XP4793551,여성 알더 크릭 반팔 티셔츠,Alder Creek Short Sleeve Tee,C72XP4793,FEMALE,,,,4,4,4,234220,58555.0,58555.0,https://assetscdn49.styleship.com/assets/columbia/data/ProductImages/a/4/C72XP4793551.jpg,styleship_cdn_pattern
C72YL6634375,여성 러벨 리버 OF 크루넥 반팔 티셔츠,W's Lovell River OF Crew,C72YL6634,FEMALE,,,,4,4,4,233260,58315.0,58315.0,https://assetscdn49.styleship.com/assets/columbia/data/ProductImages/a/4/C72YL6634375.jpg,styleship_cdn_pattern
C75UU0951010,트레일 트레블 워터보틀 물병 파우치 슬링백,Trail Traveler™ Water Bottle Sling,C75UU0951,UNISEX,,,,9,9,9,232180,25797.777777777777,25797.777777777777,https://assetscdn49.styleship.com/assets/columbia/data/ProductImages/a/4/C75UU0951010.jpg,styleship_cdn_pattern
C75YU0397053,공용 365 트랙 스몰 크로스백,365 TREK Small Bag,C75YU0397,UNISEX,,,,4,4,4,229460,57365.0,57365.0,https://assetscdn49.styleship.com/assets/columbia/data/ProductImages/a/4/C75YU0397053.jpg,styleship_cdn_pattern
C75YU9623011,공용 코브하이츠파크Ⅱ 미드 양말,Cove Heights Park Ⅱ mid socks,C75YU9623,UNISEX,,,,22,22,26,224950,8651.923076923076,10225.0,https://assetscdn49.styleship.com/assets/columbia/data/ProductImages/a/4/C75YU9623011.jpg,styleship_cdn_pattern
C72XE3513126,남성 글레시얼 비스타 그래픽 반팔 티셔츠,Glacial Vista Graphic Tee,C72XE3513,MALE,,,,4,4,4,216590,54147.5,54147.5,https://assetscdn49.styleship.com/assets/columbia/data/ProductImages/a/4/C72XE3513126.jpg,styleship_cdn_pattern
C72YL3631484,여성 크로스 포레스트 시어서커 자켓,W's Cross Forest Seersucker Jacket,C72YL3631,FEMALE,,,,2,2,2,214330,107165.0,107165.0,https://assetscdn49.styleship.com/assets/columbia/data/ProductImages/a/4/C72YL3631484.jpg,styleship_cdn_pattern
C71XR2133278,여성 토먼트 레인지 II 팬츠,Torment Range II Pant,C71XR2133,FEMALE,,,,2,2,2,213840,106920.0,106920.0,https://assetscdn49.styleship.com/assets/columbia/data/ProductImages/a/4/C71XR2133278.jpg,styleship_cdn_pattern
C72YL6633010,여성 가든 투 파크 OFZ ICE 크루넥 반팔 티셔츠,W's Garden to Park OFZ ICE Crew,C72YL6633,FEMALE,,,,3,3,3,213470,71156.66666666667,71156.66666666667,https://assetscdn49.styleship.com/assets/columbia/data/ProductImages/a/4/C72YL6633010.jpg,styleship_cdn_pattern
C75YL0896027,여성 산투이트파스 Ⅱ 장갑,W's Santuit Falls Glove II,C75YL0896,FEMALE,,,,7,7,7,209560,29937.14285714286,29937.14285714286,https://assetscdn49.styleship.com/assets/columbia/data/ProductImages/a/4/C75YL0896027.jpg,styleship_cdn_pattern
C72YM6598125,남성 엔조이 365 반팔 라운드 그래픽 티셔츠,Enjoy 365 II Graphic SS Crew,C72YM6598,MALE,,,,3,3,3,208390,69463.33333333333,69463.33333333333,https://assetscdn49.styleship.com/assets/columbia/data/ProductImages/a/4/C72YM6598125.jpg,styleship_cdn_pattern
C72XE1652703,남성 리드 아일랜드 쇼츠,Reed Island Short,C72XE1652,UNISEX,,,,5,5,5,205210,41042.0,41042.0,https://assetscdn49.styleship.com/assets/columbia/data/ProductImages/a/4/C72XE1652703.jpg,styleship_cdn_pattern
C72XE1652517,공용 리드 아일랜드 숏팬츠,Reed Island™ Short,C72XE1652,UNISEX,,,,5,5,5,204970,40994.0,40994.0,https://assetscdn49.styleship.com/assets/columbia/data/ProductImages/a/4/C72XE1652517.jpg,styleship_cdn_pattern
C72XR4414010,여성 루비폴스 롱팬츠,Ruby Falls II Pant,C72XR4414,FEMALE,,,,3,3,3,202570,67523.33333333333,67523.33333333333,https://assetscdn49.styleship.com/assets/columbia/data/ProductImages/a/4/C72XR4414010.jpg,styleship_cdn_pattern
C72YL6633561,여성 가든 투 파크 OFZ ICE 크루넥 반팔 티셔츠,W's Garden to Park OFZ ICE Crew,C72YL6633,FEMALE,,,,3,3,3,201200,67066.66666666667,67066.66666666667,https://assetscdn49.styleship.com/assets/columbia/data/ProductImages/a/4/C72YL6633561.jpg,styleship_cdn_pattern
C72AE9875214,공용 애커 록 트윌 버튼다운 반팔 셔츠,Acker Rock Twill SS Button Down,C72AE9875,MALE,,,,2,2,2,201020,100510.0,100510.0,https://assetscdn49.styleship.com/assets/columbia/data/ProductImages/a/4/C72AE9875214.jpg,styleship_cdn_pattern
C75YU9612375,공용 레온 대쉬 미드 양말,Leon Dash mid Socks,C75YU9612,UNISEX,,,,16,16,17,194360,11432.941176470587,12147.5,https://assetscdn49.styleship.com/assets/columbia/data/ProductImages/a/4/C75YU9612375.jpg,styleship_cdn_pattern
C72YL3596774,여성 엔조이 365 II 경량 윈드 자켓,W’s Enjoy 365 II Light Wind Jacket,C72YL3596,FEMALE,,,,1,1,1,191590,191590.0,191590.0,https://assetscdn49.styleship.com/assets/columbia/data/ProductImages/a/4/C72YL3596774.jpg,styleship_cdn_pattern
C72YM6598053,남성 엔조이 365 반팔 라운드 그래픽 티셔츠,Enjoy 365 II Graphic SS Crew,C72YM6598,MALE,,,,3,3,3,184710,61570.0,61570.0,https://assetscdn49.styleship.com/assets/columbia/data/ProductImages/a/4/C72YM6598053.jpg,styleship_cdn_pattern
C72PG8784125,공용 데스페어 베이 그래픽 반팔 티셔츠,Despair Bay Graphic SS Tee,C72PG8784,MALE,,,,5,5,5,184030,36806.0,36806.0,https://assetscdn49.styleship.com/assets/columbia/data/ProductImages/a/4/C72PG8784125.jpg,styleship_cdn_pattern
C71AR3267010,여성 트레버스 투 트레일 2.0 팬츠,Traverse To Trail 2.0 Pant,C71AR3267,FEMALE,,,,2,2,2,182410,91205.0,91205.0,https://assetscdn49.styleship.com/assets/columbia/data/ProductImages/a/4/C71AR3267010.jpg,styleship_cdn_pattern
C71XM0095010,남성 CSC1938 V1 반팔 티셔츠,CSC1938 V1 Short Sleeve Tee,C71XM0095,MALE,,,,2,1,2,181930,90965.0,90965.0,https://assetscdn49.styleship.com/assets/columbia/data/ProductImages/a/4/C71XM0095010.jpg,styleship_cdn_pattern
C71XM0095125,남성 CSC1938 V1 반팔 티셔츠,CSC1938 V1 Short Sleeve Tee,C71XM0095,MALE,,,,2,2,2,175640,87820.0,87820.0,https://assetscdn49.styleship.com/assets/columbia/data/ProductImages/a/4/C71XM0095125.jpg,styleship_cdn_pattern
C75UU0951027,공용 트레일 트레블 워터보틀 슬링 백,Trail Traveler Water Bottle Sling,C75UU0951,UNISEX,,,,7,7,7,174110,24872.85714285714,24872.85714285714,https://assetscdn49.styleship.com/assets/columbia/data/ProductImages/a/4/C75UU0951027.jpg,styleship_cdn_pattern
C72XE2852010,남성 블루스템 II 7부 팬츠,Bluestem II Knee Pant,C72XE2852,MALE,,,,2,2,2,171540,85770.0,85770.0,https://assetscdn49.styleship.com/assets/columbia/data/ProductImages/a/4/C72XE2852010.jpg,styleship_cdn_pattern
C72XM2635100,[디즈니] 남성 미키 그래픽 반팔 티셔츠,M CSC x Disney Graphic Tee,C72XM2635,MALE,,,,3,3,3,170240,56746.666666666664,56746.666666666664,https://assetscdn49.styleship.com/assets/columbia/data/ProductImages/a/4/C72XM2635100.jpg,styleship_cdn_pattern
C72AR4892379,여성 세콰이어 그로브 우븐 쇼츠,Sequoia Grove Woven Short,C72AR4892,FEMALE,,,,3,3,3,167860,55953.333333333336,55953.333333333336,https://assetscdn49.styleship.com/assets/columbia/data/ProductImages/a/4/C72AR4892379.jpg,styleship_cdn_pattern
C75YU9612100,공용 레온 대쉬 미드 양말,Leon Dash mid Socks,C75YU9612,UNISEX,,,,12,12,15,165850,11056.666666666666,13820.833333333334,https://assetscdn49.styleship.com/assets/columbia/data/ProductImages/a/4/C75YU9612100.jpg,styleship_cdn_pattern
C72YL6594102,엔조이 365 라운드 반팔 티셔츠,W’s Enjoy 365 II SS Crew,C72YL6594,FEMALE,,,,2,2,2,165730,82865.0,82865.0,https://assetscdn49.styleship.com/assets/columbia/data/ProductImages/a/4/C72YL6594102.jpg,styleship_cdn_pattern
C75PU8724511,[공식몰 단독] 공용 타이거 브룩 미니 패커블 숄더백,Tyger Brook Mini Sholder,C75PU8724,UNISEX,,,,8,8,8,163020,20377.5,20377.5,https://assetscdn49.styleship.com/assets/columbia/data/ProductImages/a/4/C75PU8724511.jpg,styleship_cdn_pattern
C72FM0405853,[공식몰 단독] 남성 본피쉬 플랫 반팔 셔츠,Bonefish Flats SS Shirt,C72FM0405,MALE,,,,2,2,2,162740,81370.0,81370.0,https://assetscdn49.styleship.com/assets/columbia/data/ProductImages/a/4/C72FM0405853.jpg,styleship_cdn_pattern
C75UU1456379,공용 블랙콤브 릿지 18L 백팩,Blackcomb Ridge 18L Backpack,C75UU1456,UNISEX,,,,2,2,2,161660,80830.0,80830.0,https://assetscdn49.styleship.com/assets/columbia/data/ProductImages/a/4/C75UU1456379.jpg,styleship_cdn_pattern
C75YU9899053,공용 사바나 콘 4단 싱글 등산스틱,Savannah Cone™ 4 STICK,C75YU9899,UNISEX,,,,3,3,3,158670,52890.0,52890.0,https://assetscdn49.styleship.com/assets/columbia/data/ProductImages/a/4/C75YU9899053.jpg,styleship_cdn_pattern
C75XU4041010,공용 CSC1938 V1 비니,CSC1938 V1 Beanie,C75XU4041,UNISEX,,,,3,3,3,158180,52726.666666666664,52726.666666666664,https://assetscdn49.styleship.com/assets/columbia/data/ProductImages/a/4/C75XU4041010.jpg,styleship_cdn_pattern
C72AR4892271,여성 세콰이어 그로브 우븐 쇼츠,Sequoia Grove Woven Short,C72AR4892,FEMALE,,,,3,3,3,156750,52250.0,52250.0,https://assetscdn49.styleship.com/assets/columbia/data/ProductImages/a/4/C72AR4892271.jpg,styleship_cdn_pattern
C75XU9181265,공용 CSC1938 V1 5-패널 햇,CSC1938 V1 5 Panel Hat,C75XU9181,UNISEX,,,,3,3,3,153610,51203.333333333336,51203.333333333336,https://assetscdn49.styleship.com/assets/columbia/data/ProductImages/a/4/C75XU9181265.jpg,styleship_cdn_pattern
C72XM2635469,[디즈니] 남성 미키 그래픽 반팔 티셔츠,M CSC x Disney Graphic Tee,C72XM2635,MALE,,,,3,3,3,153410,51136.666666666664,51136.666666666664,https://assetscdn49.styleship.com/assets/columbia/data/ProductImages/a/4/C72XM2635469.jpg,styleship_cdn_pattern
C72PG8784443,공용 데스페어 베이 그래픽 반팔 티셔츠,Despair Bay Graphic SS Tee,C72PG8784,MALE,,,,3,3,3,153020,51006.666666666664,51006.666666666664,https://assetscdn49.styleship.com/assets/columbia/data/ProductImages/a/4/C72PG8784443.jpg,styleship_cdn_pattern
C72YL8627381,여성 잉글리쉬 하이크 OFZ ICE 셋업 스트레이트 팬츠,W's English Hike OFZ ICE Set Up Straight Pant,C72YL8627,FEMALE,,,,1,1,1,145000,145000.0,145000.0,https://assetscdn49.styleship.com/assets/columbia/data/ProductImages/a/4/C72YL8627381.jpg,styleship_cdn_pattern
C72PG4858555,공용 리틀 베어 락 그래픽 반팔 티셔츠,Little Bear Rock Graphic S/S Tee,C72PG4858,MALE,,,,2,2,2,143610,71805.0,71805.0,https://assetscdn49.styleship.com/assets/columbia/data/ProductImages/a/4/C72PG4858555.jpg,styleship_cdn_pattern
C75UU8635258,공용 스트릿 트랜짓 III 백팩,Street Transit III Backpack,C75UU8635,UNISEX,,,,2,2,2,141170,70585.0,70585.0,https://assetscdn49.styleship.com/assets/columbia/data/ProductImages/a/4/C75UU8635258.jpg,styleship_cdn_pattern
C75UU0063010,공용 랜드로머 60L 더플백,Landroamer™ 60L Duffel,C75UU0063,UNISEX,,,,1,1,1,141120,141120.0,141120.0,https://assetscdn49.styleship.com/assets/columbia/data/ProductImages/a/4/C75UU0063010.jpg,styleship_cdn_pattern
C72YM6598212,남성 엔조이 365 반팔 라운드 그래픽 티셔츠,Enjoy 365 II Graphic SS Crew,C72YM6598,MALE,,,,2,2,2,138720,69360.0,69360.0,https://assetscdn49.styleship.com/assets/columbia/data/ProductImages/a/4/C72YM6598212.jpg,styleship_cdn_pattern
C75YU0704464,공용 맷 슬로프 디터처블 부니,Mat Slope Detachable Booney,C75YU0704,UNISEX,,,,2,2,2,138000,69000.0,69000.0,https://assetscdn49.styleship.com/assets/columbia/data/ProductImages/a/4/C75YU0704464.jpg,styleship_cdn_pattern
C72XE1652449,남성 리드 아일랜드 쇼츠,Reed Island Short,C72XE1652,UNISEX,,,,3,3,3,134820,44940.0,44940.0,https://assetscdn49.styleship.com/assets/columbia/data/ProductImages/a/4/C72XE1652449.jpg,styleship_cdn_pattern
C72FM3369100,남성 본피쉬 플랫 프린트 반팔 셔츠,Bonefish Flats Printed SS Shirt,C72FM3369,MALE,,,,2,2,2,132260,66130.0,66130.0,https://assetscdn49.styleship.com/assets/columbia/data/ProductImages/a/4/C72FM3369100.jpg,styleship_cdn_pattern
C72AE9873375,남성 애커 록 트윌 쇼츠,Acker Rock Twill Short,C72AE9873,MALE,,,,2,2,2,131810,65905.0,65905.0,https://assetscdn49.styleship.com/assets/columbia/data/ProductImages/a/4/C72AE9873375.jpg,styleship_cdn_pattern
C72YL8627010,여성 잉글리쉬 하이크 OFZ ICE 셋업 스트레이트 팬츠,W's English Hike OFZ ICE Set Up Straight Pant,C72YL8627,FEMALE,,,,1,1,1,131600,131600.0,131600.0,https://assetscdn49.styleship.com/assets/columbia/data/ProductImages/a/4/C72YL8627010.jpg,styleship_cdn_pattern
C72AR3652775,여성 빌트포허 쿨템포 2.0 반팔 티셔츠,BFH Cool Tempo 2.0 Tee,C72AR3652,FEMALE,,,,2,2,2,131590,65795.0,65795.0,https://assetscdn49.styleship.com/assets/columbia/data/ProductImages/a/4/C72AR3652775.jpg,styleship_cdn_pattern
C72XY1290469,[디즈니] 키즈 미키 그래픽 반팔 티셔츠,Y CSC x Disney Graphic Tee,C72XY1290,UNKNOWN,,,,3,3,3,130830,43610.0,43610.0,https://assetscdn49.styleship.com/assets/columbia/data/ProductImages/a/4/C72XY1290469.jpg,styleship_cdn_pattern
C72YL6637397,여성 캐스코 파크 원피스,Women's Casco Park Onepiece,C72YL6637,FEMALE,,,,1,1,1,128100,128100.0,128100.0,https://assetscdn49.styleship.com/assets/columbia/data/ProductImages/a/4/C72YL6637397.jpg,styleship_cdn_pattern
C72YL8635397,여성 러비 밸리 OFZ ICE 스커트,W's Ruby Valley OFZ ICE Skirt,C72YL8635,FEMALE,,,,1,1,1,124000,124000.0,124000.0,https://assetscdn49.styleship.com/assets/columbia/data/ProductImages/a/4/C72YL8635397.jpg,styleship_cdn_pattern
C75CU7808125,윙마크 캡 모자,Wingmark Cap,C75CU7808,UNISEX,,,,4,4,4,122360,30590.0,30590.0,https://assetscdn49.styleship.com/assets/columbia/data/ProductImages/a/4/C75CU7808125.jpg,styleship_cdn_pattern
C71PG5085469,남성 조셉 파크 와이드 팬츠,Joseph Park Wide Pant,C71PG5085,MALE,,,,1,1,1,121550,121550.0,121550.0,https://assetscdn49.styleship.com/assets/columbia/data/ProductImages/a/4/C71PG5085469.jpg,styleship_cdn_pattern
C71PG5085327,남성 조셉 파크 와이드 팬츠,Joseph Park Wide Pant,C71PG5085,MALE,,,,1,1,1,115710,115710.0,115710.0,https://assetscdn49.styleship.com/assets/columbia/data/ProductImages/a/4/C71PG5085327.jpg,styleship_cdn_pattern
C75YU0899439,공용 산투이트파스 Ⅱ 장갑,Santuit Falls Glove Ⅱ,C75YU0899,UNISEX,,,,3,3,3,115700,38566.666666666664,38566.666666666664,https://assetscdn49.styleship.com/assets/columbia/data/ProductImages/a/4/C75YU0899439.jpg,styleship_cdn_pattern
C72AE5763010,남성 실버릿지 유틸리티 카고 쇼츠,Silver Ridge™ Utility Cargo Short,C72AE5763,MALE,,,,2,2,2,115500,57750.0,57750.0,https://assetscdn49.styleship.com/assets/columbia/data/ProductImages/a/4/C72AE5763010.jpg,styleship_cdn_pattern
C71AR0411397,여성 실버 릿지 엘리트 타이타늄 팬츠,Silver Ridge Elite Pant,C71AR0411,FEMALE,,,,1,1,1,115100,115100.0,115100.0,https://assetscdn49.styleship.com/assets/columbia/data/ProductImages/a/4/C71AR0411397.jpg,styleship_cdn_pattern
C75YU9623100,공용 코브하이츠파크Ⅱ 미드 양말,Cove Heights Park Ⅱ mid socks,C75YU9623,UNISEX,,,,11,11,13,114980,8844.615384615385,10452.727272727272,https://assetscdn49.styleship.com/assets/columbia/data/ProductImages/a/4/C75YU9623100.jpg,styleship_cdn_pattern
C75YM9725MUL,남성 컬럼비아 미드 패턴 양말 5종,M's Columbia Mid Length Pattern Socks 5 Pack,C75YM9725,MALE,,,,5,5,6,107050,17841.666666666668,21410.0,https://assetscdn49.styleship.com/assets/columbia/data/ProductImages/a/4/C75YM9725MUL.jpg,styleship_cdn_pattern
C75YU0397401,공용 365 트랙 스몰 크로스백,365 TREK Small Bag,C75YU0397,UNISEX,,,,2,2,2,106100,53050.0,53050.0,https://assetscdn49.styleship.com/assets/columbia/data/ProductImages/a/4/C75YU0397401.jpg,styleship_cdn_pattern
C71XR2133010,여성 토먼트 레인지 II 팬츠,Torment Range II Pant,C71XR2133,FEMALE,,,,1,1,1,103200,103200.0,103200.0,https://assetscdn49.styleship.com/assets/columbia/data/ProductImages/a/4/C71XR2133010.jpg,styleship_cdn_pattern
C75BL0341010,여성 픽프릭 러쉬 샌들,PEAKFREAK RUSH™ SHANDAL,C75BL0341,FEMALE,,,,1,1,1,103070,103070.0,103070.0,https://assetscdn49.styleship.com/assets/columbia/data/ProductImages/a/4/C75BL0341010.jpg,styleship_cdn_pattern
C72AR8873525,여성 위켄드 레이스 워터 쇼츠,Weekend Rays Water Short,C72AR8873,FEMALE,,,,2,2,2,102650,51325.0,51325.0,https://assetscdn49.styleship.com/assets/columbia/data/ProductImages/a/4/C72AR8873525.jpg,styleship_cdn_pattern
C72AE5185024,남성 실버릿지 유틸리티 베스트,Silver Ridge Utility Vest,C72AE5185,MALE,,,,1,1,1,102570,102570.0,102570.0,https://assetscdn49.styleship.com/assets/columbia/data/ProductImages/a/4/C72AE5185024.jpg,styleship_cdn_pattern
C72XE4410010,남성 베나도 림 팬츠,Venado Rim Pant,C72XE4410,MALE,,,,1,1,1,102550,102550.0,102550.0,https://assetscdn49.styleship.com/assets/columbia/data/ProductImages/a/4/C72XE4410010.jpg,styleship_cdn_pattern
C75CT9272661,공용 프로비전 볼캡,Provisions Ball Cap,C75CT9272,UNISEX,,,,5,5,5,102500,20500.0,20500.0,https://assetscdn49.styleship.com/assets/columbia/data/ProductImages/a/4/C75CT9272661.jpg,styleship_cdn_pattern
C72YM6622411,남성 본 하이크 OF 폴로 티셔츠,M's Von Hike OF Polo,C72YM6622,MALE,,,,1,1,1,101460,101460.0,101460.0,https://assetscdn49.styleship.com/assets/columbia/data/ProductImages/a/4/C72YM6622411.jpg,styleship_cdn_pattern
C75YU0648063,공용 엔조이 365 II 경량 캡,Enjoy 365 II Cap,C75YU0648,UNISEX,,,,2,2,2,100300,50150.0,50150.0,https://assetscdn49.styleship.com/assets/columbia/data/ProductImages/a/4/C75YU0648063.jpg,styleship_cdn_pattern
C75PU8732719,공용 그레이트 스모키 가든 바디백,Great Smoky Garden™ Body bag,C75PU8732,UNISEX,,,,2,2,2,99570,49785.0,49785.0,https://assetscdn49.styleship.com/assets/columbia/data/ProductImages/a/4/C75PU8732719.jpg,styleship_cdn_pattern
C72YL6622102,여성 본 하이크 OF 폴로 반팔 티셔츠,W's Von Hike OF Polo,C72YL6622,FEMALE,,,,1,1,1,98790,98790.0,98790.0,https://assetscdn49.styleship.com/assets/columbia/data/ProductImages/a/4/C72YL6622102.jpg,styleship_cdn_pattern
