order_date,member_grade_label,category,repeat_orders,repeat_buyers,quantity,revenue,repeat_rate
2024-04-16,FAMILY,셋업,1,1,1,169000,1.0
2024-04-16,FAMILY,긴바지,1,1,1,119000,1.0
2024-04-16,FAMILY,여성,1,1,1,104500,1.0
2024-04-16,FAMILY,바람막이,1,1,1,84500,1.0
2024-04-16,FAMILY,남성,2,1,3,59000,0.5
2024-04-17,FAMILY,남성,2,2,4,104500,1.0
2024-04-18,FAMILY,라운드티,1,1,1,60000,1.0
2024-04-19,FAMILY,남성,2,2,2,205000,1.0
2024-04-19,FAMILY,반바지,2,2,3,119060,1.0
2024-04-19,FAMILY,라운드티,2,2,3,107140,1.0
2024-04-20,FAMILY,셋업,1,1,1,99000,1.0
2024-04-20,FAMILY,남성,2,2,3,87680,1.0
2024-04-20,FAMILY,햇,1,1,1,37680,1.0
2024-04-21,FAMILY,등산화,1,1,1,219000,1.0
2024-04-21,FAMILY,남성,1,1,2,163000,1.0
2024-04-21,FAMILY,자켓/ 베스트,1,1,1,114500,1.0
2024-04-21,FAMILY,반바지,1,1,1,79000,1.0
2024-04-22,FAMILY,남성,5,5,7,435000,1.0
2024-04-22,FAMILY,자켓/ 베스트,2,1,3,383500,0.5
2024-04-22,FAMILY,바람막이,2,2,2,176500,1.0
2024-04-22,FAMILY,라운드티,2,2,2,118000,1.0
2024-04-22,FAMILY,등산화,1,1,1,84500,1.0
2024-04-22,FAMILY,UNKNOWN,1,1,1,34500,1.0
2024-04-23,FAMILY,남성,4,4,9,250000,1.0
2024-04-23,FAMILY,긴바지,1,1,1,119000,1.0
2024-04-23,FAMILY,여성,1,1,1,54500,1.0
2024-04-24,FAMILY,남성,4,4,4,348240,1.0
2024-04-24,FAMILY,라운드티,3,3,5,208100,1.0
2024-04-24,FAMILY,등산화,1,1,1,79500,1.0
2024-04-24,FAMILY,긴바지,1,1,1,44500,1.0
2024-04-24,FAMILY,반바지,1,1,1,39500,1.0
2024-04-24,SILVER,트레일러닝,2,1,2,216030,0.5
2024-04-24,SILVER,긴바지,1,1,1,57270,1.0
2024-04-25,FAMILY,남성,3,3,4,223000,1.0
2024-04-25,FAMILY,긴바지,1,1,1,119000,1.0
2024-04-25,FAMILY,스니커즈,1,1,1,95300,1.0
2024-04-25,FAMILY,등산화,1,1,1,79500,1.0
2024-04-25,SILVER,긴바지,1,1,1,119000,1.0
2024-04-26,FAMILY,남성,3,3,3,213380,1.0
2024-04-26,FAMILY,바람막이,1,1,1,122380,1.0
2024-04-26,FAMILY,셋업,1,1,1,69500,1.0
2024-04-26,SILVER,등산화,1,1,1,171510,1.0
2024-04-27,FAMILY,남성,4,4,8,643480,1.0
2024-04-27,FAMILY,긴바지,1,1,1,136440,1.0
2024-04-27,FAMILY,셋업,1,1,1,71200,1.0
2024-04-27,FAMILY,라운드티,1,1,1,55200,1.0
2024-04-28,FAMILY,남성,5,5,6,274000,1.0
2024-04-28,FAMILY,UNKNOWN,2,2,2,149550,1.0
2024-04-28,FAMILY,라운드티,1,1,1,69000,1.0
2024-04-28,SILVER,라운드티,1,1,1,86610,1.0
2024-04-29,FAMILY,남성,3,3,4,274120,1.0
2024-04-29,FAMILY,하이킹,1,1,1,69500,1.0
2024-04-29,FAMILY,등산화,1,1,1,64500,1.0
2024-04-29,FAMILY,라운드티,1,1,2,59000,1.0
2024-04-29,FAMILY,셋업,1,1,1,44500,1.0
2024-04-29,FAMILY,UNKNOWN,1,1,1,34500,1.0
2024-04-29,FAMILY,반바지,1,1,1,24500,1.0
2024-04-29,GOLD,카고/조거,1,1,1,85020,1.0
2024-04-30,FAMILY,남성,6,6,6,378990,1.0
2024-04-30,FAMILY,여성,3,1,3,163500,0.3333333333333333
2024-04-30,FAMILY,자켓/ 베스트,1,1,1,109500,1.0
2024-04-30,FAMILY,바람막이,2,1,2,99000,0.5
2024-04-30,FAMILY,반바지,2,1,2,79000,0.5
2024-04-30,FAMILY,긴바지,1,1,1,44500,1.0
2024-04-30,FAMILY,라운드티,1,1,1,34500,1.0
2024-04-30,FAMILY,UNKNOWN,1,1,1,34500,1.0
2024-04-30,SILVER,긴바지,1,1,1,103200,1.0
2024-05-01,FAMILY,남성,2,2,2,88020,1.0
2024-05-01,FAMILY,여성,1,1,1,79000,1.0
2024-05-01,FAMILY,라운드티,1,1,1,53400,1.0
2024-05-01,FAMILY,UNKNOWN,1,1,1,49890,1.0
2024-05-01,SILVER,여성,1,1,1,139550,1.0
2024-05-02,FAMILY,남성,3,3,11,516500,1.0
2024-05-02,FAMILY,라운드티,5,5,6,207680,1.0
2024-05-02,FAMILY,UNKNOWN,1,1,2,179000,1.0
2024-05-02,FAMILY,하이킹,1,1,2,139000,1.0
2024-05-02,FAMILY,긴바지,2,2,2,123700,1.0
2024-05-02,FAMILY,셔츠,1,1,1,44500,1.0
2024-05-02,FAMILY,반바지,1,1,1,22900,1.0
2024-05-02,GOLD,남성,2,1,2,168000,0.5
2024-05-02,GOLD,여성,1,1,1,79000,1.0
2024-05-02,SILVER,라운드티,1,1,1,83640,1.0
2024-05-03,FAMILY,긴바지,2,2,4,378900,1.0
2024-05-03,FAMILY,라운드티,3,3,8,368500,1.0
2024-05-03,FAMILY,남성,5,5,6,353380,1.0
2024-05-03,FAMILY,자켓/ 베스트,1,1,1,144680,1.0
2024-05-03,FAMILY,하이킹,1,1,1,94500,1.0
2024-05-03,FAMILY,가방,1,1,1,74500,1.0
2024-05-03,FAMILY,반바지,1,1,2,70000,1.0
2024-05-03,FAMILY,UNKNOWN,1,1,1,69000,1.0
2024-05-04,FAMILY,남성,6,6,7,289100,1.0
2024-05-04,FAMILY,긴바지,1,1,1,109460,1.0
2024-05-05,FAMILY,남성,2,2,2,204420,1.0
2024-05-05,FAMILY,라운드티,3,3,3,173540,1.0
2024-05-05,FAMILY,바람막이,1,1,1,124330,1.0
2024-05-05,FAMILY,트레일러닝,1,1,1,109000,1.0
2024-05-05,FAMILY,긴바지,1,1,1,76170,1.0
2024-05-06,FAMILY,남성,4,4,4,390280,1.0
2024-05-06,FAMILY,긴바지,1,1,1,72050,1.0
2024-05-06,FAMILY,상의,1,1,1,65250,1.0
2024-05-06,FAMILY,UNKNOWN,1,1,1,62100,1.0
2024-05-06,SILVER,남성,1,1,2,160200,1.0
2024-05-07,FAMILY,남성,11,11,16,570550,1.0
2024-05-07,FAMILY,긴바지,2,2,2,187700,1.0
2024-05-07,FAMILY,자켓/ 베스트,2,2,2,178590,1.0
2024-05-07,FAMILY,등산화,1,1,1,172320,1.0
2024-05-07,FAMILY,라운드티,2,2,2,113590,1.0
2024-05-07,FAMILY,상의,1,1,1,76630,1.0
2024-05-07,FAMILY,가방,1,1,1,74500,1.0
2024-05-07,SILVER,자켓/ 베스트,1,1,1,167900,1.0
2024-05-07,SILVER,남성,2,2,2,149580,1.0
2024-05-08,FAMILY,남성,9,8,12,743620,0.8888888888888888
2024-05-08,FAMILY,여성,3,3,3,323200,1.0
2024-05-08,FAMILY,바람막이,1,1,3,238500,1.0
2024-05-08,FAMILY,라운드티,2,2,6,177000,1.0
2024-05-08,FAMILY,트레일러닝,1,1,1,109000,1.0
2024-05-08,FAMILY,셋업,2,2,2,94000,1.0
2024-05-08,FAMILY,하이킹,1,1,1,83000,1.0
2024-05-08,FAMILY,긴바지,1,1,1,59500,1.0
2024-05-08,FAMILY,셔츠,1,1,1,44500,1.0
2024-05-08,FAMILY,반바지,1,1,1,24500,1.0
2024-05-09,FAMILY,남성,4,4,5,362870,1.0
2024-05-09,FAMILY,UNKNOWN,3,3,4,263590,1.0
2024-05-09,FAMILY,셋업,1,1,2,110400,1.0
2024-05-09,FAMILY,가방,1,1,1,65120,1.0
2024-05-09,SILVER,UNKNOWN,1,1,1,42030,1.0
2024-05-10,FAMILY,남성,4,3,8,288150,0.75
2024-05-10,FAMILY,긴바지,3,3,3,259670,1.0
2024-05-10,FAMILY,라운드티,2,2,2,85120,1.0
2024-05-10,FAMILY,반바지,1,1,1,61800,1.0
2024-05-10,FAMILY,상의,1,1,1,49500,1.0
2024-05-10,FAMILY,햇,1,1,1,25920,1.0
2024-05-10,SILVER,긴바지,1,1,1,63570,1.0
2024-05-11,FAMILY,남성,7,7,10,473950,1.0
2024-05-11,FAMILY,여성,1,1,1,149000,1.0
2024-05-11,FAMILY,트레일러닝,1,1,1,109000,1.0
2024-05-11,FAMILY,반바지,2,2,2,91860,1.0
2024-05-11,FAMILY,자켓/ 베스트,1,1,1,89500,1.0
2024-05-11,FAMILY,바람막이,1,1,1,79500,1.0
2024-05-11,FAMILY,라운드티,1,1,2,59000,1.0
2024-05-11,GOLD,셋업,1,1,1,85350,1.0
2024-05-11,SILVER,남성,1,1,1,39500,1.0
2024-05-12,FAMILY,남성,7,7,8,498780,1.0
2024-05-12,FAMILY,자켓/ 베스트,3,3,3,479940,1.0
2024-05-12,FAMILY,셋업,2,2,2,154000,1.0
2024-05-12,FAMILY,등산화,1,1,1,84500,1.0
2024-05-12,FAMILY,긴바지,1,1,1,59500,1.0
2024-05-12,FAMILY,햇,1,1,1,42110,1.0
2024-05-13,FAMILY,남성,2,2,4,149700,1.0
2024-05-13,FAMILY,여성,1,1,1,74500,1.0
2024-05-13,FAMILY,상의,1,1,1,61440,1.0
2024-05-13,FAMILY,셋업,1,1,1,39500,1.0
2024-05-14,FAMILY,남성,2,2,2,155500,1.0
2024-05-14,FAMILY,긴바지,2,2,2,130700,1.0
2024-05-14,FAMILY,셋업,1,1,1,71200,1.0
2024-05-14,FAMILY,스니커즈,1,1,1,68710,1.0
2024-05-14,FAMILY,여성,1,1,1,58350,1.0
2024-05-14,FAMILY,UNKNOWN,1,1,1,34500,1.0
2024-05-14,FAMILY,라운드티,1,1,1,24500,1.0
2024-05-14,SILVER,남성,2,2,3,213000,1.0
2024-05-14,SILVER,바람막이,1,1,1,49500,1.0
2024-05-14,SILVER,반바지,1,1,1,39500,1.0
2024-05-14,SILVER,UNKNOWN,1,1,1,34500,1.0
2024-05-15,FAMILY,남성,5,5,5,326100,1.0
2024-05-15,FAMILY,라운드티,3,3,4,152500,1.0
2024-05-15,FAMILY,긴바지,2,2,2,114000,1.0
2024-05-15,FAMILY,바람막이,1,1,1,49500,1.0
2024-05-15,FAMILY,반바지,1,1,1,39500,1.0
2024-05-15,FAMILY,UNKNOWN,1,1,1,24500,1.0
2024-05-15,TITANIUM,남성,1,1,1,27200,1.0
2024-05-16,FAMILY,남성,5,5,9,580990,1.0
2024-05-16,FAMILY,라운드티,3,3,4,138000,1.0
2024-05-16,FAMILY,반바지,2,2,3,118500,1.0
2024-05-16,FAMILY,바람막이,1,1,1,79500,1.0
2024-05-16,FAMILY,긴바지,1,1,1,59500,1.0
2024-05-17,FAMILY,남성,4,4,6,187330,1.0
2024-05-17,FAMILY,라운드티,1,1,1,87540,1.0
2024-05-17,FAMILY,UNKNOWN,1,1,1,69000,1.0
2024-05-17,GOLD,남성,1,1,1,87000,1.0
2024-05-17,SILVER,남성,1,1,1,39000,1.0
2024-05-18,FAMILY,남성,4,4,5,239630,1.0
2024-05-18,FAMILY,긴바지,1,1,1,60860,1.0
2024-05-18,FAMILY,UNKNOWN,1,1,1,34500,1.0
2024-05-18,SILVER,남성,1,1,2,88000,1.0
2024-05-19,FAMILY,긴바지,3,3,4,372200,1.0
2024-05-19,FAMILY,남성,4,4,7,314280,1.0
2024-05-19,FAMILY,UNKNOWN,1,1,1,175590,1.0
2024-05-19,FAMILY,셋업,1,1,1,143200,1.0
2024-05-19,FAMILY,라운드티,2,2,2,117690,1.0
2024-05-19,FAMILY,반바지,2,2,2,88500,1.0
2024-05-19,FAMILY,셔츠,1,1,1,44500,1.0
2024-05-19,FAMILY,햇,1,1,1,40570,1.0
2024-05-19,SILVER,남성,1,1,1,185820,1.0
2024-05-20,FAMILY,남성,4,4,11,356870,1.0
2024-05-20,FAMILY,바람막이,1,1,1,149350,1.0
2024-05-20,FAMILY,긴바지,1,1,1,111200,1.0
2024-05-20,FAMILY,햇,1,1,1,19500,1.0
2024-05-20,SILVER,남성,2,2,2,106960,1.0
2024-05-20,SILVER,상의,1,1,1,71630,1.0
2024-05-21,FAMILY,남성,5,5,15,629360,1.0
2024-05-21,FAMILY,트레일러닝,1,1,1,104100,1.0
2024-05-21,FAMILY,라운드티,2,2,2,98500,1.0
2024-05-21,FAMILY,긴바지,1,1,1,87200,1.0
2024-05-21,SILVER,남성,1,1,1,39000,1.0
2024-05-22,FAMILY,남성,6,6,6,300700,1.0
2024-05-22,FAMILY,긴바지,2,2,2,153860,1.0
2024-05-22,FAMILY,UNKNOWN,1,1,1,54080,1.0
2024-05-22,FAMILY,반바지,1,1,1,39500,1.0
2024-05-23,FAMILY,남성,9,9,13,641320,1.0
2024-05-23,FAMILY,긴바지,3,3,4,254700,1.0
2024-05-23,FAMILY,라운드티,3,3,3,108500,1.0
2024-05-23,FAMILY,여성,2,2,2,74000,1.0
2024-05-23,FAMILY,셋업,1,1,1,69500,1.0
2024-05-23,FAMILY,장갑,1,1,1,24450,1.0
2024-05-23,SILVER,남성,1,1,1,46320,1.0
2024-05-24,FAMILY,남성,9,7,16,611690,0.7777777777777778
2024-05-24,FAMILY,라운드티,5,5,8,344540,1.0
2024-05-24,FAMILY,하이킹,1,1,1,130300,1.0
2024-05-24,FAMILY,가방,1,1,1,114540,1.0
2024-05-24,FAMILY,긴바지,2,2,2,110840,1.0
2024-05-24,FAMILY,상의,1,1,1,90860,1.0
2024-05-24,FAMILY,바람막이,1,1,1,69500,1.0
2024-05-24,FAMILY,반바지,1,1,1,39500,1.0
2024-05-25,FAMILY,남성,5,5,7,566860,1.0
2024-05-25,FAMILY,라운드티,2,2,3,128000,1.0
2024-05-25,FAMILY,상의,1,1,1,76840,1.0
2024-05-25,FAMILY,UNKNOWN,1,1,1,59650,1.0
2024-05-25,SILVER,스니커즈,1,1,1,133880,1.0
2024-05-26,FAMILY,남성,5,5,8,347080,1.0
2024-05-26,FAMILY,여성,1,1,2,149000,1.0
2024-05-26,FAMILY,라운드티,3,3,3,144580,1.0
2024-05-26,FAMILY,긴바지,1,1,1,110280,1.0
2024-05-26,FAMILY,가방,1,1,1,62300,1.0
2024-05-26,FAMILY,상의,1,1,1,61340,1.0
2024-05-26,FAMILY,바람막이,1,1,1,49500,1.0
2024-05-26,FAMILY,반바지,1,1,1,39500,1.0
2024-05-26,FAMILY,액세서리,1,1,2,7500,1.0
2024-05-26,GOLD,UNKNOWN,1,1,1,62950,1.0
2024-05-27,FAMILY,남성,8,7,12,534300,0.875
2024-05-27,FAMILY,라운드티,3,3,5,192000,1.0
2024-05-27,FAMILY,여성,2,2,2,176500,1.0
2024-05-27,FAMILY,반바지,1,1,1,39500,1.0
2024-05-27,GOLD,셋업,1,1,1,137820,1.0
2024-05-27,GOLD,남성,1,1,1,103730,1.0
2024-05-27,GOLD,바람막이,1,1,1,95210,1.0
2024-05-27,SILVER,남성,1,1,1,105650,1.0
2024-05-27,SILVER,긴바지,1,1,1,76760,1.0
2024-05-27,SILVER,라운드티,1,1,1,57180,1.0
2024-05-27,TITANIUM,남성,1,1,3,209100,1.0
2024-05-27,TITANIUM,라운드티,1,1,2,138000,1.0
2024-05-27,TITANIUM,폴로티/집업,1,1,1,71100,1.0
2024-05-27,TITANIUM,반바지,1,1,1,49000,1.0
2024-05-28,FAMILY,남성,6,4,34,1556270,0.6666666666666666
2024-05-28,FAMILY,폴로티/집업,2,1,8,316000,0.5
2024-05-28,FAMILY,자켓/ 베스트,2,2,2,313980,1.0
2024-05-28,FAMILY,라운드티,4,4,5,290310,1.0
2024-05-28,FAMILY,긴바지,2,2,3,148500,1.0
2024-05-28,FAMILY,하이킹,1,1,2,139000,1.0
2024-05-28,FAMILY,UNKNOWN,2,2,2,127070,1.0
2024-05-28,FAMILY,등산화,1,1,1,79500,1.0
2024-05-28,FAMILY,여성,1,1,1,74500,1.0
2024-05-28,SILVER,긴바지,1,1,3,466770,1.0
2024-05-28,SILVER,자켓/ 베스트,1,1,1,123380,1.0
2024-05-28,SILVER,셋업,1,1,1,70190,1.0
2024-05-28,SILVER,남성,1,1,1,9430,1.0
2024-05-29,FAMILY,남성,8,8,11,516360,1.0
2024-05-29,FAMILY,바람막이,1,1,1,110270,1.0
2024-05-29,FAMILY,라운드티,2,2,3,98500,1.0
2024-05-29,FAMILY,셋업,1,1,1,69500,1.0
2024-05-29,FAMILY,긴바지,1,1,1,64500,1.0
2024-05-29,FAMILY,캡,1,1,1,17700,1.0
2024-05-29,SILVER,긴바지,1,1,1,67440,1.0
2024-05-29,SILVER,라운드티,1,1,1,58760,1.0
2024-05-29,SILVER,반바지,1,1,1,17500,1.0
2024-05-30,FAMILY,남성,9,7,9,526060,0.7777777777777778
2024-05-30,FAMILY,UNKNOWN,2,2,3,256030,1.0
2024-05-30,FAMILY,라운드티,4,3,6,212520,0.75
2024-05-30,FAMILY,바람막이,1,1,1,150650,1.0
2024-05-30,FAMILY,긴바지,2,2,2,135530,1.0
2024-05-30,FAMILY,등산화,1,1,1,103200,1.0
2024-05-30,FAMILY,맨투맨/후드티,1,1,2,89000,1.0
2024-05-30,FAMILY,여성,1,1,1,74500,1.0
2024-05-30,FAMILY,셋업,1,1,1,74500,1.0
2024-05-30,FAMILY,상의,1,1,1,61140,1.0
2024-05-30,SILVER,남성,1,1,1,74840,1.0
2024-05-30,SILVER,라운드티,1,1,1,74830,1.0
2024-05-30,SILVER,긴바지,1,1,1,59870,1.0
2024-05-30,SILVER,액세서리,1,1,2,12620,1.0
2024-05-31,FAMILY,남성,6,6,6,430850,1.0
2024-05-31,FAMILY,라운드티,2,2,3,80960,1.0
2024-06-01,FAMILY,남성,4,4,6,563090,1.0
2024-06-01,FAMILY,긴바지,2,2,4,252160,1.0
2024-06-01,FAMILY,햇,1,1,1,36650,1.0
2024-06-02,FAMILY,남성,7,6,11,381610,0.8571428571428571
2024-06-02,FAMILY,라운드티,4,4,4,208350,1.0
2024-06-02,FAMILY,셔츠,1,1,1,87540,1.0
2024-06-02,FAMILY,UNKNOWN,1,1,1,83720,1.0
2024-06-02,SILVER,남성,1,1,2,178140,1.0
2024-06-03,FAMILY,남성,5,5,8,640060,1.0
2024-06-03,FAMILY,라운드티,2,2,3,185200,1.0
2024-06-03,FAMILY,바람막이,1,1,1,159000,1.0
2024-06-03,FAMILY,하이킹,1,1,1,153340,1.0
2024-06-03,FAMILY,반바지,1,1,1,39200,1.0
2024-06-03,GOLD,남성,1,1,1,130240,1.0
2024-06-04,FAMILY,남성,8,8,13,383700,1.0
2024-06-04,FAMILY,라운드티,1,1,1,65540,1.0
2024-06-04,SILVER,UNKNOWN,1,1,1,72700,1.0
2024-06-05,FAMILY,긴바지,3,3,3,257630,1.0
2024-06-05,FAMILY,남성,4,4,5,218790,1.0
2024-06-05,FAMILY,여성,2,2,2,216730,1.0
2024-06-05,FAMILY,맨투맨/후드티,1,1,1,89000,1.0
2024-06-05,FAMILY,라운드티,2,2,2,87680,1.0
2024-06-05,FAMILY,반바지,1,1,1,49000,1.0
2024-06-06,FAMILY,남성,4,4,4,209430,1.0
2024-06-06,FAMILY,여성,2,2,2,164360,1.0
2024-06-06,FAMILY,UNKNOWN,1,1,1,89500,1.0
2024-06-06,FAMILY,바람막이,1,1,1,65840,1.0
2024-06-06,FAMILY,라운드티,1,1,1,56670,1.0
2024-06-06,FAMILY,햇,1,1,1,19500,1.0
2024-06-06,GOLD,남성,1,1,1,53000,1.0
2024-06-06,SILVER,남성,1,1,1,37000,1.0
2024-06-07,FAMILY,남성,2,2,3,215070,1.0
2024-06-07,FAMILY,라운드티,5,5,6,208850,1.0
2024-06-07,FAMILY,카고/조거,1,1,1,99240,1.0
2024-06-07,FAMILY,긴바지,1,1,1,79200,1.0
2024-06-07,FAMILY,상의,1,1,1,75820,1.0
2024-06-07,FAMILY,자켓/ 베스트,1,1,1,51320,1.0
2024-06-07,GOLD,UNKNOWN,1,1,1,35000,1.0
2024-06-07,SILVER,폴로티/집업,1,1,1,65810,1.0
2024-06-07,SILVER,라운드티,1,1,1,38300,1.0
2024-06-08,FAMILY,남성,7,7,10,424750,1.0
2024-06-08,FAMILY,긴바지,3,3,3,325160,1.0
2024-06-08,FAMILY,라운드티,2,2,4,241740,1.0
2024-06-08,FAMILY,방수자켓,1,1,1,129000,1.0
2024-06-08,FAMILY,셋업,1,1,1,110350,1.0
2024-06-08,FAMILY,자켓/ 베스트,1,1,1,89500,1.0
2024-06-08,SILVER,등산화,1,1,1,107970,1.0
2024-06-08,SILVER,남성,1,1,1,107970,1.0
2024-06-08,SILVER,긴바지,1,1,1,87200,1.0
2024-06-08,SILVER,UNKNOWN,1,1,1,57790,1.0
2024-06-09,FAMILY,셋업,2,2,2,312860,1.0
2024-06-09,FAMILY,긴바지,3,3,3,304870,1.0
2024-06-09,FAMILY,남성,4,4,5,220840,1.0
2024-06-09,FAMILY,라운드티,3,3,4,158880,1.0
2024-06-09,FAMILY,자켓/ 베스트,1,1,1,137060,1.0
2024-06-09,FAMILY,반바지,3,3,4,127500,1.0
2024-06-09,FAMILY,햇,1,1,1,22750,1.0
2024-06-09,SILVER,라운드티,2,1,2,115690,0.5
2024-06-10,FAMILY,남성,8,8,10,419150,1.0
2024-06-10,FAMILY,긴바지,2,2,2,236850,1.0
2024-06-10,FAMILY,바람막이,1,1,1,148530,1.0
2024-06-10,FAMILY,스니커즈,1,1,1,73670,1.0
2024-06-10,FAMILY,라운드티,1,1,1,57000,1.0
2024-06-10,FAMILY,맨투맨/후드티,1,1,1,54700,1.0
2024-06-10,FAMILY,여성,1,1,1,34500,1.0
2024-06-10,SILVER,남성,1,1,3,83660,1.0
2024-06-10,SILVER,반바지,1,1,1,75090,1.0
2024-06-10,SILVER,셋업,1,1,1,58710,1.0
2024-06-11,FAMILY,라운드티,6,6,10,358800,1.0
2024-06-11,FAMILY,남성,5,5,6,221750,1.0
2024-06-11,FAMILY,폴로티/집업,2,2,2,114730,1.0
2024-06-11,FAMILY,긴바지,1,1,1,113330,1.0
2024-06-11,FAMILY,반바지,2,2,2,86160,1.0
2024-06-11,FAMILY,바람막이,1,1,1,84500,1.0
2024-06-11,FAMILY,가방,1,1,1,60300,1.0
2024-06-11,FAMILY,셋업,1,1,1,39500,1.0
2024-06-12,FAMILY,남성,7,7,11,517310,1.0
2024-06-12,FAMILY,라운드티,5,5,6,289130,1.0
2024-06-12,FAMILY,긴바지,1,1,1,76850,1.0
2024-06-12,FAMILY,상의,1,1,1,69650,1.0
2024-06-12,FAMILY,크로스/토트백,1,1,1,22250,1.0
2024-06-12,SILVER,긴바지,1,1,1,84450,1.0
2024-06-13,FAMILY,남성,7,7,14,650750,1.0
2024-06-13,FAMILY,라운드티,5,5,6,229400,1.0
2024-06-13,FAMILY,자켓/ 베스트,1,1,1,131460,1.0
2024-06-13,FAMILY,긴바지,1,1,1,79200,1.0
2024-06-13,FAMILY,UNKNOWN,1,1,2,69000,1.0
2024-06-13,FAMILY,햇,1,1,1,42010,1.0
2024-06-13,FAMILY,여성,1,1,1,34500,1.0
2024-06-13,FAMILY,캡,1,1,1,19210,1.0
2024-06-13,GOLD,라운드티,1,1,1,63570,1.0
2024-06-13,GOLD,남성,1,1,1,50670,1.0
2024-06-13,SILVER,남성,1,1,1,78900,1.0
2024-06-13,SILVER,UNKNOWN,1,1,1,69000,1.0
2024-06-14,FAMILY,남성,12,11,19,1090320,0.9166666666666666
2024-06-14,FAMILY,긴바지,5,5,5,317710,1.0
2024-06-14,FAMILY,셋업,3,3,4,251180,1.0
2024-06-14,FAMILY,라운드티,5,5,7,244470,1.0
2024-06-14,FAMILY,UNKNOWN,2,2,2,178700,1.0
2024-06-14,FAMILY,자켓/ 베스트,1,1,1,109500,1.0
2024-06-14,FAMILY,등산화,1,1,1,79500,1.0
2024-06-14,FAMILY,상의,1,1,1,69300,1.0
2024-06-14,FAMILY,카고/조거,1,1,1,64500,1.0
2024-06-14,FAMILY,폴로티/집업,1,1,1,53200,1.0
2024-06-14,GOLD,남성,2,1,3,176500,0.5
2024-06-14,GOLD,라운드티,2,2,2,66980,1.0
2024-06-14,SILVER,라운드티,2,2,4,176000,1.0
2024-06-14,SILVER,바람막이,1,1,1,159000,1.0
2024-06-14,SILVER,셋업,1,1,2,158400,1.0
2024-06-14,SILVER,여성,1,1,1,149000,1.0
2024-06-14,SILVER,반바지,2,2,2,70000,1.0
2024-06-15,FAMILY,남성,3,3,8,343440,1.0
2024-06-15,FAMILY,라운드티,3,3,5,241500,1.0
2024-06-15,FAMILY,하이킹,1,1,1,160300,1.0
2024-06-15,FAMILY,긴바지,2,2,2,92520,1.0
2024-06-15,FAMILY,여성,1,1,1,40120,1.0
2024-06-15,SILVER,라운드티,2,2,4,168050,1.0
2024-06-15,SILVER,셋업,1,1,1,81600,1.0
2024-06-16,FAMILY,남성,7,7,9,495400,1.0
2024-06-16,FAMILY,라운드티,7,7,10,387820,1.0
2024-06-16,FAMILY,긴바지,3,3,4,356350,1.0
2024-06-16,FAMILY,여성,3,3,3,183500,1.0
2024-06-16,FAMILY,자켓/ 베스트,1,1,1,132090,1.0
2024-06-16,FAMILY,반바지,2,2,3,99100,1.0
2024-06-16,FAMILY,등산화,1,1,1,79500,1.0
2024-06-16,FAMILY,UNKNOWN,1,1,1,79500,1.0
2024-06-16,FAMILY,셋업,1,1,1,74810,1.0
2024-06-16,FAMILY,가방,1,1,1,45160,1.0
2024-06-16,SILVER,여성,1,1,1,119200,1.0
2024-06-16,SILVER,라운드티,1,1,1,47200,1.0
2024-06-17,FAMILY,라운드티,10,10,17,669720,1.0
2024-06-17,FAMILY,남성,10,10,14,661870,1.0
2024-06-17,FAMILY,셋업,4,4,4,392650,1.0
2024-06-17,FAMILY,긴바지,3,3,4,270040,1.0
2024-06-17,FAMILY,반바지,3,3,4,140500,1.0
2024-06-17,FAMILY,여성,3,3,3,134580,1.0
2024-06-17,FAMILY,등산화,1,1,1,94500,1.0
2024-06-17,FAMILY,바람막이,1,1,1,79270,1.0
2024-06-17,FAMILY,하이킹,1,1,1,69500,1.0
2024-06-17,FAMILY,가방,1,1,1,31150,1.0
2024-06-17,SILVER,남성,1,1,1,74010,1.0
2024-06-18,FAMILY,라운드티,6,6,13,469500,1.0
2024-06-18,FAMILY,남성,3,3,4,299280,1.0
2024-06-18,FAMILY,셋업,2,2,2,115950,1.0
2024-06-18,FAMILY,UNKNOWN,1,1,1,69000,1.0
2024-06-18,FAMILY,긴바지,1,1,1,44390,1.0
2024-06-18,FAMILY,반바지,1,1,1,39500,1.0
2024-06-18,GOLD,남성,1,1,2,212490,1.0
2024-06-18,GOLD,긴바지,1,1,1,124090,1.0
2024-06-18,GOLD,라운드티,1,1,2,91420,1.0
2024-06-18,SILVER,라운드티,1,1,2,81260,1.0
2024-06-18,SILVER,셋업,1,1,1,53620,1.0
2024-06-18,SILVER,남성,1,1,1,48580,1.0
2024-06-18,SILVER,반바지,1,1,1,33740,1.0
2024-06-19,FAMILY,남성,7,6,10,482970,0.8571428571428571
2024-06-19,FAMILY,라운드티,7,7,9,316600,1.0
2024-06-19,FAMILY,UNKNOWN,1,1,1,71200,1.0
2024-06-19,FAMILY,긴바지,1,1,1,67550,1.0
2024-06-19,FAMILY,셋업,1,1,1,55300,1.0
2024-06-19,FAMILY,가방,1,1,1,47690,1.0
2024-06-19,FAMILY,반바지,1,1,1,38550,1.0
2024-06-19,SILVER,남성,2,2,4,286980,1.0
2024-06-19,SILVER,UNKNOWN,1,1,1,62100,1.0
2024-06-19,SILVER,셋업,1,1,1,59360,1.0
2024-06-19,SILVER,라운드티,1,1,1,39420,1.0
2024-06-20,FAMILY,자켓/ 베스트,4,4,5,714610,1.0
2024-06-20,FAMILY,남성,10,10,14,629540,1.0
2024-06-20,FAMILY,셋업,2,2,2,134890,1.0
2024-06-20,FAMILY,긴바지,1,1,1,118000,1.0
2024-06-20,FAMILY,UNKNOWN,2,2,2,114000,1.0
2024-06-20,FAMILY,트레일러닝,1,1,1,107500,1.0
2024-06-20,FAMILY,여성,2,2,2,102000,1.0
2024-06-20,FAMILY,반바지,1,1,2,76480,1.0
2024-06-20,FAMILY,라운드티,2,2,2,76430,1.0
2024-06-20,FAMILY,가방,1,1,1,62300,1.0
2024-06-21,FAMILY,남성,8,8,10,555640,1.0
2024-06-21,FAMILY,긴바지,5,5,6,536320,1.0
2024-06-21,FAMILY,여성,4,4,4,289990,1.0
2024-06-21,FAMILY,라운드티,5,5,7,274030,1.0
2024-06-21,FAMILY,셋업,2,2,3,256590,1.0
2024-06-21,FAMILY,패딩/슬림다운,1,1,1,99500,1.0
2024-06-21,FAMILY,등산화,1,1,1,94500,1.0
2024-06-21,FAMILY,하이킹,1,1,1,69500,1.0
2024-06-21,FAMILY,방수자켓,1,1,1,64500,1.0
2024-06-21,FAMILY,반바지,1,1,1,39500,1.0
2024-06-21,SILVER,여성,2,2,2,123980,1.0
2024-06-21,SILVER,남성,1,1,1,39200,1.0
2024-06-22,FAMILY,남성,8,8,10,846770,1.0
2024-06-22,FAMILY,긴바지,4,4,4,395540,1.0
2024-06-22,FAMILY,여성,2,2,3,239600,1.0
2024-06-22,FAMILY,자켓/ 베스트,1,1,1,146230,1.0
2024-06-22,FAMILY,라운드티,2,2,2,105840,1.0
2024-06-22,FAMILY,트레일러닝,1,1,1,90590,1.0
2024-06-22,SILVER,라운드티,1,1,2,70700,1.0
2024-06-23,FAMILY,남성,8,8,10,378100,1.0
2024-06-23,FAMILY,긴바지,3,3,3,204300,1.0
2024-06-23,FAMILY,라운드티,2,2,3,145500,1.0
2024-06-23,FAMILY,셋업,1,1,1,80200,1.0
2024-06-23,FAMILY,여성,1,1,1,74500,1.0
2024-06-23,FAMILY,가방,1,1,1,57520,1.0
2024-06-23,FAMILY,햇,1,1,1,17990,1.0
2024-06-23,SILVER,라운드티,1,1,3,157730,1.0
2024-06-23,SILVER,남성,2,2,2,142590,1.0
2024-06-24,FAMILY,남성,8,8,9,770610,1.0
2024-06-24,FAMILY,긴바지,4,4,4,353580,1.0
2024-06-24,FAMILY,라운드티,5,4,5,237990,0.8
2024-06-24,FAMILY,여성,3,3,4,232720,1.0
2024-06-24,FAMILY,반바지,2,2,2,78300,1.0
2024-06-24,FAMILY,셔츠,1,1,1,69350,1.0
2024-06-24,FAMILY,캡,1,1,2,42800,1.0
2024-06-24,GOLD,라운드티,1,1,1,59000,1.0
2024-06-25,FAMILY,남성,6,6,9,603100,1.0
2024-06-25,FAMILY,라운드티,5,5,6,232900,1.0
2024-06-25,FAMILY,긴바지,2,2,2,122340,1.0
2024-06-25,FAMILY,반바지,3,3,3,115910,1.0
2024-06-25,FAMILY,UNKNOWN,1,1,1,101300,1.0
2024-06-25,FAMILY,가방,1,1,1,89350,1.0
2024-06-25,FAMILY,바람막이,1,1,1,69500,1.0
2024-06-25,SILVER,남성,1,1,2,104000,1.0
2024-06-25,SILVER,긴바지,1,1,1,69500,1.0
2024-06-25,SILVER,라운드티,1,1,1,34500,1.0
2024-06-26,FAMILY,라운드티,6,5,11,420950,0.8333333333333334
2024-06-26,FAMILY,남성,4,4,4,175120,1.0
2024-06-26,FAMILY,긴바지,2,2,2,150300,1.0
2024-06-26,FAMILY,바람막이,1,1,1,142330,1.0
2024-06-26,FAMILY,반바지,3,3,4,127440,1.0
2024-06-26,FAMILY,여성,1,1,1,111970,1.0
2024-06-26,FAMILY,UNKNOWN,1,1,2,69000,1.0
2024-06-26,GOLD,긴바지,1,1,1,62300,1.0
2024-06-27,FAMILY,남성,9,9,15,664070,1.0
2024-06-27,FAMILY,라운드티,4,4,5,171690,1.0
2024-06-27,FAMILY,반바지,3,2,3,96800,0.6666666666666666
2024-06-27,FAMILY,긴바지,1,1,1,44500,1.0
2024-06-27,GOLD,긴바지,1,1,1,69680,1.0
2024-06-27,SILVER,반바지,1,1,1,27000,1.0
2024-06-28,FAMILY,남성,8,8,8,454470,1.0
2024-06-28,FAMILY,긴바지,3,3,3,220850,1.0
2024-06-28,FAMILY,라운드티,3,3,3,165910,1.0
2024-06-28,FAMILY,여성,2,2,2,89770,1.0
2024-06-28,FAMILY,셋업,1,1,1,81320,1.0
2024-06-28,SILVER,긴바지,1,1,1,92800,1.0
2024-06-28,SILVER,남성,1,1,1,67000,1.0
2024-06-28,SILVER,라운드티,1,1,1,54200,1.0
2024-06-29,FAMILY,남성,3,3,3,254490,1.0
2024-06-29,FAMILY,자켓/ 베스트,1,1,1,150260,1.0
2024-06-29,FAMILY,긴바지,1,1,1,90540,1.0
2024-06-29,FAMILY,맨투맨/후드티,1,1,1,61070,1.0
2024-06-29,SILVER,긴바지,1,1,1,72140,1.0
2024-06-30,FAMILY,남성,8,8,8,799930,1.0
2024-06-30,FAMILY,셋업,2,2,2,309100,1.0
2024-06-30,FAMILY,라운드티,4,4,4,162280,1.0
2024-06-30,FAMILY,자켓/ 베스트,1,1,1,147000,1.0
2024-06-30,FAMILY,반바지,2,2,3,85580,1.0
2024-06-30,FAMILY,여성,1,1,1,74500,1.0
2024-06-30,FAMILY,가방,1,1,1,51530,1.0
2024-07-01,FAMILY,남성,8,8,10,463490,1.0
2024-07-01,FAMILY,하이킹,1,1,1,123090,1.0
2024-07-01,FAMILY,셋업,1,1,2,101810,1.0
2024-07-01,FAMILY,라운드티,2,2,2,73590,1.0
2024-07-01,FAMILY,UNKNOWN,1,1,1,38220,1.0
2024-07-01,SILVER,긴바지,1,1,1,62370,1.0
2024-07-02,FAMILY,남성,6,6,8,451900,1.0
2024-07-02,FAMILY,셋업,2,2,2,308200,1.0
2024-07-02,FAMILY,긴바지,1,1,1,189000,1.0
2024-07-02,FAMILY,자켓/ 베스트,1,1,1,149300,1.0
2024-07-02,FAMILY,가방,1,1,1,104300,1.0
2024-07-02,FAMILY,반바지,2,2,3,99380,1.0
2024-07-02,FAMILY,여성,1,1,1,59500,1.0
2024-07-02,FAMILY,라운드티,1,1,1,33920,1.0
2024-07-02,SILVER,남성,3,3,3,302890,1.0
2024-07-02,SILVER,긴바지,1,1,1,40830,1.0
2024-07-03,FAMILY,남성,9,4,12,619500,0.4444444444444444
2024-07-03,FAMILY,여성,7,3,7,603300,0.42857142857142855
2024-07-03,FAMILY,긴바지,2,2,3,174100,1.0
2024-07-03,FAMILY,셋업,2,2,2,167960,1.0
2024-07-03,FAMILY,라운드티,3,3,3,146430,1.0
2024-07-03,FAMILY,하이킹,1,1,1,132300,1.0
2024-07-03,FAMILY,자켓/ 베스트,1,1,1,109500,1.0
2024-07-03,FAMILY,등산화,1,1,1,109500,1.0
2024-07-03,FAMILY,반바지,1,1,1,39200,1.0
2024-07-03,FAMILY,UNKNOWN,1,1,1,34500,1.0
2024-07-03,SILVER,셋업,1,1,1,69500,1.0
2024-07-04,FAMILY,긴바지,6,6,7,474220,1.0
2024-07-04,FAMILY,남성,6,6,9,460680,1.0
2024-07-04,FAMILY,바람막이,1,1,3,238500,1.0
2024-07-04,FAMILY,라운드티,1,1,1,19240,1.0
2024-07-04,GOLD,라운드티,1,1,2,74400,1.0
2024-07-04,GOLD,남성,1,1,1,48300,1.0
2024-07-05,FAMILY,남성,7,7,7,368690,1.0
2024-07-05,FAMILY,여성,4,2,5,358770,0.5
2024-07-05,FAMILY,라운드티,5,5,6,255220,1.0
2024-07-05,FAMILY,긴바지,2,2,2,182800,1.0
2024-07-05,FAMILY,하이킹,1,1,1,160300,1.0
2024-07-05,FAMILY,등산화,1,1,1,109500,1.0
2024-07-05,FAMILY,UNKNOWN,1,1,1,60630,1.0
2024-07-05,FAMILY,반바지,2,2,2,57110,1.0
2024-07-05,FAMILY,셋업,1,1,1,45650,1.0
2024-07-05,FAMILY,크로스/토트백,1,1,1,26300,1.0
2024-07-05,SILVER,라운드티,2,2,2,73920,1.0
2024-07-05,SILVER,긴바지,1,1,1,64500,1.0
2024-07-05,SILVER,남성,1,1,2,39000,1.0
2024-07-06,FAMILY,남성,8,8,8,686460,1.0
2024-07-06,FAMILY,셋업,3,3,3,208180,1.0
2024-07-06,FAMILY,라운드티,4,4,5,174700,1.0
2024-07-06,FAMILY,패딩/슬림다운,1,1,1,99500,1.0
2024-07-06,FAMILY,긴바지,1,1,1,75180,1.0
2024-07-06,FAMILY,셔츠,1,1,1,69200,1.0
2024-07-06,FAMILY,반바지,1,1,1,47020,1.0
2024-07-06,FAMILY,여성,1,1,1,34500,1.0
2024-07-06,SILVER,남성,2,1,11,144000,0.5
2024-07-07,FAMILY,남성,3,3,4,196410,1.0
2024-07-07,FAMILY,맨투맨/후드티,1,1,1,62300,1.0
2024-07-07,FAMILY,여성,1,1,2,62000,1.0
2024-07-07,FAMILY,반바지,1,1,1,58800,1.0
2024-07-07,FAMILY,가방,1,1,1,53610,1.0
2024-07-07,FAMILY,라운드티,1,1,1,52330,1.0
2024-07-08,FAMILY,남성,10,9,14,657240,0.9
2024-07-08,FAMILY,여성,4,3,4,365050,0.75
2024-07-08,FAMILY,라운드티,6,6,6,189730,1.0
2024-07-08,FAMILY,셋업,1,1,1,84500,1.0
2024-07-08,FAMILY,UNKNOWN,1,1,1,66030,1.0
2024-07-08,FAMILY,긴바지,1,1,1,64500,1.0
2024-07-08,FAMILY,반바지,1,1,1,42200,1.0
2024-07-08,SILVER,트레일러닝,1,1,1,107840,1.0
2024-07-08,SILVER,바람막이,1,1,1,79500,1.0
2024-07-08,SILVER,남성,1,1,1,48300,1.0
2024-07-09,FAMILY,남성,10,8,13,691160,0.8
2024-07-09,FAMILY,여성,6,2,6,450100,0.3333333333333333
2024-07-09,FAMILY,긴바지,2,2,4,329040,1.0
2024-07-09,FAMILY,라운드티,4,4,5,190130,1.0
2024-07-09,FAMILY,UNKNOWN,1,1,2,179000,1.0
2024-07-09,FAMILY,셋업,1,1,1,36600,1.0
2024-07-09,SILVER,긴바지,1,1,1,69300,1.0
2024-07-09,SILVER,반바지,1,1,1,51970,1.0
2024-07-09,SILVER,셋업,1,1,1,41670,1.0
2024-07-10,FAMILY,남성,9,9,13,474360,1.0
2024-07-10,FAMILY,라운드티,6,6,7,256100,1.0
2024-07-10,FAMILY,긴바지,3,3,4,243050,1.0
2024-07-10,FAMILY,자켓/ 베스트,1,1,1,209300,1.0
2024-07-10,FAMILY,셋업,2,2,2,182560,1.0
2024-07-10,FAMILY,UNKNOWN,2,2,2,119830,1.0
2024-07-10,FAMILY,여성,2,2,2,83940,1.0
2024-07-10,FAMILY,반바지,1,1,1,67620,1.0
2024-07-10,TITANIUM,긴바지,1,1,3,250600,1.0
2024-07-10,TITANIUM,반바지,1,1,2,118500,1.0
2024-07-11,FAMILY,남성,7,7,7,396540,1.0
2024-07-11,FAMILY,셋업,5,5,6,374610,1.0
2024-07-11,FAMILY,라운드티,4,4,4,163550,1.0
2024-07-11,FAMILY,자켓/ 베스트,1,1,1,99500,1.0
2024-07-11,FAMILY,긴바지,1,1,1,80040,1.0
2024-07-11,FAMILY,여성,1,1,1,74500,1.0
2024-07-11,FAMILY,가방,1,1,1,59300,1.0
2024-07-11,FAMILY,UNKNOWN,1,1,1,55640,1.0
2024-07-11,FAMILY,반바지,1,1,1,24500,1.0
2024-07-11,SILVER,긴바지,2,2,3,195870,1.0
2024-07-11,SILVER,라운드티,1,1,3,114920,1.0
2024-07-12,FAMILY,셋업,4,4,4,330170,1.0
2024-07-12,FAMILY,남성,5,5,9,305580,1.0
2024-07-12,FAMILY,라운드티,4,4,5,234880,1.0
2024-07-12,FAMILY,긴바지,2,2,2,153510,1.0
2024-07-12,FAMILY,상의,1,1,1,66360,1.0
2024-07-12,FAMILY,여성,1,1,1,48300,1.0
2024-07-12,FAMILY,햇,1,1,1,23110,1.0
2024-07-12,GOLD,긴바지,1,1,1,47190,1.0
2024-07-12,SILVER,라운드티,1,1,1,35410,1.0
2024-07-13,FAMILY,남성,8,8,10,485620,1.0
2024-07-13,FAMILY,라운드티,5,5,6,287050,1.0
2024-07-13,FAMILY,여성,1,1,1,85820,1.0
2024-07-13,FAMILY,셋업,1,1,1,69500,1.0
2024-07-13,FAMILY,긴바지,1,1,1,49500,1.0
2024-07-13,SILVER,남성,1,1,2,155240,1.0
2024-07-13,SILVER,하이킹,1,1,1,81550,1.0
2024-07-13,SILVER,라운드티,2,2,2,65110,1.0
2024-07-13,SILVER,햇,1,1,1,44710,1.0
2024-07-14,FAMILY,남성,11,10,14,610440,0.9090909090909091
2024-07-14,FAMILY,라운드티,9,9,9,368220,1.0
2024-07-14,FAMILY,긴바지,5,5,5,294170,1.0
2024-07-14,FAMILY,셋업,1,1,1,61370,1.0
2024-07-14,FAMILY,햇,1,1,1,14500,1.0
2024-07-14,GOLD,남성,1,1,1,115500,1.0
2024-07-14,SILVER,라운드티,2,2,4,162700,1.0
2024-07-14,SILVER,반바지,2,2,2,103460,1.0
2024-07-14,SILVER,긴바지,1,1,1,66980,1.0
2024-07-15,FAMILY,남성,9,9,10,613550,1.0
2024-07-15,FAMILY,긴바지,3,3,3,280020,1.0
2024-07-15,FAMILY,여성,3,3,3,137670,1.0
2024-07-15,FAMILY,라운드티,1,1,1,69000,1.0
2024-07-15,FAMILY,셋업,1,1,1,64500,1.0
2024-07-15,FAMILY,UNKNOWN,1,1,1,52720,1.0
2024-07-15,FAMILY,반바지,1,1,1,48200,1.0
2024-07-15,SILVER,긴바지,2,2,2,131600,1.0
2024-07-15,SILVER,라운드티,1,1,1,47200,1.0
2024-07-15,SILVER,반바지,1,1,1,41300,1.0
2024-07-15,SILVER,여성,1,1,1,20000,1.0
2024-07-15,SILVER,남성,1,1,1,14000,1.0
2024-07-16,FAMILY,남성,8,8,8,370970,1.0
2024-07-16,FAMILY,긴바지,3,3,3,196600,1.0
2024-07-16,FAMILY,라운드티,3,3,3,153740,1.0
2024-07-16,FAMILY,여성,2,2,11,134550,1.0
2024-07-16,FAMILY,등산화,1,1,1,79500,1.0
2024-07-16,FAMILY,셋업,1,1,1,46300,1.0
2024-07-16,FAMILY,UNKNOWN,1,1,1,34500,1.0
2024-07-16,SILVER,라운드티,2,2,3,89920,1.0
2024-07-16,SILVER,UNKNOWN,1,1,1,54230,1.0
2024-07-17,FAMILY,긴바지,6,6,7,647110,1.0
2024-07-17,FAMILY,남성,9,9,12,517480,1.0
2024-07-17,FAMILY,셋업,3,3,3,403760,1.0
2024-07-17,FAMILY,라운드티,3,3,3,140230,1.0
2024-07-17,FAMILY,하이킹,1,1,1,124320,1.0
2024-07-17,FAMILY,가방,1,1,1,60540,1.0
2024-07-17,FAMILY,반바지,1,1,1,24500,1.0
2024-07-17,GOLD,남성,1,1,1,47530,1.0
2024-07-17,SILVER,라운드티,1,1,3,83500,1.0
2024-07-17,SILVER,여성,1,1,1,74500,1.0
2024-07-17,SILVER,반바지,1,1,1,39500,1.0
2024-07-17,TITANIUM,남성,1,1,1,19150,1.0
2024-07-18,FAMILY,남성,14,14,14,721740,1.0
2024-07-18,FAMILY,라운드티,10,10,12,536200,1.0
2024-07-18,FAMILY,여성,4,4,4,529980,1.0
2024-07-18,FAMILY,긴바지,6,6,6,444710,1.0
2024-07-18,FAMILY,바람막이,2,2,2,238780,1.0
2024-07-18,FAMILY,등산화,1,1,1,131570,1.0
2024-07-18,FAMILY,상의,2,2,2,110780,1.0
2024-07-18,FAMILY,반바지,2,2,2,88170,1.0
2024-07-18,FAMILY,방수자켓,1,1,1,76670,1.0
2024-07-18,FAMILY,UNKNOWN,1,1,1,61800,1.0
2024-07-18,FAMILY,셋업,1,1,1,55300,1.0
2024-07-18,FAMILY,햇,1,1,1,39000,1.0
2024-07-19,FAMILY,남성,6,6,8,466100,1.0
2024-07-19,FAMILY,긴바지,3,3,4,282690,1.0
2024-07-19,FAMILY,라운드티,4,4,4,183650,1.0
2024-07-19,FAMILY,셔츠,1,1,1,62110,1.0
2024-07-19,FAMILY,반바지,1,1,1,55140,1.0
2024-07-19,FAMILY,셋업,1,1,1,51720,1.0
2024-07-19,FAMILY,가방,1,1,1,50840,1.0
2024-07-19,FAMILY,UNKNOWN,1,1,1,31630,1.0
2024-07-19,GOLD,남성,1,1,1,119200,1.0
2024-07-19,SILVER,남성,1,1,2,205270,1.0
2024-07-19,SILVER,UNKNOWN,1,1,1,62100,1.0
2024-07-19,SILVER,긴바지,1,1,1,53840,1.0
2024-07-20,FAMILY,남성,10,10,11,847900,1.0
2024-07-20,FAMILY,라운드티,6,6,7,318020,1.0
2024-07-20,FAMILY,긴바지,3,3,3,217780,1.0
2024-07-20,FAMILY,UNKNOWN,1,1,1,161100,1.0
2024-07-20,FAMILY,여성,2,2,2,144660,1.0
2024-07-20,FAMILY,셋업,1,1,1,83300,1.0
2024-07-20,FAMILY,반바지,1,1,1,32160,1.0
2024-07-20,FAMILY,크로스/토트백,1,1,1,24750,1.0
2024-07-20,SILVER,남성,1,1,2,122330,1.0
2024-07-20,SILVER,반바지,1,1,1,46470,1.0
2024-07-21,FAMILY,남성,11,11,14,667440,1.0
2024-07-21,FAMILY,라운드티,6,6,10,383500,1.0
2024-07-21,FAMILY,방수자켓,1,1,2,180600,1.0
2024-07-21,FAMILY,긴바지,2,2,2,137970,1.0
2024-07-21,FAMILY,바람막이,1,1,1,106470,1.0
2024-07-21,FAMILY,UNKNOWN,2,2,2,95230,1.0
2024-07-21,FAMILY,셋업,1,1,1,43690,1.0
2024-07-21,FAMILY,반바지,1,1,1,28940,1.0
2024-07-21,SILVER,남성,2,2,2,38760,1.0
2024-07-22,FAMILY,남성,5,5,6,356720,1.0
2024-07-22,FAMILY,라운드티,3,3,6,308020,1.0
2024-07-22,FAMILY,긴바지,3,3,3,184630,1.0
2024-07-22,FAMILY,하이킹,1,1,1,125560,1.0
2024-07-22,FAMILY,셋업,1,1,1,78650,1.0
2024-07-22,FAMILY,반바지,2,2,2,70560,1.0
2024-07-22,FAMILY,크로스/토트백,1,1,1,27500,1.0
2024-07-23,FAMILY,남성,7,7,9,412530,1.0
2024-07-23,FAMILY,셋업,3,3,3,219050,1.0
2024-07-23,FAMILY,라운드티,3,3,3,117810,1.0
2024-07-23,FAMILY,긴바지,1,1,1,66000,1.0
2024-07-23,FAMILY,UNKNOWN,1,1,1,53440,1.0
2024-07-23,FAMILY,햇,1,1,1,29000,1.0
2024-07-23,FAMILY,크로스/토트백,1,1,1,27500,1.0
2024-07-23,FAMILY,여성,1,1,1,10000,1.0
2024-07-23,SILVER,라운드티,1,1,1,62100,1.0
2024-07-23,SILVER,남성,2,2,2,60140,1.0
2024-07-24,FAMILY,남성,6,6,6,442150,1.0
2024-07-24,FAMILY,라운드티,3,3,3,167140,1.0
2024-07-24,FAMILY,셋업,1,1,1,128010,1.0
2024-07-24,FAMILY,여성,1,1,1,118210,1.0
2024-07-24,FAMILY,긴바지,1,1,1,69300,1.0
2024-07-24,FAMILY,가방,1,1,1,60830,1.0
2024-07-24,FAMILY,UNKNOWN,1,1,1,37000,1.0
2024-07-24,GOLD,긴바지,1,1,1,116880,1.0
2024-07-24,GOLD,라운드티,1,1,2,88780,1.0
2024-07-24,SILVER,남성,1,1,3,166890,1.0
2024-07-24,SILVER,라운드티,1,1,1,51640,1.0
2024-07-25,FAMILY,남성,10,10,13,560560,1.0
2024-07-25,FAMILY,셋업,4,4,6,317040,1.0
2024-07-25,FAMILY,라운드티,5,5,6,235000,1.0
2024-07-25,FAMILY,여성,1,1,1,109200,1.0
2024-07-25,FAMILY,자켓/ 베스트,1,1,1,107000,1.0
2024-07-25,FAMILY,반바지,2,2,2,69990,1.0
2024-07-25,FAMILY,긴바지,1,1,1,59430,1.0
2024-07-25,GOLD,남성,1,1,1,64300,1.0
2024-07-26,FAMILY,남성,12,12,19,832660,1.0
2024-07-26,FAMILY,라운드티,4,4,6,282370,1.0
2024-07-26,FAMILY,긴바지,3,3,4,244250,1.0
2024-07-26,FAMILY,여성,2,2,2,235550,1.0
2024-07-26,FAMILY,등산화,1,1,1,150410,1.0
2024-07-26,FAMILY,반바지,2,2,2,71580,1.0
2024-07-26,FAMILY,셔츠,1,1,1,69320,1.0
2024-07-26,FAMILY,셋업,1,1,1,62300,1.0
2024-07-26,FAMILY,UNKNOWN,1,1,1,59000,1.0
2024-07-26,FAMILY,햇,1,1,1,45500,1.0
2024-07-27,FAMILY,남성,5,5,6,370440,1.0
2024-07-27,FAMILY,셋업,2,2,2,156130,1.0
2024-07-27,FAMILY,라운드티,2,2,2,95140,1.0
2024-07-27,FAMILY,카고/조거,1,1,1,81880,1.0
2024-07-27,FAMILY,반바지,1,1,1,62090,1.0
2024-07-27,FAMILY,긴바지,1,1,1,60510,1.0
2024-07-27,FAMILY,UNKNOWN,1,1,1,55200,1.0
2024-07-27,FAMILY,여성,1,1,1,43600,1.0
2024-07-27,SILVER,라운드티,1,1,1,34250,1.0
2024-07-27,SILVER,여성,1,1,1,33910,1.0
2024-07-28,FAMILY,남성,5,5,5,423660,1.0
2024-07-28,FAMILY,라운드티,4,3,4,231330,0.75
2024-07-28,FAMILY,자켓/ 베스트,1,1,1,201250,1.0
2024-07-28,FAMILY,긴바지,2,2,2,184850,1.0
2024-07-28,FAMILY,셋업,1,1,1,64500,1.0
2024-07-28,FAMILY,맨투맨/후드티,1,1,1,59550,1.0
2024-07-28,FAMILY,반바지,1,1,1,55300,1.0
2024-07-28,FAMILY,여성,1,1,1,36300,1.0
2024-07-28,SILVER,라운드티,2,2,4,157290,1.0
2024-07-29,FAMILY,남성,6,6,9,318570,1.0
2024-07-29,FAMILY,등산화,1,1,1,143200,1.0
2024-07-29,FAMILY,셔츠,2,2,2,142400,1.0
2024-07-29,FAMILY,가방,2,2,2,140070,1.0
2024-07-29,FAMILY,UNKNOWN,2,2,2,135900,1.0
2024-07-29,FAMILY,라운드티,3,3,3,100030,1.0
2024-07-29,FAMILY,바람막이,1,1,1,84500,1.0
2024-07-29,FAMILY,긴바지,1,1,1,64480,1.0
2024-07-29,FAMILY,셋업,1,1,1,48300,1.0
2024-07-29,FAMILY,반바지,1,1,1,39200,1.0
2024-07-29,SILVER,라운드티,1,1,2,91460,1.0
2024-07-30,FAMILY,남성,10,10,25,1033700,1.0
2024-07-30,FAMILY,긴바지,3,3,3,203120,1.0
2024-07-30,FAMILY,라운드티,3,3,3,117290,1.0
2024-07-30,FAMILY,여성,2,2,2,100090,1.0
2024-07-30,FAMILY,반바지,2,2,2,79950,1.0
2024-07-30,FAMILY,등산화,1,1,1,79500,1.0
2024-07-30,FAMILY,카고/조거,1,1,1,58550,1.0
2024-07-30,FAMILY,맨투맨/후드티,1,1,1,53780,1.0
2024-07-30,FAMILY,볼캡,1,1,1,15780,1.0
2024-07-30,GOLD,남성,1,1,1,149860,1.0
2024-07-30,SILVER,자켓/ 베스트,1,1,1,97000,1.0
2024-07-30,SILVER,반바지,1,1,1,38110,1.0
2024-07-31,FAMILY,가방,1,1,5,415000,1.0
2024-07-31,FAMILY,셋업,1,1,2,173140,1.0
2024-07-31,FAMILY,남성,4,4,4,108330,1.0
2024-07-31,FAMILY,라운드티,2,2,3,106200,1.0
2024-07-31,FAMILY,맨투맨/후드티,1,1,1,62300,1.0
2024-07-31,FAMILY,반바지,1,1,1,32560,1.0
2024-07-31,FAMILY,볼캡,1,1,1,28490,1.0
2024-07-31,FAMILY,크로스/토트백,1,1,1,27010,1.0
2024-07-31,SILVER,남성,1,1,1,138940,1.0
2024-07-31,SILVER,라운드티,1,1,1,49990,1.0
2024-08-01,FAMILY,라운드티,5,5,6,197360,1.0
2024-08-01,FAMILY,긴바지,1,1,3,178500,1.0
2024-08-01,FAMILY,여성,2,2,2,131540,1.0
2024-08-01,FAMILY,하이킹,1,1,1,94500,1.0
2024-08-01,FAMILY,남성,3,2,3,93630,0.6666666666666666
2024-08-01,FAMILY,바람막이,1,1,1,79500,1.0
2024-08-01,FAMILY,셋업,1,1,1,69500,1.0
2024-08-01,FAMILY,상의,1,1,1,61210,1.0
2024-08-01,SILVER,남성,1,1,3,215640,1.0
2024-08-01,SILVER,라운드티,2,2,2,72970,1.0
2024-08-01,SILVER,긴바지,1,1,1,56070,1.0
2024-08-01,SILVER,맨투맨/후드티,1,1,1,56070,1.0
2024-08-02,FAMILY,남성,9,9,10,466380,1.0
2024-08-02,FAMILY,라운드티,4,4,7,278720,1.0
2024-08-02,FAMILY,자켓/ 베스트,1,1,1,99790,1.0
2024-08-02,FAMILY,방수자켓,1,1,1,89390,1.0
2024-08-02,FAMILY,가방,1,1,1,83490,1.0
2024-08-02,FAMILY,맨투맨/후드티,1,1,1,62300,1.0
2024-08-02,FAMILY,긴바지,1,1,1,54500,1.0
2024-08-02,FAMILY,UNKNOWN,1,1,1,47080,1.0
2024-08-02,FAMILY,여성,1,1,1,45040,1.0
2024-08-02,FAMILY,셋업,1,1,1,39500,1.0
2024-08-02,FAMILY,반바지,1,1,1,38810,1.0
2024-08-03,FAMILY,라운드티,6,6,6,242540,1.0
2024-08-03,FAMILY,남성,4,4,4,220210,1.0
2024-08-03,FAMILY,등산화,1,1,1,113140,1.0
2024-08-03,FAMILY,셋업,1,1,1,76710,1.0
2024-08-03,FAMILY,긴바지,1,1,1,68670,1.0
2024-08-03,FAMILY,UNKNOWN,1,1,1,49680,1.0
2024-08-03,FAMILY,반바지,1,1,1,39200,1.0
2024-08-03,GOLD,UNKNOWN,1,1,1,45760,1.0
2024-08-03,SILVER,남성,1,1,1,101890,1.0
2024-08-04,FAMILY,남성,7,7,8,391330,1.0
2024-08-04,FAMILY,셋업,1,1,1,51330,1.0
2024-08-04,FAMILY,라운드티,1,1,1,37170,1.0
2024-08-04,SILVER,라운드티,1,1,1,64800,1.0
2024-08-05,FAMILY,남성,5,5,5,200640,1.0
2024-08-05,FAMILY,라운드티,3,3,5,199630,1.0
2024-08-05,FAMILY,여성,1,1,1,79600,1.0
2024-08-05,FAMILY,카고/조거,1,1,1,54500,1.0
2024-08-05,FAMILY,긴바지,1,1,1,51060,1.0
2024-08-05,GOLD,남성,1,1,2,35800,1.0
2024-08-05,SILVER,셋업,2,2,2,203400,1.0
2024-08-05,SILVER,라운드티,1,1,1,40640,1.0
2024-08-06,FAMILY,남성,7,7,8,598380,1.0
2024-08-06,FAMILY,라운드티,2,2,2,85770,1.0
2024-08-06,FAMILY,셋업,1,1,1,61020,1.0
2024-08-06,GOLD,긴바지,1,1,1,73730,1.0
2024-08-06,GOLD,라운드티,1,1,1,45610,1.0
2024-08-06,GOLD,남성,1,1,1,9660,1.0
2024-08-06,SILVER,남성,4,4,5,335190,1.0
2024-08-06,SILVER,등산화,1,1,1,135200,1.0
2024-08-06,SILVER,UNKNOWN,1,1,1,44500,1.0
2024-08-06,SILVER,라운드티,1,1,1,39500,1.0
2024-08-07,FAMILY,남성,7,7,9,420930,1.0
2024-08-07,FAMILY,라운드티,2,2,3,148640,1.0
2024-08-07,FAMILY,여성,1,1,1,75990,1.0
2024-08-07,FAMILY,반바지,1,1,1,45200,1.0
2024-08-07,FAMILY,상의,1,1,1,39110,1.0
2024-08-07,FAMILY,UNKNOWN,1,1,1,34500,1.0
2024-08-07,GOLD,남성,1,1,1,47200,1.0
2024-08-07,SILVER,남성,1,1,1,79200,1.0
2024-08-08,FAMILY,남성,16,16,20,947880,1.0
2024-08-08,FAMILY,셋업,3,3,4,244290,1.0
2024-08-08,FAMILY,긴바지,2,2,2,158620,1.0
2024-08-08,FAMILY,반바지,3,3,3,126390,1.0
2024-08-08,FAMILY,라운드티,1,1,1,35620,1.0
2024-08-08,GOLD,라운드티,1,1,2,122660,1.0
2024-08-08,GOLD,긴바지,1,1,1,74040,1.0
2024-08-08,SILVER,긴바지,1,1,1,60910,1.0
2024-08-08,SILVER,라운드티,1,1,1,34450,1.0
2024-08-08,TITANIUM,라운드티,1,1,2,88500,1.0
2024-08-08,TITANIUM,셋업,1,1,1,83300,1.0
2024-08-09,FAMILY,남성,10,10,12,702060,1.0
2024-08-09,FAMILY,라운드티,3,3,4,169200,1.0
2024-08-09,FAMILY,자켓/ 베스트,1,1,1,108180,1.0
2024-08-09,FAMILY,긴바지,1,1,1,49500,1.0
2024-08-09,FAMILY,셋업,1,1,1,39500,1.0
2024-08-09,FAMILY,반바지,1,1,1,39200,1.0
2024-08-09,FAMILY,UNKNOWN,1,1,1,22000,1.0
2024-08-09,SILVER,UNKNOWN,2,1,25,1112500,0.5
2024-08-09,SILVER,남성,1,1,8,356000,1.0
2024-08-10,FAMILY,남성,8,8,20,432300,1.0
2024-08-10,FAMILY,긴바지,2,2,2,188300,1.0
2024-08-10,FAMILY,바람막이,1,1,1,98320,1.0
2024-08-10,FAMILY,하이킹,1,1,1,80470,1.0
2024-08-10,FAMILY,라운드티,2,2,2,65700,1.0
2024-08-10,FAMILY,반바지,1,1,1,35000,1.0
2024-08-10,FAMILY,여성,1,1,1,10000,1.0
2024-08-10,SILVER,가방,2,2,2,137240,1.0
2024-08-10,SILVER,UNKNOWN,1,1,1,35890,1.0
2024-08-11,FAMILY,남성,5,5,6,205530,1.0
2024-08-11,FAMILY,UNKNOWN,1,1,1,95670,1.0
2024-08-11,FAMILY,가방,1,1,1,86700,1.0
2024-08-11,FAMILY,라운드티,1,1,2,77270,1.0
2024-08-11,FAMILY,긴바지,1,1,1,69300,1.0
2024-08-11,FAMILY,상의,1,1,1,66120,1.0
2024-08-11,FAMILY,여성,1,1,1,40000,1.0
2024-08-11,FAMILY,셋업,1,1,1,37530,1.0
2024-08-12,FAMILY,남성,7,7,7,266610,1.0
2024-08-12,FAMILY,라운드티,4,4,4,168620,1.0
2024-08-12,FAMILY,여성,1,1,1,12280,1.0
2024-08-12,SILVER,남성,1,1,4,276000,1.0
2024-08-13,FAMILY,남성,6,6,7,505440,1.0
2024-08-13,FAMILY,하이킹,1,1,2,210000,1.0
2024-08-13,FAMILY,긴바지,2,2,2,207300,1.0
2024-08-13,FAMILY,가방,1,1,2,166000,1.0
2024-08-13,FAMILY,셋업,1,1,2,129000,1.0
2024-08-13,FAMILY,UNKNOWN,1,1,1,69000,1.0
2024-08-13,FAMILY,폴로/집업티,1,1,1,62300,1.0
2024-08-13,FAMILY,반바지,2,2,2,57040,1.0
2024-08-13,FAMILY,라운드티,1,1,1,39220,1.0
2024-08-14,FAMILY,남성,8,8,16,852220,1.0
2024-08-14,FAMILY,여성,2,2,3,233620,1.0
2024-08-14,FAMILY,긴바지,1,1,2,138600,1.0
2024-08-14,FAMILY,셋업,1,1,1,135200,1.0
2024-08-14,FAMILY,라운드티,3,3,3,103460,1.0
2024-08-14,FAMILY,UNKNOWN,1,1,1,52910,1.0
2024-08-14,SILVER,남성,1,1,1,36050,1.0
2024-08-14,SILVER,라운드티,1,1,1,35330,1.0
2024-08-15,FAMILY,남성,4,4,4,267060,1.0
2024-08-15,FAMILY,셋업,1,1,1,100330,1.0
2024-08-15,FAMILY,라운드티,1,1,2,91000,1.0
2024-08-15,FAMILY,긴바지,1,1,1,54540,1.0
2024-08-15,GOLD,등산화,1,1,1,141690,1.0
2024-08-15,GOLD,라운드티,1,1,1,65810,1.0
2024-08-16,FAMILY,남성,5,5,5,294600,1.0
2024-08-16,FAMILY,여성,1,1,1,77430,1.0
2024-08-16,FAMILY,상의,1,1,1,54370,1.0
2024-08-16,GOLD,남성,1,1,1,59750,1.0
2024-08-16,GOLD,UNKNOWN,1,1,1,37600,1.0
2024-08-16,SILVER,셋업,1,1,1,42450,1.0
2024-08-17,FAMILY,남성,4,4,4,299910,1.0
2024-08-17,FAMILY,셋업,2,2,2,137420,1.0
2024-08-17,FAMILY,라운드티,3,3,3,110030,1.0
2024-08-17,FAMILY,상의,1,1,1,57540,1.0
2024-08-17,FAMILY,맨투맨/후드티,1,1,1,52140,1.0
2024-08-17,SILVER,남성,1,1,1,36670,1.0
2024-08-18,FAMILY,남성,5,5,7,393200,1.0
2024-08-18,FAMILY,자켓/ 베스트,1,1,1,196000,1.0
2024-08-18,FAMILY,라운드티,2,2,2,78290,1.0
2024-08-18,FAMILY,셋업,1,1,1,32030,1.0
2024-08-18,GOLD,라운드티,1,1,2,74740,1.0
2024-08-18,SILVER,여성,1,1,1,104390,1.0
2024-08-18,SILVER,UNKNOWN,1,1,1,67190,1.0
2024-08-19,FAMILY,남성,6,6,7,369790,1.0
2024-08-19,FAMILY,라운드티,4,4,5,206740,1.0
2024-08-19,FAMILY,등산화,1,1,1,109500,1.0
2024-08-19,FAMILY,하이킹,1,1,1,83000,1.0
2024-08-19,FAMILY,긴바지,1,1,1,57210,1.0
2024-08-19,SILVER,남성,2,2,7,101500,1.0
2024-08-19,SILVER,긴바지,1,1,1,76300,1.0
2024-08-20,FAMILY,남성,9,9,10,774230,1.0
2024-08-20,FAMILY,등산화,1,1,1,173310,1.0
2024-08-20,FAMILY,여성,1,1,1,79500,1.0
2024-08-20,FAMILY,UNKNOWN,1,1,1,71400,1.0
2024-08-20,FAMILY,반바지,2,2,2,64500,1.0
2024-08-20,FAMILY,라운드티,1,1,1,24500,1.0
2024-08-20,SILVER,남성,2,2,2,51910,1.0
2024-08-20,SILVER,반바지,1,1,1,48820,1.0
2024-08-21,FAMILY,남성,6,6,7,257610,1.0
2024-08-21,FAMILY,긴바지,2,2,2,144510,1.0
2024-08-21,FAMILY,라운드티,3,3,3,117120,1.0
2024-08-21,FAMILY,상의,1,1,1,64040,1.0
2024-08-21,FAMILY,여성,2,2,2,56060,1.0
2024-08-21,FAMILY,볼캡,1,1,1,27340,1.0
2024-08-21,FAMILY,UNKNOWN,1,1,1,25310,1.0
2024-08-21,GOLD,남성,1,1,1,47200,1.0
2024-08-21,SILVER,남성,1,1,3,154710,1.0
2024-08-21,SILVER,긴바지,1,1,1,76300,1.0
2024-08-22,FAMILY,남성,12,12,16,1460550,1.0
2024-08-22,FAMILY,등산화,2,2,2,314540,1.0
2024-08-22,FAMILY,라운드티,3,3,3,114710,1.0
2024-08-22,FAMILY,반바지,2,2,2,88300,1.0
2024-08-22,FAMILY,긴바지,1,1,1,76300,1.0
2024-08-22,SILVER,긴바지,1,1,1,62200,1.0
2024-08-22,SILVER,남성,1,1,1,48300,1.0
2024-08-22,SILVER,라운드티,1,1,1,43350,1.0
2024-08-23,FAMILY,등산화,2,2,2,336590,1.0
2024-08-23,FAMILY,남성,3,3,3,261250,1.0
2024-08-23,FAMILY,긴바지,1,1,1,114740,1.0
2024-08-23,FAMILY,라운드티,2,2,2,99940,1.0
2024-08-23,FAMILY,셋업,1,1,1,72520,1.0
2024-08-23,FAMILY,가방,1,1,1,57770,1.0
2024-08-23,FAMILY,UNKNOWN,1,1,1,44500,1.0
2024-08-24,FAMILY,남성,2,2,2,185300,1.0
2024-08-24,FAMILY,셋업,1,1,1,134210,1.0
2024-08-24,FAMILY,라운드티,2,2,3,121350,1.0
2024-08-24,FAMILY,바람막이,1,1,1,117430,1.0
2024-08-24,FAMILY,여성,1,1,2,88000,1.0
2024-08-24,FAMILY,긴바지,1,1,1,69300,1.0
2024-08-24,SILVER,긴바지,1,1,1,57830,1.0
2024-08-25,FAMILY,남성,9,9,12,799910,1.0
2024-08-25,FAMILY,여성,2,2,2,216500,1.0
2024-08-25,FAMILY,라운드티,4,4,4,157640,1.0
2024-08-25,FAMILY,등산화,1,1,1,109500,1.0
2024-08-25,FAMILY,긴바지,1,1,1,98950,1.0
2024-08-25,FAMILY,셋업,1,1,1,61440,1.0
2024-08-25,FAMILY,반바지,1,1,1,39950,1.0
2024-08-25,SILVER,남성,1,1,2,338000,1.0
2024-08-25,SILVER,반바지,1,1,1,26260,1.0
2024-08-26,FAMILY,남성,6,6,10,611940,1.0
2024-08-26,FAMILY,긴바지,2,2,2,121080,1.0
2024-08-26,FAMILY,셋업,1,1,1,115120,1.0
2024-08-26,FAMILY,라운드티,2,2,3,102680,1.0
2024-08-26,FAMILY,맨투맨/후드티,1,1,1,62300,1.0
2024-08-26,FAMILY,상의,1,1,1,59700,1.0
2024-08-26,FAMILY,볼캡,1,1,1,25510,1.0
2024-08-26,GOLD,상의,1,1,1,61330,1.0
2024-08-26,SILVER,트레일러닝,1,1,1,100660,1.0
2024-08-27,FAMILY,남성,10,9,32,2435880,0.9
2024-08-27,FAMILY,하이킹,1,1,1,128590,1.0
2024-08-27,FAMILY,바람막이,1,1,1,99780,1.0
2024-08-27,FAMILY,라운드티,2,2,2,87800,1.0
2024-08-27,FAMILY,여성,1,1,1,58480,1.0
2024-08-27,FAMILY,액세서리,1,1,1,4940,1.0
2024-08-27,SILVER,남성,1,1,1,29000,1.0
2024-08-28,FAMILY,남성,8,8,10,514810,1.0
2024-08-28,FAMILY,등산화,1,1,1,160650,1.0
2024-08-28,FAMILY,라운드티,3,3,4,158400,1.0
2024-08-28,SILVER,남성,1,1,4,210000,1.0
2024-08-28,SILVER,여성,1,1,1,79500,1.0
2024-08-28,SILVER,라운드티,1,1,1,39500,1.0
2024-08-28,SILVER,UNKNOWN,1,1,1,34500,1.0
2024-08-29,FAMILY,남성,5,5,6,250640,1.0
2024-08-29,FAMILY,여성,1,1,2,159200,1.0
2024-08-29,FAMILY,긴바지,2,2,2,149030,1.0
2024-08-29,FAMILY,가방,1,1,1,75340,1.0
2024-08-29,FAMILY,라운드티,1,1,1,44210,1.0
2024-08-29,SILVER,긴바지,1,1,1,59170,1.0
2024-08-30,FAMILY,남성,10,10,16,681960,1.0
2024-08-30,FAMILY,자켓/ 베스트,1,1,1,195030,1.0
2024-08-30,FAMILY,바람막이,2,2,2,185780,1.0
2024-08-30,FAMILY,긴바지,1,1,1,85620,1.0
2024-08-30,FAMILY,여성,1,1,2,74000,1.0
2024-08-30,FAMILY,가방,1,1,1,71970,1.0
2024-08-30,FAMILY,라운드티,2,2,2,69130,1.0
2024-08-30,FAMILY,방수자켓,1,1,1,64500,1.0
2024-08-30,GOLD,남성,1,1,4,160000,1.0
2024-08-30,SILVER,가방,1,1,1,73160,1.0
2024-08-31,FAMILY,라운드티,5,5,7,293290,1.0
2024-08-31,FAMILY,남성,5,5,5,230440,1.0
2024-08-31,FAMILY,자켓/ 베스트,2,2,2,200210,1.0
2024-08-31,FAMILY,셋업,1,1,3,162020,1.0
2024-08-31,FAMILY,반바지,1,1,2,87940,1.0
2024-08-31,FAMILY,패딩/슬림다운,1,1,1,74500,1.0
2024-08-31,FAMILY,긴바지,1,1,1,55970,1.0
2024-08-31,FAMILY,UNKNOWN,1,1,1,33560,1.0
2024-08-31,SILVER,남성,1,1,1,44500,1.0
2024-09-01,FAMILY,남성,5,5,6,336370,1.0
2024-09-01,FAMILY,셋업,2,1,4,292740,0.5
2024-09-01,FAMILY,긴바지,3,3,3,202480,1.0
2024-09-01,FAMILY,라운드티,2,2,4,155290,1.0
2024-09-01,FAMILY,자켓/ 베스트,1,1,1,130780,1.0
2024-09-01,FAMILY,등산화,1,1,1,95970,1.0
2024-09-01,FAMILY,셔츠,1,1,1,68190,1.0
2024-09-01,FAMILY,크로스/토트백,1,1,1,31980,1.0
2024-09-01,FAMILY,볼캡,1,1,1,28100,1.0
2024-09-01,SILVER,남성,2,2,3,316200,1.0
2024-09-01,SILVER,여성,1,1,1,125480,1.0
2024-09-01,SILVER,긴바지,1,1,1,56120,1.0
2024-09-02,FAMILY,남성,7,7,11,485590,1.0
2024-09-02,FAMILY,여성,1,1,2,69000,1.0
2024-09-02,FAMILY,반바지,1,1,1,51020,1.0
2024-09-02,FAMILY,라운드티,1,1,1,38300,1.0
2024-09-02,SILVER,남성,1,1,2,94570,1.0
2024-09-02,SILVER,긴바지,1,1,1,74350,1.0
2024-09-03,FAMILY,남성,19,19,23,803430,1.0
2024-09-03,FAMILY,라운드티,6,6,7,238050,1.0
2024-09-03,FAMILY,하이킹,2,2,2,183780,1.0
2024-09-03,FAMILY,여성,3,3,3,120130,1.0
2024-09-03,FAMILY,상의,2,2,2,113300,1.0
2024-09-03,FAMILY,셋업,2,2,2,106550,1.0
2024-09-03,FAMILY,바람막이,1,1,1,79040,1.0
2024-09-03,FAMILY,맨투맨/후드티,1,1,1,50320,1.0
2024-09-03,FAMILY,긴바지,1,1,1,49500,1.0
2024-09-03,SILVER,남성,2,2,2,148880,1.0
2024-09-03,SILVER,자켓/ 베스트,1,1,1,128900,1.0
2024-09-04,FAMILY,라운드티,6,6,6,317080,1.0
2024-09-04,FAMILY,남성,8,8,9,304230,1.0
2024-09-04,FAMILY,자켓/ 베스트,2,2,2,166610,1.0
2024-09-04,FAMILY,여성,1,1,1,137520,1.0
2024-09-04,FAMILY,긴바지,2,2,2,128560,1.0
2024-09-04,FAMILY,바람막이,1,1,1,85550,1.0
2024-09-04,FAMILY,자켓/베스트,1,1,1,72530,1.0
2024-09-04,FAMILY,셋업,1,1,1,69350,1.0
2024-09-04,FAMILY,반바지,1,1,1,28050,1.0
2024-09-04,FAMILY,액세서리,1,1,1,8110,1.0
2024-09-04,SILVER,남성,2,2,2,153850,1.0
2024-09-04,SILVER,라운드티,2,2,3,146100,1.0
2024-09-05,FAMILY,남성,14,14,24,1055100,1.0
2024-09-05,FAMILY,긴바지,5,5,5,335660,1.0
2024-09-05,FAMILY,등산화,2,2,2,261650,1.0
2024-09-05,FAMILY,패딩/슬림다운,1,1,1,100890,1.0
2024-09-05,FAMILY,자켓/ 베스트,1,1,1,94740,1.0
2024-09-05,FAMILY,하이킹,1,1,1,78540,1.0
2024-09-05,FAMILY,라운드티,1,1,1,39200,1.0
2024-09-05,FAMILY,액세서리,1,1,1,5500,1.0
2024-09-05,SILVER,남성,1,1,2,110460,1.0
2024-09-05,SILVER,자켓/베스트,1,1,1,85050,1.0
2024-09-05,SILVER,가방,1,1,1,81990,1.0
2024-09-05,SILVER,셋업,1,1,1,75930,1.0
2024-09-06,FAMILY,남성,5,5,9,379770,1.0
2024-09-06,FAMILY,긴바지,3,3,3,161420,1.0
2024-09-06,FAMILY,하이킹,1,1,1,80130,1.0
2024-09-06,FAMILY,라운드티,1,1,2,59000,1.0
2024-09-06,SILVER,남성,1,1,1,7500,1.0
2024-09-07,FAMILY,남성,3,3,3,192390,1.0
2024-09-07,FAMILY,긴바지,2,2,2,129730,1.0
2024-09-07,FAMILY,여성,1,1,1,123920,1.0
2024-09-07,FAMILY,카고/조거,1,1,1,104700,1.0
2024-09-07,FAMILY,트레일러닝,1,1,1,99000,1.0
2024-09-07,FAMILY,가방,1,1,1,64910,1.0
2024-09-07,FAMILY,라운드티,1,1,1,29500,1.0
2024-09-07,FAMILY,반바지,1,1,1,17570,1.0
2024-09-07,FAMILY,액세서리,1,1,2,15550,1.0
2024-09-07,SILVER,바람막이,1,1,1,118740,1.0
2024-09-07,SILVER,셋업,1,1,1,53100,1.0
2024-09-07,SILVER,라운드티,1,1,1,47200,1.0
2024-09-08,FAMILY,남성,18,18,21,676010,1.0
2024-09-08,FAMILY,긴바지,3,3,3,190780,1.0
2024-09-08,FAMILY,라운드티,4,4,5,158640,1.0
2024-09-08,FAMILY,자켓/ 베스트,1,1,1,87080,1.0
2024-09-08,FAMILY,반바지,2,2,2,72950,1.0
2024-09-08,FAMILY,바람막이,1,1,1,66150,1.0
2024-09-08,FAMILY,여성,1,1,1,58000,1.0
2024-09-08,SILVER,라운드티,1,1,5,200570,1.0
2024-09-08,SILVER,셋업,1,1,3,182350,1.0
2024-09-08,SILVER,남성,3,3,6,132060,1.0
2024-09-08,SILVER,긴바지,1,1,1,65530,1.0
2024-09-08,SILVER,상의,1,1,1,60900,1.0
2024-09-08,SILVER,반바지,1,1,1,36720,1.0
2024-09-08,SILVER,액세서리,1,1,1,5500,1.0
2024-09-09,FAMILY,남성,5,5,7,411900,1.0
2024-09-09,FAMILY,긴바지,3,3,5,401520,1.0
2024-09-09,FAMILY,여성,1,1,1,174500,1.0
2024-09-09,FAMILY,라운드티,3,3,3,115980,1.0
2024-09-09,FAMILY,등산화,1,1,1,109500,1.0
2024-09-10,FAMILY,남성,6,6,7,699700,1.0
2024-09-10,FAMILY,등산화,1,1,1,109500,1.0
2024-09-10,FAMILY,라운드티,1,1,2,105500,1.0
2024-09-10,FAMILY,폴로티/집업,1,1,2,79000,1.0
2024-09-10,FAMILY,긴바지,1,1,1,67240,1.0
2024-09-10,FAMILY,셋업,1,1,1,62300,1.0
2024-09-10,FAMILY,UNKNOWN,1,1,1,44500,1.0
2024-09-10,GOLD,패딩/슬림다운,1,1,1,101540,1.0
2024-09-10,GOLD,긴바지,1,1,1,57710,1.0
2024-09-10,GOLD,맨투맨/후드티,1,1,1,57520,1.0
2024-09-10,SILVER,방수자켓,1,1,1,80630,1.0
2024-09-10,SILVER,가방,1,1,1,74110,1.0
2024-09-10,SILVER,자켓/베스트,1,1,1,70000,1.0
2024-09-10,SILVER,반바지,1,1,1,35000,1.0
2024-09-10,SILVER,남성,1,1,1,34820,1.0
2024-09-11,FAMILY,남성,16,16,25,614840,1.0
2024-09-11,FAMILY,등산화,1,1,1,219000,1.0
2024-09-11,FAMILY,라운드티,4,4,5,172460,1.0
2024-09-11,FAMILY,긴바지,4,4,4,164990,1.0
2024-09-11,FAMILY,가방,2,2,2,144760,1.0
2024-09-11,FAMILY,자켓/ 베스트,1,1,1,101320,1.0
2024-09-11,FAMILY,반바지,2,2,2,70740,1.0
2024-09-11,FAMILY,상의,1,1,1,62960,1.0
2024-09-11,FAMILY,자켓/베스트,1,1,1,52370,1.0
2024-09-11,FAMILY,셋업,1,1,1,33510,1.0
2024-09-11,SILVER,남성,1,1,1,91590,1.0
2024-09-11,TITANIUM,남성,1,1,1,19600,1.0
2024-09-12,FAMILY,남성,44,43,62,2501240,0.9772727272727273
2024-09-12,FAMILY,긴바지,10,10,10,635680,1.0
2024-09-12,FAMILY,셋업,8,8,10,575840,1.0
2024-09-12,FAMILY,등산화,1,1,5,472500,1.0
2024-09-12,FAMILY,라운드티,11,11,12,350030,1.0
2024-09-12,FAMILY,가방,2,2,2,153030,1.0
2024-09-12,FAMILY,여성,2,2,2,115550,1.0
2024-09-12,FAMILY,상의,2,2,2,80000,1.0
2024-09-12,FAMILY,반바지,3,3,3,69810,1.0
2024-09-12,FAMILY,자켓/ 베스트,1,1,1,64980,1.0
2024-09-12,FAMILY,방수자켓,1,1,1,54880,1.0
2024-09-12,FAMILY,자켓/베스트,1,1,1,31030,1.0
2024-09-12,FAMILY,액세서리,1,1,1,8680,1.0
2024-09-12,SILVER,남성,5,5,6,335790,1.0
2024-09-12,SILVER,긴바지,2,2,2,112840,1.0
2024-09-12,SILVER,여성,1,1,1,72500,1.0
2024-09-13,FAMILY,남성,14,14,21,911180,1.0
2024-09-13,FAMILY,긴바지,7,7,8,469270,1.0
2024-09-13,FAMILY,셋업,4,4,4,224460,1.0
2024-09-13,FAMILY,라운드티,5,5,5,127490,1.0
2024-09-13,FAMILY,UNKNOWN,2,2,2,118920,1.0
2024-09-13,FAMILY,자켓/ 베스트,1,1,1,92160,1.0
2024-09-13,FAMILY,하이킹,1,1,1,85390,1.0
2024-09-13,FAMILY,여성,1,1,1,85100,1.0
2024-09-13,FAMILY,트레일러닝,1,1,1,71710,1.0
2024-09-13,GOLD,남성,1,1,1,78840,1.0
2024-09-13,SILVER,남성,1,1,1,51200,1.0
2024-09-13,SILVER,라운드티,1,1,2,46330,1.0
2024-09-14,FAMILY,남성,10,10,10,503560,1.0
2024-09-14,FAMILY,긴바지,3,3,3,193820,1.0
2024-09-14,FAMILY,라운드티,5,5,5,148080,1.0
2024-09-14,FAMILY,셋업,2,2,2,115140,1.0
2024-09-14,FAMILY,반바지,4,4,4,109340,1.0
2024-09-14,FAMILY,자켓/베스트,1,1,1,82330,1.0
2024-09-14,FAMILY,상의,1,1,1,51000,1.0
2024-09-14,FAMILY,액세서리,1,1,1,7220,1.0
2024-09-14,SILVER,남성,2,2,2,97700,1.0
2024-09-14,SILVER,셋업,1,1,1,55430,1.0
2024-09-14,TITANIUM,여성,1,1,1,150000,1.0
2024-09-14,TITANIUM,남성,1,1,1,150000,1.0
2024-09-15,FAMILY,남성,16,16,18,561060,1.0
2024-09-15,FAMILY,라운드티,9,9,13,387460,1.0
2024-09-15,FAMILY,셋업,2,2,2,156290,1.0
2024-09-15,FAMILY,여성,2,2,2,125170,1.0
2024-09-15,FAMILY,셔츠,1,1,1,123330,1.0
2024-09-15,FAMILY,가방,1,1,1,83000,1.0
2024-09-15,FAMILY,긴바지,1,1,1,67000,1.0
2024-09-15,FAMILY,반바지,2,2,2,60100,1.0
2024-09-15,FAMILY,폴로티/집업,1,1,1,50840,1.0
2024-09-15,FAMILY,상의,1,1,1,47270,1.0
2024-09-15,SILVER,라운드티,1,1,1,55300,1.0
2024-09-15,SILVER,남성,1,1,2,26580,1.0
2024-09-16,FAMILY,남성,11,11,16,499150,1.0
2024-09-16,FAMILY,가방,1,1,5,387640,1.0
2024-09-16,FAMILY,여성,3,3,4,362060,1.0
2024-09-16,FAMILY,라운드티,4,4,4,86560,1.0
2024-09-16,FAMILY,UNKNOWN,1,1,1,73300,1.0
2024-09-16,FAMILY,셋업,1,1,1,53660,1.0
2024-09-16,FAMILY,긴바지,1,1,1,46990,1.0
2024-09-16,FAMILY,상의,1,1,1,36100,1.0
2024-09-16,FAMILY,맨투맨/후드티,1,1,1,33260,1.0
2024-09-16,SILVER,여성,2,2,2,413250,1.0
2024-09-16,SILVER,남성,2,2,5,156570,1.0
2024-09-17,FAMILY,남성,16,15,26,751579,0.9375
2024-09-17,FAMILY,여성,2,2,2,142500,1.0
2024-09-17,FAMILY,라운드티,3,3,3,93300,1.0
2024-09-17,FAMILY,반바지,1,1,2,66670,1.0
2024-09-17,FAMILY,장갑,1,1,1,21000,1.0
2024-09-17,SILVER,남성,1,1,1,20000,1.0
2024-09-18,FAMILY,남성,29,29,58,1971930,1.0
2024-09-18,FAMILY,자켓/ 베스트,4,4,4,587310,1.0
2024-09-18,FAMILY,라운드티,9,9,13,366970,1.0
2024-09-18,FAMILY,셋업,4,4,4,254380,1.0
2024-09-18,FAMILY,셔츠,1,1,2,248080,1.0
2024-09-18,FAMILY,긴바지,3,3,3,174980,1.0
2024-09-18,FAMILY,여성,3,3,4,166250,1.0
2024-09-18,FAMILY,등산화,1,1,1,145340,1.0
2024-09-18,FAMILY,바람막이,1,1,1,94609,1.0
2024-09-18,FAMILY,UNKNOWN,1,1,1,89500,1.0
2024-09-18,FAMILY,반바지,1,1,1,39500,1.0
2024-09-18,FAMILY,크로스/토트백,1,1,1,33250,1.0
2024-09-18,FAMILY,상의,1,1,1,28300,1.0
2024-09-18,SILVER,셋업,2,2,2,193870,1.0
2024-09-18,SILVER,남성,2,2,2,169080,1.0
2024-09-19,FAMILY,남성,10,10,11,539720,1.0
2024-09-19,FAMILY,라운드티,3,3,3,103500,1.0
2024-09-19,FAMILY,여성,2,2,2,74240,1.0
2024-09-19,FAMILY,가방,1,1,1,53000,1.0
2024-09-19,FAMILY,폴로/집업티,1,1,1,42160,1.0
2024-09-19,FAMILY,셋업,1,1,1,40290,1.0
2024-09-19,FAMILY,크로스/토트백,1,1,1,37040,1.0
2024-09-19,FAMILY,긴바지,1,1,1,34260,1.0
2024-09-19,GOLD,하이킹,1,1,1,127000,1.0
2024-09-19,SILVER,남성,1,1,1,34500,1.0
2024-09-20,FAMILY,남성,12,12,18,661960,1.0
2024-09-20,FAMILY,긴바지,3,3,3,162200,1.0
2024-09-20,FAMILY,트레일러닝,1,1,1,95000,1.0
2024-09-20,FAMILY,여성,2,2,2,89500,1.0
2024-09-20,FAMILY,가방,1,1,1,61610,1.0
2024-09-20,FAMILY,자켓/ 베스트,1,1,1,56030,1.0
2024-09-20,FAMILY,라운드티,2,2,2,51250,1.0
2024-09-20,FAMILY,폴로/집업티,1,1,1,36420,1.0
2024-09-20,FAMILY,액세서리,1,1,1,5500,1.0
2024-09-20,GOLD,하이킹,1,1,1,110940,1.0
2024-09-20,GOLD,자켓/베스트,1,1,1,102000,1.0
2024-09-20,GOLD,남성,1,1,1,8100,1.0
2024-09-20,SILVER,남성,1,1,1,59490,1.0
2024-09-20,TITANIUM,긴바지,1,1,1,42660,1.0
2024-09-21,FAMILY,남성,14,14,26,1258870,1.0
2024-09-21,FAMILY,셋업,3,3,3,186440,1.0
2024-09-21,FAMILY,라운드티,3,3,4,134190,1.0
2024-09-21,FAMILY,여성,2,2,3,129500,1.0
2024-09-21,FAMILY,자켓/ 베스트,1,1,1,72550,1.0
2024-09-21,FAMILY,긴바지,1,1,1,41440,1.0
2024-09-21,FAMILY,상의,1,1,1,41410,1.0
2024-09-21,GOLD,바람막이,1,1,1,49500,1.0
2024-09-21,GOLD,남성,2,2,3,41670,1.0
2024-09-21,SILVER,셔츠,1,1,1,110070,1.0
2024-09-22,FAMILY,남성,86,86,126,3883439,1.0
2024-09-22,FAMILY,여성,11,11,12,708130,1.0
2024-09-22,FAMILY,라운드티,23,23,23,632230,1.0
2024-09-22,FAMILY,자켓/ 베스트,6,6,6,506850,1.0
2024-09-22,FAMILY,셋업,7,7,7,446660,1.0
2024-09-22,FAMILY,긴바지,5,5,5,249000,1.0
2024-09-22,FAMILY,맨투맨/후드티,4,4,4,221840,1.0
2024-09-22,FAMILY,바람막이,2,2,2,187328,1.0
2024-09-22,FAMILY,자켓/베스트,4,4,4,175250,1.0
2024-09-22,FAMILY,폴로티/집업,1,1,1,89650,1.0
2024-09-22,FAMILY,UNKNOWN,1,1,1,84540,1.0
2024-09-22,FAMILY,방수자켓,1,1,1,70300,1.0
2024-09-22,FAMILY,상의,2,2,2,66830,1.0
2024-09-22,FAMILY,가방,1,1,1,61320,1.0
2024-09-22,FAMILY,크로스/토트백,1,1,1,40330,1.0
2024-09-22,FAMILY,장갑,1,1,1,21000,1.0
2024-09-22,GOLD,남성,1,1,1,57070,1.0
2024-09-22,SILVER,남성,2,2,6,64040,1.0
2024-09-22,SILVER,셋업,1,1,1,57860,1.0
2024-09-22,SILVER,라운드티,2,2,2,57590,1.0
2024-09-23,FAMILY,남성,12,11,19,894510,0.9166666666666666
2024-09-23,FAMILY,하이킹,2,2,2,241500,1.0
2024-09-23,FAMILY,등산화,2,2,2,191250,1.0
2024-09-23,FAMILY,가방,1,1,1,78000,1.0
2024-09-23,FAMILY,긴바지,1,1,1,61170,1.0
2024-09-23,SILVER,남성,2,2,2,188500,1.0
2024-09-23,SILVER,자켓/베스트,1,1,1,102500,1.0
2024-09-24,FAMILY,남성,3,3,5,257500,1.0
2024-09-24,FAMILY,하이킹,2,2,3,213500,1.0
2024-09-24,FAMILY,자켓/ 베스트,1,1,1,149500,1.0
2024-09-24,GOLD,셔츠,1,1,1,139000,1.0
2024-09-24,SILVER,남성,1,1,2,120300,1.0
2024-09-24,SILVER,라운드티,1,1,1,50720,1.0
2024-09-25,FAMILY,남성,5,5,5,142950,1.0
2024-09-25,FAMILY,여성,2,2,2,131800,1.0
2024-09-25,FAMILY,바람막이,1,1,1,117369,1.0
2024-09-25,FAMILY,가방,1,1,1,71160,1.0
2024-09-25,SILVER,남성,3,3,3,254520,1.0
2024-09-25,SILVER,라운드티,1,1,1,43340,1.0
2024-09-26,FAMILY,남성,4,4,5,420860,1.0
2024-09-26,FAMILY,자켓/ 베스트,1,1,4,212000,1.0
2024-09-26,FAMILY,라운드티,2,2,2,97390,1.0
2024-09-26,FAMILY,셋업,1,1,1,82850,1.0
2024-09-26,SILVER,여성,1,1,1,65370,1.0
2024-09-27,FAMILY,남성,7,7,8,901590,1.0
2024-09-27,FAMILY,등산화,3,3,4,488470,1.0
2024-09-27,FAMILY,자켓/베스트,1,1,1,152100,1.0
2024-09-27,FAMILY,셋업,1,1,2,132020,1.0
2024-09-27,FAMILY,바람막이,1,1,1,105879,1.0
2024-09-27,FAMILY,폴로티/집업,1,1,1,94710,1.0
2024-09-27,FAMILY,자켓/ 베스트,1,1,1,64670,1.0
2024-09-27,FAMILY,라운드티,1,1,1,29500,1.0
2024-09-27,GOLD,남성,1,1,1,43510,1.0
2024-09-27,SILVER,남성,2,2,3,263620,1.0
2024-09-27,SILVER,여성,1,1,1,109500,1.0
2024-09-28,FAMILY,남성,6,6,6,818120,1.0
2024-09-28,FAMILY,폴로티/집업,2,2,2,150810,1.0
2024-09-28,FAMILY,하이킹,1,1,1,137000,1.0
2024-09-28,FAMILY,라운드티,1,1,2,90920,1.0
2024-09-28,SILVER,여성,1,1,1,103660,1.0
2024-09-29,FAMILY,자켓/ 베스트,2,2,6,382850,1.0
2024-09-29,FAMILY,남성,2,2,4,87180,1.0
2024-09-30,FAMILY,남성,16,15,22,1547460,0.9375
2024-09-30,FAMILY,여성,2,2,3,193000,1.0
2024-09-30,FAMILY,긴바지,2,2,2,183300,1.0
2024-09-30,FAMILY,하이킹,1,1,1,114500,1.0
2024-09-30,FAMILY,자켓/베스트,1,1,1,98680,1.0
2024-09-30,FAMILY,셋업,1,1,1,77000,1.0
2024-09-30,SILVER,남성,2,2,2,211440,1.0
2024-10-01,FAMILY,남성,4,4,5,446310,1.0
2024-10-01,FAMILY,여성,3,3,3,442500,1.0
2024-10-01,FAMILY,셋업,1,1,1,56550,1.0
2024-10-01,FAMILY,라운드티,1,1,1,52000,1.0
2024-10-01,SILVER,남성,2,2,3,236130,1.0
2024-10-01,SILVER,여성,1,1,1,115990,1.0
2024-10-01,SILVER,등산화,1,1,1,94500,1.0
2024-10-01,SILVER,긴바지,1,1,1,77750,1.0
2024-10-01,SILVER,가방,1,1,1,69500,1.0
2024-10-02,FAMILY,남성,7,7,16,974340,1.0
2024-10-02,FAMILY,자켓/ 베스트,3,3,13,828400,1.0
2024-10-02,FAMILY,여성,2,2,2,266900,1.0
2024-10-02,FAMILY,UNKNOWN,1,1,1,79500,1.0
2024-10-02,FAMILY,등산화,1,1,1,79500,1.0
2024-10-02,FAMILY,셋업,1,1,1,69500,1.0
2024-10-02,FAMILY,라운드티,1,1,1,39500,1.0
2024-10-02,SILVER,인터체인지 (3 in 1),1,1,1,329500,1.0
2024-10-02,SILVER,남성,3,3,6,317680,1.0
2024-10-02,TITANIUM,남성,1,1,2,138000,1.0
2024-10-03,FAMILY,남성,5,5,6,490250,1.0
2024-10-03,FAMILY,등산화,4,3,4,438000,0.75
2024-10-03,FAMILY,자켓/ 베스트,2,2,2,324690,1.0
2024-10-03,FAMILY,긴바지,2,2,2,162050,1.0
2024-10-03,FAMILY,패딩/슬림다운,1,1,1,119500,1.0
2024-10-03,FAMILY,액세서리,1,1,3,21840,1.0
2024-10-03,SILVER,남성,3,3,4,424800,1.0
2024-10-04,FAMILY,남성,4,4,6,662090,1.0
2024-10-04,FAMILY,여성,1,1,1,119000,1.0
2024-10-04,FAMILY,바람막이,1,1,1,106299,1.0
2024-10-04,FAMILY,자켓/ 베스트,1,1,2,106000,1.0
2024-10-04,FAMILY,셋업,1,1,1,96460,1.0
2024-10-04,SILVER,바람막이,1,1,1,104349,1.0
2024-10-04,TITANIUM,남성,1,1,2,478000,1.0
2024-10-05,FAMILY,남성,5,5,5,242030,1.0
2024-10-05,FAMILY,자켓/ 베스트,2,2,2,100530,1.0
2024-10-05,FAMILY,라운드티,1,1,1,48300,1.0
2024-10-05,GOLD,남성,1,1,1,63200,1.0
2024-10-05,SILVER,남성,3,3,5,434780,1.0
2024-10-05,SILVER,셋업,1,1,1,185960,1.0
2024-10-05,SILVER,폴로티/집업,1,1,1,97420,1.0
2024-10-05,SILVER,맨투맨/후드티,1,1,1,97420,1.0
2024-10-06,FAMILY,자켓/ 베스트,2,2,10,584000,1.0
2024-10-06,FAMILY,남성,6,6,7,463080,1.0
2024-10-06,FAMILY,라운드티,2,2,3,152800,1.0
2024-10-06,FAMILY,셋업,1,1,1,117140,1.0
2024-10-06,FAMILY,등산화,1,1,1,109500,1.0
2024-10-06,FAMILY,긴바지,1,1,1,79000,1.0
2024-10-06,GOLD,남성,1,1,1,83000,1.0
2024-10-07,FAMILY,남성,7,7,7,585390,1.0
2024-10-07,FAMILY,자켓/베스트,3,3,3,298140,1.0
2024-10-07,FAMILY,자켓/ 베스트,2,2,3,218090,1.0
2024-10-07,FAMILY,하이킹,1,1,1,114500,1.0
2024-10-07,FAMILY,트레일러닝,1,1,1,103040,1.0
2024-10-07,FAMILY,라운드티,1,1,2,96600,1.0
2024-10-07,FAMILY,패딩/슬림다운,1,1,1,69500,1.0
2024-10-07,FAMILY,셋업,1,1,1,69000,1.0
2024-10-07,GOLD,패딩/슬림다운,1,1,1,139000,1.0
2024-10-07,SILVER,남성,2,2,4,235500,1.0
2024-10-08,FAMILY,남성,9,9,12,957620,1.0
2024-10-08,FAMILY,자켓/ 베스트,3,2,12,688800,0.6666666666666666
2024-10-08,FAMILY,여성,2,2,2,233820,1.0
2024-10-08,FAMILY,라운드티,3,3,3,149050,1.0
2024-10-08,FAMILY,등산화,1,1,1,79500,1.0
2024-10-08,FAMILY,긴바지,1,1,1,63480,1.0
2024-10-08,FAMILY,크로스/토트백,1,1,1,59000,1.0
2024-10-08,FAMILY,자켓/베스트,1,1,1,55300,1.0
2024-10-09,FAMILY,남성,5,5,6,213070,1.0
2024-10-09,FAMILY,여성,2,2,2,166970,1.0
2024-10-09,FAMILY,미드/롱다운,1,1,1,164500,1.0
2024-10-09,FAMILY,긴바지,1,1,1,58550,1.0
2024-10-09,FAMILY,라운드티,1,1,1,54830,1.0
2024-10-09,FAMILY,폴로/집업티,1,1,1,48630,1.0
2024-10-09,GOLD,하이킹,1,1,1,126110,1.0
2024-10-09,SILVER,남성,2,1,7,186500,0.5
2024-10-09,SILVER,여성,1,1,1,69500,1.0
2024-10-10,FAMILY,여성,4,4,6,816220,1.0
2024-10-10,FAMILY,남성,7,7,8,556500,1.0
2024-10-10,FAMILY,자켓/ 베스트,2,2,2,297860,1.0
2024-10-10,FAMILY,라운드티,2,2,2,103440,1.0
2024-10-10,FAMILY,셋업,1,1,1,74190,1.0
2024-10-11,FAMILY,남성,14,13,40,2021120,0.9285714285714286
2024-10-11,FAMILY,여성,4,4,6,557460,1.0
2024-10-11,FAMILY,하이킹,1,1,1,137000,1.0
2024-10-11,FAMILY,자켓/ 베스트,1,1,1,89500,1.0
2024-10-12,FAMILY,남성,10,10,15,923670,1.0
2024-10-12,FAMILY,여성,5,5,5,672080,1.0
2024-10-12,FAMILY,셋업,2,2,2,191740,1.0
2024-10-12,FAMILY,자켓/ 베스트,1,1,1,121610,1.0
2024-10-12,FAMILY,바람막이,1,1,1,101399,1.0
2024-10-12,FAMILY,라운드티,1,1,1,49770,1.0
2024-10-12,GOLD,남성,1,1,6,334010,1.0
2024-10-12,GOLD,라운드티,1,1,1,47430,1.0
2024-10-12,SILVER,남성,1,1,2,50400,1.0
2024-10-13,FAMILY,긴바지,2,2,3,291150,1.0
2024-10-13,FAMILY,미드/롱다운,1,1,1,274500,1.0
2024-10-13,FAMILY,셋업,1,1,2,171540,1.0
2024-10-13,FAMILY,남성,4,4,6,168550,1.0
2024-10-13,FAMILY,자켓/ 베스트,1,1,1,52160,1.0
2024-10-13,GOLD,남성,2,1,2,110400,0.5
2024-10-14,FAMILY,남성,10,7,30,1804640,0.7
2024-10-14,FAMILY,여성,3,3,3,206820,1.0
2024-10-14,FAMILY,폴로티/집업,2,2,2,145600,1.0
2024-10-14,FAMILY,가방,2,2,2,142500,1.0
2024-10-14,FAMILY,셋업,1,1,1,97300,1.0
2024-10-14,FAMILY,라운드티,2,2,2,87700,1.0
2024-10-14,FAMILY,등산화,1,1,1,79500,1.0
2024-10-14,FAMILY,자켓/ 베스트,1,1,1,53000,1.0
2024-10-14,SILVER,여성,1,1,1,79000,1.0
2024-10-14,SILVER,남성,2,2,3,78980,1.0
2024-10-15,FAMILY,남성,13,13,18,1081540,1.0
2024-10-15,FAMILY,여성,2,2,2,117340,1.0
2024-10-15,FAMILY,UNKNOWN,1,1,1,100000,1.0
2024-10-15,FAMILY,셋업,1,1,1,77000,1.0
2024-10-15,FAMILY,라운드티,1,1,1,48300,1.0
2024-10-15,GOLD,남성,1,1,1,14500,1.0
2024-10-15,SILVER,남성,1,1,3,419510,1.0
2024-10-15,SILVER,자켓/베스트,1,1,1,104810,1.0
2024-10-16,FAMILY,남성,28,28,39,1666249,1.0
2024-10-16,FAMILY,여성,5,5,5,462920,1.0
2024-10-16,FAMILY,셋업,3,3,3,221800,1.0
2024-10-16,FAMILY,가방,2,2,2,123630,1.0
2024-10-16,FAMILY,라운드티,3,3,3,118060,1.0
2024-10-16,FAMILY,긴바지,1,1,1,93870,1.0
2024-10-16,FAMILY,자켓/베스트,2,2,2,89580,1.0
2024-10-16,FAMILY,자켓/ 베스트,1,1,1,25110,1.0
2024-10-16,FAMILY,액세서리,1,1,1,7960,1.0
2024-10-16,SILVER,남성,5,4,5,305160,0.8
2024-10-16,SILVER,여성,1,1,1,116560,1.0
2024-10-16,SILVER,자켓/ 베스트,1,1,1,77000,1.0
2024-10-16,SILVER,맨투맨/후드티,1,1,1,71010,1.0
2024-10-17,FAMILY,남성,15,15,17,1210080,1.0
2024-10-17,FAMILY,여성,2,2,2,149540,1.0
2024-10-17,FAMILY,하이킹,1,1,1,94500,1.0
2024-10-17,FAMILY,라운드티,2,2,2,78770,1.0
2024-10-17,FAMILY,긴바지,1,1,1,68170,1.0
2024-10-17,FAMILY,자켓/ 베스트,1,1,1,64500,1.0
2024-10-17,FAMILY,액세서리,1,1,1,8840,1.0
2024-10-17,SILVER,셋업,1,1,1,218100,1.0
2024-10-17,SILVER,남성,1,1,1,89000,1.0
2024-10-18,FAMILY,남성,11,11,12,629330,1.0
2024-10-18,FAMILY,여성,2,2,2,292440,1.0
2024-10-18,FAMILY,셋업,3,3,4,271300,1.0
2024-10-18,FAMILY,등산화,1,1,1,84500,1.0
2024-10-18,FAMILY,라운드티,2,2,2,83870,1.0
2024-10-19,FAMILY,남성,14,14,32,1757750,1.0
2024-10-19,FAMILY,등산화,2,1,2,204000,0.5
2024-10-19,FAMILY,패딩/슬림다운,1,1,1,82350,1.0
2024-10-19,FAMILY,자켓/ 베스트,1,1,1,70770,1.0
2024-10-19,FAMILY,셋업,1,1,1,38500,1.0
2024-10-19,GOLD,남성,1,1,1,25000,1.0
2024-10-19,SILVER,남성,2,2,2,465280,1.0
2024-10-20,FAMILY,남성,8,8,13,459190,1.0
2024-10-20,FAMILY,자켓/ 베스트,4,4,5,240880,1.0
2024-10-20,FAMILY,여성,3,3,3,234050,1.0
2024-10-20,FAMILY,UNKNOWN,1,1,1,175460,1.0
2024-10-20,FAMILY,셔츠,1,1,1,139000,1.0
2024-10-20,FAMILY,폴로티/집업,1,1,1,87740,1.0
2024-10-20,FAMILY,라운드티,1,1,1,35670,1.0
2024-10-20,GOLD,남성,1,1,1,119200,1.0
2024-10-20,SILVER,남성,3,3,3,197550,1.0
2024-10-20,SILVER,하이킹,1,1,1,120290,1.0
2024-10-20,SILVER,자켓/ 베스트,1,1,1,45700,1.0
2024-10-21,FAMILY,남성,7,7,10,802880,1.0
2024-10-21,FAMILY,미드/롱다운,1,1,1,274500,1.0
2024-10-21,FAMILY,여성,2,2,2,241500,1.0
2024-10-21,FAMILY,등산화,2,2,2,179000,1.0
2024-10-21,FAMILY,셔츠,1,1,1,126190,1.0
2024-10-21,GOLD,남성,1,1,1,21300,1.0
2024-10-21,SILVER,남성,3,3,5,326770,1.0
2024-10-22,FAMILY,남성,6,6,8,237840,1.0
2024-10-22,FAMILY,부츠,1,1,1,148630,1.0
2024-10-22,FAMILY,셋업,2,2,2,134650,1.0
2024-10-22,FAMILY,패딩/슬림다운,1,1,1,116270,1.0
2024-10-22,FAMILY,자켓/ 베스트,1,1,1,104090,1.0
2024-10-22,FAMILY,긴바지,1,1,1,101940,1.0
2024-10-22,FAMILY,등산화,1,1,1,94500,1.0
2024-10-22,FAMILY,여성,1,1,1,73390,1.0
2024-10-22,FAMILY,라운드티,1,1,1,46980,1.0
2024-10-22,SILVER,남성,3,2,6,503000,0.6666666666666666
2024-10-22,TITANIUM,남성,1,1,1,149000,1.0
2024-10-22,TITANIUM,여성,1,1,1,109000,1.0
2024-10-23,FAMILY,남성,7,7,8,441400,1.0
2024-10-23,FAMILY,여성,1,1,2,232900,1.0
2024-10-23,FAMILY,패딩/슬림다운,1,1,1,142980,1.0
2024-10-23,FAMILY,바람막이,1,1,1,136300,1.0
2024-10-23,GOLD,여성,1,1,1,183200,1.0
2024-10-23,SILVER,남성,1,1,4,716000,1.0
2024-10-23,TITANIUM,남성,1,1,1,139170,1.0
2024-10-24,FAMILY,남성,17,16,20,1500910,0.9411764705882353
2024-10-24,FAMILY,미드/롱다운,1,1,1,274500,1.0
2024-10-24,FAMILY,바람막이,1,1,1,139300,1.0
2024-10-24,FAMILY,여성,2,2,2,129000,1.0
2024-10-24,FAMILY,라운드티,3,3,3,127430,1.0
2024-10-24,FAMILY,자켓/베스트,1,1,1,109000,1.0
2024-10-24,FAMILY,UNKNOWN,2,1,2,89000,0.5
2024-10-24,FAMILY,가방,1,1,1,70010,1.0
2024-10-24,FAMILY,긴바지,1,1,1,64500,1.0
2024-10-24,FAMILY,볼캡,1,1,1,59000,1.0
2024-10-24,FAMILY,자켓/ 베스트,1,1,1,53000,1.0
2024-10-24,SILVER,남성,1,1,1,463200,1.0
2024-10-25,FAMILY,남성,11,9,12,1965630,0.8181818181818182
2024-10-25,FAMILY,하이킹,2,2,2,272850,1.0
2024-10-25,FAMILY,자켓/ 베스트,1,1,1,124250,1.0
2024-10-25,FAMILY,셋업,1,1,1,76350,1.0
2024-10-25,SILVER,여성,1,1,3,477130,1.0
2024-10-25,SILVER,남성,1,1,2,134000,1.0
2024-10-25,TITANIUM,남성,1,1,1,179000,1.0
2024-10-26,FAMILY,남성,6,5,9,882300,0.8333333333333334
2024-10-26,FAMILY,여성,4,4,4,461110,1.0
2024-10-26,FAMILY,폴로티/집업,1,1,1,49500,1.0
2024-10-26,SILVER,가방,1,1,1,73000,1.0
2024-10-26,SILVER,남성,1,1,1,10000,1.0
2024-10-27,FAMILY,남성,7,7,7,453650,1.0
2024-10-27,FAMILY,볼캡,1,1,1,44100,1.0
2024-10-27,GOLD,남성,1,1,2,91140,1.0
2024-10-27,GOLD,긴바지,1,1,1,64860,1.0
2024-10-27,SILVER,남성,2,2,2,405240,1.0
2024-10-28,FAMILY,남성,8,8,12,966970,1.0
2024-10-28,FAMILY,여성,5,4,6,611750,0.8
2024-10-28,FAMILY,패딩/슬림다운,1,1,1,119500,1.0
2024-10-28,FAMILY,셋업,1,1,2,101030,1.0
2024-10-28,FAMILY,자켓/ 베스트,1,1,1,77000,1.0
2024-10-28,FAMILY,액세서리,1,1,1,18920,1.0
2024-10-28,SILVER,남성,1,1,1,69000,1.0
2024-10-29,FAMILY,남성,9,9,15,1292710,1.0
2024-10-29,FAMILY,UNKNOWN,1,1,1,179000,1.0
2024-10-29,FAMILY,등산화,1,1,1,84500,1.0
2024-10-29,FAMILY,긴바지,1,1,1,49500,1.0
2024-10-29,FAMILY,여성,1,1,1,44500,1.0
2024-10-29,FAMILY,자켓/ 베스트,1,1,1,44030,1.0
2024-10-29,GOLD,여성,1,1,1,151200,1.0
2024-10-29,GOLD,남성,1,1,1,115040,1.0
2024-10-29,SILVER,남성,2,2,4,137130,1.0
2024-10-29,SILVER,자켓/ 베스트,1,1,1,118570,1.0
2024-10-29,TITANIUM,남성,1,1,1,169000,1.0
2024-10-30,FAMILY,남성,7,7,10,700050,1.0
2024-10-30,FAMILY,여성,4,4,4,236850,1.0
2024-10-30,FAMILY,미드/롱다운,1,1,1,164500,1.0
2024-10-30,FAMILY,셋업,2,2,2,151500,1.0
2024-10-30,FAMILY,부츠,1,1,1,139000,1.0
2024-10-30,FAMILY,하이킹,1,1,1,129240,1.0
2024-10-30,FAMILY,폴로티/집업,1,1,1,99000,1.0
2024-10-30,SILVER,자켓/ 베스트,1,1,1,149500,1.0
2024-10-30,SILVER,남성,1,1,1,116610,1.0
2024-10-31,FAMILY,남성,26,26,34,2503840,1.0
2024-10-31,FAMILY,여성,4,4,4,604830,1.0
2024-10-31,FAMILY,미드/롱다운,1,1,1,279500,1.0
2024-10-31,FAMILY,자켓/베스트,2,2,3,253300,1.0
2024-10-31,FAMILY,UNKNOWN,3,2,3,248500,0.6666666666666666
2024-10-31,FAMILY,패딩/슬림다운,2,2,2,208800,1.0
2024-10-31,FAMILY,등산화,1,1,1,149010,1.0
2024-10-31,FAMILY,셔츠,1,1,2,139000,1.0
2024-10-31,FAMILY,긴바지,1,1,1,98360,1.0
2024-10-31,FAMILY,셋업,1,1,1,97300,1.0
2024-10-31,FAMILY,하이킹,1,1,1,79230,1.0
2024-10-31,FAMILY,라운드티,2,2,2,42960,1.0
2024-10-31,FAMILY,액세서리,1,1,1,18340,1.0
2024-10-31,GOLD,남성,1,1,1,103910,1.0
2024-10-31,SILVER,남성,3,3,3,324560,1.0
2024-10-31,SILVER,여성,1,1,1,223300,1.0
2024-10-31,TITANIUM,남성,1,1,1,171940,1.0
2024-11-01,FAMILY,남성,5,4,5,409750,0.8
2024-11-01,FAMILY,여성,2,2,3,173500,1.0
2024-11-01,FAMILY,등산화,1,1,1,135200,1.0
2024-11-01,FAMILY,긴바지,1,1,1,104300,1.0
2024-11-01,FAMILY,자켓/ 베스트,1,1,1,44500,1.0
2024-11-01,GOLD,남성,1,1,1,119370,1.0
2024-11-01,SILVER,남성,1,1,3,81000,1.0
2024-11-02,FAMILY,남성,6,6,9,513280,1.0
2024-11-02,FAMILY,여성,2,2,2,291230,1.0
2024-11-02,FAMILY,등산화,1,1,1,129950,1.0
2024-11-02,FAMILY,하이킹,1,1,1,123300,1.0
2024-11-02,FAMILY,가방,1,1,1,74550,1.0
2024-11-02,FAMILY,UNKNOWN,1,1,1,68870,1.0
2024-11-02,SILVER,미드/롱다운,1,1,1,279500,1.0
2024-11-02,SILVER,여성,1,1,1,99500,1.0
2024-11-02,SILVER,셋업,1,1,1,74500,1.0
2024-11-03,FAMILY,남성,12,12,15,1358030,1.0
2024-11-03,FAMILY,여성,3,3,3,383850,1.0
2024-11-03,FAMILY,바람막이,1,1,1,121750,1.0
2024-11-03,FAMILY,패딩/슬림다운,1,1,1,119500,1.0
2024-11-03,FAMILY,가방,1,1,1,83000,1.0
2024-11-03,FAMILY,하이킹,1,1,1,81250,1.0
2024-11-03,GOLD,인터체인지 (3 in 1),1,1,1,526890,1.0
2024-11-03,GOLD,남성,1,1,1,151110,1.0
2024-11-03,GOLD,자켓/ 베스트,1,1,1,53000,1.0
2024-11-03,SILVER,남성,4,4,5,488390,1.0
2024-11-03,SILVER,셋업,1,1,2,270400,1.0
2024-11-03,SILVER,맨투맨/후드티,1,1,1,79200,1.0
2024-11-03,SILVER,볼캡,1,1,1,29500,1.0
2024-11-03,TITANIUM,남성,1,1,1,169950,1.0
2024-11-04,FAMILY,남성,5,5,6,511980,1.0
2024-11-04,FAMILY,여성,3,3,3,318500,1.0
2024-11-04,FAMILY,미드/롱다운,1,1,1,279500,1.0
2024-11-04,FAMILY,등산화,1,1,1,148170,1.0
2024-11-04,FAMILY,가방,1,1,1,78000,1.0
2024-11-04,FAMILY,라운드티,2,2,2,74830,1.0
2024-11-04,FAMILY,자켓/베스트,1,1,1,49320,1.0
2024-11-04,FAMILY,액세서리,1,1,1,10960,1.0
2024-11-04,GOLD,남성,1,1,1,115730,1.0
2024-11-04,SILVER,남성,2,2,6,454260,1.0
2024-11-04,SILVER,여성,1,1,3,369000,1.0
2024-11-05,FAMILY,남성,20,20,25,1422680,1.0
2024-11-05,FAMILY,여성,3,3,3,263000,1.0
2024-11-05,FAMILY,셋업,1,1,1,142890,1.0
2024-11-05,FAMILY,라운드티,2,2,2,90980,1.0
2024-11-05,FAMILY,등산화,1,1,1,84500,1.0
2024-11-05,FAMILY,가방,1,1,1,83000,1.0
2024-11-05,GOLD,남성,2,2,3,355220,1.0
2024-11-05,GOLD,등산화,1,1,1,110680,1.0
2024-11-05,GOLD,가방,1,1,1,77070,1.0
2024-11-05,SILVER,여성,1,1,1,216300,1.0
2024-11-05,TITANIUM,남성,2,2,3,208220,1.0
2024-11-06,FAMILY,남성,20,20,52,5054760,1.0
2024-11-06,FAMILY,여성,3,3,4,592800,1.0
2024-11-06,FAMILY,인터체인지 (3 in 1),1,1,1,329500,1.0
2024-11-06,FAMILY,미드/롱다운,1,1,1,274500,1.0
2024-11-06,FAMILY,하이킹,1,1,1,131400,1.0
2024-11-06,FAMILY,UNKNOWN,1,1,1,54000,1.0
2024-11-06,SILVER,남성,5,4,15,1061550,0.8
2024-11-06,SILVER,여성,1,1,3,603500,1.0
2024-11-06,SILVER,셋업,1,1,1,94500,1.0
2024-11-06,SILVER,맨투맨/후드티,1,1,1,63140,1.0
2024-11-06,SILVER,볼캡,1,1,1,50990,1.0
2024-11-07,FAMILY,남성,14,13,25,1672620,0.9285714285714286
2024-11-07,FAMILY,여성,5,5,5,777080,1.0
2024-11-07,FAMILY,미드/롱다운,1,1,1,164500,1.0
2024-11-07,FAMILY,패딩/슬림다운,1,1,1,134100,1.0
2024-11-07,FAMILY,바람막이,1,1,1,104279,1.0
2024-11-07,FAMILY,등산화,1,1,1,94500,1.0
2024-11-07,FAMILY,셋업,1,1,1,94500,1.0
2024-11-07,FAMILY,자켓/ 베스트,1,1,1,44500,1.0
2024-11-07,FAMILY,라운드티,1,1,1,39610,1.0
2024-11-07,FAMILY,크로스/토트백,1,1,1,29500,1.0
2024-11-07,GOLD,자켓/ 베스트,1,1,1,184720,1.0
2024-11-07,GOLD,남성,1,1,1,115260,1.0
2024-11-07,SILVER,남성,2,2,6,205680,1.0
2024-11-07,SILVER,UNKNOWN,1,1,1,106300,1.0
2024-11-08,FAMILY,남성,10,10,13,955830,1.0
2024-11-08,FAMILY,여성,2,2,3,478500,1.0
2024-11-08,FAMILY,셋업,2,2,5,405370,1.0
2024-11-08,FAMILY,미드/롱다운,1,1,1,274500,1.0
2024-11-08,FAMILY,자켓/ 베스트,1,1,1,93620,1.0
2024-11-08,FAMILY,맨투맨/후드티,1,1,1,79200,1.0
2024-11-08,FAMILY,라운드티,1,1,1,41570,1.0
2024-11-08,FAMILY,자켓/베스트,1,1,1,27650,1.0
2024-11-08,GOLD,남성,2,1,3,82000,0.5
2024-11-09,FAMILY,남성,3,3,3,243220,1.0
2024-11-09,FAMILY,부츠,1,1,1,157180,1.0
2024-11-09,FAMILY,셋업,1,1,1,138420,1.0
2024-11-09,FAMILY,여성,1,1,2,79000,1.0
2024-11-09,FAMILY,볼캡,1,1,1,29500,1.0
2024-11-09,SILVER,여성,1,1,2,199000,1.0
2024-11-09,TITANIUM,남성,1,1,1,121960,1.0
2024-11-10,FAMILY,남성,17,17,21,888900,1.0
2024-11-10,FAMILY,여성,2,2,2,431980,1.0
2024-11-10,FAMILY,가방,1,1,1,82700,1.0
2024-11-10,SILVER,남성,1,1,2,229950,1.0
2024-11-11,FAMILY,남성,14,13,18,1188220,0.9285714285714286
2024-11-11,FAMILY,자켓/ 베스트,1,1,1,149500,1.0
2024-11-11,FAMILY,하이킹,1,1,1,82560,1.0
2024-11-11,FAMILY,여성,1,1,1,39500,1.0
2024-11-11,SILVER,남성,1,1,1,174550,1.0
2024-11-11,TITANIUM,남성,1,1,1,125500,1.0
2024-11-12,FAMILY,남성,17,14,23,1619160,0.8235294117647058
2024-11-12,FAMILY,여성,7,7,10,944070,1.0
2024-11-12,FAMILY,셋업,3,3,4,477980,1.0
2024-11-12,FAMILY,등산화,2,2,2,242740,1.0
2024-11-12,FAMILY,하이킹,1,1,1,120670,1.0
2024-11-12,FAMILY,자켓/ 베스트,1,1,1,115500,1.0
2024-11-12,FAMILY,폴로티/집업,1,1,1,62660,1.0
2024-11-12,FAMILY,라운드티,1,1,1,35540,1.0
2024-11-12,SILVER,남성,2,2,3,380260,1.0
2024-11-12,TITANIUM,남성,1,1,1,190050,1.0
2024-11-13,FAMILY,남성,10,10,31,1414550,1.0
2024-11-13,FAMILY,여성,3,3,5,603670,1.0
2024-11-13,FAMILY,미드/롱다운,1,1,1,279500,1.0
2024-11-13,FAMILY,등산화,1,1,1,96610,1.0
2024-11-13,SILVER,남성,2,2,2,270500,1.0
2024-11-13,TITANIUM,남성,2,1,2,278000,0.5
2024-11-14,FAMILY,남성,9,9,19,1325470,1.0
2024-11-14,FAMILY,여성,2,2,3,326990,1.0
2024-11-14,FAMILY,등산화,2,2,2,192840,1.0
2024-11-14,FAMILY,하이킹,1,1,1,114500,1.0
2024-11-14,FAMILY,가방,1,1,1,78620,1.0
2024-11-14,FAMILY,셋업,1,1,1,69000,1.0
2024-11-14,FAMILY,라운드티,1,1,1,40210,1.0
2024-11-14,SILVER,남성,2,2,2,156950,1.0
2024-11-15,FAMILY,남성,45,45,58,3436190,1.0
2024-11-15,FAMILY,여성,6,6,8,1051540,1.0
2024-11-15,FAMILY,맨투맨/후드티,3,3,4,302860,1.0
2024-11-15,FAMILY,등산화,1,1,2,270570,1.0
2024-11-15,FAMILY,가방,3,3,3,223890,1.0
2024-11-15,FAMILY,볼캡,4,4,4,164790,1.0
2024-11-15,FAMILY,하이킹,1,1,1,132000,1.0
2024-11-15,FAMILY,라운드티,2,2,3,124530,1.0
2024-11-15,FAMILY,긴바지,1,1,1,104300,1.0
2024-11-15,FAMILY,크로스/토트백,1,1,1,53100,1.0
2024-11-15,GOLD,남성,1,1,5,365000,1.0
2024-11-15,SILVER,남성,14,14,18,2026520,1.0
2024-11-15,SILVER,여성,4,4,6,666860,1.0
2024-11-15,SILVER,셋업,1,1,1,239640,1.0
2024-11-15,SILVER,UNKNOWN,1,1,1,179000,1.0
2024-11-15,SILVER,라운드티,2,2,2,84690,1.0
2024-11-16,FAMILY,남성,25,25,30,2909170,1.0
2024-11-16,FAMILY,여성,3,3,4,388420,1.0
2024-11-16,FAMILY,미드/롱다운,1,1,1,274500,1.0
2024-11-16,FAMILY,셋업,1,1,1,110770,1.0
2024-11-16,FAMILY,폴로티/집업,1,1,1,99000,1.0
2024-11-16,FAMILY,볼캡,2,2,2,90000,1.0
2024-11-16,FAMILY,폴로/집업티,1,1,1,47970,1.0
2024-11-16,FAMILY,라운드티,1,1,1,35940,1.0
2024-11-16,SILVER,여성,2,2,3,319475,1.0
2024-11-16,SILVER,남성,2,2,2,257420,1.0
2024-11-16,TITANIUM,남성,3,2,5,533740,0.6666666666666666
2024-11-16,TITANIUM,여성,1,1,1,92150,1.0
2024-11-17,FAMILY,남성,21,21,25,1751440,1.0
2024-11-17,FAMILY,미드/롱다운,1,1,1,323000,1.0
2024-11-17,FAMILY,여성,3,3,4,256200,1.0
2024-11-17,FAMILY,긴바지,1,1,1,89500,1.0
2024-11-17,FAMILY,가방,1,1,1,64800,1.0
2024-11-17,FAMILY,맨투맨/후드티,1,1,1,61830,1.0
2024-11-17,FAMILY,장갑,1,1,1,49500,1.0
2024-11-17,FAMILY,볼캡,1,1,1,39000,1.0
2024-11-17,FAMILY,UNKNOWN,1,1,1,27000,1.0
2024-11-17,SILVER,남성,1,1,3,477900,1.0
2024-11-17,TITANIUM,남성,1,1,1,137000,1.0
2024-11-18,FAMILY,남성,32,32,46,3406375,1.0
2024-11-18,FAMILY,여성,7,7,7,1008050,1.0
2024-11-18,FAMILY,셋업,3,3,4,381380,1.0
2024-11-18,FAMILY,볼캡,4,4,5,194860,1.0
2024-11-18,FAMILY,미드/롱다운,1,1,1,164500,1.0
2024-11-18,FAMILY,부츠,1,1,1,79500,1.0
2024-11-18,SILVER,남성,6,6,7,576640,1.0
2024-11-18,SILVER,셋업,2,2,2,182580,1.0
2024-11-18,SILVER,볼캡,2,2,2,98450,1.0
2024-11-18,SILVER,긴바지,1,1,1,93510,1.0
2024-11-18,TITANIUM,남성,1,1,1,111730,1.0
2024-11-19,FAMILY,남성,23,23,35,2108270,1.0
2024-11-19,FAMILY,여성,3,3,3,425060,1.0
2024-11-19,FAMILY,맨투맨/후드티,1,1,2,158400,1.0
2024-11-19,FAMILY,셔츠,1,1,1,104330,1.0
2024-11-19,FAMILY,폴로티/집업,1,1,1,88850,1.0
2024-11-19,FAMILY,긴바지,1,1,1,70900,1.0
2024-11-19,FAMILY,볼캡,2,2,2,68940,1.0
2024-11-19,SILVER,남성,6,6,7,800330,1.0
2024-11-19,SILVER,여성,1,1,1,113440,1.0
2024-11-20,FAMILY,남성,35,35,54,5156760,1.0
2024-11-20,FAMILY,여성,7,7,10,1301030,1.0
2024-11-20,FAMILY,미드/롱다운,2,1,2,559000,0.5
2024-11-20,FAMILY,자켓/ 베스트,3,3,3,145340,1.0
2024-11-20,FAMILY,볼캡,1,1,2,85000,1.0
2024-11-20,FAMILY,가방,1,1,1,63690,1.0
2024-11-20,SILVER,남성,1,1,1,130770,1.0
2024-11-20,SILVER,자켓/ 베스트,1,1,1,49860,1.0
2024-11-20,TITANIUM,남성,1,1,1,118300,1.0
2024-11-21,FAMILY,남성,38,38,47,4294190,1.0
2024-11-21,FAMILY,여성,9,9,10,1115030,1.0
2024-11-21,FAMILY,자켓/ 베스트,3,3,3,221050,1.0
2024-11-21,FAMILY,라운드티,4,4,5,199680,1.0
2024-11-21,FAMILY,셋업,2,2,2,189920,1.0
2024-11-21,FAMILY,볼캡,3,3,3,109770,1.0
2024-11-21,FAMILY,맨투맨/후드티,1,1,1,65170,1.0
2024-11-21,FAMILY,버킷/부니,1,1,1,32500,1.0
2024-11-21,GOLD,남성,1,1,1,102870,1.0
2024-11-21,GOLD,폴로티/집업,1,1,1,71030,1.0
2024-11-21,SILVER,남성,5,5,7,549680,1.0
2024-11-21,TITANIUM,남성,1,1,1,115590,1.0
2024-11-22,FAMILY,남성,28,28,39,3155810,1.0
2024-11-22,FAMILY,여성,5,5,6,822960,1.0
2024-11-22,FAMILY,셋업,3,3,4,488460,1.0
2024-11-22,FAMILY,긴바지,1,1,1,93250,1.0
2024-11-22,FAMILY,UNKNOWN,1,1,1,89500,1.0
2024-11-22,FAMILY,볼캡,2,2,2,85740,1.0
2024-11-22,FAMILY,자켓/ 베스트,1,1,1,53000,1.0
2024-11-22,SILVER,남성,2,2,4,440700,1.0
2024-11-22,SILVER,여성,1,1,1,215400,1.0
2024-11-22,SILVER,등산화,1,1,1,132690,1.0
2024-11-22,SILVER,긴바지,1,1,1,90300,1.0
2024-11-22,SILVER,폴로티/집업,1,1,1,76890,1.0
2024-11-22,TITANIUM,남성,1,1,1,104170,1.0
2024-11-23,FAMILY,남성,22,22,24,2061240,1.0
2024-11-23,FAMILY,여성,2,2,2,370800,1.0
2024-11-23,FAMILY,미드/롱다운,1,1,1,285600,1.0
2024-11-23,FAMILY,장갑,1,1,1,93000,1.0
2024-11-23,FAMILY,볼캡,1,1,1,45000,1.0
2024-11-23,SILVER,남성,3,3,3,182870,1.0
2024-11-24,FAMILY,남성,28,28,35,3767620,1.0
2024-11-24,FAMILY,여성,3,3,3,637790,1.0
2024-11-24,FAMILY,셋업,2,2,5,352330,1.0
2024-11-24,FAMILY,미드/롱다운,1,1,1,324060,1.0
2024-11-24,FAMILY,볼캡,4,4,5,181500,1.0
2024-11-24,FAMILY,자켓/ 베스트,2,2,2,165270,1.0
2024-11-24,FAMILY,하이킹,1,1,1,114500,1.0
2024-11-24,FAMILY,등산화,1,1,1,104500,1.0
2024-11-24,FAMILY,맨투맨/후드티,1,1,1,79200,1.0
2024-11-24,SILVER,남성,6,5,7,1014830,0.8333333333333334
2024-11-25,FAMILY,남성,26,26,30,3344500,1.0
2024-11-25,FAMILY,여성,5,5,5,741330,1.0
2024-11-25,FAMILY,셋업,2,2,4,477800,1.0
2024-11-25,FAMILY,부츠,1,1,3,238500,1.0
2024-11-25,FAMILY,하이킹,1,1,1,83000,1.0
2024-11-25,FAMILY,가방,1,1,1,83000,1.0
2024-11-25,FAMILY,라운드티,1,1,1,39270,1.0
2024-11-25,GOLD,여성,1,1,1,402400,1.0
2024-11-25,GOLD,남성,1,1,2,158160,1.0
2024-11-25,GOLD,맨투맨/후드티,1,1,1,69440,1.0
2024-11-25,SILVER,남성,2,2,3,680130,1.0
2024-11-25,SILVER,여성,2,1,2,489000,0.5
2024-11-25,TITANIUM,남성,1,1,1,70550,1.0
2024-11-26,FAMILY,남성,29,29,42,2923340,1.0
2024-11-26,FAMILY,여성,8,8,9,1228775,1.0
2024-11-26,FAMILY,UNKNOWN,2,2,2,222600,1.0
2024-11-26,FAMILY,자켓/베스트,1,1,1,201100,1.0
2024-11-26,FAMILY,부츠,2,2,2,139000,1.0
2024-11-26,FAMILY,등산화,1,1,1,133770,1.0
2024-11-26,FAMILY,패딩/슬림다운,1,1,1,119500,1.0
2024-11-26,FAMILY,볼캡,2,2,2,81770,1.0
2024-11-26,FAMILY,맨투맨/후드티,1,1,1,72730,1.0
2024-11-26,FAMILY,라운드티,1,1,1,38660,1.0
2024-11-26,SILVER,남성,5,5,5,221230,1.0
2024-11-26,SILVER,맨투맨/후드티,1,1,1,67250,1.0
2024-11-26,TITANIUM,남성,1,1,1,70820,1.0
2024-11-27,FAMILY,남성,36,34,45,4091610,0.9444444444444444
2024-11-27,FAMILY,여성,4,4,4,491610,1.0
2024-11-27,FAMILY,미드/롱다운,1,1,1,279500,1.0
2024-11-27,FAMILY,하이킹,2,2,2,268410,1.0
2024-11-27,FAMILY,맨투맨/후드티,1,1,2,158400,1.0
2024-11-27,FAMILY,셋업,1,1,1,98340,1.0
2024-11-27,FAMILY,장갑,1,1,1,97120,1.0
2024-11-27,FAMILY,등산화,1,1,1,79500,1.0
2024-11-27,FAMILY,볼캡,2,2,2,75310,1.0
2024-11-27,GOLD,남성,1,1,1,33060,1.0
2024-11-27,SILVER,미드/롱다운,1,1,1,259310,1.0
2024-11-27,SILVER,남성,2,2,2,220320,1.0
2024-11-27,SILVER,여성,1,1,1,89290,1.0
2024-11-27,TITANIUM,남성,1,1,1,138000,1.0
2024-11-28,FAMILY,남성,31,31,47,4890920,1.0
2024-11-28,FAMILY,미드/롱다운,4,4,4,1489230,1.0
2024-11-28,FAMILY,여성,6,6,7,909910,1.0
2024-11-28,FAMILY,자켓/베스트,1,1,1,134500,1.0
2024-11-28,FAMILY,셋업,1,1,1,109900,1.0
2024-11-28,FAMILY,캐주얼,1,1,1,66000,1.0
2024-11-28,FAMILY,폴로티/집업,1,1,1,49500,1.0
2024-11-28,FAMILY,라운드티,1,1,1,45300,1.0
2024-11-28,FAMILY,볼캡,1,1,1,38190,1.0
2024-11-28,FAMILY,자켓/ 베스트,1,1,1,33620,1.0
2024-11-28,SILVER,남성,5,5,5,743390,1.0
2024-11-28,SILVER,미드/롱다운,1,1,1,326290,1.0
2024-11-28,SILVER,셋업,2,2,2,270400,1.0
2024-11-28,SILVER,맨투맨/후드티,1,1,1,61510,1.0
2024-11-28,TITANIUM,남성,1,1,1,138000,1.0
2024-11-29,FAMILY,남성,20,20,24,2374800,1.0
2024-11-29,FAMILY,등산화,5,5,5,589420,1.0
2024-11-29,FAMILY,여성,3,3,3,357105,1.0
2024-11-29,FAMILY,셋업,1,1,1,89460,1.0
2024-11-29,FAMILY,폴로티/집업,1,1,1,68900,1.0
2024-11-29,FAMILY,자켓/베스트,1,1,1,64500,1.0
2024-11-29,FAMILY,가방,1,1,1,63955,1.0
2024-11-29,SILVER,남성,1,1,2,328350,1.0
2024-11-29,SILVER,미드/롱다운,1,1,1,279500,1.0
2024-11-29,SILVER,UNKNOWN,1,1,1,108150,1.0
2024-11-30,FAMILY,남성,27,27,28,2787030,1.0
2024-11-30,FAMILY,볼캡,4,4,4,158420,1.0
2024-11-30,FAMILY,여성,3,3,3,126750,1.0
2024-11-30,FAMILY,바람막이,1,1,1,100005,1.0
2024-11-30,FAMILY,부츠,1,1,1,79500,1.0
2024-11-30,FAMILY,셋업,1,1,1,62100,1.0
2024-11-30,FAMILY,맨투맨/후드티,1,1,1,57240,1.0
2024-11-30,GOLD,남성,1,1,1,182350,1.0
2024-11-30,SILVER,남성,4,4,7,379690,1.0
2024-11-30,SILVER,여성,2,2,2,306190,1.0
2024-11-30,SILVER,패딩/슬림다운,1,1,1,115405,1.0
2024-11-30,SILVER,등산화,1,1,1,107970,1.0
2024-12-01,FAMILY,남성,123,120,161,9609355,0.975609756097561
2024-12-01,FAMILY,여성,11,10,12,1145520,0.9090909090909091
2024-12-01,FAMILY,하이킹,4,4,4,401990,1.0
2024-12-01,FAMILY,셋업,4,4,4,354620,1.0
2024-12-01,FAMILY,가방,5,5,5,348480,1.0
2024-12-01,FAMILY,볼캡,5,5,5,183770,1.0
2024-12-01,FAMILY,라운드티,5,5,5,168890,1.0
2024-12-01,FAMILY,자켓/ 베스트,1,1,1,152860,1.0
2024-12-01,FAMILY,트레일러닝,1,1,1,75650,1.0
2024-12-01,FAMILY,부츠,1,1,1,69500,1.0
2024-12-01,FAMILY,UNKNOWN,1,1,1,51850,1.0
2024-12-01,GOLD,남성,2,2,3,82180,1.0
2024-12-01,SILVER,남성,7,7,7,1071440,1.0
2024-12-01,TITANIUM,남성,3,2,3,617550,0.6666666666666666
2024-12-02,FAMILY,남성,42,41,51,5107939,0.9761904761904762
2024-12-02,FAMILY,여성,5,5,6,699080,1.0
2024-12-02,FAMILY,미드/롱다운,1,1,1,274500,1.0
2024-12-02,FAMILY,하이킹,2,2,2,257430,1.0
2024-12-02,FAMILY,셋업,3,3,4,241300,1.0
2024-12-02,FAMILY,UNKNOWN,2,2,2,165720,1.0
2024-12-02,FAMILY,긴바지,1,1,1,116570,1.0
2024-12-02,FAMILY,등산화,1,1,1,104500,1.0
2024-12-02,FAMILY,맨투맨/후드티,1,1,1,69300,1.0
2024-12-02,GOLD,패딩/슬림다운,1,1,1,160150,1.0
2024-12-02,GOLD,남성,1,1,1,123160,1.0
2024-12-02,SILVER,남성,8,8,11,1103140,1.0
2024-12-02,SILVER,UNKNOWN,1,1,1,124490,1.0
2024-12-02,SILVER,맨투맨/후드티,1,1,1,69040,1.0
2024-12-02,TITANIUM,남성,2,1,2,181820,0.5
2024-12-03,FAMILY,남성,19,19,26,2128290,1.0
2024-12-03,FAMILY,미드/롱다운,1,1,1,447200,1.0
2024-12-03,FAMILY,여성,4,4,4,366890,1.0
2024-12-03,FAMILY,긴바지,1,1,1,125300,1.0
2024-12-03,FAMILY,부츠,1,1,1,97300,1.0
2024-12-03,FAMILY,가방,1,1,1,80630,1.0
2024-12-03,FAMILY,볼캡,1,1,1,60000,1.0
2024-12-03,FAMILY,셋업,1,1,1,49640,1.0
2024-12-03,FAMILY,자켓/베스트,1,1,1,44500,1.0
2024-12-03,FAMILY,라운드티,1,1,1,38490,1.0
2024-12-03,GOLD,셋업,1,1,1,99300,1.0
2024-12-03,GOLD,폴로티/집업,1,1,1,69300,1.0
2024-12-03,SILVER,남성,3,3,6,525040,1.0
2024-12-03,SILVER,맨투맨/후드티,1,1,1,65550,1.0
2024-12-03,SILVER,볼캡,1,1,1,45150,1.0
2024-12-03,TITANIUM,남성,1,1,2,177470,1.0
2024-12-04,FAMILY,남성,24,24,33,2271020,1.0
2024-12-04,FAMILY,셋업,1,1,2,189000,1.0
2024-12-04,FAMILY,여성,2,2,2,155650,1.0
2024-12-04,FAMILY,하이킹,1,1,1,137000,1.0
2024-12-04,FAMILY,부츠,1,1,1,111300,1.0
2024-12-04,FAMILY,등산화,1,1,1,84500,1.0
2024-12-04,FAMILY,볼캡,1,1,1,60000,1.0
2024-12-04,FAMILY,자켓/ 베스트,1,1,1,53000,1.0
2024-12-04,GOLD,남성,1,1,2,79000,1.0
2024-12-04,SILVER,남성,2,2,2,164660,1.0
2024-12-04,TITANIUM,남성,2,1,3,396900,0.5
2024-12-05,FAMILY,남성,10,10,14,1106830,1.0
2024-12-05,FAMILY,미드/롱다운,4,3,4,1103000,0.75
2024-12-05,FAMILY,셋업,2,2,2,129540,1.0
2024-12-05,FAMILY,UNKNOWN,1,1,1,125300,1.0
2024-12-05,FAMILY,여성,2,2,2,108100,1.0
2024-12-05,FAMILY,폴로티/집업,1,1,1,64300,1.0
2024-12-05,FAMILY,자켓/베스트,1,1,1,33870,1.0
2024-12-05,FAMILY,라운드티,1,1,1,24520,1.0
2024-12-05,SILVER,남성,2,2,2,246850,1.0
2024-12-05,SILVER,볼캡,1,1,1,51510,1.0
2024-12-05,TITANIUM,남성,2,1,2,180700,0.5
2024-12-06,FAMILY,남성,38,37,45,5020310,0.9736842105263158
2024-12-06,FAMILY,부츠,5,5,5,1339100,1.0
2024-12-06,FAMILY,가방,1,1,4,332000,1.0
2024-12-06,FAMILY,여성,4,4,4,196940,1.0
2024-12-06,FAMILY,셋업,3,3,3,184250,1.0
2024-12-06,FAMILY,긴바지,1,1,1,161000,1.0
2024-12-06,FAMILY,볼캡,1,1,1,57340,1.0
2024-12-06,FAMILY,자켓/ 베스트,1,1,1,48550,1.0
2024-12-06,FAMILY,액세서리,1,1,1,9310,1.0
2024-12-06,GOLD,남성,2,2,3,166000,1.0
2024-12-06,SILVER,남성,10,8,11,1727340,0.8
2024-12-06,TITANIUM,남성,1,1,1,125400,1.0
2024-12-07,FAMILY,남성,11,11,13,1344510,1.0
2024-12-07,FAMILY,긴바지,2,2,2,236720,1.0
2024-12-07,FAMILY,여성,2,2,2,99570,1.0
2024-12-07,FAMILY,폴로티/집업,1,1,1,69300,1.0
2024-12-07,SILVER,부츠,1,1,1,269000,1.0
2024-12-07,SILVER,남성,2,2,2,156280,1.0
2024-12-08,FAMILY,남성,25,22,30,3044660,0.88
2024-12-08,FAMILY,UNKNOWN,2,2,2,489450,1.0
2024-12-08,FAMILY,미드/롱다운,1,1,1,384300,1.0
2024-12-08,FAMILY,자켓/ 베스트,1,1,4,212000,1.0
2024-12-08,FAMILY,패딩/슬림다운,1,1,1,157180,1.0
2024-12-08,FAMILY,폴로티/집업,1,1,1,69300,1.0
2024-12-08,FAMILY,액세서리,2,2,2,19170,1.0
2024-12-08,FAMILY,여성,1,1,1,8960,1.0
2024-12-08,SILVER,남성,8,8,14,820490,1.0
2024-12-08,SILVER,여성,2,2,4,183640,1.0
2024-12-08,SILVER,긴바지,1,1,1,159110,1.0
2024-12-08,SILVER,자켓/베스트,1,1,1,99000,1.0
2024-12-08,SILVER,부츠,1,1,1,97310,1.0
2024-12-08,SILVER,맨투맨/후드티,1,1,1,55670,1.0
2024-12-08,SILVER,액세서리,1,1,1,11000,1.0
2024-12-08,TITANIUM,남성,6,2,7,819830,0.3333333333333333
2024-12-08,TITANIUM,UNKNOWN,1,1,2,240930,1.0
2024-12-08,TITANIUM,가방,1,1,1,79790,1.0
2024-12-08,TITANIUM,폴로티/집업,1,1,1,66620,1.0
2024-12-09,FAMILY,남성,25,25,32,2645360,1.0
2024-12-09,FAMILY,여성,2,2,2,340700,1.0
2024-12-09,FAMILY,셋업,3,3,3,247580,1.0
2024-12-09,FAMILY,긴바지,1,1,1,156000,1.0
2024-12-09,FAMILY,하이킹,1,1,1,137000,1.0
2024-12-09,FAMILY,부츠,1,1,1,111300,1.0
2024-12-09,FAMILY,UNKNOWN,1,1,1,89500,1.0
2024-12-09,FAMILY,폴로티/집업,1,1,1,64620,1.0
2024-12-09,FAMILY,볼캡,1,1,1,56720,1.0
2024-12-09,FAMILY,액세서리,1,1,1,11000,1.0
2024-12-09,GOLD,남성,1,1,1,111510,1.0
2024-12-09,SILVER,남성,2,2,2,339800,1.0
2024-12-09,TITANIUM,남성,1,1,1,132300,1.0
2024-12-10,FAMILY,남성,26,19,36,2792080,0.7307692307692307
2024-12-10,FAMILY,여성,4,4,6,334270,1.0
2024-12-10,FAMILY,미드/롱다운,1,1,1,279500,1.0
2024-12-10,FAMILY,긴바지,1,1,1,89500,1.0
2024-12-10,FAMILY,폴로티/집업,1,1,1,66810,1.0
2024-12-10,FAMILY,액세서리,2,2,5,51830,1.0
2024-12-10,FAMILY,자켓/ 베스트,1,1,1,44500,1.0
2024-12-10,FAMILY,볼캡,1,1,1,37500,1.0
2024-12-10,FAMILY,셋업,1,1,1,34500,1.0
2024-12-10,GOLD,남성,1,1,2,31000,1.0
2024-12-10,SILVER,미드/롱다운,1,1,1,279500,1.0
2024-12-10,SILVER,남성,2,2,2,246960,1.0
2024-12-10,SILVER,폴로티/집업,1,1,1,60530,1.0
2024-12-11,FAMILY,남성,21,21,31,2222890,1.0
2024-12-11,FAMILY,미드/롱다운,1,1,1,447200,1.0
2024-12-11,FAMILY,여성,3,3,5,427560,1.0
2024-12-11,FAMILY,하이킹,1,1,2,264000,1.0
2024-12-11,FAMILY,등산화,1,1,1,131000,1.0
2024-12-11,FAMILY,맨투맨/후드티,1,1,1,65450,1.0
2024-12-11,GOLD,남성,2,2,2,88000,1.0
2024-12-11,SILVER,여성,1,1,1,346460,1.0
2024-12-11,SILVER,남성,4,4,4,282580,1.0
2024-12-11,SILVER,긴바지,1,1,1,151000,1.0
2024-12-11,TITANIUM,남성,1,1,1,133840,1.0
2024-12-12,FAMILY,남성,23,22,30,2110780,0.9565217391304348
2024-12-12,FAMILY,셋업,3,3,5,312500,1.0
2024-12-12,FAMILY,미드/롱다운,1,1,1,274500,1.0
2024-12-12,FAMILY,긴바지,1,1,1,89500,1.0
2024-12-12,FAMILY,볼캡,2,2,2,73100,1.0
2024-12-12,FAMILY,폴로티/집업,1,1,1,49500,1.0
2024-12-12,FAMILY,여성,2,2,2,48330,1.0
2024-12-12,GOLD,남성,2,2,2,146470,1.0
2024-12-12,SILVER,셋업,2,2,2,160090,1.0
2024-12-12,SILVER,남성,1,1,1,103820,1.0
2024-12-12,SILVER,여성,1,1,1,47760,1.0
2024-12-13,FAMILY,남성,21,21,23,1817770,1.0
2024-12-13,FAMILY,셋업,1,1,1,105990,1.0
2024-12-13,FAMILY,자켓/베스트,1,1,1,54300,1.0
2024-12-13,FAMILY,여성,1,1,1,50450,1.0
2024-12-13,FAMILY,라운드티,1,1,1,49120,1.0
2024-12-13,FAMILY,UNKNOWN,1,1,1,43200,1.0
2024-12-13,FAMILY,액세서리,1,1,4,22000,1.0
2024-12-13,SILVER,남성,1,1,1,121180,1.0
2024-12-13,SILVER,셋업,1,1,1,104390,1.0
2024-12-13,SILVER,폴로티/집업,1,1,1,60000,1.0
2024-12-13,TITANIUM,남성,4,2,6,684540,0.5
2024-12-14,FAMILY,남성,15,15,22,1491740,1.0
2024-12-14,FAMILY,하이킹,1,1,1,132000,1.0
2024-12-14,FAMILY,부츠,1,1,1,111300,1.0
2024-12-14,FAMILY,셋업,1,1,1,104300,1.0
2024-12-14,FAMILY,캐주얼,1,1,1,69790,1.0
2024-12-14,FAMILY,여성,2,2,2,68340,1.0
2024-12-14,FAMILY,자켓/베스트,1,1,1,62300,1.0
2024-12-14,FAMILY,액세서리,2,2,3,31100,1.0
2024-12-14,SILVER,남성,2,2,2,69710,1.0
2024-12-14,TITANIUM,남성,1,1,2,278600,1.0
2024-12-15,FAMILY,남성,17,17,26,3050650,1.0
2024-12-15,FAMILY,여성,5,5,5,407910,1.0
2024-12-15,FAMILY,셋업,3,3,4,316420,1.0
2024-12-15,FAMILY,등산화,1,1,1,189000,1.0
2024-12-15,FAMILY,미드/롱다운,1,1,1,164500,1.0
2024-12-15,FAMILY,긴바지,1,1,1,89500,1.0
2024-12-15,FAMILY,가방,1,1,1,80060,1.0
2024-12-15,FAMILY,폴로티/집업,1,1,1,49500,1.0
2024-12-15,GOLD,남성,1,1,2,208500,1.0
2024-12-15,SILVER,남성,2,2,5,191460,1.0
2024-12-15,SILVER,여성,1,1,1,159500,1.0
2024-12-16,FAMILY,남성,28,28,35,2623510,1.0
2024-12-16,FAMILY,미드/롱다운,2,2,2,559000,1.0
2024-12-16,FAMILY,셋업,4,4,4,414300,1.0
2024-12-16,FAMILY,자켓/베스트,1,1,1,109000,1.0
2024-12-16,FAMILY,폴로티/집업,1,1,1,63080,1.0
2024-12-16,GOLD,셋업,1,1,1,43160,1.0
2024-12-16,SILVER,남성,3,3,4,380680,1.0
2024-12-16,SILVER,부츠,1,1,1,106220,1.0
2024-12-17,FAMILY,남성,18,17,30,1951190,0.9444444444444444
2024-12-17,FAMILY,미드/롱다운,1,1,4,658000,1.0
2024-12-17,FAMILY,여성,1,1,1,109500,1.0
2024-12-17,FAMILY,자켓/ 베스트,1,1,2,106000,1.0
2024-12-17,FAMILY,폴로티/집업,1,1,1,69300,1.0
2024-12-17,FAMILY,액세서리,1,1,3,32000,1.0
2024-12-17,SILVER,볼캡,1,1,1,60000,1.0
2024-12-17,TITANIUM,남성,1,1,1,117580,1.0
2024-12-18,FAMILY,남성,12,12,17,1755560,1.0
2024-12-18,FAMILY,미드/롱다운,1,1,1,384300,1.0
2024-12-18,FAMILY,여성,3,3,3,347450,1.0
2024-12-18,FAMILY,하이킹,1,1,1,137000,1.0
2024-12-18,FAMILY,셋업,1,1,1,116160,1.0
2024-12-18,FAMILY,부츠,1,1,1,72700,1.0
2024-12-18,FAMILY,폴로티/집업,1,1,1,67020,1.0
2024-12-18,FAMILY,액세서리,1,1,6,64860,1.0
2024-12-18,GOLD,남성,2,2,2,88520,1.0
2024-12-18,SILVER,남성,5,4,6,617950,0.8
2024-12-18,TITANIUM,남성,1,1,1,132300,1.0
2024-12-19,FAMILY,남성,26,26,34,2218900,1.0
2024-12-19,FAMILY,미드/롱다운,3,3,3,872550,1.0
2024-12-19,FAMILY,여성,5,5,5,515800,1.0
2024-12-19,FAMILY,UNKNOWN,1,1,1,445650,1.0
2024-12-19,FAMILY,패딩/슬림다운,2,2,2,334600,1.0
2024-12-19,FAMILY,장갑,2,2,2,73500,1.0
2024-12-19,FAMILY,액세서리,3,3,3,20500,1.0
2024-12-19,GOLD,남성,2,2,3,243800,1.0
2024-12-19,GOLD,셋업,1,1,1,99300,1.0
2024-12-19,GOLD,폴로티/집업,1,1,1,69300,1.0
2024-12-19,GOLD,폴로/집업티,1,1,1,62300,1.0
2024-12-19,SILVER,남성,2,2,2,295030,1.0
2024-12-19,SILVER,UNKNOWN,1,1,1,33200,1.0
2024-12-19,TITANIUM,패딩/슬림다운,1,1,1,167300,1.0
2024-12-19,TITANIUM,남성,1,1,1,48300,1.0
2024-12-20,FAMILY,남성,15,15,24,1604770,1.0
2024-12-20,FAMILY,여성,2,2,2,239980,1.0
2024-12-20,FAMILY,셋업,1,1,1,100720,1.0
2024-12-20,FAMILY,부츠,1,1,1,96800,1.0
2024-12-20,FAMILY,등산화,1,1,1,94500,1.0
2024-12-20,FAMILY,UNKNOWN,1,1,1,89500,1.0
2024-12-20,FAMILY,가방,1,1,1,81050,1.0
2024-12-20,FAMILY,액세서리,1,1,1,5500,1.0
2024-12-20,SILVER,남성,2,1,2,84000,0.5
2024-12-20,TITANIUM,남성,1,1,1,135290,1.0
2024-12-21,FAMILY,남성,16,14,29,1991060,0.875
2024-12-21,FAMILY,여성,2,2,2,334000,1.0
2024-12-21,FAMILY,등산화,2,2,2,220370,1.0
2024-12-21,FAMILY,셋업,2,2,2,178300,1.0
2024-12-21,SILVER,여성,1,1,1,55300,1.0
2024-12-21,SILVER,남성,1,1,2,51260,1.0
2024-12-22,FAMILY,남성,12,12,12,1051800,1.0
2024-12-22,FAMILY,여성,5,5,5,773610,1.0
2024-12-22,FAMILY,미드/롱다운,1,1,1,274500,1.0
2024-12-22,FAMILY,폴로티/집업,2,2,2,134600,1.0
2024-12-22,FAMILY,볼캡,1,1,1,59000,1.0
2024-12-22,FAMILY,셋업,1,1,1,49020,1.0
2024-12-22,FAMILY,자켓/ 베스트,1,1,1,27790,1.0
2024-12-22,FAMILY,액세서리,1,1,1,11000,1.0
2024-12-22,SILVER,미드/롱다운,1,1,1,318110,1.0
2024-12-22,SILVER,인터체인지 (3 in 1),1,1,1,258300,1.0
2024-12-22,SILVER,남성,1,1,1,40000,1.0
2024-12-22,TITANIUM,남성,1,1,1,139300,1.0
2024-12-23,FAMILY,남성,16,15,20,1814890,0.9375
2024-12-23,FAMILY,여성,2,2,2,417080,1.0
2024-12-23,FAMILY,부츠,3,2,3,218500,0.6666666666666666
2024-12-23,FAMILY,셋업,1,1,1,130840,1.0
2024-12-23,FAMILY,볼캡,2,2,2,75000,1.0
2024-12-23,SILVER,남성,2,2,2,191980,1.0
2024-12-23,SILVER,긴바지,1,1,1,123520,1.0
2024-12-23,SILVER,여성,1,1,1,39500,1.0
2024-12-24,FAMILY,남성,25,23,36,2222490,0.92
2024-12-24,FAMILY,미드/롱다운,2,2,2,559000,1.0
2024-12-24,FAMILY,액세서리,2,2,4,30810,1.0
2024-12-24,SILVER,여성,1,1,1,233730,1.0
2024-12-24,SILVER,남성,1,1,1,47580,1.0
2024-12-25,FAMILY,남성,27,27,32,2403490,1.0
2024-12-25,FAMILY,폴로티/집업,3,3,3,202790,1.0
2024-12-25,FAMILY,셋업,2,2,2,201900,1.0
2024-12-25,FAMILY,여성,5,5,5,144270,1.0
2024-12-25,FAMILY,패딩/슬림다운,1,1,1,119500,1.0
2024-12-25,FAMILY,부츠,1,1,1,76570,1.0
2024-12-25,FAMILY,자켓/ 베스트,1,1,1,50270,1.0
2024-12-25,FAMILY,UNKNOWN,1,1,1,38200,1.0
2024-12-25,FAMILY,액세서리,3,3,4,34470,1.0
2024-12-25,FAMILY,장갑,1,1,1,22170,1.0
2024-12-25,SILVER,남성,5,5,11,547090,1.0
2024-12-25,SILVER,UNKNOWN,1,1,1,125300,1.0
2024-12-25,SILVER,여성,1,1,1,80330,1.0
2024-12-25,SILVER,가방,1,1,1,72940,1.0
2024-12-26,FAMILY,남성,24,24,39,1454650,1.0
2024-12-26,FAMILY,하이킹,1,1,1,137000,1.0
2024-12-26,FAMILY,장갑,2,2,2,93460,1.0
2024-12-26,FAMILY,액세서리,5,5,8,71780,1.0
2024-12-26,FAMILY,라운드티,2,2,2,67050,1.0
2024-12-26,FAMILY,폴로티/집업,1,1,1,49810,1.0
2024-12-26,FAMILY,자켓/ 베스트,1,1,1,36240,1.0
2024-12-26,FAMILY,여성,2,2,2,21210,1.0
2024-12-26,GOLD,남성,1,1,2,190500,1.0
2024-12-26,SILVER,남성,3,3,3,278440,1.0
2024-12-26,TITANIUM,남성,1,1,1,13750,1.0
2024-12-27,FAMILY,남성,18,17,20,1143610,0.9444444444444444
2024-12-27,FAMILY,폴로티/집업,4,4,4,202060,1.0
2024-12-27,FAMILY,여성,3,3,3,153230,1.0
2024-12-27,FAMILY,볼캡,3,3,3,125670,1.0
2024-12-27,FAMILY,부츠,1,1,1,79500,1.0
2024-12-27,GOLD,긴바지,1,1,1,79000,1.0
2024-12-27,GOLD,남성,1,1,1,30200,1.0
2024-12-27,SILVER,남성,3,3,3,185890,1.0
2024-12-27,SILVER,긴바지,1,1,1,109300,1.0
2024-12-28,FAMILY,남성,11,11,17,719760,1.0
2024-12-28,FAMILY,등산화,1,1,1,112890,1.0
2024-12-28,FAMILY,맨투맨/후드티,1,1,1,55590,1.0
2024-12-28,SILVER,남성,3,3,4,279550,1.0
2024-12-28,TITANIUM,남성,1,1,1,120940,1.0
2024-12-29,FAMILY,남성,18,18,22,1691700,1.0
2024-12-29,FAMILY,미드/롱다운,1,1,1,380730,1.0
2024-12-29,FAMILY,가방,3,3,3,162260,1.0
2024-12-29,FAMILY,하이킹,1,1,1,137000,1.0
2024-12-29,FAMILY,폴로티/집업,2,2,2,128070,1.0
2024-12-29,FAMILY,긴바지,1,1,1,124140,1.0
2024-12-29,FAMILY,UNKNOWN,1,1,1,34510,1.0
2024-12-29,FAMILY,액세서리,1,1,2,16050,1.0
2024-12-29,SILVER,남성,3,3,3,182500,1.0
2024-12-29,TITANIUM,남성,2,2,2,209720,1.0
2024-12-30,FAMILY,남성,22,21,25,2159310,0.9545454545454546
2024-12-30,FAMILY,여성,4,4,4,700860,1.0
2024-12-30,FAMILY,미드/롱다운,2,2,2,554000,1.0
2024-12-30,FAMILY,셋업,3,3,3,172890,1.0
2024-12-30,FAMILY,등산화,1,1,1,124130,1.0
2024-12-30,FAMILY,가방,1,1,1,74680,1.0
2024-12-30,FAMILY,폴로티/집업,1,1,1,37500,1.0
2024-12-30,FAMILY,액세서리,2,2,2,14250,1.0
2024-12-30,GOLD,남성,1,1,1,215740,1.0
2024-12-30,SILVER,남성,5,5,6,729230,1.0
2024-12-30,SILVER,등산화,1,1,3,387130,1.0
2024-12-30,SILVER,여성,1,1,1,63270,1.0
2024-12-31,FAMILY,남성,36,35,54,1666870,0.9722222222222222
2024-12-31,FAMILY,여성,10,10,10,417080,1.0
2024-12-31,FAMILY,셋업,3,3,5,280320,1.0
2024-12-31,FAMILY,미드/롱다운,1,1,1,279500,1.0
2024-12-31,FAMILY,하이킹,1,1,1,132060,1.0
2024-12-31,FAMILY,패딩/슬림다운,1,1,1,129920,1.0
2024-12-31,FAMILY,등산화,1,1,1,104870,1.0
2024-12-31,FAMILY,장갑,1,1,1,19500,1.0
2024-12-31,FAMILY,액세서리,2,2,2,11000,1.0
2024-12-31,SILVER,남성,2,2,3,293900,1.0
2024-12-31,SILVER,여성,2,2,2,136660,1.0
2025-01-01,FAMILY,남성,17,16,19,1347520,0.9411764705882353
2025-01-01,FAMILY,셋업,3,3,4,253900,1.0
2025-01-01,FAMILY,등산화,1,1,1,139300,1.0
2025-01-01,FAMILY,자켓/베스트,1,1,1,99610,1.0
2025-01-01,FAMILY,폴로티/집업,1,1,1,49500,1.0
2025-01-01,FAMILY,라운드티,1,1,1,39930,1.0
2025-01-01,FAMILY,여성,1,1,1,10620,1.0
2025-01-01,FAMILY,액세서리,1,1,1,7040,1.0
2025-01-01,SILVER,남성,2,2,2,94470,1.0
2025-01-01,TITANIUM,남성,3,2,5,531850,0.6666666666666666
2025-01-01,TITANIUM,긴바지,1,1,1,125300,1.0
2025-01-02,FAMILY,남성,9,8,13,749100,0.8888888888888888
2025-01-02,FAMILY,여성,4,4,5,420610,1.0
2025-01-02,FAMILY,UNKNOWN,2,2,2,149400,1.0
2025-01-02,FAMILY,부츠,2,1,2,149000,0.5
2025-01-02,FAMILY,셋업,1,1,1,123470,1.0
2025-01-02,FAMILY,볼캡,1,1,1,47200,1.0
2025-01-02,SILVER,자켓/ 베스트,1,1,1,208450,1.0
2025-01-02,SILVER,남성,1,1,2,167610,1.0
2025-01-02,SILVER,하이킹,1,1,1,123000,1.0
2025-01-02,SILVER,부츠,1,1,1,111300,1.0
2025-01-02,SILVER,맨투맨/후드티,1,1,1,69020,1.0
2025-01-02,SILVER,폴로/집업티,1,1,1,62050,1.0
2025-01-02,TITANIUM,패딩/슬림다운,1,1,2,330280,1.0
2025-01-02,TITANIUM,남성,1,1,2,219720,1.0
2025-01-03,FAMILY,남성,15,15,18,1105300,1.0
2025-01-03,FAMILY,여성,3,3,3,303070,1.0
2025-01-03,FAMILY,셋업,1,1,1,74500,1.0
2025-01-03,GOLD,남성,1,1,1,175200,1.0
2025-01-03,GOLD,여성,1,1,1,90300,1.0
2025-01-03,SILVER,미드/롱다운,1,1,1,378850,1.0
2025-01-03,SILVER,긴바지,1,1,1,125300,1.0
2025-01-03,SILVER,셋업,1,1,1,125150,1.0
2025-01-03,SILVER,남성,2,2,2,71700,1.0
2025-01-04,FAMILY,남성,5,5,7,499540,1.0
2025-01-04,FAMILY,여성,2,2,2,125500,1.0
2025-01-04,FAMILY,셋업,1,1,1,102040,1.0
2025-01-04,FAMILY,자켓/ 베스트,1,1,2,89000,1.0
2025-01-04,FAMILY,자켓/베스트,1,1,1,58300,1.0
2025-01-04,FAMILY,맨투맨/후드티,1,1,1,55060,1.0
2025-01-04,FAMILY,액세서리,1,1,1,7500,1.0
2025-01-04,GOLD,남성,1,1,2,190000,1.0
2025-01-04,SILVER,여성,2,2,4,203170,1.0
2025-01-04,SILVER,자켓/베스트,1,1,1,56170,1.0
2025-01-04,SILVER,남성,1,1,1,31560,1.0
2025-01-04,TITANIUM,남성,2,2,3,402660,1.0
2025-01-05,FAMILY,남성,7,7,10,642940,1.0
2025-01-05,FAMILY,여성,2,2,2,186440,1.0
2025-01-05,FAMILY,미드/롱다운,1,1,1,164500,1.0
2025-01-05,FAMILY,부츠,1,1,1,79500,1.0
2025-01-05,FAMILY,자켓/ 베스트,1,1,1,53000,1.0
2025-01-05,FAMILY,액세서리,1,1,1,10430,1.0
2025-01-05,SILVER,남성,2,2,2,276040,1.0
2025-01-05,SILVER,등산화,1,1,1,113250,1.0
2025-01-06,FAMILY,남성,13,12,14,1269990,0.9230769230769231
2025-01-06,FAMILY,여성,4,4,5,566470,1.0
2025-01-06,FAMILY,등산화,1,1,1,147750,1.0
2025-01-06,FAMILY,하이킹,1,1,1,137000,1.0
2025-01-06,FAMILY,폴로티/집업,1,1,1,55480,1.0
2025-01-06,GOLD,남성,1,1,1,35450,1.0
2025-01-06,SILVER,여성,3,3,5,509800,1.0
2025-01-06,SILVER,남성,3,2,3,151300,0.6666666666666666
2025-01-07,FAMILY,남성,19,19,22,1704710,1.0
2025-01-07,FAMILY,미드/롱다운,2,2,2,721700,1.0
2025-01-07,FAMILY,여성,1,1,1,113670,1.0
2025-01-07,FAMILY,폴로티/집업,1,1,1,69300,1.0
2025-01-07,FAMILY,장갑,1,1,1,24500,1.0
2025-01-07,SILVER,셋업,1,1,1,108150,1.0
2025-01-07,TITANIUM,여성,1,1,1,367200,1.0
2025-01-07,TITANIUM,남성,2,2,4,351060,1.0
2025-01-07,TITANIUM,맨투맨/후드티,1,1,1,69300,1.0
2025-01-08,FAMILY,남성,19,18,23,1863770,0.9473684210526315
2025-01-08,FAMILY,여성,4,4,4,407030,1.0
2025-01-08,FAMILY,셋업,2,2,2,133890,1.0
2025-01-08,FAMILY,하이킹,1,1,1,114500,1.0
2025-01-08,FAMILY,액세서리,1,1,1,7500,1.0
2025-01-08,SILVER,미드/롱다운,3,3,3,1025930,1.0
2025-01-08,SILVER,남성,3,3,5,687590,1.0
2025-01-08,SILVER,여성,1,1,1,119510,1.0
2025-01-08,SILVER,라운드티,1,1,1,52520,1.0
2025-01-09,FAMILY,남성,15,15,16,1412860,1.0
2025-01-09,FAMILY,미드/롱다운,2,2,2,559000,1.0
2025-01-09,FAMILY,긴바지,1,1,1,125300,1.0
2025-01-09,FAMILY,여성,1,1,1,100630,1.0
2025-01-09,FAMILY,등산화,1,1,1,95690,1.0
2025-01-09,FAMILY,가방,1,1,1,83000,1.0
2025-01-09,FAMILY,라운드티,1,1,1,57050,1.0
2025-01-09,FAMILY,폴로/집업티,1,1,1,44500,1.0
2025-01-09,FAMILY,자켓/ 베스트,1,1,1,38150,1.0
2025-01-09,FAMILY,볼캡,1,1,1,35000,1.0
2025-01-09,FAMILY,UNKNOWN,1,1,1,33200,1.0
2025-01-09,GOLD,남성,1,1,1,125300,1.0
2025-01-09,SILVER,남성,5,5,6,458430,1.0
2025-01-09,TITANIUM,셋업,1,1,3,333120,1.0
2025-01-09,TITANIUM,미드/롱다운,1,1,1,327670,1.0
2025-01-09,TITANIUM,남성,2,2,3,298490,1.0
2025-01-09,TITANIUM,가방,1,1,1,81510,1.0
2025-01-10,FAMILY,남성,14,14,17,1393000,1.0
2025-01-10,FAMILY,여성,5,3,5,784000,0.6
2025-01-10,FAMILY,미드/롱다운,1,1,1,376750,1.0
2025-01-10,FAMILY,인터체인지 (3 in 1),1,1,1,251190,1.0
2025-01-10,FAMILY,부츠,1,1,1,106310,1.0
2025-01-10,FAMILY,액세서리,4,4,9,100590,1.0
2025-01-10,FAMILY,자켓/ 베스트,1,1,1,53000,1.0
2025-01-10,GOLD,남성,2,1,2,884610,0.5
2025-01-10,GOLD,여성,1,1,1,47390,1.0
2025-01-10,GOLD,셋업,1,1,1,47310,1.0
2025-01-10,SILVER,여성,1,1,1,244300,1.0
2025-01-10,SILVER,남성,2,2,2,122910,1.0
2025-01-10,TITANIUM,남성,1,1,1,97300,1.0
2025-01-10,TITANIUM,셋업,1,1,1,55200,1.0
2025-01-11,FAMILY,남성,9,9,9,681360,1.0
2025-01-11,SILVER,남성,4,4,4,720230,1.0
2025-01-11,SILVER,여성,1,1,1,57330,1.0
2025-01-12,FAMILY,남성,10,10,12,876880,1.0
2025-01-12,FAMILY,여성,2,2,2,128070,1.0
2025-01-12,FAMILY,액세서리,2,2,3,30200,1.0
2025-01-12,GOLD,남성,1,1,1,209300,1.0
2025-01-12,SILVER,남성,5,5,7,671800,1.0
2025-01-12,SILVER,여성,2,2,2,264360,1.0
2025-01-12,SILVER,등산화,1,1,1,153300,1.0
2025-01-12,SILVER,하이킹,1,1,1,128430,1.0
2025-01-13,FAMILY,남성,54,53,72,3397200,0.9814814814814815
2025-01-13,FAMILY,여성,9,9,9,785630,1.0
2025-01-13,FAMILY,하이킹,4,4,4,369450,1.0
2025-01-13,FAMILY,셋업,3,3,4,335700,1.0
2025-01-13,FAMILY,긴바지,2,2,2,253850,1.0
2025-01-13,FAMILY,UNKNOWN,4,4,4,214980,1.0
2025-01-13,FAMILY,등산화,2,2,2,174000,1.0
2025-01-13,FAMILY,볼캡,2,2,2,74200,1.0
2025-01-13,FAMILY,액세서리,5,5,8,65360,1.0
2025-01-13,FAMILY,자켓/ 베스트,2,2,2,53930,1.0
2025-01-13,FAMILY,장갑,1,1,1,39550,1.0
2025-01-13,SILVER,여성,3,3,3,448540,1.0
2025-01-13,SILVER,남성,5,5,6,390760,1.0
2025-01-13,SILVER,가방,1,1,1,60510,1.0
2025-01-13,SILVER,셋업,1,1,1,40960,1.0
2025-01-13,TITANIUM,셋업,1,1,2,90000,1.0
2025-01-13,TITANIUM,남성,2,2,2,86580,1.0
2025-01-14,FAMILY,남성,22,22,30,1979740,1.0
2025-01-14,FAMILY,여성,5,5,6,500060,1.0
2025-01-14,FAMILY,자켓/ 베스트,4,4,5,275170,1.0
2025-01-14,FAMILY,미드/롱다운,1,1,1,274500,1.0
2025-01-14,FAMILY,패딩/슬림다운,1,1,3,218500,1.0
2025-01-14,FAMILY,셋업,1,1,1,86130,1.0
2025-01-14,FAMILY,캐주얼,1,1,1,61830,1.0
2025-01-14,FAMILY,맨투맨/후드티,1,1,1,49500,1.0
2025-01-14,FAMILY,라운드티,1,1,1,38520,1.0
2025-01-14,FAMILY,볼캡,1,1,1,29500,1.0
2025-01-14,FAMILY,액세서리,1,1,2,11000,1.0
2025-01-14,SILVER,여성,2,2,2,471930,1.0
2025-01-14,SILVER,남성,3,3,6,229300,1.0
2025-01-14,SILVER,등산화,1,1,1,103430,1.0
2025-01-14,TITANIUM,남성,1,1,4,165500,1.0
2025-01-15,FAMILY,남성,17,17,25,1082840,1.0
2025-01-15,FAMILY,등산화,1,1,1,115520,1.0
2025-01-15,FAMILY,여성,2,2,2,103180,1.0
2025-01-15,FAMILY,하이킹,1,1,1,69530,1.0
2025-01-15,FAMILY,폴로/집업티,1,1,1,58970,1.0
2025-01-15,FAMILY,장갑,1,1,1,28750,1.0
2025-01-15,FAMILY,UNKNOWN,1,1,1,21600,1.0
2025-01-15,FAMILY,액세서리,3,3,3,19080,1.0
2025-01-15,GOLD,인터체인지 (3 in 1),1,1,1,652530,1.0
2025-01-15,SILVER,남성,7,6,10,583980,0.8571428571428571
2025-01-15,SILVER,미드/롱다운,1,1,1,313940,1.0
2025-01-15,SILVER,여성,1,1,1,69500,1.0
2025-01-16,FAMILY,남성,19,18,24,1183270,0.9473684210526315
2025-01-16,FAMILY,여성,6,6,7,532600,1.0
2025-01-16,FAMILY,긴바지,2,2,3,358500,1.0
2025-01-16,FAMILY,셋업,2,2,2,205390,1.0
2025-01-16,FAMILY,등산화,1,1,1,185880,1.0
2025-01-16,FAMILY,자켓/ 베스트,2,2,3,115090,1.0
2025-01-16,FAMILY,폴로/집업티,1,1,1,44500,1.0
2025-01-16,FAMILY,액세서리,1,1,1,5500,1.0
2025-01-16,SILVER,남성,3,3,3,287300,1.0
2025-01-16,SILVER,여성,1,1,1,259500,1.0
2025-01-16,SILVER,셋업,1,1,1,79400,1.0
2025-01-16,SILVER,맨투맨/후드티,1,1,1,53350,1.0
2025-01-17,FAMILY,남성,20,20,25,1577170,1.0
2025-01-17,FAMILY,여성,5,5,6,830570,1.0
2025-01-17,FAMILY,셋업,3,3,3,239570,1.0
2025-01-17,FAMILY,등산화,1,1,1,73150,1.0
2025-01-17,FAMILY,자켓/ 베스트,1,1,1,32500,1.0
2025-01-17,GOLD,남성,1,1,1,53550,1.0
2025-01-17,SILVER,남성,5,5,6,201340,1.0
2025-01-17,SILVER,가방,1,1,1,66000,1.0
2025-01-17,SILVER,여성,1,1,1,31600,1.0
2025-01-17,SILVER,볼캡,1,1,1,29500,1.0
2025-01-17,SILVER,라운드티,1,1,1,29270,1.0
2025-01-17,TITANIUM,남성,1,1,1,120000,1.0
2025-01-18,FAMILY,남성,8,8,10,851070,1.0
2025-01-18,FAMILY,긴바지,1,1,1,113600,1.0
2025-01-18,FAMILY,셋업,2,2,2,104170,1.0
2025-01-18,FAMILY,자켓/ 베스트,1,1,1,95850,1.0
2025-01-18,FAMILY,여성,1,1,2,27840,1.0
2025-01-18,FAMILY,액세서리,3,3,3,25570,1.0
2025-01-18,GOLD,남성,1,1,1,191200,1.0
2025-01-18,SILVER,여성,1,1,1,364600,1.0
2025-01-18,SILVER,가방,1,1,1,74260,1.0
2025-01-18,SILVER,남성,1,1,1,19380,1.0
2025-01-18,TITANIUM,남성,1,1,1,87470,1.0
2025-01-19,FAMILY,남성,15,15,21,831480,1.0
2025-01-19,FAMILY,미드/롱다운,1,1,1,274500,1.0
2025-01-19,FAMILY,자켓/베스트,1,1,1,103200,1.0
2025-01-19,FAMILY,부츠,1,1,1,79500,1.0
2025-01-19,FAMILY,볼캡,1,1,1,40950,1.0
2025-01-19,FAMILY,여성,1,1,1,39500,1.0
2025-01-19,FAMILY,셋업,1,1,1,34500,1.0
2025-01-19,FAMILY,액세서리,2,2,2,17180,1.0
2025-01-19,SILVER,남성,6,6,7,743400,1.0
2025-01-19,SILVER,여성,1,1,1,125300,1.0
2025-01-19,SILVER,패딩/슬림다운,1,1,1,120560,1.0
2025-01-20,FAMILY,남성,7,7,10,367650,1.0
2025-01-20,FAMILY,미드/롱다운,1,1,1,239500,1.0
2025-01-20,FAMILY,긴바지,1,1,1,232590,1.0
2025-01-20,FAMILY,셋업,1,1,1,101350,1.0
2025-01-20,FAMILY,UNKNOWN,1,1,1,62550,1.0
2025-01-20,FAMILY,맨투맨/후드티,1,1,1,45050,1.0
2025-01-20,FAMILY,볼캡,1,1,1,30530,1.0
2025-01-20,GOLD,남성,1,1,1,38000,1.0
2025-01-20,SILVER,남성,6,6,6,811170,1.0
2025-01-21,FAMILY,남성,17,16,27,1720880,0.9411764705882353
2025-01-21,FAMILY,자켓/베스트,2,2,2,168550,1.0
2025-01-21,FAMILY,여성,1,1,1,159500,1.0
2025-01-21,FAMILY,하이킹,1,1,1,129640,1.0
2025-01-21,FAMILY,긴바지,1,1,1,118100,1.0
2025-01-21,FAMILY,UNKNOWN,1,1,1,89500,1.0
2025-01-21,FAMILY,부츠,1,1,1,84850,1.0
2025-01-21,FAMILY,등산화,1,1,1,84500,1.0
2025-01-21,FAMILY,셋업,1,1,1,55200,1.0
2025-01-21,SILVER,남성,4,4,5,372250,1.0
2025-01-21,SILVER,UNKNOWN,1,1,2,247610,1.0
2025-01-21,SILVER,패딩/슬림다운,1,1,1,109490,1.0
2025-01-21,SILVER,트레일러닝,1,1,1,86950,1.0
2025-01-21,SILVER,가방,1,1,1,78090,1.0
2025-01-21,SILVER,자켓/베스트,1,1,1,57390,1.0
2025-01-21,SILVER,여성,1,1,1,54040,1.0
2025-01-22,FAMILY,남성,31,31,39,2270570,1.0
2025-01-22,FAMILY,여성,3,3,4,389110,1.0
2025-01-22,FAMILY,셋업,1,1,1,120200,1.0
2025-01-22,FAMILY,자켓/베스트,1,1,1,82640,1.0
2025-01-22,FAMILY,장갑,1,1,1,47150,1.0
2025-01-22,FAMILY,자켓/ 베스트,1,1,1,29380,1.0
2025-01-22,FAMILY,라운드티,1,1,1,20650,1.0
2025-01-22,SILVER,남성,6,6,8,493610,1.0
2025-01-22,SILVER,셋업,1,1,4,192550,1.0
2025-01-22,SILVER,여성,1,1,1,118450,1.0
2025-01-22,SILVER,맨투맨/후드티,1,1,1,55350,1.0
2025-01-23,FAMILY,남성,27,27,39,1550410,1.0
2025-01-23,FAMILY,여성,6,6,6,505800,1.0
2025-01-23,FAMILY,패딩/슬림다운,1,1,1,164350,1.0
2025-01-23,FAMILY,긴바지,1,1,1,67610,1.0
2025-01-23,FAMILY,셋업,1,1,1,33900,1.0
2025-01-23,GOLD,여성,1,1,1,288070,1.0
2025-01-23,GOLD,셋업,2,2,2,127920,1.0
2025-01-23,SILVER,남성,2,2,2,269260,1.0
2025-01-23,SILVER,자켓/베스트,1,1,1,260310,1.0
2025-01-23,SILVER,여성,1,1,1,119490,1.0
2025-01-24,FAMILY,남성,14,14,19,1027980,1.0
2025-01-24,FAMILY,미드/롱다운,2,2,2,721700,1.0
2025-01-24,FAMILY,여성,2,2,2,239940,1.0
2025-01-24,FAMILY,트레일러닝,1,1,1,73100,1.0
2025-01-24,FAMILY,가방,1,1,1,61190,1.0
2025-01-24,FAMILY,맨투맨/후드티,1,1,1,58600,1.0
2025-01-24,FAMILY,셋업,1,1,1,50320,1.0
2025-01-24,SILVER,남성,1,1,1,92080,1.0
2025-01-24,SILVER,등산화,1,1,1,88350,1.0
2025-01-24,TITANIUM,남성,1,1,1,85390,1.0
2025-01-25,FAMILY,남성,8,8,10,291730,1.0
2025-01-25,FAMILY,여성,3,3,3,219720,1.0
2025-01-25,SILVER,남성,1,1,1,118300,1.0
2025-01-25,SILVER,셋업,1,1,1,98550,1.0
2025-01-26,FAMILY,남성,206,204,250,8515080,0.9902912621359223
2025-01-26,FAMILY,여성,26,26,27,1398290,1.0
2025-01-26,FAMILY,셋업,8,8,8,349310,1.0
2025-01-26,FAMILY,가방,6,6,6,346750,1.0
2025-01-26,FAMILY,라운드티,8,8,8,205940,1.0
2025-01-26,FAMILY,패딩/슬림다운,2,2,2,189910,1.0
2025-01-26,FAMILY,긴바지,1,1,1,189150,1.0
2025-01-26,FAMILY,자켓/베스트,3,3,3,170770,1.0
2025-01-26,FAMILY,등산화,2,2,2,158060,1.0
2025-01-26,FAMILY,UNKNOWN,2,2,2,125290,1.0
2025-01-26,FAMILY,자켓/ 베스트,4,4,4,116920,1.0
2025-01-26,FAMILY,하이킹,2,2,2,112590,1.0
2025-01-26,FAMILY,볼캡,4,4,4,95720,1.0
2025-01-26,FAMILY,캐주얼,2,2,2,79280,1.0
2025-01-26,FAMILY,맨투맨/후드티,2,2,2,78780,1.0
2025-01-26,FAMILY,부츠,1,1,1,65500,1.0
2025-01-26,FAMILY,크로스/토트백,2,2,2,63760,1.0
2025-01-26,GOLD,남성,2,2,2,168420,1.0
2025-01-26,SILVER,남성,12,12,15,1134610,1.0
2025-01-26,SILVER,여성,5,5,6,566430,1.0
2025-01-26,SILVER,트레일러닝,1,1,1,67200,1.0
2025-01-26,SILVER,자켓/ 베스트,1,1,1,62260,1.0
2025-01-26,SILVER,등산화,1,1,1,47320,1.0
2025-01-26,SILVER,셋업,1,1,1,23160,1.0
2025-01-26,TITANIUM,남성,1,1,1,70300,1.0
2025-01-27,FAMILY,남성,166,166,212,8102100,1.0
2025-01-27,FAMILY,여성,19,19,20,1143210,1.0
2025-01-27,FAMILY,셋업,7,7,7,300770,1.0
2025-01-27,FAMILY,하이킹,4,4,4,296150,1.0
2025-01-27,FAMILY,등산화,3,3,3,295780,1.0
2025-01-27,FAMILY,UNKNOWN,4,4,4,281500,1.0
2025-01-27,FAMILY,자켓/ 베스트,6,6,6,224020,1.0
2025-01-27,FAMILY,가방,4,4,4,198510,1.0
2025-01-27,FAMILY,볼캡,7,7,7,190630,1.0
2025-01-27,FAMILY,크로스/토트백,4,4,4,145240,1.0
2025-01-27,FAMILY,긴바지,2,2,2,115390,1.0
2025-01-27,FAMILY,장갑,2,2,2,89380,1.0
2025-01-27,FAMILY,맨투맨/후드티,1,1,1,44170,1.0
2025-01-27,FAMILY,라운드티,2,2,2,39820,1.0
2025-01-27,FAMILY,액세서리,2,2,2,19370,1.0
2025-01-27,GOLD,등산화,1,1,2,227000,1.0
2025-01-27,GOLD,남성,3,3,4,142470,1.0
2025-01-27,GOLD,여성,1,1,2,104010,1.0
2025-01-27,SILVER,남성,15,15,17,1359380,1.0
2025-01-27,SILVER,셋업,2,2,3,348860,1.0
2025-01-27,SILVER,셔츠,1,1,2,196270,1.0
2025-01-27,SILVER,긴바지,2,2,2,170750,1.0
2025-01-27,SILVER,자켓/베스트,1,1,1,31150,1.0
2025-01-27,SILVER,장갑,1,1,1,19600,1.0
2025-01-27,SILVER,액세서리,1,1,1,10820,1.0
2025-01-28,FAMILY,남성,63,62,87,2636540,0.9841269841269841
2025-01-28,FAMILY,여성,14,14,15,987220,1.0
2025-01-28,FAMILY,셋업,5,5,5,335810,1.0
2025-01-28,FAMILY,자켓/베스트,3,3,3,211730,1.0
2025-01-28,FAMILY,패딩/슬림다운,1,1,1,127900,1.0
2025-01-28,FAMILY,하이킹,2,2,2,111270,1.0
2025-01-28,FAMILY,가방,2,2,2,100880,1.0
2025-01-28,FAMILY,캐주얼,1,1,1,39260,1.0
2025-01-28,FAMILY,크로스/토트백,1,1,1,32090,1.0
2025-01-28,FAMILY,라운드티,1,1,1,29400,1.0
2025-01-28,FAMILY,자켓/ 베스트,1,1,1,22190,1.0
2025-01-28,FAMILY,UNKNOWN,1,1,1,19440,1.0
2025-01-28,FAMILY,액세서리,1,1,1,13820,1.0
2025-01-28,SILVER,남성,6,6,11,760150,1.0
2025-01-28,SILVER,여성,6,6,7,594430,1.0
2025-01-28,SILVER,라운드티,1,1,1,35630,1.0
2025-01-29,FAMILY,남성,46,45,52,2265510,0.9782608695652174
2025-01-29,FAMILY,여성,6,6,6,587480,1.0
2025-01-29,FAMILY,등산화,2,2,2,213030,1.0
2025-01-29,FAMILY,하이킹,2,2,2,131730,1.0
2025-01-29,FAMILY,UNKNOWN,2,2,2,106410,1.0
2025-01-29,FAMILY,가방,2,2,2,81490,1.0
2025-01-29,FAMILY,셋업,1,1,1,52060,1.0
2025-01-29,FAMILY,라운드티,2,2,2,39320,1.0
2025-01-29,FAMILY,자켓/ 베스트,1,1,1,27700,1.0
2025-01-29,SILVER,남성,4,4,8,746340,1.0
2025-01-29,SILVER,여성,2,2,2,127800,1.0
2025-01-29,SILVER,트레일러닝,1,1,1,76100,1.0
2025-01-29,SILVER,UNKNOWN,1,1,1,74650,1.0
2025-01-29,TITANIUM,남성,1,1,1,87670,1.0
2025-01-30,FAMILY,남성,72,72,86,3853980,1.0
2025-01-30,FAMILY,여성,8,8,8,881400,1.0
2025-01-30,FAMILY,부츠,4,4,4,338540,1.0
2025-01-30,FAMILY,하이킹,4,4,4,297170,1.0
2025-01-30,FAMILY,등산화,3,3,3,256520,1.0
2025-01-30,FAMILY,가방,3,3,3,137660,1.0
2025-01-30,FAMILY,자켓/베스트,2,2,3,94370,1.0
2025-01-30,FAMILY,자켓/ 베스트,2,2,2,66060,1.0
2025-01-30,FAMILY,셋업,1,1,1,43350,1.0
2025-01-30,FAMILY,라운드티,2,2,2,38890,1.0
2025-01-30,FAMILY,장갑,1,1,1,29330,1.0
2025-01-30,FAMILY,볼캡,1,1,1,24130,1.0
2025-01-30,FAMILY,액세서리,1,1,1,14040,1.0
2025-01-30,GOLD,하이킹,1,1,1,68500,1.0
2025-01-30,SILVER,남성,5,5,5,417370,1.0
2025-01-30,SILVER,패딩/슬림다운,1,1,1,85730,1.0
2025-01-30,TITANIUM,남성,2,2,4,292150,1.0
2025-01-30,TITANIUM,맨투맨/후드티,1,1,2,84260,1.0
2025-01-31,FAMILY,남성,328,328,389,15437560,1.0
2025-01-31,FAMILY,여성,51,51,52,3065690,1.0
2025-01-31,FAMILY,셋업,18,18,18,874130,1.0
2025-01-31,FAMILY,미드/롱다운,3,2,3,838500,0.6666666666666666
2025-01-31,FAMILY,하이킹,7,7,7,689500,1.0
2025-01-31,FAMILY,자켓/ 베스트,18,18,19,612570,1.0
2025-01-31,FAMILY,등산화,6,6,6,586790,1.0
2025-01-31,FAMILY,UNKNOWN,8,8,8,451880,1.0
2025-01-31,FAMILY,가방,6,6,6,297710,1.0
2025-01-31,FAMILY,라운드티,11,11,12,265450,1.0
2025-01-31,FAMILY,볼캡,8,8,8,175740,1.0
2025-01-31,FAMILY,자켓/베스트,3,3,3,137670,1.0
2025-01-31,FAMILY,장갑,6,6,6,136990,1.0
2025-01-31,FAMILY,패딩/슬림다운,1,1,1,133590,1.0
2025-01-31,FAMILY,캐주얼,3,3,3,118340,1.0
2025-01-31,FAMILY,셔츠,1,1,1,101440,1.0
2025-01-31,FAMILY,액세서리,5,5,7,91200,1.0
2025-01-31,FAMILY,폴로/집업티,2,2,2,76370,1.0
2025-01-31,FAMILY,부츠,1,1,1,72700,1.0
2025-01-31,FAMILY,맨투맨/후드티,1,1,1,59300,1.0
2025-01-31,FAMILY,크로스/토트백,1,1,1,24500,1.0
2025-01-31,GOLD,남성,2,2,3,209750,1.0
2025-01-31,SILVER,남성,23,22,32,2284940,0.9565217391304348
2025-01-31,SILVER,패딩/슬림다운,2,2,2,254650,1.0
2025-01-31,SILVER,여성,2,2,3,178030,1.0
2025-01-31,SILVER,긴바지,1,1,1,112770,1.0
2025-01-31,SILVER,자켓/ 베스트,1,1,1,107000,1.0
2025-01-31,SILVER,자켓/베스트,1,1,1,52300,1.0
2025-01-31,SILVER,크로스/토트백,1,1,1,27710,1.0
2025-01-31,SILVER,액세서리,1,1,1,14450,1.0
2025-01-31,TITANIUM,남성,3,2,3,149620,0.6666666666666666
2025-02-01,FAMILY,여성,4,4,4,415150,1.0
2025-02-01,FAMILY,남성,6,6,6,267600,1.0
2025-02-01,FAMILY,하이킹,1,1,1,130920,1.0
2025-02-01,SILVER,여성,1,1,1,115040,1.0
2025-02-01,SILVER,남성,1,1,1,111770,1.0
2025-02-02,FAMILY,남성,10,10,10,871590,1.0
2025-02-02,FAMILY,여성,1,1,4,533000,1.0
2025-02-02,FAMILY,미드/롱다운,1,1,1,274500,1.0
2025-02-02,FAMILY,긴바지,1,1,1,79000,1.0
2025-02-02,SILVER,남성,1,1,1,167300,1.0
2025-02-02,SILVER,여성,1,1,1,152780,1.0
2025-02-03,FAMILY,여성,1,1,1,212540,1.0
2025-02-03,FAMILY,남성,3,3,3,147020,1.0
2025-02-03,FAMILY,하이킹,1,1,1,134000,1.0
2025-02-03,FAMILY,가방,1,1,1,83000,1.0
2025-02-03,FAMILY,장갑,1,1,1,47300,1.0
2025-02-03,GOLD,남성,1,1,1,44000,1.0
2025-02-03,SILVER,남성,2,2,2,217100,1.0
2025-02-03,TITANIUM,남성,1,1,1,90300,1.0
2025-02-04,FAMILY,남성,8,7,8,634840,0.875
2025-02-04,FAMILY,미드/롱다운,1,1,1,447200,1.0
2025-02-04,FAMILY,여성,2,2,2,332700,1.0
2025-02-04,FAMILY,등산화,1,1,1,169480,1.0
2025-02-04,FAMILY,폴로티/집업,2,2,2,138600,1.0
2025-02-04,FAMILY,UNKNOWN,1,1,1,109780,1.0
2025-02-04,FAMILY,볼캡,1,1,1,18600,1.0
2025-02-04,GOLD,남성,1,1,1,74500,1.0
2025-02-04,SILVER,남성,3,3,3,253150,1.0
2025-02-04,SILVER,여성,1,1,1,94500,1.0
2025-02-05,FAMILY,남성,13,12,19,1145010,0.9230769230769231
2025-02-05,FAMILY,등산화,2,2,2,272430,1.0
2025-02-05,FAMILY,여성,3,3,4,250800,1.0
2025-02-05,FAMILY,라운드티,1,1,1,31300,1.0
2025-02-05,FAMILY,액세서리,1,1,2,19630,1.0
2025-02-05,SILVER,미드/롱다운,1,1,1,447200,1.0
2025-02-05,SILVER,여성,1,1,1,109500,1.0
2025-02-05,SILVER,남성,1,1,1,62300,1.0
2025-02-06,FAMILY,남성,11,11,11,1060560,1.0
2025-02-06,FAMILY,여성,3,3,3,306140,1.0
2025-02-06,FAMILY,가방,3,3,3,201680,1.0
2025-02-06,FAMILY,인터체인지 (3 in 1),1,1,1,168070,1.0
2025-02-06,FAMILY,하이킹,1,1,1,123300,1.0
2025-02-06,FAMILY,등산화,1,1,1,100170,1.0
2025-02-06,FAMILY,부츠,1,1,1,79500,1.0
2025-02-06,FAMILY,긴바지,1,1,1,72450,1.0
2025-02-06,FAMILY,셔츠,1,1,1,69500,1.0
2025-02-06,FAMILY,자켓/ 베스트,1,1,1,47700,1.0
2025-02-06,GOLD,남성,1,1,1,144000,1.0
2025-02-06,SILVER,미드/롱다운,1,1,1,335300,1.0
2025-02-06,SILVER,여성,2,2,2,231130,1.0
2025-02-06,SILVER,셋업,1,1,1,95690,1.0
2025-02-06,SILVER,남성,1,1,2,93850,1.0
2025-02-06,SILVER,가방,1,1,1,65900,1.0
2025-02-06,TITANIUM,남성,3,2,6,680300,0.6666666666666666
2025-02-07,FAMILY,남성,22,17,25,2383000,0.7727272727272727
2025-02-07,FAMILY,하이킹,10,10,10,575780,1.0
2025-02-07,FAMILY,등산화,2,2,2,253440,1.0
2025-02-07,FAMILY,가방,3,3,3,216150,1.0
2025-02-07,FAMILY,액세서리,2,2,4,37480,1.0
2025-02-07,FAMILY,볼캡,1,1,1,30080,1.0
2025-02-07,FAMILY,UNKNOWN,1,1,1,29460,1.0
2025-02-07,GOLD,남성,1,1,1,25040,1.0
2025-02-07,SILVER,남성,2,2,4,290560,1.0
2025-02-07,SILVER,하이킹,2,2,2,99000,1.0
2025-02-08,FAMILY,남성,7,7,9,797290,1.0
2025-02-08,FAMILY,하이킹,2,2,2,172800,1.0
2025-02-08,FAMILY,셋업,2,2,2,120170,1.0
2025-02-08,FAMILY,가방,1,1,1,71700,1.0
2025-02-08,FAMILY,여성,1,1,1,65960,1.0
2025-02-08,FAMILY,맨투맨/후드티,1,1,1,58360,1.0
2025-02-08,FAMILY,UNKNOWN,1,1,1,27350,1.0
2025-02-08,GOLD,남성,3,2,5,385470,0.6666666666666666
2025-02-08,GOLD,장갑,1,1,1,24500,1.0
2025-02-08,SILVER,남성,5,5,6,635740,1.0
2025-02-08,SILVER,등산화,1,1,1,112470,1.0
2025-02-08,TITANIUM,남성,1,1,2,240000,1.0
2025-02-09,FAMILY,남성,14,14,17,1510350,1.0
2025-02-09,FAMILY,여성,3,3,3,368740,1.0
2025-02-09,FAMILY,하이킹,3,3,4,203760,1.0
2025-02-09,FAMILY,장갑,2,2,2,135560,1.0
2025-02-09,FAMILY,긴바지,1,1,1,122610,1.0
2025-02-09,FAMILY,자켓/ 베스트,1,1,1,47700,1.0
2025-02-09,FAMILY,액세서리,1,1,1,5990,1.0
2025-02-09,GOLD,남성,1,1,1,142090,1.0
2025-02-09,SILVER,남성,6,6,12,1018490,1.0
2025-02-10,FAMILY,남성,10,10,13,1138960,1.0
2025-02-10,FAMILY,하이킹,2,2,2,165530,1.0
2025-02-10,FAMILY,가방,1,1,1,81000,1.0
2025-02-10,FAMILY,크로스/토트백,1,1,1,51300,1.0
2025-02-10,GOLD,남성,1,1,1,79500,1.0
2025-02-10,SILVER,남성,7,6,8,817530,0.8571428571428571
2025-02-10,SILVER,하이킹,2,2,2,178380,1.0
2025-02-10,SILVER,셔츠,1,1,1,116950,1.0
2025-02-10,SILVER,자켓/ 베스트,1,1,1,112770,1.0
2025-02-10,TITANIUM,남성,2,2,2,197960,1.0
2025-02-10,TITANIUM,셋업,1,1,1,132300,1.0
2025-02-11,FAMILY,남성,11,11,15,1114820,1.0
2025-02-11,FAMILY,하이킹,6,5,6,377090,0.8333333333333334
2025-02-11,FAMILY,셋업,3,3,4,234670,1.0
2025-02-11,FAMILY,여성,2,2,2,173850,1.0
2025-02-11,FAMILY,맨투맨/후드티,2,2,2,109240,1.0
2025-02-11,FAMILY,UNKNOWN,1,1,1,79500,1.0
2025-02-11,GOLD,남성,2,2,2,194880,1.0
2025-02-11,SILVER,남성,5,5,5,562880,1.0
2025-02-11,SILVER,여성,1,1,1,71200,1.0
2025-02-11,SILVER,맨투맨/후드티,1,1,1,56810,1.0
2025-02-11,TITANIUM,셋업,2,1,7,370000,0.5
2025-02-12,FAMILY,남성,9,9,10,469110,1.0
2025-02-12,FAMILY,여성,3,3,3,195230,1.0
2025-02-12,FAMILY,등산화,1,1,1,114940,1.0
2025-02-12,FAMILY,UNKNOWN,1,1,1,94000,1.0
2025-02-12,FAMILY,라운드티,1,1,1,49500,1.0
2025-02-12,FAMILY,볼캡,1,1,1,24100,1.0
2025-02-12,FAMILY,액세서리,1,1,1,21200,1.0
2025-02-12,GOLD,남성,1,1,1,6170,1.0
2025-02-13,FAMILY,남성,18,18,20,1342210,1.0
2025-02-13,FAMILY,가방,5,5,5,369850,1.0
2025-02-13,FAMILY,미드/롱다운,1,1,1,234040,1.0
2025-02-13,FAMILY,여성,2,2,2,166080,1.0
2025-02-13,FAMILY,하이킹,2,2,2,101890,1.0
2025-02-13,FAMILY,맨투맨/후드티,1,1,1,69300,1.0
2025-02-13,FAMILY,액세서리,1,1,2,17780,1.0
2025-02-13,SILVER,남성,9,9,11,833920,1.0
2025-02-13,SILVER,미드/롱다운,1,1,1,303980,1.0
2025-02-13,SILVER,여성,2,2,2,145590,1.0
2025-02-13,SILVER,하이킹,1,1,1,109340,1.0
2025-02-13,TITANIUM,남성,1,1,4,67200,1.0
2025-02-14,FAMILY,남성,18,15,27,1076240,0.8333333333333334
2025-02-14,FAMILY,여성,4,4,6,318270,1.0
2025-02-14,FAMILY,하이킹,2,2,2,179150,1.0
2025-02-14,FAMILY,가방,1,1,1,66200,1.0
2025-02-14,FAMILY,라운드티,1,1,1,49500,1.0
2025-02-14,FAMILY,액세서리,2,2,5,42350,1.0
2025-02-14,SILVER,남성,5,5,6,781180,1.0
2025-02-14,SILVER,셋업,1,1,1,102920,1.0
2025-02-14,SILVER,하이킹,1,1,1,55000,1.0
2025-02-14,TITANIUM,남성,2,2,4,561660,1.0
2025-02-15,FAMILY,남성,8,8,9,485710,1.0
2025-02-15,FAMILY,등산화,1,1,1,118300,1.0
2025-02-15,FAMILY,셋업,1,1,1,104300,1.0
2025-02-15,FAMILY,가방,1,1,1,64420,1.0
2025-02-15,FAMILY,하이킹,1,1,1,48520,1.0
2025-02-15,FAMILY,자켓/베스트,1,1,1,44870,1.0
2025-02-15,FAMILY,액세서리,2,2,3,37070,1.0
2025-02-15,FAMILY,여성,1,1,1,10480,1.0
2025-02-15,SILVER,남성,2,2,2,192920,1.0
2025-02-15,SILVER,여성,1,1,1,150990,1.0
2025-02-15,SILVER,트레일러닝,1,1,1,82740,1.0
2025-02-16,FAMILY,남성,18,18,25,1218180,1.0
2025-02-16,FAMILY,여성,4,4,5,457690,1.0
2025-02-16,FAMILY,트레일러닝,1,1,1,109000,1.0
2025-02-16,FAMILY,등산화,1,1,1,84500,1.0
2025-02-16,FAMILY,하이킹,1,1,1,55000,1.0
2025-02-16,GOLD,여성,1,1,1,95500,1.0
2025-02-16,GOLD,남성,1,1,1,89040,1.0
2025-02-16,SILVER,남성,3,3,3,613050,1.0
2025-02-16,SILVER,여성,1,1,1,111440,1.0
2025-02-16,SILVER,자켓/베스트,1,1,1,47920,1.0
2025-02-16,TITANIUM,남성,1,1,2,300000,1.0
2025-02-17,FAMILY,남성,14,14,20,1049550,1.0
2025-02-17,FAMILY,여성,5,4,5,797050,0.8
2025-02-17,FAMILY,등산화,2,2,2,181800,1.0
2025-02-17,FAMILY,패딩/슬림다운,1,1,1,160200,1.0
2025-02-17,FAMILY,셋업,2,2,2,129700,1.0
2025-02-17,FAMILY,맨투맨/후드티,1,1,1,65540,1.0
2025-02-17,FAMILY,하이킹,1,1,1,43910,1.0
2025-02-17,GOLD,남성,2,2,4,157400,1.0
2025-02-17,GOLD,여성,1,1,1,125300,1.0
2025-02-17,SILVER,여성,3,3,4,426750,1.0
2025-02-17,SILVER,남성,2,2,2,248260,1.0
2025-02-17,SILVER,패딩/슬림다운,1,1,1,138880,1.0
2025-02-18,FAMILY,남성,11,11,18,1363070,1.0
2025-02-18,FAMILY,여성,3,3,3,169660,1.0
2025-02-18,FAMILY,등산화,1,1,1,94500,1.0
2025-02-18,GOLD,등산화,1,1,1,141300,1.0
2025-02-18,SILVER,남성,3,3,4,551120,1.0
2025-02-18,SILVER,자켓/베스트,1,1,1,79200,1.0
2025-02-18,SILVER,맨투맨/후드티,1,1,1,50730,1.0
2025-02-18,SILVER,액세서리,1,1,1,5610,1.0
2025-02-18,TITANIUM,남성,1,1,1,30270,1.0
2025-02-19,FAMILY,남성,13,13,17,1195830,1.0
2025-02-19,FAMILY,여성,4,4,7,518510,1.0
2025-02-19,FAMILY,셋업,1,1,1,94500,1.0
2025-02-19,FAMILY,상의,1,1,1,50230,1.0
2025-02-19,FAMILY,하이킹,1,1,1,49000,1.0
2025-02-19,FAMILY,액세서리,1,1,1,11000,1.0
2025-02-19,GOLD,남성,2,2,4,86600,1.0
2025-02-19,SILVER,남성,4,3,13,1350970,0.75
2025-02-19,SILVER,여성,1,1,1,104300,1.0
2025-02-19,SILVER,하이킹,1,1,1,49040,1.0
2025-02-20,FAMILY,남성,29,29,36,3143102,1.0
2025-02-20,FAMILY,여성,8,8,8,1147398,1.0
2025-02-20,FAMILY,하이킹,4,4,4,270430,1.0
2025-02-20,FAMILY,미드/롱다운,1,1,1,225700,1.0
2025-02-20,FAMILY,등산화,1,1,1,185670,1.0
2025-02-20,FAMILY,상의,2,2,2,102250,1.0
2025-02-20,FAMILY,바람막이,1,1,1,85230,1.0
2025-02-20,FAMILY,셋업,1,1,1,48610,1.0
2025-02-20,FAMILY,자켓/베스트,1,1,1,46190,1.0
2025-02-20,SILVER,남성,7,7,9,1244442,1.0
2025-02-20,SILVER,여성,5,5,5,788664,1.0
2025-02-20,SILVER,하이킹,1,1,1,55000,1.0
2025-02-20,SILVER,맨투맨/후드티,1,1,1,36220,1.0
2025-02-20,SILVER,액세서리,1,1,1,11000,1.0
2025-02-20,TITANIUM,셋업,1,1,2,229670,1.0
2025-02-20,TITANIUM,남성,1,1,1,139300,1.0
2025-02-21,FAMILY,남성,16,16,17,1588422,1.0
2025-02-21,FAMILY,여성,4,4,4,555688,1.0
2025-02-21,FAMILY,긴바지,2,2,2,216200,1.0
2025-02-21,FAMILY,패딩/슬림다운,1,1,1,156430,1.0
2025-02-21,FAMILY,하이킹,2,2,2,102500,1.0
2025-02-21,FAMILY,셋업,1,1,1,36250,1.0
2025-02-21,FAMILY,라운드티,1,1,1,35600,1.0
2025-02-21,FAMILY,액세서리,1,1,1,11000,1.0
2025-02-21,GOLD,남성,1,1,1,34500,1.0
2025-02-21,SILVER,남성,6,5,8,932802,0.8333333333333334
2025-02-21,SILVER,미드/롱다운,1,1,1,278448,1.0
2025-02-21,SILVER,자켓/ 베스트,1,1,1,155000,1.0
2025-02-21,SILVER,하이킹,1,1,1,50060,1.0
2025-02-22,FAMILY,남성,17,17,25,1298218,1.0
2025-02-22,FAMILY,여성,5,5,7,504480,1.0
2025-02-22,FAMILY,하이킹,2,2,2,99670,1.0
2025-02-22,FAMILY,가방,1,1,1,83000,1.0
2025-02-22,FAMILY,라운드티,1,1,1,20670,1.0
2025-02-22,FAMILY,액세서리,1,1,1,11000,1.0
2025-02-22,SILVER,여성,1,1,4,242946,1.0
2025-02-22,SILVER,남성,1,1,2,68730,1.0
2025-02-22,SILVER,하이킹,1,1,1,48750,1.0
2025-02-22,SILVER,라운드티,1,1,1,38450,1.0
2025-02-23,FAMILY,남성,18,18,23,1359719,1.0
2025-02-23,FAMILY,패딩/슬림다운,1,1,1,167300,1.0
2025-02-23,FAMILY,여성,2,2,2,155403,1.0
2025-02-23,FAMILY,셋업,1,1,2,129000,1.0
2025-02-23,FAMILY,하이킹,2,2,2,89740,1.0
2025-02-23,FAMILY,라운드티,2,2,2,75470,1.0
2025-02-23,FAMILY,가방,1,1,1,71770,1.0
2025-02-23,FAMILY,긴바지,1,1,1,69990,1.0
2025-02-23,FAMILY,폴로/집업티,1,1,1,52300,1.0
2025-02-23,GOLD,남성,1,1,1,255790,1.0
2025-02-23,GOLD,패딩/슬림다운,1,1,1,159000,1.0
2025-02-23,SILVER,남성,5,5,5,607360,1.0
2025-02-23,SILVER,미드/롱다운,1,1,1,411400,1.0
2025-02-23,SILVER,패딩/슬림다운,1,1,1,156530,1.0
2025-02-23,SILVER,자켓/ 베스트,1,1,1,139990,1.0
2025-02-23,SILVER,하이킹,1,1,1,52520,1.0
2025-02-24,FAMILY,남성,15,15,16,1697296,1.0
2025-02-24,FAMILY,패딩/슬림다운,1,1,1,150570,1.0
2025-02-24,FAMILY,바람막이,1,1,1,144274,1.0
2025-02-24,FAMILY,긴바지,1,1,1,111770,1.0
2025-02-24,FAMILY,하이킹,1,1,1,55000,1.0
2025-02-24,FAMILY,여성,1,1,1,48370,1.0
2025-02-24,SILVER,남성,3,3,4,473960,1.0
2025-02-24,SILVER,하이킹,1,1,2,274000,1.0
2025-02-24,SILVER,UNKNOWN,1,1,1,111300,1.0
2025-02-24,SILVER,여성,1,1,1,103660,1.0
2025-02-25,FAMILY,남성,11,11,11,626490,1.0
2025-02-25,FAMILY,긴바지,2,2,2,247480,1.0
2025-02-25,FAMILY,여성,1,1,1,94500,1.0
2025-02-25,FAMILY,자켓/베스트,1,1,1,54070,1.0
2025-02-25,FAMILY,라운드티,1,1,1,29520,1.0
2025-02-25,GOLD,남성,1,1,2,35000,1.0
2025-02-25,SILVER,남성,4,4,10,522240,1.0
2025-02-25,SILVER,여성,2,2,5,262440,1.0
2025-02-25,SILVER,인터체인지 (3 in 1),1,1,1,228560,1.0
2025-02-25,SILVER,등산화,1,1,1,132300,1.0
2025-02-25,SILVER,바람막이,1,1,1,50699,1.0
2025-02-25,SILVER,하이킹,1,1,1,49500,1.0
2025-02-25,SILVER,라운드티,1,1,2,35400,1.0
2025-02-26,FAMILY,남성,18,18,22,1454663,1.0
2025-02-26,FAMILY,여성,3,2,3,290040,0.6666666666666666
2025-02-26,FAMILY,긴바지,1,1,1,111770,1.0
2025-02-26,FAMILY,패딩/슬림다운,1,1,1,86400,1.0
2025-02-26,FAMILY,하이킹,1,1,1,55000,1.0
2025-02-26,FAMILY,라운드티,1,1,1,49500,1.0
2025-02-26,GOLD,하이킹,1,1,1,137000,1.0
2025-02-26,SILVER,남성,5,5,13,1082392,1.0
2025-02-26,SILVER,여성,2,2,2,168730,1.0
2025-02-27,FAMILY,남성,16,16,27,1933636,1.0
2025-02-27,FAMILY,하이킹,4,4,10,524190,1.0
2025-02-27,FAMILY,여성,4,4,5,414736,1.0
2025-02-27,FAMILY,패딩/슬림다운,1,1,1,98570,1.0
2025-02-27,GOLD,여성,1,1,2,233360,1.0
2025-02-27,GOLD,등산화,1,1,1,102230,1.0
2025-02-27,GOLD,남성,1,1,3,33620,1.0
2025-02-27,SILVER,남성,4,4,34,619572,1.0
2025-02-27,SILVER,여성,1,1,1,199000,1.0
2025-02-27,SILVER,맨투맨/후드티,1,1,1,60380,1.0
2025-02-28,FAMILY,남성,9,9,10,702030,1.0
2025-02-28,FAMILY,여성,1,1,1,92670,1.0
2025-02-28,FAMILY,하이킹,2,2,2,88920,1.0
2025-02-28,FAMILY,액세서리,1,1,1,9000,1.0
2025-02-28,SILVER,여성,2,2,3,280706,1.0
2025-02-28,SILVER,남성,2,2,5,72380,1.0
2025-02-28,SILVER,액세서리,1,1,2,17980,1.0
2025-03-01,FAMILY,남성,10,10,10,609350,1.0
2025-03-01,FAMILY,패딩/슬림다운,1,1,1,167300,1.0
2025-03-01,FAMILY,하이킹,2,2,2,98400,1.0
2025-03-01,FAMILY,라운드티,1,1,2,75750,1.0
2025-03-01,FAMILY,액세서리,1,1,2,17630,1.0
2025-03-01,SILVER,여성,1,1,4,429780,1.0
2025-03-01,SILVER,남성,3,3,7,256960,1.0
2025-03-01,SILVER,셋업,2,2,2,166190,1.0
2025-03-01,SILVER,자켓/ 베스트,1,1,1,46520,1.0
2025-03-02,FAMILY,남성,9,9,9,656340,1.0
2025-03-02,FAMILY,여성,2,2,2,237600,1.0
2025-03-02,GOLD,남성,1,1,2,273440,1.0
2025-03-02,SILVER,남성,2,2,3,355140,1.0
2025-03-02,TITANIUM,바람막이,1,1,1,100000,1.0
2025-03-03,FAMILY,남성,15,15,28,1268870,1.0
2025-03-03,FAMILY,여성,2,2,2,146602,1.0
2025-03-03,FAMILY,자켓/ 베스트,2,2,2,128600,1.0
2025-03-03,GOLD,남성,1,1,1,70000,1.0
2025-03-03,SILVER,남성,7,7,7,863662,1.0
2025-03-03,SILVER,여성,1,1,1,143960,1.0
2025-03-04,FAMILY,남성,14,14,16,1395942,1.0
2025-03-04,FAMILY,여성,4,4,4,424200,1.0
2025-03-04,FAMILY,인터체인지 (3 in 1),1,1,1,184500,1.0
2025-03-04,FAMILY,하이킹,2,2,2,174300,1.0
2025-03-04,FAMILY,맨투맨/후드티,1,1,1,65680,1.0
2025-03-04,FAMILY,액세서리,1,1,1,11000,1.0
2025-03-04,SILVER,남성,2,2,2,205830,1.0
2025-03-05,FAMILY,남성,12,12,18,1116110,1.0
2025-03-05,FAMILY,바람막이,3,3,3,185940,1.0
2025-03-05,FAMILY,여성,3,3,3,115470,1.0
2025-03-05,FAMILY,등산화,1,1,1,81030,1.0
2025-03-05,FAMILY,패딩/슬림다운,1,1,1,74500,1.0
2025-03-05,FAMILY,셋업,1,1,1,69500,1.0
2025-03-05,FAMILY,하이킹,1,1,1,49190,1.0
2025-03-05,FAMILY,라운드티,1,1,1,36940,1.0
2025-03-05,FAMILY,액세서리,1,1,1,10950,1.0
2025-03-05,GOLD,여성,1,1,1,200970,1.0
2025-03-05,SILVER,남성,2,2,2,163160,1.0
2025-03-05,SILVER,여성,1,1,1,144002,1.0
2025-03-05,SILVER,셋업,1,1,1,128130,1.0
2025-03-05,SILVER,액세서리,1,1,2,14590,1.0
2025-03-06,FAMILY,남성,12,12,16,1257263,1.0
2025-03-06,FAMILY,여성,6,6,6,540353,1.0
2025-03-06,FAMILY,등산화,1,1,1,99500,1.0
2025-03-06,FAMILY,바람막이,1,1,1,88550,1.0
2025-03-06,FAMILY,하이킹,1,1,1,45670,1.0
2025-03-06,FAMILY,셋업,1,1,1,40820,1.0
2025-03-06,GOLD,남성,3,3,8,811910,1.0
2025-03-06,SILVER,남성,2,2,4,393560,1.0
2025-03-06,TITANIUM,남성,2,2,5,403530,1.0
2025-03-06,TITANIUM,바람막이,1,1,1,99640,1.0
2025-03-06,TITANIUM,여성,1,1,1,79430,1.0
2025-03-07,FAMILY,남성,14,14,19,1172030,1.0
2025-03-07,FAMILY,여성,2,2,3,289480,1.0
2025-03-07,FAMILY,바람막이,3,3,3,182340,1.0
2025-03-07,FAMILY,UNKNOWN,2,2,2,110570,1.0
2025-03-07,FAMILY,패딩/슬림다운,1,1,1,91120,1.0
2025-03-07,FAMILY,긴바지,1,1,1,50580,1.0
2025-03-07,FAMILY,맨투맨/후드티,1,1,1,49500,1.0
2025-03-07,SILVER,남성,2,2,2,340272,1.0
2025-03-08,FAMILY,남성,15,14,17,1022642,0.9333333333333333
2025-03-08,FAMILY,여성,3,3,5,198120,1.0
2025-03-08,FAMILY,패딩/슬림다운,1,1,1,100080,1.0
2025-03-08,FAMILY,UNKNOWN,1,1,1,96220,1.0
2025-03-08,FAMILY,방수자켓,1,1,1,70810,1.0
2025-03-08,FAMILY,맨투맨/후드티,1,1,1,62370,1.0
2025-03-08,FAMILY,하이킹,1,1,1,53000,1.0
2025-03-08,FAMILY,액세서리,1,1,2,22000,1.0
2025-03-08,SILVER,남성,2,2,2,210550,1.0
2025-03-08,SILVER,액세서리,1,1,1,11000,1.0
2025-03-09,FAMILY,남성,9,9,12,794973,1.0
2025-03-09,FAMILY,등산화,1,1,1,79500,1.0
2025-03-09,FAMILY,방수자켓,1,1,1,72800,1.0
2025-03-09,FAMILY,자켓/ 베스트,1,1,1,45220,1.0
2025-03-09,FAMILY,라운드티,1,1,1,39190,1.0
2025-03-09,FAMILY,액세서리,1,1,3,28880,1.0
2025-03-09,GOLD,인터체인지 (3 in 1),1,1,1,232470,1.0
2025-03-09,GOLD,남성,1,1,1,193530,1.0
2025-03-09,GOLD,바람막이,1,1,1,147684,1.0
2025-03-09,SILVER,바람막이,1,1,1,139384,1.0
2025-03-09,SILVER,패딩/슬림다운,1,1,1,105780,1.0
2025-03-09,SILVER,남성,1,1,1,104300,1.0
2025-03-10,FAMILY,남성,18,18,168,9756410,1.0
2025-03-10,FAMILY,여성,4,3,4,448000,0.75
2025-03-10,FAMILY,바람막이,2,2,2,103040,1.0
2025-03-10,FAMILY,라운드티,2,2,2,90800,1.0
2025-03-10,FAMILY,방수자켓,1,1,1,63780,1.0
2025-03-10,FAMILY,자켓/ 베스트,1,1,1,51740,1.0
2025-03-10,FAMILY,긴바지,1,1,1,51000,1.0
2025-03-10,FAMILY,상의,1,1,1,44980,1.0
2025-03-10,GOLD,하이킹,1,1,1,94000,1.0
2025-03-10,SILVER,남성,1,1,1,110000,1.0
2025-03-10,SILVER,자켓/베스트,1,1,1,89840,1.0
2025-03-11,FAMILY,남성,6,6,7,391450,1.0
2025-03-11,FAMILY,여성,2,2,2,295640,1.0
2025-03-11,FAMILY,셋업,1,1,1,59500,1.0
2025-03-11,FAMILY,긴바지,1,1,1,36180,1.0
2025-03-11,GOLD,남성,2,2,9,369640,1.0
2025-03-11,SILVER,남성,2,2,2,231680,1.0
2025-03-11,SILVER,여성,1,1,1,102900,1.0
2025-03-12,FAMILY,남성,8,8,9,839350,1.0
2025-03-12,FAMILY,여성,4,4,5,724330,1.0
2025-03-12,FAMILY,등산화,1,1,1,116060,1.0
2025-03-12,FAMILY,하이킹,1,1,1,109600,1.0
2025-03-12,FAMILY,상의,2,2,2,96300,1.0
2025-03-12,FAMILY,바람막이,1,1,1,51020,1.0
2025-03-12,FAMILY,라운드티,1,1,1,18470,1.0
2025-03-12,FAMILY,액세서리,1,1,1,5300,1.0
2025-03-12,GOLD,남성,1,1,1,111300,1.0
2025-03-12,SILVER,남성,4,4,5,437820,1.0
2025-03-12,SILVER,여성,1,1,1,118760,1.0
2025-03-12,SILVER,셋업,1,1,2,89000,1.0
2025-03-13,FAMILY,남성,20,20,40,2169360,1.0
2025-03-13,FAMILY,바람막이,5,5,5,327890,1.0
2025-03-13,FAMILY,여성,5,5,5,313690,1.0
2025-03-13,FAMILY,상의,2,2,2,87010,1.0
2025-03-13,FAMILY,방수자켓,1,1,1,69300,1.0
2025-03-13,FAMILY,라운드티,2,2,2,57670,1.0
2025-03-13,FAMILY,하이킹,1,1,1,47000,1.0
2025-03-13,FAMILY,자켓/베스트,1,1,1,47000,1.0
2025-03-13,FAMILY,셋업,1,1,1,38700,1.0
2025-03-13,SILVER,하이킹,1,1,1,55000,1.0
2025-03-13,SILVER,남성,1,1,1,41000,1.0
2025-03-13,TITANIUM,남성,2,1,2,350000,0.5
2025-03-14,FAMILY,남성,13,12,18,1587800,0.9230769230769231
2025-03-14,FAMILY,여성,2,2,2,279000,1.0
2025-03-14,FAMILY,긴바지,2,2,2,205500,1.0
2025-03-14,FAMILY,바람막이,2,2,2,162270,1.0
2025-03-14,FAMILY,상의,3,3,3,157250,1.0
2025-03-14,FAMILY,맨투맨/후드티,1,1,1,49500,1.0
2025-03-14,GOLD,남성,1,1,1,57000,1.0
2025-03-14,SILVER,남성,6,5,6,574320,0.8333333333333334
2025-03-14,SILVER,셔츠,1,1,1,117890,1.0
2025-03-14,SILVER,긴바지,1,1,1,67010,1.0
2025-03-14,SILVER,상의,1,1,1,57870,1.0
2025-03-14,SILVER,하이킹,1,1,1,55000,1.0
2025-03-15,FAMILY,남성,9,9,9,479340,1.0
2025-03-15,FAMILY,바람막이,4,4,4,190110,1.0
2025-03-15,FAMILY,하이킹,2,2,2,117190,1.0
2025-03-15,FAMILY,여성,1,1,1,99500,1.0
2025-03-15,FAMILY,등산화,1,1,1,95000,1.0
2025-03-15,FAMILY,자켓/ 베스트,1,1,1,53000,1.0
2025-03-15,FAMILY,상의,1,1,1,48110,1.0
2025-03-15,FAMILY,폴로/집업티,1,1,1,46060,1.0
2025-03-15,SILVER,남성,5,5,9,775910,1.0
2025-03-15,SILVER,여성,3,3,3,120930,1.0
2025-03-15,SILVER,긴바지,1,1,1,52250,1.0
2025-03-16,FAMILY,남성,10,10,17,872690,1.0
2025-03-16,FAMILY,여성,5,5,5,555870,1.0
2025-03-16,FAMILY,패딩/슬림다운,1,1,2,241550,1.0
2025-03-16,FAMILY,긴바지,3,3,3,135700,1.0
2025-03-16,FAMILY,등산화,1,1,1,84500,1.0
2025-03-16,FAMILY,하이킹,1,1,1,55000,1.0
2025-03-16,FAMILY,셋업,1,1,1,47500,1.0
2025-03-16,FAMILY,바람막이,1,1,1,42180,1.0
2025-03-16,FAMILY,라운드티,1,1,1,34120,1.0
2025-03-16,SILVER,남성,5,5,8,801670,1.0
2025-03-16,SILVER,하이킹,1,1,1,123720,1.0
2025-03-16,SILVER,UNKNOWN,1,1,1,111300,1.0
2025-03-16,SILVER,셋업,2,2,2,71070,1.0
2025-03-16,SILVER,상의,1,1,1,52050,1.0
2025-03-16,SILVER,라운드티,1,1,1,20650,1.0
2025-03-16,TITANIUM,바람막이,1,1,1,99000,1.0
2025-03-17,FAMILY,남성,16,16,21,1079080,1.0
2025-03-17,FAMILY,등산화,1,1,1,136210,1.0
2025-03-17,FAMILY,자켓/ 베스트,1,1,1,107000,1.0
2025-03-17,FAMILY,하이킹,2,2,2,101200,1.0
2025-03-17,FAMILY,여성,1,1,1,79780,1.0
2025-03-17,FAMILY,바람막이,1,1,1,59000,1.0
2025-03-17,FAMILY,폴로티/집업,1,1,1,54500,1.0
2025-03-17,FAMILY,긴바지,1,1,1,53000,1.0
2025-03-17,FAMILY,라운드티,1,1,1,49500,1.0
2025-03-17,SILVER,여성,3,3,3,396020,1.0
2025-03-17,SILVER,남성,2,2,2,193780,1.0
2025-03-18,FAMILY,남성,8,8,9,443960,1.0
2025-03-18,FAMILY,등산화,1,1,1,66150,1.0
2025-03-18,FAMILY,하이킹,1,1,1,48650,1.0
2025-03-18,FAMILY,여성,1,1,1,8410,1.0
2025-03-18,GOLD,남성,1,1,1,134500,1.0
2025-03-18,SILVER,남성,3,3,7,353800,1.0
2025-03-18,SILVER,상의,1,1,1,57240,1.0
2025-03-18,SILVER,셋업,1,1,1,51420,1.0
2025-03-19,FAMILY,남성,13,13,18,1053880,1.0
2025-03-19,FAMILY,바람막이,2,2,2,202000,1.0
2025-03-19,FAMILY,긴바지,2,2,2,127360,1.0
2025-03-19,FAMILY,여성,2,2,2,126930,1.0
2025-03-19,FAMILY,트레일러닝,1,1,1,109000,1.0
2025-03-19,FAMILY,하이킹,2,2,2,107240,1.0
2025-03-19,FAMILY,상의,1,1,1,59000,1.0
2025-03-19,FAMILY,자켓/ 베스트,1,1,1,46980,1.0
2025-03-19,SILVER,남성,3,3,3,208640,1.0
2025-03-19,SILVER,긴바지,1,1,1,53000,1.0
2025-03-19,SILVER,여성,1,1,1,52420,1.0
2025-03-20,FAMILY,남성,11,11,14,874130,1.0
2025-03-20,FAMILY,바람막이,3,3,3,289230,1.0
2025-03-20,FAMILY,셔츠,1,1,1,125100,1.0
2025-03-20,FAMILY,등산화,1,1,1,105060,1.0
2025-03-20,FAMILY,여성,1,1,1,98100,1.0
2025-03-20,FAMILY,긴바지,1,1,2,96750,1.0
2025-03-20,FAMILY,상의,1,1,1,59000,1.0
2025-03-20,FAMILY,하이킹,1,1,1,45000,1.0
2025-03-20,FAMILY,라운드티,1,1,1,39930,1.0
2025-03-20,FAMILY,액세서리,1,1,1,4500,1.0
2025-03-20,SILVER,남성,3,3,3,296100,1.0
2025-03-20,SILVER,셋업,1,1,1,55200,1.0
2025-03-20,SILVER,바람막이,1,1,1,49310,1.0
2025-03-20,SILVER,여성,1,1,1,39000,1.0
2025-03-21,FAMILY,남성,12,12,21,1465750,1.0
2025-03-21,FAMILY,여성,1,1,1,160300,1.0
2025-03-21,FAMILY,하이킹,2,2,2,110000,1.0
2025-03-21,FAMILY,상의,1,1,1,54720,1.0
2025-03-21,FAMILY,긴바지,1,1,1,53000,1.0
2025-03-21,FAMILY,바람막이,1,1,1,52600,1.0
2025-03-21,FAMILY,자켓/ 베스트,1,1,1,26500,1.0
2025-03-21,GOLD,남성,1,1,1,95000,1.0
2025-03-21,GOLD,상의,1,1,1,59000,1.0
2025-03-21,SILVER,남성,2,2,3,288160,1.0
2025-03-21,SILVER,여성,2,2,3,222320,1.0
2025-03-21,SILVER,바람막이,1,1,1,59000,1.0
2025-03-22,FAMILY,남성,7,7,7,645440,1.0
2025-03-22,FAMILY,등산화,1,1,1,113190,1.0
2025-03-22,FAMILY,여성,1,1,1,102590,1.0
2025-03-22,FAMILY,바람막이,1,1,1,57030,1.0
2025-03-22,GOLD,남성,1,1,4,298200,1.0
2025-03-22,SILVER,남성,1,1,2,58000,1.0
2025-03-22,SILVER,셋업,1,1,1,37140,1.0
2025-03-23,FAMILY,남성,12,12,14,1079970,1.0
2025-03-23,FAMILY,바람막이,3,3,3,163540,1.0
2025-03-23,FAMILY,긴바지,2,2,2,96450,1.0
2025-03-23,FAMILY,방수자켓,1,1,1,74340,1.0
2025-03-23,FAMILY,등산화,1,1,1,64500,1.0
2025-03-23,FAMILY,셋업,1,1,1,59500,1.0
2025-03-23,FAMILY,상의,1,1,1,57180,1.0
2025-03-23,FAMILY,크로스/토트백,1,1,1,53100,1.0
2025-03-23,FAMILY,반바지,1,1,1,39500,1.0
2025-03-23,FAMILY,여성,1,1,1,7000,1.0
2025-03-23,SILVER,남성,2,2,4,237410,1.0
2025-03-23,SILVER,바람막이,1,1,1,53580,1.0
2025-03-23,SILVER,여성,2,2,4,35250,1.0
2025-03-24,FAMILY,남성,17,17,22,1233370,1.0
2025-03-24,FAMILY,여성,4,4,6,334300,1.0
2025-03-24,FAMILY,바람막이,2,2,2,158650,1.0
2025-03-24,FAMILY,트레일러닝,1,1,1,106060,1.0
2025-03-24,FAMILY,상의,1,1,1,58340,1.0
2025-03-24,FAMILY,셋업,1,1,1,52580,1.0
2025-03-24,SILVER,남성,1,1,1,62300,1.0
2025-03-25,FAMILY,남성,7,7,12,583670,1.0
2025-03-25,FAMILY,바람막이,2,2,2,113000,1.0
2025-03-25,FAMILY,긴바지,2,2,2,104240,1.0
2025-03-25,FAMILY,셋업,1,1,1,69500,1.0
2025-03-25,FAMILY,여성,1,1,1,2660,1.0
2025-03-25,GOLD,상의,1,1,1,56150,1.0
2025-03-25,SILVER,여성,2,2,2,209930,1.0
2025-03-25,SILVER,남성,2,2,4,179760,1.0
2025-03-25,TITANIUM,여성,1,1,2,288000,1.0
2025-03-25,TITANIUM,맨투맨/후드티,1,1,1,69300,1.0
2025-03-26,FAMILY,남성,6,6,9,597230,1.0
2025-03-26,FAMILY,바람막이,5,5,5,358140,1.0
2025-03-26,FAMILY,셋업,2,2,2,162000,1.0
2025-03-26,FAMILY,긴바지,2,2,3,157000,1.0
2025-03-26,FAMILY,여성,1,1,1,79070,1.0
2025-03-26,FAMILY,상의,1,1,1,59000,1.0
2025-03-26,SILVER,여성,3,2,6,583290,0.6666666666666666
2025-03-26,SILVER,셋업,1,1,2,132570,1.0
2025-03-26,SILVER,긴바지,1,1,2,106000,1.0
2025-03-26,SILVER,남성,2,2,3,104600,1.0
2025-03-27,FAMILY,남성,8,8,11,625110,1.0
2025-03-27,FAMILY,여성,3,3,3,172690,1.0
2025-03-27,FAMILY,방수자켓,2,2,2,152070,1.0
2025-03-27,FAMILY,셋업,1,1,1,59610,1.0
2025-03-27,FAMILY,긴바지,1,1,1,39900,1.0
2025-03-27,FAMILY,반바지,1,1,1,39500,1.0
2025-03-27,GOLD,남성,1,1,2,119000,1.0
2025-03-27,SILVER,여성,1,1,1,142300,1.0
2025-03-27,SILVER,남성,1,1,20,120000,1.0
2025-03-27,SILVER,긴바지,2,2,2,112000,1.0
2025-03-27,SILVER,상의,1,1,1,48910,1.0
2025-03-28,FAMILY,남성,9,9,16,614190,1.0
2025-03-28,FAMILY,여성,3,3,3,246480,1.0
2025-03-28,FAMILY,바람막이,1,1,1,93950,1.0
2025-03-28,FAMILY,긴바지,1,1,1,53000,1.0
2025-03-28,FAMILY,장갑,1,1,1,21600,1.0
2025-03-28,GOLD,여성,1,1,1,81670,1.0
2025-03-28,SILVER,남성,4,4,5,674590,1.0
2025-03-28,SILVER,긴바지,1,1,1,59000,1.0
2025-03-28,SILVER,바람막이,1,1,1,59000,1.0
2025-03-29,FAMILY,남성,10,10,14,1179990,1.0
2025-03-29,FAMILY,여성,2,2,2,219430,1.0
2025-03-29,FAMILY,셋업,1,1,3,203500,1.0
2025-03-29,FAMILY,바람막이,1,1,1,51750,1.0
2025-03-29,GOLD,남성,1,1,2,123000,1.0
2025-03-29,SILVER,여성,3,3,3,193210,1.0
2025-03-29,SILVER,상의,1,1,1,34110,1.0
2025-03-29,SILVER,셋업,1,1,1,32990,1.0
2025-03-29,SILVER,남성,1,1,1,4050,1.0
2025-03-30,FAMILY,남성,9,9,11,303560,1.0
2025-03-30,FAMILY,여성,2,2,2,99500,1.0
2025-03-30,FAMILY,긴바지,1,1,1,37540,1.0
2025-03-30,GOLD,남성,1,1,1,124190,1.0
2025-03-30,SILVER,남성,5,4,5,553300,0.8
2025-03-30,SILVER,등산화,1,1,3,372910,1.0
2025-03-30,SILVER,셋업,1,1,1,69000,1.0
2025-03-30,SILVER,긴바지,1,1,1,58450,1.0
2025-03-30,SILVER,상의,1,1,1,58450,1.0
2025-03-31,FAMILY,남성,7,7,9,397350,1.0
2025-03-31,FAMILY,바람막이,2,2,2,165360,1.0
2025-03-31,FAMILY,여성,1,1,1,56960,1.0
2025-03-31,FAMILY,긴바지,1,1,1,52190,1.0
2025-03-31,FAMILY,맨투맨/후드티,1,1,1,46880,1.0
2025-03-31,SILVER,남성,2,2,2,110000,1.0
2025-03-31,SILVER,바람막이,1,1,1,84500,1.0
2025-03-31,SILVER,자켓/ 베스트,1,1,1,48530,1.0
2025-04-01,FAMILY,남성,16,15,22,1167700,0.9375
2025-04-01,FAMILY,여성,3,3,5,587770,1.0
2025-04-01,FAMILY,바람막이,3,3,3,209890,1.0
2025-04-01,FAMILY,등산화,2,2,2,109210,1.0
2025-04-01,FAMILY,방수자켓,1,1,1,72050,1.0
2025-04-01,FAMILY,긴바지,1,1,1,53000,1.0
2025-04-01,FAMILY,반바지,1,1,1,44500,1.0
2025-04-01,FAMILY,셋업,1,1,1,39810,1.0
2025-04-01,GOLD,남성,1,1,1,87630,1.0
2025-04-01,SILVER,남성,7,6,8,788360,0.8571428571428571
2025-04-01,SILVER,하이킹,1,1,1,94000,1.0
2025-04-01,SILVER,액세서리,1,1,2,15800,1.0
2025-04-02,FAMILY,남성,13,13,26,1481500,1.0
2025-04-02,FAMILY,여성,3,3,3,165200,1.0
2025-04-02,FAMILY,긴바지,1,1,2,122780,1.0
2025-04-02,FAMILY,바람막이,1,1,1,101000,1.0
2025-04-02,FAMILY,방수자켓,1,1,1,61600,1.0
2025-04-02,SILVER,남성,6,5,8,1016050,0.8333333333333334
2025-04-02,SILVER,하이킹,1,1,3,282000,1.0
2025-04-03,FAMILY,남성,20,20,27,1470140,1.0
2025-04-03,FAMILY,여성,5,5,5,470840,1.0
2025-04-03,FAMILY,바람막이,4,4,4,282120,1.0
2025-04-03,FAMILY,긴바지,3,3,3,160960,1.0
2025-04-03,FAMILY,셋업,2,2,2,111570,1.0
2025-04-03,FAMILY,폴로티/집업,1,1,1,82900,1.0
2025-04-03,FAMILY,상의,1,1,1,59000,1.0
2025-04-03,FAMILY,액세서리,1,1,2,18000,1.0
2025-04-03,FAMILY,장갑,1,1,1,12500,1.0
2025-04-03,SILVER,남성,5,5,5,353240,1.0
2025-04-03,SILVER,긴바지,1,1,1,59000,1.0
2025-04-03,SILVER,라운드티,1,1,1,30510,1.0
2025-04-04,FAMILY,남성,14,14,145,6556480,1.0
2025-04-04,FAMILY,라운드티,2,2,3,89000,1.0
2025-04-04,FAMILY,반바지,1,1,1,59380,1.0
2025-04-04,FAMILY,셋업,1,1,1,51870,1.0
2025-04-04,FAMILY,여성,1,1,1,29320,1.0
2025-04-04,SILVER,남성,6,5,6,508940,0.8333333333333334
2025-04-04,SILVER,UNKNOWN,1,1,1,100800,1.0
2025-04-04,SILVER,라운드티,1,1,1,47000,1.0
2025-04-04,SILVER,여성,1,1,1,35590,1.0
2025-04-04,TITANIUM,남성,1,1,3,249200,1.0
2025-04-04,TITANIUM,바람막이,1,1,1,101000,1.0
2025-04-05,FAMILY,남성,14,14,16,1006945,1.0
2025-04-05,FAMILY,자켓/ 베스트,1,1,1,179270,1.0
2025-04-05,FAMILY,긴바지,3,3,3,146620,1.0
2025-04-05,FAMILY,하이킹,1,1,1,114500,1.0
2025-04-05,FAMILY,여성,2,2,2,94310,1.0
2025-04-05,FAMILY,셋업,1,1,1,41000,1.0
2025-04-05,FAMILY,라운드티,1,1,1,28120,1.0
2025-04-05,SILVER,남성,3,3,4,304800,1.0
2025-04-05,SILVER,바람막이,1,1,1,55840,1.0
2025-04-05,SILVER,셋업,1,1,1,53000,1.0
2025-04-05,SILVER,긴바지,1,1,1,50160,1.0
2025-04-06,FAMILY,남성,14,14,16,672370,1.0
2025-04-06,FAMILY,여성,5,5,5,387130,1.0
2025-04-06,FAMILY,바람막이,2,2,2,102670,1.0
2025-04-06,FAMILY,긴바지,1,1,1,45730,1.0
2025-04-06,FAMILY,셋업,1,1,1,45680,1.0
2025-04-06,FAMILY,라운드티,1,1,1,38950,1.0
2025-04-06,SILVER,여성,2,2,4,416640,1.0
2025-04-06,SILVER,남성,2,2,2,351150,1.0
2025-04-06,SILVER,하이킹,1,1,1,132500,1.0
2025-04-06,SILVER,긴바지,1,1,1,53000,1.0
2025-04-07,FAMILY,남성,17,16,43,2528660,0.9411764705882353
2025-04-07,FAMILY,여성,3,3,6,463610,1.0
2025-04-07,FAMILY,등산화,2,2,2,194500,1.0
2025-04-07,FAMILY,자켓/ 베스트,1,1,1,135000,1.0
2025-04-07,FAMILY,바람막이,1,1,1,127200,1.0
2025-04-07,FAMILY,반바지,2,2,2,123310,1.0
2025-04-07,FAMILY,긴바지,2,2,2,105230,1.0
2025-04-07,FAMILY,라운드티,2,2,2,56780,1.0
2025-04-07,FAMILY,셋업,1,1,1,53000,1.0
2025-04-07,FAMILY,폴로티/집업,1,1,1,49500,1.0
2025-04-07,GOLD,남성,1,1,1,161100,1.0
2025-04-07,SILVER,남성,2,2,4,215930,1.0
2025-04-07,SILVER,반바지,2,2,2,112580,1.0
2025-04-07,SILVER,긴바지,1,1,2,79510,1.0
2025-04-07,SILVER,상의,1,1,1,59000,1.0
2025-04-07,SILVER,셋업,1,1,1,54600,1.0
2025-04-08,FAMILY,남성,12,12,16,916670,1.0
2025-04-08,FAMILY,여성,4,4,7,497130,1.0
2025-04-08,FAMILY,셋업,2,2,3,180490,1.0
2025-04-08,FAMILY,긴바지,2,2,3,155000,1.0
2025-04-08,FAMILY,바람막이,2,2,2,135740,1.0
2025-04-08,FAMILY,트레일러닝,1,1,1,107390,1.0
2025-04-08,FAMILY,맨투맨/후드티,1,1,1,51420,1.0
2025-04-08,FAMILY,상의,1,1,1,45010,1.0
2025-04-08,GOLD,남성,1,1,1,71100,1.0
2025-04-08,SILVER,남성,4,4,4,462970,1.0
2025-04-08,SILVER,등산화,1,1,1,87000,1.0
2025-04-08,SILVER,여성,1,1,1,74850,1.0
2025-04-08,SILVER,상의,1,1,1,53330,1.0
2025-04-08,SILVER,긴바지,1,1,1,53000,1.0
2025-04-09,FAMILY,남성,16,16,29,1187380,1.0
2025-04-09,FAMILY,라운드티,6,6,9,351740,1.0
2025-04-09,FAMILY,여성,1,1,1,94500,1.0
2025-04-09,FAMILY,상의,1,1,1,57740,1.0
2025-04-09,FAMILY,셋업,1,1,1,46000,1.0
2025-04-09,FAMILY,긴바지,1,1,1,33700,1.0
2025-04-09,FAMILY,반바지,1,1,1,27900,1.0
2025-04-09,GOLD,남성,1,1,2,156000,1.0
2025-04-09,GOLD,긴바지,1,1,1,53000,1.0
2025-04-09,GOLD,라운드티,1,1,1,50150,1.0
2025-04-09,GOLD,장갑,1,1,1,25000,1.0
2025-04-09,SILVER,남성,3,3,3,278010,1.0
2025-04-09,SILVER,하이킹,1,1,1,94000,1.0
2025-04-09,SILVER,라운드티,1,1,1,58650,1.0
2025-04-09,SILVER,UNKNOWN,1,1,1,32360,1.0
2025-04-10,FAMILY,남성,16,16,19,917810,1.0
2025-04-10,FAMILY,상의,4,4,5,292740,1.0
2025-04-10,FAMILY,바람막이,2,2,2,242700,1.0
2025-04-10,FAMILY,등산화,2,2,2,215840,1.0
2025-04-10,FAMILY,여성,2,2,2,166550,1.0
2025-04-10,FAMILY,셋업,2,2,3,145570,1.0
2025-04-10,FAMILY,트레일러닝,1,1,1,109000,1.0
2025-04-10,FAMILY,긴바지,2,2,2,103480,1.0
2025-04-10,FAMILY,반바지,3,3,3,81150,1.0
2025-04-10,FAMILY,셔츠,1,1,1,40670,1.0
2025-04-10,FAMILY,라운드티,1,1,1,34390,1.0
2025-04-10,GOLD,남성,1,1,1,70610,1.0
2025-04-10,SILVER,남성,2,2,3,215160,1.0
2025-04-10,SILVER,반바지,2,2,2,123850,1.0
2025-04-10,SILVER,라운드티,1,1,2,64000,1.0
2025-04-10,SILVER,맨투맨/후드티,1,1,1,53000,1.0
2025-04-11,FAMILY,남성,14,14,17,998470,1.0
2025-04-11,FAMILY,UNKNOWN,2,2,2,229610,1.0
2025-04-11,FAMILY,라운드티,5,5,6,202670,1.0
2025-04-11,FAMILY,여성,4,4,4,186410,1.0
2025-04-11,FAMILY,바람막이,2,2,2,177750,1.0
2025-04-11,FAMILY,셋업,2,2,2,107170,1.0
2025-04-11,FAMILY,긴바지,2,2,2,106980,1.0
2025-04-11,FAMILY,상의,2,2,2,91990,1.0
2025-04-11,FAMILY,반바지,1,1,3,87000,1.0
2025-04-11,GOLD,긴바지,1,1,1,85870,1.0
2025-04-11,SILVER,남성,5,5,7,463940,1.0
2025-04-11,SILVER,바람막이,1,1,1,127200,1.0
2025-04-11,SILVER,라운드티,2,2,2,95490,1.0
2025-04-11,SILVER,등산화,1,1,1,82705,1.0
2025-04-11,SILVER,반바지,2,2,2,52110,1.0
2025-04-12,FAMILY,남성,7,7,12,648680,1.0
2025-04-12,FAMILY,상의,3,3,3,165340,1.0
2025-04-12,FAMILY,셋업,2,2,2,97290,1.0
2025-04-12,FAMILY,라운드티,3,3,3,84460,1.0
2025-04-12,FAMILY,반바지,1,1,2,66000,1.0
2025-04-12,FAMILY,긴바지,1,1,1,65000,1.0
2025-04-12,FAMILY,여성,1,1,1,56370,1.0
2025-04-12,SILVER,등산화,1,1,1,123160,1.0
2025-04-12,SILVER,남성,1,1,1,70010,1.0
2025-04-12,SILVER,긴바지,1,1,1,53000,1.0
2025-04-12,SILVER,셋업,1,1,1,45160,1.0
2025-04-12,SILVER,반바지,1,1,1,43560,1.0
2025-04-12,SILVER,라운드티,1,1,1,32440,1.0
2025-04-13,FAMILY,남성,12,12,12,925090,1.0
2025-04-13,FAMILY,상의,4,4,4,190520,1.0
2025-04-13,FAMILY,라운드티,2,2,3,94330,1.0
2025-04-13,FAMILY,긴바지,1,1,1,82350,1.0
2025-04-13,FAMILY,맨투맨/후드티,1,1,1,44830,1.0
2025-04-13,FAMILY,셋업,1,1,1,43760,1.0
2025-04-13,FAMILY,셔츠,1,1,1,41700,1.0
2025-04-13,FAMILY,UNKNOWN,1,1,1,39000,1.0
2025-04-13,FAMILY,액세서리,1,1,1,5300,1.0
2025-04-13,GOLD,남성,1,1,1,64200,1.0
2025-04-13,GOLD,맨투맨/후드티,1,1,1,48350,1.0
2025-04-13,GOLD,반바지,1,1,1,42870,1.0
2025-04-13,SILVER,남성,5,5,9,683500,1.0
2025-04-13,SILVER,반바지,2,2,2,58000,1.0
2025-04-13,SILVER,셋업,1,1,1,52120,1.0
2025-04-13,SILVER,라운드티,1,1,1,41000,1.0
2025-04-13,SILVER,여성,1,1,2,19740,1.0
2025-04-14,FAMILY,남성,21,21,27,2044390,1.0
2025-04-14,FAMILY,등산화,2,2,2,348975,1.0
2025-04-14,FAMILY,반바지,4,4,7,184910,1.0
2025-04-14,FAMILY,라운드티,3,3,5,184890,1.0
2025-04-14,FAMILY,여성,4,4,4,182190,1.0
2025-04-14,FAMILY,긴바지,2,2,2,112320,1.0
2025-04-14,FAMILY,액세서리,1,1,2,16000,1.0
2025-04-14,GOLD,남성,1,1,1,139000,1.0
2025-04-14,SILVER,남성,3,3,4,330970,1.0
2025-04-14,SILVER,바람막이,1,1,1,92040,1.0
2025-04-14,SILVER,긴바지,1,1,1,62130,1.0
2025-04-14,SILVER,라운드티,1,1,1,37510,1.0
2025-04-15,FAMILY,남성,20,20,31,1257685,1.0
2025-04-15,FAMILY,라운드티,7,7,7,232530,1.0
2025-04-15,FAMILY,긴바지,4,4,4,220950,1.0
2025-04-15,FAMILY,바람막이,1,1,1,123240,1.0
2025-04-15,FAMILY,반바지,4,4,4,101260,1.0
2025-04-15,FAMILY,UNKNOWN,1,1,1,79500,1.0
2025-04-15,FAMILY,여성,1,1,1,79500,1.0
2025-04-15,SILVER,남성,3,3,3,321950,1.0
2025-04-15,SILVER,여성,1,1,1,195730,1.0
2025-04-15,SILVER,라운드티,3,3,4,128380,1.0
2025-04-15,SILVER,바람막이,1,1,1,121700,1.0
2025-04-15,SILVER,카고/조거,1,1,1,65000,1.0
2025-04-15,SILVER,상의,1,1,1,45440,1.0
2025-04-15,SILVER,UNKNOWN,1,1,1,34130,1.0
2025-04-15,SILVER,반바지,1,1,1,24140,1.0
2025-04-16,FAMILY,남성,14,14,27,1395550,1.0
2025-04-16,FAMILY,여성,4,4,4,302100,1.0
2025-04-16,FAMILY,긴바지,2,2,2,130730,1.0
2025-04-16,FAMILY,라운드티,3,3,3,94600,1.0
2025-04-16,FAMILY,반바지,3,3,3,75000,1.0
2025-04-16,FAMILY,UNKNOWN,2,2,2,63420,1.0
2025-04-16,FAMILY,바람막이,1,1,1,54850,1.0
2025-04-16,FAMILY,셋업,1,1,1,47120,1.0
2025-04-16,FAMILY,상의,1,1,1,44000,1.0
2025-04-16,GOLD,라운드티,1,1,3,99000,1.0
2025-04-16,GOLD,스니커즈,1,1,1,65440,1.0
2025-04-16,SILVER,남성,4,4,5,324850,1.0
2025-04-16,SILVER,라운드티,2,2,3,128180,1.0
2025-04-16,SILVER,바람막이,1,1,1,124980,1.0
2025-04-16,SILVER,긴바지,1,1,1,85670,1.0
2025-04-16,SILVER,여성,1,1,1,28940,1.0
2025-04-16,SILVER,액세서리,1,1,1,7280,1.0
2025-04-17,FAMILY,남성,12,12,18,897920,1.0
2025-04-17,FAMILY,여성,6,6,6,297100,1.0
2025-04-17,FAMILY,바람막이,1,1,1,128190,1.0
2025-04-17,FAMILY,반바지,3,3,4,114110,1.0
2025-04-17,FAMILY,등산화,1,1,1,94500,1.0
2025-04-17,FAMILY,라운드티,3,3,3,88850,1.0
2025-04-17,FAMILY,카고/조거,1,1,1,55000,1.0
2025-04-17,FAMILY,자켓/ 베스트,1,1,1,53000,1.0
2025-04-17,FAMILY,상의,1,1,1,36510,1.0
2025-04-17,SILVER,남성,5,5,5,418750,1.0
2025-04-17,SILVER,반바지,2,2,3,121270,1.0
2025-04-17,SILVER,셋업,1,1,1,49840,1.0
2025-04-17,SILVER,라운드티,1,1,1,29000,1.0
2025-04-17,SILVER,UNKNOWN,1,1,1,28560,1.0
2025-04-18,FAMILY,남성,21,21,36,1862970,1.0
2025-04-18,FAMILY,여성,4,4,6,447850,1.0
2025-04-18,FAMILY,UNKNOWN,4,4,4,231560,1.0
2025-04-18,FAMILY,자켓/ 베스트,1,1,1,197000,1.0
2025-04-18,FAMILY,라운드티,4,4,5,148990,1.0
2025-04-18,FAMILY,바람막이,1,1,1,130680,1.0
2025-04-18,FAMILY,반바지,5,5,5,115900,1.0
2025-04-18,FAMILY,셋업,1,1,2,106000,1.0
2025-04-18,FAMILY,긴바지,2,2,2,100370,1.0
2025-04-18,FAMILY,상의,2,2,2,91710,1.0
2025-04-18,FAMILY,스니커즈,1,1,1,69000,1.0
2025-04-18,GOLD,남성,1,1,2,145100,1.0
2025-04-18,GOLD,등산화,1,1,1,64500,1.0
2025-04-18,SILVER,라운드티,4,4,6,200290,1.0
2025-04-18,SILVER,남성,2,2,2,175460,1.0
2025-04-18,SILVER,상의,1,1,2,98000,1.0
2025-04-18,SILVER,긴바지,1,1,1,53000,1.0
2025-04-18,SILVER,UNKNOWN,1,1,1,41000,1.0
2025-04-19,FAMILY,남성,9,9,14,901020,1.0
2025-04-19,FAMILY,라운드티,4,4,8,252620,1.0
2025-04-19,FAMILY,자켓/ 베스트,2,2,2,235540,1.0
2025-04-19,FAMILY,여성,2,2,2,175080,1.0
2025-04-19,FAMILY,하이킹,1,1,1,137000,1.0
2025-04-19,FAMILY,긴바지,2,2,2,104000,1.0
2025-04-19,FAMILY,반바지,3,3,3,86260,1.0
2025-04-19,FAMILY,바람막이,1,1,1,64500,1.0
2025-04-19,FAMILY,UNKNOWN,1,1,1,41000,1.0
2025-04-19,SILVER,라운드티,3,3,7,251060,1.0
2025-04-19,SILVER,반바지,2,2,3,104420,1.0
2025-04-19,SILVER,셋업,1,1,1,82170,1.0
2025-04-19,SILVER,남성,2,2,3,64910,1.0
2025-04-19,SILVER,상의,1,1,1,58410,1.0
2025-04-19,SILVER,액세서리,1,1,1,8880,1.0
2025-04-20,FAMILY,남성,7,7,8,344590,1.0
2025-04-20,FAMILY,반바지,9,9,11,342390,1.0
2025-04-20,FAMILY,라운드티,7,7,9,308790,1.0
2025-04-20,FAMILY,바람막이,1,1,2,159000,1.0
2025-04-20,FAMILY,여성,3,3,3,84000,1.0
2025-04-20,FAMILY,셋업,1,1,1,74500,1.0
2025-04-20,FAMILY,긴바지,1,1,1,63330,1.0
2025-04-20,FAMILY,스니커즈,1,1,1,56000,1.0
2025-04-20,FAMILY,UNKNOWN,1,1,1,41000,1.0
2025-04-20,FAMILY,폴로/집업티,1,1,1,41000,1.0
2025-04-20,FAMILY,액세서리,1,1,1,7820,1.0
2025-04-20,SILVER,남성,3,3,4,259360,1.0
2025-04-20,SILVER,라운드티,2,2,3,122480,1.0
2025-04-20,SILVER,셋업,1,1,1,53000,1.0
2025-04-20,SILVER,긴바지,1,1,1,52040,1.0
2025-04-20,SILVER,상의,1,1,1,49000,1.0
2025-04-20,SILVER,셔츠,1,1,1,40370,1.0
2025-04-20,SILVER,반바지,1,1,1,28480,1.0
2025-04-21,FAMILY,남성,15,15,42,1976080,1.0
2025-04-21,FAMILY,라운드티,7,7,9,305020,1.0
2025-04-21,FAMILY,긴바지,4,4,4,229870,1.0
2025-04-21,FAMILY,자켓/ 베스트,1,1,1,173400,1.0
2025-04-21,FAMILY,여성,1,1,1,136600,1.0
2025-04-21,FAMILY,등산화,1,1,1,84500,1.0
2025-04-21,FAMILY,반바지,2,2,3,68520,1.0
2025-04-21,FAMILY,셔츠,1,1,1,53000,1.0
2025-04-21,FAMILY,상의,1,1,1,38900,1.0
2025-04-21,FAMILY,UNKNOWN,1,1,1,33850,1.0
2025-04-21,GOLD,긴바지,1,1,1,50010,1.0
2025-04-21,GOLD,셋업,1,1,1,50010,1.0
2025-04-21,SILVER,남성,4,4,6,386410,1.0
2025-04-21,SILVER,바람막이,1,1,1,157100,1.0
2025-04-21,SILVER,UNKNOWN,2,2,2,130960,1.0
2025-04-21,SILVER,긴바지,2,2,2,118190,1.0
2025-04-21,SILVER,트레일러닝,1,1,1,105860,1.0
2025-04-21,SILVER,맨투맨/후드티,1,1,2,105150,1.0
2025-04-21,SILVER,반바지,1,1,2,56320,1.0
2025-04-21,SILVER,상의,1,1,1,40640,1.0
2025-04-22,FAMILY,남성,16,16,17,1045380,1.0
2025-04-22,FAMILY,바람막이,2,2,2,220000,1.0
2025-04-22,FAMILY,여성,3,3,5,176660,1.0
2025-04-22,FAMILY,긴바지,2,2,2,99000,1.0
2025-04-22,FAMILY,하이킹,1,1,1,92000,1.0
2025-04-22,FAMILY,가방,1,1,1,83000,1.0
2025-04-22,FAMILY,상의,1,1,1,57530,1.0
2025-04-22,FAMILY,반바지,2,2,2,48030,1.0
2025-04-22,FAMILY,UNKNOWN,1,1,1,39210,1.0
2025-04-22,FAMILY,라운드티,1,1,1,32540,1.0
2025-04-22,GOLD,남성,2,2,2,107970,1.0
2025-04-22,SILVER,남성,2,2,2,169390,1.0
2025-04-22,SILVER,긴바지,1,1,1,53000,1.0
2025-04-22,SILVER,UNKNOWN,1,1,1,39250,1.0
2025-04-23,FAMILY,남성,17,16,33,1771570,0.9411764705882353
2025-04-23,FAMILY,긴바지,6,6,6,453300,1.0
2025-04-23,FAMILY,바람막이,3,3,3,317810,1.0
2025-04-23,FAMILY,라운드티,5,5,6,234200,1.0
2025-04-23,FAMILY,셋업,2,2,2,80950,1.0
2025-04-23,FAMILY,반바지,1,1,1,29000,1.0
2025-04-23,FAMILY,여성,1,1,1,9610,1.0
2025-04-23,SILVER,남성,6,4,10,774970,0.6666666666666666
2025-04-23,SILVER,긴바지,3,3,3,184290,1.0
2025-04-23,SILVER,라운드티,2,2,2,74650,1.0
2025-04-23,SILVER,반바지,1,1,1,28300,1.0
2025-04-24,FAMILY,남성,21,21,26,1683130,1.0
2025-04-24,FAMILY,여성,10,10,12,944630,1.0
2025-04-24,FAMILY,반바지,5,5,6,167480,1.0
2025-04-24,FAMILY,긴바지,2,2,2,108000,1.0
2025-04-24,FAMILY,바람막이,1,1,1,106100,1.0
2025-04-24,FAMILY,라운드티,3,3,3,101820,1.0
2025-04-24,FAMILY,UNKNOWN,2,2,2,90500,1.0
2025-04-24,FAMILY,가방,1,1,1,72240,1.0
2025-04-24,FAMILY,폴로티/집업,1,1,1,49500,1.0
2025-04-24,FAMILY,상의,1,1,1,49000,1.0
2025-04-24,SILVER,남성,10,10,16,1284090,1.0
2025-04-24,SILVER,여성,1,1,1,147430,1.0
2025-04-24,SILVER,반바지,1,1,2,51000,1.0
2025-04-25,FAMILY,남성,16,15,25,1201100,0.9375
2025-04-25,FAMILY,여성,3,3,3,289830,1.0
2025-04-25,FAMILY,등산화,1,1,1,99500,1.0
2025-04-25,FAMILY,상의,1,1,2,98000,1.0
2025-04-25,FAMILY,긴바지,2,2,2,89880,1.0
2025-04-25,FAMILY,라운드티,2,2,2,68350,1.0
2025-04-25,FAMILY,UNKNOWN,1,1,1,26000,1.0
2025-04-25,SILVER,남성,7,7,8,660620,1.0
2025-04-25,SILVER,하이킹,1,1,1,133430,1.0
2025-04-25,SILVER,라운드티,2,2,3,111000,1.0
2025-04-25,SILVER,트레일러닝,1,1,1,102530,1.0
2025-04-25,SILVER,UNKNOWN,2,2,2,70970,1.0
2025-04-25,SILVER,셋업,1,1,1,51660,1.0
2025-04-25,SILVER,반바지,1,1,1,45810,1.0
2025-04-25,SILVER,상의,1,1,1,43220,1.0
2025-04-25,SILVER,여성,1,1,3,15000,1.0
2025-04-26,FAMILY,남성,8,8,16,779050,1.0
2025-04-26,FAMILY,여성,1,1,1,144810,1.0
2025-04-26,FAMILY,바람막이,1,1,1,97870,1.0
2025-04-26,FAMILY,라운드티,3,3,3,93610,1.0
2025-04-26,FAMILY,반바지,2,2,2,56850,1.0
2025-04-26,SILVER,여성,1,1,1,151190,1.0
2025-04-26,SILVER,라운드티,4,4,4,150510,1.0
2025-04-26,SILVER,긴바지,2,2,2,127600,1.0
2025-04-27,FAMILY,남성,11,11,18,1189570,1.0
2025-04-27,FAMILY,셋업,2,2,2,117500,1.0
2025-04-27,FAMILY,라운드티,3,3,3,100500,1.0
2025-04-27,FAMILY,등산화,1,1,1,85820,1.0
2025-04-27,FAMILY,카고/조거,1,1,1,65000,1.0
2025-04-27,FAMILY,긴바지,1,1,1,61160,1.0
2025-04-27,FAMILY,맨투맨/후드티,1,1,1,53000,1.0
2025-04-27,FAMILY,상의,1,1,1,46570,1.0
2025-04-27,FAMILY,여성,1,1,1,34500,1.0
2025-04-27,GOLD,남성,1,1,2,197410,1.0
2025-04-27,GOLD,여성,1,1,1,99680,1.0
2025-04-27,GOLD,라운드티,1,1,2,75020,1.0
2025-04-27,SILVER,남성,4,4,6,566740,1.0
2025-04-27,SILVER,긴바지,2,2,3,173250,1.0
2025-04-27,SILVER,상의,1,1,1,57730,1.0
2025-04-27,SILVER,셋업,1,1,1,51860,1.0
2025-04-27,TITANIUM,남성,1,1,3,189320,1.0
2025-04-27,TITANIUM,자켓/ 베스트,1,1,1,172670,1.0
2025-04-27,TITANIUM,맨투맨/후드티,1,1,1,51130,1.0
2025-04-27,TITANIUM,라운드티,1,1,1,23760,1.0
2025-04-28,FAMILY,남성,12,12,13,857560,1.0
2025-04-28,FAMILY,여성,3,3,3,408530,1.0
2025-04-28,FAMILY,긴바지,4,4,5,319220,1.0
2025-04-28,FAMILY,등산화,1,1,1,136430,1.0
2025-04-28,FAMILY,셋업,1,1,1,75950,1.0
2025-04-28,FAMILY,라운드티,2,2,2,65000,1.0
2025-04-28,FAMILY,UNKNOWN,1,1,1,36500,1.0
2025-04-28,GOLD,남성,1,1,1,130900,1.0
2025-04-28,SILVER,남성,1,1,1,160080,1.0
2025-04-28,SILVER,라운드티,1,1,1,26470,1.0
2025-04-29,FAMILY,남성,13,13,15,1072390,1.0
2025-04-29,FAMILY,여성,3,3,4,347000,1.0
2025-04-29,FAMILY,상의,2,2,2,108000,1.0
2025-04-29,FAMILY,바람막이,1,1,1,98000,1.0
2025-04-29,FAMILY,긴바지,1,1,1,65000,1.0
2025-04-29,FAMILY,라운드티,1,1,1,41000,1.0
2025-04-29,FAMILY,반바지,1,1,1,26000,1.0
2025-04-29,SILVER,남성,4,4,9,637670,1.0
2025-04-29,SILVER,방수자켓,1,1,1,77000,1.0
2025-04-29,SILVER,스니커즈,1,1,1,69000,1.0
2025-04-29,SILVER,바람막이,1,1,1,64500,1.0
2025-04-29,SILVER,여성,1,1,1,6700,1.0
2025-04-30,FAMILY,남성,66,66,80,2517270,1.0
2025-04-30,FAMILY,여성,14,14,18,560290,1.0
2025-04-30,FAMILY,긴바지,4,4,4,207350,1.0
2025-04-30,FAMILY,라운드티,7,7,7,190880,1.0
2025-04-30,FAMILY,자켓/ 베스트,2,2,2,190060,1.0
2025-04-30,FAMILY,UNKNOWN,3,3,3,156780,1.0
2025-04-30,FAMILY,상의,4,4,4,139950,1.0
2025-04-30,FAMILY,반바지,5,5,5,111640,1.0
2025-04-30,FAMILY,등산화,1,1,1,82320,1.0
2025-04-30,FAMILY,방수자켓,1,1,1,57000,1.0
2025-04-30,FAMILY,카고/조거,1,1,1,53910,1.0
2025-04-30,FAMILY,액세서리,2,2,2,10690,1.0
2025-04-30,GOLD,남성,2,1,2,139950,0.5
2025-04-30,SILVER,남성,7,7,10,848040,1.0
2025-04-30,SILVER,여성,2,2,2,255230,1.0
2025-04-30,SILVER,반바지,2,2,3,75130,1.0
2025-04-30,SILVER,UNKNOWN,1,1,1,71760,1.0
2025-04-30,SILVER,카고/조거,1,1,1,65000,1.0
2025-04-30,SILVER,상의,1,1,1,54840,1.0
2025-05-01,FAMILY,남성,34,34,35,1342550,1.0
2025-05-01,FAMILY,여성,4,4,5,454090,1.0
2025-05-01,FAMILY,긴바지,9,9,9,424660,1.0
2025-05-01,FAMILY,반바지,7,7,8,185420,1.0
2025-05-01,FAMILY,UNKNOWN,3,3,3,82190,1.0
2025-05-01,FAMILY,맨투맨/후드티,1,1,1,44150,1.0
2025-05-01,FAMILY,자켓/ 베스트,1,1,1,29900,1.0
2025-05-01,FAMILY,라운드티,1,1,1,24290,1.0
2025-05-01,GOLD,남성,2,2,2,153690,1.0
2025-05-01,SILVER,남성,13,13,16,1060000,1.0
2025-05-01,SILVER,바람막이,1,1,1,79500,1.0
2025-05-01,SILVER,긴바지,1,1,1,54500,1.0
2025-05-01,SILVER,상의,1,1,1,50200,1.0
2025-05-02,FAMILY,남성,25,25,31,1332310,1.0
2025-05-02,FAMILY,여성,2,2,2,116940,1.0
2025-05-02,FAMILY,상의,1,1,2,96000,1.0
2025-05-02,FAMILY,반바지,2,2,2,72000,1.0
2025-05-02,FAMILY,라운드티,2,2,2,43420,1.0
2025-05-02,FAMILY,셔츠,1,1,1,41610,1.0
2025-05-02,FAMILY,UNKNOWN,1,1,1,36000,1.0
2025-05-02,GOLD,남성,1,1,1,109200,1.0
2025-05-02,SILVER,남성,7,7,12,545810,1.0
2025-05-02,SILVER,셋업,1,1,2,173100,1.0
2025-05-02,SILVER,긴바지,1,1,1,98600,1.0
2025-05-02,SILVER,등산화,1,1,1,96810,1.0
2025-05-02,SILVER,자켓/ 베스트,1,1,1,43000,1.0
2025-05-02,SILVER,여성,1,1,1,39500,1.0
2025-05-03,FAMILY,남성,21,21,27,928150,1.0
2025-05-03,FAMILY,긴바지,3,3,3,203530,1.0
2025-05-03,FAMILY,바람막이,2,2,2,153870,1.0
2025-05-03,FAMILY,여성,3,3,3,147520,1.0
2025-05-03,FAMILY,상의,3,3,3,119000,1.0
2025-05-03,FAMILY,자켓/ 베스트,2,2,2,75640,1.0
2025-05-03,FAMILY,라운드티,2,2,2,58510,1.0
2025-05-03,FAMILY,반바지,1,1,1,29370,1.0
2025-05-03,GOLD,남성,3,3,8,537600,1.0
2025-05-03,SILVER,남성,6,5,7,567340,0.8333333333333334
2025-05-03,SILVER,카고/조거,1,1,2,121300,1.0
2025-05-03,SILVER,폴로티/집업,1,1,2,87700,1.0
2025-05-04,FAMILY,남성,19,19,31,1529890,1.0
2025-05-04,FAMILY,여성,2,2,2,257490,1.0
2025-05-04,FAMILY,UNKNOWN,2,2,2,124050,1.0
2025-05-04,FAMILY,긴바지,2,2,2,96280,1.0
2025-05-04,FAMILY,바람막이,1,1,1,80300,1.0
2025-05-04,FAMILY,등산화,1,1,1,74300,1.0
2025-05-04,FAMILY,상의,1,1,1,35900,1.0
2025-05-04,GOLD,남성,1,1,1,39000,1.0
2025-05-04,SILVER,UNKNOWN,1,1,1,111300,1.0
2025-05-04,SILVER,남성,1,1,1,83300,1.0
2025-05-04,SILVER,긴바지,1,1,1,51000,1.0
2025-05-04,SILVER,반바지,1,1,1,47000,1.0
2025-05-05,FAMILY,남성,17,17,25,1041600,1.0
2025-05-05,FAMILY,긴바지,4,4,4,185760,1.0
2025-05-05,FAMILY,자켓/ 베스트,2,2,2,163980,1.0
2025-05-05,FAMILY,여성,1,1,1,101300,1.0
2025-05-05,FAMILY,등산화,1,1,1,72820,1.0
2025-05-05,FAMILY,상의,1,1,1,46950,1.0
2025-05-05,FAMILY,반바지,1,1,1,32820,1.0
2025-05-05,GOLD,남성,1,1,3,117000,1.0
2025-05-05,SILVER,셋업,1,1,1,123440,1.0
2025-05-05,SILVER,남성,1,1,3,90350,1.0
2025-05-05,SILVER,상의,1,1,1,45650,1.0
2025-05-05,SILVER,여성,1,1,1,37510,1.0
2025-05-05,TITANIUM,자켓/ 베스트,1,1,2,337930,1.0
2025-05-06,FAMILY,남성,35,35,44,2478590,1.0
2025-05-06,FAMILY,여성,5,5,5,312280,1.0
2025-05-06,FAMILY,등산화,2,2,2,135120,1.0
2025-05-06,FAMILY,긴바지,2,2,2,79140,1.0
2025-05-06,FAMILY,UNKNOWN,2,2,2,68950,1.0
2025-05-06,FAMILY,셔츠,2,2,2,65100,1.0
2025-05-06,FAMILY,라운드티,1,1,1,39800,1.0
2025-05-06,GOLD,남성,1,1,1,39090,1.0
2025-05-06,SILVER,남성,4,3,7,824650,0.75
2025-05-06,SILVER,여성,1,1,1,131490,1.0
2025-05-06,SILVER,상의,1,1,1,45420,1.0
2025-05-06,SILVER,긴바지,1,1,1,40900,1.0
2025-05-07,FAMILY,남성,23,23,28,1421050,1.0
2025-05-07,FAMILY,UNKNOWN,4,4,4,281350,1.0
2025-05-07,FAMILY,여성,3,3,3,239850,1.0
2025-05-07,FAMILY,긴바지,2,2,2,91750,1.0
2025-05-07,FAMILY,하이킹,1,1,1,63430,1.0
2025-05-07,FAMILY,반바지,1,1,1,35000,1.0
2025-05-07,FAMILY,라운드티,1,1,1,28900,1.0
2025-05-07,SILVER,남성,7,7,7,632080,1.0
2025-05-07,SILVER,등산화,1,1,3,270900,1.0
2025-05-07,SILVER,반바지,1,1,2,134880,1.0
2025-05-07,SILVER,상의,1,1,1,59000,1.0
2025-05-07,SILVER,긴바지,1,1,1,55000,1.0
2025-05-08,FAMILY,남성,10,10,11,665800,1.0
2025-05-08,FAMILY,여성,2,2,2,151960,1.0
2025-05-08,FAMILY,긴바지,2,2,2,101000,1.0
2025-05-08,FAMILY,상의,1,1,1,47500,1.0
2025-05-08,GOLD,남성,1,1,1,97000,1.0
2025-05-08,SILVER,남성,3,3,4,293460,1.0
2025-05-08,SILVER,카고/조거,1,1,2,112760,1.0
2025-05-09,FAMILY,남성,23,22,36,1816000,0.9565217391304348
2025-05-09,FAMILY,라운드티,5,5,5,170270,1.0
2025-05-09,FAMILY,스니커즈,1,1,1,67200,1.0
2025-05-09,FAMILY,상의,1,1,1,46500,1.0
2025-05-09,FAMILY,맨투맨/후드티,1,1,1,34290,1.0
2025-05-09,FAMILY,여성,1,1,1,6970,1.0
2025-05-09,SILVER,남성,6,5,6,484270,0.8333333333333334
2025-05-09,SILVER,방수자켓,1,1,1,77000,1.0
2025-05-09,TITANIUM,남성,1,1,3,61740,1.0
2025-05-10,FAMILY,남성,12,12,17,494380,1.0
2025-05-10,FAMILY,여성,4,4,4,269500,1.0
2025-05-10,FAMILY,긴바지,3,3,3,152790,1.0
2025-05-10,FAMILY,UNKNOWN,1,1,1,99350,1.0
2025-05-10,FAMILY,상의,2,2,2,86200,1.0
2025-05-10,FAMILY,라운드티,3,3,3,82960,1.0
2025-05-10,FAMILY,바람막이,1,1,1,47000,1.0
2025-05-10,FAMILY,셔츠,1,1,1,37000,1.0
2025-05-10,GOLD,남성,2,2,2,136110,1.0
2025-05-10,SILVER,남성,2,2,2,151350,1.0
2025-05-11,FAMILY,남성,172,172,203,7197570,1.0
2025-05-11,FAMILY,여성,24,24,28,1421890,1.0
2025-05-11,FAMILY,라운드티,33,33,33,740180,1.0
2025-05-11,FAMILY,긴바지,16,16,16,718950,1.0
2025-05-11,FAMILY,반바지,26,26,27,542490,1.0
2025-05-11,FAMILY,셋업,7,7,7,316880,1.0
2025-05-11,FAMILY,등산화,4,4,4,315550,1.0
2025-05-11,FAMILY,바람막이,3,3,3,214630,1.0
2025-05-11,FAMILY,상의,3,3,4,193260,1.0
2025-05-11,FAMILY,자켓/ 베스트,1,1,1,173850,1.0
2025-05-11,FAMILY,폴로티/집업,3,3,3,155740,1.0
2025-05-11,FAMILY,트레일러닝,1,1,1,89000,1.0
2025-05-11,FAMILY,카고/조거,1,1,1,50000,1.0
2025-05-11,FAMILY,UNKNOWN,2,2,2,39110,1.0
2025-05-11,FAMILY,맨투맨/후드티,1,1,1,28920,1.0
2025-05-11,GOLD,남성,1,1,3,192710,1.0
2025-05-11,SILVER,남성,25,24,28,1780070,0.96
2025-05-11,SILVER,여성,4,4,4,383410,1.0
2025-05-11,SILVER,라운드티,3,3,3,145820,1.0
2025-05-11,SILVER,등산화,1,1,1,128090,1.0
2025-05-11,SILVER,셋업,2,2,2,123950,1.0
2025-05-11,SILVER,긴바지,1,1,2,108000,1.0
2025-05-11,SILVER,반바지,3,3,3,82720,1.0
2025-05-12,FAMILY,남성,20,20,30,1277600,1.0
2025-05-12,FAMILY,스니커즈,2,2,2,125620,1.0
2025-05-12,FAMILY,라운드티,4,4,4,117010,1.0
2025-05-12,FAMILY,긴바지,1,1,1,55000,1.0
2025-05-12,FAMILY,셋업,1,1,1,52370,1.0
2025-05-12,FAMILY,여성,1,1,1,49500,1.0
2025-05-12,SILVER,남성,2,2,3,370600,1.0
2025-05-12,SILVER,하이킹,1,1,1,131740,1.0
2025-05-12,SILVER,스니커즈,1,1,1,59000,1.0
2025-05-13,FAMILY,남성,11,11,18,664890,1.0
2025-05-13,FAMILY,상의,2,1,2,118000,0.5
2025-05-13,FAMILY,카고/조거,1,1,1,54750,1.0
2025-05-13,FAMILY,바람막이,1,1,1,51600,1.0
2025-05-13,FAMILY,자켓/ 베스트,1,1,1,48000,1.0
2025-05-13,FAMILY,반바지,1,1,1,24500,1.0
2025-05-13,GOLD,남성,1,1,1,88500,1.0
2025-05-13,SILVER,남성,1,1,1,116910,1.0
2025-05-13,SILVER,셋업,1,1,1,97900,1.0
2025-05-13,SILVER,긴바지,1,1,1,65000,1.0
2025-05-13,SILVER,여성,1,1,1,17830,1.0
2025-05-13,TITANIUM,남성,1,1,3,319000,1.0
2025-05-13,TITANIUM,여성,1,1,1,79000,1.0
2025-05-14,FAMILY,남성,10,10,13,1103860,1.0
2025-05-14,FAMILY,여성,3,3,4,307850,1.0
2025-05-14,FAMILY,긴바지,4,4,5,254740,1.0
2025-05-14,FAMILY,반바지,3,3,4,129000,1.0
2025-05-14,FAMILY,하이킹,1,1,1,89400,1.0
2025-05-14,FAMILY,라운드티,2,2,3,85000,1.0
2025-05-14,FAMILY,셋업,1,1,1,61500,1.0
2025-05-14,FAMILY,스니커즈,1,1,1,58680,1.0
2025-05-14,FAMILY,UNKNOWN,2,2,2,51110,1.0
2025-05-14,GOLD,여성,1,1,2,65500,1.0
2025-05-14,SILVER,남성,5,5,6,521600,1.0
2025-05-14,TITANIUM,여성,1,1,1,105610,1.0
2025-05-15,FAMILY,남성,11,11,14,797290,1.0
2025-05-15,FAMILY,긴바지,3,3,3,183000,1.0
2025-05-15,FAMILY,반바지,2,2,2,93500,1.0
2025-05-15,FAMILY,라운드티,2,2,2,69890,1.0
2025-05-15,FAMILY,폴로/집업티,1,1,1,53000,1.0
2025-05-15,FAMILY,자켓/ 베스트,1,1,1,53000,1.0
2025-05-15,FAMILY,여성,1,1,1,49000,1.0
2025-05-15,SILVER,셋업,1,1,2,172000,1.0
2025-05-15,SILVER,바람막이,1,1,1,129000,1.0
2025-05-15,SILVER,남성,1,1,1,94560,1.0
2025-05-15,SILVER,라운드티,1,1,1,41000,1.0
2025-05-15,SILVER,반바지,1,1,2,40990,1.0
2025-05-15,SILVER,자켓/ 베스트,1,1,1,37750,1.0
2025-05-16,FAMILY,남성,21,19,38,1865100,0.9047619047619048
2025-05-16,FAMILY,여성,2,2,2,142410,1.0
2025-05-16,FAMILY,라운드티,3,2,3,95010,0.6666666666666666
2025-05-16,FAMILY,긴바지,2,2,2,84480,1.0
2025-05-16,FAMILY,스니커즈,1,1,1,67640,1.0
2025-05-16,FAMILY,카고/조거,1,1,1,65000,1.0
2025-05-16,FAMILY,반바지,2,2,2,45640,1.0
2025-05-16,GOLD,남성,1,1,1,39500,1.0
2025-05-16,SILVER,여성,2,2,4,350660,1.0
2025-05-16,SILVER,남성,2,2,3,217390,1.0
2025-05-16,SILVER,긴바지,2,2,2,155300,1.0
2025-05-17,FAMILY,남성,8,8,10,808980,1.0
2025-05-17,FAMILY,등산화,1,1,1,98710,1.0
2025-05-17,FAMILY,여성,1,1,1,86420,1.0
2025-05-17,FAMILY,긴바지,1,1,1,65000,1.0
2025-05-17,FAMILY,라운드티,1,1,1,30260,1.0
2025-05-17,FAMILY,반바지,1,1,1,21750,1.0
2025-05-17,SILVER,남성,4,3,5,513700,0.75
2025-05-18,FAMILY,남성,12,11,18,981070,0.9166666666666666
2025-05-18,FAMILY,여성,1,1,1,129100,1.0
2025-05-18,FAMILY,반바지,2,2,2,90920,1.0
2025-05-18,FAMILY,등산화,1,1,1,87900,1.0
2025-05-18,FAMILY,긴바지,1,1,1,52040,1.0
2025-05-18,SILVER,남성,3,3,3,230010,1.0
2025-05-19,FAMILY,남성,13,12,15,844390,0.9230769230769231
2025-05-19,FAMILY,등산화,1,1,1,94500,1.0
2025-05-19,FAMILY,라운드티,2,2,2,61900,1.0
2025-05-19,FAMILY,긴바지,1,1,1,60650,1.0
2025-05-19,FAMILY,여성,1,1,1,49500,1.0
2025-05-19,FAMILY,폴로티/집업,1,1,1,49500,1.0
2025-05-19,SILVER,남성,5,5,7,710890,1.0
2025-05-19,SILVER,여성,2,2,3,199000,1.0
2025-05-19,SILVER,상의,1,1,1,59000,1.0
2025-05-20,FAMILY,남성,15,15,18,1207310,1.0
2025-05-20,FAMILY,여성,3,3,3,131540,1.0
2025-05-20,FAMILY,등산화,1,1,1,90300,1.0
2025-05-20,FAMILY,긴바지,1,1,1,65000,1.0
2025-05-20,FAMILY,라운드티,1,1,1,24840,1.0
2025-05-20,GOLD,남성,2,2,9,419110,1.0
2025-05-20,GOLD,상의,1,1,1,59000,1.0
2025-05-20,SILVER,남성,5,5,12,685220,1.0
2025-05-20,SILVER,긴바지,1,1,1,99000,1.0
2025-05-20,TITANIUM,남성,1,1,3,58500,1.0
2025-05-21,FAMILY,바람막이,2,1,20,2703000,0.5
2025-05-21,FAMILY,남성,22,20,29,1277540,0.9090909090909091
2025-05-21,FAMILY,스니커즈,4,4,5,338560,1.0
2025-05-21,FAMILY,여성,5,5,6,276300,1.0
2025-05-21,FAMILY,반바지,3,3,4,127460,1.0
2025-05-21,FAMILY,라운드티,2,2,2,85560,1.0
2025-05-21,SILVER,남성,9,8,14,1141960,0.8888888888888888
2025-05-21,SILVER,여성,1,1,1,136860,1.0
2025-05-21,SILVER,폴로티/집업,1,1,1,93620,1.0
2025-05-21,SILVER,셋업,1,1,1,81090,1.0
2025-05-21,SILVER,라운드티,1,1,1,28680,1.0
2025-05-22,FAMILY,남성,12,12,18,855320,1.0
2025-05-22,FAMILY,라운드티,4,4,5,150750,1.0
2025-05-22,FAMILY,여성,2,2,2,110540,1.0
2025-05-22,FAMILY,반바지,3,3,3,104600,1.0
2025-05-22,FAMILY,긴바지,2,2,2,102900,1.0
2025-05-22,FAMILY,셋업,1,1,1,83000,1.0
2025-05-22,FAMILY,스니커즈,1,1,1,69000,1.0
2025-05-22,GOLD,라운드티,1,1,1,19450,1.0
2025-05-22,SILVER,남성,5,5,13,919840,1.0
2025-05-22,SILVER,긴바지,3,3,4,388630,1.0
2025-05-22,SILVER,여성,1,1,1,159000,1.0
2025-05-22,SILVER,반바지,2,2,2,62630,1.0
2025-05-22,SILVER,맨투맨/후드티,1,1,1,52440,1.0
2025-05-22,SILVER,라운드티,1,1,1,28690,1.0
2025-05-23,FAMILY,남성,13,13,15,854780,1.0
2025-05-23,FAMILY,여성,4,4,5,519540,1.0
2025-05-23,FAMILY,등산화,2,2,2,253740,1.0
2025-05-23,FAMILY,긴바지,2,2,2,96890,1.0
2025-05-23,FAMILY,UNKNOWN,1,1,1,38000,1.0
2025-05-23,FAMILY,라운드티,1,1,1,32290,1.0
2025-05-23,GOLD,남성,1,1,4,71000,1.0
2025-05-23,SILVER,남성,4,4,4,316860,1.0
2025-05-24,FAMILY,남성,11,11,12,801850,1.0
2025-05-24,FAMILY,스니커즈,6,6,6,269770,1.0
2025-05-24,FAMILY,긴바지,1,1,1,98100,1.0
2025-05-24,FAMILY,여성,1,1,1,58220,1.0
2025-05-24,FAMILY,셔츠,1,1,1,50430,1.0
2025-05-24,FAMILY,반바지,1,1,1,44720,1.0
2025-05-24,FAMILY,UNKNOWN,1,1,1,41000,1.0
2025-05-24,GOLD,남성,1,1,3,122500,1.0
2025-05-24,GOLD,여성,1,1,1,94750,1.0
2025-05-24,GOLD,폴로티/집업,1,1,2,89960,1.0
2025-05-24,SILVER,남성,4,4,5,407990,1.0
2025-05-24,SILVER,상의,1,1,2,118000,1.0
2025-05-24,SILVER,바람막이,1,1,1,100000,1.0
2025-05-24,SILVER,긴바지,1,1,1,65490,1.0
2025-05-25,FAMILY,남성,6,6,12,710310,1.0
2025-05-25,FAMILY,스니커즈,3,3,3,139510,1.0
2025-05-25,FAMILY,반바지,1,1,2,74560,1.0
2025-05-25,GOLD,남성,1,1,2,106320,1.0
2025-05-26,FAMILY,남성,20,20,33,1592140,1.0
2025-05-26,FAMILY,스니커즈,5,4,5,237800,0.8
2025-05-26,FAMILY,여성,2,2,2,123200,1.0
2025-05-26,SILVER,남성,6,6,9,723100,1.0
2025-05-26,SILVER,긴바지,1,1,2,130000,1.0
2025-05-26,SILVER,트레일러닝,1,1,1,107000,1.0
2025-05-27,FAMILY,남성,14,13,16,919900,0.9285714285714286
2025-05-27,FAMILY,여성,4,4,5,255900,1.0
2025-05-27,FAMILY,UNKNOWN,1,1,1,99950,1.0
2025-05-27,FAMILY,스니커즈,2,2,2,97020,1.0
2025-05-27,FAMILY,등산화,1,1,1,90300,1.0
2025-05-27,FAMILY,셋업,1,1,2,69000,1.0
2025-05-27,FAMILY,긴바지,1,1,1,65000,1.0
2025-05-27,FAMILY,카고/조거,1,1,1,46560,1.0
2025-05-27,FAMILY,반바지,1,1,1,28420,1.0
2025-05-27,GOLD,여성,1,1,1,83540,1.0
2025-05-27,SILVER,남성,4,4,7,431070,1.0
2025-05-27,SILVER,등산화,1,1,1,183560,1.0
2025-05-27,SILVER,긴바지,1,1,1,48080,1.0
2025-05-27,SILVER,라운드티,1,1,1,27460,1.0
2025-05-28,FAMILY,남성,20,20,24,984670,1.0
2025-05-28,FAMILY,여성,3,3,4,211770,1.0
2025-05-28,FAMILY,스니커즈,4,4,4,189180,1.0
2025-05-28,FAMILY,반바지,2,2,2,62390,1.0
2025-05-28,FAMILY,라운드티,2,2,2,49610,1.0
2025-05-28,SILVER,남성,6,6,8,1008110,1.0
2025-05-28,SILVER,바람막이,1,1,1,99940,1.0
2025-05-28,SILVER,긴바지,1,1,1,41000,1.0
2025-05-28,SILVER,스니커즈,1,1,1,39540,1.0
2025-05-28,TITANIUM,남성,1,1,4,130000,1.0
2025-05-29,FAMILY,남성,29,29,38,2615270,1.0
2025-05-29,FAMILY,스니커즈,4,4,5,239610,1.0
2025-05-29,FAMILY,여성,3,3,4,207770,1.0
2025-05-29,FAMILY,라운드티,3,3,5,139310,1.0
2025-05-29,FAMILY,긴바지,2,2,2,112640,1.0
2025-05-29,FAMILY,바람막이,1,1,1,84880,1.0
2025-05-29,FAMILY,상의,1,1,1,56100,1.0
2025-05-29,GOLD,남성,1,1,1,24500,1.0
2025-05-29,SILVER,남성,7,6,10,601220,0.8571428571428571
2025-05-30,FAMILY,남성,14,13,14,703250,0.9285714285714286
2025-05-30,FAMILY,여성,5,5,5,380510,1.0
2025-05-30,FAMILY,긴바지,2,2,2,147200,1.0
2025-05-30,FAMILY,스니커즈,2,2,3,142300,1.0
2025-05-30,FAMILY,라운드티,1,1,1,54860,1.0
2025-05-30,SILVER,남성,2,2,2,86000,1.0
2025-05-31,FAMILY,남성,15,15,16,912990,1.0
2025-05-31,FAMILY,스니커즈,4,4,5,240420,1.0
2025-05-31,FAMILY,여성,2,2,2,197810,1.0
2025-05-31,FAMILY,등산화,1,1,1,162610,1.0
2025-05-31,FAMILY,셋업,1,1,1,72000,1.0
2025-05-31,FAMILY,긴바지,1,1,1,65000,1.0
2025-05-31,GOLD,남성,1,1,3,151000,1.0
2025-05-31,SILVER,여성,1,1,2,147550,1.0
2025-05-31,SILVER,남성,4,4,4,112350,1.0
2025-05-31,SILVER,스니커즈,2,2,2,83110,1.0
2025-06-01,FAMILY,남성,25,25,32,1348950,1.0
2025-06-01,FAMILY,스니커즈,3,3,3,137510,1.0
2025-06-01,FAMILY,긴바지,1,1,1,57640,1.0
2025-06-01,FAMILY,여성,3,3,3,56510,1.0
2025-06-01,FAMILY,셋업,1,1,1,53000,1.0
2025-06-01,FAMILY,상의,1,1,1,29500,1.0
2025-06-01,SILVER,남성,3,3,6,551310,1.0
2025-06-01,SILVER,여성,3,3,5,267860,1.0
2025-06-01,SILVER,하이킹,1,1,1,137000,1.0
2025-06-01,SILVER,셋업,1,1,1,60000,1.0
2025-06-01,SILVER,라운드티,1,1,1,28230,1.0
2025-06-02,FAMILY,남성,14,13,21,1374280,0.9285714285714286
2025-06-02,FAMILY,여성,4,4,4,201490,1.0
2025-06-02,FAMILY,스니커즈,3,3,3,138040,1.0
2025-06-02,FAMILY,긴바지,2,2,2,105000,1.0
2025-06-02,SILVER,남성,5,5,6,467870,1.0
2025-06-02,SILVER,여성,2,2,5,466540,1.0
2025-06-02,SILVER,등산화,1,1,2,180600,1.0
2025-06-02,SILVER,UNKNOWN,1,1,1,101410,1.0
2025-06-02,SILVER,라운드티,1,1,1,34070,1.0
2025-06-02,TITANIUM,스니커즈,1,1,2,98000,1.0
2025-06-02,TITANIUM,남성,1,1,1,59000,1.0
2025-06-03,FAMILY,남성,13,13,16,1068460,1.0
2025-06-03,FAMILY,하이킹,1,1,1,90340,1.0
2025-06-03,FAMILY,등산화,1,1,1,72270,1.0
2025-06-03,FAMILY,라운드티,2,2,2,67300,1.0
2025-06-03,FAMILY,여성,2,2,2,63240,1.0
2025-06-03,FAMILY,스니커즈,1,1,1,45480,1.0
2025-06-03,SILVER,남성,1,1,1,80550,1.0
2025-06-03,TITANIUM,남성,1,1,1,59000,1.0
2025-06-04,FAMILY,남성,9,9,10,823390,1.0
2025-06-04,FAMILY,여성,2,2,3,102270,1.0
2025-06-04,FAMILY,스니커즈,2,2,2,90380,1.0
2025-06-04,FAMILY,등산화,1,1,1,89250,1.0
2025-06-04,FAMILY,셋업,1,1,1,57540,1.0
2025-06-04,FAMILY,상의,1,1,1,55900,1.0
2025-06-04,GOLD,남성,1,1,1,75450,1.0
2025-06-04,SILVER,스니커즈,2,2,2,96600,1.0
2025-06-04,SILVER,라운드티,1,1,1,41000,1.0
2025-06-05,FAMILY,남성,6,6,10,666280,1.0
2025-06-05,FAMILY,스니커즈,3,3,4,188640,1.0
2025-06-05,FAMILY,여성,2,2,2,153500,1.0
2025-06-05,FAMILY,라운드티,2,2,3,87000,1.0
2025-06-05,FAMILY,긴바지,1,1,1,60190,1.0
2025-06-05,SILVER,긴바지,1,1,3,193000,1.0
2025-06-05,SILVER,남성,2,2,2,69370,1.0
2025-06-05,SILVER,상의,1,1,1,54340,1.0
2025-06-06,FAMILY,남성,13,13,20,764420,1.0
2025-06-06,FAMILY,여성,1,1,1,92690,1.0
2025-06-06,FAMILY,UNKNOWN,1,1,1,84500,1.0
2025-06-06,FAMILY,셋업,1,1,1,83300,1.0
2025-06-06,FAMILY,상의,1,1,1,59000,1.0
2025-06-06,FAMILY,스니커즈,1,1,1,44000,1.0
2025-06-06,FAMILY,액세서리,1,1,1,8400,1.0
2025-06-06,SILVER,남성,3,3,3,201360,1.0
2025-06-07,FAMILY,남성,15,15,21,947530,1.0
2025-06-07,FAMILY,여성,6,6,8,586110,1.0
2025-06-07,FAMILY,등산화,1,1,1,94500,1.0
2025-06-07,FAMILY,바람막이,1,1,1,92950,1.0
2025-06-07,FAMILY,스니커즈,1,1,1,49000,1.0
2025-06-07,FAMILY,반바지,1,1,1,44500,1.0
2025-06-07,SILVER,남성,3,3,4,254890,1.0
2025-06-08,FAMILY,남성,35,35,49,2568320,1.0
2025-06-08,FAMILY,여성,6,5,7,464860,0.8333333333333334
2025-06-08,FAMILY,라운드티,3,3,4,126600,1.0
2025-06-08,FAMILY,긴바지,2,2,2,108780,1.0
2025-06-08,FAMILY,UNKNOWN,2,2,2,83490,1.0
2025-06-08,FAMILY,스니커즈,1,1,1,38100,1.0
2025-06-08,GOLD,남성,1,1,1,47200,1.0
2025-06-08,SILVER,남성,10,9,14,1094080,0.9
2025-06-08,SILVER,긴바지,2,2,2,135420,1.0
2025-06-08,SILVER,바람막이,1,1,1,127200,1.0
2025-06-08,SILVER,여성,1,1,1,106700,1.0
2025-06-08,SILVER,UNKNOWN,1,1,1,55200,1.0
2025-06-09,FAMILY,남성,19,19,28,1514840,1.0
2025-06-09,FAMILY,여성,9,9,10,636000,1.0
2025-06-09,FAMILY,긴바지,1,1,2,114710,1.0
2025-06-09,GOLD,남성,1,1,1,30920,1.0
2025-06-09,SILVER,여성,1,1,2,117500,1.0
2025-06-09,TITANIUM,남성,1,1,2,98100,1.0
2025-06-10,FAMILY,남성,24,24,28,1856150,1.0
2025-06-10,FAMILY,여성,4,4,5,230500,1.0
2025-06-10,FAMILY,등산화,1,1,1,88300,1.0
2025-06-10,GOLD,여성,1,1,2,180600,1.0
2025-06-10,GOLD,바람막이,1,1,2,180600,1.0
2025-06-10,GOLD,셋업,1,1,1,86530,1.0
2025-06-10,SILVER,남성,5,5,7,513020,1.0
2025-06-10,SILVER,바람막이,1,1,1,83050,1.0
2025-06-11,FAMILY,남성,19,19,34,1471900,1.0
2025-06-11,FAMILY,여성,3,3,4,285800,1.0
2025-06-11,FAMILY,UNKNOWN,1,1,1,61200,1.0
2025-06-11,SILVER,남성,5,5,9,912940,1.0
2025-06-11,SILVER,여성,2,2,3,194200,1.0
2025-06-12,FAMILY,남성,31,31,44,2926460,1.0
2025-06-12,FAMILY,스니커즈,2,2,2,86650,1.0
2025-06-12,FAMILY,UNKNOWN,1,1,1,61200,1.0
2025-06-12,GOLD,남성,1,1,1,32000,1.0
2025-06-12,SILVER,남성,6,6,7,574830,1.0
2025-06-12,SILVER,여성,1,1,1,116300,1.0
2025-06-13,FAMILY,남성,18,18,26,1340460,1.0
2025-06-13,FAMILY,여성,6,6,7,560620,1.0
2025-06-13,FAMILY,스니커즈,1,1,1,49000,1.0
2025-06-13,FAMILY,폴로티/집업,1,1,1,41900,1.0
2025-06-13,FAMILY,상의,1,1,1,33120,1.0
2025-06-13,FAMILY,라운드티,1,1,1,23000,1.0
2025-06-13,GOLD,남성,2,2,3,162770,1.0
2025-06-13,SILVER,남성,2,2,3,194200,1.0
2025-06-14,FAMILY,남성,29,28,40,2285350,0.9655172413793104
2025-06-14,FAMILY,여성,4,4,5,438300,1.0
2025-06-14,FAMILY,라운드티,3,3,3,85880,1.0
2025-06-14,GOLD,남성,1,1,1,47200,1.0
2025-06-14,SILVER,남성,3,3,3,236570,1.0
2025-06-14,SILVER,맨투맨/후드티,1,1,1,50990,1.0
2025-06-14,SILVER,라운드티,1,1,1,33670,1.0
2025-06-15,FAMILY,남성,13,13,25,1210880,1.0
2025-06-15,FAMILY,여성,6,6,8,410520,1.0
2025-06-15,FAMILY,셋업,3,3,4,190940,1.0
2025-06-15,FAMILY,긴바지,2,2,2,118590,1.0
2025-06-15,FAMILY,스니커즈,1,1,1,47700,1.0
2025-06-15,GOLD,여성,1,1,1,115030,1.0
2025-06-15,GOLD,남성,1,1,1,73150,1.0
2025-06-15,GOLD,반바지,1,1,1,36700,1.0
2025-06-15,SILVER,남성,6,6,9,711040,1.0
2025-06-16,FAMILY,남성,19,18,22,1235500,0.9473684210526315
2025-06-16,FAMILY,긴바지,1,1,1,104470,1.0
2025-06-16,FAMILY,반바지,1,1,1,47000,1.0
2025-06-16,FAMILY,여성,1,1,1,44500,1.0
2025-06-16,FAMILY,스니커즈,1,1,1,41750,1.0
2025-06-16,GOLD,남성,3,3,5,370100,1.0
2025-06-16,SILVER,남성,6,6,11,677220,1.0
2025-06-16,SILVER,UNKNOWN,1,1,1,54900,1.0
2025-06-17,FAMILY,남성,25,25,148,5653820,1.0
2025-06-17,FAMILY,여성,3,3,3,237600,1.0
2025-06-17,FAMILY,스니커즈,2,2,2,92900,1.0
2025-06-17,FAMILY,하이킹,1,1,1,83000,1.0
2025-06-17,FAMILY,셋업,1,1,1,82000,1.0
2025-06-17,FAMILY,상의,1,1,1,58180,1.0
2025-06-17,FAMILY,라운드티,2,2,2,56790,1.0
2025-06-17,FAMILY,UNKNOWN,1,1,1,31400,1.0
2025-06-17,FAMILY,액세서리,1,1,1,8680,1.0
2025-06-17,GOLD,여성,1,1,1,99500,1.0
2025-06-17,SILVER,남성,3,3,3,140400,1.0
2025-06-18,FAMILY,남성,14,14,19,1024130,1.0
2025-06-18,FAMILY,여성,4,4,4,251340,1.0
2025-06-18,FAMILY,스니커즈,2,2,2,89500,1.0
2025-06-18,FAMILY,라운드티,2,2,2,57040,1.0
2025-06-18,FAMILY,셋업,1,1,1,53000,1.0
2025-06-18,FAMILY,반바지,1,1,1,47000,1.0
2025-06-18,GOLD,남성,2,2,2,277000,1.0
2025-06-18,GOLD,여성,1,1,1,48300,1.0
2025-06-18,SILVER,남성,4,4,9,505940,1.0
2025-06-19,FAMILY,남성,19,18,25,1098480,0.9473684210526315
2025-06-19,FAMILY,여성,1,1,2,124000,1.0
2025-06-19,FAMILY,셔츠,1,1,1,53000,1.0
2025-06-19,FAMILY,긴바지,1,1,1,52900,1.0
2025-06-19,FAMILY,스니커즈,1,1,1,46150,1.0
2025-06-19,FAMILY,반바지,1,1,1,43630,1.0
2025-06-19,FAMILY,라운드티,1,1,1,21780,1.0
2025-06-19,SILVER,남성,6,6,13,1183360,1.0
2025-06-19,SILVER,셋업,1,1,2,208050,1.0
2025-06-19,SILVER,여성,1,1,1,97050,1.0
2025-06-19,SILVER,긴바지,1,1,1,30180,1.0
2025-06-20,FAMILY,남성,39,38,45,3215190,0.9743589743589743
2025-06-20,FAMILY,여성,4,4,4,178340,1.0
2025-06-20,FAMILY,긴바지,2,2,3,163500,1.0
2025-06-20,FAMILY,폴로티/집업,1,1,1,49500,1.0
2025-06-20,GOLD,남성,5,3,10,596750,0.6
2025-06-20,SILVER,남성,10,10,12,1110940,1.0
2025-06-20,SILVER,긴바지,1,1,1,52670,1.0
2025-06-21,FAMILY,남성,15,14,17,977670,0.9333333333333333
2025-06-21,FAMILY,바람막이,1,1,1,89270,1.0
2025-06-21,FAMILY,반바지,2,2,2,71990,1.0
2025-06-21,FAMILY,스니커즈,1,1,1,49000,1.0
2025-06-21,FAMILY,여성,1,1,1,43400,1.0
2025-06-21,FAMILY,라운드티,1,1,1,26670,1.0
2025-06-21,GOLD,등산화,1,1,1,87880,1.0
2025-06-21,GOLD,남성,1,1,3,36540,1.0
2025-06-21,SILVER,남성,6,6,7,451600,1.0
2025-06-21,SILVER,라운드티,1,1,1,38420,1.0
2025-06-21,SILVER,반바지,1,1,1,28220,1.0
2025-06-22,FAMILY,남성,12,12,14,664050,1.0
2025-06-22,FAMILY,여성,1,1,1,108150,1.0
2025-06-22,FAMILY,방수자켓,1,1,1,77000,1.0
2025-06-22,FAMILY,셋업,1,1,1,42870,1.0
2025-06-22,FAMILY,라운드티,1,1,1,31180,1.0
2025-06-22,GOLD,여성,1,1,2,238000,1.0
2025-06-22,SILVER,남성,3,3,5,465450,1.0
2025-06-23,FAMILY,남성,19,19,25,1568390,1.0
2025-06-23,FAMILY,여성,5,5,5,234140,1.0
2025-06-23,FAMILY,셔츠,1,1,1,52210,1.0
2025-06-23,FAMILY,긴바지,1,1,1,52210,1.0
2025-06-23,FAMILY,스니커즈,1,1,1,49000,1.0
2025-06-23,FAMILY,라운드티,1,1,1,35000,1.0
2025-06-23,SILVER,남성,4,4,7,477580,1.0
2025-06-23,SILVER,라운드티,1,1,1,28000,1.0
2025-06-24,FAMILY,남성,16,16,20,1131010,1.0
2025-06-24,FAMILY,여성,3,3,3,195300,1.0
2025-06-24,FAMILY,스니커즈,1,1,1,49000,1.0
2025-06-24,FAMILY,반바지,1,1,1,29000,1.0
2025-06-24,GOLD,여성,1,1,1,129000,1.0
2025-06-24,GOLD,남성,1,1,2,97140,1.0
2025-06-24,SILVER,남성,7,7,10,883630,1.0
2025-06-24,SILVER,등산화,2,2,2,223490,1.0
2025-06-24,SILVER,여성,1,1,1,151970,1.0
2025-06-24,SILVER,긴바지,1,1,1,48000,1.0
2025-06-25,FAMILY,남성,19,19,25,1720490,1.0
2025-06-25,FAMILY,스니커즈,1,1,1,49000,1.0
2025-06-25,FAMILY,상의,1,1,1,48300,1.0
2025-06-25,FAMILY,라운드티,1,1,1,34500,1.0
2025-06-25,GOLD,상의,1,1,1,44100,1.0
2025-06-25,GOLD,남성,1,1,1,40770,1.0
2025-06-25,SILVER,남성,6,6,8,724160,1.0
2025-06-25,SILVER,바람막이,1,1,1,104310,1.0
2025-06-25,SILVER,등산화,1,1,1,82350,1.0
2025-06-26,FAMILY,남성,15,15,15,1273450,1.0
2025-06-26,FAMILY,여성,4,4,4,245520,1.0
2025-06-26,FAMILY,등산화,2,2,2,194660,1.0
2025-06-26,FAMILY,라운드티,1,1,3,91000,1.0
2025-06-26,FAMILY,셔츠,1,1,1,53000,1.0
2025-06-26,FAMILY,반바지,1,1,1,47000,1.0
2025-06-26,GOLD,남성,3,2,3,182980,0.6666666666666666
2025-06-26,SILVER,남성,1,1,1,49280,1.0
2025-06-26,TITANIUM,남성,1,1,5,364300,1.0
2025-06-27,FAMILY,남성,29,27,39,1941750,0.9310344827586207
2025-06-27,FAMILY,여성,4,3,4,241680,0.75
2025-06-27,FAMILY,스니커즈,3,3,3,133570,1.0
2025-06-27,FAMILY,반바지,1,1,1,47000,1.0
2025-06-27,SILVER,남성,4,4,5,505860,1.0
2025-06-27,SILVER,여성,1,1,1,71200,1.0
2025-06-28,FAMILY,남성,25,23,29,1596640,0.92
2025-06-28,FAMILY,여성,2,2,2,108790,1.0
2025-06-28,FAMILY,반바지,1,1,1,30270,1.0
2025-06-28,SILVER,남성,4,4,12,795340,1.0
2025-06-28,SILVER,여성,1,1,1,61050,1.0
2025-06-29,FAMILY,남성,22,22,24,1406930,1.0
2025-06-29,FAMILY,여성,2,2,2,137580,1.0
2025-06-29,FAMILY,등산화,1,1,1,132300,1.0
2025-06-29,FAMILY,긴바지,1,1,1,51880,1.0
2025-06-29,FAMILY,라운드티,1,1,1,23750,1.0
2025-06-29,GOLD,여성,2,2,5,323730,1.0
2025-06-29,GOLD,남성,1,1,1,7950,1.0
2025-06-29,SILVER,남성,2,2,4,134930,1.0
2025-06-29,TITANIUM,여성,1,1,1,106930,1.0
2025-06-29,TITANIUM,남성,1,1,1,49500,1.0
2025-06-30,FAMILY,남성,29,29,83,4017730,1.0
2025-06-30,FAMILY,여성,4,4,18,959230,1.0
2025-06-30,FAMILY,셋업,1,1,13,838500,1.0
2025-06-30,FAMILY,셔츠,1,1,2,106000,1.0
2025-06-30,FAMILY,반바지,1,1,1,47000,1.0
2025-06-30,GOLD,남성,2,1,2,82000,0.5
2025-06-30,SILVER,남성,4,4,4,353130,1.0
2025-07-01,FAMILY,남성,16,16,23,1030470,1.0
2025-07-01,FAMILY,여성,2,2,4,247500,1.0
2025-07-01,FAMILY,반바지,3,3,4,225390,1.0
2025-07-01,FAMILY,UNKNOWN,1,1,1,52990,1.0
2025-07-01,GOLD,남성,1,1,1,62300,1.0
2025-07-01,SILVER,남성,5,4,6,352840,0.8
2025-07-01,SILVER,등산화,1,1,2,169000,1.0
2025-07-01,SILVER,UNKNOWN,1,1,1,102000,1.0
2025-07-01,SILVER,여성,1,1,1,60820,1.0
2025-07-01,SILVER,라운드티,1,1,2,54860,1.0
2025-07-02,FAMILY,남성,20,20,33,1346720,1.0
2025-07-02,FAMILY,여성,2,2,2,99500,1.0
2025-07-02,FAMILY,긴바지,1,1,1,52670,1.0
2025-07-02,SILVER,여성,2,2,4,428750,1.0
2025-07-02,SILVER,셋업,2,2,2,226540,1.0
2025-07-02,SILVER,남성,2,2,2,96680,1.0
2025-07-02,SILVER,라운드티,1,1,2,82000,1.0
2025-07-03,FAMILY,남성,21,20,32,1473980,0.9523809523809523
2025-07-03,FAMILY,여성,1,1,1,117160,1.0
2025-07-03,FAMILY,반바지,1,1,1,62390,1.0
2025-07-03,FAMILY,UNKNOWN,1,1,1,40920,1.0
2025-07-03,FAMILY,셋업,1,1,1,40650,1.0
2025-07-03,SILVER,남성,5,5,7,369560,1.0
2025-07-03,SILVER,여성,1,1,2,173470,1.0
2025-07-03,SILVER,라운드티,1,1,1,40000,1.0
2025-07-04,FAMILY,남성,31,30,40,1817070,0.967741935483871
2025-07-04,FAMILY,여성,6,6,6,400900,1.0
2025-07-04,FAMILY,하이킹,1,1,1,126410,1.0
2025-07-04,FAMILY,긴바지,1,1,1,44500,1.0
2025-07-04,FAMILY,액세서리,1,1,1,8770,1.0
2025-07-04,GOLD,남성,3,3,5,281950,1.0
2025-07-04,SILVER,남성,12,11,27,1702030,0.9166666666666666
2025-07-04,SILVER,여성,4,4,8,305660,1.0
2025-07-04,SILVER,긴바지,1,1,1,77140,1.0
2025-07-05,FAMILY,남성,17,16,23,1240190,0.9411764705882353
2025-07-05,FAMILY,여성,10,10,11,680450,1.0
2025-07-05,FAMILY,등산화,1,1,1,109500,1.0
2025-07-05,FAMILY,셋업,1,1,1,45730,1.0
2025-07-05,SILVER,남성,4,4,8,493960,1.0
2025-07-05,SILVER,여성,1,1,2,205450,1.0
2025-07-06,FAMILY,남성,32,32,43,2223750,1.0
2025-07-06,FAMILY,여성,4,4,4,195990,1.0
2025-07-06,FAMILY,등산화,1,1,1,139510,1.0
2025-07-06,FAMILY,바람막이,1,1,1,123450,1.0
2025-07-06,FAMILY,긴바지,1,1,1,59310,1.0
2025-07-06,FAMILY,셋업,1,1,1,48300,1.0
2025-07-06,SILVER,남성,2,2,3,250240,1.0
2025-07-06,SILVER,상의,1,1,2,116000,1.0
2025-07-06,SILVER,등산화,1,1,1,97120,1.0
2025-07-07,FAMILY,남성,32,32,47,2569000,1.0
2025-07-07,FAMILY,여성,5,5,7,420340,1.0
2025-07-07,FAMILY,등산화,2,2,2,158000,1.0
2025-07-07,FAMILY,긴바지,1,1,1,70610,1.0
2025-07-07,GOLD,남성,3,3,3,240460,1.0
2025-07-07,SILVER,남성,11,10,17,668140,0.9090909090909091
2025-07-07,SILVER,여성,3,3,3,170180,1.0
2025-07-07,SILVER,긴바지,1,1,1,48620,1.0
2025-07-07,TITANIUM,남성,1,1,2,194750,1.0
2025-07-08,FAMILY,남성,26,26,40,2123030,1.0
2025-07-08,FAMILY,여성,3,3,4,327580,1.0
2025-07-08,FAMILY,등산화,1,1,1,84500,1.0
2025-07-08,FAMILY,상의,1,1,1,49000,1.0
2025-07-08,FAMILY,긴바지,1,1,1,43440,1.0
2025-07-08,FAMILY,셋업,1,1,1,35270,1.0
2025-07-08,GOLD,남성,1,1,3,175100,1.0
2025-07-08,SILVER,남성,8,8,10,607465,1.0
2025-07-08,SILVER,여성,1,1,1,132300,1.0
2025-07-08,SILVER,반바지,1,1,1,58350,1.0
2025-07-09,FAMILY,남성,40,37,70,3961730,0.925
2025-07-09,FAMILY,미드/롱다운,5,4,5,1312785,0.8
2025-07-09,FAMILY,여성,6,6,7,382010,1.0
2025-07-09,FAMILY,등산화,2,2,4,314200,1.0
2025-07-09,FAMILY,UNKNOWN,2,2,2,180600,1.0
2025-07-09,FAMILY,바람막이,1,1,1,127200,1.0
2025-07-09,FAMILY,상의,2,2,2,103550,1.0
2025-07-09,FAMILY,부츠,1,1,1,66025,1.0
2025-07-09,FAMILY,셋업,1,1,1,50110,1.0
2025-07-09,FAMILY,긴바지,1,1,1,49840,1.0
2025-07-09,FAMILY,반바지,1,1,1,24650,1.0
2025-07-09,GOLD,남성,2,2,3,214210,1.0
2025-07-09,SILVER,남성,10,9,22,1514560,0.9
2025-07-09,SILVER,미드/롱다운,2,2,2,493050,1.0
2025-07-09,SILVER,라운드티,3,3,3,116440,1.0
2025-07-09,SILVER,셋업,2,2,2,102850,1.0
2025-07-09,SILVER,여성,1,1,1,74210,1.0
2025-07-09,SILVER,부츠,1,1,1,57735,1.0
2025-07-10,FAMILY,남성,20,20,23,1303250,1.0
2025-07-10,FAMILY,미드/롱다운,1,1,1,265525,1.0
2025-07-10,FAMILY,여성,2,2,2,117800,1.0
2025-07-10,FAMILY,스니커즈,2,2,2,98000,1.0
2025-07-10,FAMILY,등산화,1,1,1,81930,1.0
2025-07-10,FAMILY,UNKNOWN,1,1,1,79500,1.0
2025-07-10,FAMILY,라운드티,1,1,1,24700,1.0
2025-07-10,FAMILY,반바지,1,1,1,19260,1.0
2025-07-10,SILVER,남성,11,11,20,1192385,1.0
2025-07-10,SILVER,여성,3,3,3,256890,1.0
2025-07-10,SILVER,긴바지,1,1,1,84550,1.0
2025-07-10,SILVER,반바지,1,1,1,58770,1.0
2025-07-11,FAMILY,남성,21,21,30,1334460,1.0
2025-07-11,FAMILY,여성,6,6,7,375310,1.0
2025-07-11,FAMILY,미드/롱다운,1,1,1,265525,1.0
2025-07-11,FAMILY,부츠,1,1,1,64665,1.0
2025-07-11,GOLD,남성,1,1,3,187500,1.0
2025-07-11,SILVER,남성,5,5,8,436210,1.0
2025-07-11,SILVER,셋업,2,2,3,216480,1.0
2025-07-11,SILVER,여성,1,1,1,119830,1.0
2025-07-11,SILVER,등산화,1,1,1,78695,1.0
2025-07-11,SILVER,라운드티,2,2,2,74060,1.0
2025-07-12,FAMILY,남성,22,22,30,1556695,1.0
2025-07-12,FAMILY,여성,2,2,3,246350,1.0
2025-07-12,FAMILY,등산화,2,2,2,174245,1.0
2025-07-12,FAMILY,UNKNOWN,1,1,1,92255,1.0
2025-07-12,FAMILY,폴로티/집업,1,1,1,75730,1.0
2025-07-12,FAMILY,긴바지,1,1,1,49670,1.0
2025-07-12,FAMILY,스니커즈,1,1,1,49000,1.0
2025-07-12,SILVER,남성,9,7,18,1068160,0.7777777777777778
2025-07-12,SILVER,미드/롱다운,1,1,1,265525,1.0
2025-07-12,SILVER,셋업,2,2,2,225240,1.0
2025-07-12,SILVER,라운드티,3,3,4,164880,1.0
2025-07-12,SILVER,부츠,1,1,1,69500,1.0
2025-07-12,SILVER,긴바지,1,1,1,65000,1.0
2025-07-12,SILVER,여성,1,1,1,43630,1.0
2025-07-13,FAMILY,남성,18,18,23,1120330,1.0
2025-07-13,FAMILY,여성,5,5,8,515970,1.0
2025-07-13,FAMILY,등산화,1,1,2,160550,1.0
2025-07-13,FAMILY,긴바지,2,2,2,103100,1.0
2025-07-13,FAMILY,UNKNOWN,1,1,1,94525,1.0
2025-07-13,FAMILY,상의,1,1,1,55860,1.0
2025-07-13,FAMILY,반바지,1,1,1,41660,1.0
2025-07-13,GOLD,미드/롱다운,1,1,1,257805,1.0
2025-07-13,GOLD,남성,1,1,1,53680,1.0
2025-07-13,SILVER,남성,6,6,11,545190,1.0
2025-07-13,SILVER,반바지,1,1,1,25850,1.0
2025-07-14,FAMILY,남성,19,13,30,2010770,0.6842105263157895
2025-07-14,FAMILY,미드/롱다운,1,1,1,260775,1.0
2025-07-14,FAMILY,트레일러닝,1,1,1,109000,1.0
2025-07-14,FAMILY,셋업,1,1,3,103500,1.0
2025-07-14,FAMILY,여성,1,1,1,48850,1.0
2025-07-14,FAMILY,스니커즈,1,1,1,39500,1.0
2025-07-14,FAMILY,반바지,1,1,1,39500,1.0
2025-07-14,FAMILY,라운드티,1,1,1,18440,1.0
2025-07-14,GOLD,자켓/ 베스트,1,1,1,197000,1.0
2025-07-14,GOLD,남성,1,1,1,62300,1.0
2025-07-14,GOLD,긴바지,1,1,1,30880,1.0
2025-07-14,SILVER,남성,7,7,12,1008300,1.0
2025-07-14,SILVER,라운드티,1,1,1,33140,1.0
2025-07-14,SILVER,반바지,1,1,1,27450,1.0
2025-07-14,TITANIUM,남성,1,1,4,252220,1.0
2025-07-15,FAMILY,남성,15,12,19,1178995,0.8
2025-07-15,FAMILY,여성,4,4,4,287920,1.0
2025-07-15,FAMILY,미드/롱다운,1,1,1,260775,1.0
2025-07-15,FAMILY,긴바지,2,2,2,114100,1.0
2025-07-15,FAMILY,부츠,1,1,1,66025,1.0
2025-07-15,FAMILY,라운드티,2,2,2,62540,1.0
2025-07-15,SILVER,남성,9,9,15,1060030,1.0
2025-07-15,SILVER,긴바지,2,2,2,127060,1.0
2025-07-15,SILVER,여성,1,1,1,90300,1.0
2025-07-15,SILVER,라운드티,1,1,1,24780,1.0
2025-07-15,TITANIUM,남성,1,1,4,335310,1.0
2025-07-15,TITANIUM,셋업,1,1,1,80390,1.0
2025-07-16,FAMILY,남성,19,18,23,1058850,0.9473684210526315
2025-07-16,FAMILY,여성,6,6,6,588650,1.0
2025-07-16,FAMILY,스니커즈,1,1,1,44620,1.0
2025-07-16,FAMILY,라운드티,1,1,1,16180,1.0
2025-07-16,FAMILY,액세서리,1,1,1,4500,1.0
2025-07-16,SILVER,남성,5,5,7,574340,1.0
2025-07-16,SILVER,미드/롱다운,2,2,2,537095,1.0
2025-07-16,SILVER,UNKNOWN,1,1,1,92525,1.0
2025-07-16,SILVER,스니커즈,1,1,1,48510,1.0
2025-07-16,TITANIUM,남성,3,1,15,1437775,0.3333333333333333
2025-07-17,FAMILY,남성,39,37,58,3451950,0.9487179487179487
2025-07-17,FAMILY,여성,7,6,8,442500,0.8571428571428571
2025-07-17,FAMILY,미드/롱다운,1,1,1,265525,1.0
2025-07-17,FAMILY,자켓/ 베스트,2,2,2,177610,1.0
2025-07-17,FAMILY,라운드티,4,4,5,166990,1.0
2025-07-17,FAMILY,셋업,2,2,4,151800,1.0
2025-07-17,FAMILY,UNKNOWN,1,1,1,89095,1.0
2025-07-17,FAMILY,바람막이,1,1,1,56500,1.0
2025-07-17,SILVER,남성,9,9,16,1243455,1.0
2025-07-17,SILVER,미드/롱다운,1,1,1,220495,1.0
2025-07-17,SILVER,여성,1,1,3,216515,1.0
2025-07-17,SILVER,라운드티,1,1,2,110300,1.0
2025-07-17,SILVER,긴바지,1,1,1,58940,1.0
2025-07-17,SILVER,상의,1,1,1,53500,1.0
2025-07-18,FAMILY,남성,23,23,30,1366295,1.0
2025-07-18,FAMILY,미드/롱다운,2,2,2,524510,1.0
2025-07-18,FAMILY,스니커즈,4,4,4,189220,1.0
2025-07-18,FAMILY,여성,4,4,4,149170,1.0
2025-07-18,FAMILY,상의,2,2,2,111250,1.0
2025-07-18,FAMILY,UNKNOWN,1,1,1,91225,1.0
2025-07-18,FAMILY,폴로티/집업,1,1,1,73080,1.0
2025-07-18,FAMILY,라운드티,2,2,2,57990,1.0
2025-07-18,FAMILY,셋업,1,1,1,53030,1.0
2025-07-18,GOLD,남성,2,2,2,128410,1.0
2025-07-18,SILVER,남성,7,7,12,791020,1.0
2025-07-18,SILVER,여성,3,3,4,271555,1.0
2025-07-18,TITANIUM,남성,1,1,5,402270,1.0
2025-07-18,TITANIUM,셋업,1,1,1,92130,1.0
2025-07-19,FAMILY,남성,20,19,22,1511450,0.95
2025-07-19,FAMILY,미드/롱다운,1,1,1,279500,1.0
2025-07-19,FAMILY,등산화,2,2,2,203810,1.0
2025-07-19,FAMILY,UNKNOWN,2,2,2,196895,1.0
2025-07-19,FAMILY,바람막이,1,1,1,127200,1.0
2025-07-19,FAMILY,긴바지,1,1,1,58380,1.0
2025-07-19,FAMILY,라운드티,1,1,2,57050,1.0
2025-07-19,FAMILY,반바지,2,2,2,55290,1.0
2025-07-19,FAMILY,스니커즈,1,1,1,44100,1.0
2025-07-19,FAMILY,셋업,1,1,1,42930,1.0
2025-07-19,SILVER,남성,4,4,5,372210,1.0
2025-07-19,SILVER,카고/조거,1,1,2,121500,1.0
2025-07-20,FAMILY,남성,21,21,34,1912340,1.0
2025-07-20,FAMILY,여성,6,6,6,357750,1.0
2025-07-20,FAMILY,스니커즈,3,3,3,147000,1.0
2025-07-20,FAMILY,UNKNOWN,1,1,1,82890,1.0
2025-07-20,FAMILY,부츠,1,1,1,58725,1.0
2025-07-20,GOLD,미드/롱다운,1,1,1,265525,1.0
2025-07-20,SILVER,남성,4,4,4,291720,1.0
2025-07-20,SILVER,여성,1,1,3,219830,1.0
2025-07-20,SILVER,등산화,1,1,1,76335,1.0
2025-07-21,FAMILY,남성,26,26,28,1732960,1.0
2025-07-21,FAMILY,스니커즈,3,3,3,135000,1.0
2025-07-21,FAMILY,UNKNOWN,1,1,1,110420,1.0
2025-07-21,FAMILY,여성,1,1,1,71590,1.0
2025-07-21,FAMILY,부츠,1,1,1,69500,1.0
2025-07-21,GOLD,남성,1,1,1,71200,1.0
2025-07-21,GOLD,여성,1,1,1,62300,1.0
2025-07-21,SILVER,남성,10,8,18,1244590,0.8
2025-07-21,SILVER,바람막이,1,1,1,122000,1.0
2025-07-21,SILVER,긴바지,1,1,1,60450,1.0
2025-07-21,SILVER,여성,1,1,1,52950,1.0
2025-07-22,FAMILY,남성,16,16,32,1440870,1.0
2025-07-22,FAMILY,여성,2,2,2,149350,1.0
2025-07-22,FAMILY,UNKNOWN,2,2,2,108455,1.0
2025-07-22,FAMILY,스니커즈,2,2,2,89990,1.0
2025-07-22,SILVER,남성,4,4,6,416215,1.0
2025-07-22,SILVER,미드/롱다운,1,1,1,258605,1.0
2025-07-23,FAMILY,남성,23,23,88,6533790,1.0
2025-07-23,FAMILY,스니커즈,2,2,2,98000,1.0
2025-07-23,FAMILY,등산화,1,1,1,84500,1.0
2025-07-23,FAMILY,여성,1,1,1,65420,1.0
2025-07-23,GOLD,남성,1,1,1,7000,1.0
2025-07-23,SILVER,남성,6,6,12,754255,1.0
2025-07-23,SILVER,미드/롱다운,1,1,1,265525,1.0
2025-07-23,SILVER,UNKNOWN,2,2,2,186090,1.0
2025-07-23,TITANIUM,남성,1,1,1,64500,1.0
2025-07-24,FAMILY,남성,15,14,66,5466580,0.9333333333333333
2025-07-24,FAMILY,여성,4,4,4,413580,1.0
2025-07-24,FAMILY,등산화,1,1,2,152840,1.0
2025-07-24,FAMILY,스니커즈,2,2,2,98000,1.0
2025-07-24,FAMILY,셋업,2,2,2,88650,1.0
2025-07-24,FAMILY,상의,1,1,1,45460,1.0
2025-07-24,FAMILY,폴로티/집업,1,1,1,45050,1.0
2025-07-24,FAMILY,라운드티,1,1,1,25020,1.0
2025-07-24,GOLD,여성,1,1,3,189430,1.0
2025-07-24,GOLD,남성,1,1,1,11110,1.0
2025-07-24,SILVER,남성,2,2,4,131070,1.0
2025-07-25,FAMILY,남성,11,11,21,902385,1.0
2025-07-25,FAMILY,미드/롱다운,1,1,1,256775,1.0
2025-07-25,FAMILY,여성,4,4,4,195860,1.0
2025-07-25,FAMILY,셋업,4,4,4,160500,1.0
2025-07-25,FAMILY,스니커즈,3,3,3,145640,1.0
2025-07-25,GOLD,스니커즈,1,1,1,49000,1.0
2025-07-25,SILVER,남성,3,2,8,478230,0.6666666666666666
2025-07-26,FAMILY,남성,24,23,34,1902890,0.9583333333333334
2025-07-26,FAMILY,여성,5,5,5,208010,1.0
2025-07-26,FAMILY,부츠,1,1,1,49580,1.0
2025-07-26,FAMILY,상의,1,1,1,47020,1.0
2025-07-26,FAMILY,UNKNOWN,1,1,1,45380,1.0
2025-07-26,FAMILY,반바지,1,1,1,24550,1.0
2025-07-26,SILVER,남성,6,6,8,524060,1.0
2025-07-26,SILVER,상의,1,1,1,49080,1.0
2025-07-27,FAMILY,남성,19,19,24,1178010,1.0
2025-07-27,FAMILY,상의,3,3,3,162240,1.0
2025-07-27,FAMILY,패딩/슬림다운,1,1,1,109560,1.0
2025-07-27,FAMILY,라운드티,2,2,2,90750,1.0
2025-07-27,FAMILY,등산화,1,1,1,80275,1.0
2025-07-27,FAMILY,여성,1,1,1,46650,1.0
2025-07-27,GOLD,남성,1,1,4,179220,1.0
2025-07-27,SILVER,남성,4,4,6,401250,1.0
2025-07-27,SILVER,여성,2,2,2,180710,1.0
2025-07-28,FAMILY,남성,21,20,30,1327100,0.9523809523809523
2025-07-28,FAMILY,등산화,2,2,2,174800,1.0
2025-07-28,FAMILY,셋업,2,2,2,87500,1.0
2025-07-28,FAMILY,스니커즈,1,1,1,46470,1.0
2025-07-28,FAMILY,여성,1,1,1,34790,1.0
2025-07-28,FAMILY,반바지,1,1,1,26130,1.0
2025-07-28,GOLD,남성,3,3,8,464770,1.0
2025-07-28,SILVER,남성,8,8,13,629170,1.0
2025-07-28,TITANIUM,남성,1,1,5,192720,1.0
2025-07-29,FAMILY,남성,28,28,43,2099630,1.0
2025-07-29,FAMILY,셋업,2,2,2,116500,1.0
2025-07-29,FAMILY,UNKNOWN,1,1,1,100380,1.0
2025-07-29,FAMILY,여성,2,2,2,90940,1.0
2025-07-29,FAMILY,긴바지,1,1,1,58430,1.0
2025-07-29,GOLD,남성,2,2,2,152180,1.0
2025-07-29,GOLD,여성,1,1,1,54000,1.0
2025-07-29,SILVER,남성,6,6,9,638530,1.0
2025-07-29,SILVER,여성,3,3,4,155980,1.0
2025-07-29,SILVER,폴로티/집업,1,1,1,79200,1.0
2025-07-29,SILVER,등산화,1,1,1,64500,1.0
2025-07-29,SILVER,라운드티,1,1,1,33250,1.0
2025-07-30,FAMILY,남성,22,21,25,1159870,0.9545454545454546
2025-07-30,FAMILY,여성,6,6,13,662840,1.0
2025-07-30,FAMILY,미드/롱다운,1,1,1,263665,1.0
2025-07-30,FAMILY,등산화,1,1,1,84500,1.0
2025-07-30,FAMILY,셋업,1,1,1,64500,1.0
2025-07-30,FAMILY,라운드티,1,1,1,47000,1.0
2025-07-30,GOLD,남성,1,1,6,453440,1.0
2025-07-30,GOLD,여성,1,1,1,77000,1.0
2025-07-30,GOLD,셋업,1,1,1,53670,1.0
2025-07-30,GOLD,라운드티,1,1,1,45890,1.0
2025-07-30,SILVER,남성,6,6,10,707830,1.0
2025-07-30,TITANIUM,셋업,1,1,1,80540,1.0
2025-07-31,FAMILY,남성,23,23,31,1649245,1.0
2025-07-31,FAMILY,여성,7,7,10,658910,1.0
2025-07-31,GOLD,남성,1,1,3,236440,1.0
2025-07-31,SILVER,남성,2,2,3,171000,1.0
2025-07-31,SILVER,카고/조거,1,1,1,69950,1.0
2025-07-31,SILVER,셋업,1,1,1,51930,1.0
2025-07-31,SILVER,여성,1,1,1,45440,1.0
2025-07-31,TITANIUM,남성,1,1,2,90450,1.0
2025-07-31,TITANIUM,반바지,1,1,1,55170,1.0
2025-08-01,FAMILY,남성,30,30,46,2637060,1.0
2025-08-01,FAMILY,셋업,3,3,6,281710,1.0
2025-08-01,FAMILY,여성,3,3,3,211830,1.0
2025-08-01,FAMILY,긴바지,2,2,2,103330,1.0
2025-08-01,FAMILY,라운드티,2,2,2,65470,1.0
2025-08-01,FAMILY,상의,1,1,1,58370,1.0
2025-08-01,FAMILY,반바지,1,1,1,46410,1.0
2025-08-01,GOLD,셋업,1,1,1,117200,1.0
2025-08-01,GOLD,남성,1,1,3,94300,1.0
2025-08-01,GOLD,여성,1,1,2,90350,1.0
2025-08-01,GOLD,긴바지,1,1,2,90100,1.0
2025-08-01,SILVER,남성,5,5,8,286260,1.0
2025-08-01,SILVER,셋업,1,1,2,95400,1.0
2025-08-01,SILVER,바람막이,1,1,1,75130,1.0
2025-08-01,SILVER,여성,1,1,1,55300,1.0
2025-08-01,SILVER,긴바지,1,1,1,51330,1.0
2025-08-01,SILVER,상의,1,1,1,50150,1.0
2025-08-01,SILVER,라운드티,1,1,2,49300,1.0
2025-08-01,SILVER,자켓/ 베스트,1,1,1,33000,1.0
2025-08-01,TITANIUM,남성,1,1,1,55200,1.0
2025-08-02,FAMILY,남성,15,15,24,1186120,1.0
2025-08-02,FAMILY,여성,5,5,5,360110,1.0
2025-08-02,FAMILY,라운드티,3,3,10,278870,1.0
2025-08-02,FAMILY,상의,1,1,1,56190,1.0
2025-08-02,FAMILY,반바지,1,1,1,46080,1.0
2025-08-02,FAMILY,바람막이,1,1,1,42940,1.0
2025-08-02,SILVER,남성,1,1,1,37830,1.0
2025-08-03,FAMILY,남성,21,20,28,1657390,0.9523809523809523
2025-08-03,FAMILY,여성,5,5,7,398800,1.0
2025-08-03,FAMILY,셋업,2,2,2,101840,1.0
2025-08-03,FAMILY,자켓/ 베스트,1,1,1,23500,1.0
2025-08-03,SILVER,남성,4,4,5,253080,1.0
2025-08-04,FAMILY,남성,10,10,11,785210,1.0
2025-08-04,FAMILY,UNKNOWN,1,1,1,110270,1.0
2025-08-04,FAMILY,셋업,1,1,1,74500,1.0
2025-08-04,FAMILY,상의,1,1,1,55780,1.0
2025-08-04,SILVER,남성,7,7,17,1028090,1.0
2025-08-04,SILVER,맨투맨/후드티,1,1,1,49770,1.0
2025-08-04,SILVER,라운드티,1,1,1,34250,1.0
2025-08-05,FAMILY,남성,20,20,26,1583540,1.0
2025-08-05,FAMILY,라운드티,3,3,5,144900,1.0
2025-08-05,FAMILY,셋업,1,1,1,109750,1.0
2025-08-05,FAMILY,여성,2,2,2,103300,1.0
2025-08-05,FAMILY,등산화,1,1,1,98900,1.0
2025-08-05,FAMILY,카고/조거,1,1,1,63000,1.0
2025-08-05,FAMILY,바람막이,1,1,1,54330,1.0
2025-08-05,FAMILY,폴로티/집업,1,1,1,38530,1.0
2025-08-05,GOLD,남성,2,2,2,83570,1.0
2025-08-05,SILVER,남성,4,4,8,447720,1.0
2025-08-06,FAMILY,남성,23,21,30,1435940,0.9130434782608695
2025-08-06,FAMILY,여성,3,3,3,174400,1.0
2025-08-06,FAMILY,셋업,2,1,3,103500,0.5
2025-08-06,FAMILY,라운드티,1,1,1,22540,1.0
2025-08-06,SILVER,남성,7,7,15,852700,1.0
2025-08-06,SILVER,라운드티,1,1,1,35310,1.0
2025-08-07,FAMILY,남성,23,23,36,1879270,1.0
2025-08-07,FAMILY,바람막이,1,1,3,238500,1.0
2025-08-07,FAMILY,여성,4,4,5,130960,1.0
2025-08-07,FAMILY,셋업,1,1,1,86760,1.0
2025-08-07,FAMILY,라운드티,3,3,3,65620,1.0
2025-08-07,FAMILY,긴바지,1,1,1,50720,1.0
2025-08-07,GOLD,남성,1,1,1,85010,1.0
2025-08-07,SILVER,여성,2,2,3,212600,1.0
2025-08-07,SILVER,남성,3,3,3,189620,1.0
2025-08-07,SILVER,셋업,1,1,1,50480,1.0
2025-08-08,FAMILY,남성,17,17,24,1319930,1.0
2025-08-08,FAMILY,라운드티,3,3,3,91640,1.0
2025-08-08,FAMILY,셋업,1,1,1,51050,1.0
2025-08-08,SILVER,남성,2,2,3,212790,1.0
2025-08-08,SILVER,여성,1,1,1,64200,1.0
2025-08-08,TITANIUM,남성,1,1,150,5280000,1.0
2025-08-09,FAMILY,남성,14,11,23,1573700,0.7857142857142857
2025-08-09,FAMILY,여성,2,1,6,387000,0.5
2025-08-09,FAMILY,UNKNOWN,1,1,1,111300,1.0
2025-08-09,FAMILY,셋업,1,1,1,74500,1.0
2025-08-09,FAMILY,폴로티/집업,1,1,1,54500,1.0
2025-08-09,FAMILY,라운드티,1,1,1,51760,1.0
2025-08-09,FAMILY,자켓/ 베스트,1,1,1,39000,1.0
2025-08-09,GOLD,남성,1,1,2,277380,1.0
2025-08-09,SILVER,남성,3,3,3,210000,1.0
2025-08-10,FAMILY,남성,22,20,26,1565860,0.9090909090909091
2025-08-10,FAMILY,여성,3,3,3,148680,1.0
2025-08-10,FAMILY,폴로티/집업,1,1,1,72330,1.0
2025-08-10,FAMILY,라운드티,1,1,1,44840,1.0
2025-08-10,GOLD,남성,1,1,3,217880,1.0
2025-08-10,GOLD,폴로티/집업,1,1,1,78190,1.0
2025-08-10,SILVER,바람막이,1,1,1,90300,1.0
2025-08-10,SILVER,남성,1,1,1,83300,1.0
2025-08-11,FAMILY,남성,18,18,27,1175280,1.0
2025-08-11,FAMILY,UNKNOWN,1,1,1,111300,1.0
2025-08-11,FAMILY,등산화,1,1,1,90300,1.0
2025-08-11,FAMILY,여성,1,1,1,63830,1.0
2025-08-11,FAMILY,셋업,1,1,1,53050,1.0
2025-08-11,GOLD,남성,3,3,3,207840,1.0
2025-08-11,GOLD,여성,1,1,1,62000,1.0
2025-08-11,SILVER,남성,2,2,4,80290,1.0
2025-08-12,FAMILY,남성,15,15,21,759760,1.0
2025-08-12,FAMILY,셋업,1,1,2,69000,1.0
2025-08-12,FAMILY,반바지,1,1,1,40000,1.0
2025-08-12,FAMILY,라운드티,1,1,1,35000,1.0
2025-08-12,SILVER,셋업,1,1,1,69500,1.0
2025-08-13,FAMILY,남성,18,17,23,779430,0.9444444444444444
2025-08-13,FAMILY,여성,2,2,2,205180,1.0
2025-08-13,FAMILY,등산화,1,1,1,101000,1.0
2025-08-13,FAMILY,셋업,2,2,2,93310,1.0
2025-08-13,FAMILY,자켓/ 베스트,1,1,2,66300,1.0
2025-08-13,FAMILY,상의,1,1,1,48650,1.0
2025-08-13,FAMILY,라운드티,2,2,2,46650,1.0
2025-08-13,FAMILY,긴바지,1,1,1,45050,1.0
2025-08-13,FAMILY,액세서리,1,1,3,23960,1.0
2025-08-13,SILVER,남성,5,5,8,427190,1.0
2025-08-13,SILVER,미드/롱다운,1,1,1,192000,1.0
2025-08-13,SILVER,여성,1,1,1,93850,1.0
2025-08-14,FAMILY,남성,8,8,13,545740,1.0
2025-08-14,SILVER,남성,6,6,7,569880,1.0
2025-08-14,SILVER,여성,2,2,2,207050,1.0
2025-08-14,SILVER,셋업,1,1,1,55200,1.0
2025-08-15,FAMILY,남성,7,6,8,316540,0.8571428571428571
2025-08-15,FAMILY,여성,2,2,3,197040,1.0
2025-08-15,FAMILY,맨투맨/후드티,1,1,1,47700,1.0
2025-08-15,SILVER,남성,2,2,5,315070,1.0
2025-08-15,SILVER,여성,2,2,2,95270,1.0
2025-08-15,SILVER,긴바지,1,1,1,49080,1.0
2025-08-16,FAMILY,남성,18,18,27,1479420,1.0
2025-08-16,FAMILY,등산화,2,2,2,260400,1.0
2025-08-16,FAMILY,여성,1,1,1,94500,1.0
2025-08-16,FAMILY,하이킹,1,1,1,55000,1.0
2025-08-16,GOLD,남성,1,1,2,52640,1.0
2025-08-16,SILVER,남성,1,1,1,55300,1.0
2025-08-17,FAMILY,남성,12,12,14,1463940,1.0
2025-08-17,FAMILY,여성,2,2,3,203240,1.0
2025-08-17,FAMILY,상의,1,1,1,53100,1.0
2025-08-17,FAMILY,라운드티,1,1,1,26100,1.0
2025-08-17,SILVER,남성,3,3,4,147460,1.0
2025-08-18,FAMILY,남성,13,12,17,1053170,0.9230769230769231
2025-08-18,FAMILY,여성,1,1,1,139000,1.0
2025-08-18,GOLD,긴바지,1,1,1,65000,1.0
2025-08-18,GOLD,남성,1,1,1,41000,1.0
2025-08-18,SILVER,남성,2,2,2,171590,1.0
2025-08-18,TITANIUM,패딩/슬림다운,1,1,1,114580,1.0
2025-08-19,FAMILY,남성,7,7,156,8702030,1.0
2025-08-19,FAMILY,여성,1,1,1,94330,1.0
2025-08-19,FAMILY,셋업,1,1,1,48880,1.0
2025-08-19,GOLD,남성,1,1,1,109200,1.0
2025-08-19,SILVER,상의,1,1,1,49670,1.0
2025-08-19,SILVER,자켓/ 베스트,1,1,1,44690,1.0
2025-08-19,SILVER,남성,1,1,1,39000,1.0
2025-08-20,FAMILY,남성,12,10,16,971190,0.8333333333333334
2025-08-20,FAMILY,여성,3,2,4,254590,0.6666666666666666
2025-08-20,FAMILY,긴바지,1,1,1,65000,1.0
2025-08-20,FAMILY,하이킹,1,1,1,55000,1.0
2025-08-20,GOLD,남성,2,2,4,227790,1.0
2025-08-20,SILVER,남성,3,3,3,279820,1.0
2025-08-20,SILVER,여성,2,2,2,127870,1.0
2025-08-21,FAMILY,남성,17,17,18,1017600,1.0
2025-08-21,FAMILY,하이킹,1,1,3,165000,1.0
2025-08-21,FAMILY,여성,2,2,2,144000,1.0
2025-08-21,FAMILY,반바지,2,2,2,106610,1.0
2025-08-21,FAMILY,등산화,1,1,1,84500,1.0
2025-08-21,FAMILY,상의,1,1,1,62210,1.0
2025-08-21,FAMILY,라운드티,1,1,1,37200,1.0
2025-08-21,GOLD,남성,2,2,3,178570,1.0
2025-08-21,SILVER,하이킹,1,1,1,55000,1.0
2025-08-21,SILVER,남성,1,1,1,49000,1.0
2025-08-22,FAMILY,남성,13,12,18,738570,0.9230769230769231
2025-08-22,FAMILY,여성,2,2,2,174000,1.0
2025-08-22,FAMILY,등산화,1,1,1,94500,1.0
2025-08-22,FAMILY,자켓/ 베스트,1,1,2,70000,1.0
2025-08-22,GOLD,미드/롱다운,1,1,1,331270,1.0
2025-08-22,GOLD,남성,1,1,1,26000,1.0
2025-08-22,SILVER,남성,1,1,1,15000,1.0
2025-08-23,FAMILY,남성,11,11,17,766110,1.0
2025-08-23,FAMILY,여성,3,3,5,437890,1.0
2025-08-23,FAMILY,셋업,1,1,1,48980,1.0
2025-08-23,GOLD,남성,1,1,1,78380,1.0
2025-08-23,SILVER,미드/롱다운,1,1,1,322310,1.0
2025-08-23,SILVER,남성,2,2,2,101350,1.0
2025-08-24,FAMILY,남성,15,15,20,868010,1.0
2025-08-24,FAMILY,여성,2,2,2,174100,1.0
2025-08-24,FAMILY,라운드티,1,1,2,82000,1.0
2025-08-24,SILVER,남성,4,4,9,745240,1.0
2025-08-24,SILVER,긴바지,2,2,2,109720,1.0
2025-08-24,SILVER,여성,1,1,1,46340,1.0
2025-08-24,SILVER,폴로티/집업,1,1,1,43850,1.0
2025-08-25,FAMILY,남성,13,13,16,776860,1.0
2025-08-25,FAMILY,여성,2,2,3,232880,1.0
2025-08-25,FAMILY,자켓/ 베스트,2,2,2,208450,1.0
2025-08-25,FAMILY,셋업,2,2,2,103860,1.0
2025-08-25,SILVER,남성,5,5,6,383410,1.0
2025-08-25,SILVER,긴바지,1,1,1,51950,1.0
2025-08-25,SILVER,하이킹,1,1,1,50000,1.0
2025-08-25,SILVER,라운드티,1,1,1,35000,1.0
2025-08-25,TITANIUM,남성,1,1,7,394780,1.0
2025-08-26,FAMILY,남성,7,7,13,508460,1.0
2025-08-26,FAMILY,셋업,2,2,3,146760,1.0
2025-08-26,FAMILY,반바지,1,1,1,54200,1.0
2025-08-26,GOLD,남성,1,1,2,51300,1.0
2025-08-26,SILVER,남성,2,2,3,123500,1.0
2025-08-27,FAMILY,남성,10,10,11,648380,1.0
2025-08-27,FAMILY,여성,1,1,1,79500,1.0
2025-08-27,FAMILY,폴로티/집업,1,1,1,75640,1.0
2025-08-27,FAMILY,액세서리,1,1,1,8730,1.0
2025-08-27,GOLD,남성,1,1,1,62300,1.0
2025-08-27,SILVER,남성,5,5,8,399870,1.0
2025-08-27,SILVER,여성,2,2,2,186090,1.0
2025-08-27,SILVER,반바지,1,1,2,87600,1.0
2025-08-27,SILVER,라운드티,1,1,1,48190,1.0
2025-08-28,FAMILY,남성,13,13,14,808790,1.0
2025-08-28,FAMILY,반바지,1,1,1,48260,1.0
2025-08-28,GOLD,셋업,2,2,2,226030,1.0
2025-08-28,GOLD,여성,2,2,2,143320,1.0
2025-08-28,GOLD,남성,1,1,2,36000,1.0
2025-08-28,SILVER,남성,5,5,10,354580,1.0
2025-08-28,SILVER,미드/롱다운,1,1,1,197000,1.0
2025-08-28,SILVER,UNKNOWN,1,1,1,102510,1.0
2025-08-29,FAMILY,남성,10,10,15,661740,1.0
2025-08-29,FAMILY,여성,2,2,2,77570,1.0
2025-08-29,FAMILY,라운드티,2,2,2,62090,1.0
2025-08-29,FAMILY,상의,1,1,1,59000,1.0
2025-08-29,SILVER,남성,2,2,2,173160,1.0
2025-08-30,FAMILY,남성,16,16,22,1325620,1.0
2025-08-30,FAMILY,하이킹,1,1,1,54470,1.0
2025-08-30,FAMILY,여성,1,1,1,47410,1.0
2025-08-30,FAMILY,라운드티,1,1,1,32880,1.0
2025-08-30,SILVER,남성,2,2,4,212480,1.0
2025-08-30,SILVER,여성,1,1,1,54590,1.0
2025-08-31,FAMILY,남성,9,9,13,424090,1.0
2025-08-31,FAMILY,등산화,2,2,2,298240,1.0
2025-08-31,FAMILY,셋업,2,2,2,136520,1.0
2025-08-31,FAMILY,자켓/ 베스트,1,1,1,27990,1.0
2025-08-31,GOLD,남성,1,1,2,105510,1.0
2025-08-31,GOLD,상의,1,1,1,55430,1.0
2025-08-31,GOLD,셋업,1,1,1,49790,1.0
2025-08-31,SILVER,남성,3,3,7,479900,1.0
2025-08-31,SILVER,라운드티,1,1,1,49460,1.0
2025-09-01,FAMILY,남성,20,20,58,2620050,1.0
2025-09-01,FAMILY,여성,3,3,3,187790,1.0
2025-09-01,FAMILY,폴로티/집업,1,1,1,79200,1.0
2025-09-01,FAMILY,셋업,1,1,1,53380,1.0
2025-09-01,FAMILY,자켓/ 베스트,1,1,1,7500,1.0
2025-09-01,SILVER,남성,3,3,7,149300,1.0
2025-09-01,SILVER,UNKNOWN,1,1,1,41000,1.0
2025-09-01,SILVER,긴바지,1,1,1,37600,1.0
2025-09-02,FAMILY,남성,15,15,22,775440,1.0
2025-09-02,FAMILY,셋업,1,1,2,99400,1.0
2025-09-02,FAMILY,자켓/ 베스트,1,1,1,32820,1.0
2025-09-02,GOLD,긴바지,1,1,1,32500,1.0
2025-09-03,FAMILY,남성,14,14,26,1153460,1.0
2025-09-03,FAMILY,여성,3,3,4,403840,1.0
2025-09-03,FAMILY,라운드티,2,2,2,76060,1.0
2025-09-03,FAMILY,하이킹,1,1,1,55000,1.0
2025-09-03,FAMILY,셋업,1,1,1,47330,1.0
2025-09-03,SILVER,등산화,1,1,1,96660,1.0
2025-09-03,SILVER,남성,2,2,2,43500,1.0
2025-09-04,FAMILY,남성,22,22,39,1421460,1.0
2025-09-04,FAMILY,여성,2,2,2,168300,1.0
2025-09-04,FAMILY,긴바지,3,2,3,149000,0.6666666666666666
2025-09-04,FAMILY,하이킹,2,2,2,106820,1.0
2025-09-04,FAMILY,라운드티,1,1,1,29000,1.0
2025-09-04,GOLD,남성,1,1,2,164970,1.0
2025-09-04,SILVER,남성,4,4,6,461570,1.0
2025-09-04,SILVER,여성,1,1,2,247740,1.0
2025-09-04,SILVER,등산화,1,1,1,114380,1.0
2025-09-05,FAMILY,남성,13,13,15,929710,1.0
2025-09-05,FAMILY,등산화,1,1,1,97300,1.0
2025-09-05,FAMILY,부츠,1,1,1,80250,1.0
2025-09-05,FAMILY,여성,1,1,1,65900,1.0
2025-09-05,FAMILY,하이킹,1,1,1,55000,1.0
2025-09-05,GOLD,남성,1,1,1,83000,1.0
2025-09-05,SILVER,남성,7,7,18,786950,1.0
2025-09-05,SILVER,폴로티/집업,1,1,1,74780,1.0
2025-09-05,SILVER,라운드티,1,1,1,35000,1.0
2025-09-06,FAMILY,남성,10,10,13,714930,1.0
2025-09-06,FAMILY,여성,3,3,3,255380,1.0
2025-09-06,SILVER,남성,4,4,4,424340,1.0
2025-09-06,SILVER,셋업,1,1,1,82240,1.0
2025-09-07,FAMILY,남성,16,16,20,1030350,1.0
2025-09-07,FAMILY,여성,1,1,1,111400,1.0
2025-09-07,FAMILY,긴바지,1,1,1,35680,1.0
2025-09-07,FAMILY,자켓/ 베스트,1,1,1,34900,1.0
2025-09-07,SILVER,남성,1,1,2,221220,1.0
2025-09-08,FAMILY,남성,8,8,9,638480,1.0
2025-09-08,FAMILY,자켓/ 베스트,1,1,1,35000,1.0
2025-09-08,FAMILY,여성,1,1,1,24000,1.0
2025-09-08,GOLD,남성,2,2,3,219000,1.0
2025-09-08,GOLD,긴바지,1,1,1,89000,1.0
2025-09-08,SILVER,남성,2,2,3,301740,1.0
2025-09-08,SILVER,상의,1,1,1,50000,1.0
2025-09-08,SILVER,여성,1,1,1,35720,1.0
2025-09-09,FAMILY,남성,24,14,31,2934390,0.5833333333333334
2025-09-09,FAMILY,여성,2,2,2,174570,1.0
2025-09-09,FAMILY,등산화,1,1,1,127480,1.0
2025-09-09,FAMILY,바람막이,1,1,1,124090,1.0
2025-09-09,FAMILY,셋업,1,1,1,46740,1.0
2025-09-09,FAMILY,라운드티,1,1,1,27070,1.0
2025-09-09,GOLD,남성,1,1,2,23000,1.0
2025-09-09,SILVER,남성,7,7,8,458930,1.0
2025-09-09,SILVER,라운드티,3,3,5,210870,1.0
2025-09-09,SILVER,등산화,1,1,1,131460,1.0
2025-09-09,SILVER,여성,2,2,2,114810,1.0
2025-09-10,FAMILY,남성,9,9,11,557790,1.0
2025-09-10,FAMILY,여성,4,4,4,270380,1.0
2025-09-10,FAMILY,자켓/ 베스트,2,2,2,61980,1.0
2025-09-10,FAMILY,긴바지,1,1,1,60540,1.0
2025-09-10,SILVER,남성,6,6,13,1069240,1.0
2025-09-11,FAMILY,남성,16,16,18,975140,1.0
2025-09-11,FAMILY,여성,1,1,1,95000,1.0
2025-09-11,FAMILY,상의,1,1,1,56380,1.0
2025-09-11,FAMILY,라운드티,1,1,1,24000,1.0
2025-09-11,SILVER,남성,3,3,6,278900,1.0
2025-09-11,SILVER,셋업,1,1,1,99900,1.0
2025-09-11,SILVER,맨투맨/후드티,1,1,1,53000,1.0
2025-09-11,SILVER,라운드티,1,1,1,35000,1.0
2025-09-11,SILVER,자켓/ 베스트,1,1,1,35000,1.0
2025-09-12,FAMILY,남성,3,3,6,307710,1.0
2025-09-12,FAMILY,바람막이,2,2,2,199260,1.0
2025-09-12,FAMILY,셋업,1,1,1,53000,1.0
2025-09-12,FAMILY,여성,1,1,1,46340,1.0
2025-09-12,GOLD,남성,2,2,2,314450,1.0
2025-09-12,SILVER,남성,5,5,12,635550,1.0
2025-09-12,SILVER,등산화,1,1,1,150540,1.0
2025-09-12,SILVER,여성,1,1,1,87400,1.0
2025-09-12,SILVER,라운드티,1,1,1,46160,1.0
2025-09-13,FAMILY,남성,10,10,11,618900,1.0
2025-09-13,FAMILY,여성,3,3,3,260220,1.0
2025-09-13,FAMILY,긴바지,1,1,1,58090,1.0
2025-09-13,FAMILY,자켓/ 베스트,1,1,1,21490,1.0
2025-09-13,SILVER,남성,3,2,3,289310,0.6666666666666666
2025-09-13,SILVER,바람막이,1,1,1,120970,1.0
2025-09-14,FAMILY,남성,9,8,11,656980,0.8888888888888888
2025-09-14,FAMILY,여성,2,2,2,252930,1.0
2025-09-14,FAMILY,바람막이,2,2,2,183880,1.0
2025-09-14,FAMILY,셋업,1,1,1,50580,1.0
2025-09-14,FAMILY,자켓/ 베스트,1,1,1,35000,1.0
2025-09-14,SILVER,남성,1,1,1,68270,1.0
2025-09-15,FAMILY,남성,47,47,65,2407010,1.0
2025-09-15,FAMILY,여성,5,5,6,343810,1.0
2025-09-15,FAMILY,긴바지,4,4,4,222450,1.0
2025-09-15,FAMILY,등산화,1,1,1,153300,1.0
2025-09-15,FAMILY,라운드티,6,6,7,140500,1.0
2025-09-15,FAMILY,UNKNOWN,1,1,1,97210,1.0
2025-09-15,FAMILY,폴로티/집업,1,1,1,74340,1.0
2025-09-15,FAMILY,반바지,1,1,1,51350,1.0
2025-09-15,FAMILY,자켓/ 베스트,2,2,2,35070,1.0
2025-09-15,FAMILY,셋업,1,1,1,20500,1.0
2025-09-15,GOLD,남성,2,1,4,192000,0.5
2025-09-15,GOLD,여성,1,1,1,44540,1.0
2025-09-15,SILVER,남성,6,5,15,1027210,0.8333333333333334
2025-09-15,SILVER,여성,2,1,5,355620,0.5
2025-09-16,FAMILY,남성,19,19,25,1194200,1.0
2025-09-16,FAMILY,셋업,3,3,4,332190,1.0
2025-09-16,FAMILY,등산화,1,1,1,131150,1.0
2025-09-16,FAMILY,여성,2,2,2,114200,1.0
2025-09-16,FAMILY,UNKNOWN,1,1,1,67410,1.0
2025-09-16,FAMILY,맨투맨/후드티,2,2,2,60590,1.0
2025-09-16,FAMILY,자켓/베스트,1,1,1,59600,1.0
2025-09-16,FAMILY,장갑,2,2,2,38500,1.0
2025-09-16,FAMILY,긴바지,1,1,1,33800,1.0
2025-09-16,FAMILY,폴로티/집업,1,1,1,29500,1.0
2025-09-16,GOLD,남성,1,1,3,105310,1.0
2025-09-16,SILVER,남성,2,2,2,219500,1.0
2025-09-16,SILVER,등산화,1,1,1,82890,1.0
2025-09-16,SILVER,바람막이,1,1,1,79500,1.0
2025-09-17,FAMILY,남성,23,23,32,2091990,1.0
2025-09-17,FAMILY,여성,4,4,4,228930,1.0
2025-09-17,FAMILY,등산화,2,2,2,170410,1.0
2025-09-17,FAMILY,라운드티,4,4,4,134160,1.0
2025-09-17,FAMILY,셋업,2,2,2,111310,1.0
2025-09-17,FAMILY,UNKNOWN,1,1,1,111300,1.0
2025-09-17,FAMILY,자켓/베스트,1,1,1,89420,1.0
2025-09-17,FAMILY,긴바지,2,2,2,71740,1.0
2025-09-17,FAMILY,상의,1,1,1,36470,1.0
2025-09-17,FAMILY,장갑,1,1,1,27940,1.0
2025-09-17,SILVER,긴바지,2,2,2,132540,1.0
2025-09-17,SILVER,남성,3,3,3,122490,1.0
2025-09-17,SILVER,등산화,1,1,1,93700,1.0
2025-09-18,FAMILY,남성,38,38,50,2584560,1.0
2025-09-18,FAMILY,여성,9,9,16,1224380,1.0
2025-09-18,FAMILY,긴바지,4,4,4,187800,1.0
2025-09-18,FAMILY,등산화,2,2,2,157750,1.0
2025-09-18,FAMILY,상의,2,2,2,112670,1.0
2025-09-18,FAMILY,라운드티,3,3,3,89610,1.0
2025-09-18,FAMILY,자켓/ 베스트,3,3,3,71470,1.0
2025-09-18,GOLD,남성,3,3,6,285890,1.0
2025-09-18,GOLD,반바지,1,1,1,47000,1.0
2025-09-18,SILVER,남성,9,9,11,820900,1.0
2025-09-18,SILVER,긴바지,1,1,1,47000,1.0
2025-09-18,SILVER,셋업,1,1,1,41650,1.0
2025-09-18,SILVER,여성,1,1,1,30490,1.0
2025-09-19,FAMILY,남성,17,17,25,1452450,1.0
2025-09-19,FAMILY,여성,5,5,6,482010,1.0
2025-09-19,FAMILY,셋업,3,3,3,131630,1.0
2025-09-19,FAMILY,패딩/슬림다운,1,1,1,74100,1.0
2025-09-19,FAMILY,자켓/ 베스트,1,1,1,35000,1.0
2025-09-19,SILVER,남성,4,4,4,372760,1.0
2025-09-19,SILVER,미드/롱다운,1,1,1,331150,1.0
2025-09-19,TITANIUM,남성,1,1,2,224060,1.0
2025-09-20,FAMILY,남성,11,11,15,609740,1.0
2025-09-20,FAMILY,패딩/슬림다운,1,1,1,136090,1.0
2025-09-20,FAMILY,바람막이,1,1,1,113960,1.0
2025-09-20,FAMILY,여성,2,2,2,86870,1.0
2025-09-20,FAMILY,셋업,1,1,2,77910,1.0
2025-09-20,FAMILY,라운드티,2,2,2,66200,1.0
2025-09-20,FAMILY,장갑,1,1,1,15650,1.0
2025-09-20,GOLD,남성,1,1,2,150560,1.0
2025-09-20,GOLD,여성,1,1,2,146570,1.0
2025-09-20,SILVER,남성,3,3,3,211900,1.0
2025-09-20,TITANIUM,셋업,1,1,3,397200,1.0
2025-09-20,TITANIUM,인터체인지 (3 in 1),1,1,1,395000,1.0
2025-09-20,TITANIUM,남성,1,1,2,222300,1.0
2025-09-20,TITANIUM,여성,1,1,1,71200,1.0
2025-09-20,TITANIUM,긴바지,1,1,1,53000,1.0
2025-09-21,FAMILY,남성,20,20,24,1189120,1.0
2025-09-21,FAMILY,등산화,1,1,1,167060,1.0
2025-09-21,FAMILY,바람막이,1,1,1,127200,1.0
2025-09-21,FAMILY,셋업,2,2,2,93290,1.0
2025-09-21,FAMILY,자켓/ 베스트,3,3,3,68860,1.0
2025-09-21,FAMILY,라운드티,2,2,2,53480,1.0
2025-09-21,FAMILY,긴바지,1,1,1,38780,1.0
2025-09-21,GOLD,등산화,1,1,1,95070,1.0
2025-09-21,GOLD,남성,1,1,1,58640,1.0
2025-09-21,GOLD,자켓/베스트,1,1,1,45540,1.0
2025-09-21,SILVER,남성,4,4,6,554150,1.0
2025-09-21,SILVER,셋업,2,2,2,155830,1.0
2025-09-21,TITANIUM,여성,1,1,2,175580,1.0
2025-09-21,TITANIUM,남성,1,1,1,84720,1.0
2025-09-21,TITANIUM,라운드티,1,1,1,35000,1.0
2025-09-22,FAMILY,남성,18,18,28,740390,1.0
2025-09-22,FAMILY,여성,1,1,2,139000,1.0
2025-09-22,FAMILY,맨투맨/후드티,1,1,1,39000,1.0
2025-09-22,FAMILY,상의,1,1,1,37000,1.0
2025-09-22,FAMILY,자켓/ 베스트,1,1,1,35000,1.0
2025-09-22,FAMILY,라운드티,1,1,1,32780,1.0
2025-09-22,GOLD,남성,2,2,2,193620,1.0
2025-09-22,GOLD,긴바지,1,1,2,98820,1.0
2025-09-22,GOLD,라운드티,1,1,2,70860,1.0
2025-09-22,GOLD,셋업,1,1,1,51460,1.0
2025-09-22,GOLD,여성,1,1,1,31700,1.0
2025-09-22,SILVER,라운드티,1,1,1,30750,1.0
2025-09-22,SILVER,남성,1,1,1,29250,1.0
2025-09-22,TITANIUM,남성,1,1,9,849060,1.0
2025-09-23,FAMILY,남성,49,48,71,2357240,0.9795918367346939
2025-09-23,FAMILY,여성,3,3,3,217610,1.0
2025-09-23,FAMILY,자켓/베스트,2,2,2,82550,1.0
2025-09-23,FAMILY,셋업,2,2,2,76590,1.0
2025-09-23,FAMILY,장갑,4,4,4,73510,1.0
2025-09-23,FAMILY,자켓/ 베스트,4,4,4,72500,1.0
2025-09-23,FAMILY,라운드티,3,3,3,55170,1.0
2025-09-23,FAMILY,상의,1,1,1,36300,1.0
2025-09-23,FAMILY,UNKNOWN,1,1,1,27000,1.0
2025-09-23,GOLD,여성,1,1,1,117990,1.0
2025-09-23,GOLD,남성,1,1,2,109210,1.0
2025-09-23,SILVER,남성,4,4,11,518780,1.0
2025-09-23,SILVER,셋업,1,1,1,111730,1.0
2025-09-23,SILVER,자켓/ 베스트,1,1,2,69210,1.0
2025-09-23,SILVER,바람막이,1,1,1,68300,1.0
2025-09-23,SILVER,패딩/슬림다운,1,1,1,62360,1.0
2025-09-23,SILVER,자켓/베스트,1,1,1,58340,1.0
2025-09-23,SILVER,장갑,1,1,1,28670,1.0
2025-09-23,TITANIUM,남성,1,1,9,614500,1.0
2025-09-24,FAMILY,남성,27,27,32,1811300,1.0
2025-09-24,FAMILY,여성,2,2,2,166500,1.0
2025-09-24,FAMILY,자켓/베스트,2,2,2,97390,1.0
2025-09-24,FAMILY,바람막이,1,1,1,91130,1.0
2025-09-24,FAMILY,라운드티,3,3,3,75940,1.0
2025-09-24,FAMILY,패딩/슬림다운,1,1,1,75690,1.0
2025-09-24,FAMILY,맨투맨/후드티,1,1,1,47000,1.0
2025-09-24,FAMILY,폴로티/집업,1,1,1,39000,1.0
2025-09-24,FAMILY,셋업,1,1,1,32000,1.0
2025-09-24,FAMILY,자켓/ 베스트,2,2,2,28120,1.0
2025-09-24,FAMILY,장갑,1,1,1,14500,1.0
2025-09-24,GOLD,남성,1,1,3,84380,1.0
2025-09-24,GOLD,여성,1,1,1,78340,1.0
2025-09-24,GOLD,폴로티/집업,1,1,1,70300,1.0
2025-09-24,SILVER,남성,3,3,8,541360,1.0
2025-09-24,SILVER,반바지,1,1,1,40030,1.0
2025-09-25,FAMILY,남성,38,38,47,3176700,1.0
2025-09-25,FAMILY,여성,7,7,7,633000,1.0
2025-09-25,FAMILY,라운드티,6,6,6,152290,1.0
2025-09-25,FAMILY,셋업,3,3,3,112900,1.0
2025-09-25,FAMILY,긴바지,2,2,2,61210,1.0
2025-09-25,FAMILY,패딩/슬림다운,1,1,1,60830,1.0
2025-09-25,FAMILY,자켓/베스트,1,1,1,37010,1.0
2025-09-25,FAMILY,폴로티/집업,1,1,1,36810,1.0
2025-09-25,FAMILY,상의,1,1,1,34980,1.0
2025-09-25,SILVER,남성,10,10,13,1178530,1.0
2025-09-25,SILVER,여성,2,2,5,397490,1.0
2025-09-25,SILVER,셋업,1,1,1,89000,1.0
2025-09-26,FAMILY,남성,24,24,29,1622770,1.0
2025-09-26,FAMILY,미드/롱다운,1,1,1,294410,1.0
2025-09-26,FAMILY,여성,4,4,4,266550,1.0
2025-09-26,FAMILY,상의,1,1,1,39790,1.0
2025-09-26,FAMILY,폴로/집업티,1,1,1,26500,1.0
2025-09-26,GOLD,남성,3,3,11,706830,1.0
2025-09-26,GOLD,여성,1,1,2,240320,1.0
2025-09-26,GOLD,라운드티,1,1,1,47010,1.0
2025-09-26,GOLD,반바지,1,1,1,39500,1.0
2025-09-26,SILVER,남성,3,3,4,194070,1.0
2025-09-27,FAMILY,남성,15,15,19,857730,1.0
2025-09-27,FAMILY,여성,2,2,2,93420,1.0
2025-09-27,FAMILY,패딩/슬림다운,1,1,1,61000,1.0
2025-09-27,FAMILY,라운드티,2,2,2,59200,1.0
2025-09-27,FAMILY,반바지,1,1,1,57370,1.0
2025-09-27,FAMILY,긴바지,1,1,1,43000,1.0
2025-09-27,FAMILY,셋업,1,1,1,43000,1.0
2025-09-27,FAMILY,자켓/베스트,1,1,1,37000,1.0
2025-09-27,FAMILY,상의,1,1,1,37000,1.0
2025-09-27,SILVER,남성,4,4,6,507520,1.0
2025-09-27,SILVER,여성,1,1,1,132340,1.0
2025-09-27,SILVER,라운드티,1,1,1,31360,1.0
2025-09-28,FAMILY,남성,74,74,97,3249460,1.0
2025-09-28,FAMILY,여성,8,8,10,814780,1.0
2025-09-28,FAMILY,셋업,5,5,5,194130,1.0
2025-09-28,FAMILY,라운드티,7,7,8,183500,1.0
2025-09-28,FAMILY,미드/롱다운,1,1,1,168150,1.0
2025-09-28,FAMILY,바람막이,2,2,2,154520,1.0
2025-09-28,FAMILY,긴바지,3,3,3,109180,1.0
2025-09-28,FAMILY,상의,2,2,2,86580,1.0
2025-09-28,FAMILY,셔츠,1,1,1,83000,1.0
2025-09-28,FAMILY,등산화,1,1,1,79530,1.0
2025-09-28,FAMILY,자켓/베스트,1,1,1,55390,1.0
2025-09-28,FAMILY,맨투맨/후드티,1,1,1,35540,1.0
2025-09-28,FAMILY,폴로티/집업,1,1,1,33190,1.0
2025-09-28,FAMILY,폴로/집업티,1,1,1,31000,1.0
2025-09-28,FAMILY,장갑,1,1,1,27090,1.0
2025-09-28,FAMILY,반바지,1,1,1,25840,1.0
2025-09-28,SILVER,남성,11,11,16,1012450,1.0
2025-09-28,SILVER,여성,2,2,2,283490,1.0
2025-09-28,SILVER,패딩/슬림다운,2,2,2,190500,1.0
2025-09-28,SILVER,셔츠,2,2,2,147720,1.0
2025-09-28,SILVER,셋업,1,1,1,54900,1.0
2025-09-28,SILVER,맨투맨/후드티,1,1,1,51770,1.0
2025-09-28,SILVER,라운드티,1,1,1,19800,1.0
2025-09-28,TITANIUM,남성,1,1,1,40310,1.0
2025-09-29,FAMILY,남성,6,6,8,634890,1.0
2025-09-29,FAMILY,여성,2,2,2,183130,1.0
2025-09-29,GOLD,여성,1,1,3,376700,1.0
2025-09-29,GOLD,자켓/베스트,1,1,2,136000,1.0
2025-09-29,GOLD,부츠,1,1,1,83000,1.0
2025-09-29,GOLD,UNKNOWN,1,1,1,62720,1.0
2025-09-29,SILVER,남성,3,3,6,571080,1.0
2025-09-29,SILVER,여성,2,2,3,234540,1.0
2025-09-30,FAMILY,남성,20,19,30,1764390,0.95
2025-09-30,FAMILY,여성,3,3,3,339700,1.0
2025-09-30,FAMILY,바람막이,1,1,3,193500,1.0
2025-09-30,FAMILY,셔츠,1,1,1,83000,1.0
2025-09-30,GOLD,남성,1,1,1,96040,1.0
2025-09-30,SILVER,남성,4,4,4,263550,1.0
2025-10-01,FAMILY,남성,101,101,151,4693350,1.0
2025-10-01,FAMILY,여성,17,17,17,855920,1.0
2025-10-01,FAMILY,셋업,8,8,8,341110,1.0
2025-10-01,FAMILY,맨투맨/후드티,4,4,4,134970,1.0
2025-10-01,FAMILY,등산화,2,2,2,130940,1.0
2025-10-01,FAMILY,패딩/슬림다운,2,2,2,125450,1.0
2025-10-01,FAMILY,폴로티/집업,3,3,3,121700,1.0
2025-10-01,FAMILY,셔츠,2,2,2,104550,1.0
2025-10-01,FAMILY,긴바지,2,2,2,72750,1.0
2025-10-01,FAMILY,바람막이,1,1,1,71910,1.0
2025-10-01,FAMILY,상의,2,2,2,65890,1.0
2025-10-01,FAMILY,라운드티,2,2,2,39220,1.0
2025-10-01,FAMILY,반바지,1,1,1,23500,1.0
2025-10-01,GOLD,남성,4,3,4,272780,0.75
2025-10-01,GOLD,자켓/베스트,1,1,3,184360,1.0
2025-10-01,GOLD,부츠,1,1,1,78480,1.0
2025-10-01,SILVER,남성,9,9,10,818150,1.0
2025-10-01,SILVER,셋업,1,1,1,77850,1.0
2025-10-01,SILVER,등산화,1,1,1,77650,1.0
2025-10-01,SILVER,여성,1,1,1,65110,1.0
2025-10-01,TITANIUM,남성,1,1,2,111290,1.0
2025-10-02,FAMILY,남성,46,46,62,2127880,1.0
2025-10-02,FAMILY,여성,8,8,8,594510,1.0
2025-10-02,FAMILY,패딩/슬림다운,2,2,2,177570,1.0
2025-10-02,FAMILY,등산화,1,1,1,130280,1.0
2025-10-02,FAMILY,셋업,3,3,3,116210,1.0
2025-10-02,FAMILY,라운드티,3,3,4,101380,1.0
2025-10-02,FAMILY,긴바지,2,2,2,95310,1.0
2025-10-02,FAMILY,셔츠,1,1,1,56220,1.0
2025-10-02,GOLD,남성,1,1,1,14500,1.0
2025-10-02,SILVER,남성,5,5,6,357980,1.0
2025-10-02,SILVER,부츠,1,1,1,75320,1.0
2025-10-02,SILVER,라운드티,1,1,1,62890,1.0
2025-10-02,SILVER,상의,1,1,1,58990,1.0
2025-10-02,SILVER,긴바지,1,1,1,48100,1.0
2025-10-03,FAMILY,남성,28,28,37,1154720,1.0
2025-10-03,FAMILY,등산화,3,3,3,268200,1.0
2025-10-03,FAMILY,여성,3,3,3,262900,1.0
2025-10-03,FAMILY,패딩/슬림다운,1,1,1,138680,1.0
2025-10-03,FAMILY,자켓/베스트,2,2,2,129870,1.0
2025-10-03,FAMILY,셋업,2,2,2,107440,1.0
2025-10-03,FAMILY,부츠,1,1,1,73350,1.0
2025-10-03,FAMILY,셔츠,1,1,1,56470,1.0
2025-10-03,FAMILY,폴로티/집업,1,1,1,56300,1.0
2025-10-03,FAMILY,긴바지,1,1,1,41000,1.0
2025-10-03,FAMILY,라운드티,1,1,1,16360,1.0
2025-10-03,SILVER,남성,4,4,9,683420,1.0
2025-10-03,SILVER,여성,2,2,3,147660,1.0
2025-10-03,SILVER,맨투맨/후드티,2,2,2,81000,1.0
2025-10-03,TITANIUM,여성,1,1,1,56300,1.0
2025-10-03,TITANIUM,남성,1,1,1,43640,1.0
2025-10-04,FAMILY,남성,27,27,34,1505640,1.0
2025-10-04,FAMILY,여성,3,3,3,188720,1.0
2025-10-04,FAMILY,UNKNOWN,2,2,2,146950,1.0
2025-10-04,FAMILY,등산화,1,1,1,112720,1.0
2025-10-04,FAMILY,긴바지,1,1,1,73010,1.0
2025-10-04,FAMILY,자켓/베스트,1,1,1,29500,1.0
2025-10-04,SILVER,맨투맨/후드티,1,1,1,37380,1.0
2025-10-04,SILVER,남성,1,1,2,22000,1.0
2025-10-04,SILVER,라운드티,1,1,1,17500,1.0
2025-10-05,FAMILY,남성,29,29,41,1646640,1.0
2025-10-05,FAMILY,여성,6,5,6,420140,0.8333333333333334
2025-10-05,FAMILY,셋업,3,3,4,289970,1.0
2025-10-05,FAMILY,패딩/슬림다운,2,2,2,144690,1.0
2025-10-05,FAMILY,자켓/베스트,3,3,3,141100,1.0
2025-10-05,FAMILY,긴바지,1,1,1,55000,1.0
2025-10-05,FAMILY,크로스/토트백,1,1,1,27220,1.0
2025-10-05,FAMILY,라운드티,1,1,1,17500,1.0
2025-10-05,GOLD,남성,2,2,3,232510,1.0
2025-10-05,SILVER,여성,4,4,6,479400,1.0
2025-10-05,SILVER,남성,2,2,2,123550,1.0
2025-10-06,FAMILY,남성,30,30,39,1618740,1.0
2025-10-06,FAMILY,여성,6,6,7,577990,1.0
2025-10-06,FAMILY,바람막이,1,1,1,107200,1.0
2025-10-06,FAMILY,라운드티,3,3,4,95520,1.0
2025-10-06,GOLD,셔츠,1,1,1,51850,1.0
2025-10-06,SILVER,남성,2,2,2,76190,1.0
2025-10-06,SILVER,볼캡,1,1,1,23000,1.0
2025-10-06,SILVER,라운드티,1,1,1,21970,1.0
2025-10-07,FAMILY,남성,28,28,37,1422900,1.0
2025-10-07,FAMILY,여성,5,5,5,330640,1.0
2025-10-07,FAMILY,셋업,3,3,3,164810,1.0
2025-10-07,FAMILY,패딩/슬림다운,1,1,1,72750,1.0
2025-10-07,FAMILY,장갑,2,2,2,31460,1.0
2025-10-07,FAMILY,라운드티,1,1,1,21760,1.0
2025-10-07,FAMILY,크로스/토트백,1,1,1,17500,1.0
2025-10-07,GOLD,남성,1,1,1,77530,1.0
2025-10-07,SILVER,남성,3,3,6,327900,1.0
2025-10-07,SILVER,셋업,1,1,1,184470,1.0
2025-10-08,FAMILY,남성,28,28,35,1609620,1.0
2025-10-08,FAMILY,여성,5,5,5,358090,1.0
2025-10-08,FAMILY,UNKNOWN,1,1,1,80700,1.0
2025-10-08,FAMILY,등산화,1,1,1,63770,1.0
2025-10-08,FAMILY,맨투맨/후드티,1,1,1,39000,1.0
2025-10-08,FAMILY,볼캡,1,1,1,28450,1.0
2025-10-08,FAMILY,반바지,1,1,1,23500,1.0
2025-10-08,FAMILY,크로스/토트백,1,1,1,23500,1.0
2025-10-08,GOLD,셋업,1,1,18,1818000,1.0
2025-10-08,GOLD,부츠,1,1,3,249000,1.0
2025-10-08,GOLD,자켓/베스트,1,1,2,154000,1.0
2025-10-08,GOLD,여성,1,1,1,90300,1.0
2025-10-08,GOLD,패딩/슬림다운,1,1,1,83000,1.0
2025-10-08,SILVER,남성,1,1,2,153100,1.0
2025-10-09,FAMILY,남성,39,39,58,2177570,1.0
2025-10-09,FAMILY,여성,3,3,3,300040,1.0
2025-10-09,FAMILY,등산화,2,2,2,206000,1.0
2025-10-09,FAMILY,셋업,1,1,1,141470,1.0
2025-10-09,FAMILY,바람막이,1,1,1,127100,1.0
2025-10-09,FAMILY,자켓/베스트,1,1,1,101000,1.0
2025-10-09,FAMILY,패딩/슬림다운,1,1,1,73000,1.0
2025-10-09,FAMILY,라운드티,2,2,3,59180,1.0
2025-10-09,FAMILY,상의,1,1,1,59000,1.0
2025-10-09,FAMILY,긴바지,1,1,1,37000,1.0
2025-10-09,FAMILY,크로스/토트백,1,1,1,17500,1.0
2025-10-09,SILVER,남성,4,4,6,600810,1.0
2025-10-09,SILVER,바람막이,1,1,1,85810,1.0
2025-10-10,FAMILY,남성,27,27,33,1398320,1.0
2025-10-10,FAMILY,여성,6,5,8,508800,0.8333333333333334
2025-10-10,FAMILY,바람막이,1,1,1,129070,1.0
2025-10-10,FAMILY,등산화,1,1,1,83260,1.0
2025-10-10,FAMILY,긴바지,1,1,1,47300,1.0
2025-10-10,FAMILY,셋업,2,2,2,43360,1.0
2025-10-10,FAMILY,맨투맨/후드티,1,1,1,37000,1.0
2025-10-10,FAMILY,자켓/베스트,1,1,1,29500,1.0
2025-10-10,FAMILY,장갑,1,1,1,26150,1.0
2025-10-10,GOLD,남성,1,1,4,263160,1.0
2025-10-10,GOLD,바람막이,1,1,1,118800,1.0
2025-10-10,SILVER,남성,1,1,2,174480,1.0
2025-10-10,SILVER,여성,1,1,1,49150,1.0
2025-10-10,SILVER,맨투맨/후드티,1,1,1,34900,1.0
2025-10-10,SILVER,상의,1,1,1,29500,1.0
2025-10-11,FAMILY,남성,27,26,36,1578380,0.9629629629629629
2025-10-11,FAMILY,라운드티,6,6,6,110620,1.0
2025-10-11,FAMILY,긴바지,3,3,3,101350,1.0
2025-10-11,FAMILY,셋업,3,3,3,94250,1.0
2025-10-11,FAMILY,맨투맨/후드티,2,2,2,91210,1.0
2025-10-11,FAMILY,UNKNOWN,1,1,1,86270,1.0
2025-10-11,FAMILY,등산화,1,1,1,84500,1.0
2025-10-11,FAMILY,상의,2,2,2,82800,1.0
2025-10-11,FAMILY,패딩/슬림다운,1,1,1,63000,1.0
2025-10-11,FAMILY,여성,1,1,1,39500,1.0
2025-10-11,FAMILY,폴로티/집업,1,1,1,39000,1.0
2025-10-11,FAMILY,볼캡,1,1,1,21220,1.0
2025-10-11,GOLD,남성,1,1,1,55000,1.0
2025-10-11,GOLD,라운드티,1,1,1,41000,1.0
2025-10-11,SILVER,패딩/슬림다운,2,2,2,190920,1.0
2025-10-11,SILVER,남성,2,2,2,98730,1.0
2025-10-11,SILVER,긴바지,1,1,1,81740,1.0
2025-10-12,FAMILY,남성,502,498,650,20429800,0.9920318725099602
2025-10-12,FAMILY,여성,56,56,61,2780900,1.0
2025-10-12,FAMILY,셋업,20,20,22,816180,1.0
2025-10-12,FAMILY,맨투맨/후드티,23,23,23,803740,1.0
2025-10-12,FAMILY,라운드티,36,36,38,801740,1.0
2025-10-12,FAMILY,패딩/슬림다운,9,9,9,593530,1.0
2025-10-12,FAMILY,자켓/베스트,11,11,11,531880,1.0
2025-10-12,FAMILY,긴바지,12,12,12,494970,1.0
2025-10-12,FAMILY,상의,13,13,13,468820,1.0
2025-10-12,FAMILY,바람막이,5,5,5,444740,1.0
2025-10-12,FAMILY,등산화,4,4,4,304340,1.0
2025-10-12,FAMILY,볼캡,10,10,10,231490,1.0
2025-10-12,FAMILY,장갑,9,9,11,182710,1.0
2025-10-12,FAMILY,버킷/부니,5,5,5,126270,1.0
2025-10-12,FAMILY,셔츠,2,2,2,115140,1.0
2025-10-12,FAMILY,폴로티/집업,3,3,3,113620,1.0
2025-10-12,FAMILY,UNKNOWN,2,2,2,110040,1.0
2025-10-12,FAMILY,부츠,1,1,1,58720,1.0
2025-10-12,FAMILY,카고/조거,1,1,1,41330,1.0
2025-10-12,FAMILY,크로스/토트백,2,2,2,35000,1.0
2025-10-12,FAMILY,반바지,1,1,1,23500,1.0
2025-10-12,GOLD,여성,1,1,1,133450,1.0
2025-10-12,GOLD,남성,1,1,1,54410,1.0
2025-10-12,SILVER,남성,25,25,34,1767170,1.0
2025-10-12,SILVER,여성,6,6,6,748020,1.0
2025-10-12,SILVER,미드/롱다운,1,1,1,301410,1.0
2025-10-12,SILVER,자켓/베스트,3,3,4,296060,1.0
2025-10-12,SILVER,맨투맨/후드티,2,2,3,147100,1.0
2025-10-12,SILVER,바람막이,1,1,1,76760,1.0
2025-10-12,SILVER,패딩/슬림다운,1,1,1,61620,1.0
2025-10-12,SILVER,볼캡,1,1,1,39850,1.0
2025-10-12,SILVER,상의,1,1,1,39000,1.0
2025-10-12,SILVER,셋업,1,1,1,26000,1.0
2025-10-13,FAMILY,남성,16,15,19,871160,0.9375
2025-10-13,FAMILY,여성,4,4,5,595240,1.0
2025-10-13,FAMILY,등산화,1,1,1,97160,1.0
2025-10-13,FAMILY,셋업,2,2,2,82210,1.0
2025-10-13,FAMILY,부츠,1,1,1,73440,1.0
2025-10-13,FAMILY,긴바지,1,1,1,44500,1.0
2025-10-13,FAMILY,라운드티,1,1,1,22330,1.0
2025-10-13,GOLD,남성,3,2,3,568880,0.6666666666666666
2025-10-13,SILVER,남성,5,5,6,766170,1.0
2025-10-13,SILVER,여성,1,1,1,84500,1.0
2025-10-13,SILVER,셋업,1,1,1,59000,1.0
2025-10-14,FAMILY,남성,11,11,17,872400,1.0
2025-10-14,FAMILY,여성,3,3,5,232770,1.0
2025-10-14,FAMILY,등산화,1,1,2,189000,1.0
2025-10-14,FAMILY,패딩/슬림다운,1,1,1,95000,1.0
2025-10-14,FAMILY,자켓/베스트,1,1,1,55770,1.0
2025-10-14,FAMILY,버킷/부니,1,1,1,37000,1.0
2025-10-14,SILVER,남성,8,8,11,901360,1.0
2025-10-14,SILVER,부츠,1,1,1,108890,1.0
2025-10-14,SILVER,등산화,1,1,1,101000,1.0
2025-10-14,SILVER,자켓/ 베스트,1,1,1,43000,1.0
2025-10-14,TITANIUM,남성,1,1,1,103200,1.0
2025-10-15,FAMILY,남성,12,12,17,696470,1.0
2025-10-15,FAMILY,여성,1,1,1,76350,1.0
2025-10-15,FAMILY,상의,1,1,1,39300,1.0
2025-10-15,FAMILY,자켓/ 베스트,1,1,1,26500,1.0
2025-10-15,GOLD,남성,3,3,4,387360,1.0
2025-10-15,GOLD,셋업,1,1,1,113000,1.0
2025-10-15,GOLD,패딩/슬림다운,1,1,1,89000,1.0
2025-10-15,SILVER,남성,3,3,6,402450,1.0
2025-10-15,SILVER,여성,1,1,1,159200,1.0
2025-10-16,FAMILY,남성,18,18,19,1518470,1.0
2025-10-16,FAMILY,여성,2,2,2,367300,1.0
2025-10-16,FAMILY,맨투맨/후드티,2,2,2,96740,1.0
2025-10-16,FAMILY,볼캡,1,1,2,90000,1.0
2025-10-16,FAMILY,긴바지,2,2,2,89000,1.0
2025-10-16,FAMILY,셔츠,1,1,1,71000,1.0
2025-10-16,FAMILY,라운드티,2,2,2,67050,1.0
2025-10-16,FAMILY,자켓/ 베스트,1,1,1,53000,1.0
2025-10-16,FAMILY,셋업,1,1,1,27950,1.0
2025-10-16,GOLD,남성,1,1,1,120200,1.0
2025-10-17,FAMILY,남성,17,17,21,2019810,1.0
2025-10-17,FAMILY,여성,2,2,3,363850,1.0
2025-10-17,FAMILY,패딩/슬림다운,1,1,1,85320,1.0
2025-10-17,FAMILY,맨투맨/후드티,1,1,1,51290,1.0
2025-10-17,FAMILY,라운드티,1,1,1,23650,1.0
2025-10-17,GOLD,남성,3,3,3,746599,1.0
2025-10-17,GOLD,여성,1,1,1,76200,1.0
2025-10-17,SILVER,남성,1,1,1,172860,1.0
2025-10-18,FAMILY,남성,20,20,22,1788600,1.0
2025-10-18,FAMILY,여성,4,4,4,399520,1.0
2025-10-18,FAMILY,라운드티,2,2,2,64000,1.0
2025-10-18,FAMILY,상의,1,1,1,52000,1.0
2025-10-18,GOLD,남성,2,2,3,338920,1.0
2025-10-18,GOLD,긴바지,1,1,2,111430,1.0
2025-10-18,GOLD,여성,1,1,1,77200,1.0
2025-10-18,GOLD,상의,1,1,1,59000,1.0
2025-10-18,SILVER,남성,3,3,4,291390,1.0
2025-10-19,FAMILY,남성,21,20,26,1678480,0.9523809523809523
2025-10-19,FAMILY,여성,4,4,4,808560,1.0
2025-10-19,FAMILY,패딩/슬림다운,1,1,1,78420,1.0
2025-10-19,FAMILY,맨투맨/후드티,1,1,1,55160,1.0
2025-10-19,FAMILY,긴바지,1,1,1,46840,1.0
2025-10-19,GOLD,남성,2,2,6,379200,1.0
2025-10-19,GOLD,여성,1,1,1,113000,1.0
2025-10-19,SILVER,남성,1,1,2,28760,1.0
2025-10-20,FAMILY,남성,21,14,30,2597750,0.6666666666666666
2025-10-20,FAMILY,셋업,2,2,2,112040,1.0
2025-10-20,FAMILY,패딩/슬림다운,1,1,1,95000,1.0
2025-10-20,FAMILY,여성,1,1,1,14500,1.0
2025-10-20,GOLD,여성,1,1,3,357000,1.0
2025-10-20,GOLD,남성,1,1,1,209300,1.0
2025-10-20,GOLD,자켓/베스트,1,1,1,59000,1.0
2025-10-20,GOLD,자켓/ 베스트,1,1,1,46150,1.0
2025-10-20,SILVER,남성,4,4,4,551820,1.0
2025-10-20,SILVER,패딩/슬림다운,1,1,1,95000,1.0
2025-10-20,SILVER,바람막이,1,1,1,68360,1.0
2025-10-21,FAMILY,남성,31,31,44,2066640,1.0
2025-10-21,FAMILY,여성,3,3,3,168820,1.0
2025-10-21,FAMILY,패딩/슬림다운,1,1,1,140140,1.0
2025-10-21,FAMILY,등산화,1,1,1,117480,1.0
2025-10-21,FAMILY,셋업,1,1,1,86780,1.0
2025-10-21,FAMILY,자켓/베스트,1,1,1,77000,1.0
2025-10-21,FAMILY,장갑,2,2,2,47970,1.0
2025-10-21,FAMILY,긴바지,1,1,1,47000,1.0
2025-10-21,FAMILY,라운드티,1,1,1,32230,1.0
2025-10-21,GOLD,남성,3,3,4,463000,1.0
2025-10-21,SILVER,남성,5,4,12,1058250,0.8
2025-10-21,SILVER,여성,4,4,5,816510,1.0
2025-10-21,SILVER,미드/롱다운,1,1,1,285210,1.0
2025-10-22,FAMILY,남성,19,19,22,1762570,1.0
2025-10-22,FAMILY,여성,3,3,3,340440,1.0
2025-10-22,FAMILY,패딩/슬림다운,1,1,1,87170,1.0
2025-10-22,FAMILY,셋업,1,1,1,66330,1.0
2025-10-22,FAMILY,상의,1,1,1,59000,1.0
2025-10-22,FAMILY,자켓/ 베스트,1,1,1,51000,1.0
2025-10-22,FAMILY,맨투맨/후드티,1,1,1,42000,1.0
2025-10-22,FAMILY,라운드티,1,1,1,33000,1.0
2025-10-22,GOLD,여성,1,1,1,127200,1.0
2025-10-22,GOLD,남성,1,1,1,97270,1.0
2025-10-22,SILVER,남성,5,5,8,547110,1.0
2025-10-22,SILVER,여성,2,2,2,135320,1.0
2025-10-23,FAMILY,남성,26,26,32,2165980,1.0
2025-10-23,FAMILY,여성,5,5,6,599300,1.0
2025-10-23,FAMILY,등산화,1,1,1,127790,1.0
2025-10-23,FAMILY,패딩/슬림다운,1,1,1,82000,1.0
2025-10-23,FAMILY,셋업,1,1,2,82000,1.0
2025-10-23,FAMILY,자켓/베스트,1,1,1,49100,1.0
2025-10-23,FAMILY,버킷/부니,1,1,1,32750,1.0
2025-10-23,GOLD,남성,1,1,1,139000,1.0
2025-10-23,SILVER,남성,3,3,3,218280,1.0
2025-10-23,SILVER,패딩/슬림다운,1,1,1,126690,1.0
2025-10-23,SILVER,셋업,2,2,2,67520,1.0
2025-10-23,SILVER,자켓/베스트,1,1,1,65050,1.0
2025-10-23,TITANIUM,남성,1,1,7,1194240,1.0
2025-10-23,TITANIUM,자켓/ 베스트,1,1,1,52690,1.0
2025-10-24,FAMILY,남성,16,16,20,2487200,1.0
2025-10-24,FAMILY,여성,2,2,2,148100,1.0
2025-10-24,FAMILY,패딩/슬림다운,1,1,1,73200,1.0
2025-10-24,GOLD,남성,1,1,2,131600,1.0
2025-10-24,GOLD,부츠,1,1,1,83000,1.0
2025-10-24,GOLD,자켓/베스트,1,1,1,59000,1.0
2025-10-24,SILVER,남성,7,7,9,719100,1.0
2025-10-24,SILVER,자켓/베스트,1,1,1,54070,1.0
2025-10-25,FAMILY,남성,11,11,12,1057630,1.0
2025-10-25,FAMILY,여성,2,2,4,379800,1.0
2025-10-25,FAMILY,패딩/슬림다운,1,1,1,76970,1.0
2025-10-25,FAMILY,자켓/ 베스트,1,1,1,51130,1.0
2025-10-25,GOLD,남성,1,1,1,128540,1.0
2025-10-25,GOLD,자켓/베스트,1,1,2,118000,1.0
2025-10-25,SILVER,남성,4,4,6,805740,1.0
2025-10-26,FAMILY,남성,18,18,23,1705100,1.0
2025-10-26,FAMILY,여성,2,2,2,237680,1.0
2025-10-26,FAMILY,등산화,1,1,1,156160,1.0
2025-10-26,FAMILY,자켓/베스트,1,1,1,56730,1.0
2025-10-26,GOLD,남성,2,2,3,347490,1.0
2025-10-26,GOLD,맨투맨/후드티,1,1,1,57570,1.0
2025-10-26,SILVER,남성,5,5,6,1319620,1.0
2025-10-26,SILVER,셋업,1,1,1,89000,1.0
2025-10-26,SILVER,여성,1,1,1,31280,1.0
2025-10-27,FAMILY,남성,28,28,42,2835920,1.0
2025-10-27,FAMILY,여성,9,9,10,831500,1.0
2025-10-27,FAMILY,등산화,2,2,2,176890,1.0
2025-10-27,FAMILY,셋업,2,2,2,114650,1.0
2025-10-27,FAMILY,자켓/ 베스트,2,2,2,90200,1.0
2025-10-27,FAMILY,자켓/베스트,1,1,1,58600,1.0
2025-10-27,FAMILY,볼캡,1,1,1,45000,1.0
2025-10-27,FAMILY,버킷/부니,1,1,1,34780,1.0
2025-10-27,GOLD,남성,1,1,1,137730,1.0
2025-10-27,SILVER,남성,9,9,13,2192240,1.0
2025-10-27,TITANIUM,남성,2,1,15,2134300,0.5
2025-10-27,TITANIUM,자켓/베스트,1,1,2,160000,1.0
2025-10-28,FAMILY,남성,24,23,32,2307060,0.9583333333333334
2025-10-28,FAMILY,여성,7,6,12,876550,0.8571428571428571
2025-10-28,FAMILY,자켓/ 베스트,2,2,3,123090,1.0
2025-10-28,FAMILY,UNKNOWN,1,1,1,111300,1.0
2025-10-28,FAMILY,등산화,1,1,1,111280,1.0
2025-10-28,FAMILY,긴바지,1,1,1,107000,1.0
2025-10-28,FAMILY,볼캡,1,1,2,90000,1.0
2025-10-28,FAMILY,장갑,1,1,1,36550,1.0
2025-10-28,GOLD,남성,3,3,3,483240,1.0
2025-10-28,GOLD,여성,1,1,1,256200,1.0
2025-10-28,SILVER,남성,4,4,6,663180,1.0
2025-10-28,SILVER,인터체인지 (3 in 1),1,1,1,386320,1.0
2025-10-28,SILVER,긴바지,1,1,1,102830,1.0
2025-10-28,SILVER,여성,1,1,1,60310,1.0
2025-10-28,SILVER,볼캡,1,1,1,42000,1.0
2025-10-29,FAMILY,남성,28,27,33,2812010,0.9642857142857143
2025-10-29,FAMILY,여성,7,7,15,1733050,1.0
2025-10-29,FAMILY,부츠,1,1,1,139770,1.0
2025-10-29,FAMILY,라운드티,2,2,3,109500,1.0
2025-10-29,FAMILY,등산화,1,1,1,99510,1.0
2025-10-29,FAMILY,자켓/ 베스트,1,1,1,48100,1.0
2025-10-29,GOLD,남성,2,2,3,196670,1.0
2025-10-29,SILVER,남성,6,5,13,882160,0.8333333333333334
2025-10-29,SILVER,여성,1,1,1,137880,1.0
2025-10-29,SILVER,바람막이,1,1,1,65410,1.0
2025-10-30,FAMILY,남성,15,15,18,1594050,1.0
2025-10-30,FAMILY,여성,1,1,1,119500,1.0
2025-10-30,FAMILY,자켓/베스트,1,1,1,55000,1.0
2025-10-30,FAMILY,볼캡,1,1,1,25850,1.0
2025-10-30,FAMILY,라운드티,1,1,1,23270,1.0
2025-10-30,GOLD,남성,3,3,4,271200,1.0
2025-10-30,SILVER,남성,6,6,8,516240,1.0
2025-10-30,SILVER,셋업,1,1,1,109400,1.0
2025-10-30,SILVER,자켓/베스트,1,1,1,61800,1.0
2025-10-30,TITANIUM,여성,1,1,1,222300,1.0
2025-10-30,TITANIUM,남성,1,1,1,222300,1.0
2025-10-31,FAMILY,남성,15,15,17,983160,1.0
2025-10-31,FAMILY,여성,5,5,5,667880,1.0
2025-10-31,FAMILY,패딩/슬림다운,1,1,1,79750,1.0
2025-10-31,FAMILY,라운드티,2,2,2,57750,1.0
2025-10-31,FAMILY,맨투맨/후드티,1,1,1,47710,1.0
2025-10-31,FAMILY,볼캡,1,1,1,39640,1.0
2025-10-31,SILVER,남성,7,7,18,1686290,1.0
2025-10-31,SILVER,여성,1,1,2,106200,1.0
2025-10-31,SILVER,셋업,1,1,1,83530,1.0
2025-10-31,SILVER,긴바지,1,1,1,38060,1.0
2025-10-31,SILVER,라운드티,1,1,1,35000,1.0
2025-10-31,TITANIUM,남성,1,1,1,270000,1.0
2025-11-01,FAMILY,남성,9,9,9,620830,1.0
2025-11-01,FAMILY,셋업,1,1,5,347500,1.0
2025-11-01,FAMILY,여성,1,1,1,129500,1.0
2025-11-01,FAMILY,패딩/슬림다운,1,1,1,87000,1.0
2025-11-01,FAMILY,맨투맨/후드티,1,1,1,57000,1.0
2025-11-01,GOLD,남성,1,1,1,132600,1.0
2025-11-01,SILVER,남성,2,2,2,61150,1.0
2025-11-02,FAMILY,남성,20,20,29,2210150,1.0
2025-11-02,FAMILY,여성,3,3,4,345320,1.0
2025-11-02,FAMILY,장갑,1,1,1,20170,1.0
2025-11-02,GOLD,남성,1,1,3,157000,1.0
2025-11-02,SILVER,남성,2,2,3,199880,1.0
2025-11-02,SILVER,바람막이,1,1,1,144050,1.0
2025-11-03,FAMILY,남성,24,24,28,1707520,1.0
2025-11-03,FAMILY,여성,4,4,6,665640,1.0
2025-11-03,FAMILY,인터체인지 (3 in 1),1,1,1,385000,1.0
2025-11-03,FAMILY,셋업,2,2,3,266700,1.0
2025-11-03,FAMILY,패딩/슬림다운,1,1,1,84000,1.0
2025-11-03,FAMILY,맨투맨/후드티,1,1,1,59000,1.0
2025-11-03,FAMILY,라운드티,1,1,1,35000,1.0
2025-11-03,GOLD,남성,3,3,3,219990,1.0
2025-11-03,SILVER,남성,7,6,9,1765310,0.8571428571428571
2025-11-03,SILVER,셋업,2,2,3,331130,1.0
2025-11-03,SILVER,부츠,1,1,1,155400,1.0
2025-11-03,SILVER,맨투맨/후드티,1,1,1,49000,1.0
2025-11-03,TITANIUM,남성,2,2,6,493010,1.0
2025-11-04,FAMILY,남성,13,13,17,1416060,1.0
2025-11-04,FAMILY,여성,5,5,6,600240,1.0
2025-11-04,FAMILY,맨투맨/후드티,3,3,3,164870,1.0
2025-11-04,GOLD,남성,3,2,7,1937770,0.6666666666666666
2025-11-04,GOLD,여성,1,1,1,339000,1.0
2025-11-04,SILVER,여성,1,1,1,329000,1.0
2025-11-04,SILVER,남성,3,3,4,219080,1.0
2025-11-05,FAMILY,남성,18,18,22,1554760,1.0
2025-11-05,FAMILY,여성,4,4,4,390690,1.0
2025-11-05,FAMILY,패딩/슬림다운,1,1,1,137200,1.0
2025-11-05,FAMILY,라운드티,1,1,1,24730,1.0
2025-11-05,GOLD,남성,1,1,1,28600,1.0
2025-11-05,SILVER,여성,1,1,1,612380,1.0
2025-11-05,SILVER,남성,3,3,4,411060,1.0
2025-11-05,TITANIUM,남성,1,1,1,104650,1.0
2025-11-06,FAMILY,남성,15,15,18,1004420,1.0
2025-11-06,FAMILY,여성,2,2,2,118240,1.0
2025-11-06,FAMILY,등산화,1,1,1,94500,1.0
2025-11-06,FAMILY,맨투맨/후드티,1,1,1,43470,1.0
2025-11-06,SILVER,남성,1,1,3,228660,1.0
2025-11-06,SILVER,셋업,1,1,1,103380,1.0
2025-11-06,SILVER,여성,1,1,1,87200,1.0
2025-11-06,TITANIUM,남성,2,1,2,322000,0.5
2025-11-07,FAMILY,남성,10,10,15,761710,1.0
2025-11-07,FAMILY,여성,4,4,5,648920,1.0
2025-11-07,FAMILY,자켓/베스트,1,1,1,161000,1.0
2025-11-07,FAMILY,볼캡,2,2,3,135000,1.0
2025-11-07,FAMILY,패딩/슬림다운,1,1,1,83000,1.0
2025-11-07,FAMILY,라운드티,1,1,1,31720,1.0
2025-11-07,GOLD,셋업,1,1,1,64400,1.0
2025-11-07,SILVER,남성,3,3,4,277190,1.0
2025-11-07,SILVER,여성,1,1,2,135770,1.0
2025-11-08,FAMILY,남성,11,11,18,1179540,1.0
2025-11-08,FAMILY,여성,5,5,9,1070340,1.0
2025-11-08,FAMILY,셋업,1,1,1,87000,1.0
2025-11-08,FAMILY,맨투맨/후드티,1,1,1,57000,1.0
2025-11-08,FAMILY,라운드티,1,1,1,23000,1.0
2025-11-08,SILVER,남성,3,3,7,377000,1.0
2025-11-08,SILVER,맨투맨/후드티,1,1,1,51550,1.0
2025-11-09,FAMILY,남성,17,17,22,1647670,1.0
2025-11-09,FAMILY,여성,4,4,4,325200,1.0
2025-11-09,FAMILY,등산화,1,1,1,129120,1.0
2025-11-09,FAMILY,셋업,1,1,1,87000,1.0
2025-11-09,FAMILY,맨투맨/후드티,1,1,1,57530,1.0
2025-11-09,GOLD,남성,1,1,4,97750,1.0
2025-11-09,SILVER,여성,2,2,2,362480,1.0
2025-11-09,SILVER,남성,2,2,3,139300,1.0
2025-11-09,SILVER,셋업,1,1,1,68870,1.0
2025-11-09,TITANIUM,남성,1,1,1,150000,1.0
2025-11-10,FAMILY,남성,22,21,25,1802670,0.9545454545454546
2025-11-10,FAMILY,여성,12,11,14,1456300,0.9166666666666666
2025-11-10,FAMILY,볼캡,2,2,2,77360,1.0
2025-11-10,FAMILY,장갑,1,1,1,27110,1.0
2025-11-10,FAMILY,라운드티,1,1,1,21000,1.0
2025-11-10,SILVER,남성,6,6,6,1221990,1.0
2025-11-10,SILVER,장갑,1,1,1,81810,1.0
2025-11-11,FAMILY,남성,22,21,43,3438640,0.9545454545454546
2025-11-11,FAMILY,여성,3,3,4,378000,1.0
2025-11-11,FAMILY,부츠,1,1,1,137830,1.0
2025-11-11,FAMILY,라운드티,1,1,1,20570,1.0
2025-11-11,SILVER,남성,11,11,18,1786330,1.0
2025-11-11,SILVER,등산화,1,1,1,132300,1.0
2025-11-11,SILVER,셋업,1,1,1,109320,1.0
2025-11-11,SILVER,긴바지,1,1,1,97130,1.0
2025-11-11,SILVER,장갑,1,1,1,18000,1.0
2025-11-12,FAMILY,남성,24,22,38,2066440,0.9166666666666666
2025-11-12,FAMILY,여성,6,6,12,506740,1.0
2025-11-12,FAMILY,맨투맨/후드티,3,3,3,125730,1.0
2025-11-12,FAMILY,자켓/베스트,1,1,1,60350,1.0
2025-11-12,FAMILY,라운드티,1,1,1,35000,1.0
2025-11-12,FAMILY,볼캡,1,1,1,24310,1.0
2025-11-12,SILVER,여성,3,3,4,540740,1.0
2025-11-12,SILVER,남성,4,4,6,396250,1.0
2025-11-12,SILVER,셋업,1,1,1,81560,1.0
2025-11-12,TITANIUM,남성,1,1,20,319480,1.0
2025-11-13,FAMILY,남성,14,14,18,1316380,1.0
2025-11-13,FAMILY,여성,3,3,3,230060,1.0
2025-11-13,SILVER,남성,4,4,6,1067380,1.0
2025-11-13,SILVER,맨투맨/후드티,2,2,2,112880,1.0
2025-11-13,SILVER,셋업,1,1,1,77820,1.0
2025-11-13,SILVER,여성,1,1,1,44460,1.0
2025-11-14,FAMILY,남성,20,19,29,1827150,0.95
2025-11-14,FAMILY,여성,2,2,2,54400,1.0
2025-11-14,SILVER,남성,8,7,11,1167640,0.875
2025-11-14,SILVER,여성,2,2,2,645380,1.0
2025-11-14,SILVER,자켓/베스트,1,1,1,68090,1.0
2025-11-15,FAMILY,남성,16,16,22,2119160,1.0
2025-11-15,FAMILY,여성,2,2,2,327520,1.0
2025-11-15,FAMILY,맨투맨/후드티,1,1,1,44000,1.0
2025-11-15,FAMILY,라운드티,1,1,1,17500,1.0
2025-11-15,GOLD,남성,2,2,3,570820,1.0
2025-11-15,GOLD,셋업,1,1,1,109610,1.0
2025-11-15,GOLD,등산화,1,1,1,97970,1.0
2025-11-15,SILVER,남성,4,4,6,547390,1.0
2025-11-15,SILVER,미드/롱다운,1,1,1,284030,1.0
2025-11-16,FAMILY,남성,19,18,25,2003570,0.9473684210526315
2025-11-16,FAMILY,셋업,2,2,3,288590,1.0
2025-11-16,FAMILY,여성,2,2,2,196640,1.0
2025-11-16,FAMILY,맨투맨/후드티,1,1,1,44120,1.0
2025-11-16,SILVER,남성,3,3,5,422800,1.0
2025-11-16,SILVER,여성,2,2,2,411470,1.0
2025-11-16,SILVER,셋업,1,1,1,86800,1.0
2025-11-16,TITANIUM,남성,1,1,8,1317230,1.0
2025-11-16,TITANIUM,셋업,1,1,1,85330,1.0
2025-11-17,FAMILY,남성,15,15,20,1203500,1.0
2025-11-17,FAMILY,여성,4,4,4,343550,1.0
2025-11-17,FAMILY,셋업,1,1,1,103000,1.0
2025-11-17,FAMILY,등산화,1,1,1,74500,1.0
2025-11-17,FAMILY,자켓/베스트,1,1,1,66150,1.0
2025-11-17,FAMILY,맨투맨/후드티,1,1,1,59000,1.0
2025-11-17,FAMILY,볼캡,1,1,1,45000,1.0
2025-11-17,GOLD,남성,1,1,2,274400,1.0
2025-11-17,SILVER,남성,5,5,8,738880,1.0
2025-11-17,SILVER,여성,1,1,1,589000,1.0
2025-11-17,TITANIUM,여성,1,1,3,733510,1.0
2025-11-17,TITANIUM,셋업,1,1,2,199480,1.0
2025-11-17,TITANIUM,긴바지,1,1,1,105660,1.0
2025-11-17,TITANIUM,남성,1,1,3,90170,1.0
2025-11-18,FAMILY,남성,26,25,31,2931420,0.9615384615384616
2025-11-18,FAMILY,여성,8,8,8,958180,1.0
2025-11-18,FAMILY,맨투맨/후드티,1,1,1,47000,1.0
2025-11-18,FAMILY,버킷/부니,1,1,1,35990,1.0
2025-11-18,FAMILY,크로스/토트백,1,1,1,25000,1.0
2025-11-18,SILVER,남성,6,6,7,849200,1.0
2025-11-18,SILVER,맨투맨/후드티,1,1,1,59000,1.0
2025-11-18,SILVER,라운드티,1,1,1,19750,1.0
2025-11-19,FAMILY,남성,30,28,45,3079930,0.9333333333333333
2025-11-19,FAMILY,여성,3,3,4,402910,1.0
2025-11-19,FAMILY,셋업,2,2,2,174210,1.0
2025-11-19,FAMILY,긴바지,1,1,1,89120,1.0
2025-11-19,GOLD,여성,1,1,1,287940,1.0
2025-11-19,GOLD,남성,1,1,1,112360,1.0
2025-11-19,SILVER,남성,7,7,11,1139260,1.0
2025-11-19,SILVER,등산화,1,1,1,93940,1.0
2025-11-20,FAMILY,남성,12,12,16,1668300,1.0
2025-11-20,FAMILY,여성,2,2,2,84280,1.0
2025-11-20,SILVER,여성,3,3,3,782580,1.0
2025-11-20,SILVER,남성,5,5,6,539710,1.0
2025-11-20,SILVER,맨투맨/후드티,1,1,1,53950,1.0
2025-11-20,TITANIUM,남성,1,1,1,270000,1.0
2025-11-21,FAMILY,남성,46,46,66,4807730,1.0
2025-11-21,FAMILY,여성,8,8,9,1059060,1.0
2025-11-21,FAMILY,맨투맨/후드티,17,17,17,691760,1.0
2025-11-21,FAMILY,등산화,1,1,1,109500,1.0
2025-11-21,FAMILY,셋업,1,1,1,84500,1.0
2025-11-21,FAMILY,패딩/슬림다운,1,1,1,75720,1.0
2025-11-21,FAMILY,장갑,1,1,1,27540,1.0
2025-11-21,FAMILY,UNKNOWN,1,1,2,15000,1.0
2025-11-21,GOLD,남성,1,1,1,47570,1.0
2025-11-21,SILVER,남성,20,20,28,3160915,1.0
2025-11-21,SILVER,여성,2,2,2,415540,1.0
2025-11-21,SILVER,맨투맨/후드티,6,6,7,314110,1.0
2025-11-21,SILVER,셋업,1,1,1,72970,1.0
2025-11-21,SILVER,장갑,1,1,1,59000,1.0
2025-11-22,FAMILY,남성,32,31,45,3025980,0.96875
2025-11-22,FAMILY,여성,6,5,6,518170,0.8333333333333334
2025-11-22,FAMILY,셋업,4,4,5,348710,1.0
2025-11-22,FAMILY,라운드티,1,1,1,25000,1.0
2025-11-22,GOLD,남성,2,2,6,630020,1.0
2025-11-22,SILVER,남성,11,11,13,1746070,1.0
2025-11-22,SILVER,여성,2,2,2,272700,1.0
2025-11-22,SILVER,맨투맨/후드티,1,1,1,53540,1.0
2025-11-22,TITANIUM,남성,1,1,1,102240,1.0
2025-11-23,FAMILY,남성,50,49,65,3352750,0.98
2025-11-23,FAMILY,여성,6,6,6,507880,1.0
2025-11-23,FAMILY,자켓/베스트,2,2,2,150190,1.0
2025-11-23,FAMILY,맨투맨/후드티,2,2,2,105750,1.0
2025-11-23,FAMILY,셋업,3,3,3,92860,1.0
2025-11-23,FAMILY,패딩/슬림다운,1,1,1,86780,1.0
2025-11-23,FAMILY,상의,1,1,1,48880,1.0
2025-11-23,FAMILY,긴바지,1,1,1,41170,1.0
2025-11-23,FAMILY,크로스/토트백,2,2,2,40690,1.0
2025-11-23,FAMILY,볼캡,1,1,1,35000,1.0
2025-11-23,FAMILY,라운드티,1,1,1,27560,1.0
2025-11-23,FAMILY,버킷/부니,1,1,1,19900,1.0
2025-11-23,GOLD,남성,2,2,6,1009940,1.0
2025-11-23,GOLD,자켓/베스트,1,1,1,72000,1.0
2025-11-23,SILVER,남성,19,18,25,2348400,0.9473684210526315
2025-11-23,SILVER,여성,3,3,3,412320,1.0
2025-11-23,SILVER,자켓/베스트,2,2,3,203870,1.0
2025-11-23,TITANIUM,남성,1,1,1,77400,1.0
2025-11-24,FAMILY,남성,30,30,39,2641460,1.0
2025-11-24,FAMILY,여성,7,7,8,726500,1.0
2025-11-24,FAMILY,긴바지,8,8,8,208470,1.0
2025-11-24,FAMILY,셋업,3,3,3,118400,1.0
2025-11-24,FAMILY,자켓/베스트,1,1,1,87380,1.0
2025-11-24,GOLD,남성,4,4,7,615750,1.0
2025-11-24,GOLD,맨투맨/후드티,1,1,1,48350,1.0
2025-11-24,SILVER,남성,6,6,7,891125,1.0
2025-11-24,SILVER,여성,1,1,1,224410,1.0
2025-11-24,SILVER,긴바지,3,3,3,94000,1.0
2025-11-24,SILVER,셋업,1,1,1,39250,1.0
2025-11-25,FAMILY,남성,40,40,50,2670110,1.0
2025-11-25,FAMILY,여성,6,6,6,288970,1.0
2025-11-25,FAMILY,셋업,6,6,6,246630,1.0
2025-11-25,FAMILY,등산화,1,1,1,116230,1.0
2025-11-25,FAMILY,자켓/베스트,2,2,2,100540,1.0
2025-11-25,FAMILY,바람막이,1,1,1,90300,1.0
2025-11-25,FAMILY,긴바지,2,2,2,85790,1.0
2025-11-25,FAMILY,맨투맨/후드티,1,1,1,47050,1.0
2025-11-25,FAMILY,장갑,1,1,1,17660,1.0
2025-11-25,GOLD,여성,1,1,1,339000,1.0
2025-11-25,GOLD,남성,1,1,2,280200,1.0
2025-11-25,SILVER,남성,12,12,17,2336570,1.0
2025-11-25,SILVER,여성,2,2,2,408480,1.0
2025-11-25,SILVER,셋업,2,2,4,266150,1.0
2025-11-25,SILVER,자켓/베스트,1,1,1,74760,1.0
2025-11-25,SILVER,라운드티,1,1,1,36170,1.0
2025-11-25,TITANIUM,남성,6,2,20,2776770,0.3333333333333333
2025-11-25,TITANIUM,여성,2,2,2,334850,1.0
2025-11-26,FAMILY,남성,29,28,34,3073550,0.9655172413793104
2025-11-26,FAMILY,여성,7,7,10,1469715,1.0
2025-11-26,FAMILY,셋업,5,5,5,281060,1.0
2025-11-26,FAMILY,등산화,2,2,2,195350,1.0
2025-11-26,FAMILY,맨투맨/후드티,2,2,2,108870,1.0
2025-11-26,FAMILY,긴바지,2,2,2,74750,1.0
2025-11-26,FAMILY,자켓/ 베스트,1,1,1,48180,1.0
2025-11-26,FAMILY,장갑,1,1,1,28340,1.0
2025-11-26,GOLD,남성,3,3,4,567945,1.0
2025-11-26,SILVER,남성,9,8,14,1341880,0.8888888888888888
2025-11-26,SILVER,여성,3,3,3,210730,1.0
2025-11-26,TITANIUM,남성,3,2,4,510000,0.6666666666666666
2025-11-26,TITANIUM,셋업,1,1,1,20500,1.0
2025-11-27,FAMILY,남성,42,41,52,3240795,0.9761904761904762
2025-11-27,FAMILY,여성,13,13,14,1753550,1.0
2025-11-27,FAMILY,상의,6,6,6,272930,1.0
2025-11-27,FAMILY,맨투맨/후드티,3,3,3,166310,1.0
2025-11-27,FAMILY,자켓/ 베스트,1,1,1,79750,1.0
2025-11-27,FAMILY,긴바지,1,1,2,70980,1.0
2025-11-27,FAMILY,라운드티,2,2,2,65050,1.0
2025-11-27,FAMILY,볼캡,3,3,3,44240,1.0
2025-11-27,FAMILY,장갑,1,1,1,29000,1.0
2025-11-27,GOLD,남성,4,4,31,2388610,1.0
2025-11-27,GOLD,여성,1,1,1,87200,1.0
2025-11-27,SILVER,남성,13,13,20,2306470,1.0
2025-11-27,SILVER,여성,4,4,6,522810,1.0
2025-11-27,SILVER,다운/ 패딩,1,1,1,159900,1.0
2025-11-27,SILVER,상의,2,2,3,147000,1.0
2025-11-27,SILVER,등산화,1,1,1,127200,1.0
2025-11-27,SILVER,셋업,1,1,1,109620,1.0
2025-11-27,SILVER,긴바지,1,1,1,103100,1.0
2025-11-27,TITANIUM,상의,1,1,2,91840,1.0
2025-11-27,TITANIUM,여성,1,1,2,81650,1.0
2025-11-27,TITANIUM,라운드티,1,1,1,32800,1.0
2025-11-28,FAMILY,남성,27,27,69,6824540,1.0
2025-11-28,FAMILY,셋업,2,2,9,1316840,1.0
2025-11-28,FAMILY,여성,9,9,11,1151370,1.0
2025-11-28,FAMILY,긴바지,5,5,5,263700,1.0
2025-11-28,FAMILY,자켓/베스트,2,2,2,221950,1.0
2025-11-28,FAMILY,볼캡,3,3,3,81090,1.0
2025-11-28,FAMILY,장갑,1,1,1,24550,1.0
2025-11-28,GOLD,남성,1,1,1,113540,1.0
2025-11-28,SILVER,남성,13,13,19,1780210,1.0
2025-11-28,SILVER,여성,1,1,2,116660,1.0
2025-11-28,SILVER,라운드티,1,1,1,69200,1.0
2025-11-28,SILVER,긴바지,1,1,1,37700,1.0
2025-11-29,FAMILY,남성,31,29,40,2611410,0.9354838709677419
2025-11-29,FAMILY,여성,3,3,3,502050,1.0
2025-11-29,FAMILY,긴바지,2,2,2,149330,1.0
2025-11-29,FAMILY,자켓/베스트,1,1,1,113900,1.0
2025-11-29,FAMILY,자켓/ 베스트,1,1,1,80000,1.0
2025-11-29,FAMILY,셋업,2,2,2,72000,1.0
2025-11-29,FAMILY,상의,1,1,1,63520,1.0
2025-11-29,FAMILY,볼캡,1,1,1,35000,1.0
2025-11-29,GOLD,남성,2,2,3,490000,1.0
2025-11-29,SILVER,남성,7,7,7,1534360,1.0
2025-11-29,SILVER,셋업,1,1,1,121180,1.0
2025-11-29,SILVER,여성,1,1,1,63200,1.0
2025-11-29,SILVER,긴바지,1,1,1,47000,1.0
2025-11-29,TITANIUM,남성,1,1,32,374540,1.0
2025-11-30,FAMILY,남성,84,83,122,6211900,0.9880952380952381
2025-11-30,FAMILY,다운/ 패딩,15,15,15,1765590,1.0
2025-11-30,FAMILY,여성,9,9,10,792520,1.0
2025-11-30,FAMILY,자켓/ 베스트,7,7,7,308870,1.0
2025-11-30,FAMILY,셋업,4,4,4,172040,1.0
2025-11-30,FAMILY,부츠,1,1,1,140720,1.0
2025-11-30,FAMILY,등산화,1,1,1,127200,1.0
2025-11-30,FAMILY,맨투맨/후드티,2,2,2,114910,1.0
2025-11-30,FAMILY,긴바지,3,3,3,113840,1.0
2025-11-30,FAMILY,라운드티,4,4,4,93170,1.0
2025-11-30,FAMILY,패딩/슬림다운,1,1,1,84340,1.0
2025-11-30,FAMILY,상의,1,1,1,60950,1.0
2025-11-30,FAMILY,볼캡,1,1,1,21850,1.0
2025-11-30,FAMILY,UNKNOWN,1,1,1,7500,1.0
2025-11-30,GOLD,남성,3,3,5,964320,1.0
2025-11-30,SILVER,남성,17,16,21,2426425,0.9411764705882353
2025-11-30,SILVER,다운/ 패딩,8,8,8,929400,1.0
2025-11-30,SILVER,여성,3,3,3,405960,1.0
2025-11-30,SILVER,부츠,1,1,1,129730,1.0
2025-11-30,SILVER,상의,1,1,1,50490,1.0
2025-11-30,TITANIUM,남성,1,1,1,107400,1.0
2025-12-01,FAMILY,남성,20,20,25,1750820,1.0
2025-12-01,FAMILY,여성,8,8,8,1396130,1.0
2025-12-01,FAMILY,셋업,4,4,4,244980,1.0
2025-12-01,FAMILY,자켓/ 베스트,1,1,1,40000,1.0
2025-12-01,FAMILY,긴바지,1,1,1,38190,1.0
2025-12-01,FAMILY,장갑,1,1,1,21500,1.0
2025-12-01,GOLD,남성,1,1,1,65590,1.0
2025-12-01,SILVER,남성,3,3,4,261140,1.0
2025-12-01,SILVER,자켓/ 베스트,1,1,1,107000,1.0
2025-12-01,SILVER,패딩/슬림다운,1,1,1,89000,1.0
2025-12-01,SILVER,셋업,1,1,1,34080,1.0
2025-12-01,TITANIUM,남성,1,1,1,40000,1.0
2025-12-02,FAMILY,남성,19,18,24,1956990,0.9473684210526315
2025-12-02,FAMILY,미드/롱다운,1,1,1,287000,1.0
2025-12-02,FAMILY,여성,3,3,5,268500,1.0
2025-12-02,FAMILY,다운/ 패딩,1,1,1,159800,1.0
2025-12-02,FAMILY,상의,1,1,1,65000,1.0
2025-12-02,SILVER,남성,4,4,5,1202570,1.0
2025-12-02,TITANIUM,남성,1,1,25,751750,1.0
2025-12-02,TITANIUM,여성,1,1,3,80250,1.0
2025-12-03,FAMILY,남성,35,35,59,3772780,1.0
2025-12-03,FAMILY,여성,7,7,8,635260,1.0
2025-12-03,FAMILY,다운/ 패딩,1,1,1,159800,1.0
2025-12-03,FAMILY,바람막이,1,1,1,154800,1.0
2025-12-03,FAMILY,셋업,1,1,1,89000,1.0
2025-12-03,FAMILY,라운드티,2,2,2,88800,1.0
2025-12-03,FAMILY,부츠,1,1,1,74500,1.0
2025-12-03,FAMILY,맨투맨/후드티,1,1,1,58460,1.0
2025-12-03,FAMILY,장갑,1,1,1,28980,1.0
2025-12-03,FAMILY,긴바지,1,1,1,28420,1.0
2025-12-03,FAMILY,자켓/ 베스트,1,1,1,27540,1.0
2025-12-03,GOLD,남성,2,2,3,522500,1.0
2025-12-03,SILVER,남성,3,3,9,482970,1.0
2025-12-03,SILVER,여성,2,2,3,387730,1.0
2025-12-03,SILVER,셋업,1,1,1,41000,1.0
2025-12-03,SILVER,크로스/토트백,1,1,1,35000,1.0
2025-12-04,FAMILY,남성,46,45,105,13819390,0.9782608695652174
2025-12-04,FAMILY,여성,6,6,26,5046250,1.0
2025-12-04,FAMILY,셋업,1,1,1,148610,1.0
2025-12-04,FAMILY,등산화,1,1,1,84920,1.0
2025-12-04,FAMILY,볼캡,2,2,2,84550,1.0
2025-12-04,FAMILY,상의,1,1,1,59500,1.0
2025-12-04,FAMILY,맨투맨/후드티,1,1,1,54000,1.0
2025-12-04,FAMILY,자켓/ 베스트,1,1,1,48320,1.0
2025-12-04,FAMILY,긴바지,1,1,1,44800,1.0
2025-12-04,GOLD,남성,4,4,7,418080,1.0
2025-12-04,GOLD,여성,1,1,1,239000,1.0
2025-12-04,SILVER,남성,15,15,21,2651590,1.0
2025-12-04,SILVER,여성,2,2,3,460220,1.0
2025-12-04,SILVER,셋업,1,1,2,176980,1.0
2025-12-04,SILVER,볼캡,1,1,2,89600,1.0
2025-12-05,FAMILY,남성,43,43,58,4408650,1.0
2025-12-05,FAMILY,여성,3,3,3,278690,1.0
2025-12-05,FAMILY,부츠,1,1,1,147340,1.0
2025-12-05,FAMILY,장갑,1,1,1,56090,1.0
2025-12-05,FAMILY,자켓/ 베스트,1,1,1,39630,1.0
2025-12-05,FAMILY,긴바지,1,1,1,37000,1.0
2025-12-05,FAMILY,볼캡,1,1,1,36030,1.0
2025-12-05,GOLD,남성,3,3,6,255250,1.0
2025-12-05,GOLD,등산화,1,1,1,148840,1.0
2025-12-05,SILVER,남성,8,6,17,1198160,0.75
2025-12-05,SILVER,볼캡,2,2,2,81000,1.0
2025-12-06,FAMILY,남성,23,22,27,1794370,0.9565217391304348
2025-12-06,FAMILY,여성,3,3,3,338360,1.0
2025-12-06,FAMILY,다운/ 패딩,1,1,1,159080,1.0
2025-12-06,FAMILY,등산화,1,1,1,132300,1.0
2025-12-06,FAMILY,셋업,1,1,1,27940,1.0
2025-12-06,FAMILY,장갑,1,1,1,23820,1.0
2025-12-06,GOLD,남성,2,2,2,225070,1.0
2025-12-06,SILVER,남성,3,3,6,935800,1.0
2025-12-06,SILVER,부츠,1,1,1,123110,1.0
2025-12-06,SILVER,긴바지,1,1,1,34990,1.0
2025-12-06,TITANIUM,남성,2,2,3,189220,1.0
2025-12-06,TITANIUM,셋업,1,1,1,116080,1.0
2025-12-06,TITANIUM,여성,1,1,1,92580,1.0
2025-12-07,FAMILY,남성,21,20,31,2334400,0.9523809523809523
2025-12-07,FAMILY,여성,7,6,9,760680,0.8571428571428571
2025-12-07,FAMILY,셋업,1,1,1,155700,1.0
2025-12-07,FAMILY,장갑,3,3,3,101020,1.0
2025-12-07,FAMILY,패딩/슬림다운,1,1,1,89000,1.0
2025-12-07,FAMILY,부츠,1,1,1,74500,1.0
2025-12-07,FAMILY,상의,1,1,1,58440,1.0
2025-12-07,GOLD,남성,4,4,5,667790,1.0
2025-12-07,GOLD,여성,1,1,1,83520,1.0
2025-12-07,SILVER,남성,6,6,8,1726490,1.0
2025-12-07,SILVER,여성,1,1,1,62100,1.0
2025-12-07,SILVER,맨투맨/후드티,1,1,1,34790,1.0
2025-12-08,FAMILY,남성,28,28,41,2496990,1.0
2025-12-08,FAMILY,여성,4,4,4,324580,1.0
2025-12-08,FAMILY,패딩/슬림다운,1,1,1,66000,1.0
2025-12-08,SILVER,남성,5,5,9,1192130,1.0
2025-12-08,SILVER,등산화,1,1,1,87300,1.0
2025-12-09,FAMILY,남성,32,32,43,2677830,1.0
2025-12-09,FAMILY,여성,4,4,6,839300,1.0
2025-12-09,FAMILY,부츠,1,1,1,148500,1.0
2025-12-09,FAMILY,셋업,1,1,1,126260,1.0
2025-12-09,FAMILY,등산화,1,1,1,99500,1.0
2025-12-09,FAMILY,패딩/슬림다운,1,1,1,87550,1.0
2025-12-09,GOLD,남성,1,1,2,90660,1.0
2025-12-09,GOLD,셋업,1,1,1,83510,1.0
2025-12-09,GOLD,라운드티,1,1,1,32850,1.0
2025-12-09,SILVER,남성,1,1,1,40070,1.0
2025-12-09,TITANIUM,남성,1,1,5,695000,1.0
2025-12-10,FAMILY,남성,18,18,25,1716750,1.0
2025-12-10,FAMILY,여성,3,3,4,502500,1.0
2025-12-10,FAMILY,긴바지,1,1,1,45880,1.0
2025-12-10,FAMILY,라운드티,1,1,1,35000,1.0
2025-12-10,FAMILY,장갑,1,1,1,23270,1.0
2025-12-10,GOLD,셋업,1,1,2,270400,1.0
2025-12-10,GOLD,남성,1,1,1,135200,1.0
2025-12-10,SILVER,남성,2,2,9,359690,1.0
2025-12-10,SILVER,긴바지,1,1,1,45610,1.0
2025-12-10,TITANIUM,남성,1,1,1,87400,1.0
2025-12-11,FAMILY,남성,16,16,19,1299060,1.0
2025-12-11,FAMILY,여성,6,6,6,350220,1.0
2025-12-11,FAMILY,다운/ 패딩,1,1,1,156410,1.0
2025-12-11,FAMILY,바람막이,1,1,1,129500,1.0
2025-12-11,FAMILY,패딩/슬림다운,1,1,1,81000,1.0
2025-12-11,FAMILY,긴바지,1,1,1,47000,1.0
2025-12-11,FAMILY,맨투맨/후드티,1,1,1,46410,1.0
2025-12-11,FAMILY,라운드티,1,1,1,20510,1.0
2025-12-11,SILVER,남성,6,6,7,1179790,1.0
2025-12-11,SILVER,등산화,1,1,1,151300,1.0
2025-12-12,FAMILY,남성,32,32,39,4263760,1.0
2025-12-12,FAMILY,여성,3,3,3,339070,1.0
2025-12-12,FAMILY,액세서리,1,1,1,22300,1.0
2025-12-12,FAMILY,볼캡,1,1,1,18000,1.0
2025-12-12,GOLD,남성,6,4,10,2000820,0.6666666666666666
2025-12-12,GOLD,여성,2,2,2,130410,1.0
2025-12-12,GOLD,볼캡,1,1,1,45000,1.0
2025-12-12,SILVER,남성,20,17,35,5890990,0.85
2025-12-12,SILVER,여성,3,3,5,1226770,1.0
2025-12-13,FAMILY,남성,24,23,32,1861170,0.9583333333333334
2025-12-13,FAMILY,여성,4,4,6,433660,1.0
2025-12-13,FAMILY,등산화,2,2,2,190800,1.0
2025-12-13,FAMILY,볼캡,1,1,1,35060,1.0
2025-12-13,FAMILY,셋업,1,1,1,25100,1.0
2025-12-13,SILVER,남성,2,2,5,809870,1.0
2025-12-14,FAMILY,남성,26,26,31,1878690,1.0
2025-12-14,FAMILY,여성,2,2,2,478660,1.0
2025-12-14,FAMILY,등산화,1,1,1,132300,1.0
2025-12-14,FAMILY,라운드티,2,2,2,68710,1.0
2025-12-14,FAMILY,셋업,1,1,1,30800,1.0
2025-12-14,FAMILY,장갑,1,1,1,27070,1.0
2025-12-14,GOLD,다운/ 패딩,1,1,1,160120,1.0
2025-12-14,GOLD,등산화,1,1,1,146980,1.0
2025-12-14,GOLD,여성,1,1,2,88400,1.0
2025-12-14,GOLD,남성,1,1,1,83140,1.0
2025-12-14,SILVER,남성,8,8,11,1341450,1.0
2025-12-14,SILVER,여성,1,1,1,462800,1.0
2025-12-14,SILVER,셋업,1,1,1,134530,1.0
2025-12-14,SILVER,맨투맨/후드티,1,1,1,24500,1.0
2025-12-14,TITANIUM,남성,1,1,2,268300,1.0
2025-12-14,TITANIUM,여성,1,1,1,155000,1.0
2025-12-14,TITANIUM,상의,1,1,1,65000,1.0
2025-12-15,FAMILY,남성,45,44,65,4068020,0.9777777777777777
2025-12-15,FAMILY,여성,4,4,5,695810,1.0
2025-12-15,FAMILY,셋업,10,10,11,599100,1.0
2025-12-15,FAMILY,맨투맨/후드티,9,9,10,470730,1.0
2025-12-15,FAMILY,긴바지,7,7,8,260780,1.0
2025-12-15,FAMILY,자켓/ 베스트,5,5,5,190140,1.0
2025-12-15,FAMILY,장갑,2,2,2,77920,1.0
2025-12-15,FAMILY,상의,2,2,2,75350,1.0
2025-12-15,FAMILY,UNKNOWN,1,1,1,31800,1.0
2025-12-15,FAMILY,라운드티,1,1,1,27390,1.0
2025-12-15,GOLD,셋업,1,1,3,239860,1.0
2025-12-15,GOLD,자켓/베스트,1,1,2,126860,1.0
2025-12-15,GOLD,여성,1,1,2,126780,1.0
2025-12-15,GOLD,남성,1,1,3,105400,1.0
2025-12-15,GOLD,자켓/ 베스트,1,1,1,79290,1.0
2025-12-15,GOLD,장갑,1,1,1,59000,1.0
2025-12-15,SILVER,남성,14,14,30,3907630,1.0
2025-12-15,SILVER,셋업,3,3,3,140180,1.0
2025-12-15,SILVER,자켓/베스트,1,1,1,82480,1.0
2025-12-15,SILVER,상의,1,1,1,47860,1.0
2025-12-15,SILVER,맨투맨/후드티,1,1,1,40820,1.0
2025-12-15,SILVER,자켓/ 베스트,1,1,1,39070,1.0
2025-12-15,SILVER,긴바지,1,1,1,34190,1.0
2025-12-15,SILVER,볼캡,1,1,2,29920,1.0
2025-12-15,SILVER,여성,1,1,1,29000,1.0
2025-12-15,TITANIUM,남성,1,1,2,71200,1.0
2025-12-15,TITANIUM,긴바지,1,1,2,35000,1.0
2025-12-16,FAMILY,남성,20,20,24,1219230,1.0
2025-12-16,FAMILY,여성,10,10,10,930440,1.0
2025-12-16,FAMILY,맨투맨/후드티,3,3,3,137460,1.0
2025-12-16,FAMILY,등산화,1,1,1,74500,1.0
2025-12-16,FAMILY,자켓/베스트,1,1,1,59850,1.0
2025-12-16,FAMILY,상의,1,1,1,47670,1.0
2025-12-16,FAMILY,자켓/ 베스트,1,1,1,38000,1.0
2025-12-16,FAMILY,셋업,1,1,1,31000,1.0
2025-12-16,FAMILY,긴바지,1,1,1,30650,1.0
2025-12-16,FAMILY,볼캡,1,1,1,27500,1.0
2025-12-16,GOLD,여성,1,1,1,527200,1.0
2025-12-16,GOLD,남성,2,2,3,268970,1.0
2025-12-16,SILVER,남성,7,6,9,1402130,0.8571428571428571
2025-12-16,SILVER,여성,1,1,1,519490,1.0
2025-12-16,SILVER,미드/롱다운,1,1,1,155030,1.0
2025-12-16,SILVER,상의,1,1,1,46320,1.0
2025-12-16,SILVER,맨투맨/후드티,1,1,1,46320,1.0
2025-12-16,SILVER,볼캡,1,1,1,35820,1.0
2025-12-17,FAMILY,남성,21,21,54,8482170,1.0
2025-12-17,FAMILY,등산화,3,3,3,347320,1.0
2025-12-17,FAMILY,여성,2,2,3,344030,1.0
2025-12-17,FAMILY,미드/롱다운,1,1,2,324000,1.0
2025-12-17,FAMILY,셋업,4,4,4,165060,1.0
2025-12-17,FAMILY,볼캡,4,4,4,131440,1.0
2025-12-17,FAMILY,바람막이,1,1,1,124000,1.0
2025-12-17,FAMILY,맨투맨/후드티,1,1,2,96580,1.0
2025-12-17,FAMILY,장갑,1,1,1,50340,1.0
2025-12-17,FAMILY,자켓/ 베스트,1,1,1,39420,1.0
2025-12-17,FAMILY,UNKNOWN,1,1,1,39180,1.0
2025-12-17,FAMILY,라운드티,1,1,1,35000,1.0
2025-12-17,SILVER,남성,9,9,14,1409000,1.0
2025-12-17,SILVER,셋업,2,2,4,222360,1.0
2025-12-17,SILVER,미드/롱다운,1,1,1,215000,1.0
2025-12-17,SILVER,긴바지,3,3,4,184540,1.0
2025-12-17,SILVER,맨투맨/후드티,2,2,2,98000,1.0
2025-12-17,SILVER,여성,1,1,1,51040,1.0
2025-12-18,FAMILY,남성,21,21,27,1654850,1.0
2025-12-18,FAMILY,여성,4,4,6,358750,1.0
2025-12-18,FAMILY,자켓/ 베스트,6,6,7,268260,1.0
2025-12-18,FAMILY,미드/롱다운,1,1,1,161220,1.0
2025-12-18,FAMILY,맨투맨/후드티,3,3,3,144580,1.0
2025-12-18,FAMILY,바람막이,1,1,1,129000,1.0
2025-12-18,FAMILY,폴로티/집업,1,1,1,59000,1.0
2025-12-18,FAMILY,라운드티,2,2,2,51010,1.0
2025-12-18,FAMILY,장갑,1,1,1,42010,1.0
2025-12-18,FAMILY,볼캡,2,2,2,40650,1.0
2025-12-18,FAMILY,셋업,1,1,1,26770,1.0
2025-12-18,FAMILY,긴바지,1,1,1,25000,1.0
2025-12-18,GOLD,여성,1,1,2,113790,1.0
2025-12-18,GOLD,라운드티,1,1,1,29950,1.0
2025-12-18,SILVER,자켓/베스트,2,1,6,502000,0.5
2025-12-18,SILVER,남성,3,3,4,314390,1.0
2025-12-18,SILVER,여성,1,1,1,229340,1.0
2025-12-18,SILVER,셋업,1,1,1,106770,1.0
2025-12-18,SILVER,자켓/ 베스트,1,1,1,37610,1.0
2025-12-18,SILVER,볼캡,1,1,1,37000,1.0
2025-12-19,FAMILY,남성,19,19,22,1710860,1.0
2025-12-19,FAMILY,다운/ 패딩,1,1,1,163720,1.0
2025-12-19,FAMILY,여성,1,1,1,60320,1.0
2025-12-19,FAMILY,셔츠,1,1,1,34500,1.0
2025-12-19,FAMILY,셋업,1,1,1,25610,1.0
2025-12-19,GOLD,남성,5,4,8,1096040,0.8
2025-12-19,SILVER,남성,4,4,6,1059210,1.0
2025-12-19,SILVER,여성,3,3,4,878470,1.0
2025-12-19,SILVER,다운/ 패딩,1,1,1,167000,1.0
2025-12-19,SILVER,셋업,2,2,2,112650,1.0
2025-12-19,SILVER,맨투맨/후드티,1,1,2,98000,1.0
2025-12-19,SILVER,자켓/ 베스트,2,2,2,67330,1.0
2025-12-19,SILVER,볼캡,1,1,1,27920,1.0
2025-12-20,FAMILY,남성,14,14,19,952350,1.0
2025-12-20,FAMILY,다운/ 패딩,1,1,1,165790,1.0
2025-12-20,FAMILY,미드/롱다운,1,1,1,162660,1.0
2025-12-20,FAMILY,긴바지,3,3,3,148130,1.0
2025-12-20,FAMILY,맨투맨/후드티,2,2,3,146540,1.0
2025-12-20,FAMILY,자켓/ 베스트,3,3,3,118180,1.0
2025-12-20,FAMILY,여성,1,1,1,89000,1.0
2025-12-20,FAMILY,자켓/베스트,1,1,1,57000,1.0
2025-12-20,GOLD,남성,1,1,1,83960,1.0
2025-12-20,SILVER,남성,2,2,3,429740,1.0
2025-12-20,SILVER,바람막이,1,1,1,86570,1.0
2025-12-21,FAMILY,남성,34,34,47,2656590,1.0
2025-12-21,FAMILY,여성,6,6,6,984980,1.0
2025-12-21,FAMILY,부츠,2,1,2,228400,0.5
2025-12-21,FAMILY,다운/ 패딩,1,1,1,158000,1.0
2025-12-21,FAMILY,자켓/ 베스트,3,3,3,140080,1.0
2025-12-21,FAMILY,셋업,1,1,1,72310,1.0
2025-12-21,FAMILY,볼캡,2,2,2,61200,1.0
2025-12-21,FAMILY,자켓/베스트,1,1,1,59000,1.0
2025-12-21,FAMILY,맨투맨/후드티,1,1,1,49000,1.0
2025-12-21,GOLD,남성,1,1,5,745000,1.0
2025-12-21,SILVER,남성,2,2,4,115810,1.0
2025-12-21,TITANIUM,남성,1,1,1,83200,1.0
2025-12-22,FAMILY,남성,28,27,36,2053880,0.9642857142857143
2025-12-22,FAMILY,여성,4,4,5,500950,1.0
2025-12-22,FAMILY,자켓/ 베스트,3,3,3,187750,1.0
2025-12-22,FAMILY,바람막이,1,1,2,180600,1.0
2025-12-22,FAMILY,맨투맨/후드티,2,2,2,89430,1.0
2025-12-22,FAMILY,셋업,1,1,1,71550,1.0
2025-12-22,FAMILY,셔츠,1,1,1,60970,1.0
2025-12-22,FAMILY,긴바지,1,1,1,20770,1.0
2025-12-22,GOLD,남성,1,1,1,99000,1.0
2025-12-22,SILVER,여성,2,2,3,173680,1.0
2025-12-22,SILVER,남성,1,1,1,43830,1.0
2025-12-22,TITANIUM,남성,1,1,20,2384000,1.0
2025-12-23,FAMILY,남성,33,33,43,2115110,1.0
2025-12-23,FAMILY,여성,9,9,10,610300,1.0
2025-12-23,FAMILY,셋업,5,5,6,194180,1.0
2025-12-23,FAMILY,다운/ 패딩,1,1,1,166800,1.0
2025-12-23,FAMILY,부츠,1,1,1,83000,1.0
2025-12-23,FAMILY,자켓/ 베스트,1,1,1,40000,1.0
2025-12-23,FAMILY,볼캡,1,1,1,35260,1.0
2025-12-23,GOLD,남성,2,2,2,361000,1.0
2025-12-23,SILVER,남성,7,5,13,724990,0.7142857142857143
2025-12-23,SILVER,미드/롱다운,1,1,1,210700,1.0
2025-12-23,SILVER,다운/ 패딩,1,1,1,164000,1.0
2025-12-23,SILVER,자켓/ 베스트,2,2,2,141390,1.0
2025-12-23,SILVER,셋업,1,1,1,124730,1.0
2025-12-23,SILVER,여성,3,3,3,115200,1.0
2025-12-23,SILVER,자켓/베스트,1,1,1,82490,1.0
2025-12-23,SILVER,맨투맨/후드티,1,1,1,49000,1.0
2025-12-23,SILVER,버킷/부니,1,1,1,37570,1.0
2025-12-24,FAMILY,남성,17,17,42,10671760,1.0
2025-12-24,FAMILY,여성,4,4,5,365650,1.0
2025-12-24,FAMILY,라운드티,2,2,3,102680,1.0
2025-12-24,FAMILY,볼캡,2,2,2,62630,1.0
2025-12-24,FAMILY,상의,1,1,1,47000,1.0
2025-12-24,FAMILY,자켓/ 베스트,1,1,1,32480,1.0
2025-12-24,FAMILY,장갑,1,1,1,25670,1.0
2025-12-24,SILVER,남성,9,8,15,1629130,0.8888888888888888
2025-12-24,SILVER,여성,1,1,2,306300,1.0
2025-12-24,SILVER,미드/롱다운,1,1,1,215000,1.0
2025-12-24,SILVER,긴바지,1,1,1,82610,1.0
2025-12-24,SILVER,맨투맨/후드티,1,1,1,44430,1.0
2025-12-25,FAMILY,남성,20,20,24,1306380,1.0
2025-12-25,FAMILY,여성,6,6,7,457830,1.0
2025-12-25,FAMILY,등산화,1,1,1,127200,1.0
2025-12-25,FAMILY,상의,2,2,2,90580,1.0
2025-12-25,FAMILY,맨투맨/후드티,1,1,1,39000,1.0
2025-12-25,FAMILY,볼캡,1,1,1,35300,1.0
2025-12-25,FAMILY,자켓/ 베스트,1,1,1,30000,1.0
2025-12-25,FAMILY,UNKNOWN,1,1,1,29000,1.0
2025-12-25,GOLD,남성,1,1,2,17000,1.0
2025-12-25,SILVER,남성,4,4,6,499310,1.0
2025-12-25,SILVER,여성,1,1,1,109520,1.0
2025-12-25,SILVER,상의,1,1,2,98000,1.0
2025-12-25,SILVER,맨투맨/후드티,1,1,1,24500,1.0
2025-12-25,SILVER,UNKNOWN,1,1,1,12380,1.0
2025-12-26,FAMILY,남성,34,34,54,3188360,1.0
2025-12-26,FAMILY,여성,7,7,10,747780,1.0
2025-12-26,FAMILY,셋업,3,3,3,194740,1.0
2025-12-26,FAMILY,자켓/ 베스트,2,2,2,109100,1.0
2025-12-26,FAMILY,볼캡,2,2,3,101600,1.0
2025-12-26,FAMILY,등산화,1,1,1,99500,1.0
2025-12-26,FAMILY,상의,2,2,2,88280,1.0
2025-12-26,FAMILY,자켓/베스트,1,1,1,80690,1.0
2025-12-26,FAMILY,맨투맨/후드티,1,1,1,49000,1.0
2025-12-26,FAMILY,긴바지,1,1,1,33770,1.0
2025-12-26,FAMILY,장갑,1,1,1,27420,1.0
2025-12-26,GOLD,여성,1,1,1,527200,1.0
2025-12-26,GOLD,다운/ 패딩,1,1,1,154710,1.0
2025-12-26,SILVER,남성,9,9,13,909550,1.0
2025-12-26,SILVER,셋업,1,1,1,163940,1.0
2025-12-26,SILVER,맨투맨/후드티,2,2,2,86420,1.0
2025-12-26,SILVER,여성,1,1,1,61080,1.0
2025-12-26,TITANIUM,볼캡,1,1,2,68120,1.0
2025-12-27,FAMILY,남성,20,20,27,1671920,1.0
2025-12-27,FAMILY,자켓/ 베스트,3,3,3,213300,1.0
2025-12-27,FAMILY,셋업,1,1,1,90990,1.0
2025-12-27,FAMILY,긴바지,2,2,2,74000,1.0
2025-12-27,FAMILY,상의,1,1,1,43800,1.0
2025-12-27,FAMILY,장갑,1,1,1,27850,1.0
2025-12-27,GOLD,남성,1,1,1,110450,1.0
2025-12-27,SILVER,남성,10,10,13,1048110,1.0
2025-12-27,SILVER,여성,2,2,2,236280,1.0
2025-12-27,SILVER,자켓/ 베스트,2,2,2,114200,1.0
2025-12-27,TITANIUM,남성,1,1,1,140770,1.0
2025-12-28,FAMILY,남성,28,28,37,2056000,1.0
2025-12-28,FAMILY,여성,4,4,4,273640,1.0
2025-12-28,FAMILY,긴바지,1,1,1,37000,1.0
2025-12-28,GOLD,남성,1,1,3,496400,1.0
2025-12-28,SILVER,남성,3,3,6,386950,1.0
2025-12-28,SILVER,여성,1,1,1,263300,1.0
2025-12-28,SILVER,다운/ 패딩,1,1,1,167000,1.0
2025-12-28,SILVER,상의,1,1,1,44910,1.0
2025-12-29,FAMILY,남성,19,19,22,1569310,1.0
2025-12-29,FAMILY,여성,4,4,5,419010,1.0
2025-12-29,FAMILY,다운/ 패딩,2,2,2,297500,1.0
2025-12-29,FAMILY,셋업,1,1,1,130820,1.0
2025-12-29,FAMILY,라운드티,1,1,1,18920,1.0
2025-12-29,GOLD,남성,1,1,2,118000,1.0
2025-12-29,SILVER,남성,6,5,8,550300,0.8333333333333334
2025-12-29,SILVER,여성,2,2,3,244040,1.0
2025-12-29,SILVER,다운/ 패딩,1,1,1,156660,1.0
2025-12-30,FAMILY,남성,18,17,25,1478010,0.9444444444444444
2025-12-30,FAMILY,여성,4,4,4,532100,1.0
2025-12-30,FAMILY,셋업,1,1,1,99500,1.0
2025-12-30,FAMILY,등산화,1,1,1,91850,1.0
2025-12-30,FAMILY,라운드티,1,1,1,35000,1.0
2025-12-30,GOLD,여성,2,2,2,305790,1.0
2025-12-30,GOLD,다운/ 패딩,1,1,1,167000,1.0
2025-12-30,SILVER,남성,7,7,8,1352020,1.0
2025-12-31,FAMILY,남성,34,34,42,2633600,1.0
2025-12-31,FAMILY,바람막이,10,1,10,645000,0.1
2025-12-31,FAMILY,여성,5,5,6,523500,1.0
2025-12-31,FAMILY,등산화,1,1,1,122040,1.0
2025-12-31,FAMILY,맨투맨/후드티,2,2,2,114230,1.0
2025-12-31,FAMILY,상의,1,1,1,53000,1.0
2025-12-31,GOLD,남성,3,2,3,352150,0.6666666666666666
2025-12-31,GOLD,셋업,1,1,1,84230,1.0
2025-12-31,SILVER,남성,9,9,20,1788560,1.0
2025-12-31,SILVER,인터체인지 (3 in 1),1,1,1,393710,1.0
2025-12-31,SILVER,여성,3,3,3,355340,1.0
2025-12-31,SILVER,셔츠,1,1,1,79780,1.0
2026-01-01,FAMILY,남성,22,22,26,1947590,1.0
2026-01-01,FAMILY,여성,5,5,5,298990,1.0
2026-01-01,FAMILY,다운/ 패딩,1,1,1,167000,1.0
2026-01-01,FAMILY,자켓/ 베스트,1,1,1,106240,1.0
2026-01-01,FAMILY,자켓/베스트,1,1,1,101000,1.0
2026-01-01,FAMILY,상의,1,1,1,64190,1.0
2026-01-01,FAMILY,볼캡,1,1,1,43050,1.0
2026-01-01,SILVER,남성,2,2,3,158680,1.0
2026-01-01,TITANIUM,남성,1,1,1,167200,1.0
2026-01-01,TITANIUM,여성,1,1,1,67870,1.0
2026-01-02,FAMILY,남성,23,23,29,2887070,1.0
2026-01-02,FAMILY,여성,2,2,2,49320,1.0
2026-01-02,FAMILY,맨투맨/후드티,1,1,1,49000,1.0
2026-01-02,SILVER,남성,3,3,4,1093940,1.0
2026-01-02,SILVER,여성,4,4,4,797060,1.0
2026-01-03,FAMILY,남성,16,16,23,1187530,1.0
2026-01-03,FAMILY,여성,3,3,3,190370,1.0
2026-01-03,FAMILY,자켓/ 베스트,1,1,1,111000,1.0
2026-01-03,FAMILY,셋업,1,1,1,109690,1.0
2026-01-03,GOLD,셋업,1,1,1,89000,1.0
2026-01-03,SILVER,남성,3,3,5,285690,1.0
2026-01-04,FAMILY,남성,19,18,23,1415090,0.9473684210526315
2026-01-04,FAMILY,여성,5,4,6,436430,0.8
2026-01-04,FAMILY,자켓/ 베스트,2,2,2,155680,1.0
2026-01-04,SILVER,셋업,1,1,3,324970,1.0
2026-01-04,SILVER,남성,2,2,2,235170,1.0
2026-01-04,SILVER,여성,1,1,1,93770,1.0
2026-01-05,FAMILY,남성,17,17,22,1998220,1.0
2026-01-05,FAMILY,여성,2,2,2,106930,1.0
2026-01-05,FAMILY,자켓/ 베스트,1,1,1,71000,1.0
2026-01-05,FAMILY,장갑,1,1,1,25940,1.0
2026-01-05,SILVER,남성,2,2,5,232550,1.0
2026-01-05,TITANIUM,남성,1,1,3,454480,1.0
2026-01-06,FAMILY,남성,20,20,24,1847660,1.0
2026-01-06,FAMILY,여성,9,9,9,1348920,1.0
2026-01-06,FAMILY,셋업,1,1,1,169710,1.0
2026-01-06,FAMILY,맨투맨/후드티,2,2,2,88920,1.0
2026-01-06,FAMILY,액세서리,2,2,4,24940,1.0
2026-01-06,SILVER,여성,1,1,3,215220,1.0
2026-01-06,SILVER,상의,1,1,1,65000,1.0
2026-01-06,SILVER,남성,2,2,2,38880,1.0
2026-01-06,SILVER,UNKNOWN,1,1,1,11810,1.0
2026-01-06,TITANIUM,셋업,1,1,1,89000,1.0
2026-01-07,FAMILY,남성,18,18,22,1136200,1.0
2026-01-07,FAMILY,여성,3,3,7,461900,1.0
2026-01-07,FAMILY,맨투맨/후드티,2,2,2,112310,1.0
2026-01-07,FAMILY,등산화,1,1,1,97140,1.0
2026-01-07,FAMILY,자켓/ 베스트,1,1,1,38390,1.0
2026-01-07,FAMILY,액세서리,1,1,1,8620,1.0
2026-01-07,GOLD,남성,1,1,2,504570,1.0
2026-01-07,GOLD,셋업,1,1,1,89000,1.0
2026-01-07,SILVER,남성,1,1,2,38440,1.0
2026-01-08,FAMILY,남성,25,20,28,2166900,0.8
2026-01-08,FAMILY,여성,1,1,1,104500,1.0
2026-01-08,FAMILY,셋업,2,2,2,80000,1.0
2026-01-08,FAMILY,액세서리,2,2,5,34930,1.0
2026-01-08,FAMILY,장갑,1,1,1,25720,1.0
2026-01-08,GOLD,남성,2,2,5,679960,1.0
2026-01-08,SILVER,남성,3,3,4,252210,1.0
2026-01-08,SILVER,여성,2,2,2,97000,1.0
2026-01-08,TITANIUM,남성,1,1,1,75400,1.0
2026-01-09,FAMILY,남성,35,35,58,3610910,1.0
2026-01-09,FAMILY,여성,7,7,7,830110,1.0
2026-01-09,FAMILY,긴바지,2,2,2,129200,1.0
2026-01-09,FAMILY,셔츠,1,1,1,48990,1.0
2026-01-09,FAMILY,셋업,1,1,1,39310,1.0
2026-01-09,FAMILY,액세서리,3,3,4,33990,1.0
2026-01-09,FAMILY,라운드티,1,1,1,26320,1.0
2026-01-09,GOLD,남성,1,1,1,156000,1.0
2026-01-09,SILVER,여성,3,3,4,233110,1.0
2026-01-09,SILVER,남성,1,1,1,26200,1.0
2026-01-09,TITANIUM,남성,2,2,5,545320,1.0
2026-01-10,FAMILY,남성,15,15,20,1419250,1.0
2026-01-10,FAMILY,여성,3,3,3,288160,1.0
2026-01-10,FAMILY,자켓/ 베스트,1,1,1,97000,1.0
2026-01-10,FAMILY,볼캡,1,1,1,35850,1.0
2026-01-10,FAMILY,액세서리,2,2,4,35000,1.0
2026-01-10,TITANIUM,남성,1,1,1,50330,1.0
2026-01-11,FAMILY,남성,23,23,28,1730450,1.0
2026-01-11,FAMILY,여성,3,3,3,966510,1.0
2026-01-11,FAMILY,맨투맨/후드티,2,2,2,114290,1.0
2026-01-11,FAMILY,패딩/슬림다운,1,1,1,79320,1.0
2026-01-11,FAMILY,액세서리,1,1,1,6720,1.0
2026-01-12,FAMILY,남성,19,19,19,1609610,1.0
2026-01-12,FAMILY,여성,3,3,3,216160,1.0
2026-01-12,FAMILY,등산화,1,1,1,134500,1.0
2026-01-12,FAMILY,자켓/베스트,1,1,1,49050,1.0
2026-01-12,FAMILY,액세서리,2,2,4,36000,1.0
2026-01-12,SILVER,남성,5,4,6,829890,0.8
2026-01-12,SILVER,여성,1,1,1,31600,1.0
2026-01-13,FAMILY,남성,10,10,15,1014500,1.0
2026-01-13,FAMILY,등산화,1,1,1,122100,1.0
2026-01-13,FAMILY,셋업,1,1,1,89000,1.0
2026-01-13,FAMILY,여성,1,1,1,28400,1.0
2026-01-13,FAMILY,액세서리,1,1,1,8250,1.0
2026-01-13,SILVER,셋업,1,1,2,186470,1.0
2026-01-14,FAMILY,남성,21,20,28,1879750,0.9523809523809523
2026-01-14,FAMILY,여성,3,3,5,498000,1.0
2026-01-14,FAMILY,등산화,2,2,2,228870,1.0
2026-01-14,FAMILY,자켓/ 베스트,1,1,1,49890,1.0
2026-01-14,FAMILY,장갑,1,1,1,49000,1.0
2026-01-14,SILVER,남성,2,2,3,293000,1.0
2026-01-14,SILVER,버킷/부니,1,1,1,32200,1.0
2026-01-15,FAMILY,남성,14,13,15,976850,0.9285714285714286
2026-01-15,FAMILY,여성,3,3,3,177470,1.0
2026-01-15,FAMILY,셋업,1,1,1,109580,1.0
2026-01-15,FAMILY,액세서리,1,1,1,8430,1.0
2026-01-15,SILVER,남성,3,3,4,266870,1.0
2026-01-15,SILVER,여성,1,1,2,140150,1.0
2026-01-15,SILVER,상의,1,1,1,59850,1.0
2026-01-15,TITANIUM,남성,1,1,1,67150,1.0
2026-01-16,FAMILY,남성,6,6,6,382290,1.0
2026-01-16,FAMILY,부츠,1,1,1,100940,1.0
2026-01-16,FAMILY,패딩/슬림다운,1,1,1,86090,1.0
2026-01-16,FAMILY,여성,1,1,1,80200,1.0
2026-01-16,FAMILY,액세서리,1,1,4,30570,1.0
2026-01-16,SILVER,남성,2,2,2,142190,1.0
2026-01-17,FAMILY,여성,6,6,8,1089250,1.0
2026-01-17,FAMILY,남성,10,10,10,626820,1.0
2026-01-17,FAMILY,부츠,1,1,1,111300,1.0
2026-01-17,FAMILY,셋업,1,1,1,89000,1.0
2026-01-17,FAMILY,액세서리,3,3,8,67860,1.0
2026-01-17,SILVER,액세서리,1,1,1,7400,1.0
2026-01-18,FAMILY,남성,12,12,19,1384970,1.0
2026-01-18,FAMILY,여성,3,3,3,282920,1.0
2026-01-18,FAMILY,액세서리,1,1,3,19330,1.0
2026-01-18,SILVER,남성,1,1,1,118300,1.0
2026-01-18,SILVER,셋업,1,1,1,111650,1.0
2026-01-19,FAMILY,남성,13,13,22,1632240,1.0
2026-01-19,FAMILY,여성,4,4,4,849190,1.0
2026-01-19,FAMILY,셋업,2,2,2,171360,1.0
2026-01-19,FAMILY,맨투맨/후드티,1,1,1,42690,1.0
2026-01-19,FAMILY,라운드티,1,1,1,29550,1.0
2026-01-19,FAMILY,액세서리,1,1,3,26560,1.0
2026-01-19,FAMILY,버킷/부니,1,1,1,24010,1.0
2026-01-19,GOLD,남성,1,1,2,211440,1.0
2026-01-19,GOLD,여성,1,1,2,177750,1.0
2026-01-19,SILVER,남성,5,5,6,303530,1.0
2026-01-19,SILVER,여성,2,2,3,169690,1.0
2026-01-19,TITANIUM,남성,1,1,1,16960,1.0
2026-01-20,FAMILY,남성,21,21,23,2633220,1.0
2026-01-20,FAMILY,여성,3,3,3,310900,1.0
2026-01-20,FAMILY,셋업,1,1,1,107510,1.0
2026-01-20,FAMILY,UNKNOWN,1,1,1,39360,1.0
2026-01-20,SILVER,남성,4,4,5,328220,1.0
2026-01-20,SILVER,여성,1,1,1,63930,1.0
2026-01-21,FAMILY,남성,12,12,20,1350120,1.0
2026-01-21,FAMILY,여성,5,5,8,505210,1.0
2026-01-21,FAMILY,다운/ 패딩,1,1,1,163120,1.0
2026-01-21,FAMILY,맨투맨/후드티,1,1,1,41350,1.0
2026-01-21,FAMILY,액세서리,1,1,1,9000,1.0
2026-01-21,GOLD,남성,2,2,6,489290,1.0
2026-01-21,SILVER,남성,2,2,4,220900,1.0
2026-01-21,SILVER,등산화,1,1,1,137270,1.0
2026-01-22,FAMILY,남성,32,31,36,3277350,0.96875
2026-01-22,FAMILY,여성,2,2,2,234070,1.0
2026-01-22,FAMILY,긴바지,1,1,1,107000,1.0
2026-01-22,FAMILY,맨투맨/후드티,1,1,1,59000,1.0
2026-01-22,FAMILY,액세서리,3,3,3,26310,1.0
2026-01-22,GOLD,남성,1,1,1,68000,1.0
2026-01-22,SILVER,남성,4,4,7,277760,1.0
2026-01-22,SILVER,긴바지,1,1,1,42820,1.0
2026-01-23,FAMILY,남성,11,11,13,1040980,1.0
2026-01-23,FAMILY,여성,3,3,3,338130,1.0
2026-01-23,FAMILY,등산화,2,2,2,208910,1.0
2026-01-23,FAMILY,액세서리,1,1,2,13960,1.0
2026-01-23,GOLD,여성,1,1,1,226790,1.0
2026-01-23,GOLD,남성,1,1,2,220000,1.0
2026-01-23,SILVER,남성,1,1,1,111200,1.0
2026-01-23,SILVER,액세서리,1,1,3,23000,1.0
2026-01-23,SILVER,여성,1,1,1,21000,1.0
2026-01-24,FAMILY,남성,16,16,19,1262160,1.0
2026-01-24,FAMILY,여성,3,3,3,238040,1.0
2026-01-24,FAMILY,자켓/베스트,1,1,1,51600,1.0
2026-01-24,FAMILY,자켓/ 베스트,1,1,1,39930,1.0
2026-01-24,FAMILY,액세서리,1,1,4,36000,1.0
2026-01-24,SILVER,여성,1,1,2,1052400,1.0
2026-01-24,SILVER,남성,5,4,8,821880,0.8
2026-01-24,SILVER,셋업,1,1,1,144670,1.0
2026-01-24,SILVER,셔츠,1,1,1,78830,1.0
2026-01-24,SILVER,액세서리,1,1,2,18000,1.0
2026-01-25,FAMILY,남성,17,15,31,1638620,0.8823529411764706
2026-01-25,FAMILY,여성,2,2,2,206370,1.0
2026-01-25,FAMILY,등산화,1,1,1,130300,1.0
2026-01-25,FAMILY,맨투맨/후드티,1,1,1,49500,1.0
2026-01-25,FAMILY,액세서리,2,2,5,41660,1.0
2026-01-25,GOLD,여성,1,1,1,224820,1.0
2026-01-25,GOLD,남성,1,1,1,40000,1.0
2026-01-25,SILVER,남성,3,2,4,526490,0.6666666666666666
2026-01-26,FAMILY,남성,18,18,22,1966350,1.0
2026-01-26,FAMILY,여성,6,6,8,1454100,1.0
2026-01-26,FAMILY,등산화,2,2,2,246990,1.0
2026-01-26,FAMILY,자켓/ 베스트,1,1,1,46640,1.0
2026-01-26,FAMILY,셋업,1,1,1,41000,1.0
2026-01-26,FAMILY,액세서리,2,2,2,14670,1.0
2026-01-26,SILVER,여성,1,1,1,127600,1.0
2026-01-27,FAMILY,남성,15,15,18,1288170,1.0
2026-01-27,FAMILY,여성,4,4,5,690010,1.0
2026-01-27,FAMILY,다운/ 패딩,1,1,1,167000,1.0
2026-01-27,FAMILY,맨투맨/후드티,1,1,1,45360,1.0
2026-01-27,FAMILY,라운드티,1,1,1,22530,1.0
2026-01-27,FAMILY,액세서리,1,1,2,12230,1.0
2026-01-27,SILVER,남성,3,3,4,494000,1.0
2026-01-28,FAMILY,남성,18,18,31,1481720,1.0
2026-01-28,FAMILY,여성,3,3,4,356710,1.0
2026-01-28,FAMILY,자켓/ 베스트,1,1,1,94500,1.0
2026-01-28,FAMILY,셋업,1,1,1,87090,1.0
2026-01-28,FAMILY,라운드티,1,1,1,24980,1.0
2026-01-28,FAMILY,액세서리,1,1,1,7370,1.0
2026-01-28,GOLD,남성,1,1,1,109200,1.0
2026-01-28,SILVER,남성,1,1,1,37840,1.0
2026-01-29,FAMILY,남성,12,12,21,1356740,1.0
2026-01-29,FAMILY,여성,3,3,6,471000,1.0
2026-01-29,FAMILY,등산화,2,2,2,207800,1.0
2026-01-29,FAMILY,장갑,1,1,1,59000,1.0
2026-01-29,FAMILY,상의,1,1,1,54500,1.0
2026-01-29,FAMILY,라운드티,1,1,1,22910,1.0
2026-01-29,FAMILY,액세서리,1,1,1,8630,1.0
2026-01-29,GOLD,남성,1,1,1,86930,1.0
2026-01-29,SILVER,남성,2,2,7,371610,1.0
2026-01-29,SILVER,액세서리,1,1,1,9000,1.0
2026-01-30,FAMILY,남성,48,47,57,3014530,0.9791666666666666
2026-01-30,FAMILY,여성,6,6,8,591110,1.0
2026-01-30,FAMILY,다운/ 패딩,4,4,4,376770,1.0
2026-01-30,FAMILY,미드/롱다운,1,1,1,325000,1.0
2026-01-30,FAMILY,등산화,2,2,2,207930,1.0
2026-01-30,FAMILY,긴바지,4,4,5,170200,1.0
2026-01-30,FAMILY,패딩/슬림다운,2,2,2,118900,1.0
2026-01-30,FAMILY,맨투맨/후드티,2,2,2,97250,1.0
2026-01-30,FAMILY,라운드티,3,3,3,47500,1.0
2026-01-30,FAMILY,액세서리,5,5,10,45620,1.0
2026-01-30,FAMILY,볼캡,1,1,1,25000,1.0
2026-01-30,FAMILY,자켓/ 베스트,2,2,2,19578,1.0
2026-01-30,FAMILY,장갑,1,1,1,14660,1.0
2026-01-30,GOLD,남성,1,1,4,408080,1.0
2026-01-30,GOLD,맨투맨/후드티,1,1,1,57100,1.0
2026-01-30,SILVER,남성,3,3,4,275760,1.0
2026-01-30,SILVER,여성,1,1,1,117920,1.0
2026-01-30,TITANIUM,남성,1,1,2,272500,1.0
2026-01-31,FAMILY,남성,47,46,63,4182620,0.9787234042553191
2026-01-31,FAMILY,등산화,3,3,3,335290,1.0
2026-01-31,FAMILY,여성,3,3,3,295690,1.0
2026-01-31,FAMILY,패딩/슬림다운,2,2,2,119750,1.0
2026-01-31,FAMILY,셋업,1,1,1,113000,1.0
2026-01-31,FAMILY,자켓/ 베스트,6,6,6,96944,1.0
2026-01-31,FAMILY,맨투맨/후드티,2,2,2,92540,1.0
2026-01-31,FAMILY,액세서리,7,7,10,61730,1.0
2026-01-31,FAMILY,장갑,1,1,1,27060,1.0
2026-01-31,FAMILY,라운드티,1,1,1,17500,1.0
2026-01-31,FAMILY,UNKNOWN,1,1,1,7990,1.0
2026-01-31,GOLD,여성,1,1,2,275360,1.0
2026-01-31,GOLD,남성,1,1,4,81980,1.0
2026-01-31,SILVER,남성,3,3,5,422390,1.0
2026-01-31,SILVER,여성,1,1,2,267840,1.0
2026-01-31,SILVER,긴바지,1,1,2,87380,1.0
2026-01-31,SILVER,셔츠,1,1,1,67610,1.0
2026-01-31,TITANIUM,남성,1,1,3,107550,1.0
2026-01-31,TITANIUM,다운/ 패딩,1,1,1,106280,1.0
2026-01-31,TITANIUM,셔츠,1,1,1,79060,1.0
2026-02-01,FAMILY,남성,50,50,61,3035390,1.0
2026-02-01,FAMILY,다운/ 패딩,2,2,2,188440,1.0
2026-02-01,FAMILY,여성,4,4,4,95150,1.0
2026-02-01,FAMILY,액세서리,9,9,10,66010,1.0
2026-02-01,FAMILY,자켓/ 베스트,3,3,3,65947,1.0
2026-02-01,FAMILY,장갑,1,1,2,30610,1.0
2026-02-01,FAMILY,긴바지,1,1,1,27000,1.0
2026-02-01,FAMILY,라운드티,1,1,1,17940,1.0
2026-02-01,GOLD,남성,1,1,2,224340,1.0
2026-02-01,SILVER,남성,2,2,2,168720,1.0
2026-02-01,SILVER,자켓/베스트,1,1,1,157250,1.0
2026-02-01,SILVER,여성,1,1,1,60800,1.0
2026-02-01,SILVER,자켓/ 베스트,1,1,1,21149,1.0
2026-02-02,FAMILY,남성,30,30,36,2029930,1.0
2026-02-02,FAMILY,등산화,2,2,2,238550,1.0
2026-02-02,FAMILY,여성,4,4,4,185280,1.0
2026-02-02,FAMILY,자켓/ 베스트,4,4,4,105757,1.0
2026-02-02,FAMILY,긴바지,1,1,1,57210,1.0
2026-02-02,FAMILY,장갑,1,1,1,14500,1.0
2026-02-02,FAMILY,액세서리,1,1,1,4500,1.0
2026-02-02,GOLD,남성,1,1,1,95000,1.0
2026-02-02,SILVER,여성,2,2,2,451270,1.0
2026-02-02,SILVER,남성,2,2,3,131860,1.0
2026-02-02,TITANIUM,남성,1,1,1,142470,1.0
2026-02-03,FAMILY,남성,25,23,30,1807430,0.92
2026-02-03,FAMILY,여성,7,7,11,980790,1.0
2026-02-03,FAMILY,셋업,1,1,1,77760,1.0
2026-02-03,FAMILY,자켓/ 베스트,2,2,2,58648,1.0
2026-02-03,FAMILY,자켓/베스트,1,1,1,29500,1.0
2026-02-03,SILVER,여성,1,1,1,200000,1.0
2026-02-03,SILVER,남성,2,2,5,83580,1.0
2026-02-03,TITANIUM,남성,1,1,1,118300,1.0
2026-02-04,FAMILY,남성,25,25,29,2753200,1.0
2026-02-04,FAMILY,여성,3,3,3,396100,1.0
2026-02-04,FAMILY,다운/ 패딩,2,2,2,176610,1.0
2026-02-04,FAMILY,액세서리,6,6,8,50440,1.0
2026-02-04,FAMILY,라운드티,1,1,1,22180,1.0
2026-02-04,FAMILY,자켓/ 베스트,1,1,1,19749,1.0
2026-02-04,FAMILY,볼캡,1,1,1,15810,1.0
2026-02-04,GOLD,남성,1,1,2,87690,1.0
2026-02-04,SILVER,남성,4,4,6,277210,1.0
2026-02-05,FAMILY,남성,30,29,39,2634650,0.9666666666666667
2026-02-05,FAMILY,여성,4,4,4,264280,1.0
2026-02-05,FAMILY,패딩/슬림다운,1,1,1,85130,1.0
2026-02-05,FAMILY,긴바지,2,2,2,38080,1.0
2026-02-05,FAMILY,액세서리,3,3,7,36690,1.0
2026-02-05,FAMILY,맨투맨/후드티,1,1,1,33270,1.0
2026-02-05,FAMILY,상의,1,1,1,31560,1.0
2026-02-05,FAMILY,UNKNOWN,1,1,2,10000,1.0
2026-02-05,GOLD,남성,1,1,3,374800,1.0
2026-02-05,GOLD,다운/ 패딩,1,1,1,109350,1.0
2026-02-05,SILVER,다운/ 패딩,2,2,2,194200,1.0
2026-02-05,SILVER,남성,3,3,3,176550,1.0
2026-02-05,SILVER,셔츠,1,1,1,66930,1.0
2026-02-06,FAMILY,남성,52,52,65,2839997,1.0
2026-02-06,FAMILY,여성,9,9,9,754609,1.0
2026-02-06,FAMILY,자켓/ 베스트,4,4,4,263738,1.0
2026-02-06,FAMILY,등산화,1,1,1,180910,1.0
2026-02-06,FAMILY,바람막이,1,1,1,108620,1.0
2026-02-06,FAMILY,라운드티,2,2,3,74700,1.0
2026-02-06,FAMILY,볼캡,4,4,4,49850,1.0
2026-02-06,FAMILY,맨투맨/후드티,1,1,1,49500,1.0
2026-02-06,FAMILY,패딩/슬림다운,1,1,1,42250,1.0
2026-02-06,FAMILY,셔츠,1,1,1,41230,1.0
2026-02-06,FAMILY,상의,1,1,1,21800,1.0
2026-02-06,FAMILY,액세서리,4,4,6,19890,1.0
2026-02-06,FAMILY,버킷/부니,1,1,1,13000,1.0
2026-02-06,FAMILY,UNKNOWN,1,1,1,5040,1.0
2026-02-06,SILVER,남성,2,2,2,59370,1.0
2026-02-07,FAMILY,남성,17,17,29,2190600,1.0
2026-02-07,FAMILY,여성,5,5,13,1172570,1.0
2026-02-07,FAMILY,셋업,1,1,2,204000,1.0
2026-02-07,FAMILY,등산화,1,1,1,79500,1.0
2026-02-07,SILVER,긴바지,1,1,3,238800,1.0
2026-02-07,SILVER,자켓/베스트,1,1,1,70140,1.0
2026-02-07,SILVER,장갑,1,1,1,52980,1.0
2026-02-07,SILVER,여성,1,1,1,48170,1.0
2026-02-07,SILVER,남성,1,1,2,30000,1.0
2026-02-08,FAMILY,남성,25,25,28,1633830,1.0
2026-02-08,FAMILY,여성,4,4,4,141380,1.0
2026-02-08,FAMILY,셋업,1,1,1,74500,1.0
2026-02-08,FAMILY,긴바지,1,1,1,55600,1.0
2026-02-08,FAMILY,라운드티,1,1,1,19310,1.0
2026-02-08,FAMILY,자켓/ 베스트,1,1,1,15579,1.0
2026-02-08,FAMILY,볼캡,1,1,1,11880,1.0
2026-02-08,FAMILY,UNKNOWN,1,1,1,5040,1.0
2026-02-08,SILVER,여성,1,1,1,24500,1.0
2026-02-09,FAMILY,남성,23,22,34,1492160,0.9565217391304348
2026-02-09,FAMILY,여성,3,3,3,277720,1.0
2026-02-09,FAMILY,패딩/슬림다운,1,1,2,117420,1.0
2026-02-09,FAMILY,셋업,1,1,1,57720,1.0
2026-02-09,FAMILY,라운드티,2,2,2,43070,1.0
2026-02-09,FAMILY,긴바지,1,1,1,33260,1.0
2026-02-09,FAMILY,맨투맨/후드티,1,1,1,24750,1.0
2026-02-09,GOLD,남성,2,2,3,369500,1.0
2026-02-09,SILVER,남성,2,2,2,260330,1.0
2026-02-09,SILVER,셋업,2,2,2,154500,1.0
2026-02-10,FAMILY,남성,25,25,27,1992690,1.0
2026-02-10,FAMILY,여성,6,6,7,861840,1.0
2026-02-10,FAMILY,등산화,2,2,2,226130,1.0
2026-02-10,FAMILY,라운드티,3,3,4,69600,1.0
2026-02-10,FAMILY,맨투맨/후드티,1,1,1,49500,1.0
2026-02-10,FAMILY,자켓/ 베스트,1,1,1,26089,1.0
2026-02-10,FAMILY,긴바지,1,1,1,25410,1.0
2026-02-10,FAMILY,액세서리,2,2,3,10920,1.0
2026-02-10,FAMILY,볼캡,1,1,1,10880,1.0
2026-02-10,GOLD,남성,1,1,2,65860,1.0
2026-02-10,SILVER,남성,6,6,7,806770,1.0
2026-02-11,FAMILY,남성,27,27,35,1971670,1.0
2026-02-11,FAMILY,여성,4,4,6,542265,1.0
2026-02-11,FAMILY,셋업,3,3,3,301220,1.0
2026-02-11,FAMILY,등산화,1,1,1,99500,1.0
2026-02-11,FAMILY,자켓/ 베스트,2,2,3,74487,1.0
2026-02-11,FAMILY,다운/ 패딩,1,1,1,63840,1.0
2026-02-11,FAMILY,액세서리,3,3,13,40900,1.0
2026-02-11,FAMILY,맨투맨/후드티,1,1,1,40380,1.0
2026-02-11,SILVER,남성,2,2,4,283920,1.0
2026-02-11,SILVER,미드/롱다운,1,1,1,239500,1.0
2026-02-11,SILVER,여성,1,1,1,113600,1.0
2026-02-11,SILVER,다운/ 패딩,1,1,1,80270,1.0
2026-02-11,SILVER,자켓/ 베스트,1,1,1,25599,1.0
2026-02-11,SILVER,액세서리,1,1,1,4930,1.0
2026-02-12,FAMILY,남성,56,56,70,3506870,1.0
2026-02-12,FAMILY,여성,6,6,7,1055090,1.0
2026-02-12,FAMILY,등산화,3,3,3,271120,1.0
2026-02-12,FAMILY,다운/ 패딩,2,2,2,195300,1.0
2026-02-12,FAMILY,셔츠,2,2,2,116670,1.0
2026-02-12,FAMILY,자켓/ 베스트,5,5,5,92985,1.0
2026-02-12,FAMILY,긴바지,3,3,3,91740,1.0
2026-02-12,FAMILY,패딩/슬림다운,2,2,2,83700,1.0
2026-02-12,FAMILY,장갑,2,2,2,73320,1.0
2026-02-12,FAMILY,액세서리,7,7,16,64040,1.0
2026-02-12,FAMILY,자켓/베스트,1,1,1,60520,1.0
2026-02-12,FAMILY,라운드티,3,3,3,53070,1.0
2026-02-12,FAMILY,상의,1,1,1,39620,1.0
2026-02-12,FAMILY,볼캡,2,2,2,18570,1.0
2026-02-12,GOLD,여성,2,2,2,247300,1.0
2026-02-12,GOLD,남성,1,1,1,74140,1.0
2026-02-12,SILVER,남성,4,4,4,242480,1.0
2026-02-12,SILVER,패딩/슬림다운,1,1,1,62550,1.0
2026-02-12,SILVER,긴바지,1,1,1,19750,1.0
2026-02-13,FAMILY,남성,30,30,35,2110020,1.0
2026-02-13,FAMILY,여성,5,5,5,297880,1.0
2026-02-13,FAMILY,셋업,2,2,2,87770,1.0
2026-02-13,FAMILY,자켓/ 베스트,1,1,1,41010,1.0
2026-02-13,FAMILY,액세서리,1,1,4,23950,1.0
2026-02-13,FAMILY,볼캡,1,1,1,16880,1.0
2026-02-13,SILVER,남성,1,1,2,114340,1.0
2026-02-13,SILVER,등산화,1,1,1,72320,1.0
2026-02-13,SILVER,자켓/ 베스트,1,1,1,29639,1.0
2026-02-13,TITANIUM,남성,1,1,1,57400,1.0
2026-02-14,FAMILY,남성,136,136,175,7051096,1.0
2026-02-14,FAMILY,여성,21,21,24,1436410,1.0
2026-02-14,FAMILY,맨투맨/후드티,10,10,10,303990,1.0
2026-02-14,FAMILY,패딩/슬림다운,2,2,2,240090,1.0
2026-02-14,FAMILY,셔츠,4,4,4,169820,1.0
2026-02-14,FAMILY,자켓/ 베스트,6,6,6,167955,1.0
2026-02-14,FAMILY,셋업,2,2,2,129920,1.0
2026-02-14,FAMILY,액세서리,20,20,32,104440,1.0
2026-02-14,FAMILY,라운드티,5,5,5,101310,1.0
2026-02-14,FAMILY,등산화,1,1,1,97520,1.0
2026-02-14,FAMILY,부츠,1,1,1,82300,1.0
2026-02-14,FAMILY,자켓/베스트,1,1,1,64500,1.0
2026-02-14,FAMILY,볼캡,4,4,4,57800,1.0
2026-02-14,FAMILY,긴바지,2,2,2,34060,1.0
2026-02-14,FAMILY,UNKNOWN,2,2,2,33940,1.0
2026-02-14,FAMILY,상의,1,1,1,21800,1.0
2026-02-14,FAMILY,장갑,1,1,1,14500,1.0
2026-02-14,SILVER,남성,8,8,9,1075920,1.0
2026-02-14,SILVER,셋업,1,1,1,70560,1.0
2026-02-14,SILVER,여성,1,1,1,42790,1.0
2026-02-14,SILVER,상의,1,1,1,22540,1.0
2026-02-15,FAMILY,남성,48,47,54,2300030,0.9791666666666666
2026-02-15,FAMILY,여성,8,8,9,600180,1.0
2026-02-15,FAMILY,바람막이,2,2,2,219800,1.0
2026-02-15,FAMILY,등산화,1,1,1,134500,1.0
2026-02-15,FAMILY,액세서리,9,9,21,80890,1.0
2026-02-15,FAMILY,자켓/ 베스트,4,4,4,65886,1.0
2026-02-15,FAMILY,자켓/베스트,1,1,1,60860,1.0
2026-02-15,FAMILY,셔츠,1,1,1,54520,1.0
2026-02-15,FAMILY,맨투맨/후드티,1,1,1,27500,1.0
2026-02-15,FAMILY,상의,1,1,1,23600,1.0
2026-02-15,FAMILY,장갑,1,1,1,14500,1.0
2026-02-15,GOLD,남성,1,1,1,104080,1.0
2026-02-15,GOLD,셋업,1,1,1,68520,1.0
2026-02-15,SILVER,남성,2,2,3,313270,1.0
2026-02-15,SILVER,상의,1,1,2,64200,1.0
2026-02-15,SILVER,여성,1,1,1,57120,1.0
2026-02-16,FAMILY,남성,47,47,52,2315260,1.0
2026-02-16,FAMILY,여성,9,9,12,660750,1.0
2026-02-16,FAMILY,등산화,2,2,2,272370,1.0
2026-02-16,FAMILY,셋업,2,2,2,164200,1.0
2026-02-16,FAMILY,맨투맨/후드티,2,2,2,61530,1.0
2026-02-16,FAMILY,자켓/베스트,1,1,1,50970,1.0
2026-02-16,FAMILY,액세서리,3,3,6,18000,1.0
2026-02-16,FAMILY,자켓/ 베스트,1,1,1,15579,1.0
2026-02-16,FAMILY,라운드티,1,1,1,15280,1.0
2026-02-16,FAMILY,볼캡,1,1,1,7940,1.0
2026-02-16,SILVER,남성,5,5,5,344100,1.0
2026-02-16,SILVER,여성,2,2,2,150050,1.0
2026-02-16,SILVER,셋업,1,1,1,86340,1.0
2026-02-16,SILVER,자켓/베스트,1,1,1,77210,1.0
2026-02-16,SILVER,맨투맨/후드티,1,1,1,26010,1.0
2026-02-16,TITANIUM,남성,1,1,2,149760,1.0
2026-02-17,FAMILY,남성,129,129,174,4852090,1.0
2026-02-17,FAMILY,여성,19,19,21,1328920,1.0
2026-02-17,FAMILY,자켓/ 베스트,12,12,13,196267,1.0
2026-02-17,FAMILY,바람막이,2,2,2,196050,1.0
2026-02-17,FAMILY,맨투맨/후드티,7,7,7,187680,1.0
2026-02-17,FAMILY,긴바지,4,4,4,114910,1.0
2026-02-17,FAMILY,볼캡,3,3,4,81300,1.0
2026-02-17,FAMILY,UNKNOWN,3,3,6,67500,1.0
2026-02-17,FAMILY,셋업,1,1,1,66460,1.0
2026-02-17,FAMILY,라운드티,3,3,4,66270,1.0
2026-02-17,FAMILY,액세서리,9,9,15,46380,1.0
2026-02-17,FAMILY,상의,2,2,2,45400,1.0
2026-02-17,FAMILY,셔츠,1,1,1,40550,1.0
2026-02-17,FAMILY,장갑,1,1,1,35100,1.0
2026-02-17,SILVER,남성,7,6,9,291690,0.8571428571428571
2026-02-17,SILVER,등산화,1,1,1,126340,1.0
2026-02-17,SILVER,셋업,1,1,1,71500,1.0
2026-02-17,SILVER,라운드티,1,1,2,35760,1.0
2026-02-17,SILVER,부츠,1,1,1,34750,1.0
2026-02-17,SILVER,여성,1,1,1,14370,1.0
2026-02-18,FAMILY,남성,76,76,100,3522650,1.0
2026-02-18,FAMILY,여성,10,10,11,685040,1.0
2026-02-18,FAMILY,등산화,5,5,5,521550,1.0
2026-02-18,FAMILY,맨투맨/후드티,4,4,4,111250,1.0
2026-02-18,FAMILY,자켓/베스트,2,2,2,92600,1.0
2026-02-18,FAMILY,라운드티,4,4,4,70780,1.0
2026-02-18,FAMILY,자켓/ 베스트,4,4,4,56316,1.0
2026-02-18,FAMILY,셔츠,1,1,1,55530,1.0
2026-02-18,FAMILY,패딩/슬림다운,1,1,1,47050,1.0
2026-02-18,FAMILY,버킷/부니,2,2,3,40750,1.0
2026-02-18,FAMILY,상의,1,1,1,23600,1.0
2026-02-18,FAMILY,볼캡,2,2,2,16480,1.0
2026-02-18,FAMILY,긴바지,1,1,1,13830,1.0
2026-02-18,SILVER,남성,3,3,4,270280,1.0
2026-02-18,SILVER,여성,1,1,1,68700,1.0
2026-02-18,TITANIUM,남성,1,1,2,240000,1.0
2026-02-19,FAMILY,남성,70,70,104,3820670,1.0
2026-02-19,FAMILY,여성,7,7,11,663760,1.0
2026-02-19,FAMILY,셔츠,2,2,3,142900,1.0
2026-02-19,FAMILY,맨투맨/후드티,3,3,3,101520,1.0
2026-02-19,FAMILY,자켓/베스트,1,1,1,71890,1.0
2026-02-19,FAMILY,등산화,1,1,1,66000,1.0
2026-02-19,FAMILY,자켓/ 베스트,3,3,3,52397,1.0
2026-02-19,FAMILY,장갑,1,1,1,39000,1.0
2026-02-19,FAMILY,긴바지,1,1,1,19410,1.0
2026-02-19,FAMILY,볼캡,1,1,1,7800,1.0
2026-02-19,GOLD,남성,1,1,2,90930,1.0
2026-02-19,SILVER,남성,8,8,12,407550,1.0
2026-02-19,SILVER,여성,1,1,3,184730,1.0
2026-02-19,SILVER,긴바지,1,1,2,54460,1.0
2026-02-19,SILVER,맨투맨/후드티,1,1,1,40870,1.0
2026-02-19,SILVER,라운드티,1,1,1,27730,1.0
2026-02-20,FAMILY,남성,42,42,56,2396090,1.0
2026-02-20,FAMILY,여성,4,4,5,500440,1.0
2026-02-20,FAMILY,자켓/ 베스트,1,1,1,80370,1.0
2026-02-20,FAMILY,등산화,1,1,1,74000,1.0
2026-02-20,FAMILY,라운드티,2,2,2,42970,1.0
2026-02-20,FAMILY,맨투맨/후드티,1,1,1,24750,1.0
2026-02-20,FAMILY,상의,1,1,1,23600,1.0
2026-02-20,FAMILY,긴바지,1,1,1,13830,1.0
2026-02-20,FAMILY,볼캡,1,1,1,7800,1.0
2026-02-20,GOLD,남성,2,1,4,498600,0.5
2026-02-20,SILVER,남성,3,3,3,462470,1.0
2026-02-20,SILVER,셋업,1,1,2,183440,1.0
2026-02-20,SILVER,여성,1,1,1,49770,1.0
2026-02-20,SILVER,자켓/ 베스트,1,1,1,16749,1.0
2026-02-20,TITANIUM,남성,1,1,1,250900,1.0
2026-02-21,FAMILY,남성,42,41,56,3134870,0.9761904761904762
2026-02-21,FAMILY,등산화,2,2,2,189000,1.0
2026-02-21,FAMILY,맨투맨/후드티,6,6,6,175030,1.0
2026-02-21,FAMILY,여성,3,3,3,155430,1.0
2026-02-21,FAMILY,자켓/ 베스트,4,4,4,92687,1.0
2026-02-21,FAMILY,긴바지,2,2,2,77210,1.0
2026-02-21,FAMILY,셔츠,1,1,1,42940,1.0
2026-02-21,SILVER,남성,3,3,4,333660,1.0
2026-02-21,SILVER,여성,1,1,1,156870,1.0
2026-02-22,FAMILY,남성,385,384,494,19112000,0.9974025974025974
2026-02-22,FAMILY,여성,55,55,61,3993080,1.0
2026-02-22,FAMILY,맨투맨/후드티,20,20,20,560200,1.0
2026-02-22,FAMILY,자켓/베스트,5,5,5,482850,1.0
2026-02-22,FAMILY,등산화,5,5,5,472010,1.0
2026-02-22,FAMILY,자켓/ 베스트,20,20,21,441041,1.0
2026-02-22,FAMILY,라운드티,14,14,16,314980,1.0
2026-02-22,FAMILY,인터체인지 (3 in 1),1,1,1,309500,1.0
2026-02-22,FAMILY,셋업,4,4,5,284900,1.0
2026-02-22,FAMILY,긴바지,9,9,9,225350,1.0
2026-02-22,FAMILY,바람막이,1,1,1,107550,1.0
2026-02-22,FAMILY,액세서리,20,20,31,100770,1.0
2026-02-22,FAMILY,상의,1,1,1,33580,1.0
2026-02-22,FAMILY,셔츠,1,1,1,32930,1.0
2026-02-22,FAMILY,UNKNOWN,4,4,6,32130,1.0
2026-02-22,FAMILY,볼캡,3,3,3,26560,1.0
2026-02-22,FAMILY,버킷/부니,1,1,1,13000,1.0
2026-02-22,GOLD,남성,3,3,3,162130,1.0
2026-02-22,GOLD,패딩/슬림다운,1,1,1,38590,1.0
2026-02-22,SILVER,남성,22,22,28,1659230,1.0
2026-02-22,SILVER,긴바지,1,1,1,57600,1.0
2026-02-22,SILVER,셔츠,1,1,1,51040,1.0
2026-02-22,SILVER,라운드티,1,1,2,38050,1.0
2026-02-22,SILVER,여성,1,1,1,37250,1.0
2026-02-22,SILVER,액세서리,1,1,1,3000,1.0
2026-02-22,TITANIUM,여성,1,1,1,138080,1.0
2026-02-23,FAMILY,남성,19,19,25,2331590,1.0
2026-02-23,FAMILY,여성,4,4,7,760190,1.0
2026-02-23,FAMILY,셋업,1,1,2,208800,1.0
2026-02-23,FAMILY,부츠,1,1,1,79500,1.0
2026-02-23,FAMILY,자켓/ 베스트,1,1,1,62650,1.0
2026-02-23,GOLD,여성,1,1,1,109190,1.0
2026-02-23,GOLD,남성,1,1,1,76060,1.0
2026-02-23,SILVER,남성,3,3,6,356870,1.0
2026-02-23,SILVER,여성,1,1,1,53860,1.0
2026-02-24,FAMILY,남성,10,10,18,1109720,1.0
2026-02-24,FAMILY,여성,4,4,7,446750,1.0
2026-02-24,FAMILY,셋업,1,1,1,80720,1.0
2026-02-24,FAMILY,자켓/ 베스트,1,1,1,30909,1.0
2026-02-24,FAMILY,액세서리,1,1,1,5730,1.0
2026-02-24,GOLD,패딩/슬림다운,1,1,2,134100,1.0
2026-02-24,SILVER,남성,1,1,1,44000,1.0
2026-02-25,FAMILY,남성,12,12,13,1301040,1.0
2026-02-25,FAMILY,여성,3,3,3,356100,1.0
2026-02-25,FAMILY,자켓/베스트,2,2,2,209000,1.0
2026-02-25,FAMILY,라운드티,1,1,1,17540,1.0
2026-02-25,GOLD,남성,1,1,2,154800,1.0
2026-02-25,GOLD,패딩/슬림다운,1,1,1,67050,1.0
2026-02-25,TITANIUM,남성,1,1,1,259300,1.0
2026-02-26,FAMILY,남성,16,16,27,1916630,1.0
2026-02-26,FAMILY,등산화,1,1,1,125200,1.0
2026-02-26,FAMILY,여성,1,1,1,87000,1.0
2026-02-26,FAMILY,바람막이,1,1,1,67000,1.0
2026-02-26,FAMILY,긴바지,2,2,2,50140,1.0
2026-02-26,FAMILY,자켓/ 베스트,1,1,1,21149,1.0
2026-02-26,FAMILY,라운드티,1,1,1,18270,1.0
2026-02-26,SILVER,남성,3,3,3,403650,1.0
2026-02-27,FAMILY,남성,17,17,17,1575720,1.0
2026-02-27,FAMILY,여성,4,4,5,440336,1.0
2026-02-27,FAMILY,바람막이,2,2,2,175250,1.0
2026-02-27,FAMILY,자켓/베스트,1,1,1,134500,1.0
2026-02-27,FAMILY,셋업,1,1,1,83000,1.0
2026-02-27,FAMILY,셔츠,1,1,1,54850,1.0
2026-02-27,SILVER,남성,2,2,3,240240,1.0
2026-02-28,FAMILY,남성,23,22,27,2068910,0.9565217391304348
2026-02-28,FAMILY,여성,5,5,5,992830,1.0
2026-02-28,FAMILY,라운드티,1,1,1,20290,1.0
2026-02-28,FAMILY,UNKNOWN,1,1,2,18150,1.0
2026-02-28,FAMILY,액세서리,1,1,1,5050,1.0
2026-02-28,SILVER,남성,3,3,4,273780,1.0
2026-02-28,SILVER,여성,2,2,2,171990,1.0
2026-02-28,SILVER,자켓/ 베스트,1,1,1,30389,1.0
2026-02-28,TITANIUM,남성,1,1,3,436500,1.0
2026-03-01,FAMILY,남성,7,7,11,1068670,1.0
2026-03-01,FAMILY,여성,4,3,4,636760,0.75
2026-03-01,FAMILY,맨투맨/후드티,1,1,1,49500,1.0
2026-03-01,GOLD,남성,1,1,1,234270,1.0
2026-03-01,SILVER,남성,2,2,2,174710,1.0
2026-03-01,SILVER,맨투맨/후드티,1,1,1,43030,1.0
2026-03-02,FAMILY,남성,6,6,7,802620,1.0
2026-03-02,FAMILY,등산화,3,3,3,302870,1.0
2026-03-02,FAMILY,셋업,1,1,1,83000,1.0
2026-03-02,FAMILY,라운드티,1,1,2,59000,1.0
2026-03-02,FAMILY,UNKNOWN,1,1,1,38880,1.0
2026-03-02,FAMILY,자켓/ 베스트,1,1,1,31150,1.0
2026-03-02,SILVER,남성,5,5,6,826720,1.0
2026-03-03,FAMILY,남성,13,13,17,1712090,1.0
2026-03-03,FAMILY,등산화,1,1,1,94500,1.0
2026-03-03,FAMILY,긴바지,1,1,1,79600,1.0
2026-03-03,SILVER,남성,1,1,1,210890,1.0
2026-03-03,SILVER,여성,1,1,2,43450,1.0
2026-03-04,FAMILY,남성,24,23,45,2809520,0.9583333333333334
2026-03-04,FAMILY,여성,9,9,9,639280,1.0
2026-03-04,FAMILY,인터체인지 (3 in 1),1,1,1,329500,1.0
2026-03-04,FAMILY,바람막이,1,1,1,110670,1.0
2026-03-04,FAMILY,UNKNOWN,1,1,8,75180,1.0
2026-03-04,FAMILY,긴바지,1,1,1,71320,1.0
2026-03-04,FAMILY,라운드티,1,1,1,27500,1.0
2026-03-04,SILVER,남성,2,2,4,252180,1.0
2026-03-04,SILVER,여성,1,1,1,165200,1.0
2026-03-04,SILVER,등산화,1,1,1,133990,1.0
2026-03-05,FAMILY,남성,14,14,23,2037320,1.0
2026-03-05,FAMILY,여성,1,1,1,83570,1.0
2026-03-05,FAMILY,등산화,1,1,1,72220,1.0
2026-03-05,FAMILY,맨투맨/후드티,1,1,1,36500,1.0
2026-03-05,SILVER,여성,1,1,2,214600,1.0
2026-03-05,SILVER,남성,1,1,1,44520,1.0
2026-03-05,TITANIUM,남성,1,1,1,264000,1.0
2026-03-06,FAMILY,남성,9,9,15,684260,1.0
2026-03-06,FAMILY,여성,6,6,8,489270,1.0
2026-03-06,FAMILY,인터체인지 (3 in 1),1,1,1,320440,1.0
2026-03-06,FAMILY,셋업,1,1,1,104470,1.0
2026-03-06,FAMILY,긴바지,3,3,3,79750,1.0
2026-03-06,SILVER,남성,2,2,4,312400,1.0
2026-03-06,SILVER,셋업,1,1,1,90610,1.0
2026-03-06,SILVER,여성,1,1,1,75250,1.0
2026-03-06,TITANIUM,남성,1,1,3,260660,1.0
2026-03-06,TITANIUM,여성,1,1,2,171900,1.0
2026-03-07,FAMILY,남성,8,8,10,802830,1.0
2026-03-07,FAMILY,여성,2,2,3,208430,1.0
2026-03-07,FAMILY,라운드티,1,1,1,28940,1.0
2026-03-07,FAMILY,자켓/ 베스트,1,1,1,24050,1.0
2026-03-07,GOLD,남성,1,1,1,82890,1.0
2026-03-07,SILVER,남성,2,2,2,328230,1.0
2026-03-07,SILVER,폴로티/집업,1,1,1,60770,1.0
2026-03-08,FAMILY,남성,18,18,21,1827920,1.0
2026-03-08,FAMILY,여성,6,6,11,1146820,1.0
2026-03-08,FAMILY,등산화,1,1,1,104500,1.0
2026-03-08,FAMILY,라운드티,1,1,1,24450,1.0
2026-03-08,GOLD,남성,1,1,6,196920,1.0
2026-03-08,GOLD,여성,1,1,1,78770,1.0
2026-03-08,GOLD,라운드티,1,1,2,56760,1.0
2026-03-08,SILVER,남성,1,1,1,149200,1.0
2026-03-09,FAMILY,남성,18,18,24,1802880,1.0
2026-03-09,FAMILY,여성,3,3,3,350000,1.0
2026-03-09,FAMILY,셋업,1,1,1,131670,1.0
2026-03-09,FAMILY,등산화,1,1,1,100500,1.0
2026-03-09,FAMILY,자켓/베스트,1,1,1,84500,1.0
2026-03-09,FAMILY,셔츠,1,1,1,47560,1.0
2026-03-09,SILVER,등산화,1,1,1,136820,1.0
2026-03-09,SILVER,바람막이,1,1,1,120440,1.0
2026-03-10,FAMILY,남성,13,13,22,1376590,1.0
2026-03-10,FAMILY,여성,3,3,3,190910,1.0
2026-03-10,FAMILY,맨투맨/후드티,1,1,1,49500,1.0
2026-03-10,SILVER,남성,1,1,1,145210,1.0
2026-03-11,FAMILY,남성,18,17,18,1307040,0.9444444444444444
2026-03-11,FAMILY,여성,2,2,2,150900,1.0
2026-03-11,FAMILY,라운드티,1,1,1,22180,1.0
2026-03-11,FAMILY,긴바지,1,1,1,20940,1.0
2026-03-11,GOLD,남성,1,1,1,205810,1.0
2026-03-12,FAMILY,남성,26,26,30,2478270,1.0
2026-03-12,FAMILY,여성,7,7,8,839310,1.0
2026-03-12,FAMILY,자켓/베스트,1,1,1,131030,1.0
2026-03-12,FAMILY,바람막이,1,1,1,120400,1.0
2026-03-12,FAMILY,등산화,1,1,1,115270,1.0
2026-03-12,FAMILY,라운드티,2,2,2,55830,1.0
2026-03-12,GOLD,남성,1,1,1,25760,1.0
2026-03-12,SILVER,남성,3,3,8,748000,1.0
2026-03-12,TITANIUM,남성,1,1,2,246880,1.0
2026-03-13,FAMILY,남성,19,19,24,1472490,1.0
2026-03-13,FAMILY,등산화,1,1,1,154670,1.0
2026-03-13,FAMILY,셋업,2,2,2,154650,1.0
2026-03-13,FAMILY,여성,2,2,2,152140,1.0
2026-03-13,FAMILY,바람막이,1,1,1,67750,1.0
2026-03-13,FAMILY,패딩/슬림다운,1,1,1,66550,1.0
2026-03-13,FAMILY,라운드티,1,1,1,15500,1.0
2026-03-14,FAMILY,남성,15,15,24,1278500,1.0
2026-03-14,FAMILY,여성,5,5,6,626820,1.0
2026-03-14,SILVER,남성,2,1,3,572700,0.5
2026-03-15,FAMILY,남성,14,14,18,1346130,1.0
2026-03-15,FAMILY,여성,3,3,3,359990,1.0
2026-03-15,FAMILY,바람막이,2,2,2,202000,1.0
2026-03-15,FAMILY,등산화,1,1,1,105700,1.0
2026-03-15,FAMILY,긴바지,1,1,2,53300,1.0
2026-03-15,SILVER,남성,5,5,5,390780,1.0
2026-03-15,SILVER,셔츠,1,1,1,61720,1.0
2026-03-15,SILVER,폴로티/집업,1,1,1,53040,1.0
2026-03-15,TITANIUM,남성,2,1,4,224960,0.5
2026-03-15,TITANIUM,패딩/슬림다운,1,1,1,67050,1.0
2026-03-16,FAMILY,남성,11,11,13,1209070,1.0
2026-03-16,FAMILY,셋업,2,2,2,210800,1.0
2026-03-16,FAMILY,여성,2,2,2,112000,1.0
2026-03-16,FAMILY,바람막이,1,1,1,75020,1.0
2026-03-16,FAMILY,패딩/슬림다운,1,1,1,67050,1.0
2026-03-16,FAMILY,폴로티/집업,1,1,1,47000,1.0
2026-03-16,FAMILY,라운드티,1,1,1,23840,1.0
2026-03-16,FAMILY,자켓/ 베스트,1,1,1,15730,1.0
2026-03-16,SILVER,남성,1,1,1,119000,1.0
2026-03-17,FAMILY,남성,24,23,29,1924670,0.9583333333333334
2026-03-17,FAMILY,여성,7,7,7,778850,1.0
2026-03-17,FAMILY,등산화,3,3,3,285910,1.0
2026-03-17,FAMILY,자켓/베스트,1,1,1,84500,1.0
2026-03-17,FAMILY,라운드티,1,1,1,28300,1.0
2026-03-17,FAMILY,자켓/ 베스트,1,1,1,22970,1.0
2026-03-17,SILVER,남성,2,2,5,404930,1.0
2026-03-18,FAMILY,남성,23,23,32,3077610,1.0
2026-03-18,FAMILY,여성,2,2,2,200200,1.0
2026-03-18,FAMILY,바람막이,2,2,2,170690,1.0
2026-03-18,FAMILY,셋업,1,1,2,139000,1.0
2026-03-18,FAMILY,등산화,1,1,1,108140,1.0
2026-03-18,FAMILY,라운드티,1,1,1,27550,1.0
2026-03-18,SILVER,남성,1,1,1,253190,1.0
2026-03-18,TITANIUM,남성,1,1,1,93200,1.0
2026-03-19,FAMILY,남성,22,21,26,1666260,0.9545454545454546
2026-03-19,FAMILY,여성,4,4,4,309210,1.0
2026-03-19,FAMILY,라운드티,2,2,3,103240,1.0
2026-03-19,SILVER,남성,3,3,6,532070,1.0
2026-03-19,SILVER,여성,1,1,2,123360,1.0
2026-03-20,FAMILY,남성,24,24,27,1917520,1.0
2026-03-20,FAMILY,여성,2,2,2,56110,1.0
2026-03-20,FAMILY,라운드티,1,1,1,28860,1.0
2026-03-20,SILVER,남성,3,3,7,823420,1.0
2026-03-21,FAMILY,남성,10,10,15,745330,1.0
2026-03-21,FAMILY,등산화,1,1,1,104500,1.0
2026-03-21,FAMILY,긴바지,1,1,1,27650,1.0
2026-03-21,GOLD,남성,1,1,2,68740,1.0
2026-03-21,SILVER,남성,2,2,2,230830,1.0
2026-03-22,FAMILY,남성,16,16,21,1167200,1.0
2026-03-22,FAMILY,바람막이,3,3,3,245550,1.0
2026-03-22,FAMILY,여성,2,2,2,184400,1.0
2026-03-22,FAMILY,긴바지,2,2,2,127180,1.0
2026-03-22,FAMILY,폴로티/집업,1,1,1,56440,1.0
2026-03-22,GOLD,남성,1,1,6,370320,1.0
2026-03-22,SILVER,남성,2,2,2,123300,1.0
2026-03-23,FAMILY,남성,13,13,15,1216310,1.0
2026-03-23,FAMILY,여성,2,2,2,185610,1.0
2026-03-23,FAMILY,등산화,1,1,1,94500,1.0
2026-03-23,FAMILY,바람막이,1,1,1,67000,1.0
2026-03-23,FAMILY,긴바지,1,1,1,62730,1.0
2026-03-23,FAMILY,라운드티,1,1,1,35970,1.0
2026-03-23,SILVER,남성,2,2,2,65510,1.0
2026-03-24,FAMILY,남성,13,13,21,1170120,1.0
2026-03-24,FAMILY,여성,2,2,2,260820,1.0
2026-03-24,SILVER,남성,2,2,2,195320,1.0
2026-03-25,FAMILY,남성,21,21,32,1754550,1.0
2026-03-25,FAMILY,여성,5,5,5,626210,1.0
2026-03-25,FAMILY,긴바지,1,1,1,51120,1.0
2026-03-25,GOLD,여성,1,1,1,112750,1.0
2026-03-25,GOLD,남성,1,1,3,102350,1.0
2026-03-25,GOLD,라운드티,1,1,1,33830,1.0
2026-03-25,SILVER,남성,2,2,2,331420,1.0
2026-03-26,FAMILY,남성,18,18,21,1846840,1.0
2026-03-26,FAMILY,등산화,3,3,3,349620,1.0
2026-03-26,FAMILY,바람막이,2,2,2,147610,1.0
2026-03-26,FAMILY,여성,1,1,1,78330,1.0
2026-03-26,FAMILY,라운드티,2,2,2,62660,1.0
2026-03-26,GOLD,남성,1,1,5,515000,1.0
2026-03-26,SILVER,남성,4,4,9,905470,1.0
2026-03-26,TITANIUM,남성,1,1,2,164200,1.0
2026-03-27,FAMILY,남성,15,15,16,1438150,1.0
2026-03-27,FAMILY,여성,2,2,2,157770,1.0
2026-03-27,FAMILY,바람막이,2,2,2,145880,1.0
2026-03-27,FAMILY,긴바지,2,2,2,69350,1.0
2026-03-27,SILVER,남성,1,1,1,32800,1.0
2026-03-28,FAMILY,남성,14,14,19,1725540,1.0
2026-03-28,FAMILY,여성,4,4,6,448080,1.0
2026-03-28,FAMILY,등산화,2,2,2,311010,1.0
2026-03-28,FAMILY,바람막이,2,2,3,277600,1.0
2026-03-28,FAMILY,긴바지,3,3,3,184010,1.0
2026-03-28,FAMILY,폴로티/집업,1,1,1,59000,1.0
2026-03-28,SILVER,남성,1,1,1,133200,1.0
2026-03-29,FAMILY,남성,12,12,16,1144210,1.0
2026-03-29,FAMILY,여성,4,4,4,532270,1.0
2026-03-29,FAMILY,긴바지,1,1,1,40000,1.0
2026-03-30,FAMILY,남성,20,20,22,1744080,1.0
2026-03-30,FAMILY,여성,4,3,5,717400,0.75
2026-03-30,FAMILY,긴바지,1,1,1,61570,1.0
2026-03-30,FAMILY,라운드티,1,1,1,27950,1.0
2026-03-30,GOLD,긴바지,1,1,2,130000,1.0
2026-03-30,GOLD,바람막이,1,1,1,95000,1.0
2026-03-30,GOLD,남성,1,1,2,72710,1.0
2026-03-30,SILVER,남성,2,2,2,208800,1.0
2026-03-30,SILVER,여성,1,1,1,108080,1.0
2026-03-30,SILVER,긴바지,1,1,1,25000,1.0
2026-03-31,FAMILY,남성,26,26,42,3192780,1.0
2026-03-31,FAMILY,여성,8,8,11,1407770,1.0
2026-03-31,FAMILY,등산화,1,1,1,95380,1.0
2026-03-31,FAMILY,바람막이,1,1,1,91340,1.0
2026-03-31,FAMILY,라운드티,1,1,1,16980,1.0
2026-03-31,GOLD,남성,1,1,1,100010,1.0
2026-03-31,GOLD,긴바지,1,1,1,65000,1.0
2026-03-31,SILVER,남성,1,1,3,211400,1.0
2026-04-01,FAMILY,남성,23,23,30,1775330,1.0
2026-04-01,FAMILY,여성,3,3,3,349120,1.0
2026-04-01,FAMILY,등산화,1,1,1,169100,1.0
2026-04-01,FAMILY,라운드티,1,1,1,57000,1.0
2026-04-01,FAMILY,셋업,1,1,1,39610,1.0
2026-04-01,SILVER,남성,1,1,6,631270,1.0
2026-04-02,FAMILY,남성,24,23,370,20988630,0.9583333333333334
2026-04-02,FAMILY,여성,4,4,4,381270,1.0
2026-04-02,FAMILY,등산화,1,1,1,102780,1.0
2026-04-02,FAMILY,바람막이,1,1,1,64020,1.0
2026-04-02,FAMILY,긴바지,1,1,1,62840,1.0
2026-04-02,GOLD,남성,1,1,1,92200,1.0
2026-04-02,SILVER,남성,4,4,8,648540,1.0
2026-04-02,SILVER,긴바지,1,1,1,65000,1.0
2026-04-02,TITANIUM,남성,1,1,1,147080,1.0
2026-04-03,FAMILY,남성,21,20,27,1603710,0.9523809523809523
2026-04-03,FAMILY,여성,6,6,8,698750,1.0
2026-04-03,FAMILY,긴바지,2,2,2,87680,1.0
2026-04-03,FAMILY,바람막이,1,1,1,72030,1.0
2026-04-03,SILVER,남성,1,1,1,45750,1.0
2026-04-04,FAMILY,남성,12,12,18,1222130,1.0
2026-04-04,FAMILY,여성,1,1,1,127480,1.0
2026-04-04,FAMILY,폴로티/집업,1,1,1,65000,1.0
2026-04-04,FAMILY,긴바지,1,1,1,20000,1.0
2026-04-04,GOLD,남성,1,1,1,29790,1.0
2026-04-04,SILVER,남성,2,2,4,380680,1.0
2026-04-05,FAMILY,남성,18,18,23,1776110,1.0
2026-04-05,FAMILY,여성,3,3,4,372190,1.0
2026-04-05,FAMILY,바람막이,1,1,1,77000,1.0
2026-04-05,FAMILY,긴바지,2,2,2,67370,1.0
2026-04-05,FAMILY,라운드티,1,1,1,22240,1.0
2026-04-05,FAMILY,UNKNOWN,1,1,2,20000,1.0
2026-04-05,GOLD,여성,1,1,1,126280,1.0
2026-04-05,GOLD,바람막이,1,1,1,91320,1.0
2026-04-05,SILVER,남성,2,2,4,245260,1.0
2026-04-05,TITANIUM,남성,1,1,1,155000,1.0
2026-04-06,FAMILY,남성,13,13,17,1149150,1.0
2026-04-06,FAMILY,여성,2,2,3,235600,1.0
2026-04-06,FAMILY,긴바지,3,3,3,181560,1.0
2026-04-06,FAMILY,등산화,1,1,2,149000,1.0
2026-04-06,FAMILY,바람막이,1,1,1,65000,1.0
2026-04-06,SILVER,남성,2,2,3,142750,1.0
2026-04-06,SILVER,긴바지,1,1,1,40000,1.0
2026-04-07,FAMILY,남성,20,20,25,2112800,1.0
2026-04-07,FAMILY,등산화,1,1,1,132300,1.0
2026-04-07,FAMILY,여성,1,1,1,118070,1.0
2026-04-07,FAMILY,긴바지,2,2,2,81000,1.0
2026-04-07,SILVER,등산화,1,1,1,133510,1.0
2026-04-07,SILVER,바람막이,1,1,1,94000,1.0
2026-04-07,TITANIUM,남성,1,1,2,195440,1.0
2026-04-08,FAMILY,남성,15,15,21,1389660,1.0
2026-04-08,FAMILY,바람막이,2,2,2,180000,1.0
2026-04-08,FAMILY,등산화,1,1,1,123570,1.0
2026-04-08,FAMILY,여성,1,1,1,32370,1.0
2026-04-08,GOLD,남성,1,1,2,208200,1.0
2026-04-08,SILVER,남성,2,2,2,149610,1.0
2026-04-08,SILVER,여성,1,1,1,71900,1.0
2026-04-09,FAMILY,남성,21,21,32,2134750,1.0
2026-04-09,FAMILY,여성,4,4,5,389360,1.0
2026-04-09,FAMILY,등산화,1,1,1,132300,1.0
2026-04-09,FAMILY,셋업,2,2,2,128810,1.0
2026-04-09,GOLD,남성,1,1,1,65130,1.0
2026-04-09,GOLD,폴로티/집업,1,1,1,54120,1.0
2026-04-09,SILVER,남성,2,2,2,317420,1.0
2026-04-09,SILVER,여성,1,1,1,89920,1.0
2026-04-10,FAMILY,남성,22,22,32,2518570,1.0
2026-04-10,FAMILY,바람막이,2,2,2,144310,1.0
2026-04-10,FAMILY,등산화,1,1,1,127200,1.0
2026-04-10,FAMILY,여성,1,1,2,120840,1.0
2026-04-10,GOLD,남성,1,1,1,109300,1.0
2026-04-10,SILVER,남성,2,2,4,386880,1.0
2026-04-10,SILVER,여성,1,1,1,57610,1.0
2026-04-11,FAMILY,남성,19,17,20,1872110,0.8947368421052632
2026-04-11,FAMILY,바람막이,1,1,1,72750,1.0
2026-04-11,SILVER,남성,1,1,2,78380,1.0
2026-04-12,FAMILY,남성,22,22,35,1556420,1.0
2026-04-12,FAMILY,여성,2,2,3,355970,1.0
2026-04-12,FAMILY,등산화,1,1,1,95900,1.0
2026-04-12,FAMILY,라운드티,1,1,1,49500,1.0
2026-04-12,FAMILY,버킷/부니,1,1,1,15130,1.0
2026-04-12,SILVER,남성,2,2,4,319590,1.0
2026-04-12,SILVER,긴바지,1,1,1,65000,1.0
2026-04-13,FAMILY,남성,21,19,26,2093870,0.9047619047619048
2026-04-13,FAMILY,여성,3,3,5,571950,1.0
2026-04-13,FAMILY,바람막이,1,1,1,67060,1.0
2026-04-13,GOLD,남성,2,2,3,209230,1.0
2026-04-13,SILVER,남성,2,2,3,378180,1.0
2026-04-14,FAMILY,남성,20,20,29,2221560,1.0
2026-04-14,FAMILY,여성,3,3,4,316280,1.0
2026-04-14,FAMILY,바람막이,2,2,2,143000,1.0
2026-04-14,FAMILY,긴바지,2,2,2,125480,1.0
2026-04-14,FAMILY,폴로티/집업,1,1,1,59000,1.0
2026-04-14,SILVER,남성,2,2,5,286390,1.0
2026-04-14,SILVER,셋업,1,1,1,39940,1.0
2026-04-15,FAMILY,남성,13,13,20,1015010,1.0
2026-04-15,FAMILY,바람막이,2,2,2,160850,1.0
2026-04-15,FAMILY,UNKNOWN,1,1,1,98190,1.0
2026-04-15,SILVER,긴바지,1,1,1,65000,1.0
2026-04-16,FAMILY,남성,50,46,68,4944980,0.92
2026-04-16,FAMILY,바람막이,15,15,15,1002500,1.0
2026-04-16,FAMILY,여성,7,7,8,596570,1.0
2026-04-16,FAMILY,긴바지,3,3,3,167510,1.0
2026-04-16,FAMILY,라운드티,2,2,2,82450,1.0
2026-04-16,FAMILY,셋업,1,1,1,66720,1.0
2026-04-16,GOLD,UNKNOWN,1,1,1,73520,1.0
2026-04-16,SILVER,남성,5,5,6,378220,1.0
2026-04-16,SILVER,여성,1,1,1,52580,1.0
2026-04-16,TITANIUM,남성,1,1,1,122300,1.0
2026-04-16,TITANIUM,등산화,1,1,1,122300,1.0
2026-04-17,FAMILY,남성,15,15,26,2344000,1.0
2026-04-17,FAMILY,여성,9,9,13,1157390,1.0
2026-04-17,FAMILY,등산화,1,1,1,99500,1.0
2026-04-17,FAMILY,라운드티,2,2,2,77990,1.0
2026-04-17,FAMILY,긴바지,1,1,1,55000,1.0
2026-04-18,FAMILY,남성,26,26,32,2394730,1.0
2026-04-18,FAMILY,바람막이,3,3,3,203730,1.0
2026-04-18,FAMILY,여성,3,3,3,180140,1.0
2026-04-18,FAMILY,긴바지,2,2,2,117310,1.0
2026-04-18,FAMILY,셋업,1,1,1,86440,1.0
2026-04-18,GOLD,남성,2,2,4,215600,1.0
2026-04-18,SILVER,남성,5,5,11,710040,1.0
2026-04-18,SILVER,바람막이,2,2,3,223500,1.0
2026-04-18,SILVER,여성,1,1,2,162190,1.0
2026-04-18,SILVER,긴바지,1,1,2,128740,1.0
2026-04-19,FAMILY,남성,31,31,46,2998710,1.0
2026-04-19,FAMILY,여성,6,6,8,696370,1.0
2026-04-19,FAMILY,바람막이,3,3,3,204270,1.0
2026-04-19,FAMILY,등산화,1,1,1,89500,1.0
2026-04-19,FAMILY,긴바지,1,1,1,62150,1.0
2026-04-19,SILVER,남성,2,2,2,113870,1.0
2026-04-20,FAMILY,남성,21,21,26,2131200,1.0
2026-04-20,FAMILY,여성,4,4,5,342630,1.0
2026-04-20,FAMILY,등산화,2,2,2,215700,1.0
2026-04-20,FAMILY,바람막이,2,2,2,143120,1.0
2026-04-20,FAMILY,긴바지,2,2,2,78200,1.0
2026-04-20,SILVER,남성,4,4,9,622940,1.0
2026-04-20,SILVER,바람막이,2,2,2,119160,1.0
2026-04-20,SILVER,UNKNOWN,1,1,1,72290,1.0
2026-04-20,SILVER,폴로티/집업,1,1,1,46630,1.0
2026-04-21,FAMILY,남성,21,21,30,1906960,1.0
2026-04-21,FAMILY,여성,4,4,4,460220,1.0
2026-04-21,FAMILY,바람막이,2,2,2,129000,1.0
2026-04-21,FAMILY,셋업,1,1,2,124320,1.0
2026-04-21,SILVER,남성,3,3,7,403120,1.0
2026-04-21,SILVER,바람막이,1,1,1,64500,1.0
2026-04-22,FAMILY,남성,15,15,19,1339810,1.0
2026-04-22,FAMILY,여성,4,4,5,465030,1.0
2026-04-22,FAMILY,등산화,1,1,1,132300,1.0
2026-04-22,FAMILY,긴바지,2,2,2,126670,1.0
2026-04-22,SILVER,남성,2,2,2,199800,1.0
2026-04-22,SILVER,반바지,1,1,1,45370,1.0
2026-04-22,SILVER,셋업,1,1,1,39580,1.0
2026-04-23,FAMILY,남성,25,25,36,2255190,1.0
2026-04-23,FAMILY,여성,6,6,14,1273560,1.0
2026-04-23,FAMILY,바람막이,3,3,6,355080,1.0
2026-04-23,FAMILY,긴바지,2,2,2,102250,1.0
2026-04-23,FAMILY,UNKNOWN,1,1,1,80050,1.0
2026-04-23,FAMILY,셋업,1,1,1,51570,1.0
2026-04-23,FAMILY,라운드티,1,1,1,40370,1.0
2026-04-23,SILVER,남성,5,5,10,656810,1.0
2026-04-23,SILVER,여성,1,1,1,145000,1.0
2026-04-24,FAMILY,남성,17,17,23,1499350,1.0
2026-04-24,FAMILY,바람막이,3,2,4,252180,0.6666666666666666
2026-04-24,FAMILY,UNKNOWN,1,1,1,83130,1.0
2026-04-24,FAMILY,라운드티,2,2,2,79050,1.0
2026-04-24,FAMILY,긴바지,1,1,1,64230,1.0
2026-04-24,GOLD,남성,1,1,1,49000,1.0
2026-04-24,SILVER,남성,5,5,8,569470,1.0
2026-04-25,FAMILY,남성,28,28,30,2024120,1.0
2026-04-25,FAMILY,여성,3,3,3,250250,1.0
2026-04-25,FAMILY,바람막이,1,1,1,60500,1.0
2026-04-25,FAMILY,긴바지,1,1,1,56680,1.0
2026-04-25,SILVER,남성,3,3,8,606560,1.0
2026-04-25,SILVER,바람막이,1,1,2,115400,1.0
2026-04-25,SILVER,여성,2,1,2,109870,0.5
2026-04-26,FAMILY,남성,36,32,51,3163570,0.8888888888888888
2026-04-26,FAMILY,여성,6,6,6,366060,1.0
2026-04-26,FAMILY,등산화,3,3,3,300300,1.0
2026-04-26,FAMILY,바람막이,4,4,4,267710,1.0
2026-04-26,FAMILY,긴바지,2,2,2,103320,1.0
2026-04-26,FAMILY,UNKNOWN,1,1,1,64730,1.0
2026-04-26,FAMILY,폴로티/집업,1,1,1,54500,1.0
2026-04-26,GOLD,남성,1,1,1,115710,1.0
2026-04-26,SILVER,남성,4,4,7,507030,1.0
2026-04-26,SILVER,여성,2,2,3,266660,1.0
2026-04-26,SILVER,등산화,1,1,1,146890,1.0
2026-04-27,FAMILY,남성,28,28,37,2505020,1.0
2026-04-27,FAMILY,바람막이,6,6,7,429170,1.0
2026-04-27,FAMILY,여성,5,5,5,410270,1.0
2026-04-27,FAMILY,등산화,1,1,1,97300,1.0
2026-04-27,FAMILY,폴로티/집업,1,1,1,47050,1.0
2026-04-27,SILVER,남성,9,8,26,1730160,0.8888888888888888
2026-04-28,FAMILY,남성,28,28,40,2826980,1.0
2026-04-28,FAMILY,여성,3,3,4,290530,1.0
2026-04-28,FAMILY,등산화,2,2,2,204890,1.0
2026-04-28,FAMILY,바람막이,3,3,3,180800,1.0
2026-04-28,FAMILY,라운드티,1,1,1,41000,1.0
2026-04-28,GOLD,남성,2,2,2,169680,1.0
2026-04-28,GOLD,여성,2,2,2,91950,1.0
2026-04-28,SILVER,남성,2,2,2,147310,1.0
2026-04-28,SILVER,여성,1,1,1,130450,1.0
2026-04-28,TITANIUM,남성,1,1,1,127200,1.0
2026-04-29,FAMILY,남성,19,19,24,1793340,1.0
2026-04-29,FAMILY,여성,2,2,2,185800,1.0
2026-04-29,FAMILY,바람막이,2,2,2,142000,1.0
2026-04-29,GOLD,여성,1,1,2,215450,1.0
2026-04-29,GOLD,바람막이,1,1,1,59500,1.0
2026-04-29,SILVER,남성,5,5,5,310520,1.0
2026-04-29,SILVER,등산화,1,1,1,113320,1.0
2026-04-30,FAMILY,남성,30,29,51,2960280,0.9666666666666667
2026-04-30,FAMILY,여성,3,3,4,399430,1.0
2026-04-30,FAMILY,바람막이,2,2,2,143400,1.0
2026-04-30,SILVER,남성,1,1,1,171810,1.0
2026-04-30,SILVER,여성,1,1,1,93520,1.0
2026-04-30,SILVER,바람막이,1,1,1,63420,1.0
2026-04-30,SILVER,폴로티/집업,1,1,1,53580,1.0
2026-05-01,FAMILY,남성,83,83,101,4404750,1.0
2026-05-01,FAMILY,여성,8,8,8,643408,1.0
2026-05-01,FAMILY,긴바지,5,5,5,164010,1.0
2026-05-01,FAMILY,라운드티,7,7,7,156750,1.0
2026-05-01,FAMILY,등산화,2,2,2,136300,1.0
2026-05-01,FAMILY,셋업,2,2,2,44500,1.0
2026-05-01,SILVER,남성,12,10,18,1611629,0.8333333333333334
2026-05-01,SILVER,여성,1,1,2,170280,1.0
2026-05-01,SILVER,부츠,1,1,1,85320,1.0
2026-05-01,SILVER,등산화,1,1,1,70470,1.0
2026-05-01,SILVER,바람막이,1,1,1,67000,1.0
2026-05-01,SILVER,긴바지,1,1,1,54500,1.0
2026-05-01,SILVER,셋업,1,1,1,29700,1.0
2026-05-02,FAMILY,남성,60,58,77,3999690,0.9666666666666667
2026-05-02,FAMILY,여성,8,8,9,757600,1.0
2026-05-02,FAMILY,바람막이,3,3,3,207970,1.0
2026-05-02,FAMILY,라운드티,5,5,5,83350,1.0
2026-05-02,FAMILY,긴바지,1,1,1,19220,1.0
2026-05-02,SILVER,남성,4,4,6,259840,1.0
2026-05-02,SILVER,여성,1,1,1,55040,1.0
2026-05-02,SILVER,폴로티/집업,1,1,1,48400,1.0
2026-05-02,SILVER,긴바지,1,1,1,25750,1.0
2026-05-03,FAMILY,남성,34,34,47,1950720,1.0
2026-05-03,FAMILY,여성,5,5,5,731920,1.0
2026-05-03,FAMILY,긴바지,5,5,5,162200,1.0
2026-05-03,FAMILY,등산화,1,1,1,131480,1.0
2026-05-03,FAMILY,바람막이,1,1,1,61200,1.0
2026-05-03,FAMILY,라운드티,1,1,1,12000,1.0
2026-05-03,FAMILY,UNKNOWN,1,1,1,5170,1.0
2026-05-03,SILVER,남성,4,4,6,320750,1.0
2026-05-04,FAMILY,남성,41,40,46,2280150,0.975609756097561
2026-05-04,FAMILY,여성,2,2,2,179760,1.0
2026-05-04,FAMILY,등산화,1,1,1,117870,1.0
2026-05-04,FAMILY,UNKNOWN,1,1,1,71100,1.0
2026-05-04,FAMILY,바람막이,1,1,1,65040,1.0
2026-05-04,FAMILY,라운드티,3,3,3,36980,1.0
2026-05-04,SILVER,여성,1,1,1,94870,1.0
2026-05-04,SILVER,남성,1,1,1,51200,1.0
2026-05-05,FAMILY,남성,195,194,260,9120720,0.9948717948717949
2026-05-05,FAMILY,여성,13,13,15,1216650,1.0
2026-05-05,FAMILY,긴바지,7,7,7,238730,1.0
2026-05-05,FAMILY,라운드티,5,5,5,132640,1.0
2026-05-05,FAMILY,바람막이,1,1,1,78150,1.0
2026-05-05,FAMILY,폴로티/집업,1,1,1,48750,1.0
2026-05-05,FAMILY,셋업,1,1,1,27650,1.0
2026-05-05,SILVER,남성,16,16,24,1049150,1.0
2026-05-05,SILVER,여성,2,2,2,147230,1.0
2026-05-05,SILVER,라운드티,1,1,1,27490,1.0
2026-05-06,FAMILY,남성,76,75,92,3848580,0.9868421052631579
2026-05-06,FAMILY,여성,5,5,7,439640,1.0
2026-05-06,FAMILY,등산화,2,2,2,161400,1.0
2026-05-06,FAMILY,긴바지,1,1,1,33920,1.0
2026-05-06,FAMILY,셋업,1,1,1,30500,1.0
2026-05-06,SILVER,남성,5,4,7,435340,0.8
2026-05-06,SILVER,여성,1,1,4,282400,1.0
2026-05-06,SILVER,반바지,1,1,1,40590,1.0
2026-05-06,SILVER,셋업,1,1,1,35410,1.0
2026-05-07,FAMILY,남성,68,67,83,4061420,0.9852941176470589
2026-05-07,FAMILY,여성,4,4,4,270270,1.0
2026-05-07,FAMILY,긴바지,3,3,4,118990,1.0
2026-05-07,FAMILY,등산화,1,1,1,114590,1.0
2026-05-07,FAMILY,라운드티,2,2,2,74010,1.0
2026-05-07,FAMILY,바람막이,1,1,1,67480,1.0
2026-05-07,FAMILY,셋업,1,1,1,37640,1.0
2026-05-07,FAMILY,UNKNOWN,1,1,3,15710,1.0
2026-05-07,SILVER,남성,10,10,11,500630,1.0
2026-05-07,SILVER,라운드티,2,2,2,69430,1.0
2026-05-07,TITANIUM,남성,1,1,4,262460,1.0
2026-05-08,FAMILY,남성,36,36,45,2171700,1.0
2026-05-08,FAMILY,여성,5,5,6,469820,1.0
2026-05-08,FAMILY,바람막이,2,2,2,126660,1.0
2026-05-08,FAMILY,긴바지,2,2,2,49790,1.0
2026-05-08,SILVER,남성,5,5,7,403100,1.0
2026-05-09,FAMILY,남성,40,39,48,1986190,0.975
2026-05-09,FAMILY,여성,6,6,10,789070,1.0
2026-05-09,FAMILY,긴바지,2,2,2,99650,1.0
2026-05-09,FAMILY,바람막이,1,1,1,77000,1.0
2026-05-09,FAMILY,셋업,1,1,1,74500,1.0
2026-05-09,FAMILY,폴로티/집업,1,1,1,53190,1.0
2026-05-09,SILVER,바람막이,1,1,1,66100,1.0
2026-05-09,SILVER,남성,2,2,2,60810,1.0
2026-05-10,FAMILY,남성,323,323,396,14360410,1.0
2026-05-10,FAMILY,여성,23,23,26,2131890,1.0
2026-05-10,FAMILY,등산화,5,5,5,639930,1.0
2026-05-10,FAMILY,긴바지,10,10,10,321170,1.0
2026-05-10,FAMILY,라운드티,10,10,11,298360,1.0
2026-05-10,FAMILY,셋업,7,7,7,268520,1.0
2026-05-10,FAMILY,바람막이,4,4,4,220100,1.0
2026-05-10,FAMILY,반바지,3,3,3,126100,1.0
2026-05-10,FAMILY,UNKNOWN,1,1,2,10000,1.0
2026-05-10,GOLD,남성,3,3,4,168670,1.0
2026-05-10,SILVER,남성,22,21,38,1923900,0.9545454545454546
2026-05-10,SILVER,여성,2,2,2,174760,1.0
2026-05-10,SILVER,라운드티,1,1,1,34290,1.0
2026-05-11,FAMILY,남성,20,20,25,1782070,1.0
2026-05-11,FAMILY,여성,7,7,7,869560,1.0
2026-05-11,FAMILY,바람막이,1,1,1,91080,1.0
2026-05-11,SILVER,남성,2,2,6,499200,1.0
2026-05-11,SILVER,여성,1,1,1,48500,1.0
2026-05-12,FAMILY,남성,14,14,25,1805720,1.0
2026-05-12,FAMILY,여성,2,2,2,123020,1.0
2026-05-12,FAMILY,등산화,1,1,1,119490,1.0
2026-05-12,FAMILY,라운드티,2,2,3,102600,1.0
2026-05-12,FAMILY,긴바지,2,2,2,101810,1.0
2026-05-12,SILVER,남성,2,2,2,103840,1.0
2026-05-13,FAMILY,남성,22,21,30,1854970,0.9545454545454546
2026-05-13,FAMILY,여성,4,4,7,557050,1.0
2026-05-13,FAMILY,등산화,1,1,1,119350,1.0
2026-05-13,FAMILY,긴바지,1,1,1,65000,1.0
2026-05-13,FAMILY,라운드티,1,1,1,33600,1.0
2026-05-13,GOLD,남성,1,1,1,75720,1.0
2026-05-13,SILVER,남성,2,2,2,179400,1.0
2026-05-13,SILVER,바람막이,1,1,1,70350,1.0
2026-05-14,FAMILY,남성,20,20,25,1384390,1.0
2026-05-14,FAMILY,등산화,1,1,1,119200,1.0
2026-05-14,FAMILY,여성,2,2,2,83690,1.0
2026-05-14,FAMILY,긴바지,1,1,1,35000,1.0
2026-05-14,FAMILY,라운드티,1,1,1,11000,1.0
2026-05-14,SILVER,남성,3,3,3,263350,1.0
2026-05-14,TITANIUM,남성,1,1,1,38150,1.0
2026-05-15,FAMILY,남성,23,23,41,2312450,1.0
2026-05-15,GOLD,남성,2,2,3,288900,1.0
2026-05-15,SILVER,남성,3,3,4,208600,1.0
2026-05-16,FAMILY,남성,11,11,15,768390,1.0
2026-05-16,FAMILY,여성,4,4,4,455750,1.0
2026-05-16,GOLD,남성,1,1,1,25970,1.0
2026-05-16,SILVER,남성,2,2,4,373620,1.0
2026-05-17,FAMILY,남성,19,18,36,1950600,0.9473684210526315
2026-05-17,FAMILY,등산화,2,2,2,157690,1.0
2026-05-17,FAMILY,라운드티,2,2,2,76320,1.0
2026-05-17,GOLD,남성,1,1,2,55310,1.0
2026-05-17,SILVER,남성,1,1,2,150200,1.0
2026-05-17,SILVER,여성,2,2,2,92700,1.0
2026-05-17,SILVER,등산화,1,1,1,89000,1.0
2026-05-18,FAMILY,남성,19,18,37,2322310,0.9473684210526315
2026-05-18,FAMILY,여성,4,4,5,340290,1.0
2026-05-18,FAMILY,버킷/부니,1,1,1,25620,1.0
2026-05-18,SILVER,남성,1,1,2,137100,1.0
2026-05-19,FAMILY,남성,25,25,41,2234170,1.0
2026-05-19,FAMILY,여성,3,3,3,237460,1.0
2026-05-19,FAMILY,등산화,1,1,1,119200,1.0
2026-05-19,FAMILY,긴바지,2,2,2,60120,1.0
2026-05-19,FAMILY,폴로티/집업,1,1,1,58070,1.0
2026-05-19,FAMILY,UNKNOWN,1,1,1,50770,1.0
2026-05-19,GOLD,여성,1,1,2,249430,1.0
2026-05-19,GOLD,남성,1,1,1,49000,1.0
2026-05-19,SILVER,남성,3,3,5,579210,1.0
2026-05-19,SILVER,긴바지,1,1,1,36550,1.0
2026-05-19,TITANIUM,남성,1,1,8,437640,1.0
2026-05-20,FAMILY,남성,33,33,38,3480360,1.0
2026-05-20,FAMILY,여성,11,11,12,905170,1.0
2026-05-20,FAMILY,등산화,2,2,2,282450,1.0
2026-05-20,FAMILY,부츠,2,2,2,161650,1.0
2026-05-20,FAMILY,긴바지,1,1,1,65000,1.0
2026-05-20,GOLD,남성,1,1,1,53760,1.0
2026-05-20,GOLD,긴바지,1,1,1,36450,1.0
2026-05-20,SILVER,남성,3,3,3,332490,1.0
2026-05-21,FAMILY,남성,40,40,54,4154720,1.0
2026-05-21,FAMILY,여성,2,2,2,179220,1.0
2026-05-21,FAMILY,긴바지,1,1,1,48530,1.0
2026-05-21,GOLD,여성,1,1,1,120360,1.0
2026-05-21,GOLD,남성,1,1,1,34000,1.0
2026-05-21,SILVER,남성,5,5,9,561810,1.0
2026-05-21,SILVER,여성,1,1,1,126760,1.0
2026-05-21,SILVER,긴바지,1,1,1,59110,1.0
2026-05-22,FAMILY,남성,16,16,23,1321940,1.0
2026-05-22,FAMILY,여성,5,5,6,520960,1.0
2026-05-22,FAMILY,긴바지,1,1,1,49000,1.0
2026-05-22,FAMILY,라운드티,1,1,1,35000,1.0
2026-05-22,GOLD,남성,1,1,1,114650,1.0
2026-05-22,SILVER,남성,1,1,1,82870,1.0
2026-05-23,FAMILY,남성,13,13,17,1345990,1.0
2026-05-23,FAMILY,여성,4,4,4,412370,1.0
2026-05-23,FAMILY,부츠,1,1,1,85100,1.0
2026-05-23,FAMILY,셋업,1,1,1,39860,1.0
2026-05-23,FAMILY,라운드티,1,1,1,39480,1.0
2026-05-23,SILVER,남성,4,4,8,456700,1.0
2026-05-23,SILVER,여성,1,1,1,72990,1.0
2026-05-24,FAMILY,남성,18,18,22,1148130,1.0
2026-05-24,FAMILY,여성,5,5,6,482440,1.0
2026-05-24,FAMILY,셋업,1,1,1,66670,1.0
2026-05-24,FAMILY,바람막이,1,1,1,60740,1.0
2026-05-25,FAMILY,남성,25,25,37,2427810,1.0
2026-05-25,FAMILY,여성,3,3,4,328480,1.0
2026-05-25,FAMILY,라운드티,4,4,5,148740,1.0
2026-05-25,FAMILY,긴바지,1,1,1,37750,1.0
2026-05-26,FAMILY,남성,23,23,31,2081800,1.0
2026-05-26,FAMILY,등산화,2,2,2,188500,1.0
2026-05-26,FAMILY,여성,4,4,4,173640,1.0
2026-05-26,FAMILY,바람막이,1,1,1,72110,1.0
2026-05-26,GOLD,남성,1,1,4,185160,1.0
2026-05-26,SILVER,남성,1,1,2,264270,1.0
2026-05-27,FAMILY,남성,31,31,47,3459850,1.0
2026-05-27,FAMILY,여성,5,5,6,529250,1.0
2026-05-27,FAMILY,바람막이,1,1,1,77000,1.0
2026-05-27,FAMILY,긴바지,1,1,1,49000,1.0
2026-05-27,SILVER,남성,1,1,2,116850,1.0
2026-05-28,FAMILY,남성,19,19,21,1571810,1.0
2026-05-28,FAMILY,등산화,1,1,1,89000,1.0
2026-05-28,FAMILY,부츠,1,1,1,88100,1.0
2026-05-28,GOLD,남성,1,1,1,43910,1.0
2026-05-28,SILVER,남성,2,2,4,191300,1.0
2026-05-28,SILVER,긴바지,1,1,1,65000,1.0
2026-05-29,FAMILY,남성,43,42,75,4896990,0.9767441860465116
2026-05-29,FAMILY,여성,3,3,3,271060,1.0
2026-05-29,FAMILY,라운드티,2,2,3,84570,1.0
2026-05-29,FAMILY,긴바지,1,1,1,49000,1.0
2026-05-29,FAMILY,셋업,1,1,1,41000,1.0
2026-05-29,GOLD,남성,1,1,1,64000,1.0
2026-05-29,SILVER,남성,3,3,6,389790,1.0
2026-05-29,SILVER,여성,2,2,2,119610,1.0
2026-05-30,FAMILY,남성,17,17,23,1882910,1.0
2026-05-30,FAMILY,여성,4,4,4,261830,1.0
2026-05-30,FAMILY,셋업,1,1,1,85550,1.0
2026-05-30,GOLD,남성,2,2,5,380020,1.0
2026-05-30,SILVER,남성,4,4,7,529870,1.0
2026-05-31,FAMILY,남성,44,44,71,4357810,1.0
2026-05-31,FAMILY,여성,9,9,11,985500,1.0
2026-05-31,FAMILY,UNKNOWN,2,2,3,55740,1.0
2026-05-31,FAMILY,긴바지,1,1,1,37000,1.0
2026-05-31,GOLD,남성,2,2,3,192790,1.0
2026-05-31,SILVER,남성,10,10,32,1638370,1.0
2026-05-31,SILVER,UNKNOWN,1,1,2,17700,1.0
2026-06-01,FAMILY,남성,29,28,41,2804650,0.9655172413793104
2026-06-01,FAMILY,여성,3,3,3,161810,1.0
2026-06-01,FAMILY,바람막이,1,1,1,95000,1.0
2026-06-01,FAMILY,긴바지,2,2,2,87000,1.0
2026-06-01,FAMILY,라운드티,2,2,2,81090,1.0
2026-06-01,SILVER,남성,1,1,2,54480,1.0
2026-06-02,FAMILY,남성,17,17,28,1874760,1.0
2026-06-02,FAMILY,여성,2,2,2,122210,1.0
2026-06-02,FAMILY,바람막이,1,1,1,77000,1.0
2026-06-02,SILVER,남성,2,2,2,209520,1.0
2026-06-02,SILVER,여성,1,1,1,60770,1.0
