order_date,sku_bucket,orders,buyers,quantity,revenue,aov
2024-04-16,1 SKU,63,61,64,5126840,81378.41269841269
2024-04-16,2 SKU,10,10,20,1625910,162591.0
2024-04-16,3 SKU,4,3,12,514300,128575.0
2024-04-16,4 SKU 이상,3,3,14,961840,320613.3333333333
2024-04-17,1 SKU,50,50,50,3717800,74356.0
2024-04-17,2 SKU,4,4,8,575260,143815.0
2024-04-17,3 SKU,5,5,15,938310,187662.0
2024-04-17,4 SKU 이상,2,2,9,528000,264000.0
2024-04-18,1 SKU,32,32,32,2566200,80193.75
2024-04-18,2 SKU,17,17,47,3084290,181428.82352941178
2024-04-18,3 SKU,1,1,3,213280,213280.0
2024-04-18,4 SKU 이상,1,1,4,280400,280400.0
2024-04-19,1 SKU,41,40,41,3559810,86824.63414634146
2024-04-19,2 SKU,11,10,22,1192380,108398.18181818182
2024-04-19,3 SKU,3,3,9,593390,197796.66666666666
2024-04-19,4 SKU 이상,1,1,28,4702000,4702000.0
2024-04-20,1 SKU,53,53,53,3792670,71559.81132075471
2024-04-20,2 SKU,4,4,14,1290860,322715.0
2024-04-20,3 SKU,2,2,6,227160,113580.0
2024-04-20,4 SKU 이상,2,2,10,912510,456255.0
2024-04-21,1 SKU,37,37,37,2602790,70345.67567567568
2024-04-21,2 SKU,10,10,23,977080,97708.0
2024-04-21,3 SKU,3,3,9,243190,81063.33333333333
2024-04-21,4 SKU 이상,2,2,8,432000,216000.0
2024-04-22,1 SKU,61,59,61,5221350,85595.90163934426
2024-04-22,2 SKU,14,14,29,2101990,150142.14285714287
2024-04-22,3 SKU,4,4,12,1128590,282147.5
2024-04-22,4 SKU 이상,1,1,5,543150,543150.0
2024-04-23,1 SKU,48,47,48,4054500,84468.75
2024-04-23,2 SKU,7,7,18,648600,92657.14285714286
2024-04-23,3 SKU,1,1,3,160730,160730.0
2024-04-23,4 SKU 이상,1,1,4,188000,188000.0
2024-04-24,1 SKU,47,44,47,4019040,85511.48936170213
2024-04-24,2 SKU,7,7,15,967040,138148.57142857142
2024-04-24,3 SKU,3,3,9,627340,209113.33333333334
2024-04-24,4 SKU 이상,1,1,5,187500,187500.0
2024-04-25,1 SKU,50,50,51,4421940,88438.8
2024-04-25,2 SKU,5,5,10,473360,94672.0
2024-04-25,3 SKU,2,2,6,345320,172660.0
2024-04-26,1 SKU,67,66,67,6169650,92084.32835820895
2024-04-26,2 SKU,11,11,23,1554110,141282.72727272726
2024-04-26,3 SKU,4,4,12,559350,139837.5
2024-04-26,4 SKU 이상,2,2,11,704160,352080.0
2024-04-27,1 SKU,54,52,55,4464190,82670.18518518518
2024-04-27,2 SKU,6,6,12,769830,128305.0
2024-04-27,3 SKU,3,3,9,881310,293770.0
2024-04-27,4 SKU 이상,2,2,12,1049360,524680.0
2024-04-28,1 SKU,63,63,64,5391050,85572.22222222222
2024-04-28,2 SKU,18,18,36,2422400,134577.77777777778
2024-04-28,3 SKU,5,5,15,1124400,224880.0
2024-04-29,1 SKU,38,38,39,2842270,74796.57894736843
2024-04-29,2 SKU,10,10,20,1574430,157443.0
2024-04-29,3 SKU,3,3,9,364500,121500.0
2024-04-29,4 SKU 이상,4,4,16,617000,154250.0
2024-04-30,1 SKU,58,57,58,4629000,79810.3448275862
2024-04-30,2 SKU,10,10,20,1478470,147847.0
2024-04-30,3 SKU,3,3,9,599720,199906.66666666666
2024-04-30,4 SKU 이상,4,3,19,1122620,280655.0
2024-05-01,1 SKU,61,61,63,4220760,69192.7868852459
2024-05-01,2 SKU,10,10,20,1507600,150760.0
2024-05-01,3 SKU,2,2,6,425300,212650.0
2024-05-01,4 SKU 이상,4,4,19,1331250,332812.5
2024-05-02,1 SKU,69,67,69,5087110,73726.23188405797
2024-05-02,2 SKU,12,12,24,1738120,144843.33333333334
2024-05-02,3 SKU,7,7,22,1851960,264565.71428571426
2024-05-02,4 SKU 이상,3,3,17,956180,318726.6666666667
2024-05-03,1 SKU,54,54,57,4439320,82209.62962962964
2024-05-03,2 SKU,12,12,24,1298040,108170.0
2024-05-03,4 SKU 이상,4,4,24,1508350,377087.5
2024-05-04,1 SKU,53,53,53,4045250,76325.47169811321
2024-05-04,2 SKU,3,3,6,361300,120433.33333333333
2024-05-04,3 SKU,3,3,9,520660,173553.33333333334
2024-05-04,4 SKU 이상,1,1,4,128570,128570.0
2024-05-05,1 SKU,54,53,55,5022310,93005.74074074074
2024-05-05,2 SKU,12,12,24,1757060,146421.66666666666
2024-05-05,3 SKU,1,1,3,273870,273870.0
2024-05-05,4 SKU 이상,3,3,14,932880,310960.0
2024-05-06,1 SKU,51,50,51,4747380,93085.88235294117
2024-05-06,2 SKU,9,9,18,1550860,172317.77777777778
2024-05-06,3 SKU,4,4,12,438180,109545.0
2024-05-06,4 SKU 이상,1,1,4,188000,188000.0
2024-05-07,1 SKU,54,54,54,4420520,81861.48148148147
2024-05-07,2 SKU,14,14,30,1800530,128609.28571428571
2024-05-07,3 SKU,5,5,15,880070,176014.0
2024-05-07,4 SKU 이상,2,2,9,409500,204750.0
2024-05-08,1 SKU,53,53,53,4803590,90633.77358490566
2024-05-08,2 SKU,15,15,30,2282690,152179.33333333334
2024-05-08,3 SKU,3,3,10,961800,320600.0
2024-05-08,4 SKU 이상,3,3,15,608500,202833.33333333334
2024-05-09,1 SKU,37,37,37,2945730,79614.32432432432
2024-05-09,2 SKU,15,15,30,2152750,143516.66666666666
2024-05-09,3 SKU,3,3,9,559570,186523.33333333334
2024-05-09,4 SKU 이상,1,1,4,396200,396200.0
2024-05-10,1 SKU,57,56,60,4020950,70542.98245614035
2024-05-10,2 SKU,7,7,15,1142420,163202.85714285713
2024-05-10,3 SKU,3,3,9,642660,214220.0
2024-05-10,4 SKU 이상,4,4,34,1153500,288375.0
2024-05-11,1 SKU,50,48,51,4256290,85125.8
2024-05-11,2 SKU,8,8,16,931370,116421.25
2024-05-11,3 SKU,3,3,9,749060,249686.66666666666
2024-05-11,4 SKU 이상,2,2,10,498260,249130.0
2024-05-12,1 SKU,51,51,51,3674140,72041.96078431372
2024-05-12,2 SKU,16,16,32,2113330,132083.125
2024-05-12,3 SKU,3,3,9,683070,227690.0
2024-05-12,4 SKU 이상,2,2,8,685960,342980.0
2024-05-13,1 SKU,48,48,48,4157440,86613.33333333333
2024-05-13,2 SKU,11,11,24,1443240,131203.63636363635
2024-05-13,3 SKU,2,2,6,282380,141190.0
2024-05-13,4 SKU 이상,2,2,8,432400,216200.0
2024-05-14,1 SKU,45,45,45,3521820,78262.66666666667
2024-05-14,2 SKU,8,8,16,1239040,154880.0
2024-05-14,3 SKU,1,1,3,219870,219870.0
2024-05-14,4 SKU 이상,1,1,5,187500,187500.0
2024-05-15,1 SKU,67,66,68,6183530,92291.49253731343
2024-05-15,2 SKU,15,15,32,2682040,178802.66666666666
2024-05-15,3 SKU,6,6,21,1171540,195256.66666666666
2024-05-15,4 SKU 이상,2,2,10,440400,220200.0
2024-05-16,1 SKU,51,50,53,4090900,80213.72549019608
2024-05-16,2 SKU,6,6,12,731500,121916.66666666667
2024-05-16,3 SKU,3,3,11,755120,251706.66666666666
2024-05-16,4 SKU 이상,1,1,8,436000,436000.0
2024-05-17,1 SKU,31,31,31,2234400,72077.41935483871
2024-05-17,2 SKU,4,4,8,379310,94827.5
2024-05-17,3 SKU,3,3,9,608260,202753.33333333334
2024-05-17,4 SKU 이상,2,2,9,566760,283380.0
2024-05-18,1 SKU,41,41,41,3092650,75430.48780487805
2024-05-18,2 SKU,15,15,30,1973030,131535.33333333334
2024-05-19,1 SKU,50,50,51,4207030,84140.6
2024-05-19,2 SKU,17,17,35,2364550,139091.17647058822
2024-05-19,4 SKU 이상,1,1,4,198000,198000.0
2024-05-20,1 SKU,49,49,50,3658430,74661.83673469388
2024-05-20,2 SKU,10,10,25,1223640,122364.0
2024-05-20,3 SKU,4,4,28,2618030,654507.5
2024-05-20,4 SKU 이상,1,1,7,61000,61000.0
2024-05-21,1 SKU,46,45,46,4015930,87302.82608695653
2024-05-21,2 SKU,10,10,20,1220570,122057.0
2024-05-21,3 SKU,2,2,6,365480,182740.0
2024-05-21,4 SKU 이상,2,2,13,498600,249300.0
2024-05-22,1 SKU,41,41,41,3451870,84191.9512195122
2024-05-22,2 SKU,12,12,24,1399690,116640.83333333333
2024-05-22,3 SKU,3,3,9,359600,119866.66666666667
2024-05-22,4 SKU 이상,1,1,5,222220,222220.0
2024-05-23,1 SKU,42,42,43,3346040,79667.61904761905
2024-05-23,2 SKU,7,7,14,1140600,162942.85714285713
2024-05-23,3 SKU,5,5,15,748580,149716.0
2024-05-23,4 SKU 이상,1,1,4,173000,173000.0
2024-05-24,1 SKU,36,33,38,2573950,71498.61111111111
2024-05-24,2 SKU,13,13,28,1528480,117575.38461538461
2024-05-24,3 SKU,3,3,9,551240,183746.66666666666
2024-05-24,4 SKU 이상,2,2,10,435560,217780.0
2024-05-25,1 SKU,30,30,31,2584060,86135.33333333333
2024-05-25,2 SKU,7,6,14,779100,111300.0
2024-05-25,3 SKU,2,2,6,439390,219695.0
2024-05-26,1 SKU,53,52,54,4483860,84601.1320754717
2024-05-26,2 SKU,11,11,22,1472990,133908.18181818182
2024-05-26,3 SKU,1,1,3,98500,98500.0
2024-05-26,4 SKU 이상,4,4,19,857550,214387.5
2024-05-27,1 SKU,50,49,51,3955170,79103.4
2024-05-27,2 SKU,13,13,26,1996120,153547.6923076923
2024-05-27,3 SKU,10,10,30,2212600,221260.0
2024-05-27,4 SKU 이상,7,7,35,1373740,196248.57142857142
2024-05-28,1 SKU,32,32,35,3101180,96911.875
2024-05-28,2 SKU,16,15,37,2727830,170489.375
2024-05-28,3 SKU,5,5,33,1540370,308074.0
2024-05-28,4 SKU 이상,2,2,13,458000,229000.0
2024-05-29,1 SKU,38,38,42,3346860,88075.26315789473
2024-05-29,2 SKU,9,9,19,948920,105435.55555555556
2024-05-29,3 SKU,3,3,9,627560,209186.66666666666
2024-05-29,4 SKU 이상,5,5,22,1281500,256300.0
2024-05-30,1 SKU,35,35,44,3612970,103227.71428571429
2024-05-30,2 SKU,17,14,35,2129400,125258.82352941176
2024-05-30,3 SKU,2,2,6,296740,148370.0
2024-05-30,4 SKU 이상,2,2,9,533060,266530.0
2024-05-31,1 SKU,20,19,21,1629510,81475.5
2024-05-31,2 SKU,5,5,10,598030,119606.0
2024-05-31,3 SKU,3,3,9,817520,272506.6666666667
2024-05-31,4 SKU 이상,5,5,28,1338700,267740.0
2024-06-01,1 SKU,23,23,24,1928540,83849.56521739131
2024-06-01,2 SKU,12,12,26,1729350,144112.5
2024-06-01,3 SKU,2,2,6,336270,168135.0
2024-06-01,4 SKU 이상,2,2,8,598480,299240.0
2024-06-02,1 SKU,40,40,40,2685870,67146.75
2024-06-02,2 SKU,7,7,14,959440,137062.85714285713
2024-06-02,3 SKU,4,4,12,325300,81325.0
2024-06-03,1 SKU,39,39,39,3273170,83927.43589743589
2024-06-03,2 SKU,11,11,22,1598630,145330.0
2024-06-03,3 SKU,5,5,15,1075360,215072.0
2024-06-04,1 SKU,41,41,41,2745920,66973.65853658537
2024-06-04,2 SKU,18,18,40,2743130,152396.11111111112
2024-06-04,3 SKU,2,2,6,105290,52645.0
2024-06-04,4 SKU 이상,3,3,14,930650,310216.6666666667
2024-06-05,1 SKU,30,30,30,2256870,75229.0
2024-06-05,2 SKU,6,6,12,640860,106810.0
2024-06-05,3 SKU,1,1,3,257200,257200.0
2024-06-06,1 SKU,43,43,43,3100330,72100.69767441861
2024-06-06,2 SKU,13,13,27,1704920,131147.6923076923
2024-06-07,1 SKU,51,51,51,4057290,79554.70588235294
2024-06-07,2 SKU,5,5,10,655770,131154.0
2024-06-07,3 SKU,2,2,6,504730,252365.0
2024-06-07,4 SKU 이상,1,1,5,218300,218300.0
2024-06-08,1 SKU,38,37,38,3012700,79281.57894736843
2024-06-08,2 SKU,8,8,16,1548640,193580.0
2024-06-08,3 SKU,3,3,9,868880,289626.6666666667
2024-06-08,4 SKU 이상,1,1,9,521200,521200.0
2024-06-09,1 SKU,44,43,46,3036820,69018.63636363637
2024-06-09,2 SKU,10,10,20,1182160,118216.0
2024-06-09,3 SKU,5,5,15,1754860,350972.0
2024-06-10,1 SKU,54,54,57,4283200,79318.51851851853
2024-06-10,2 SKU,8,8,16,713840,89230.0
2024-06-10,3 SKU,3,3,12,644850,214950.0
2024-06-10,4 SKU 이상,2,2,8,424750,212375.0
2024-06-11,1 SKU,31,30,31,1848180,59618.709677419356
2024-06-11,2 SKU,14,14,28,1497990,106999.28571428571
2024-06-11,3 SKU,4,4,14,516120,129030.0
2024-06-11,4 SKU 이상,2,2,16,457300,228650.0
2024-06-12,1 SKU,44,44,49,3365360,76485.45454545454
2024-06-12,2 SKU,4,4,8,469460,117365.0
2024-06-12,3 SKU,5,5,15,714240,142848.0
2024-06-12,4 SKU 이상,3,3,14,726090,242030.0
2024-06-13,1 SKU,47,47,50,3614510,76904.46808510639
2024-06-13,2 SKU,10,10,21,1586110,158611.0
2024-06-13,3 SKU,5,5,16,977080,195416.0
2024-06-13,4 SKU 이상,3,3,18,709910,236636.66666666666
2024-06-14,1 SKU,87,87,87,5480440,62993.5632183908
2024-06-14,2 SKU,34,34,69,4274860,125731.17647058824
2024-06-14,3 SKU,14,13,46,2913830,208130.7142857143
2024-06-14,4 SKU 이상,9,9,44,2806130,311792.22222222225
2024-06-15,1 SKU,37,36,38,2385660,64477.2972972973
2024-06-15,2 SKU,8,8,16,1102180,137772.5
2024-06-15,3 SKU,6,6,18,857480,142913.33333333334
2024-06-15,4 SKU 이상,3,3,16,549990,183330.0
2024-06-16,1 SKU,66,62,66,4399600,66660.60606060606
2024-06-16,2 SKU,14,14,28,1907890,136277.85714285713
2024-06-16,3 SKU,8,8,26,1335530,166941.25
2024-06-16,4 SKU 이상,7,7,32,1628850,232692.85714285713
2024-06-17,1 SKU,65,64,67,4931800,75873.84615384616
2024-06-17,2 SKU,17,17,34,1928200,113423.5294117647
2024-06-17,3 SKU,4,4,12,531470,132867.5
2024-06-17,4 SKU 이상,3,3,20,977950,325983.3333333333
2024-06-18,1 SKU,75,73,77,5467250,72896.66666666667
2024-06-18,2 SKU,12,12,24,1388610,115717.5
2024-06-18,3 SKU,8,8,24,1471700,183962.5
2024-06-18,4 SKU 이상,6,6,29,1343420,223903.33333333334
2024-06-19,1 SKU,65,65,66,3977380,61190.46153846154
2024-06-19,2 SKU,13,13,26,1253280,96406.15384615384
2024-06-19,3 SKU,9,9,27,1725380,191708.88888888888
2024-06-19,4 SKU 이상,10,10,43,2297300,229730.0
2024-06-20,1 SKU,74,74,74,4959310,67017.7027027027
2024-06-20,2 SKU,15,15,30,1629330,108622.0
2024-06-20,3 SKU,4,4,12,569060,142265.0
2024-06-20,4 SKU 이상,3,3,12,630280,210093.33333333334
2024-06-21,1 SKU,51,50,51,3401320,66692.54901960785
2024-06-21,2 SKU,14,14,29,1826580,130470.0
2024-06-21,3 SKU,4,4,13,751760,187940.0
2024-06-21,4 SKU 이상,3,3,17,1083950,361316.6666666667
2024-06-22,1 SKU,44,43,45,3577540,81307.72727272728
2024-06-22,2 SKU,9,9,18,1170990,130110.0
2024-06-22,3 SKU,4,4,12,765030,191257.5
2024-06-22,4 SKU 이상,1,1,6,217890,217890.0
2024-06-23,1 SKU,53,53,54,3616250,68231.1320754717
2024-06-23,2 SKU,13,13,26,1149760,88443.07692307692
2024-06-23,3 SKU,6,6,18,932680,155446.66666666666
2024-06-23,4 SKU 이상,8,8,34,2345770,293221.25
2024-06-24,1 SKU,72,71,75,5195550,72160.41666666667
2024-06-24,2 SKU,11,11,22,1581680,143789.0909090909
2024-06-24,3 SKU,4,4,12,788750,197187.5
2024-06-24,4 SKU 이상,3,3,15,717620,239206.66666666666
2024-06-25,1 SKU,50,50,51,4010690,80213.8
2024-06-25,2 SKU,6,6,12,698420,116403.33333333333
2024-06-25,3 SKU,5,5,15,1093790,218758.0
2024-06-25,4 SKU 이상,3,2,17,685000,228333.33333333334
2024-06-26,1 SKU,62,62,64,4079400,65796.7741935484
2024-06-26,2 SKU,12,12,26,1664250,138687.5
2024-06-26,3 SKU,3,3,9,431080,143693.33333333334
2024-06-26,4 SKU 이상,4,4,18,780770,195192.5
2024-06-27,1 SKU,36,36,62,4106930,114081.38888888889
2024-06-27,2 SKU,5,5,13,506900,101380.0
2024-06-27,3 SKU,6,6,18,1022780,170463.33333333334
2024-06-28,1 SKU,43,42,44,3129930,72789.06976744186
2024-06-28,2 SKU,7,7,14,644210,92030.0
2024-06-28,3 SKU,3,3,10,423730,141243.33333333334
2024-06-28,4 SKU 이상,2,2,9,342290,171145.0
2024-06-29,1 SKU,37,37,37,2564980,69323.78378378379
2024-06-29,2 SKU,9,9,18,1460530,162281.11111111112
2024-06-29,3 SKU,1,1,3,172700,172700.0
2024-06-29,4 SKU 이상,2,2,9,441100,220550.0
2024-06-30,1 SKU,69,69,69,6216360,90092.17391304347
2024-06-30,2 SKU,12,12,25,1828340,152361.66666666666
2024-06-30,3 SKU,6,6,21,826440,137740.0
2024-06-30,4 SKU 이상,3,3,18,1199610,399870.0
2024-07-01,1 SKU,47,46,47,3471500,73861.70212765958
2024-07-01,2 SKU,22,22,44,2682140,121915.45454545454
2024-07-01,3 SKU,2,2,6,335780,167890.0
2024-07-01,4 SKU 이상,1,1,4,124370,124370.0
2024-07-02,1 SKU,45,45,45,3682640,81836.44444444444
2024-07-02,2 SKU,15,15,60,2787880,185858.66666666666
2024-07-02,3 SKU,2,2,6,504210,252105.0
2024-07-02,4 SKU 이상,4,4,19,876640,219160.0
2024-07-03,1 SKU,58,49,59,4313490,74370.5172413793
2024-07-03,2 SKU,12,12,24,1463650,121970.83333333333
2024-07-03,3 SKU,5,5,15,768190,153638.0
2024-07-04,1 SKU,41,41,41,2767280,67494.63414634146
2024-07-04,2 SKU,12,12,24,1469450,122454.16666666667
2024-07-04,4 SKU 이상,3,3,19,1102160,367386.6666666667
2024-07-05,1 SKU,45,41,45,3503110,77846.88888888889
2024-07-05,2 SKU,10,10,20,1491660,149166.0
2024-07-05,3 SKU,2,2,6,455700,227850.0
2024-07-05,4 SKU 이상,5,5,21,1013410,202682.0
2024-07-06,1 SKU,41,41,47,3010770,73433.41463414633
2024-07-06,2 SKU,7,7,14,681130,97304.28571428571
2024-07-06,3 SKU,2,2,6,468620,234310.0
2024-07-06,4 SKU 이상,2,2,11,405420,202710.0
2024-07-07,1 SKU,34,34,35,2475300,72802.94117647059
2024-07-07,2 SKU,2,2,4,233780,116890.0
2024-07-07,3 SKU,3,3,9,512520,170840.0
2024-07-07,4 SKU 이상,2,2,11,471380,235690.0
2024-07-08,1 SKU,62,61,63,4305420,69442.25806451614
2024-07-08,2 SKU,11,11,23,1154340,104940.0
2024-07-08,3 SKU,4,4,12,695890,173972.5
2024-07-08,4 SKU 이상,2,2,12,499700,249850.0
2024-07-09,1 SKU,51,46,52,3771310,73947.25490196078
2024-07-09,2 SKU,10,10,21,1342440,134244.0
2024-07-09,3 SKU,1,1,3,41500,41500.0
2024-07-09,4 SKU 이상,1,1,5,345800,345800.0
2024-07-10,1 SKU,60,59,62,3924180,65403.0
2024-07-10,2 SKU,11,11,24,1054140,95830.90909090909
2024-07-10,3 SKU,4,4,12,549430,137357.5
2024-07-10,4 SKU 이상,2,2,11,472670,236335.0
2024-07-11,1 SKU,52,52,52,3216290,61851.730769230766
2024-07-11,2 SKU,4,4,9,483430,120857.5
2024-07-11,3 SKU,4,4,12,846590,211647.5
2024-07-11,4 SKU 이상,3,3,13,567400,189133.33333333334
2024-07-12,1 SKU,42,42,45,3264520,77726.66666666667
2024-07-12,2 SKU,13,13,29,1561590,120122.30769230769
2024-07-12,4 SKU 이상,1,1,4,232600,232600.0
2024-07-13,1 SKU,36,36,36,2341930,65053.61111111111
2024-07-13,2 SKU,7,7,14,786950,112421.42857142857
2024-07-13,3 SKU,1,1,3,153500,153500.0
2024-07-13,4 SKU 이상,2,2,8,494600,247300.0
2024-07-14,1 SKU,78,76,79,4764010,61077.05128205128
2024-07-14,2 SKU,8,8,18,685540,85692.5
2024-07-14,3 SKU,3,3,9,495170,165056.66666666666
2024-07-14,4 SKU 이상,1,1,5,249470,249470.0
2024-07-15,1 SKU,67,67,69,4896120,73076.41791044777
2024-07-15,2 SKU,8,8,16,955850,119481.25
2024-07-15,3 SKU,1,1,3,209610,209610.0
2024-07-15,4 SKU 이상,3,3,12,605550,201850.0
2024-07-16,1 SKU,50,48,59,3224090,64481.8
2024-07-16,2 SKU,12,12,24,1139010,94917.5
2024-07-16,3 SKU,3,3,9,428200,142733.33333333334
2024-07-16,4 SKU 이상,1,1,4,375200,375200.0
2024-07-17,1 SKU,49,48,49,3656150,74615.30612244898
2024-07-17,2 SKU,8,8,17,1009710,126213.75
2024-07-17,3 SKU,3,3,9,405020,135006.66666666666
2024-07-17,4 SKU 이상,2,2,10,272900,136450.0
2024-07-18,1 SKU,98,98,99,6694290,68309.08163265306
2024-07-18,2 SKU,21,21,42,2659260,126631.42857142857
2024-07-18,3 SKU,9,9,28,1584750,176083.33333333334
2024-07-18,4 SKU 이상,2,2,8,474390,237195.0
2024-07-19,1 SKU,66,66,77,4925650,74631.06060606061
2024-07-19,2 SKU,13,13,27,1548870,119143.84615384616
2024-07-19,3 SKU,1,1,3,259110,259110.0
2024-07-19,4 SKU 이상,1,1,4,287670,287670.0
2024-07-20,1 SKU,59,59,60,3884400,65837.28813559322
2024-07-20,2 SKU,14,14,28,1727430,123387.85714285714
2024-07-20,3 SKU,1,1,3,135070,135070.0
2024-07-20,4 SKU 이상,1,1,4,193650,193650.0
2024-07-21,1 SKU,83,83,85,5878380,70823.85542168675
2024-07-21,2 SKU,15,15,31,1695000,113000.0
2024-07-21,3 SKU,7,7,21,1450770,207252.85714285713
2024-07-21,4 SKU 이상,1,1,4,222750,222750.0
2024-07-22,1 SKU,60,59,65,4918750,81979.16666666667
2024-07-22,2 SKU,11,11,22,1332860,121169.09090909091
2024-07-22,3 SKU,1,1,3,202900,202900.0
2024-07-22,4 SKU 이상,2,2,9,504230,252115.0
2024-07-23,1 SKU,53,53,54,3524820,66506.03773584905
2024-07-23,2 SKU,6,6,12,846440,141073.33333333334
2024-07-23,3 SKU,5,5,16,804940,160988.0
2024-07-23,4 SKU 이상,1,1,4,290420,290420.0
2024-07-24,1 SKU,64,64,65,4810650,75166.40625
2024-07-24,2 SKU,8,8,16,1198180,149772.5
2024-07-24,3 SKU,4,4,12,571760,142940.0
2024-07-24,4 SKU 이상,1,1,5,300330,300330.0
2024-07-25,1 SKU,66,66,66,4771200,72290.90909090909
2024-07-25,2 SKU,19,19,40,2035390,107125.78947368421
2024-07-25,3 SKU,2,2,6,243820,121910.0
2024-07-25,4 SKU 이상,1,1,4,204530,204530.0
2024-07-26,1 SKU,47,47,47,3178820,67634.46808510639
2024-07-26,2 SKU,12,12,28,1158020,96501.66666666667
2024-07-26,3 SKU,5,5,15,739410,147882.0
2024-07-26,4 SKU 이상,3,3,16,774620,258206.66666666666
2024-07-27,1 SKU,36,36,37,2651200,73644.44444444444
2024-07-27,2 SKU,4,4,8,440540,110135.0
2024-07-27,3 SKU,2,2,6,275600,137800.0
2024-07-27,4 SKU 이상,1,1,4,317810,317810.0
2024-07-28,1 SKU,51,50,52,3638610,71345.29411764706
2024-07-28,2 SKU,5,5,10,445150,89030.0
2024-07-28,3 SKU,2,2,6,276720,138360.0
2024-07-28,4 SKU 이상,2,2,11,919560,459780.0
2024-07-29,1 SKU,54,54,54,3582040,66334.07407407407
2024-07-29,2 SKU,5,5,12,329180,65836.0
2024-07-29,3 SKU,3,3,11,544490,181496.66666666666
2024-07-29,4 SKU 이상,1,1,4,204800,204800.0
2024-07-30,1 SKU,51,50,51,3427000,67196.07843137255
2024-07-30,2 SKU,11,11,22,1476820,134256.36363636365
2024-07-30,3 SKU,1,1,3,117970,117970.0
2024-07-30,4 SKU 이상,1,1,16,452000,452000.0
2024-07-31,1 SKU,40,39,45,2944030,73600.75
2024-07-31,2 SKU,9,9,18,1242330,138036.66666666666
2024-07-31,3 SKU,1,1,3,200770,200770.0
2024-07-31,4 SKU 이상,2,2,10,564720,282360.0
2024-08-01,1 SKU,48,48,48,3254940,67811.25
2024-08-01,2 SKU,11,11,22,1190990,108271.81818181818
2024-08-01,4 SKU 이상,2,2,9,569210,284605.0
2024-08-02,1 SKU,43,43,45,2429190,56492.79069767442
2024-08-02,2 SKU,10,10,20,1383870,138387.0
2024-08-02,3 SKU,4,4,13,655940,163985.0
2024-08-02,4 SKU 이상,1,1,4,239200,239200.0
2024-08-03,1 SKU,37,37,37,2581340,69765.94594594595
2024-08-03,2 SKU,7,7,14,728180,104025.71428571429
2024-08-03,3 SKU,3,3,9,463010,154336.66666666666
2024-08-03,4 SKU 이상,1,1,9,339000,339000.0
2024-08-04,1 SKU,44,44,45,3070110,69775.22727272728
2024-08-04,2 SKU,11,11,23,1157290,105208.18181818182
2024-08-04,3 SKU,2,2,6,269070,134535.0
2024-08-04,4 SKU 이상,1,1,4,213080,213080.0
2024-08-05,1 SKU,40,40,40,2627820,65695.5
2024-08-05,2 SKU,8,8,16,871340,108917.5
2024-08-05,4 SKU 이상,1,1,4,185060,185060.0
2024-08-06,1 SKU,42,42,42,3017550,71846.42857142857
2024-08-06,2 SKU,5,5,10,457060,91412.0
2024-08-06,3 SKU,4,4,250,14508830,3627207.5
2024-08-06,4 SKU 이상,1,1,4,153000,153000.0
2024-08-07,1 SKU,28,28,28,1687050,60251.78571428572
2024-08-07,2 SKU,4,4,41,2404160,601040.0
2024-08-07,3 SKU,2,2,6,254010,127005.0
2024-08-07,4 SKU 이상,1,1,4,133000,133000.0
2024-08-08,1 SKU,65,65,65,4110480,63238.153846153844
2024-08-08,2 SKU,11,11,22,853590,77599.09090909091
2024-08-08,3 SKU,3,3,9,485620,161873.33333333334
2024-08-08,4 SKU 이상,2,2,8,300330,150165.0
2024-08-09,1 SKU,34,33,40,2716220,79888.82352941176
2024-08-09,2 SKU,12,12,49,2275230,189602.5
2024-08-09,3 SKU,1,1,3,214920,214920.0
2024-08-09,4 SKU 이상,2,2,13,1009360,504680.0
2024-08-10,1 SKU,43,42,43,2726170,63399.3023255814
2024-08-10,2 SKU,8,8,16,1020380,127547.5
2024-08-10,3 SKU,1,1,3,96840,96840.0
2024-08-10,4 SKU 이상,1,1,14,159500,159500.0
2024-08-11,1 SKU,47,47,49,3144690,66908.29787234042
2024-08-11,2 SKU,6,6,13,873150,145525.0
2024-08-11,3 SKU,2,2,6,193120,96560.0
2024-08-12,1 SKU,35,35,35,2294560,65558.85714285714
2024-08-12,2 SKU,8,8,16,633790,79223.75
2024-08-12,3 SKU,5,5,16,750880,150176.0
2024-08-12,4 SKU 이상,1,1,5,377910,377910.0
2024-08-13,1 SKU,33,33,34,2693430,81619.09090909091
2024-08-13,2 SKU,6,6,12,816710,136118.33333333334
2024-08-13,3 SKU,1,1,3,218000,218000.0
2024-08-13,4 SKU 이상,1,1,4,352800,352800.0
2024-08-14,1 SKU,41,41,43,3152960,76901.46341463414
2024-08-14,2 SKU,3,3,6,199580,66526.66666666667
2024-08-14,3 SKU,3,3,9,497850,165950.0
2024-08-14,4 SKU 이상,2,2,12,653500,326750.0
2024-08-15,1 SKU,36,36,37,2544000,70666.66666666667
2024-08-15,2 SKU,4,4,8,720000,180000.0
2024-08-15,3 SKU,4,4,13,437020,109255.0
2024-08-16,1 SKU,42,41,42,2978030,70905.47619047618
2024-08-16,2 SKU,3,3,6,375270,125090.0
2024-08-16,3 SKU,3,3,10,169450,56483.333333333336
2024-08-16,4 SKU 이상,1,1,4,241870,241870.0
2024-08-17,1 SKU,41,41,42,2710050,66098.78048780488
2024-08-17,2 SKU,3,3,6,425600,141866.66666666666
2024-08-17,3 SKU,3,3,9,567550,189183.33333333334
2024-08-18,1 SKU,41,40,42,2802350,68350.0
2024-08-18,2 SKU,8,8,16,827310,103413.75
2024-08-18,3 SKU,2,2,6,318920,159460.0
2024-08-19,1 SKU,48,47,52,2832150,59003.125
2024-08-19,2 SKU,5,5,16,415060,83012.0
2024-08-19,3 SKU,1,1,3,178500,178500.0
2024-08-20,1 SKU,41,41,42,3457600,84331.70731707317
2024-08-20,2 SKU,6,6,13,492830,82138.33333333333
2024-08-21,1 SKU,51,51,52,3356260,65809.01960784313
2024-08-21,2 SKU,9,9,24,997540,110837.77777777778
2024-08-21,3 SKU,3,3,9,479590,159863.33333333334
2024-08-21,4 SKU 이상,1,1,6,103770,103770.0
2024-08-22,1 SKU,52,51,55,5120180,98465.0
2024-08-22,2 SKU,6,6,12,737130,122855.0
2024-08-22,3 SKU,3,3,9,521200,173733.33333333334
2024-08-22,4 SKU 이상,2,2,11,437110,218555.0
2024-08-23,1 SKU,29,29,29,2818690,97196.20689655172
2024-08-23,2 SKU,6,6,12,694940,115823.33333333333
2024-08-23,4 SKU 이상,2,2,12,658300,329150.0
2024-08-24,1 SKU,34,34,34,2343160,68916.4705882353
2024-08-24,2 SKU,5,5,10,756660,151332.0
2024-08-24,3 SKU,2,2,6,336700,168350.0
2024-08-25,1 SKU,44,44,44,3192980,72567.72727272728
2024-08-25,2 SKU,9,9,18,1067870,118652.22222222222
2024-08-25,3 SKU,2,2,6,463610,231805.0
2024-08-25,4 SKU 이상,4,4,17,687180,171795.0
2024-08-26,1 SKU,42,42,42,2937140,69931.90476190476
2024-08-26,2 SKU,10,10,20,1161730,116173.0
2024-08-26,3 SKU,2,2,6,207970,103985.0
2024-08-26,4 SKU 이상,1,1,5,383880,383880.0
2024-08-27,1 SKU,34,33,45,4006490,117837.94117647059
2024-08-27,2 SKU,5,5,11,569720,113944.0
2024-08-27,3 SKU,5,5,16,544290,108858.0
2024-08-27,4 SKU 이상,2,2,10,370450,185225.0
2024-08-28,1 SKU,39,39,39,2787950,71485.89743589744
2024-08-28,2 SKU,5,5,10,860420,172084.0
2024-08-28,3 SKU,3,3,10,506150,168716.66666666666
2024-08-28,4 SKU 이상,1,1,6,284000,284000.0
2024-08-29,1 SKU,28,28,29,1989530,71054.64285714286
2024-08-29,2 SKU,4,4,8,199100,49775.0
2024-08-29,3 SKU,1,1,3,249500,249500.0
2024-08-30,1 SKU,26,26,27,1834350,70551.92307692308
2024-08-30,2 SKU,8,8,17,706090,88261.25
2024-08-30,3 SKU,6,6,19,1002070,167011.66666666666
2024-08-30,4 SKU 이상,2,2,9,370000,185000.0
2024-08-31,1 SKU,27,27,27,1886140,69857.03703703704
2024-08-31,2 SKU,7,7,22,886080,126582.85714285714
2024-08-31,3 SKU,3,3,11,800520,266840.0
2024-08-31,4 SKU 이상,2,2,12,428290,214145.0
2024-09-01,1 SKU,38,38,38,3289950,86577.63157894737
2024-09-01,2 SKU,9,9,18,1413900,157100.0
2024-09-01,3 SKU,2,2,7,325800,162900.0
2024-09-01,4 SKU 이상,3,2,20,1332530,444176.6666666667
2024-09-02,1 SKU,25,25,25,1841940,73677.6
2024-09-02,2 SKU,6,6,26,1316620,219436.66666666666
2024-09-02,3 SKU,3,3,21,764520,254840.0
2024-09-02,4 SKU 이상,3,3,27,1034900,344966.6666666667
2024-09-03,1 SKU,41,41,42,2630320,64154.14634146341
2024-09-03,2 SKU,10,10,21,823760,82376.0
2024-09-03,3 SKU,1,1,3,218610,218610.0
2024-09-04,1 SKU,33,33,33,2212240,67037.57575757576
2024-09-04,2 SKU,8,8,16,1270160,158770.0
2024-09-04,3 SKU,6,6,21,1108370,184728.33333333334
2024-09-04,4 SKU 이상,1,1,4,89000,89000.0
2024-09-05,1 SKU,38,37,40,2687410,70721.31578947368
2024-09-05,2 SKU,20,20,41,2480980,124049.0
2024-09-05,3 SKU,7,7,21,1240970,177281.42857142858
2024-09-05,4 SKU 이상,3,3,12,780400,260133.33333333334
2024-09-06,1 SKU,29,29,30,1925330,66390.68965517242
2024-09-06,2 SKU,5,5,11,418830,83766.0
2024-09-06,3 SKU,5,5,15,803820,160764.0
2024-09-07,1 SKU,48,48,55,3009220,62692.083333333336
2024-09-07,2 SKU,11,11,22,1321660,120150.90909090909
2024-09-07,3 SKU,1,1,3,155290,155290.0
2024-09-07,4 SKU 이상,2,2,13,686420,343210.0
2024-09-08,1 SKU,71,71,72,4633320,65258.028169014084
2024-09-08,2 SKU,6,6,12,556260,92710.0
2024-09-08,3 SKU,4,3,12,777010,194252.5
2024-09-08,4 SKU 이상,2,2,18,745130,372565.0
2024-09-09,1 SKU,24,24,27,2437530,101563.75
2024-09-09,2 SKU,5,5,10,682180,136436.0
2024-09-09,3 SKU,3,3,9,388370,129456.66666666667
2024-09-09,4 SKU 이상,1,1,4,285300,285300.0
2024-09-10,1 SKU,31,31,31,2451930,79094.51612903226
2024-09-10,2 SKU,11,11,22,1669070,151733.63636363635
2024-09-10,4 SKU 이상,3,3,14,862360,287453.3333333333
2024-09-11,1 SKU,51,51,51,3250620,63737.64705882353
2024-09-11,2 SKU,12,12,24,1362160,113513.33333333333
2024-09-11,3 SKU,5,5,15,555580,111116.0
2024-09-11,4 SKU 이상,5,5,28,1326760,265352.0
2024-09-12,1 SKU,210,208,219,9703570,46207.47619047619
2024-09-12,2 SKU,26,26,55,2736300,105242.30769230769
2024-09-12,3 SKU,13,13,40,1515150,116550.0
2024-09-12,4 SKU 이상,5,5,22,946500,189300.0
2024-09-13,1 SKU,84,84,88,5319500,63327.380952380954
2024-09-13,2 SKU,19,19,38,1824380,96020.0
2024-09-13,3 SKU,3,3,9,449660,149886.66666666666
2024-09-13,4 SKU 이상,2,2,10,498010,249005.0
2024-09-14,1 SKU,59,59,62,3199480,54228.47457627119
2024-09-14,2 SKU,6,6,12,806020,134336.66666666666
2024-09-14,3 SKU,1,1,4,26000,26000.0
2024-09-14,4 SKU 이상,2,2,8,371670,185835.0
2024-09-15,1 SKU,56,56,56,2952800,52728.57142857143
2024-09-15,2 SKU,14,14,30,1370130,97866.42857142857
2024-09-15,3 SKU,2,2,6,436440,218220.0
2024-09-15,4 SKU 이상,2,2,9,383990,191995.0
2024-09-16,1 SKU,59,59,63,3726489,63160.83050847457
2024-09-16,2 SKU,6,6,12,590230,98371.66666666667
2024-09-16,3 SKU,4,4,12,533290,133322.5
2024-09-16,4 SKU 이상,2,2,9,182690,91345.0
2024-09-17,1 SKU,36,36,36,2074499,57624.97222222222
2024-09-17,2 SKU,9,9,20,418620,46513.333333333336
2024-09-17,3 SKU,1,1,3,100000,100000.0
2024-09-17,4 SKU 이상,1,1,4,22000,22000.0
2024-09-18,1 SKU,94,93,96,6543320,69609.78723404255
2024-09-18,2 SKU,21,21,44,2563158,122055.14285714286
2024-09-18,3 SKU,13,13,46,1385960,106612.30769230769
2024-09-18,4 SKU 이상,5,5,24,963440,192688.0
2024-09-19,1 SKU,50,50,51,2933750,58675.0
2024-09-19,2 SKU,6,6,12,440340,73390.0
2024-09-19,3 SKU,2,2,6,170299,85149.5
2024-09-19,4 SKU 이상,1,1,4,283140,283140.0
2024-09-20,1 SKU,59,59,62,4067550,68941.52542372882
2024-09-20,2 SKU,9,9,19,1007090,111898.88888888889
2024-09-20,3 SKU,5,5,18,725600,145120.0
2024-09-21,1 SKU,60,60,68,4504010,75066.83333333333
2024-09-21,2 SKU,11,11,23,1000190,90926.36363636363
2024-09-21,4 SKU 이상,2,2,12,420770,210385.0
2024-09-22,1 SKU,544,541,555,25744883,47325.15257352941
2024-09-22,2 SKU,74,74,170,3587230,48476.08108108108
2024-09-22,3 SKU,28,28,89,946280,33795.71428571428
2024-09-22,4 SKU 이상,8,8,33,1400700,175087.5
2024-09-23,1 SKU,49,48,50,4032400,82293.87755102041
2024-09-23,2 SKU,5,5,10,755350,151070.0
2024-09-23,4 SKU 이상,1,1,7,298500,298500.0
2024-09-24,1 SKU,38,38,42,3909380,102878.42105263157
2024-09-24,2 SKU,7,7,14,1026070,146581.42857142858
2024-09-24,3 SKU,3,3,9,414200,138066.66666666666
2024-09-25,1 SKU,39,39,40,2893269,74186.38461538461
2024-09-25,2 SKU,4,4,8,254500,63625.0
2024-09-25,3 SKU,1,1,3,189320,189320.0
2024-09-26,1 SKU,33,33,42,2736340,82919.39393939394
2024-09-26,2 SKU,6,6,12,771270,128545.0
2024-09-27,1 SKU,35,33,38,3550900,101454.28571428571
2024-09-27,2 SKU,4,4,9,907929,226982.25
2024-09-27,3 SKU,4,4,12,1035110,258777.5
2024-09-28,1 SKU,31,30,31,3655810,117929.35483870968
2024-09-28,2 SKU,2,2,4,365200,182600.0
2024-09-28,3 SKU,1,1,3,123860,123860.0
2024-09-29,1 SKU,31,31,38,3141929,101352.54838709677
2024-09-29,2 SKU,6,6,12,825860,137643.33333333334
2024-09-30,1 SKU,80,78,85,7497889,93723.6125
2024-09-30,2 SKU,13,13,26,2132270,164020.76923076922
2024-09-30,3 SKU,3,3,9,792900,264300.0
2024-10-01,1 SKU,68,67,69,6279709,92348.66176470589
2024-10-01,2 SKU,19,19,38,3559270,187330.0
2024-10-01,3 SKU,6,6,19,1899580,316596.6666666667
2024-10-02,1 SKU,46,46,56,5953180,129416.95652173914
2024-10-02,2 SKU,11,11,22,1771250,161022.72727272726
2024-10-02,3 SKU,1,1,3,235800,235800.0
2024-10-02,4 SKU 이상,1,1,15,773500,773500.0
2024-10-03,1 SKU,49,48,49,5293479,108030.1836734694
2024-10-03,2 SKU,13,13,30,2680770,206213.07692307694
2024-10-03,3 SKU,3,3,10,694810,231603.33333333334
2024-10-03,4 SKU 이상,1,1,4,70000,70000.0
2024-10-04,1 SKU,36,36,39,3868488,107458.0
2024-10-04,2 SKU,8,8,16,1807150,225893.75
2024-10-04,3 SKU,1,1,3,326110,326110.0
2024-10-04,4 SKU 이상,1,1,4,256700,256700.0
2024-10-05,1 SKU,52,52,53,4586189,88195.94230769231
2024-10-05,2 SKU,4,4,8,807040,201760.0
2024-10-05,3 SKU,2,2,6,394170,197085.0
2024-10-05,4 SKU 이상,2,2,13,991969,495984.5
2024-10-06,1 SKU,56,56,65,5868700,104798.21428571429
2024-10-06,2 SKU,8,8,16,1293660,161707.5
2024-10-06,3 SKU,2,2,6,713300,356650.0
2024-10-07,1 SKU,50,50,51,4583120,91662.4
2024-10-07,2 SKU,4,4,8,635100,158775.0
2024-10-07,3 SKU,4,4,14,641270,160317.5
2024-10-07,4 SKU 이상,2,2,8,723900,361950.0
2024-10-08,1 SKU,46,46,50,4915469,106858.02173913043
2024-10-08,2 SKU,9,9,22,1449250,161027.77777777778
2024-10-08,3 SKU,4,4,12,1349680,337420.0
2024-10-08,4 SKU 이상,2,2,8,719040,359520.0
2024-10-09,1 SKU,51,51,51,4529929,88822.13725490196
2024-10-09,2 SKU,9,8,22,1372050,152450.0
2024-10-09,4 SKU 이상,1,1,4,164500,164500.0
2024-10-10,1 SKU,56,56,56,5723390,102203.39285714286
2024-10-10,2 SKU,7,7,14,1429460,204208.57142857142
2024-10-10,3 SKU,3,3,9,498000,166000.0
2024-10-10,4 SKU 이상,1,1,5,664850,664850.0
2024-10-11,1 SKU,46,44,72,5450450,118488.04347826086
2024-10-11,2 SKU,5,5,11,1091910,218382.0
2024-10-11,3 SKU,2,2,6,477900,238950.0
2024-10-11,4 SKU 이상,1,1,5,700000,700000.0
2024-10-12,1 SKU,41,41,44,4283409,104473.39024390244
2024-10-12,2 SKU,13,13,26,1928450,148342.3076923077
2024-10-12,3 SKU,2,2,6,933320,466660.0
2024-10-12,4 SKU 이상,1,1,7,381440,381440.0
2024-10-13,1 SKU,51,49,51,5647490,110735.09803921569
2024-10-13,2 SKU,5,5,11,690400,138080.0
2024-10-13,3 SKU,2,2,6,1033800,516900.0
2024-10-13,4 SKU 이상,1,1,5,418980,418980.0
2024-10-14,1 SKU,38,37,46,5023919,132208.3947368421
2024-10-14,2 SKU,12,12,37,2220960,185080.0
2024-10-14,3 SKU,2,2,6,412290,206145.0
2024-10-14,4 SKU 이상,1,1,5,148500,148500.0
2024-10-15,1 SKU,50,49,61,5448490,108969.8
2024-10-15,2 SKU,6,6,12,796300,132716.66666666666
2024-10-15,3 SKU,1,1,4,185700,185700.0
2024-10-15,4 SKU 이상,2,2,9,662480,331240.0
2024-10-16,1 SKU,66,64,69,5411529,81992.86363636363
2024-10-16,2 SKU,12,12,24,1211080,100923.33333333333
2024-10-16,3 SKU,5,5,15,583820,116764.0
2024-10-16,4 SKU 이상,1,1,5,321000,321000.0
2024-10-17,1 SKU,49,49,50,4015400,81946.9387755102
2024-10-17,2 SKU,10,10,20,1115770,111577.0
2024-10-17,3 SKU,1,1,3,455470,455470.0
2024-10-17,4 SKU 이상,3,3,16,1488910,496303.3333333333
2024-10-18,1 SKU,49,49,50,4381040,89408.97959183673
2024-10-18,2 SKU,5,5,10,709710,141942.0
2024-10-18,4 SKU 이상,2,2,11,839700,419850.0
2024-10-19,1 SKU,44,43,61,4897000,111295.45454545454
2024-10-19,2 SKU,9,9,20,1430540,158948.88888888888
2024-10-19,3 SKU,3,3,9,398590,132863.33333333334
2024-10-20,1 SKU,66,64,67,7181879,108816.34848484848
2024-10-20,2 SKU,14,14,29,1649070,117790.71428571429
2024-10-20,3 SKU,4,4,14,946240,236560.0
2024-10-21,1 SKU,54,53,58,5655440,104730.37037037036
2024-10-21,2 SKU,7,7,14,834400,119200.0
2024-10-21,3 SKU,1,1,4,154800,154800.0
2024-10-21,4 SKU 이상,1,1,4,209970,209970.0
2024-10-22,1 SKU,48,47,54,4750260,98963.75
2024-10-22,2 SKU,11,11,22,1466860,133350.9090909091
2024-10-22,3 SKU,1,1,3,41200,41200.0
2024-10-23,1 SKU,44,44,73,7903836,179632.63636363635
2024-10-23,2 SKU,7,7,20,2085170,297881.4285714286
2024-10-23,3 SKU,1,1,3,257400,257400.0
2024-10-23,4 SKU 이상,1,1,4,200070,200070.0
2024-10-24,1 SKU,59,58,59,6279410,106430.67796610169
2024-10-24,2 SKU,5,5,10,749990,149998.0
2024-10-24,3 SKU,4,4,13,736410,184102.5
2024-10-24,4 SKU 이상,2,2,9,307500,153750.0
2024-10-25,1 SKU,42,39,47,6987580,166370.95238095237
2024-10-25,2 SKU,4,4,8,521250,130312.5
2024-10-25,3 SKU,3,3,9,1009850,336616.6666666667
2024-10-25,4 SKU 이상,1,1,7,407070,407070.0
2024-10-26,1 SKU,43,43,46,4744240,110331.16279069768
2024-10-26,2 SKU,6,5,12,1044000,174000.0
2024-10-26,4 SKU 이상,1,1,4,208000,208000.0
2024-10-27,1 SKU,54,54,56,5145080,95279.25925925926
2024-10-27,2 SKU,10,10,22,1729460,172946.0
2024-10-27,3 SKU,2,2,6,569800,284900.0
2024-10-27,4 SKU 이상,2,2,10,574510,287255.0
2024-10-28,1 SKU,48,46,57,6355710,132410.625
2024-10-28,2 SKU,9,9,18,1195050,132783.33333333334
2024-10-28,3 SKU,1,1,3,248500,248500.0
2024-10-28,4 SKU 이상,2,2,12,560920,280460.0
2024-10-29,1 SKU,53,52,54,6260380,118120.37735849057
2024-10-29,2 SKU,6,6,12,969010,161501.66666666666
2024-10-29,3 SKU,4,4,13,727300,181825.0
2024-10-29,4 SKU 이상,2,2,13,3051700,1525850.0
2024-10-30,1 SKU,45,45,55,5686680,126370.66666666667
2024-10-30,2 SKU,6,6,12,753360,125560.0
2024-10-30,3 SKU,1,1,3,90000,90000.0
2024-10-30,4 SKU 이상,1,1,4,259900,259900.0
2024-10-31,1 SKU,92,90,93,9988239,108567.81521739131
2024-10-31,2 SKU,12,12,24,2392690,199390.83333333334
2024-10-31,3 SKU,2,2,6,227500,113750.0
2024-10-31,4 SKU 이상,1,1,9,585500,585500.0
2024-11-01,1 SKU,44,43,44,4832560,109830.90909090909
2024-11-01,2 SKU,9,9,18,1130480,125608.88888888889
2024-11-01,3 SKU,2,2,6,145350,72675.0
2024-11-01,4 SKU 이상,2,2,28,1907940,953970.0
2024-11-02,1 SKU,43,42,43,5342980,124255.3488372093
2024-11-02,2 SKU,5,5,10,723380,144676.0
2024-11-02,3 SKU,3,3,9,776610,258870.0
2024-11-02,4 SKU 이상,1,1,6,682650,682650.0
2024-11-03,1 SKU,78,78,78,8114560,104032.82051282052
2024-11-03,2 SKU,12,12,24,3005440,250453.33333333334
2024-11-03,3 SKU,2,2,7,604370,302185.0
2024-11-03,4 SKU 이상,2,2,10,232680,116340.0
2024-11-04,1 SKU,56,56,57,5227750,93352.67857142857
2024-11-04,2 SKU,10,10,30,1753770,175377.0
2024-11-04,3 SKU,4,4,12,727530,181882.5
2024-11-04,4 SKU 이상,2,2,14,1191810,595905.0
2024-11-05,1 SKU,76,75,79,8343850,109787.5
2024-11-05,2 SKU,15,15,30,1803460,120230.66666666667
2024-11-05,3 SKU,2,2,6,603100,301550.0
2024-11-05,4 SKU 이상,1,1,5,483300,483300.0
2024-11-06,1 SKU,67,66,79,8005970,119492.0895522388
2024-11-06,2 SKU,10,10,29,2595180,259518.0
2024-11-06,3 SKU,4,4,12,1671880,417970.0
2024-11-06,4 SKU 이상,5,5,26,2659010,531802.0
2024-11-07,1 SKU,54,53,54,6280839,116311.83333333333
2024-11-07,2 SKU,12,12,32,3788040,315670.0
2024-11-07,3 SKU,4,4,13,839260,209815.0
2024-11-07,4 SKU 이상,3,3,17,699680,233226.66666666666
2024-11-08,1 SKU,49,48,52,5515540,112562.04081632652
2024-11-08,2 SKU,5,5,12,1989200,397840.0
2024-11-08,3 SKU,1,1,3,83650,83650.0
2024-11-08,4 SKU 이상,2,2,9,747990,373995.0
2024-11-09,1 SKU,27,27,29,3545319,131308.11111111112
2024-11-09,2 SKU,1,1,2,94560,94560.0
2024-11-09,4 SKU 이상,1,1,4,148000,148000.0
2024-11-10,1 SKU,69,69,73,7054270,102235.79710144928
2024-11-10,2 SKU,6,6,12,1266300,211050.0
2024-11-10,3 SKU,2,2,6,754650,377325.0
2024-11-10,4 SKU 이상,1,1,4,304270,304270.0
2024-11-11,1 SKU,37,36,38,4678770,126453.24324324324
2024-11-11,2 SKU,9,9,22,1493780,165975.55555555556
2024-11-11,3 SKU,1,1,4,75050,75050.0
2024-11-11,4 SKU 이상,1,1,4,298000,298000.0
2024-11-12,1 SKU,68,65,69,7950120,116913.5294117647
2024-11-12,2 SKU,11,11,22,2056880,186989.0909090909
2024-11-12,3 SKU,1,1,3,148500,148500.0
2024-11-12,4 SKU 이상,1,1,4,65240,65240.0
2024-11-13,1 SKU,39,38,40,4283000,109820.51282051283
2024-11-13,2 SKU,7,7,32,1229800,175685.7142857143
2024-11-13,3 SKU,1,1,3,30270,30270.0
2024-11-13,4 SKU 이상,2,2,8,1170420,585210.0
2024-11-14,1 SKU,52,51,52,5684350,109314.42307692308
2024-11-14,2 SKU,7,7,14,821860,117408.57142857143
2024-11-14,3 SKU,2,2,7,692800,346400.0
2024-11-14,4 SKU 이상,3,3,14,882040,294013.3333333333
2024-11-15,1 SKU,185,182,187,21089480,113997.18918918919
2024-11-15,2 SKU,30,30,62,4456710,148557.0
2024-11-15,3 SKU,6,6,22,1730990,288498.3333333333
2024-11-15,4 SKU 이상,8,8,33,3186280,398285.0
2024-11-16,1 SKU,120,117,121,14295775,119131.45833333333
2024-11-16,2 SKU,23,23,48,3948300,171665.21739130435
2024-11-16,3 SKU,3,3,9,838970,279656.6666666667
2024-11-16,4 SKU 이상,2,2,9,541520,270760.0
2024-11-17,1 SKU,131,129,133,15045955,114854.61832061068
2024-11-17,2 SKU,27,27,55,4541500,168203.7037037037
2024-11-17,3 SKU,4,4,12,1235150,308787.5
2024-11-17,4 SKU 이상,2,2,10,470190,235095.0
2024-11-18,1 SKU,163,160,166,18525085,113650.8282208589
2024-11-18,2 SKU,31,31,62,4651860,150060.0
2024-11-18,3 SKU,8,8,24,1604620,200577.5
2024-11-18,4 SKU 이상,4,4,27,1987400,496850.0
2024-11-19,1 SKU,158,157,171,19917860,126062.40506329114
2024-11-19,2 SKU,21,21,43,2495759,118845.66666666667
2024-11-19,3 SKU,5,5,15,1441620,288324.0
2024-11-19,4 SKU 이상,3,3,22,2024620,674873.3333333334
2024-11-20,1 SKU,142,140,147,17689430,124573.45070422535
2024-11-20,2 SKU,24,24,49,3419460,142477.5
2024-11-20,3 SKU,7,7,22,1937250,276750.0
2024-11-20,4 SKU 이상,2,2,12,427650,213825.0
2024-11-21,1 SKU,170,170,171,19079925,112234.85294117648
2024-11-21,2 SKU,29,29,59,5140105,177245.0
2024-11-21,3 SKU,8,8,24,2115810,264476.25
2024-11-21,4 SKU 이상,3,3,15,1160740,386913.3333333333
2024-11-22,1 SKU,128,125,130,16147490,126152.265625
2024-11-22,2 SKU,19,18,40,3290465,173182.36842105264
2024-11-22,3 SKU,3,3,9,812780,270926.6666666667
2024-11-22,4 SKU 이상,2,2,9,416780,208390.0
2024-11-23,1 SKU,141,138,145,16970139,120355.59574468085
2024-11-23,2 SKU,24,24,50,3288900,137037.5
2024-11-23,3 SKU,1,1,3,408900,408900.0
2024-11-24,1 SKU,175,172,182,21412010,122354.34285714285
2024-11-24,2 SKU,29,29,63,5976345,206080.8620689655
2024-11-24,3 SKU,8,8,24,1782080,222760.0
2024-11-24,4 SKU 이상,3,3,13,1033490,344496.6666666667
2024-11-25,1 SKU,130,130,136,16662895,128176.11538461539
2024-11-25,2 SKU,24,24,50,4777075,199044.79166666666
2024-11-25,3 SKU,1,1,3,259800,259800.0
2024-11-25,4 SKU 이상,3,3,13,1307870,435956.6666666667
2024-11-26,1 SKU,151,150,152,16574190,109762.8476821192
2024-11-26,2 SKU,28,28,56,5148290,183867.5
2024-11-26,3 SKU,1,1,3,133500,133500.0
2024-11-26,4 SKU 이상,1,1,8,651000,651000.0
2024-11-27,1 SKU,216,212,227,26140054,121018.76851851853
2024-11-27,2 SKU,24,24,49,4241335,176722.29166666666
2024-11-27,3 SKU,2,2,6,439530,219765.0
2024-11-27,4 SKU 이상,3,3,12,837200,279066.6666666667
2024-11-28,1 SKU,173,170,177,25232230,145851.04046242774
2024-11-28,2 SKU,19,19,38,4423600,232821.05263157896
2024-11-28,3 SKU,5,5,15,1822180,364436.0
2024-11-28,4 SKU 이상,2,2,18,1067000,533500.0
2024-11-29,1 SKU,123,123,124,18762225,152538.41463414635
2024-11-29,2 SKU,27,27,56,5491235,203379.07407407407
2024-11-29,3 SKU,7,7,21,2337880,333982.85714285716
2024-11-30,1 SKU,122,122,123,14967130,122681.39344262295
2024-11-30,2 SKU,25,25,51,4548245,181929.8
2024-11-30,3 SKU,5,5,15,1342020,268404.0
2024-11-30,4 SKU 이상,1,1,4,353950,353950.0
2024-12-01,1 SKU,315,308,324,32086690,101862.50793650794
2024-12-01,2 SKU,59,59,120,7024795,119064.32203389831
2024-12-01,3 SKU,12,12,36,2197010,183084.16666666666
2024-12-01,4 SKU 이상,6,6,28,1451550,241925.0
2024-12-02,1 SKU,195,194,203,23389885,119948.1282051282
2024-12-02,2 SKU,27,27,55,4524100,167559.25925925927
2024-12-02,3 SKU,8,8,24,2305370,288171.25
2024-12-02,4 SKU 이상,2,2,10,957069,478534.5
2024-12-03,1 SKU,154,151,158,18874700,122562.98701298701
2024-12-03,2 SKU,15,15,30,2132690,142179.33333333334
2024-12-03,3 SKU,5,5,18,1578340,315668.0
2024-12-03,4 SKU 이상,3,3,14,952130,317376.6666666667
2024-12-04,1 SKU,120,116,134,14564820,121373.5
2024-12-04,2 SKU,19,19,38,3267560,171976.84210526315
2024-12-04,3 SKU,1,1,3,128950,128950.0
2024-12-04,4 SKU 이상,3,3,12,814860,271620.0
2024-12-05,1 SKU,97,95,101,12882130,132805.46391752578
2024-12-05,2 SKU,5,5,10,1117140,223428.0
2024-12-05,3 SKU,1,1,3,127080,127080.0
2024-12-05,4 SKU 이상,2,2,8,695790,347895.0
2024-12-06,1 SKU,165,157,176,23738310,143868.54545454544
2024-12-06,2 SKU,25,25,51,5784630,231385.2
2024-12-06,3 SKU,2,2,6,1548740,774370.0
2024-12-06,4 SKU 이상,5,5,38,4000790,800158.0
2024-12-07,1 SKU,104,104,110,13864340,133310.96153846153
2024-12-07,2 SKU,10,10,20,2056520,205652.0
2024-12-07,3 SKU,3,3,10,1256920,418973.3333333333
2024-12-08,1 SKU,134,128,138,17139230,127904.70149253731
2024-12-08,2 SKU,25,25,52,5723010,228920.4
2024-12-08,3 SKU,4,4,12,712700,178175.0
2024-12-08,4 SKU 이상,5,5,25,1509290,301858.0
2024-12-09,1 SKU,115,114,116,14784410,128560.08695652174
2024-12-09,2 SKU,17,17,35,3391420,199495.29411764705
2024-12-09,3 SKU,3,3,9,649300,216433.33333333334
2024-12-09,4 SKU 이상,1,1,4,573000,573000.0
2024-12-10,1 SKU,109,104,113,14147639,129794.85321100918
2024-12-10,2 SKU,15,14,33,2662930,177528.66666666666
2024-12-10,3 SKU,3,3,12,575600,191866.66666666666
2024-12-10,4 SKU 이상,3,3,14,705620,235206.66666666666
2024-12-11,1 SKU,102,100,149,25512820,250125.6862745098
2024-12-11,2 SKU,11,11,32,2027340,184303.63636363635
2024-12-11,3 SKU,6,6,18,2396770,399461.6666666667
2024-12-11,4 SKU 이상,2,2,25,1902400,951200.0
2024-12-12,1 SKU,84,81,84,11125970,132452.02380952382
2024-12-12,2 SKU,12,12,24,1486890,123907.5
2024-12-12,3 SKU,8,8,25,1470480,183810.0
2024-12-12,4 SKU 이상,3,3,12,446970,148990.0
2024-12-13,1 SKU,90,89,95,9974230,110824.77777777778
2024-12-13,2 SKU,11,11,22,1621450,147404.54545454544
2024-12-13,3 SKU,2,2,6,654460,327230.0
2024-12-13,4 SKU 이상,1,1,5,260570,260570.0
2024-12-14,1 SKU,70,70,73,7977110,113958.71428571429
2024-12-14,2 SKU,9,9,18,2242860,249206.66666666666
2024-12-14,3 SKU,4,4,12,457630,114407.5
2024-12-14,4 SKU 이상,4,4,19,1290010,322502.5
2024-12-15,1 SKU,106,106,107,12453880,117489.43396226416
2024-12-15,2 SKU,21,21,43,3696090,176004.2857142857
2024-12-15,3 SKU,2,2,6,409860,204930.0
2024-12-15,4 SKU 이상,5,5,23,1577660,315532.0
2024-12-16,1 SKU,106,106,118,12830180,121039.43396226416
2024-12-16,2 SKU,13,13,26,2412970,185613.07692307694
2024-12-16,3 SKU,2,2,6,361000,180500.0
2024-12-16,4 SKU 이상,4,4,18,1175870,293967.5
2024-12-17,1 SKU,84,83,91,9998020,119024.04761904762
2024-12-17,2 SKU,12,12,24,2324640,193720.0
2024-12-17,3 SKU,4,4,13,652690,163172.5
2024-12-17,4 SKU 이상,3,3,14,825400,275133.3333333333
2024-12-18,1 SKU,88,87,90,11875920,134953.63636363635
2024-12-18,2 SKU,11,11,23,1513890,137626.36363636365
2024-12-18,4 SKU 이상,5,5,29,1393420,278684.0
2024-12-19,1 SKU,110,107,112,14435000,131227.27272727274
2024-12-19,2 SKU,25,25,57,6005430,240217.2
2024-12-19,3 SKU,3,3,9,776310,258770.0
2024-12-19,4 SKU 이상,2,2,11,411310,205655.0
2024-12-20,1 SKU,91,90,96,10708390,117674.61538461539
2024-12-20,2 SKU,9,9,18,1514340,168260.0
2024-12-20,3 SKU,5,5,15,1169490,233898.0
2024-12-21,1 SKU,79,77,81,8677920,109847.08860759494
2024-12-21,2 SKU,8,8,16,1811570,226446.25
2024-12-21,3 SKU,4,4,14,1385960,346490.0
2024-12-21,4 SKU 이상,2,2,25,1237770,618885.0
2024-12-22,1 SKU,118,117,120,14760533,125089.2627118644
2024-12-22,2 SKU,12,12,26,2660440,221703.33333333334
2024-12-22,3 SKU,3,3,9,715980,238660.0
2024-12-22,4 SKU 이상,3,3,12,909500,303166.6666666667
2024-12-23,1 SKU,90,88,93,12176720,135296.88888888888
2024-12-23,2 SKU,7,7,34,3413210,487601.4285714286
2024-12-23,3 SKU,4,4,12,836780,209195.0
2024-12-23,4 SKU 이상,3,3,14,873280,291093.3333333333
2024-12-24,1 SKU,89,88,94,10853880,121953.70786516854
2024-12-24,2 SKU,12,12,30,1412280,117690.0
2024-12-24,3 SKU,4,4,12,1069950,267487.5
2024-12-24,4 SKU 이상,2,2,11,849710,424855.0
2024-12-25,1 SKU,87,86,90,8832220,101519.77011494253
2024-12-25,2 SKU,14,14,32,2459760,175697.14285714287
2024-12-25,3 SKU,5,5,16,993000,198600.0
2024-12-25,4 SKU 이상,3,3,19,735560,245186.66666666666
2024-12-26,1 SKU,87,87,92,8257260,94911.03448275862
2024-12-26,2 SKU,13,13,27,1315320,101178.46153846153
2024-12-26,3 SKU,5,5,16,977010,195402.0
2024-12-26,4 SKU 이상,3,3,17,924360,308120.0
2024-12-27,1 SKU,80,78,82,8305310,103816.375
2024-12-27,2 SKU,12,12,24,1143450,95287.5
2024-12-27,4 SKU 이상,2,2,8,545780,272890.0
2024-12-28,1 SKU,68,68,71,7695440,113168.23529411765
2024-12-28,2 SKU,15,15,31,1972350,131490.0
2024-12-28,3 SKU,2,2,6,292410,146205.0
2024-12-28,4 SKU 이상,3,3,15,360420,120140.0
2024-12-29,1 SKU,89,88,91,10954100,123079.77528089887
2024-12-29,2 SKU,14,14,60,2019060,144218.57142857142
2024-12-29,3 SKU,2,2,6,686370,343185.0
2024-12-30,1 SKU,70,69,72,8397490,119964.14285714286
2024-12-30,2 SKU,11,10,22,1940050,176368.18181818182
2024-12-30,3 SKU,2,2,8,583210,291605.0
2024-12-30,4 SKU 이상,1,1,6,414990,414990.0
2024-12-31,1 SKU,110,108,121,9938030,90345.72727272728
2024-12-31,2 SKU,13,13,28,2107360,162104.61538461538
2024-12-31,3 SKU,5,5,15,574260,114852.0
2024-12-31,4 SKU 이상,2,2,11,567010,283505.0
2025-01-01,1 SKU,70,70,73,7706290,110089.85714285714
2025-01-01,2 SKU,14,14,31,1997850,142703.57142857142
2025-01-01,3 SKU,4,4,13,673370,168342.5
2025-01-01,4 SKU 이상,2,2,8,572720,286360.0
2025-01-02,1 SKU,89,88,92,10413090,117001.01123595505
2025-01-02,2 SKU,15,14,36,2283470,152231.33333333334
2025-01-02,3 SKU,1,1,5,165200,165200.0
2025-01-02,4 SKU 이상,3,3,13,956550,318850.0
2025-01-03,1 SKU,68,68,68,9004460,132418.5294117647
2025-01-03,2 SKU,9,9,20,798880,88764.44444444444
2025-01-03,3 SKU,1,1,5,49500,49500.0
2025-01-03,4 SKU 이상,1,1,6,459580,459580.0
2025-01-04,1 SKU,53,53,56,7625610,143879.43396226416
2025-01-04,2 SKU,6,6,13,799000,133166.66666666666
2025-01-04,3 SKU,3,3,10,613480,204493.33333333334
2025-01-04,4 SKU 이상,1,1,4,166450,166450.0
2025-01-05,1 SKU,67,67,68,8293820,123788.35820895522
2025-01-05,2 SKU,10,10,20,1648490,164849.0
2025-01-05,3 SKU,3,3,9,512080,170693.33333333334
2025-01-06,1 SKU,67,66,67,6880830,102698.95522388059
2025-01-06,2 SKU,15,15,30,1590900,106060.0
2025-01-06,3 SKU,4,4,12,1328610,332152.5
2025-01-06,4 SKU 이상,2,2,9,758700,379350.0
2025-01-07,1 SKU,83,83,84,10253190,123532.40963855422
2025-01-07,2 SKU,11,11,22,1467950,133450.0
2025-01-07,3 SKU,1,1,3,493500,493500.0
2025-01-07,4 SKU 이상,2,2,9,1029570,514785.0
2025-01-08,1 SKU,86,84,87,11730610,136402.44186046513
2025-01-08,2 SKU,9,9,21,1354420,150491.11111111112
2025-01-08,3 SKU,4,4,15,669410,167352.5
2025-01-08,4 SKU 이상,2,2,8,250700,125350.0
2025-01-09,1 SKU,80,79,81,10255020,128187.75
2025-01-09,2 SKU,11,11,22,1576800,143345.45454545456
2025-01-09,3 SKU,3,3,9,462490,154163.33333333334
2025-01-09,4 SKU 이상,2,2,20,1406790,703395.0
2025-01-10,1 SKU,77,74,78,10383510,134850.77922077922
2025-01-10,2 SKU,11,11,25,1652850,150259.0909090909
2025-01-10,3 SKU,4,4,12,932710,233177.5
2025-01-11,1 SKU,68,68,69,8408800,123658.82352941176
2025-01-11,2 SKU,2,2,6,267000,133500.0
2025-01-11,3 SKU,3,3,11,515230,171743.33333333334
2025-01-11,4 SKU 이상,1,1,9,84580,84580.0
2025-01-12,1 SKU,82,79,89,9002270,109783.78048780488
2025-01-12,2 SKU,6,6,12,785460,130910.0
2025-01-12,3 SKU,4,4,12,1098330,274582.5
2025-01-12,4 SKU 이상,2,2,8,338750,169375.0
2025-01-13,1 SKU,156,154,166,14469720,92754.61538461539
2025-01-13,2 SKU,31,31,66,3855530,124371.93548387097
2025-01-13,3 SKU,13,13,40,1963130,151010.0
2025-01-13,4 SKU 이상,3,3,15,1094500,364833.3333333333
2025-01-14,1 SKU,93,93,97,9334440,100370.32258064517
2025-01-14,2 SKU,13,13,26,1513410,116416.15384615384
2025-01-14,3 SKU,3,3,10,718700,239566.66666666666
2025-01-14,4 SKU 이상,7,7,42,3011970,430281.4285714286
2025-01-15,1 SKU,77,77,79,8139420,105706.75324675324
2025-01-15,2 SKU,15,14,32,1336690,89112.66666666667
2025-01-15,3 SKU,2,2,6,50500,25250.0
2025-01-15,4 SKU 이상,2,2,11,573400,286700.0
2025-01-16,1 SKU,78,78,84,8098590,103828.07692307692
2025-01-16,2 SKU,15,15,33,2028930,135262.0
2025-01-16,3 SKU,4,4,12,1114440,278610.0
2025-01-16,4 SKU 이상,3,3,16,1409610,469870.0
2025-01-17,1 SKU,70,70,71,6273340,89619.14285714286
2025-01-17,2 SKU,6,6,12,403180,67196.66666666667
2025-01-17,3 SKU,5,5,15,822420,164484.0
2025-01-17,4 SKU 이상,1,1,4,183810,183810.0
2025-01-18,1 SKU,47,47,48,5050870,107465.31914893616
2025-01-18,2 SKU,6,6,13,609710,101618.33333333333
2025-01-18,3 SKU,2,2,6,193130,96565.0
2025-01-18,4 SKU 이상,1,1,4,236740,236740.0
2025-01-19,1 SKU,57,56,58,5616200,98529.82456140351
2025-01-19,2 SKU,13,13,28,1864160,143396.92307692306
2025-01-19,3 SKU,3,3,9,902480,300826.6666666667
2025-01-19,4 SKU 이상,3,3,13,593370,197790.0
2025-01-20,1 SKU,60,60,61,6469510,107825.16666666667
2025-01-20,2 SKU,4,4,8,622620,155655.0
2025-01-20,3 SKU,4,4,12,184090,46022.5
2025-01-20,4 SKU 이상,2,2,10,739540,369770.0
2025-01-21,1 SKU,76,75,77,8641613,113705.43421052632
2025-01-21,2 SKU,9,9,18,2295980,255108.88888888888
2025-01-21,3 SKU,2,2,7,269610,134805.0
2025-01-21,4 SKU 이상,3,3,21,1336600,445533.3333333333
2025-01-22,1 SKU,99,99,104,9170120,92627.47474747474
2025-01-22,2 SKU,15,15,35,1487890,99192.66666666667
2025-01-22,3 SKU,3,3,10,886170,295390.0
2025-01-22,4 SKU 이상,1,1,5,364480,364480.0
2025-01-23,1 SKU,79,78,84,8045370,101840.12658227848
2025-01-23,2 SKU,13,13,27,1577640,121356.92307692308
2025-01-23,3 SKU,2,2,8,117990,58995.0
2025-01-23,4 SKU 이상,1,1,4,128770,128770.0
2025-01-24,1 SKU,50,49,50,5257533,105150.66
2025-01-24,2 SKU,7,7,16,928990,132712.85714285713
2025-01-24,3 SKU,2,2,6,54500,27250.0
2025-01-25,1 SKU,41,41,42,3349700,81700.0
2025-01-25,2 SKU,2,2,4,41550,20775.0
2025-01-25,4 SKU 이상,1,1,6,571660,571660.0
2025-01-26,1 SKU,511,506,540,24541700,48026.81017612525
2025-01-26,2 SKU,59,58,127,3527990,59796.4406779661
2025-01-26,3 SKU,14,14,43,576650,41189.28571428572
2025-01-26,4 SKU 이상,5,5,21,244350,48870.0
2025-01-27,1 SKU,395,395,411,20737653,52500.387341772155
2025-01-27,2 SKU,48,48,102,3191700,66493.75
2025-01-27,3 SKU,12,12,39,1396600,116383.33333333333
2025-01-28,1 SKU,156,154,164,9078870,58197.88461538462
2025-01-28,2 SKU,23,23,48,1768780,76903.47826086957
2025-01-28,3 SKU,6,6,19,754840,125806.66666666667
2025-01-28,4 SKU 이상,1,1,4,194110,194110.0
2025-01-29,1 SKU,118,117,120,7472270,63324.32203389831
2025-01-29,2 SKU,8,8,16,261550,32693.75
2025-01-29,3 SKU,3,3,9,770160,256720.0
2025-01-29,4 SKU 이상,1,1,5,261520,261520.0
2025-01-30,1 SKU,188,188,191,13720660,72982.23404255319
2025-01-30,2 SKU,20,20,41,1611180,80559.0
2025-01-30,3 SKU,2,2,6,304370,152185.0
2025-01-30,4 SKU 이상,2,2,8,294480,147240.0
2025-01-31,1 SKU,886,883,921,45238560,51059.32279909706
2025-01-31,2 SKU,84,84,180,5017600,59733.333333333336
2025-01-31,3 SKU,19,19,59,821010,43211.05263157895
2025-01-31,4 SKU 이상,1,1,4,449300,449300.0
2025-02-01,1 SKU,47,47,48,4484680,95418.72340425532
2025-02-01,2 SKU,2,2,4,431080,215540.0
2025-02-02,1 SKU,53,52,53,6234990,117641.32075471699
2025-02-02,2 SKU,2,2,4,396270,198135.0
2025-02-02,3 SKU,2,2,6,487650,243825.0
2025-02-02,4 SKU 이상,2,2,13,1809950,904975.0
2025-02-03,1 SKU,47,47,47,4683040,99639.14893617021
2025-02-03,3 SKU,1,1,3,164210,164210.0
2025-02-04,1 SKU,55,54,56,6241290,113478.0
2025-02-04,2 SKU,5,5,11,909750,181950.0
2025-02-04,3 SKU,2,2,7,204450,102225.0
2025-02-05,1 SKU,64,62,65,7874040,123031.875
2025-02-05,2 SKU,14,14,30,2791740,199410.0
2025-02-05,3 SKU,3,3,9,446350,148783.33333333334
2025-02-06,1 SKU,66,65,67,8593640,130206.66666666667
2025-02-06,2 SKU,6,6,12,2165790,360965.0
2025-02-06,3 SKU,3,3,9,992620,330873.3333333333
2025-02-06,4 SKU 이상,1,1,4,298000,298000.0
2025-02-07,1 SKU,94,89,95,8948870,95200.74468085106
2025-02-07,2 SKU,8,8,17,1475000,184375.0
2025-02-07,3 SKU,3,3,9,300520,100173.33333333333
2025-02-08,1 SKU,56,54,59,5965900,106533.92857142857
2025-02-08,2 SKU,3,3,6,481570,160523.33333333334
2025-02-08,3 SKU,2,2,6,582200,291100.0
2025-02-08,4 SKU 이상,1,1,4,178000,178000.0
2025-02-09,1 SKU,82,82,85,10497220,128014.87804878049
2025-02-09,2 SKU,13,13,27,2120080,163083.07692307694
2025-02-09,3 SKU,2,2,6,300930,150465.0
2025-02-09,4 SKU 이상,1,1,4,317750,317750.0
2025-02-10,1 SKU,62,61,62,6596090,106388.54838709677
2025-02-10,2 SKU,12,12,24,2082910,173575.83333333334
2025-02-10,3 SKU,4,4,62,1524100,381025.0
2025-02-11,1 SKU,58,57,60,6213420,107127.93103448275
2025-02-11,2 SKU,7,6,17,952040,136005.7142857143
2025-02-11,3 SKU,2,2,6,479690,239845.0
2025-02-12,1 SKU,46,46,47,4725250,102722.82608695653
2025-02-12,2 SKU,6,6,12,688810,114801.66666666667
2025-02-12,3 SKU,1,1,3,46000,46000.0
2025-02-13,1 SKU,66,66,67,7139340,108171.81818181818
2025-02-13,2 SKU,8,8,16,898570,112321.25
2025-02-13,3 SKU,4,4,13,655840,163960.0
2025-02-14,1 SKU,69,66,80,6669590,96660.72463768115
2025-02-14,2 SKU,9,9,18,1426540,158504.44444444444
2025-02-14,3 SKU,1,1,3,279600,279600.0
2025-02-14,4 SKU 이상,3,3,14,222330,74110.0
2025-02-15,1 SKU,41,40,41,5274000,128634.14634146342
2025-02-15,2 SKU,5,5,10,717550,143510.0
2025-02-15,3 SKU,4,4,12,450180,112545.0
2025-02-15,4 SKU 이상,1,1,4,409070,409070.0
2025-02-16,1 SKU,60,58,60,7016990,116949.83333333333
2025-02-16,2 SKU,9,9,19,1298420,144268.88888888888
2025-02-16,3 SKU,4,4,12,968610,242152.5
2025-02-17,1 SKU,58,55,60,6141680,105891.03448275862
2025-02-17,2 SKU,14,14,31,2559470,182819.2857142857
2025-02-17,3 SKU,3,3,9,403380,134460.0
2025-02-17,4 SKU 이상,1,1,4,145600,145600.0
2025-02-18,1 SKU,49,49,54,4854930,99080.20408163265
2025-02-18,2 SKU,11,11,22,1725700,156881.81818181818
2025-02-18,4 SKU 이상,4,4,16,843100,210775.0
2025-02-19,1 SKU,54,52,58,4962110,91890.92592592593
2025-02-19,2 SKU,6,6,13,1205040,200840.0
2025-02-19,3 SKU,1,1,3,156060,156060.0
2025-02-19,4 SKU 이상,3,3,85,6367330,2122443.3333333335
2025-02-20,1 SKU,112,111,114,12604812,112542.96428571429
2025-02-20,2 SKU,18,18,39,4085045,226946.94444444444
2025-02-20,3 SKU,3,3,9,569936,189978.66666666666
2025-02-20,4 SKU 이상,1,1,4,394900,394900.0
2025-02-21,1 SKU,76,75,76,8124817,106905.48684210527
2025-02-21,2 SKU,10,10,20,1629295,162929.5
2025-02-21,3 SKU,2,2,6,182280,91140.0
2025-02-22,1 SKU,53,53,61,4495359,84818.09433962264
2025-02-22,2 SKU,7,7,16,1388800,198400.0
2025-02-22,4 SKU 이상,1,1,5,281396,281396.0
2025-02-23,1 SKU,77,77,80,8365685,108645.25974025975
2025-02-23,2 SKU,9,9,18,855260,95028.88888888889
2025-02-23,3 SKU,4,4,12,1227540,306885.0
2025-02-23,4 SKU 이상,1,1,4,268000,268000.0
2025-02-24,1 SKU,66,66,66,7643582,115811.84848484848
2025-02-24,2 SKU,11,11,22,1814136,164921.45454545456
2025-02-25,1 SKU,60,60,61,6735699,112261.65
2025-02-25,2 SKU,3,3,6,301020,100340.0
2025-02-25,3 SKU,3,3,9,686963,228987.66666666666
2025-02-25,4 SKU 이상,3,3,22,1267059,422353.0
2025-02-26,1 SKU,63,63,63,6131400,97323.80952380953
2025-02-26,2 SKU,5,5,10,697622,139524.4
2025-02-26,3 SKU,2,2,6,454680,227340.0
2025-02-26,4 SKU 이상,2,2,11,212350,106175.0
2025-02-27,1 SKU,53,53,63,5330024,100566.49056603774
2025-02-27,2 SKU,8,8,49,1661906,207738.25
2025-02-27,3 SKU,2,2,6,595360,297680.0
2025-02-27,4 SKU 이상,2,2,19,1205710,602855.0
2025-02-28,1 SKU,40,40,40,3230057,80751.425
2025-02-28,2 SKU,4,4,10,376960,94240.0
2025-02-28,3 SKU,1,1,3,107946,107946.0
2025-03-01,1 SKU,48,48,48,4672548,97344.75
2025-03-01,2 SKU,9,9,19,913790,101532.22222222222
2025-03-01,3 SKU,5,5,15,591550,118310.0
2025-03-01,4 SKU 이상,1,1,7,599130,599130.0
2025-03-02,1 SKU,53,53,53,5804116,109511.62264150943
2025-03-02,2 SKU,8,8,17,2082530,260316.25
2025-03-02,3 SKU,1,1,3,170150,170150.0
2025-03-03,1 SKU,60,60,61,6353857,105897.61666666667
2025-03-03,2 SKU,12,12,24,1458660,121555.0
2025-03-03,3 SKU,4,4,12,537062,134265.5
2025-03-03,4 SKU 이상,2,2,14,409600,204800.0
2025-03-04,1 SKU,49,49,50,5363598,109461.1836734694
2025-03-04,2 SKU,4,4,9,320830,80207.5
2025-03-04,3 SKU,2,2,6,478600,239300.0
2025-03-05,1 SKU,48,48,50,4559441,94988.35416666667
2025-03-05,2 SKU,6,6,12,687620,114603.33333333333
2025-03-05,3 SKU,1,1,3,212040,212040.0
2025-03-05,4 SKU 이상,3,3,15,388610,129536.66666666667
2025-03-06,1 SKU,57,57,57,5899490,103499.82456140351
2025-03-06,2 SKU,8,8,16,1535740,191967.5
2025-03-06,3 SKU,3,3,9,773560,257853.33333333334
2025-03-06,4 SKU 이상,2,2,10,794600,397300.0
2025-03-07,1 SKU,47,47,48,4177900,88891.48936170213
2025-03-07,2 SKU,12,12,24,1659240,138270.0
2025-03-07,3 SKU,2,2,6,427500,213750.0
2025-03-07,4 SKU 이상,1,1,4,391500,391500.0
2025-03-08,1 SKU,42,42,49,3614771,86065.97619047618
2025-03-08,2 SKU,11,10,25,1744276,158570.54545454544
2025-03-08,3 SKU,3,3,9,885727,295242.3333333333
2025-03-09,1 SKU,61,60,61,6211099,101821.29508196721
2025-03-09,2 SKU,7,7,14,695490,99355.71428571429
2025-03-09,3 SKU,1,1,3,28880,28880.0
2025-03-09,4 SKU 이상,3,3,13,535873,178624.33333333334
2025-03-10,1 SKU,44,43,44,4100820,93200.45454545454
2025-03-10,2 SKU,10,10,173,9753380,975338.0
2025-03-10,3 SKU,2,2,6,273500,136750.0
2025-03-11,1 SKU,46,45,53,4824100,104871.73913043478
2025-03-11,2 SKU,7,7,17,1519650,217092.85714285713
2025-03-11,3 SKU,4,4,13,552500,138125.0
2025-03-11,4 SKU 이상,1,1,8,81600,81600.0
2025-03-12,1 SKU,47,45,47,4587990,97616.8085106383
2025-03-12,2 SKU,6,6,12,289100,48183.333333333336
2025-03-12,3 SKU,1,1,3,709980,709980.0
2025-03-12,4 SKU 이상,1,1,4,218000,218000.0
2025-03-13,1 SKU,59,56,63,4908470,83194.40677966102
2025-03-13,2 SKU,11,11,22,1178360,107123.63636363637
2025-03-13,3 SKU,1,1,3,166270,166270.0
2025-03-13,4 SKU 이상,4,3,23,812200,203050.0
2025-03-14,1 SKU,47,45,47,3964610,84353.40425531915
2025-03-14,2 SKU,8,8,16,1355920,169490.0
2025-03-14,3 SKU,2,2,6,689570,344785.0
2025-03-14,4 SKU 이상,1,1,4,333000,333000.0
2025-03-15,1 SKU,61,60,61,4722460,77417.37704918033
2025-03-15,2 SKU,9,9,18,1165250,129472.22222222222
2025-03-15,3 SKU,1,1,3,257900,257900.0
2025-03-15,4 SKU 이상,2,2,9,465720,232860.0
2025-03-16,1 SKU,50,50,50,4208470,84169.4
2025-03-16,2 SKU,12,12,24,1575330,131277.5
2025-03-16,3 SKU,2,2,6,567570,283785.0
2025-03-16,4 SKU 이상,2,2,11,261520,130760.0
2025-03-17,1 SKU,49,48,51,4705050,96021.42857142857
2025-03-17,2 SKU,10,10,20,1154030,115403.0
2025-03-17,3 SKU,1,1,3,110390,110390.0
2025-03-17,4 SKU 이상,2,2,10,569560,284780.0
2025-03-18,1 SKU,34,34,37,2900109,85297.32352941176
2025-03-18,2 SKU,6,6,13,544910,90818.33333333333
2025-03-18,3 SKU,5,5,15,1112890,222578.0
2025-03-19,1 SKU,60,58,61,4560780,76013.0
2025-03-19,2 SKU,6,6,12,621910,103651.66666666667
2025-03-19,3 SKU,1,1,3,334800,334800.0
2025-03-19,4 SKU 이상,3,3,12,214650,71550.0
2025-03-20,1 SKU,62,62,62,4797570,77380.16129032258
2025-03-20,2 SKU,8,8,16,742040,92755.0
2025-03-20,3 SKU,1,1,3,296500,296500.0
2025-03-21,1 SKU,40,38,45,3169560,79239.0
2025-03-21,2 SKU,15,15,32,2046640,136442.66666666666
2025-03-21,3 SKU,2,2,7,432100,216050.0
2025-03-21,4 SKU 이상,1,1,8,297000,297000.0
2025-03-22,1 SKU,36,36,36,3578120,99392.22222222222
2025-03-22,2 SKU,4,4,8,542760,135690.0
2025-03-22,4 SKU 이상,2,2,12,385000,192500.0
2025-03-23,1 SKU,50,48,52,4242750,84855.0
2025-03-23,2 SKU,8,8,16,1024930,128116.25
2025-03-23,3 SKU,3,3,11,340170,113390.0
2025-03-23,4 SKU 이상,2,2,12,481100,240550.0
2025-03-24,1 SKU,46,46,46,3541470,76988.47826086957
2025-03-24,2 SKU,10,9,20,1177020,117702.0
2025-03-24,3 SKU,5,5,16,765580,153116.0
2025-03-24,4 SKU 이상,1,1,4,142500,142500.0
2025-03-25,1 SKU,50,50,53,4569600,91392.0
2025-03-25,2 SKU,8,8,16,1246980,155872.5
2025-03-25,3 SKU,10,10,44,2674230,267423.0
2025-03-25,4 SKU 이상,2,2,10,557780,278890.0
2025-03-26,1 SKU,42,41,43,3477960,82808.57142857143
2025-03-26,2 SKU,7,7,14,957920,136845.7142857143
2025-03-26,3 SKU,4,4,12,528820,132205.0
2025-03-26,4 SKU 이상,1,1,6,379600,379600.0
2025-03-27,1 SKU,31,31,37,2625850,84704.83870967742
2025-03-27,2 SKU,8,8,34,707990,88498.75
2025-03-27,3 SKU,3,3,9,666360,222120.0
2025-03-27,4 SKU 이상,1,1,6,252000,252000.0
2025-03-28,1 SKU,34,33,37,2558850,75260.29411764706
2025-03-28,2 SKU,7,7,14,1653560,236222.85714285713
2025-03-28,3 SKU,3,3,9,649300,216433.33333333334
2025-03-28,4 SKU 이상,1,1,4,30000,30000.0
2025-03-29,1 SKU,34,34,34,3060110,90003.23529411765
2025-03-29,2 SKU,5,5,10,523160,104632.0
2025-03-29,3 SKU,2,2,6,320500,160250.0
2025-03-29,4 SKU 이상,1,1,4,75200,75200.0
2025-03-30,1 SKU,37,36,37,3332460,90066.48648648648
2025-03-30,2 SKU,2,2,5,139130,69565.0
2025-03-30,3 SKU,2,2,6,508810,254405.0
2025-03-31,1 SKU,34,34,34,2638510,77603.23529411765
2025-03-31,2 SKU,6,6,12,512180,85363.33333333333
2025-04-01,1 SKU,48,46,48,4391930,91498.54166666667
2025-04-01,2 SKU,8,8,17,1010610,126326.25
2025-04-01,3 SKU,1,1,4,89000,89000.0
2025-04-01,4 SKU 이상,3,3,13,460800,153600.0
2025-04-02,1 SKU,34,33,35,2994270,88066.76470588235
2025-04-02,2 SKU,9,9,20,1589270,176585.55555555556
2025-04-02,3 SKU,6,6,21,766080,127680.0
2025-04-02,4 SKU 이상,1,1,4,408000,408000.0
2025-04-03,1 SKU,63,63,66,4990945,79221.3492063492
2025-04-03,2 SKU,8,8,16,818340,102292.5
2025-04-03,3 SKU,1,1,3,97000,97000.0
2025-04-03,4 SKU 이상,4,4,19,1124030,281007.5
2025-04-04,1 SKU,51,49,51,4251280,83358.43137254902
2025-04-04,2 SKU,5,5,10,382000,76400.0
2025-04-04,3 SKU,2,2,6,407580,203790.0
2025-04-04,4 SKU 이상,4,4,142,6218500,1554625.0
2025-04-05,1 SKU,41,40,41,2772225,67615.24390243902
2025-04-05,2 SKU,4,4,8,384190,96047.5
2025-04-05,3 SKU,3,3,10,546200,182066.66666666666
2025-04-06,1 SKU,49,49,49,3654940,74590.61224489796
2025-04-06,2 SKU,9,9,18,994970,110552.22222222222
2025-04-06,3 SKU,1,1,3,289440,289440.0
2025-04-06,4 SKU 이상,1,1,5,230800,230800.0
2025-04-07,1 SKU,48,46,73,5177980,107874.58333333333
2025-04-07,2 SKU,10,10,20,1203630,120363.0
2025-04-07,3 SKU,6,6,21,1027390,171231.66666666666
2025-04-07,4 SKU 이상,1,1,4,152100,152100.0
2025-04-08,1 SKU,42,41,49,4068075,96858.92857142857
2025-04-08,2 SKU,10,9,21,1044030,104403.0
2025-04-08,3 SKU,3,3,9,484020,161340.0
2025-04-08,4 SKU 이상,2,2,9,511340,255670.0
2025-04-09,1 SKU,44,43,48,3238965,73612.84090909091
2025-04-09,2 SKU,7,7,14,623310,89044.28571428571
2025-04-09,3 SKU,2,2,6,265290,132645.0
2025-04-09,4 SKU 이상,1,1,8,325500,325500.0
2025-04-10,1 SKU,52,51,54,4019185,77292.01923076923
2025-04-10,2 SKU,13,13,26,1737590,133660.76923076922
2025-04-10,3 SKU,4,4,12,656920,164230.0
2025-04-10,4 SKU 이상,1,1,4,164000,164000.0
2025-04-11,1 SKU,46,46,47,3895305,84680.54347826086
2025-04-11,2 SKU,13,13,26,1690680,130052.30769230769
2025-04-11,3 SKU,4,4,12,411730,102932.5
2025-04-11,4 SKU 이상,3,3,13,463300,154433.33333333334
2025-04-12,1 SKU,40,40,41,2812310,70307.75
2025-04-12,2 SKU,8,8,24,1724110,215513.75
2025-04-12,3 SKU,3,3,9,588650,196216.66666666666
2025-04-12,4 SKU 이상,2,2,8,526300,263150.0
2025-04-13,1 SKU,66,65,72,5318790,80587.72727272728
2025-04-13,2 SKU,11,11,22,1529800,139072.72727272726
2025-04-13,3 SKU,3,3,10,284970,94990.0
2025-04-13,4 SKU 이상,2,2,11,327000,163500.0
2025-04-14,1 SKU,57,56,57,4682150,82142.98245614035
2025-04-14,2 SKU,11,11,23,1317970,119815.45454545454
2025-04-14,3 SKU,7,7,21,1002970,143281.42857142858
2025-04-14,4 SKU 이상,2,2,10,536050,268025.0
2025-04-15,1 SKU,51,51,55,3933335,77124.2156862745
2025-04-15,2 SKU,18,18,41,1763420,97967.77777777778
2025-04-15,3 SKU,6,6,21,800430,133405.0
2025-04-16,1 SKU,47,47,58,3786870,80571.70212765958
2025-04-16,2 SKU,11,11,22,1485905,135082.27272727274
2025-04-16,3 SKU,5,5,15,486550,97310.0
2025-04-16,4 SKU 이상,2,2,8,423510,211755.0
2025-04-17,1 SKU,57,55,60,3704930,64998.771929824565
2025-04-17,2 SKU,11,11,24,994450,90404.54545454546
2025-04-17,3 SKU,2,2,6,152210,76105.0
2025-04-17,4 SKU 이상,2,2,8,393360,196680.0
2025-04-18,1 SKU,80,80,94,5808540,72606.75
2025-04-18,2 SKU,14,14,28,1113670,79547.85714285714
2025-04-18,3 SKU,2,2,6,250100,125050.0
2025-04-18,4 SKU 이상,4,4,32,1307200,326800.0
2025-04-19,1 SKU,31,30,32,2207110,71197.09677419355
2025-04-19,2 SKU,12,12,24,968880,80740.0
2025-04-19,3 SKU,1,1,3,114620,114620.0
2025-04-19,4 SKU 이상,4,4,26,1134920,283730.0
2025-04-20,1 SKU,43,42,43,2459170,57190.0
2025-04-20,2 SKU,19,18,39,1366920,71943.15789473684
2025-04-20,3 SKU,4,4,12,542980,135745.0
2025-04-20,4 SKU 이상,3,3,16,782300,260766.66666666666
2025-04-21,1 SKU,63,62,63,4309930,68411.58730158731
2025-04-21,2 SKU,18,18,39,1971590,109532.77777777778
2025-04-21,3 SKU,3,3,9,480350,160116.66666666666
2025-04-21,4 SKU 이상,4,4,36,2557600,639400.0
2025-04-22,1 SKU,58,58,60,4585900,79067.24137931035
2025-04-22,2 SKU,9,9,18,845020,93891.11111111111
2025-04-22,3 SKU,2,2,6,231000,115500.0
2025-04-22,4 SKU 이상,1,1,4,308000,308000.0
2025-04-23,1 SKU,59,56,71,4635450,78566.94915254238
2025-04-23,2 SKU,12,12,24,1093810,91150.83333333333
2025-04-23,3 SKU,4,4,12,824260,206065.0
2025-04-23,4 SKU 이상,3,3,24,982880,327626.6666666667
2025-04-24,1 SKU,71,69,75,5136480,72344.78873239437
2025-04-24,2 SKU,18,18,36,2466750,137041.66666666666
2025-04-24,3 SKU,5,5,16,970670,194134.0
2025-04-24,4 SKU 이상,3,3,12,612300,204100.0
2025-04-25,1 SKU,62,62,63,4033920,65063.22580645161
2025-04-25,2 SKU,12,12,55,3646940,303911.6666666667
2025-04-25,3 SKU,3,3,9,526870,175623.33333333334
2025-04-25,4 SKU 이상,2,2,10,458640,229320.0
2025-04-26,1 SKU,42,42,42,3328640,79253.33333333333
2025-04-26,2 SKU,8,8,18,791880,98985.0
2025-04-26,3 SKU,3,3,9,370520,123506.66666666667
2025-04-26,4 SKU 이상,1,1,4,271800,271800.0
2025-04-27,1 SKU,53,52,55,3632890,68545.09433962264
2025-04-27,2 SKU,14,14,34,2981780,212984.2857142857
2025-04-27,3 SKU,4,4,12,833070,208267.5
2025-04-27,4 SKU 이상,3,3,17,1180590,393530.0
2025-04-28,1 SKU,66,65,66,5427580,82236.06060606061
2025-04-28,2 SKU,11,11,22,1427500,129772.72727272728
2025-04-28,3 SKU,1,1,3,145800,145800.0
2025-04-29,1 SKU,37,36,40,2912270,78710.0
2025-04-29,2 SKU,7,7,16,935700,133671.42857142858
2025-04-29,4 SKU 이상,2,2,9,511870,255935.0
2025-04-30,1 SKU,143,142,146,6985830,48851.958041958045
2025-04-30,2 SKU,29,29,64,1820750,62784.48275862069
2025-04-30,3 SKU,5,5,15,341980,68396.0
2025-04-30,4 SKU 이상,3,3,13,781350,260450.0
2025-05-01,1 SKU,106,106,106,5719660,53959.056603773584
2025-05-01,2 SKU,12,12,24,1011040,84253.33333333333
2025-05-01,3 SKU,1,1,3,118200,118200.0
2025-05-01,4 SKU 이상,2,2,8,379600,189800.0
2025-05-02,1 SKU,53,53,63,4533720,85541.88679245283
2025-05-02,2 SKU,12,12,25,1134250,94520.83333333333
2025-05-02,3 SKU,2,2,8,458070,229035.0
2025-05-03,1 SKU,62,62,64,3721020,60016.45161290323
2025-05-03,2 SKU,5,5,12,583580,116716.0
2025-05-03,3 SKU,1,1,3,148500,148500.0
2025-05-03,4 SKU 이상,4,4,18,875940,218985.0
2025-05-04,1 SKU,47,47,49,3433120,73045.10638297872
2025-05-04,2 SKU,6,6,21,1042980,173830.0
2025-05-04,3 SKU,1,1,3,18890,18890.0
2025-05-04,4 SKU 이상,3,3,14,898530,299510.0
2025-05-05,1 SKU,49,49,49,2873050,58633.67346938775
2025-05-05,2 SKU,6,6,12,712270,118711.66666666667
2025-05-05,3 SKU,4,4,13,566440,141610.0
2025-05-05,4 SKU 이상,1,1,4,136000,136000.0
2025-05-06,1 SKU,78,76,79,4988050,63949.35897435898
2025-05-06,2 SKU,19,19,38,2417320,127227.36842105263
2025-05-06,3 SKU,3,3,9,467300,155766.66666666666
2025-05-06,4 SKU 이상,1,1,4,540200,540200.0
2025-05-07,1 SKU,67,67,68,4927760,73548.65671641791
2025-05-07,2 SKU,9,9,20,1468720,163191.11111111112
2025-05-07,4 SKU 이상,1,1,5,220120,220120.0
2025-05-08,1 SKU,42,42,44,3204300,76292.85714285714
2025-05-08,2 SKU,6,6,13,961770,160295.0
2025-05-08,3 SKU,2,2,6,405300,202650.0
2025-05-08,4 SKU 이상,1,1,6,108500,108500.0
2025-05-09,1 SKU,48,46,49,3111350,64819.791666666664
2025-05-09,2 SKU,8,8,19,1020020,127502.5
2025-05-09,3 SKU,2,2,6,106240,53120.0
2025-05-09,4 SKU 이상,1,1,7,466500,466500.0
2025-05-10,1 SKU,41,41,41,2313440,56425.365853658535
2025-05-10,2 SKU,8,8,16,638550,79818.75
2025-05-10,3 SKU,1,1,3,153500,153500.0
2025-05-10,4 SKU 이상,1,1,5,155000,155000.0
2025-05-11,1 SKU,357,354,370,15655390,43852.63305322129
2025-05-11,2 SKU,51,51,105,3492470,68479.80392156863
2025-05-11,3 SKU,12,12,36,1510900,125908.33333333333
2025-05-11,4 SKU 이상,4,4,18,1460140,365035.0
2025-05-12,1 SKU,38,38,47,2577230,67821.84210526316
2025-05-12,2 SKU,16,16,32,1341610,83850.625
2025-05-12,3 SKU,3,2,9,615310,205103.33333333334
2025-05-12,4 SKU 이상,2,2,9,626140,313070.0
2025-05-13,1 SKU,46,45,46,2635000,57282.608695652176
2025-05-13,2 SKU,4,4,8,419340,104835.0
2025-05-13,3 SKU,2,2,11,457500,228750.0
2025-05-14,1 SKU,44,44,46,3596290,81733.86363636363
2025-05-14,2 SKU,7,7,14,946700,135242.85714285713
2025-05-14,3 SKU,2,2,6,428090,214045.0
2025-05-14,4 SKU 이상,1,1,5,347520,347520.0
2025-05-15,1 SKU,43,43,43,3237240,75284.6511627907
2025-05-15,2 SKU,14,14,28,1653220,118087.14285714286
2025-05-15,3 SKU,3,3,9,438470,146156.66666666666
2025-05-15,4 SKU 이상,1,1,4,273800,273800.0
2025-05-16,1 SKU,45,45,45,3170780,70461.77777777778
2025-05-16,2 SKU,10,10,20,1191670,119167.0
2025-05-16,3 SKU,4,4,14,628620,157155.0
2025-05-16,4 SKU 이상,4,3,19,731700,182925.0
2025-05-17,1 SKU,29,28,29,2325700,80196.55172413793
2025-05-17,2 SKU,6,6,12,781250,130208.33333333333
2025-05-17,3 SKU,2,2,6,448770,224385.0
2025-05-18,1 SKU,37,35,39,2569930,69457.56756756757
2025-05-18,2 SKU,5,5,11,551840,110368.0
2025-05-18,3 SKU,1,1,3,113970,113970.0
2025-05-18,4 SKU 이상,2,2,9,627800,313900.0
2025-05-19,1 SKU,45,43,45,2710740,60238.666666666664
2025-05-19,2 SKU,10,9,20,1410220,141022.0
2025-05-19,3 SKU,1,1,3,95000,95000.0
2025-05-19,4 SKU 이상,1,1,4,173000,173000.0
2025-05-20,1 SKU,54,53,56,3767500,69768.51851851853
2025-05-20,2 SKU,9,9,18,1230910,136767.77777777778
2025-05-20,3 SKU,5,5,15,662260,132452.0
2025-05-20,4 SKU 이상,3,3,23,1195010,398336.6666666667
2025-05-21,1 SKU,53,53,58,4107380,77497.7358490566
2025-05-21,2 SKU,17,16,49,3932400,231317.64705882352
2025-05-21,3 SKU,4,4,12,600800,150200.0
2025-05-21,4 SKU 이상,3,3,12,525670,175223.33333333334
2025-05-22,1 SKU,36,36,36,2408660,66907.22222222222
2025-05-22,2 SKU,17,17,36,1950210,114718.23529411765
2025-05-22,3 SKU,4,4,12,908640,227160.0
2025-05-22,4 SKU 이상,4,4,19,1138680,284670.0
2025-05-23,1 SKU,42,42,42,2983460,71034.76190476191
2025-05-23,2 SKU,12,12,26,1101050,91754.16666666667
2025-05-23,3 SKU,2,2,6,418270,209135.0
2025-05-24,1 SKU,42,39,44,2962770,70542.14285714286
2025-05-24,2 SKU,10,10,20,846220,84622.0
2025-05-24,4 SKU 이상,1,1,6,307210,307210.0
2025-05-25,1 SKU,43,43,43,3166900,73648.83720930232
2025-05-25,2 SKU,10,10,20,1347430,134743.0
2025-05-25,3 SKU,4,4,12,561460,140365.0
2025-05-26,1 SKU,58,57,79,6429300,110850.0
2025-05-26,2 SKU,14,14,28,1449340,103524.28571428571
2025-05-26,3 SKU,3,3,9,430890,143630.0
2025-05-26,4 SKU 이상,3,3,15,554000,184666.66666666666
2025-05-27,1 SKU,48,47,49,3640280,75839.16666666667
2025-05-27,2 SKU,9,9,20,893440,99271.11111111111
2025-05-27,3 SKU,5,5,16,821210,164242.0
2025-05-28,1 SKU,46,45,47,2788480,60619.13043478261
2025-05-28,2 SKU,9,9,18,1051790,116865.55555555556
2025-05-28,3 SKU,5,5,15,724810,144962.0
2025-05-28,4 SKU 이상,1,1,4,130000,130000.0
2025-05-29,1 SKU,81,80,84,5430060,67037.77777777778
2025-05-29,2 SKU,20,20,40,2645280,132264.0
2025-05-29,3 SKU,5,5,15,794940,158988.0
2025-05-29,4 SKU 이상,1,1,4,178900,178900.0
2025-05-30,1 SKU,44,42,45,2894990,65795.22727272728
2025-05-30,2 SKU,6,6,12,664860,110810.0
2025-05-30,3 SKU,3,3,9,707800,235933.33333333334
2025-05-31,1 SKU,52,52,52,3183870,61228.269230769234
2025-05-31,2 SKU,7,7,14,1235420,176488.57142857142
2025-05-31,3 SKU,2,2,6,318350,159175.0
2025-06-01,1 SKU,49,49,51,3099400,63253.06122448979
2025-06-01,2 SKU,13,13,26,1176790,90522.30769230769
2025-06-01,3 SKU,3,3,9,292490,97496.66666666667
2025-06-01,4 SKU 이상,3,3,14,928640,309546.6666666667
2025-06-02,1 SKU,50,49,50,3570770,71415.4
2025-06-02,2 SKU,12,12,26,1536040,128003.33333333333
2025-06-02,3 SKU,2,2,7,491500,245750.0
2025-06-02,4 SKU 이상,2,2,9,623850,311925.0
2025-06-03,1 SKU,42,42,43,2847530,67798.33333333333
2025-06-03,2 SKU,8,8,16,979570,122446.25
2025-06-03,3 SKU,1,1,3,148500,148500.0
2025-06-03,4 SKU 이상,1,1,4,224900,224900.0
2025-06-04,1 SKU,44,44,92,6724440,152828.18181818182
2025-06-04,2 SKU,8,8,16,892690,111586.25
2025-06-05,1 SKU,28,28,30,1790330,63940.357142857145
2025-06-05,2 SKU,9,9,19,1173550,130394.44444444444
2025-06-05,3 SKU,3,3,10,449440,149813.33333333334
2025-06-06,1 SKU,42,42,46,2633810,62709.76190476191
2025-06-06,2 SKU,5,5,10,372780,74556.0
2025-06-06,3 SKU,1,1,3,165600,165600.0
2025-06-07,1 SKU,44,44,47,2928280,66551.81818181818
2025-06-07,2 SKU,11,11,23,1157070,105188.18181818182
2025-06-07,3 SKU,1,1,3,199700,199700.0
2025-06-07,4 SKU 이상,1,1,4,252290,252290.0
2025-06-08,1 SKU,96,93,98,6305800,65685.41666666667
2025-06-08,2 SKU,25,25,50,2687070,107482.8
2025-06-08,3 SKU,3,3,9,352930,117643.33333333333
2025-06-08,4 SKU 이상,3,3,13,683490,227830.0
2025-06-09,1 SKU,55,54,65,5557060,101037.45454545454
2025-06-09,2 SKU,21,21,42,2323010,110619.52380952382
2025-06-09,3 SKU,3,3,9,415540,138513.33333333334
2025-06-09,4 SKU 이상,1,1,4,302850,302850.0
2025-06-10,1 SKU,59,58,60,4009980,67965.7627118644
2025-06-10,2 SKU,14,14,30,1885370,134669.2857142857
2025-06-10,3 SKU,3,3,9,536440,178813.33333333334
2025-06-10,4 SKU 이상,1,1,4,162920,162920.0
2025-06-11,1 SKU,57,57,61,4353920,76384.56140350878
2025-06-11,2 SKU,10,10,20,1510970,151097.0
2025-06-11,3 SKU,6,6,18,1003030,167171.66666666666
2025-06-11,4 SKU 이상,1,1,9,174000,174000.0
2025-06-12,1 SKU,72,72,99,6091380,84602.5
2025-06-12,2 SKU,11,11,22,1212750,110250.0
2025-06-12,3 SKU,5,5,15,916080,183216.0
2025-06-12,4 SKU 이상,1,1,5,38500,38500.0
2025-06-13,1 SKU,51,51,52,3394590,66560.58823529411
2025-06-13,2 SKU,11,11,25,1254530,114048.18181818182
2025-06-13,3 SKU,2,2,6,248110,124055.0
2025-06-13,4 SKU 이상,2,2,8,450410,225205.0
2025-06-14,1 SKU,70,69,70,4883780,69768.28571428571
2025-06-14,2 SKU,12,12,25,1793650,149470.83333333334
2025-06-14,3 SKU,2,2,6,165630,82815.0
2025-06-14,4 SKU 이상,2,2,9,587470,293735.0
2025-06-15,1 SKU,69,69,69,4646730,67343.91304347826
2025-06-15,2 SKU,10,10,21,1479570,147957.0
2025-06-15,3 SKU,7,7,24,1066770,152395.7142857143
2025-06-15,4 SKU 이상,2,2,14,514900,257450.0
2025-06-16,1 SKU,59,58,60,3994890,67710.0
2025-06-16,2 SKU,12,12,24,1345910,112159.16666666667
2025-06-16,3 SKU,1,1,3,75570,75570.0
2025-06-16,4 SKU 이상,2,2,9,464800,232400.0
2025-06-17,1 SKU,60,60,178,7856360,130939.33333333333
2025-06-17,2 SKU,16,16,32,1615750,100984.375
2025-06-17,3 SKU,3,3,9,475850,158616.66666666666
2025-06-17,4 SKU 이상,1,1,6,295100,295100.0
2025-06-18,1 SKU,48,48,49,3265230,68025.625
2025-06-18,2 SKU,17,17,72,3124120,183771.76470588235
2025-06-18,3 SKU,1,1,3,102630,102630.0
2025-06-18,4 SKU 이상,3,3,16,1611970,537323.3333333334
2025-06-19,1 SKU,57,57,61,4060460,71236.14035087719
2025-06-19,2 SKU,16,16,34,2288330,143020.625
2025-06-19,3 SKU,3,3,9,610050,203350.0
2025-06-19,4 SKU 이상,3,3,16,1231260,410420.0
2025-06-20,1 SKU,112,107,118,9575910,85499.19642857143
2025-06-20,2 SKU,19,19,39,2004880,105520.0
2025-06-21,1 SKU,41,40,41,2994720,73041.9512195122
2025-06-21,2 SKU,12,12,24,1532400,127700.0
2025-06-21,3 SKU,3,3,10,517480,172493.33333333334
2025-06-21,4 SKU 이상,2,2,9,181420,90710.0
2025-06-22,1 SKU,56,56,56,4522480,80758.57142857143
2025-06-22,2 SKU,14,14,28,1631040,116502.85714285714
2025-06-23,1 SKU,57,57,59,4032750,70750.0
2025-06-23,2 SKU,7,7,14,843760,120537.14285714286
2025-06-23,3 SKU,7,7,22,1078990,154141.42857142858
2025-06-24,1 SKU,53,52,54,3756180,70871.32075471699
2025-06-24,2 SKU,7,7,14,841430,120204.28571428571
2025-06-24,3 SKU,6,6,18,1149170,191528.33333333334
2025-06-25,1 SKU,66,66,67,4982390,75490.75757575757
2025-06-25,2 SKU,8,8,16,883950,110493.75
2025-06-25,3 SKU,1,1,3,184210,184210.0
2025-06-25,4 SKU 이상,1,1,5,218000,218000.0
2025-06-26,1 SKU,54,52,54,3908390,72377.5925925926
2025-06-26,2 SKU,8,8,17,1187420,148427.5
2025-06-26,3 SKU,1,1,3,204550,204550.0
2025-06-26,4 SKU 이상,1,1,5,364300,364300.0
2025-06-27,1 SKU,190,174,209,11647420,61302.21052631579
2025-06-27,2 SKU,7,7,14,918940,131277.14285714287
2025-06-27,4 SKU 이상,2,2,9,534110,267055.0
2025-06-28,1 SKU,65,62,68,3986280,61327.38461538462
2025-06-28,2 SKU,5,5,10,524320,104864.0
2025-06-28,3 SKU,5,5,15,741160,148232.0
2025-06-28,4 SKU 이상,2,2,10,584420,292210.0
2025-06-29,1 SKU,73,71,75,4667370,63936.57534246575
2025-06-29,2 SKU,8,8,16,782090,97761.25
2025-06-29,4 SKU 이상,1,1,4,226190,226190.0
2025-06-30,1 SKU,60,59,60,3947560,65792.66666666667
2025-06-30,2 SKU,14,14,28,1573210,112372.14285714286
2025-06-30,3 SKU,5,4,15,931740,186348.0
2025-06-30,4 SKU 이상,6,6,87,4125880,687646.6666666666
2025-07-01,1 SKU,48,48,48,3052090,63585.208333333336
2025-07-01,2 SKU,12,12,26,1573750,131145.83333333334
2025-07-01,3 SKU,3,3,9,379020,126340.0
2025-07-01,4 SKU 이상,4,4,20,1098650,274662.5
2025-07-02,1 SKU,63,61,67,3633530,57675.079365079364
2025-07-02,2 SKU,14,14,30,1660890,118635.0
2025-07-02,3 SKU,1,1,3,231980,231980.0
2025-07-02,4 SKU 이상,2,2,8,664080,332040.0
2025-07-03,1 SKU,62,60,63,3612910,58272.74193548387
2025-07-03,2 SKU,11,11,22,1385400,125945.45454545454
2025-07-03,3 SKU,1,1,3,135200,135200.0
2025-07-03,4 SKU 이상,2,2,9,395390,197695.0
2025-07-04,1 SKU,65,64,65,3911130,60171.230769230766
2025-07-04,2 SKU,26,26,52,2784310,107088.84615384616
2025-07-04,3 SKU,8,8,29,1015730,126966.25
2025-07-04,4 SKU 이상,2,2,10,659520,329760.0
2025-07-05,1 SKU,49,48,49,3238330,66088.36734693877
2025-07-05,2 SKU,15,15,30,1982910,132194.0
2025-07-05,3 SKU,6,6,18,867010,144501.66666666666
2025-07-05,4 SKU 이상,4,4,19,946440,236610.0
2025-07-06,1 SKU,78,78,79,4872110,62462.94871794872
2025-07-06,2 SKU,15,15,34,1821350,121423.33333333333
2025-07-06,3 SKU,2,2,6,184520,92260.0
2025-07-06,4 SKU 이상,4,4,17,891040,222760.0
2025-07-07,1 SKU,76,76,78,5032980,66223.42105263157
2025-07-07,2 SKU,24,23,48,2359635,98318.125
2025-07-07,3 SKU,7,7,22,950990,135855.7142857143
2025-07-07,4 SKU 이상,2,2,9,546780,273390.0
2025-07-08,1 SKU,80,80,81,5547630,69345.375
2025-07-08,2 SKU,20,20,41,2161890,108094.5
2025-07-08,3 SKU,6,6,18,971890,161981.66666666666
2025-07-08,4 SKU 이상,4,4,19,764190,191047.5
2025-07-09,1 SKU,75,69,85,7839070,104520.93333333333
2025-07-09,2 SKU,34,34,69,4776365,140481.32352941178
2025-07-09,3 SKU,16,16,48,2337325,146082.8125
2025-07-09,4 SKU 이상,5,5,25,1449260,289852.0
2025-07-10,1 SKU,63,63,64,4906840,77886.3492063492
2025-07-10,2 SKU,13,13,27,1762320,135563.07692307694
2025-07-10,3 SKU,8,8,24,1435610,179451.25
2025-07-10,4 SKU 이상,4,4,18,846810,211702.5
2025-07-11,1 SKU,59,57,59,4252190,72071.01694915254
2025-07-11,2 SKU,17,17,38,1769775,104104.41176470589
2025-07-11,3 SKU,5,5,15,753050,150610.0
2025-07-11,4 SKU 이상,3,3,12,851535,283845.0
2025-07-12,1 SKU,41,40,41,3265515,79646.70731707317
2025-07-12,2 SKU,19,18,38,2210780,116356.84210526316
2025-07-12,3 SKU,13,12,39,2077400,159800.0
2025-07-12,4 SKU 이상,1,1,5,418480,418480.0
2025-07-13,1 SKU,56,56,59,3554850,63479.46428571428
2025-07-13,2 SKU,13,13,29,1433060,110235.38461538461
2025-07-13,3 SKU,5,5,15,786210,157242.0
2025-07-13,4 SKU 이상,7,7,36,1941960,277422.85714285716
2025-07-14,1 SKU,57,51,62,4951430,86867.19298245614
2025-07-14,2 SKU,13,13,28,1844030,141848.46153846153
2025-07-14,3 SKU,3,3,9,642300,214100.0
2025-07-14,4 SKU 이상,3,3,15,782260,260753.33333333334
2025-07-15,1 SKU,53,49,54,3853340,72704.52830188679
2025-07-15,2 SKU,14,14,28,1851410,132243.57142857142
2025-07-15,3 SKU,4,4,12,1056715,264178.75
2025-07-15,4 SKU 이상,2,2,9,632900,316450.0
2025-07-16,1 SKU,68,66,81,6507440,95697.64705882352
2025-07-16,2 SKU,12,12,24,1837675,153139.58333333334
2025-07-16,3 SKU,7,7,21,1130970,161567.14285714287
2025-07-16,4 SKU 이상,2,2,9,419950,209975.0
2025-07-17,1 SKU,95,91,99,7803470,82141.78947368421
2025-07-17,2 SKU,27,27,54,3599965,133332.03703703705
2025-07-17,3 SKU,10,10,45,2082575,208257.5
2025-07-17,4 SKU 이상,8,8,35,1739230,217403.75
2025-07-18,1 SKU,71,71,74,5505495,77542.18309859154
2025-07-18,2 SKU,17,17,34,1894760,111456.4705882353
2025-07-18,3 SKU,2,2,6,189590,94795.0
2025-07-18,4 SKU 이상,2,2,10,723880,361940.0
2025-07-19,1 SKU,61,59,62,4594090,75312.95081967213
2025-07-19,2 SKU,12,12,24,1252765,104397.08333333333
2025-07-19,3 SKU,3,3,9,632110,210703.33333333334
2025-07-19,4 SKU 이상,1,1,5,420570,420570.0
2025-07-20,1 SKU,70,70,72,5037205,71960.07142857143
2025-07-20,2 SKU,11,11,22,1170315,106392.27272727272
2025-07-20,3 SKU,4,4,12,639280,159820.0
2025-07-20,4 SKU 이상,7,7,34,1877480,268211.4285714286
2025-07-21,1 SKU,66,65,66,4492185,68063.40909090909
2025-07-21,2 SKU,11,11,22,1475880,134170.9090909091
2025-07-21,3 SKU,5,5,15,681490,136298.0
2025-07-21,4 SKU 이상,4,4,19,1153645,288411.25
2025-07-22,1 SKU,54,54,55,3866480,71601.48148148147
2025-07-22,2 SKU,15,15,31,2054400,136960.0
2025-07-22,3 SKU,6,6,18,1448435,241405.83333333334
2025-07-22,4 SKU 이상,3,3,17,453890,151296.66666666666
2025-07-23,1 SKU,56,54,113,8739670,156065.5357142857
2025-07-23,2 SKU,12,12,24,1341105,111758.75
2025-07-23,3 SKU,7,7,21,1273485,181926.42857142858
2025-07-23,4 SKU 이상,4,4,20,713305,178326.25
2025-07-24,1 SKU,48,47,48,3246545,67636.35416666667
2025-07-24,2 SKU,14,14,77,6181675,441548.21428571426
2025-07-24,3 SKU,3,3,9,687870,229290.0
2025-07-24,4 SKU 이상,3,3,20,1260830,420276.6666666667
2025-07-25,1 SKU,51,51,51,3588295,70358.72549019608
2025-07-25,2 SKU,10,10,20,923560,92356.0
2025-07-25,3 SKU,2,2,6,338500,169250.0
2025-07-25,4 SKU 이상,3,3,17,638300,212766.66666666666
2025-07-26,1 SKU,62,59,62,4082450,65845.96774193548
2025-07-26,2 SKU,12,12,27,1720365,143363.75
2025-07-26,3 SKU,3,3,9,509200,169733.33333333334
2025-07-26,4 SKU 이상,2,2,9,501800,250900.0
2025-07-27,1 SKU,59,58,59,3643010,61745.93220338983
2025-07-27,2 SKU,15,15,30,1427120,95141.33333333333
2025-07-27,4 SKU 이상,1,1,4,179220,179220.0
2025-07-28,1 SKU,63,62,64,3675515,58341.50793650794
2025-07-28,2 SKU,19,19,47,2714950,142892.1052631579
2025-07-28,3 SKU,5,5,15,576040,115208.0
2025-07-28,4 SKU 이상,3,3,13,454130,151376.66666666666
2025-07-29,1 SKU,63,63,64,4360065,69207.38095238095
2025-07-29,2 SKU,13,12,26,1386290,106637.69230769231
2025-07-29,3 SKU,3,3,10,376310,125436.66666666667
2025-07-29,4 SKU 이상,5,5,21,712080,142416.0
2025-07-30,1 SKU,69,68,78,5237350,75903.62318840579
2025-07-30,2 SKU,12,12,24,1453790,121149.16666666667
2025-07-30,3 SKU,5,5,16,879310,175862.0
2025-07-30,4 SKU 이상,3,3,23,1471130,490376.6666666667
2025-07-31,1 SKU,67,66,69,4290745,64040.97014925373
2025-07-31,2 SKU,9,9,18,1096380,121820.0
2025-07-31,3 SKU,6,6,18,1197030,199505.0
2025-07-31,4 SKU 이상,4,4,16,949230,237307.5
2025-08-01,1 SKU,64,64,92,6022860,94107.1875
2025-08-01,2 SKU,15,15,30,1478020,98534.66666666667
2025-08-01,3 SKU,8,8,25,1113790,139223.75
2025-08-01,4 SKU 이상,3,3,15,615960,205320.0
2025-08-02,1 SKU,50,50,56,3504000,70080.0
2025-08-02,2 SKU,8,8,18,910310,113788.75
2025-08-02,3 SKU,2,2,6,240610,120305.0
2025-08-02,4 SKU 이상,2,2,16,854270,427135.0
2025-08-03,1 SKU,70,66,71,5290420,75577.42857142857
2025-08-03,2 SKU,11,11,22,1284680,116789.09090909091
2025-08-03,3 SKU,2,2,7,361280,180640.0
2025-08-03,4 SKU 이상,2,2,8,429960,214980.0
2025-08-04,1 SKU,48,48,48,3360680,70014.16666666667
2025-08-04,2 SKU,7,7,14,665570,95081.42857142857
2025-08-04,3 SKU,3,3,9,285730,95243.33333333333
2025-08-04,4 SKU 이상,2,2,11,706560,353280.0
2025-08-05,1 SKU,45,45,45,2481540,55145.333333333336
2025-08-05,2 SKU,9,9,18,888890,98765.55555555556
2025-08-05,3 SKU,8,8,24,1046860,130857.5
2025-08-05,4 SKU 이상,1,1,4,241000,241000.0
2025-08-06,1 SKU,57,55,58,3557830,62418.070175438595
2025-08-06,2 SKU,15,15,31,1486090,99072.66666666667
2025-08-06,3 SKU,2,2,7,298470,149235.0
2025-08-06,4 SKU 이상,2,2,9,469880,234940.0
2025-08-07,1 SKU,57,57,61,3469620,60870.52631578947
2025-08-07,2 SKU,12,12,25,1401060,116755.0
2025-08-07,3 SKU,2,2,6,418300,209150.0
2025-08-07,4 SKU 이상,3,3,15,664530,221510.0
2025-08-08,1 SKU,33,33,33,2325830,70479.69696969698
2025-08-08,2 SKU,10,9,176,6546490,654649.0
2025-08-08,3 SKU,4,4,12,310250,77562.5
2025-08-08,4 SKU 이상,1,1,5,358900,358900.0
2025-08-09,1 SKU,37,37,38,2913280,78737.2972972973
2025-08-09,2 SKU,9,8,18,1207830,134203.33333333334
2025-08-09,3 SKU,1,1,3,248500,248500.0
2025-08-09,4 SKU 이상,5,3,27,1034420,206884.0
2025-08-10,1 SKU,40,38,40,2614080,65352.0
2025-08-10,2 SKU,12,12,33,1324070,110339.16666666667
2025-08-10,3 SKU,1,1,4,59700,59700.0
2025-08-10,4 SKU 이상,2,2,8,389560,194780.0
2025-08-11,1 SKU,32,31,32,1897460,59295.625
2025-08-11,2 SKU,9,9,18,949370,105485.55555555556
2025-08-11,3 SKU,4,4,13,435030,108757.5
2025-08-12,1 SKU,32,32,32,2150800,67212.5
2025-08-12,2 SKU,9,9,19,881740,97971.11111111111
2025-08-12,3 SKU,3,3,9,508420,169473.33333333334
2025-08-12,4 SKU 이상,1,1,4,141680,141680.0
2025-08-13,1 SKU,40,39,40,2373050,59326.25
2025-08-13,2 SKU,9,9,18,944720,104968.88888888889
2025-08-13,3 SKU,6,6,21,764890,127481.66666666667
2025-08-13,4 SKU 이상,1,1,6,383780,383780.0
2025-08-14,1 SKU,27,27,31,1923920,71256.29629629629
2025-08-14,2 SKU,4,4,8,374680,93670.0
2025-08-14,3 SKU,1,1,3,49300,49300.0
2025-08-15,1 SKU,33,32,34,2017560,61138.181818181816
2025-08-15,2 SKU,9,9,18,779980,86664.44444444444
2025-08-15,3 SKU,1,1,3,77830,77830.0
2025-08-15,4 SKU 이상,1,1,4,295180,295180.0
2025-08-16,1 SKU,42,41,42,2846450,67772.61904761905
2025-08-16,2 SKU,6,6,12,670390,111731.66666666667
2025-08-16,3 SKU,1,1,5,57900,57900.0
2025-08-16,4 SKU 이상,2,2,8,363060,181530.0
2025-08-17,1 SKU,37,37,38,2868880,77537.2972972973
2025-08-17,2 SKU,11,11,23,1163260,105750.90909090909
2025-08-17,3 SKU,2,2,6,378200,189100.0
2025-08-17,4 SKU 이상,2,2,8,266360,133180.0
2025-08-18,1 SKU,35,34,35,2508280,71665.14285714286
2025-08-18,2 SKU,6,6,12,406980,67830.0
2025-08-18,3 SKU,3,3,11,290030,96676.66666666667
2025-08-19,1 SKU,41,41,41,2715750,66237.80487804877
2025-08-19,2 SKU,5,5,159,8774080,1754816.0
2025-08-19,3 SKU,2,2,6,284490,142245.0
2025-08-20,1 SKU,40,40,40,3278200,81955.0
2025-08-20,2 SKU,8,8,24,1841750,230218.75
2025-08-20,3 SKU,5,4,15,760520,152104.0
2025-08-20,4 SKU 이상,2,2,9,519670,259835.0
2025-08-21,1 SKU,51,51,55,3997110,78374.70588235294
2025-08-21,2 SKU,8,8,17,751350,93918.75
2025-08-21,3 SKU,1,1,3,100080,100080.0
2025-08-22,1 SKU,31,31,34,2044340,65946.45161290323
2025-08-22,2 SKU,4,4,9,750970,187742.5
2025-08-22,3 SKU,4,4,12,581840,145460.0
2025-08-22,4 SKU 이상,1,1,4,178000,178000.0
2025-08-23,1 SKU,47,47,48,3319540,70628.51063829787
2025-08-23,2 SKU,6,6,12,877850,146308.33333333334
2025-08-23,3 SKU,2,2,7,124470,62235.0
2025-08-23,4 SKU 이상,2,2,10,610500,305250.0
2025-08-24,1 SKU,42,42,43,2946970,70165.95238095238
2025-08-24,2 SKU,6,6,12,636900,106150.0
2025-08-24,3 SKU,3,3,9,663720,221240.0
2025-08-24,4 SKU 이상,3,3,13,522630,174210.0
2025-08-25,1 SKU,44,43,46,2705240,61482.72727272727
2025-08-25,2 SKU,5,5,10,760670,152134.0
2025-08-25,3 SKU,6,6,18,950860,158476.66666666666
2025-08-25,4 SKU 이상,1,1,7,394780,394780.0
2025-08-26,1 SKU,34,34,39,2173600,63929.41176470588
2025-08-26,2 SKU,11,11,22,1028450,93495.45454545454
2025-08-26,3 SKU,3,3,10,403250,134416.66666666666
2025-08-26,4 SKU 이상,1,1,4,212150,212150.0
2025-08-27,1 SKU,37,37,37,2998240,81033.51351351352
2025-08-27,2 SKU,3,3,6,230530,76843.33333333333
2025-08-27,3 SKU,3,3,10,305530,101843.33333333333
2025-08-27,4 SKU 이상,2,2,9,320130,160065.0
2025-08-28,1 SKU,41,41,41,2972440,72498.53658536586
2025-08-28,2 SKU,14,14,32,1792750,128053.57142857143
2025-08-28,3 SKU,3,3,9,505450,168483.33333333334
2025-08-29,1 SKU,32,32,32,2853200,89162.5
2025-08-29,2 SKU,5,5,10,603110,120622.0
2025-08-29,3 SKU,1,1,3,245160,245160.0
2025-08-29,4 SKU 이상,1,1,6,204000,204000.0
2025-08-30,1 SKU,40,40,40,2721680,68042.0
2025-08-30,2 SKU,7,7,14,914370,130624.28571428571
2025-08-30,3 SKU,1,1,3,141800,141800.0
2025-08-30,4 SKU 이상,2,2,8,345900,172950.0
2025-08-31,1 SKU,37,37,39,2852230,77087.2972972973
2025-08-31,2 SKU,7,7,14,785290,112184.28571428571
2025-08-31,3 SKU,1,1,3,135580,135580.0
2025-08-31,4 SKU 이상,2,2,8,241510,120755.0
2025-09-01,1 SKU,55,54,64,3767720,68504.0
2025-09-01,2 SKU,9,9,46,1985530,220614.44444444444
2025-09-01,3 SKU,1,1,3,37800,37800.0
2025-09-01,4 SKU 이상,3,3,22,1022890,340963.3333333333
2025-09-02,1 SKU,45,44,45,2807280,62384.0
2025-09-02,2 SKU,10,10,20,862030,86203.0
2025-09-02,3 SKU,4,4,12,641040,160260.0
2025-09-02,4 SKU 이상,1,1,4,49500,49500.0
2025-09-03,1 SKU,49,49,54,3690020,75306.5306122449
2025-09-03,2 SKU,9,9,18,856430,95158.88888888889
2025-09-03,3 SKU,2,2,6,347390,173695.0
2025-09-03,4 SKU 이상,3,3,17,587970,195990.0
2025-09-04,1 SKU,39,39,39,2579140,66131.79487179487
2025-09-04,2 SKU,13,13,28,1511390,116260.76923076923
2025-09-04,3 SKU,7,7,24,887150,126735.71428571429
2025-09-04,4 SKU 이상,2,2,9,430750,215375.0
2025-09-05,1 SKU,43,43,45,3438460,79964.18604651163
2025-09-05,2 SKU,4,4,8,533940,133485.0
2025-09-05,3 SKU,3,3,9,284480,94826.66666666667
2025-09-05,4 SKU 이상,2,2,8,387410,193705.0
2025-09-06,1 SKU,39,39,39,2953580,75732.82051282052
2025-09-06,2 SKU,6,6,12,479960,79993.33333333333
2025-09-06,3 SKU,3,3,9,540530,180176.66666666666
2025-09-06,4 SKU 이상,1,1,5,152600,152600.0
2025-09-07,1 SKU,57,57,58,4326190,75898.0701754386
2025-09-07,2 SKU,13,13,26,1388590,106814.61538461539
2025-09-07,3 SKU,1,1,3,136800,136800.0
2025-09-07,4 SKU 이상,1,1,4,198610,198610.0
2025-09-08,1 SKU,58,57,60,4613810,79548.44827586207
2025-09-08,2 SKU,9,9,21,1112190,123576.66666666667
2025-09-09,1 SKU,50,40,52,5492430,109848.6
2025-09-09,2 SKU,13,13,26,1724200,132630.76923076922
2025-09-09,3 SKU,6,6,18,1106720,184453.33333333334
2025-09-09,4 SKU 이상,2,2,9,339200,169600.0
2025-09-10,1 SKU,39,39,39,3588600,92015.38461538461
2025-09-10,2 SKU,6,6,13,855140,142523.33333333334
2025-09-10,3 SKU,2,2,7,220200,110100.0
2025-09-10,4 SKU 이상,4,4,18,851230,212807.5
2025-09-11,1 SKU,41,40,43,3017430,73595.85365853658
2025-09-11,2 SKU,4,4,8,284460,71115.0
2025-09-11,4 SKU 이상,1,1,6,240900,240900.0
2025-09-12,1 SKU,31,31,32,2706700,87312.90322580645
2025-09-12,2 SKU,4,4,8,473750,118437.5
2025-09-12,3 SKU,4,4,12,633750,158437.5
2025-09-12,4 SKU 이상,2,2,9,578350,289175.0
2025-09-13,1 SKU,29,28,29,2357920,81307.58620689655
2025-09-13,2 SKU,4,4,8,421430,105357.5
2025-09-13,4 SKU 이상,1,1,6,331600,331600.0
2025-09-14,1 SKU,37,35,38,2892910,78186.75675675676
2025-09-14,2 SKU,4,4,8,495140,123785.0
2025-09-14,3 SKU,1,1,3,28560,28560.0
2025-09-14,4 SKU 이상,2,2,12,447660,223830.0
2025-09-15,1 SKU,97,96,102,6567520,67706.39175257731
2025-09-15,2 SKU,26,25,62,2308860,88802.30769230769
2025-09-15,3 SKU,6,6,18,852080,142013.33333333334
2025-09-15,4 SKU 이상,2,2,10,855840,427920.0
2025-09-16,1 SKU,60,60,114,11008770,183479.5
2025-09-16,2 SKU,17,17,79,3394670,199686.4705882353
2025-09-16,3 SKU,2,2,6,209780,104890.0
2025-09-16,4 SKU 이상,1,1,6,252430,252430.0
2025-09-17,1 SKU,50,50,50,3761570,75231.4
2025-09-17,2 SKU,18,18,105,4304490,239138.33333333334
2025-09-17,3 SKU,2,2,7,250800,125400.0
2025-09-17,4 SKU 이상,1,1,4,211000,211000.0
2025-09-18,1 SKU,81,81,85,5955060,73519.25925925926
2025-09-18,2 SKU,26,26,57,3421910,131611.92307692306
2025-09-18,3 SKU,5,5,16,525540,105108.0
2025-09-18,4 SKU 이상,3,3,14,902340,300780.0
2025-09-19,1 SKU,66,66,69,6091880,92301.21212121213
2025-09-19,2 SKU,17,17,34,3233150,190185.29411764705
2025-09-19,3 SKU,9,9,27,2175700,241744.44444444444
2025-09-19,4 SKU 이상,4,4,22,883090,220772.5
2025-09-20,1 SKU,48,48,53,4348940,90602.91666666667
2025-09-20,2 SKU,10,10,20,803900,80390.0
2025-09-20,3 SKU,2,2,6,432150,216075.0
2025-09-20,4 SKU 이상,2,2,12,1435830,717915.0
2025-09-21,1 SKU,80,80,86,6695950,83699.375
2025-09-21,2 SKU,15,15,30,2102810,140187.33333333334
2025-09-21,3 SKU,5,5,16,958930,191786.0
2025-09-21,4 SKU 이상,3,3,14,747130,249043.33333333334
2025-09-22,1 SKU,66,66,70,4702250,71246.21212121213
2025-09-22,2 SKU,16,16,32,1725490,107843.125
2025-09-22,3 SKU,4,4,12,563170,140792.5
2025-09-22,4 SKU 이상,4,4,24,1473520,368380.0
2025-09-23,1 SKU,97,94,105,6257950,64514.948453608245
2025-09-23,2 SKU,22,22,44,1773686,80622.09090909091
2025-09-23,3 SKU,8,8,29,1095630,136953.75
2025-09-23,4 SKU 이상,6,6,38,1790380,298396.6666666667
2025-09-24,1 SKU,85,85,87,6016320,70780.23529411765
2025-09-24,2 SKU,13,13,26,1052410,80954.61538461539
2025-09-24,3 SKU,3,3,9,828140,276046.6666666667
2025-09-24,4 SKU 이상,2,2,10,453320,226660.0
2025-09-25,1 SKU,112,112,112,9568310,85431.33928571429
2025-09-25,2 SKU,20,20,40,2234050,111702.5
2025-09-25,3 SKU,6,6,18,1148590,191431.66666666666
2025-09-26,1 SKU,64,63,66,4898560,76540.0
2025-09-26,2 SKU,12,12,29,1648710,137392.5
2025-09-26,3 SKU,4,4,12,970000,242500.0
2025-09-26,4 SKU 이상,2,2,14,914660,457330.0
2025-09-27,1 SKU,57,57,59,4046240,70986.66666666667
2025-09-27,2 SKU,8,8,16,935260,116907.5
2025-09-27,3 SKU,3,3,9,591380,197126.66666666666
2025-09-28,1 SKU,150,150,154,9038760,60258.4
2025-09-28,2 SKU,45,45,91,4436300,98584.44444444444
2025-09-28,3 SKU,11,11,33,1470790,133708.18181818182
2025-09-28,4 SKU 이상,3,3,30,1572080,524026.6666666667
2025-09-29,1 SKU,52,52,52,4597960,88422.30769230769
2025-09-29,2 SKU,11,11,24,1688470,153497.27272727274
2025-09-29,3 SKU,4,4,12,1043920,260980.0
2025-09-30,1 SKU,60,59,60,4997540,83292.33333333333
2025-09-30,2 SKU,14,14,28,1957270,139805.0
2025-09-30,3 SKU,2,2,8,565300,282650.0
2025-09-30,4 SKU 이상,3,3,14,597840,199280.0
2025-10-01,1 SKU,208,207,215,11627970,55903.70192307692
2025-10-01,2 SKU,37,37,77,2587940,69944.32432432432
2025-10-01,3 SKU,7,7,21,264060,37722.857142857145
2025-10-01,4 SKU 이상,4,4,17,465240,116310.0
2025-10-02,1 SKU,100,100,106,5804150,58041.5
2025-10-02,2 SKU,10,10,22,1082850,108285.0
2025-10-02,3 SKU,5,5,15,333230,66646.0
2025-10-02,4 SKU 이상,3,3,13,926010,308670.0
2025-10-03,1 SKU,63,62,64,4074170,64669.36507936508
2025-10-03,2 SKU,13,13,26,1150960,88535.38461538461
2025-10-03,3 SKU,4,4,14,305090,76272.5
2025-10-03,4 SKU 이상,1,1,6,449530,449530.0
2025-10-04,1 SKU,54,54,54,3836590,71047.96296296296
2025-10-04,2 SKU,11,11,22,1197600,108872.72727272728
2025-10-04,4 SKU 이상,1,1,4,75610,75610.0
2025-10-05,1 SKU,61,60,66,4449290,72939.18032786885
2025-10-05,2 SKU,17,17,34,1577940,92820.0
2025-10-05,3 SKU,1,1,3,44000,44000.0
2025-10-05,4 SKU 이상,3,3,13,597540,199180.0
2025-10-06,1 SKU,55,55,55,4157030,75582.36363636363
2025-10-06,2 SKU,14,14,31,931830,66559.28571428571
2025-10-06,3 SKU,1,1,3,107000,107000.0
2025-10-06,4 SKU 이상,1,1,4,41000,41000.0
2025-10-07,1 SKU,64,64,65,4840300,75629.6875
2025-10-07,2 SKU,9,9,20,564370,62707.77777777778
2025-10-07,3 SKU,3,3,9,385650,128550.0
2025-10-07,4 SKU 이상,1,1,4,111400,111400.0
2025-10-08,1 SKU,53,53,54,3735950,70489.62264150943
2025-10-08,2 SKU,13,13,42,2991660,230127.6923076923
2025-10-08,3 SKU,1,1,3,77100,77100.0
2025-10-08,4 SKU 이상,1,1,6,486000,486000.0
2025-10-09,1 SKU,80,80,84,5915510,73943.875
2025-10-09,2 SKU,13,13,27,1193160,91781.53846153847
2025-10-09,3 SKU,10,10,30,1795220,179522.0
2025-10-09,4 SKU 이상,2,2,9,753320,376660.0
2025-10-10,1 SKU,81,80,85,5280600,65192.59259259259
2025-10-10,2 SKU,11,11,25,1168160,106196.36363636363
2025-10-10,3 SKU,1,1,3,186650,186650.0
2025-10-10,4 SKU 이상,3,3,14,899370,299790.0
2025-10-11,1 SKU,65,64,71,4865110,74847.84615384616
2025-10-11,2 SKU,16,16,33,1572380,98273.75
2025-10-11,3 SKU,1,1,3,144400,144400.0
2025-10-11,4 SKU 이상,1,1,5,177300,177300.0
2025-10-12,1 SKU,836,831,879,36317030,43441.42344497608
2025-10-12,2 SKU,185,185,384,9158750,49506.75675675676
2025-10-12,3 SKU,33,33,104,2936120,88973.33333333333
2025-10-12,4 SKU 이상,5,5,20,482270,96454.0
2025-10-13,1 SKU,49,48,49,4411430,90029.1836734694
2025-10-13,2 SKU,15,14,30,2204030,146935.33333333334
2025-10-13,3 SKU,1,1,3,300920,300920.0
2025-10-13,4 SKU 이상,1,1,8,310450,310450.0
2025-10-14,1 SKU,42,42,43,3606220,85862.38095238095
2025-10-14,2 SKU,9,9,18,1197210,133023.33333333334
2025-10-14,3 SKU,3,3,9,405900,135300.0
2025-10-14,4 SKU 이상,2,2,10,521300,260650.0
2025-10-15,1 SKU,57,56,58,5004800,87803.50877192983
2025-10-15,2 SKU,7,7,14,790380,112911.42857142857
2025-10-15,3 SKU,1,1,3,213500,213500.0
2025-10-15,4 SKU 이상,2,2,8,301300,150650.0
2025-10-16,1 SKU,44,44,44,3465000,78750.0
2025-10-16,2 SKU,6,6,12,1012820,168803.33333333334
2025-10-16,3 SKU,2,2,6,583440,291720.0
2025-10-16,4 SKU 이상,1,1,5,109600,109600.0
2025-10-17,1 SKU,67,65,67,6916916,103237.55223880598
2025-10-17,2 SKU,11,11,22,1518150,138013.63636363635
2025-10-17,3 SKU,1,1,3,214000,214000.0
2025-10-18,1 SKU,68,68,69,6366770,93628.9705882353
2025-10-18,2 SKU,6,6,12,512900,85483.33333333333
2025-10-18,3 SKU,2,2,6,361400,180700.0
2025-10-18,4 SKU 이상,1,1,4,388050,388050.0
2025-10-19,1 SKU,67,65,68,6194450,92454.4776119403
2025-10-19,2 SKU,11,11,24,1390150,126377.27272727272
2025-10-19,3 SKU,2,2,6,189790,94895.0
2025-10-19,4 SKU 이상,6,6,29,2041200,340200.0
2025-10-20,1 SKU,70,63,72,7347900,104970.0
2025-10-20,2 SKU,13,13,27,2044620,157278.46153846153
2025-10-20,3 SKU,3,3,10,1156880,385626.6666666667
2025-10-20,4 SKU 이상,4,3,20,1699250,424812.5
2025-10-21,1 SKU,94,94,96,9288910,98818.1914893617
2025-10-21,2 SKU,20,20,43,4045060,202253.0
2025-10-21,3 SKU,6,6,20,2758770,459795.0
2025-10-21,4 SKU 이상,2,2,11,431600,215800.0
2025-10-22,1 SKU,63,63,65,6505070,103255.07936507936
2025-10-22,2 SKU,7,7,14,1128370,161195.7142857143
2025-10-22,3 SKU,3,3,9,684720,228240.0
2025-10-22,4 SKU 이상,4,4,17,1113630,278407.5
2025-10-23,1 SKU,61,61,62,5971910,97900.16393442624
2025-10-23,2 SKU,14,14,34,2432900,173778.57142857142
2025-10-23,3 SKU,3,3,9,637540,212513.33333333334
2025-10-23,4 SKU 이상,4,4,21,2029530,507382.5
2025-10-24,1 SKU,45,45,47,5486440,121920.88888888889
2025-10-24,2 SKU,12,12,24,1796600,149716.66666666666
2025-10-24,3 SKU,4,4,12,903350,225837.5
2025-10-24,4 SKU 이상,3,3,13,768300,256100.0
2025-10-25,1 SKU,34,33,35,3694640,108665.88235294117
2025-10-25,2 SKU,6,6,13,940290,156715.0
2025-10-25,3 SKU,2,2,6,311740,155870.0
2025-10-25,4 SKU 이상,2,2,10,578840,289420.0
2025-10-26,1 SKU,59,59,67,7203400,122091.52542372882
2025-10-26,2 SKU,10,10,23,1979540,197954.0
2025-10-26,3 SKU,1,1,3,342760,342760.0
2025-10-26,4 SKU 이상,2,2,8,278550,139275.0
2025-10-27,1 SKU,87,86,87,8601760,98870.80459770115
2025-10-27,2 SKU,19,19,38,3400060,178950.52631578947
2025-10-27,3 SKU,7,7,23,1756470,250924.2857142857
2025-10-27,4 SKU 이상,6,6,39,3528880,588146.6666666666
2025-10-28,1 SKU,69,68,73,10268870,148824.20289855072
2025-10-28,2 SKU,17,17,36,2337490,137499.41176470587
2025-10-28,3 SKU,5,5,15,1045860,209172.0
2025-10-28,4 SKU 이상,2,2,8,241500,120750.0
2025-10-29,1 SKU,73,73,78,7497370,102703.69863013699
2025-10-29,2 SKU,13,13,27,1914050,147234.61538461538
2025-10-29,3 SKU,1,1,3,107500,107500.0
2025-10-29,4 SKU 이상,2,2,16,1391780,695890.0
2025-10-30,1 SKU,45,44,47,4598090,102179.77777777778
2025-10-30,2 SKU,13,13,144,4758460,366035.3846153846
2025-10-30,3 SKU,3,3,9,1349180,449726.6666666667
2025-10-31,1 SKU,59,59,59,7015000,118898.30508474576
2025-10-31,2 SKU,8,8,16,1067020,133377.5
2025-10-31,3 SKU,3,3,18,370080,123360.0
2025-10-31,4 SKU 이상,2,2,10,1028510,514255.0
2025-11-01,1 SKU,43,43,44,4274540,99407.90697674418
2025-11-01,2 SKU,4,4,11,587400,146850.0
2025-11-01,3 SKU,2,2,6,374000,187000.0
2025-11-02,1 SKU,65,64,67,7723370,118821.07692307692
2025-11-02,2 SKU,6,6,13,910270,151711.66666666666
2025-11-02,3 SKU,3,3,9,633440,211146.66666666666
2025-11-02,4 SKU 이상,1,1,6,437000,437000.0
2025-11-03,1 SKU,82,80,88,10564850,128839.63414634146
2025-11-03,2 SKU,13,13,26,2288500,176038.46153846153
2025-11-03,3 SKU,6,6,18,1340670,223445.0
2025-11-03,4 SKU 이상,2,2,9,595700,297850.0
2025-11-04,1 SKU,70,68,73,9224190,131774.14285714287
2025-11-04,2 SKU,11,11,23,1469980,133634.54545454544
2025-11-04,3 SKU,2,2,6,336780,168390.0
2025-11-04,4 SKU 이상,2,1,11,1122100,561050.0
2025-11-05,1 SKU,56,56,59,6264190,111860.53571428571
2025-11-05,2 SKU,11,11,22,1057260,96114.54545454546
2025-11-05,4 SKU 이상,3,3,22,1795090,598363.3333333334
2025-11-06,1 SKU,43,42,44,4032170,93771.3953488372
2025-11-06,2 SKU,9,9,18,819750,91083.33333333333
2025-11-06,3 SKU,4,4,12,528480,132120.0
2025-11-07,1 SKU,40,40,40,4541730,113543.25
2025-11-07,2 SKU,13,13,26,1524450,117265.38461538461
2025-11-07,4 SKU 이상,1,1,4,94000,94000.0
2025-11-08,1 SKU,24,24,24,2227650,92818.75
2025-11-08,2 SKU,8,8,17,1298190,162273.75
2025-11-08,3 SKU,3,3,9,668600,222866.66666666666
2025-11-08,4 SKU 이상,3,3,13,1051000,350333.3333333333
2025-11-09,1 SKU,65,64,65,5762070,88647.23076923077
2025-11-09,2 SKU,9,9,20,1464270,162696.66666666666
2025-11-09,3 SKU,3,3,9,586320,195440.0
2025-11-09,4 SKU 이상,1,1,4,97750,97750.0
2025-11-10,1 SKU,79,76,79,8050950,101910.75949367089
2025-11-10,2 SKU,17,17,35,3307620,194565.88235294117
2025-11-10,3 SKU,1,1,3,100960,100960.0
2025-11-11,1 SKU,62,61,78,8845710,142672.74193548388
2025-11-11,2 SKU,15,15,30,2025550,135036.66666666666
2025-11-11,3 SKU,3,3,9,384500,128166.66666666667
2025-11-11,4 SKU 이상,3,3,15,1013770,337923.3333333333
2025-11-12,1 SKU,59,59,60,6696130,113493.72881355933
2025-11-12,2 SKU,13,13,44,1996920,153609.23076923078
2025-11-12,3 SKU,6,6,18,1095150,182525.0
2025-11-12,4 SKU 이상,1,1,14,157500,157500.0
2025-11-13,1 SKU,59,58,60,6700530,113568.30508474576
2025-11-13,2 SKU,9,9,18,1819050,202116.66666666666
2025-11-13,3 SKU,4,4,12,764150,191037.5
2025-11-14,1 SKU,57,57,60,6897930,121016.31578947368
2025-11-14,2 SKU,15,15,30,3217810,214520.66666666666
2025-11-14,3 SKU,2,2,6,240070,120035.0
2025-11-14,4 SKU 이상,2,2,8,569200,284600.0
2025-11-15,1 SKU,41,41,41,5116120,124783.41463414633
2025-11-15,2 SKU,5,5,10,1386350,277270.0
2025-11-15,3 SKU,4,4,12,1420540,355135.0
2025-11-15,4 SKU 이상,2,2,12,1510240,755120.0
2025-11-16,1 SKU,50,50,51,5189510,103790.2
2025-11-16,2 SKU,10,10,20,1526800,152680.0
2025-11-16,3 SKU,5,5,15,979900,195980.0
2025-11-16,4 SKU 이상,2,2,14,1704960,852480.0
2025-11-17,1 SKU,73,73,75,10810000,148082.19178082192
2025-11-17,2 SKU,18,18,37,2882700,160150.0
2025-11-17,3 SKU,4,4,12,693380,173345.0
2025-11-17,4 SKU 이상,2,2,13,1205120,602560.0
2025-11-18,1 SKU,87,85,89,11910010,136896.66666666666
2025-11-18,2 SKU,10,10,21,1203800,120380.0
2025-11-18,3 SKU,3,3,9,694020,231340.0
2025-11-18,4 SKU 이상,1,1,4,64600,64600.0
2025-11-19,1 SKU,76,75,77,7404280,97424.73684210527
2025-11-19,2 SKU,19,19,39,3227210,169853.15789473685
2025-11-19,3 SKU,3,3,24,976340,325446.6666666667
2025-11-19,4 SKU 이상,1,1,4,99500,99500.0
2025-11-20,1 SKU,50,50,51,6403210,128064.2
2025-11-20,2 SKU,10,10,22,1616360,161636.0
2025-11-20,3 SKU,1,1,3,207000,207000.0
2025-11-20,4 SKU 이상,2,2,8,851100,425550.0
2025-11-21,1 SKU,185,184,189,24035310,129920.5945945946
2025-11-21,2 SKU,24,24,52,3277040,136543.33333333334
2025-11-21,3 SKU,6,6,18,1023535,170589.16666666666
2025-11-21,4 SKU 이상,7,7,45,3570280,510040.0
2025-11-22,1 SKU,113,112,119,17024605,150660.22123893804
2025-11-22,2 SKU,17,16,35,3404990,200293.5294117647
2025-11-22,3 SKU,2,2,6,285230,142615.0
2025-11-22,4 SKU 이상,5,5,22,1455770,291154.0
2025-11-23,1 SKU,148,146,150,16984480,114760.0
2025-11-23,2 SKU,31,31,62,4560170,147102.25806451612
2025-11-23,3 SKU,6,6,18,1221070,203511.66666666666
2025-11-23,4 SKU 이상,4,4,17,2102870,525717.5
2025-11-24,1 SKU,119,118,120,13728465,115365.25210084034
2025-11-24,2 SKU,18,18,40,2469920,137217.77777777778
2025-11-24,3 SKU,10,10,30,3861880,386188.0
2025-11-24,4 SKU 이상,4,4,19,1442110,360527.5
2025-11-25,1 SKU,129,126,143,16892370,130948.6046511628
2025-11-25,2 SKU,22,21,47,4313370,196062.27272727274
2025-11-25,3 SKU,6,6,18,1225370,204228.33333333334
2025-11-25,4 SKU 이상,6,6,27,1911420,318570.0
2025-11-26,1 SKU,121,119,129,20174910,166734.79338842974
2025-11-26,2 SKU,28,28,72,6286970,224534.64285714287
2025-11-26,3 SKU,4,4,13,1053315,263328.75
2025-11-26,4 SKU 이상,2,2,8,267070,133535.0
2025-11-27,1 SKU,157,156,169,20780740,132361.40127388536
2025-11-27,2 SKU,31,31,65,3760480,121305.80645161291
2025-11-27,3 SKU,12,12,55,3787710,315642.5
2025-11-27,4 SKU 이상,7,7,37,3064940,437848.5714285714
2025-11-28,1 SKU,131,129,132,16804660,128279.84732824427
2025-11-28,2 SKU,21,21,79,9754750,464511.90476190473
2025-11-28,3 SKU,5,5,28,7544120,1508824.0
2025-11-28,4 SKU 이상,3,3,17,1114450,371483.3333333333
2025-11-29,1 SKU,133,131,133,19768800,148637.5939849624
2025-11-29,2 SKU,23,23,47,4250020,184783.47826086957
2025-11-29,3 SKU,5,5,44,913620,182724.0
2025-11-29,4 SKU 이상,1,1,5,824270,824270.0
2025-11-30,1 SKU,302,299,309,39877705,132045.38079470198
2025-11-30,2 SKU,42,42,92,7844625,186776.7857142857
2025-11-30,3 SKU,17,17,55,3831220,225365.88235294117
2025-11-30,4 SKU 이상,8,8,33,1961060,245132.5
2025-12-01,1 SKU,74,74,75,7546870,101984.72972972973
2025-12-01,2 SKU,8,8,17,932970,116621.25
2025-12-01,3 SKU,2,2,6,359500,179750.0
2025-12-01,4 SKU 이상,1,1,4,286500,286500.0
2025-12-02,1 SKU,61,59,72,7314420,119908.52459016393
2025-12-02,2 SKU,13,13,27,3151970,242459.23076923078
2025-12-02,3 SKU,4,4,37,1115210,278802.5
2025-12-03,1 SKU,83,82,98,10793340,130040.24096385542
2025-12-03,2 SKU,14,14,107,2524080,180291.42857142858
2025-12-03,3 SKU,8,8,24,1087650,135956.25
2025-12-03,4 SKU 이상,8,8,37,2170060,271257.5
2025-12-04,1 SKU,149,146,151,22628860,151871.54362416107
2025-12-04,2 SKU,28,28,58,5400970,192891.7857142857
2025-12-04,3 SKU,11,11,38,2246310,204210.0
2025-12-04,4 SKU 이상,6,6,86,15238640,2539773.3333333335
2025-12-05,1 SKU,131,130,140,14439890,110228.16793893129
2025-12-05,2 SKU,19,19,44,2500030,131580.52631578947
2025-12-05,3 SKU,10,10,30,2261750,226175.0
2025-12-05,4 SKU 이상,2,2,11,809530,404765.0
2025-12-06,1 SKU,108,106,110,16861750,156127.3148148148
2025-12-06,2 SKU,19,19,41,3955360,208176.84210526315
2025-12-06,3 SKU,4,4,12,1074040,268510.0
2025-12-06,4 SKU 이상,3,3,13,971510,323836.6666666667
2025-12-07,1 SKU,129,128,133,19633270,152195.8914728682
2025-12-07,2 SKU,20,20,42,5025710,251285.5
2025-12-07,3 SKU,8,8,25,1465020,183127.5
2025-12-07,4 SKU 이상,4,4,18,1634550,408637.5
2025-12-08,1 SKU,94,94,96,14472970,153967.7659574468
2025-12-08,2 SKU,22,22,45,3390830,154128.63636363635
2025-12-08,3 SKU,3,3,9,520600,173533.33333333334
2025-12-08,4 SKU 이상,2,2,8,1038240,519120.0
2025-12-09,1 SKU,87,86,96,10491620,120593.33333333333
2025-12-09,2 SKU,16,16,33,3389430,211839.375
2025-12-09,3 SKU,5,5,15,1174550,234910.0
2025-12-09,4 SKU 이상,5,5,22,1066300,213260.0
2025-12-10,1 SKU,68,68,76,8565130,125957.79411764706
2025-12-10,2 SKU,11,11,33,3818830,347166.36363636365
2025-12-10,3 SKU,4,4,12,955140,238785.0
2025-12-10,4 SKU 이상,1,1,5,43510,43510.0
2025-12-11,1 SKU,97,97,98,12527570,129150.206185567
2025-12-11,2 SKU,10,10,21,1684710,168471.0
2025-12-11,3 SKU,3,3,9,621120,207040.0
2025-12-12,1 SKU,100,93,100,16230830,162308.3
2025-12-12,2 SKU,11,11,22,2454840,223167.27272727274
2025-12-12,3 SKU,6,6,19,2834250,472375.0
2025-12-12,4 SKU 이상,4,4,22,2267800,566950.0
2025-12-13,1 SKU,100,99,105,13532940,135329.4
2025-12-13,2 SKU,9,9,21,1475940,163993.33333333334
2025-12-13,3 SKU,7,7,21,2444500,349214.28571428574
2025-12-13,4 SKU 이상,1,1,5,2153000,2153000.0
2025-12-14,1 SKU,115,114,116,16335450,142047.39130434784
2025-12-14,2 SKU,22,22,46,3676070,167094.0909090909
2025-12-14,3 SKU,5,5,15,1330680,266136.0
2025-12-14,4 SKU 이상,7,7,33,2650390,378627.14285714284
2025-12-15,1 SKU,156,153,164,16347040,104788.71794871795
2025-12-15,2 SKU,34,34,71,4855670,142813.82352941178
2025-12-15,3 SKU,18,18,57,3704430,205801.66666666666
2025-12-15,4 SKU 이상,7,7,39,2368320,338331.4285714286
2025-12-16,1 SKU,123,122,125,16043180,130432.35772357724
2025-12-16,2 SKU,16,16,32,2424090,151505.625
2025-12-16,3 SKU,8,8,24,1265920,158240.0
2025-12-16,4 SKU 이상,2,2,8,575510,287755.0
2025-12-17,1 SKU,91,91,123,16926470,186005.16483516485
2025-12-17,2 SKU,20,20,42,3870330,193516.5
2025-12-17,3 SKU,8,8,24,1682320,210290.0
2025-12-17,4 SKU 이상,5,5,21,1132610,226522.0
2025-12-18,1 SKU,88,87,92,9176190,104274.88636363637
2025-12-18,2 SKU,23,23,47,2756410,119843.91304347826
2025-12-18,3 SKU,8,8,24,1461210,182651.25
2025-12-18,4 SKU 이상,4,4,23,1833650,458412.5
2025-12-19,1 SKU,85,84,86,9976480,117370.35294117648
2025-12-19,2 SKU,13,13,28,3918540,301426.1538461539
2025-12-19,3 SKU,5,5,16,1141550,228310.0
2025-12-19,4 SKU 이상,1,1,4,546000,546000.0
2025-12-20,1 SKU,71,71,72,8699360,122526.19718309859
2025-12-20,2 SKU,15,15,32,2382910,158860.66666666666
2025-12-20,3 SKU,5,5,15,749930,149986.0
2025-12-20,4 SKU 이상,3,3,14,778900,259633.33333333334
2025-12-21,1 SKU,94,92,94,11664960,124095.31914893616
2025-12-21,2 SKU,23,23,47,3029080,131699.13043478262
2025-12-21,3 SKU,4,4,12,589820,147455.0
2025-12-21,4 SKU 이상,7,7,34,2038960,291280.0
2025-12-22,1 SKU,100,100,103,11883300,118833.0
2025-12-22,2 SKU,21,21,43,2517040,119859.04761904762
2025-12-22,3 SKU,4,4,29,2687510,671877.5
2025-12-22,4 SKU 이상,1,1,4,152540,152540.0
2025-12-23,1 SKU,109,108,113,11129190,102102.66055045872
2025-12-23,2 SKU,23,23,47,2076860,90298.26086956522
2025-12-23,3 SKU,6,6,18,992450,165408.33333333334
2025-12-23,4 SKU 이상,3,3,12,719470,239823.33333333334
2025-12-24,1 SKU,81,80,83,7734030,95481.85185185185
2025-12-24,2 SKU,15,15,52,11525480,768365.3333333334
2025-12-24,3 SKU,2,2,7,542060,271030.0
2025-12-24,4 SKU 이상,1,1,5,614180,614180.0
2025-12-25,1 SKU,92,92,96,11981140,130229.78260869565
2025-12-25,2 SKU,15,15,30,2720170,181344.66666666666
2025-12-25,3 SKU,6,6,18,1130460,188410.0
2025-12-25,4 SKU 이상,4,4,18,1225040,306260.0
2025-12-26,1 SKU,105,104,115,15063850,143465.2380952381
2025-12-26,2 SKU,19,19,38,2435260,128171.57894736843
2025-12-26,3 SKU,10,10,31,2080880,208088.0
2025-12-26,4 SKU 이상,4,4,24,2123470,530867.5
2025-12-27,1 SKU,77,77,79,9407480,122175.06493506493
2025-12-27,2 SKU,24,24,49,3205590,133566.25
2025-12-27,3 SKU,3,3,9,494130,164710.0
2025-12-28,1 SKU,87,87,90,10064830,115687.70114942528
2025-12-28,2 SKU,22,22,45,4032380,183290.0
2025-12-28,3 SKU,5,5,15,1531310,306262.0
2025-12-28,4 SKU 이상,6,6,31,1318270,219711.66666666666
2025-12-29,1 SKU,72,71,75,8781190,121960.97222222222
2025-12-29,2 SKU,19,19,38,4083340,214912.63157894736
2025-12-29,3 SKU,1,1,3,235000,235000.0
2025-12-29,4 SKU 이상,2,2,9,933980,466990.0
2025-12-30,1 SKU,100,99,104,10931920,109319.2
2025-12-30,2 SKU,11,11,25,1604060,145823.63636363635
2025-12-30,3 SKU,2,2,6,330130,165065.0
2025-12-30,4 SKU 이상,2,2,8,780180,390090.0
2025-12-31,1 SKU,101,91,102,10706430,106004.25742574257
2025-12-31,2 SKU,22,22,44,2821300,128240.90909090909
2025-12-31,3 SKU,5,5,15,1836710,367342.0
2025-12-31,4 SKU 이상,4,4,58,1482980,370745.0
2026-01-01,1 SKU,84,82,84,10247840,121998.09523809524
2026-01-01,2 SKU,20,20,41,3162700,158135.0
2026-01-01,3 SKU,6,6,18,846270,141045.0
2026-01-02,1 SKU,85,84,90,10619450,124934.70588235294
2026-01-02,2 SKU,9,9,18,1101780,122420.0
2026-01-02,3 SKU,4,4,12,949840,237460.0
2026-01-02,4 SKU 이상,1,1,10,208940,208940.0
2026-01-03,1 SKU,57,57,58,7218180,126634.73684210527
2026-01-03,2 SKU,9,9,18,1052310,116923.33333333333
2026-01-03,3 SKU,3,3,11,363220,121073.33333333333
2026-01-04,1 SKU,91,90,92,11607400,127553.84615384616
2026-01-04,2 SKU,15,15,30,2244030,149602.0
2026-01-04,3 SKU,4,4,12,685710,171427.5
2026-01-04,4 SKU 이상,3,3,13,1005370,335123.3333333333
2026-01-05,1 SKU,69,69,70,8737210,126626.23188405797
2026-01-05,2 SKU,13,13,26,2590240,199249.23076923078
2026-01-05,3 SKU,2,2,6,643590,321795.0
2026-01-05,4 SKU 이상,1,1,4,537400,537400.0
2026-01-06,1 SKU,72,70,78,9329410,129575.13888888889
2026-01-06,2 SKU,14,14,28,1969940,140710.0
2026-01-06,3 SKU,2,2,6,271420,135710.0
2026-01-07,1 SKU,75,74,76,10170220,135602.93333333332
2026-01-07,2 SKU,9,9,18,1489680,165520.0
2026-01-07,3 SKU,4,4,13,518750,129687.5
2026-01-07,4 SKU 이상,2,2,10,1259410,629705.0
2026-01-08,1 SKU,85,79,85,11450960,134717.17647058822
2026-01-08,2 SKU,12,12,24,833870,69489.16666666667
2026-01-08,3 SKU,3,3,9,1260360,420120.0
2026-01-08,4 SKU 이상,2,2,13,557250,278625.0
2026-01-09,1 SKU,104,103,121,12017790,115555.67307692308
2026-01-09,2 SKU,18,18,37,3539140,196618.88888888888
2026-01-09,3 SKU,9,9,27,1605130,178347.77777777778
2026-01-09,4 SKU 이상,1,1,4,480320,480320.0
2026-01-10,1 SKU,69,68,72,7366420,106759.71014492754
2026-01-10,2 SKU,15,15,31,1899460,126630.66666666667
2026-01-10,3 SKU,1,1,3,224800,224800.0
2026-01-10,4 SKU 이상,1,1,4,56000,56000.0
2026-01-11,1 SKU,89,88,93,11947420,134240.67415730338
2026-01-11,2 SKU,11,11,22,1620720,147338.18181818182
2026-01-11,3 SKU,3,3,12,267890,89296.66666666667
2026-01-11,4 SKU 이상,1,1,5,185890,185890.0
2026-01-12,1 SKU,80,78,82,9341850,116773.125
2026-01-12,2 SKU,9,9,18,1140000,126666.66666666667
2026-01-12,3 SKU,3,3,9,532700,177566.66666666666
2026-01-12,4 SKU 이상,1,1,4,654000,654000.0
2026-01-13,1 SKU,68,68,71,6866200,100973.5294117647
2026-01-13,2 SKU,17,17,34,2516100,148005.88235294117
2026-01-13,3 SKU,1,1,3,99700,99700.0
2026-01-13,4 SKU 이상,1,1,5,431710,431710.0
2026-01-14,1 SKU,64,63,64,7587500,118554.6875
2026-01-14,2 SKU,16,16,36,2423960,151497.5
2026-01-14,3 SKU,3,3,9,355900,118633.33333333333
2026-01-14,4 SKU 이상,1,1,4,357940,357940.0
2026-01-15,1 SKU,57,55,58,5105750,89574.56140350878
2026-01-15,2 SKU,8,8,17,1380680,172585.0
2026-01-15,3 SKU,6,6,18,853380,142230.0
2026-01-15,4 SKU 이상,1,1,4,319860,319860.0
2026-01-16,1 SKU,40,39,40,3395350,84883.75
2026-01-16,2 SKU,7,7,18,1131710,161672.85714285713
2026-01-16,3 SKU,1,1,3,451580,451580.0
2026-01-16,4 SKU 이상,2,2,9,443950,221975.0
2026-01-17,1 SKU,46,46,49,5505660,119688.26086956522
2026-01-17,2 SKU,8,8,16,969040,121130.0
2026-01-17,3 SKU,3,3,9,850170,283390.0
2026-01-17,4 SKU 이상,2,2,8,294870,147435.0
2026-01-18,1 SKU,63,63,63,9700210,153971.5873015873
2026-01-18,2 SKU,13,13,28,1964770,151136.15384615384
2026-01-18,3 SKU,1,1,3,84050,84050.0
2026-01-18,4 SKU 이상,2,2,8,271780,135890.0
2026-01-19,1 SKU,56,55,56,6477290,115665.89285714286
2026-01-19,2 SKU,19,19,39,2583430,135970.0
2026-01-19,3 SKU,5,5,17,641190,128238.0
2026-01-19,4 SKU 이상,2,2,12,1069350,534675.0
2026-01-20,1 SKU,71,71,73,9160100,129015.49295774648
2026-01-20,2 SKU,14,14,29,1580710,112907.85714285714
2026-01-21,1 SKU,49,48,50,6665420,136028.97959183675
2026-01-21,2 SKU,18,18,36,1905400,105855.55555555556
2026-01-21,3 SKU,4,4,12,916850,229212.5
2026-01-21,4 SKU 이상,1,1,5,393500,393500.0
2026-01-22,1 SKU,73,72,75,7897070,108179.04109589041
2026-01-22,2 SKU,23,23,48,3510400,152626.08695652173
2026-01-22,4 SKU 이상,1,1,5,215080,215080.0
2026-01-23,1 SKU,44,44,52,6412600,145740.9090909091
2026-01-23,2 SKU,14,14,29,2597670,185547.85714285713
2026-01-23,3 SKU,2,2,6,157220,78610.0
2026-01-23,4 SKU 이상,1,1,5,387500,387500.0
2026-01-24,1 SKU,59,56,64,8090360,137124.74576271186
2026-01-24,2 SKU,8,8,17,1773520,221690.0
2026-01-24,3 SKU,2,2,6,182380,91190.0
2026-01-24,4 SKU 이상,1,1,5,596460,596460.0
2026-01-25,1 SKU,69,69,72,8827510,127934.92753623189
2026-01-25,2 SKU,7,7,18,1024470,146352.85714285713
2026-01-25,3 SKU,6,6,19,1113980,185663.33333333334
2026-01-25,4 SKU 이상,2,1,8,212000,106000.0
2026-01-26,1 SKU,67,67,70,7590010,113283.73134328358
2026-01-26,2 SKU,7,7,14,1355900,193700.0
2026-01-26,3 SKU,2,2,6,734760,367380.0
2026-01-26,4 SKU 이상,2,2,9,417500,208750.0
2026-01-27,1 SKU,56,56,57,6859820,122496.78571428571
2026-01-27,2 SKU,11,11,23,1423390,129399.09090909091
2026-01-27,3 SKU,1,1,4,124000,124000.0
2026-01-27,4 SKU 이상,2,2,16,1348080,674040.0
2026-01-28,1 SKU,57,57,59,8109270,142267.8947368421
2026-01-28,2 SKU,8,8,16,1197290,149661.25
2026-01-28,4 SKU 이상,4,4,18,567940,141985.0
2026-01-29,1 SKU,44,44,44,5676500,129011.36363636363
2026-01-29,2 SKU,7,7,14,968490,138355.7142857143
2026-01-29,3 SKU,3,3,11,1049636,349878.6666666667
2026-01-29,4 SKU 이상,3,3,22,1118500,372833.3333333333
2026-01-30,1 SKU,113,109,119,9232258,81701.3982300885
2026-01-30,2 SKU,27,27,57,3800469,140758.11111111112
2026-01-30,3 SKU,4,4,14,825250,206312.5
2026-01-30,4 SKU 이상,2,2,10,800810,400405.0
2026-01-31,1 SKU,96,95,98,10232075,106584.11458333333
2026-01-31,2 SKU,24,24,55,3451378,143807.41666666666
2026-01-31,3 SKU,4,4,14,455820,113955.0
2026-01-31,4 SKU 이상,5,5,22,1196310,239262.0
2026-02-01,1 SKU,105,105,108,8556583,81491.26666666666
2026-02-01,2 SKU,19,19,41,1915600,100821.05263157895
2026-02-01,3 SKU,6,6,21,1254019,209003.16666666666
2026-02-01,4 SKU 이상,3,3,12,773259,257753.0
2026-02-02,1 SKU,69,69,70,7158586,103747.62318840579
2026-02-02,2 SKU,19,19,41,2622729,138038.36842105264
2026-02-02,3 SKU,3,3,9,495699,165233.0
2026-02-02,4 SKU 이상,1,1,4,175620,175620.0
2026-02-03,1 SKU,55,55,61,6631649,120575.43636363637
2026-02-03,2 SKU,15,15,31,1439498,95966.53333333334
2026-02-03,3 SKU,5,5,15,859929,171985.8
2026-02-03,4 SKU 이상,1,1,4,279000,279000.0
2026-02-04,1 SKU,75,75,80,8054408,107392.10666666667
2026-02-04,2 SKU,15,15,30,1567020,104468.0
2026-02-04,3 SKU,3,3,9,607960,202653.33333333334
2026-02-05,1 SKU,66,65,71,7311529,110780.74242424243
2026-02-05,2 SKU,16,16,34,1437130,89820.625
2026-02-05,3 SKU,7,7,27,1861640,265948.5714285714
2026-02-06,1 SKU,97,97,99,8395958,86556.26804123711
2026-02-06,2 SKU,19,19,39,1214670,63930.0
2026-02-06,3 SKU,6,6,21,552310,92051.66666666667
2026-02-07,1 SKU,54,54,58,5583669,103401.27777777778
2026-02-07,2 SKU,6,6,12,604879,100813.16666666667
2026-02-07,3 SKU,7,7,24,1821839,260262.7142857143
2026-02-07,4 SKU 이상,1,1,14,1192200,1192200.0
2026-02-08,1 SKU,67,66,70,5013368,74826.3880597015
2026-02-08,2 SKU,13,13,26,1092657,84050.53846153847
2026-02-08,3 SKU,1,1,3,20150,20150.0
2026-02-09,1 SKU,77,77,78,5970207,77535.15584415584
2026-02-09,2 SKU,12,12,24,1346149,112179.08333333333
2026-02-09,3 SKU,2,2,6,475890,237945.0
2026-02-09,4 SKU 이상,2,2,12,598430,299215.0
2026-02-10,1 SKU,86,85,93,8063078,93756.72093023256
2026-02-10,2 SKU,13,13,26,1520859,116989.15384615384
2026-02-10,3 SKU,3,3,9,407040,135680.0
2026-02-10,4 SKU 이상,2,2,9,255480,127740.0
2026-02-11,1 SKU,66,66,78,5341872,80937.45454545454
2026-02-11,2 SKU,10,10,20,1111380,111138.0
2026-02-11,3 SKU,4,4,13,745789,186447.25
2026-02-11,4 SKU 이상,3,3,12,589200,196400.0
2026-02-12,1 SKU,123,122,133,8048040,65431.21951219512
2026-02-12,2 SKU,26,26,55,2839121,109196.96153846153
2026-02-12,3 SKU,6,6,18,527130,87855.0
2026-02-12,4 SKU 이상,6,6,28,1791143,298523.8333333333
2026-02-13,1 SKU,60,60,60,5401217,90020.28333333334
2026-02-13,2 SKU,9,9,21,1808030,200892.22222222222
2026-02-13,3 SKU,3,3,9,190050,63350.0
2026-02-13,4 SKU 이상,1,1,4,216299,216299.0
2026-02-14,1 SKU,224,223,249,12834496,57296.857142857145
2026-02-14,2 SKU,54,54,115,3630665,67234.53703703704
2026-02-14,3 SKU,7,7,21,309870,44267.142857142855
2026-02-14,4 SKU 이상,1,1,4,409590,409590.0
2026-02-15,1 SKU,97,96,112,6874667,70872.85567010309
2026-02-15,2 SKU,19,18,40,1411839,74307.31578947368
2026-02-15,3 SKU,3,3,9,284440,94813.33333333333
2026-02-16,1 SKU,94,92,95,7310173,77767.79787234042
2026-02-16,2 SKU,14,14,29,1024690,73192.14285714286
2026-02-16,3 SKU,5,5,18,552630,110526.0
2026-02-16,4 SKU 이상,2,2,8,444030,222015.0
2026-02-17,1 SKU,243,241,274,10699151,44029.42798353909
2026-02-17,2 SKU,38,38,82,1359196,35768.31578947369
2026-02-17,3 SKU,12,12,36,727982,60665.166666666664
2026-02-17,4 SKU 이상,2,2,13,826699,413349.5
2026-02-18,1 SKU,147,147,152,9689902,65917.70068027212
2026-02-18,2 SKU,30,30,62,2022988,67432.93333333333
2026-02-18,3 SKU,5,5,15,513479,102695.8
2026-02-18,4 SKU 이상,5,5,24,787090,157418.0
2026-02-19,1 SKU,114,114,117,8249364,72362.84210526316
2026-02-19,2 SKU,32,32,69,2286002,71437.5625
2026-02-19,3 SKU,4,4,13,269870,67467.5
2026-02-19,4 SKU 이상,5,5,23,884008,176801.6
2026-02-20,1 SKU,73,72,76,6504922,89108.52054794521
2026-02-20,2 SKU,20,20,40,1608648,80432.4
2026-02-20,3 SKU,2,2,8,241850,120925.0
2026-02-21,1 SKU,75,73,75,5383855,71784.73333333334
2026-02-21,2 SKU,8,8,16,763579,95447.375
2026-02-21,3 SKU,4,4,12,740390,185097.5
2026-02-21,4 SKU 이상,1,1,6,127710,127710.0
2026-02-22,1 SKU,599,596,629,30343342,50656.66444073456
2026-02-22,2 SKU,135,135,281,7066881,52347.26666666667
2026-02-22,3 SKU,31,31,99,2439739,78701.25806451614
2026-02-22,4 SKU 이상,9,9,40,1815070,201674.44444444444
2026-02-23,1 SKU,51,50,52,4584539,89892.92156862745
2026-02-23,2 SKU,10,10,20,2184800,218480.0
2026-02-23,3 SKU,3,3,9,719760,239920.0
2026-02-23,4 SKU 이상,1,1,4,374100,374100.0
2026-02-24,1 SKU,36,36,39,3078722,85520.05555555556
2026-02-24,2 SKU,4,4,8,768700,192175.0
2026-02-24,3 SKU,1,1,3,265089,265089.0
2026-02-24,4 SKU 이상,1,1,12,638400,638400.0
2026-02-25,1 SKU,39,39,39,4239717,108710.69230769231
2026-02-25,2 SKU,6,6,13,1059350,176558.33333333334
2026-02-25,3 SKU,3,3,9,335022,111674.0
2026-02-25,4 SKU 이상,1,1,4,103140,103140.0
2026-02-26,1 SKU,47,47,48,4097734,87185.82978723405
2026-02-26,2 SKU,14,14,32,2512909,179493.5
2026-02-26,3 SKU,2,2,8,474140,237070.0
2026-02-26,4 SKU 이상,1,1,8,127200,127200.0
2026-02-27,1 SKU,35,35,35,3798060,108516.0
2026-02-27,2 SKU,8,8,16,1548705,193588.125
2026-02-27,3 SKU,1,1,3,513000,513000.0
2026-02-27,4 SKU 이상,1,1,5,134530,134530.0
2026-02-28,1 SKU,48,46,49,4806735,100140.3125
2026-02-28,2 SKU,7,7,14,914043,130577.57142857143
2026-02-28,3 SKU,2,2,7,477340,238670.0
2026-03-01,1 SKU,41,40,43,4773586,116428.9268292683
2026-03-01,2 SKU,6,6,13,1164486,194081.0
2026-03-01,3 SKU,1,1,3,260800,260800.0
2026-03-02,1 SKU,39,39,39,4372305,112110.38461538461
2026-03-02,2 SKU,6,6,12,929940,154990.0
2026-03-02,3 SKU,1,1,3,258550,258550.0
2026-03-02,4 SKU 이상,1,1,5,84470,84470.0
2026-03-03,1 SKU,34,34,35,4220075,124119.85294117648
2026-03-03,2 SKU,9,9,18,1131592,125732.44444444444
2026-03-03,3 SKU,1,1,3,278500,278500.0
2026-03-04,1 SKU,52,51,53,5865583,112799.67307692308
2026-03-04,2 SKU,10,10,21,1614240,161424.0
2026-03-04,3 SKU,3,3,9,453410,151136.66666666666
2026-03-04,4 SKU 이상,4,4,36,1344370,336092.5
2026-03-05,1 SKU,30,28,36,3957042,131901.4
2026-03-05,2 SKU,6,6,13,944890,157481.66666666666
2026-03-05,3 SKU,2,2,6,389476,194738.0
2026-03-06,1 SKU,30,30,32,2921450,97381.66666666667
2026-03-06,2 SKU,7,7,14,1056240,150891.42857142858
2026-03-06,3 SKU,2,2,7,259500,129750.0
2026-03-06,4 SKU 이상,1,1,5,432560,432560.0
2026-03-07,1 SKU,37,37,39,3934185,106329.32432432432
2026-03-07,2 SKU,6,6,12,746870,124478.33333333333
2026-03-07,3 SKU,2,2,8,483000,241500.0
2026-03-08,1 SKU,45,44,45,4448032,98845.15555555555
2026-03-08,2 SKU,10,10,20,1817270,181727.0
2026-03-08,3 SKU,1,1,3,299610,299610.0
2026-03-08,4 SKU 이상,2,2,15,767450,383725.0
2026-03-09,1 SKU,45,45,47,4586722,101927.15555555555
2026-03-09,2 SKU,11,11,22,2095876,190534.18181818182
2026-03-09,3 SKU,2,2,6,365970,182985.0
2026-03-09,4 SKU 이상,1,1,4,326000,326000.0
2026-03-10,1 SKU,35,35,35,4233253,120950.08571428571
2026-03-10,2 SKU,7,7,15,933240,133320.0
2026-03-10,3 SKU,4,4,12,742410,185602.5
2026-03-10,4 SKU 이상,2,2,8,419600,209800.0
2026-03-11,1 SKU,43,41,43,4267492,99244.0
2026-03-11,2 SKU,7,7,14,1255710,179387.14285714287
2026-03-11,3 SKU,1,1,3,270100,270100.0
2026-03-11,4 SKU 이상,1,1,4,404802,404802.0
2026-03-12,1 SKU,49,48,50,4757953,97101.08163265306
2026-03-12,2 SKU,11,11,22,1297200,117927.27272727272
2026-03-12,4 SKU 이상,1,1,5,404960,404960.0
2026-03-13,1 SKU,38,38,38,3656580,96225.78947368421
2026-03-13,2 SKU,8,8,16,978970,122371.25
2026-03-13,3 SKU,1,1,3,136200,136200.0
2026-03-14,1 SKU,41,41,41,3409998,83170.68292682926
2026-03-14,2 SKU,8,8,16,1299933,162491.625
2026-03-14,3 SKU,4,4,12,900000,225000.0
2026-03-14,4 SKU 이상,2,2,8,433710,216855.0
2026-03-15,1 SKU,44,44,45,4311742,97994.13636363637
2026-03-15,2 SKU,14,14,28,1868100,133435.7142857143
2026-03-15,3 SKU,3,3,9,502773,167591.0
2026-03-16,1 SKU,34,34,35,3446850,101377.94117647059
2026-03-16,2 SKU,14,14,28,2234520,159608.57142857142
2026-03-16,4 SKU 이상,2,2,8,570130,285065.0
2026-03-17,1 SKU,40,39,40,3553130,88828.25
2026-03-17,2 SKU,6,6,12,530990,88498.33333333333
2026-03-17,3 SKU,3,3,10,894080,298026.6666666667
2026-03-17,4 SKU 이상,2,2,9,379560,189780.0
2026-03-18,1 SKU,42,42,42,4687300,111602.38095238095
2026-03-18,2 SKU,8,8,16,1050350,131293.75
2026-03-18,3 SKU,4,4,12,1078500,269625.0
2026-03-18,4 SKU 이상,2,2,22,532300,266150.0
2026-03-19,1 SKU,41,40,43,3504710,85480.73170731707
2026-03-19,2 SKU,8,8,18,1324780,165597.5
2026-03-19,3 SKU,2,2,6,465020,232510.0
2026-03-20,1 SKU,41,41,43,4424870,107923.65853658537
2026-03-20,2 SKU,6,6,12,982690,163781.66666666666
2026-03-20,3 SKU,1,1,3,90800,90800.0
2026-03-20,4 SKU 이상,2,2,8,575720,287860.0
2026-03-21,1 SKU,33,32,33,4353200,131915.15151515152
2026-03-21,2 SKU,8,8,18,1097930,137241.25
2026-03-21,3 SKU,1,1,3,134690,134690.0
2026-03-21,4 SKU 이상,1,1,4,302300,302300.0
2026-03-22,1 SKU,41,40,42,2827720,68968.78048780488
2026-03-22,2 SKU,5,5,10,578970,115794.0
2026-03-22,3 SKU,3,3,9,599880,199960.0
2026-03-22,4 SKU 이상,3,3,14,843710,281236.6666666667
2026-03-23,1 SKU,48,48,48,4385870,91372.29166666667
2026-03-23,2 SKU,7,7,14,1485680,212240.0
2026-03-23,4 SKU 이상,2,2,12,196180,98090.0
2026-03-24,1 SKU,38,37,38,3566650,93859.21052631579
2026-03-24,2 SKU,4,4,8,410070,102517.5
2026-03-24,3 SKU,5,5,15,732090,146418.0
2026-03-25,1 SKU,46,46,47,4217740,91690.0
2026-03-25,2 SKU,11,11,22,1320210,120019.09090909091
2026-03-25,3 SKU,2,2,6,268460,134230.0
2026-03-25,4 SKU 이상,3,3,15,981520,327173.3333333333
2026-03-26,1 SKU,41,41,41,4653220,113493.17073170732
2026-03-26,2 SKU,11,11,22,1645320,149574.54545454544
2026-03-26,3 SKU,4,4,12,671250,167812.5
2026-03-26,4 SKU 이상,3,3,14,1028580,342860.0
2026-03-27,1 SKU,34,34,35,3430010,100882.64705882352
2026-03-27,2 SKU,4,4,9,1121800,280450.0
2026-03-27,3 SKU,2,2,6,425670,212835.0
2026-03-28,1 SKU,31,31,32,2930780,94541.29032258065
2026-03-28,2 SKU,9,9,18,1282200,142466.66666666666
2026-03-28,4 SKU 이상,2,2,9,931190,465595.0
2026-03-29,1 SKU,35,35,35,3544630,101275.14285714286
2026-03-29,2 SKU,6,6,12,749470,124911.66666666667
2026-03-29,3 SKU,5,5,15,931170,186234.0
2026-03-29,4 SKU 이상,2,2,9,357900,178950.0
2026-03-30,1 SKU,39,38,42,4085940,104767.69230769231
2026-03-30,2 SKU,13,13,26,1992360,153258.46153846153
2026-03-30,3 SKU,5,5,15,855450,171090.0
2026-03-30,4 SKU 이상,1,1,4,316080,316080.0
2026-03-31,1 SKU,46,44,46,4825440,104900.86956521739
2026-03-31,2 SKU,16,16,34,2831010,176938.125
2026-03-31,3 SKU,6,6,18,1375640,229273.33333333334
2026-03-31,4 SKU 이상,1,1,4,339400,339400.0
2026-04-01,1 SKU,51,51,52,4726810,92682.54901960785
2026-04-01,2 SKU,8,8,16,889990,111248.75
2026-04-01,3 SKU,2,2,6,295310,147655.0
2026-04-01,4 SKU 이상,3,3,14,968520,322840.0
2026-04-02,1 SKU,43,43,43,3847130,89468.13953488372
2026-04-02,2 SKU,10,10,20,1192420,119242.0
2026-04-02,3 SKU,1,1,3,274500,274500.0
2026-04-02,4 SKU 이상,4,3,353,19454900,4863725.0
2026-04-03,1 SKU,51,50,53,4154440,81459.60784313726
2026-04-03,2 SKU,1,1,2,29870,29870.0
2026-04-03,3 SKU,1,1,3,267500,267500.0
2026-04-03,4 SKU 이상,3,3,14,1134490,378163.3333333333
2026-04-04,1 SKU,34,34,34,2264970,66616.76470588235
2026-04-04,2 SKU,6,6,13,1082330,180388.33333333334
2026-04-04,3 SKU,1,1,3,55000,55000.0
2026-04-04,4 SKU 이상,2,2,9,702800,351400.0
2026-04-05,1 SKU,38,38,40,4850980,127657.36842105263
2026-04-05,2 SKU,15,15,33,2198590,146572.66666666666
2026-04-05,3 SKU,2,2,7,464650,232325.0
2026-04-06,1 SKU,45,45,46,3789850,84218.88888888889
2026-04-06,2 SKU,10,10,20,1544740,154474.0
2026-04-06,4 SKU 이상,1,1,5,412500,412500.0
2026-04-07,1 SKU,53,53,53,3952570,74576.7924528302
2026-04-07,2 SKU,10,10,20,1420140,142014.0
2026-04-07,3 SKU,4,4,12,1076140,269035.0
2026-04-08,1 SKU,46,46,46,4199770,91299.34782608696
2026-04-08,2 SKU,13,13,27,1554680,119590.76923076923
2026-04-08,3 SKU,1,1,3,454300,454300.0
2026-04-08,4 SKU 이상,2,2,12,489000,244500.0
2026-04-09,1 SKU,56,56,56,4819850,86068.75
2026-04-09,2 SKU,12,12,24,1543590,128632.5
2026-04-09,3 SKU,6,6,18,1074720,179120.0
2026-04-09,4 SKU 이상,2,2,13,568600,284300.0
2026-04-10,1 SKU,47,46,47,4053180,86237.87234042553
2026-04-10,2 SKU,7,7,14,936000,133714.2857142857
2026-04-10,3 SKU,6,6,19,1315990,219331.66666666666
2026-04-10,4 SKU 이상,2,2,9,1072110,536055.0
2026-04-11,1 SKU,39,37,39,3555730,91172.56410256411
2026-04-11,2 SKU,9,9,19,1313210,145912.22222222222
2026-04-11,3 SKU,2,2,6,334500,167250.0
2026-04-12,1 SKU,58,58,60,4352120,75036.55172413793
2026-04-12,2 SKU,14,14,28,1927490,137677.85714285713
2026-04-12,3 SKU,3,3,9,465250,155083.33333333334
2026-04-12,4 SKU 이상,4,4,21,1125280,281320.0
2026-04-13,1 SKU,47,45,47,4618620,98268.51063829787
2026-04-13,2 SKU,13,13,27,1760280,135406.15384615384
2026-04-13,3 SKU,2,2,11,1464800,732400.0
2026-04-13,4 SKU 이상,1,1,4,163000,163000.0
2026-04-14,1 SKU,46,46,46,3895320,84680.86956521739
2026-04-14,2 SKU,13,13,30,2222160,170935.38461538462
2026-04-14,3 SKU,2,2,6,413440,206720.0
2026-04-14,4 SKU 이상,3,3,13,978470,326156.6666666667
2026-04-15,1 SKU,44,44,44,3176390,72190.68181818182
2026-04-15,2 SKU,6,6,12,527870,87978.33333333333
2026-04-15,3 SKU,3,3,9,547690,182563.33333333334
2026-04-15,4 SKU 이상,1,1,5,279360,279360.0
2026-04-16,1 SKU,91,87,98,8170510,89785.82417582418
2026-04-16,2 SKU,26,26,52,3902850,150109.61538461538
2026-04-16,3 SKU,1,1,3,35080,35080.0
2026-04-16,4 SKU 이상,4,4,20,1042990,260747.5
2026-04-17,1 SKU,41,41,45,3607110,87978.29268292683
2026-04-17,2 SKU,8,8,16,1259650,157456.25
2026-04-17,3 SKU,7,7,25,2413020,344717.14285714284
2026-04-17,4 SKU 이상,3,3,12,816600,272200.0
2026-04-18,1 SKU,50,50,53,4937990,98759.8
2026-04-18,2 SKU,10,10,23,1596140,159614.0
2026-04-18,3 SKU,2,2,6,331840,165920.0
2026-04-18,4 SKU 이상,4,4,17,902990,225747.5
2026-04-19,1 SKU,65,64,65,5808600,89363.07692307692
2026-04-19,2 SKU,13,13,26,1860860,143143.07692307694
2026-04-19,3 SKU,9,9,27,1790640,198960.0
2026-04-19,4 SKU 이상,4,4,16,835860,208965.0
2026-04-20,1 SKU,50,49,51,4679850,93597.0
2026-04-20,2 SKU,15,15,30,2473310,164887.33333333334
2026-04-20,3 SKU,6,6,18,1326360,221060.0
2026-04-21,1 SKU,62,60,63,5378590,86751.45161290323
2026-04-21,2 SKU,18,18,37,2144730,119151.66666666667
2026-04-21,3 SKU,3,3,9,504880,168293.33333333334
2026-04-22,1 SKU,47,46,48,4443570,94544.0425531915
2026-04-22,2 SKU,7,7,14,1517080,216725.7142857143
2026-04-22,3 SKU,3,3,9,499230,166410.0
2026-04-22,4 SKU 이상,1,1,4,256680,256680.0
2026-04-23,1 SKU,57,55,86,6923030,121456.66666666667
2026-04-23,2 SKU,8,8,19,1574570,196821.25
2026-04-23,3 SKU,9,9,28,1906220,211802.22222222222
2026-04-23,4 SKU 이상,4,4,17,1204910,301227.5
2026-04-24,1 SKU,48,48,49,4006520,83469.16666666667
2026-04-24,2 SKU,8,8,16,928760,116095.0
2026-04-24,3 SKU,5,5,15,1090540,218108.0
2026-04-24,4 SKU 이상,3,3,19,2089480,696493.3333333334
2026-04-25,1 SKU,53,52,53,4169710,78673.77358490566
2026-04-25,2 SKU,12,12,24,1647120,137260.0
2026-04-25,3 SKU,1,1,3,239610,239610.0
2026-04-25,4 SKU 이상,1,1,6,386560,386560.0
2026-04-26,1 SKU,55,53,56,4745380,86279.63636363637
2026-04-26,2 SKU,16,16,33,2103300,131456.25
2026-04-26,3 SKU,7,7,21,1332390,190341.42857142858
2026-04-26,4 SKU 이상,4,4,19,895640,223910.0
2026-04-27,1 SKU,61,58,63,4743540,77762.95081967213
2026-04-27,2 SKU,13,13,28,1576170,121243.84615384616
2026-04-27,3 SKU,7,7,21,1724230,246318.57142857142
2026-04-27,4 SKU 이상,4,4,17,883230,220807.5
2026-04-28,1 SKU,71,71,75,6488900,91392.95774647887
2026-04-28,2 SKU,17,17,34,2254180,132598.82352941178
2026-04-28,3 SKU,2,2,6,460200,230100.0
2026-04-28,4 SKU 이상,2,2,9,463500,231750.0
2026-04-29,1 SKU,48,48,50,3825810,79704.375
2026-04-29,2 SKU,8,8,17,1311880,163985.0
2026-04-29,3 SKU,2,2,6,290060,145030.0
2026-04-30,1 SKU,48,48,49,4126430,85967.29166666667
2026-04-30,2 SKU,16,16,32,1945230,121576.875
2026-04-30,3 SKU,8,8,24,1359480,169935.0
2026-04-30,4 SKU 이상,2,2,8,293440,146720.0
2026-05-01,1 SKU,124,122,124,7478507,60310.540322580644
2026-05-01,2 SKU,29,28,58,3046050,105036.20689655172
2026-05-01,3 SKU,6,6,18,847120,141186.66666666666
2026-05-01,4 SKU 이상,2,2,9,366190,183095.0
2026-05-02,1 SKU,83,82,89,5270560,63500.72289156626
2026-05-02,2 SKU,17,17,35,2293650,134920.58823529413
2026-05-02,3 SKU,5,5,15,646900,129380.0
2026-05-02,4 SKU 이상,1,1,4,363600,363600.0
2026-05-03,1 SKU,67,67,69,4678550,69829.10447761194
2026-05-03,2 SKU,8,8,17,736060,92007.5
2026-05-03,3 SKU,4,4,13,929180,232295.0
2026-05-03,4 SKU 이상,3,3,19,1111900,370633.3333333333
2026-05-04,1 SKU,68,67,70,4692620,69009.11764705883
2026-05-04,2 SKU,10,10,20,1054500,105450.0
2026-05-04,3 SKU,3,3,9,868560,289520.0
2026-05-04,4 SKU 이상,2,2,10,426400,213200.0
2026-05-05,1 SKU,238,238,252,11664430,49010.21008403361
2026-05-05,2 SKU,39,39,88,3049710,78197.69230769231
2026-05-05,3 SKU,11,11,34,1005480,91407.27272727272
2026-05-05,4 SKU 이상,2,2,8,397640,198820.0
2026-05-06,1 SKU,98,98,98,5387510,54974.5918367347
2026-05-06,2 SKU,14,14,29,1303870,93133.57142857143
2026-05-06,3 SKU,5,5,16,919320,183864.0
2026-05-06,4 SKU 이상,4,4,22,1669320,417330.0
2026-05-07,1 SKU,93,92,96,5635140,60592.903225806454
2026-05-07,2 SKU,23,23,48,2585750,112423.91304347826
2026-05-07,3 SKU,7,7,25,1138020,162574.2857142857
2026-05-07,4 SKU 이상,6,6,33,2389860,398310.0
2026-05-08,1 SKU,69,68,70,4775030,69203.33333333333
2026-05-08,2 SKU,12,12,24,1315740,109645.0
2026-05-08,3 SKU,2,2,6,227800,113900.0
2026-05-09,1 SKU,64,63,65,3864000,60375.0
2026-05-09,2 SKU,7,7,15,634230,90604.28571428571
2026-05-09,3 SKU,3,3,9,290400,96800.0
2026-05-09,4 SKU 이상,2,2,10,574300,287150.0
2026-05-10,1 SKU,377,377,388,16577470,43972.06896551724
2026-05-10,2 SKU,59,59,118,5719190,96935.42372881356
2026-05-10,3 SKU,16,16,49,2228440,139277.5
2026-05-10,4 SKU 이상,10,10,47,2437490,243749.0
2026-05-11,1 SKU,50,49,50,4670480,93409.6
2026-05-11,2 SKU,7,7,14,913000,130428.57142857143
2026-05-11,3 SKU,2,2,6,303370,151685.0
2026-05-11,4 SKU 이상,2,2,9,768530,384265.0
2026-05-12,1 SKU,36,36,40,3391960,94221.11111111111
2026-05-12,2 SKU,9,9,34,2205470,245052.22222222222
2026-05-12,3 SKU,5,5,15,1175260,235052.0
2026-05-12,4 SKU 이상,1,1,4,289350,289350.0
2026-05-13,1 SKU,51,48,53,4065080,79707.45098039215
2026-05-13,2 SKU,8,8,16,871720,108965.0
2026-05-13,3 SKU,2,2,6,443900,221950.0
2026-05-13,4 SKU 이상,4,4,19,1095320,273830.0
2026-05-14,1 SKU,41,41,43,3224660,78650.24390243902
2026-05-14,2 SKU,12,12,24,1507680,125640.0
2026-05-14,3 SKU,1,1,3,172100,172100.0
2026-05-15,1 SKU,14,14,16,1148290,82020.71428571429
2026-05-15,2 SKU,8,8,16,780860,97607.5
2026-05-15,4 SKU 이상,3,3,14,893500,297833.3333333333
